date,CO,NO,NO2,NOX,O3,PM10,PM2.5,PRS,RAINF,RH,SO2,SR,TOUT,WSR,WDR,Zona,Hora
2024-08-01 00:00:00,0.7856123822341858,5.21153091265947,,15.856299603174604,28.09115523465704,78.0,15.234362416107382,716.1195045045044,0.014090090090090091,57.16687898089172,3.343688007213706,0.22159567762269247,28.811493943472406,9.293783783783784,128.5471357690573,NORTE,0
2024-08-01 01:00:00,0.7856123822341858,5.21153091265947,,15.856299603174604,14.0,69.0,15.234362416107382,713.6,0.0,57.16687898089172,4.1,0.0,28.811493943472406,7.2,150.0,NORTE,1
2024-08-01 02:00:00,0.7856123822341858,5.21153091265947,,15.856299603174604,13.0,76.0,15.234362416107382,713.5,0.0,57.16687898089172,3.5,0.0,28.811493943472406,2.2,118.0,NORTE,2
2024-08-01 03:00:00,0.7856123822341858,5.21153091265947,,15.856299603174604,12.0,80.0,15.234362416107382,713.3,0.0,57.16687898089172,3.6,0.0,28.811493943472406,4.5,181.0,NORTE,3
2024-08-01 04:00:00,0.7856123822341858,5.21153091265947,,15.856299603174604,11.0,83.0,15.234362416107382,713.2,0.0,57.16687898089172,3.7,0.0,28.811493943472406,4.9,209.0,NORTE,4
2024-08-01 05:00:00,0.7856123822341858,5.21153091265947,,15.856299603174604,10.0,77.0,15.234362416107382,713.3,0.0,57.16687898089172,3.3,0.0,28.811493943472406,3.1,207.0,NORTE,5
2024-08-01 06:00:00,0.7856123822341858,5.21153091265947,,15.856299603174604,7.0,77.0,15.234362416107382,713.4,0.0,57.16687898089172,3.1,0.0,28.811493943472406,4.8,204.0,NORTE,6
2024-08-01 07:00:00,0.7856123822341858,5.21153091265947,,15.856299603174604,6.0,100.0,15.234362416107382,714.0,0.0,57.16687898089172,3.1,0.016,28.811493943472406,5.2,211.0,NORTE,7
2024-08-01 08:00:00,0.7856123822341858,5.21153091265947,,15.856299603174604,8.0,95.0,15.234362416107382,714.6,0.0,57.16687898089172,3.0,0.066,28.811493943472406,4.9,239.0,NORTE,8
2024-08-01 09:00:00,0.7856123822341858,5.21153091265947,,15.856299603174604,8.0,84.0,15.234362416107382,715.1,0.0,57.16687898089172,3.0,0.164,28.811493943472406,6.0,251.0,NORTE,9
2024-08-01 10:00:00,0.7856123822341858,5.21153091265947,,15.856299603174604,13.0,94.0,15.234362416107382,715.5,0.0,57.16687898089172,2.9,0.225,28.811493943472406,4.8,242.0,NORTE,10
2024-08-01 11:00:00,0.7856123822341858,5.21153091265947,,15.856299603174604,25.0,97.0,15.234362416107382,715.6,0.0,57.16687898089172,2.7,0.434,28.811493943472406,2.6,263.0,NORTE,11
2024-08-01 12:00:00,0.7856123822341858,5.21153091265947,,15.856299603174604,45.0,87.0,15.234362416107382,715.6,0.0,57.16687898089172,2.7,0.718,28.811493943472406,4.8,136.0,NORTE,12
2024-08-01 13:00:00,0.7856123822341858,5.21153091265947,,15.856299603174604,64.0,99.0,15.234362416107382,715.4,0.0,57.16687898089172,4.1,0.702,28.811493943472406,3.7,110.0,NORTE,13
2024-08-01 14:00:00,0.7856123822341858,5.21153091265947,,15.856299603174604,66.0,94.0,15.234362416107382,715.0,0.0,57.16687898089172,6.9,0.65,28.811493943472406,3.7,106.0,NORTE,14
2024-08-01 15:00:00,0.7856123822341858,5.21153091265947,,15.856299603174604,47.0,84.0,15.234362416107382,714.7,0.0,57.16687898089172,4.3,0.66,28.811493943472406,9.2,135.0,NORTE,15
2024-08-01 16:00:00,0.7856123822341858,5.21153091265947,,15.856299603174604,41.0,77.0,15.234362416107382,714.4,0.0,57.16687898089172,3.6,0.545,28.811493943472406,13.9,155.0,NORTE,16
2024-08-01 17:00:00,0.7856123822341858,5.21153091265947,,15.856299603174604,36.0,74.0,15.234362416107382,714.0,0.0,57.16687898089172,3.7,0.402,28.811493943472406,16.0,152.0,NORTE,17
2024-08-01 18:00:00,0.7856123822341858,5.21153091265947,,15.856299603174604,31.0,71.0,15.234362416107382,713.9,0.0,57.16687898089172,3.4,0.248,28.811493943472406,15.1,149.0,NORTE,18
2024-08-01 19:00:00,0.7856123822341858,5.21153091265947,,15.856299603174604,29.0,71.0,15.234362416107382,714.2,0.0,57.16687898089172,3.4,0.092,28.811493943472406,16.8,152.0,NORTE,19
2024-08-01 20:00:00,0.7856123822341858,5.21153091265947,,15.856299603174604,23.0,67.0,15.234362416107382,714.4,0.0,57.16687898089172,3.4,0.005,28.811493943472406,15.4,159.0,NORTE,20
2024-08-01 21:00:00,0.7856123822341858,5.21153091265947,,15.856299603174604,17.0,64.0,15.234362416107382,714.7,0.0,57.16687898089172,3.4,0.0,28.811493943472406,9.9,167.0,NORTE,21
2024-08-01 22:00:00,0.7856123822341858,5.21153091265947,,15.856299603174604,12.0,64.0,15.234362416107382,715.0,0.0,57.16687898089172,3.4,0.0,28.811493943472406,6.3,167.0,NORTE,22
2024-08-01 23:00:00,0.7856123822341858,5.21153091265947,,15.856299603174604,13.0,69.0,15.234362416107382,715.3,0.0,57.16687898089172,3.6,0.0,28.811493943472406,12.6,125.0,NORTE,23
2024-08-02 00:00:00,0.7856123822341858,5.21153091265947,,15.856299603174604,13.0,62.0,15.234362416107382,715.6,0.0,57.16687898089172,3.0,0.0,28.811493943472406,11.8,126.0,NORTE,0
2024-08-02 01:00:00,0.7856123822341858,5.21153091265947,,15.856299603174604,15.0,45.0,15.234362416107382,715.6,0.0,57.16687898089172,2.9,0.0,28.811493943472406,7.6,134.0,NORTE,1
2024-08-02 02:00:00,0.7856123822341858,5.21153091265947,,15.856299603174604,8.0,59.0,15.234362416107382,715.6,0.0,57.16687898089172,3.0,0.0,28.811493943472406,6.2,295.0,NORTE,2
2024-08-02 03:00:00,0.7856123822341858,5.21153091265947,,15.856299603174604,5.0,52.0,15.234362416107382,715.4,0.0,57.16687898089172,3.2,0.0,28.811493943472406,4.2,276.0,NORTE,3
2024-08-02 04:00:00,0.7856123822341858,5.21153091265947,,15.856299603174604,4.0,54.0,15.234362416107382,715.1,0.0,57.16687898089172,3.3,0.0,28.811493943472406,4.7,277.0,NORTE,4
2024-08-02 05:00:00,0.7856123822341858,5.21153091265947,,15.856299603174604,4.0,55.0,15.234362416107382,715.1,0.0,57.16687898089172,3.3,0.0,28.811493943472406,4.2,279.0,NORTE,5
2024-08-02 06:00:00,0.7856123822341858,5.21153091265947,,15.856299603174604,4.0,55.0,15.234362416107382,715.3,0.0,57.16687898089172,3.3,0.0,28.811493943472406,2.6,211.0,NORTE,6
2024-08-02 07:00:00,0.7856123822341858,5.21153091265947,,15.856299603174604,5.0,58.0,15.234362416107382,715.6,0.0,57.16687898089172,3.4,0.027,28.811493943472406,3.7,300.0,NORTE,7
2024-08-02 08:00:00,0.7856123822341858,5.21153091265947,,15.856299603174604,9.0,67.0,15.234362416107382,716.2,0.0,57.16687898089172,3.4,0.13,28.811493943472406,3.0,277.0,NORTE,8
2024-08-02 09:00:00,0.7856123822341858,5.21153091265947,,15.856299603174604,15.0,62.0,15.234362416107382,716.4,0.0,57.16687898089172,3.4,0.283,28.811493943472406,5.2,300.0,NORTE,9
2024-08-02 10:00:00,0.7856123822341858,5.21153091265947,,15.856299603174604,21.0,81.0,15.234362416107382,716.6,0.0,57.16687898089172,3.2,0.322,28.811493943472406,3.5,309.0,NORTE,10
2024-08-02 11:00:00,0.7856123822341858,5.21153091265947,,15.856299603174604,32.0,67.0,15.234362416107382,716.6,0.0,57.16687898089172,3.7,0.605,28.811493943472406,3.4,125.0,NORTE,11
2024-08-02 12:00:00,0.7856123822341858,5.21153091265947,,15.856299603174604,42.0,83.0,15.234362416107382,716.5,0.0,57.16687898089172,6.3,0.691,28.811493943472406,4.5,123.0,NORTE,12
2024-08-02 13:00:00,0.7856123822341858,2.8,5.0,7.7,56.0,86.0,15.234362416107382,715.9,0.0,57.16687898089172,13.9,0.733,28.811493943472406,4.7,106.0,NORTE,13
2024-08-02 14:00:00,0.7856123822341858,4.6,11.7,16.3,57.0,107.0,15.234362416107382,715.4,0.0,57.16687898089172,10.9,0.722,28.811493943472406,8.2,138.0,NORTE,14
2024-08-02 15:00:00,0.7856123822341858,4.1,10.7,14.8,40.0,89.0,15.234362416107382,714.8,0.0,57.16687898089172,4.4,0.662,28.811493943472406,11.3,147.0,NORTE,15
2024-08-02 16:00:00,0.7856123822341858,4.0,13.1,17.1,38.0,73.0,15.234362416107382,714.2,0.0,57.16687898089172,4.0,0.555,28.811493943472406,11.1,133.0,NORTE,16
2024-08-02 17:00:00,0.7856123822341858,4.0,15.7,19.8,37.0,71.0,15.234362416107382,713.9,0.0,57.16687898089172,4.0,0.409,28.811493943472406,12.7,142.0,NORTE,17
2024-08-02 18:00:00,0.7856123822341858,4.2,17.3,21.5,33.0,60.0,15.234362416107382,713.7,0.0,57.16687898089172,3.9,0.203,28.811493943472406,11.4,134.0,NORTE,18
2024-08-02 19:00:00,0.7856123822341858,4.0,17.7,21.6,29.0,42.0,15.234362416107382,713.6,0.0,57.16687898089172,3.7,0.1,28.811493943472406,13.9,144.0,NORTE,19
2024-08-02 20:00:00,0.7856123822341858,3.8,17.9,21.7,23.0,39.0,15.234362416107382,713.7,0.0,57.16687898089172,3.6,0.004,28.811493943472406,12.6,140.0,NORTE,20
2024-08-02 21:00:00,0.7856123822341858,3.9,18.7,22.7,19.0,29.0,15.234362416107382,713.8,0.0,57.16687898089172,3.4,0.0,28.811493943472406,10.8,141.0,NORTE,21
2024-08-02 22:00:00,0.7856123822341858,4.2,20.9,25.1,13.0,25.0,15.234362416107382,714.2,0.0,57.16687898089172,3.6,0.0,28.811493943472406,7.2,155.0,NORTE,22
2024-08-02 23:00:00,0.7856123822341858,4.8,23.5,28.4,8.0,36.0,15.234362416107382,714.5,0.0,57.16687898089172,3.8,0.0,28.811493943472406,6.0,178.0,NORTE,23
2024-08-03 00:00:00,0.7856123822341858,5.7,24.1,29.7,5.0,35.0,15.234362416107382,714.2,0.0,57.16687898089172,4.2,0.0,28.811493943472406,6.0,173.0,NORTE,0
2024-08-03 01:00:00,0.7856123822341858,6.6,24.0,30.6,7.0,41.0,15.234362416107382,714.0,0.0,57.16687898089172,4.2,0.0,28.811493943472406,6.8,88.0,NORTE,1
2024-08-03 02:00:00,0.7856123822341858,5.0,20.7,25.7,15.0,42.0,15.234362416107382,713.9,0.0,57.16687898089172,3.3,0.0,28.811493943472406,7.2,187.0,NORTE,2
2024-08-03 03:00:00,0.7856123822341858,4.5,20.0,24.5,7.0,43.0,15.234362416107382,713.5,0.0,57.16687898089172,3.4,0.0,28.811493943472406,3.2,271.0,NORTE,3
2024-08-03 04:00:00,0.7856123822341858,4.5,19.0,23.6,7.0,50.0,15.234362416107382,713.4,0.0,57.16687898089172,3.7,0.0,28.811493943472406,4.3,297.0,NORTE,4
2024-08-03 05:00:00,0.7856123822341858,10.0,17.5,27.5,3.0,47.0,15.234362416107382,713.6,0.0,57.16687898089172,3.4,0.0,28.811493943472406,8.3,283.0,NORTE,5
2024-08-03 06:00:00,0.7856123822341858,11.7,15.9,27.6,3.0,50.0,15.234362416107382,713.7,0.0,57.16687898089172,3.9,0.0,28.811493943472406,8.4,278.0,NORTE,6
2024-08-03 07:00:00,0.7856123822341858,10.1,14.8,25.0,5.0,44.0,15.234362416107382,713.8,0.0,57.16687898089172,3.5,0.02,28.811493943472406,6.2,302.0,NORTE,7
2024-08-03 08:00:00,0.7856123822341858,11.0,14.4,25.4,8.0,44.0,15.234362416107382,714.1,0.0,57.16687898089172,3.1,0.162,28.811493943472406,5.2,313.0,NORTE,8
2024-08-03 09:00:00,0.7856123822341858,12.5,16.6,29.2,12.0,52.0,15.234362416107382,714.3,0.0,57.16687898089172,2.9,0.313,28.811493943472406,4.7,307.0,NORTE,9
2024-08-03 10:00:00,0.7856123822341858,10.4,18.7,29.1,28.0,79.0,15.234362416107382,714.4,0.0,57.16687898089172,2.8,0.464,28.811493943472406,6.2,289.0,NORTE,10
2024-08-03 11:00:00,0.7856123822341858,5.7,20.4,26.1,50.0,69.0,15.234362416107382,714.3,0.0,57.16687898089172,3.5,0.598,28.811493943472406,2.2,232.0,NORTE,11
2024-08-03 12:00:00,0.7856123822341858,3.4,20.3,23.7,55.0,70.0,15.234362416107382,714.1,0.0,57.16687898089172,4.8,0.698,28.811493943472406,3.7,136.0,NORTE,12
2024-08-03 13:00:00,0.7856123822341858,3.0,19.2,22.2,61.0,48.0,15.234362416107382,713.7,0.0,57.16687898089172,4.9,0.744,28.811493943472406,6.6,144.0,NORTE,13
2024-08-03 14:00:00,0.7856123822341858,3.0,18.2,21.2,64.0,50.0,15.234362416107382,713.2,0.0,57.16687898089172,15.5,0.715,28.811493943472406,10.5,156.0,NORTE,14
2024-08-03 15:00:00,0.7856123822341858,3.0,18.3,21.3,72.0,56.0,15.234362416107382,712.5,0.0,57.16687898089172,21.8,0.656,28.811493943472406,9.8,149.0,NORTE,15
2024-08-03 16:00:00,0.7856123822341858,3.1,18.5,21.7,59.0,43.0,15.234362416107382,711.9,0.0,57.16687898089172,12.0,0.545,28.811493943472406,9.0,140.0,NORTE,16
2024-08-03 17:00:00,0.7856123822341858,3.3,19.1,22.4,48.0,33.0,15.234362416107382,711.3,0.0,57.16687898089172,6.3,0.419,28.811493943472406,10.5,141.0,NORTE,17
2024-08-03 18:00:00,0.7856123822341858,3.4,19.4,22.8,42.0,29.0,15.234362416107382,711.1,0.0,57.16687898089172,4.7,0.258,28.811493943472406,12.6,145.0,NORTE,18
2024-08-03 19:00:00,0.7856123822341858,3.4,19.8,23.2,35.0,17.0,15.234362416107382,710.8,0.0,57.16687898089172,4.1,0.102,28.811493943472406,12.2,138.0,NORTE,19
2024-08-03 20:00:00,0.7856123822341858,3.4,20.5,23.9,30.0,24.0,15.234362416107382,711.0,0.0,57.16687898089172,6.6,0.005,28.811493943472406,12.1,139.0,NORTE,20
2024-08-03 21:00:00,0.7856123822341858,3.3,21.2,24.5,24.0,22.0,15.234362416107382,711.4,0.0,57.16687898089172,11.6,0.0,28.811493943472406,10.8,139.0,NORTE,21
2024-08-03 22:00:00,0.7856123822341858,3.5,22.7,26.2,20.0,29.0,15.234362416107382,711.9,0.0,57.16687898089172,4.5,0.0,28.811493943472406,9.0,160.0,NORTE,22
2024-08-03 23:00:00,0.7856123822341858,3.4,23.3,26.7,21.0,24.0,15.234362416107382,712.3,0.0,57.16687898089172,3.3,0.0,28.811493943472406,8.4,165.0,NORTE,23
2024-08-04 00:00:00,0.7856123822341858,3.7,25.9,29.6,14.0,32.0,15.234362416107382,712.4,0.0,57.16687898089172,3.5,0.0,28.811493943472406,6.3,137.0,NORTE,0
2024-08-04 01:00:00,0.7856123822341858,3.4,23.0,26.5,22.0,38.0,15.234362416107382,712.2,0.0,57.16687898089172,3.8,0.0,28.811493943472406,8.0,147.0,NORTE,1
2024-08-04 02:00:00,0.7856123822341858,3.4,22.6,26.0,15.0,33.0,15.234362416107382,712.0,0.0,57.16687898089172,4.6,0.0,28.811493943472406,7.8,212.0,NORTE,2
2024-08-04 03:00:00,0.7856123822341858,3.7,22.3,26.1,9.0,35.0,15.234362416107382,711.8,0.0,57.16687898089172,4.3,0.0,28.811493943472406,4.5,261.0,NORTE,3
2024-08-04 04:00:00,0.7856123822341858,4.4,22.5,26.9,4.0,14.0,15.234362416107382,711.3,0.0,57.16687898089172,3.9,0.0,28.811493943472406,4.9,289.0,NORTE,4
2024-08-04 05:00:00,0.7856123822341858,5.3,21.0,26.3,4.0,18.0,15.234362416107382,711.2,0.0,57.16687898089172,3.2,0.0,28.811493943472406,8.6,299.0,NORTE,5
2024-08-04 06:00:00,0.7856123822341858,5.6,19.5,25.1,5.0,47.0,15.234362416107382,711.4,0.0,57.16687898089172,3.0,0.0,28.811493943472406,6.6,287.0,NORTE,6
2024-08-04 07:00:00,0.7856123822341858,8.0,19.3,27.3,5.0,58.0,15.234362416107382,711.7,0.0,57.16687898089172,3.0,0.014,28.811493943472406,5.3,261.0,NORTE,7
2024-08-04 08:00:00,0.7856123822341858,8.1,19.1,27.1,12.0,47.0,15.234362416107382,711.9,0.0,57.16687898089172,2.7,0.16,28.811493943472406,6.2,306.0,NORTE,8
2024-08-04 09:00:00,0.7856123822341858,8.4,21.8,30.2,18.0,41.0,15.234362416107382,712.2,0.0,57.16687898089172,3.5,0.32,28.811493943472406,4.4,306.0,NORTE,9
2024-08-04 10:00:00,0.7856123822341858,6.9,23.8,30.6,34.0,51.0,15.234362416107382,712.7,0.0,57.16687898089172,5.3,0.469,28.811493943472406,2.4,287.0,NORTE,10
2024-08-04 11:00:00,0.7856123822341858,4.2,25.0,29.2,49.0,56.0,15.234362416107382,712.7,0.0,57.16687898089172,5.2,0.594,28.811493943472406,2.6,149.0,NORTE,11
2024-08-04 12:00:00,0.7856123822341858,2.9,23.6,26.5,64.0,58.0,15.234362416107382,712.8,0.0,57.16687898089172,4.5,0.696,28.811493943472406,4.6,112.0,NORTE,12
2024-08-04 13:00:00,0.7856123822341858,2.9,22.5,25.4,60.0,56.0,15.234362416107382,712.5,0.0,57.16687898089172,4.1,0.709,28.811493943472406,8.9,126.0,NORTE,13
2024-08-04 14:00:00,0.7856123822341858,3.0,21.6,24.5,58.0,46.0,15.234362416107382,711.9,0.0,57.16687898089172,3.9,0.728,28.811493943472406,9.5,145.0,NORTE,14
2024-08-04 15:00:00,0.7856123822341858,3.1,21.2,24.2,54.0,39.0,15.234362416107382,711.3,0.0,57.16687898089172,5.6,0.659,28.811493943472406,11.0,145.0,NORTE,15
2024-08-04 16:00:00,0.7856123822341858,3.1,21.1,24.2,54.0,43.0,15.234362416107382,711.0,0.0,57.16687898089172,10.0,0.548,28.811493943472406,11.8,145.0,NORTE,16
2024-08-04 17:00:00,0.7856123822341858,3.2,21.3,24.5,51.0,41.0,15.234362416107382,710.8,0.0,57.16687898089172,8.4,0.411,28.811493943472406,12.1,140.0,NORTE,17
2024-08-04 18:00:00,0.7856123822341858,3.3,21.2,24.5,43.0,36.0,15.234362416107382,710.6,0.0,57.16687898089172,5.6,0.255,28.811493943472406,13.6,149.0,NORTE,18
2024-08-04 19:00:00,0.7856123822341858,3.4,21.6,25.0,36.0,27.0,15.234362416107382,710.7,0.0,57.16687898089172,4.9,0.098,28.811493943472406,10.8,140.0,NORTE,19
2024-08-04 20:00:00,0.7856123822341858,3.3,22.2,25.5,31.0,22.0,15.234362416107382,711.1,0.0,57.16687898089172,6.0,0.005,28.811493943472406,10.5,124.0,NORTE,20
2024-08-04 21:00:00,0.7856123822341858,3.3,21.9,25.2,26.0,18.0,15.234362416107382,711.7,0.0,57.16687898089172,6.9,0.0,28.811493943472406,11.7,124.0,NORTE,21
2024-08-04 22:00:00,0.7856123822341858,3.3,22.2,25.5,23.0,21.0,15.234362416107382,712.0,0.0,57.16687898089172,4.0,0.0,28.811493943472406,9.9,125.0,NORTE,22
2024-08-04 23:00:00,0.7856123822341858,3.2,21.7,24.9,20.0,15.0,15.234362416107382,712.3,0.0,57.16687898089172,4.4,0.0,28.811493943472406,11.2,115.0,NORTE,23
2024-08-05 00:00:00,0.7856123822341858,3.1,19.7,22.8,20.0,24.0,15.234362416107382,712.4,0.0,57.16687898089172,4.3,0.0,28.811493943472406,11.2,122.0,NORTE,0
2024-08-05 01:00:00,0.7856123822341858,2.9,18.6,21.5,20.0,23.0,15.234362416107382,712.2,0.0,57.16687898089172,3.5,0.0,28.811493943472406,7.8,128.0,NORTE,1
2024-08-05 02:00:00,0.7856123822341858,2.9,18.9,21.8,16.0,21.0,15.234362416107382,712.1,0.0,57.16687898089172,3.5,0.0,28.811493943472406,6.5,182.0,NORTE,2
2024-08-05 03:00:00,0.7856123822341858,3.3,20.3,23.6,8.0,27.0,15.234362416107382,712.0,0.0,57.16687898089172,3.4,0.0,28.811493943472406,4.8,276.0,NORTE,3
2024-08-05 04:00:00,0.7856123822341858,3.6,20.3,23.9,9.0,31.0,15.234362416107382,712.0,0.0,57.16687898089172,3.5,0.0,28.811493943472406,6.7,253.0,NORTE,4
2024-08-05 05:00:00,0.7856123822341858,3.9,19.7,23.6,8.0,26.0,15.234362416107382,712.2,0.0,57.16687898089172,3.9,0.0,28.811493943472406,6.7,250.0,NORTE,5
2024-08-05 06:00:00,0.7856123822341858,6.2,20.1,26.2,4.0,31.0,15.234362416107382,712.4,0.0,57.16687898089172,3.9,0.0,28.811493943472406,5.5,238.0,NORTE,6
2024-08-05 07:00:00,0.7856123822341858,11.8,20.3,32.0,4.0,41.0,15.234362416107382,712.9,0.0,57.16687898089172,3.5,0.018,28.811493943472406,5.2,280.0,NORTE,7
2024-08-05 08:00:00,0.7856123822341858,15.6,20.6,36.1,6.0,51.0,15.234362416107382,713.4,0.0,57.16687898089172,3.2,0.079,28.811493943472406,4.9,270.0,NORTE,8
2024-08-05 09:00:00,0.7856123822341858,14.4,21.2,35.6,12.0,45.0,15.234362416107382,713.7,0.0,57.16687898089172,3.1,0.283,28.811493943472406,4.1,282.0,NORTE,9
2024-08-05 10:00:00,0.7856123822341858,13.1,24.0,37.0,21.0,52.0,15.234362416107382,714.0,0.0,57.16687898089172,3.6,0.458,28.811493943472406,6.4,255.0,NORTE,10
2024-08-05 11:00:00,0.7856123822341858,9.4,25.8,35.2,35.0,67.0,15.234362416107382,714.1,0.0,57.16687898089172,5.7,0.589,28.811493943472406,4.0,199.0,NORTE,11
2024-08-05 12:00:00,0.7856123822341858,4.9,25.8,30.7,45.0,61.0,15.234362416107382,713.9,0.0,57.16687898089172,4.6,0.68,28.811493943472406,6.6,73.0,NORTE,12
2024-08-05 13:00:00,0.7856123822341858,3.2,24.8,28.1,51.0,55.0,15.234362416107382,713.6,0.0,57.16687898089172,5.3,0.739,28.811493943472406,6.5,119.0,NORTE,13
2024-08-05 14:00:00,0.7856123822341858,2.9,22.9,25.8,60.0,66.0,15.234362416107382,713.2,0.0,57.16687898089172,11.7,0.756,28.811493943472406,9.2,117.0,NORTE,14
2024-08-05 15:00:00,0.7856123822341858,3.0,21.6,24.6,50.0,57.0,15.234362416107382,712.7,0.0,57.16687898089172,5.3,0.658,28.811493943472406,10.7,131.0,NORTE,15
2024-08-05 16:00:00,0.7856123822341858,3.1,20.9,24.0,47.0,47.0,15.234362416107382,712.3,0.0,57.16687898089172,7.3,0.506,28.811493943472406,13.6,140.0,NORTE,16
2024-08-05 17:00:00,0.7856123822341858,3.2,20.4,23.6,42.0,38.0,15.234362416107382,712.0,0.0,57.16687898089172,6.8,0.418,28.811493943472406,14.0,133.0,NORTE,17
2024-08-05 18:00:00,0.7856123822341858,3.4,20.5,23.9,36.0,32.0,15.234362416107382,712.0,0.0,57.16687898089172,5.4,0.233,28.811493943472406,14.8,136.0,NORTE,18
2024-08-05 19:00:00,0.7856123822341858,3.4,20.9,24.3,29.0,29.0,15.234362416107382,712.1,0.0,57.16687898089172,4.7,0.051,28.811493943472406,14.1,135.0,NORTE,19
2024-08-05 20:00:00,0.7856123822341858,3.5,21.7,25.2,23.0,29.0,15.234362416107382,712.5,0.0,57.16687898089172,4.8,0.003,28.811493943472406,13.3,124.0,NORTE,20
2024-08-05 21:00:00,0.7856123822341858,3.6,22.8,26.3,21.0,20.0,15.234362416107382,712.9,0.0,57.16687898089172,3.8,0.0,28.811493943472406,10.6,123.0,NORTE,21
2024-08-05 22:00:00,0.7856123822341858,3.6,22.9,26.4,20.0,27.0,15.234362416107382,713.4,0.0,57.16687898089172,5.2,0.0,28.811493943472406,11.4,114.0,NORTE,22
2024-08-05 23:00:00,0.7856123822341858,3.5,21.3,24.9,15.0,31.0,15.234362416107382,713.7,0.0,57.16687898089172,6.5,0.0,28.811493943472406,12.4,115.0,NORTE,23
2024-08-06 00:00:00,0.7856123822341858,3.3,18.9,22.3,16.0,24.0,15.234362416107382,713.7,0.0,57.16687898089172,4.3,0.0,28.811493943472406,12.6,122.0,NORTE,0
2024-08-06 01:00:00,0.7856123822341858,3.1,17.1,20.2,16.0,25.0,15.234362416107382,713.7,0.0,57.16687898089172,3.6,0.0,28.811493943472406,9.7,137.0,NORTE,1
2024-08-06 02:00:00,0.7856123822341858,3.0,18.4,21.4,14.0,21.0,15.234362416107382,713.4,0.0,57.16687898089172,3.7,0.0,28.811493943472406,4.2,157.0,NORTE,2
2024-08-06 03:00:00,0.7856123822341858,3.3,18.7,22.1,9.0,16.0,15.234362416107382,713.1,0.0,57.16687898089172,3.2,0.0,28.811493943472406,6.1,221.0,NORTE,3
2024-08-06 04:00:00,0.7856123822341858,3.6,18.9,22.5,8.0,19.0,15.234362416107382,713.2,0.0,57.16687898089172,3.3,0.0,28.811493943472406,7.7,277.0,NORTE,4
2024-08-06 05:00:00,0.7856123822341858,4.4,19.4,23.8,4.0,26.0,15.234362416107382,713.5,0.0,57.16687898089172,3.4,0.0,28.811493943472406,4.6,263.0,NORTE,5
2024-08-06 06:00:00,0.7856123822341858,5.9,19.3,25.2,4.0,32.0,15.234362416107382,713.7,0.0,57.16687898089172,3.3,0.0,28.811493943472406,5.2,277.0,NORTE,6
2024-08-06 07:00:00,0.7856123822341858,10.2,19.1,29.3,4.0,34.0,15.234362416107382,714.2,0.0,57.16687898089172,3.3,0.017,28.811493943472406,5.3,270.0,NORTE,7
2024-08-06 08:00:00,0.7856123822341858,10.5,18.9,29.5,6.0,33.0,15.234362416107382,714.8,0.0,57.16687898089172,3.1,0.083,28.811493943472406,7.3,279.0,NORTE,8
2024-08-06 09:00:00,0.7856123822341858,9.8,18.7,28.5,12.0,36.0,15.234362416107382,715.2,0.0,57.16687898089172,2.8,0.28,28.811493943472406,7.3,289.0,NORTE,9
2024-08-06 10:00:00,0.7856123822341858,7.9,19.7,27.6,22.0,39.0,15.234362416107382,715.2,0.0,57.16687898089172,2.8,0.459,28.811493943472406,4.7,313.0,NORTE,10
2024-08-06 11:00:00,0.7856123822341858,4.1,7.2,11.3,36.0,53.0,15.234362416107382,715.1,0.0,57.16687898089172,2.7,0.565,28.811493943472406,3.4,307.0,NORTE,11
2024-08-06 12:00:00,0.7856123822341858,3.3,6.8,10.1,50.0,34.0,15.234362416107382,714.7,0.0,57.16687898089172,2.7,0.691,28.811493943472406,3.4,106.0,NORTE,12
2024-08-06 13:00:00,0.7856123822341858,3.3,7.1,10.4,54.0,31.0,15.234362416107382,714.3,0.0,57.16687898089172,2.7,0.687,28.811493943472406,2.1,85.0,NORTE,13
2024-08-06 14:00:00,0.7856123822341858,2.8,6.3,9.1,64.0,42.0,15.234362416107382,713.9,0.0,57.16687898089172,3.2,0.609,28.811493943472406,2.0,86.0,NORTE,14
2024-08-06 15:00:00,0.7856123822341858,2.5,5.3,7.8,70.0,38.0,15.234362416107382,713.5,0.0,57.16687898089172,4.7,0.614,28.811493943472406,3.5,131.0,NORTE,15
2024-08-06 16:00:00,0.7856123822341858,2.5,4.8,7.2,65.0,37.0,15.234362416107382,713.0,0.0,57.16687898089172,7.3,0.562,28.811493943472406,8.0,138.0,NORTE,16
2024-08-06 17:00:00,0.7856123822341858,2.7,4.6,7.2,51.0,34.0,15.234362416107382,712.7,0.0,57.16687898089172,5.5,0.43,28.811493943472406,9.3,133.0,NORTE,17
2024-08-06 18:00:00,0.7856123822341858,2.8,4.7,7.6,41.0,30.0,15.234362416107382,712.4,0.0,57.16687898089172,3.8,0.255,28.811493943472406,10.9,137.0,NORTE,18
2024-08-06 19:00:00,0.7856123822341858,3.0,5.8,8.8,34.0,28.0,15.234362416107382,712.4,0.0,57.16687898089172,3.4,0.126,28.811493943472406,12.1,144.0,NORTE,19
2024-08-06 20:00:00,0.7856123822341858,2.7,5.9,8.6,29.0,25.0,15.234362416107382,712.6,0.0,57.16687898089172,3.3,0.014,28.811493943472406,12.6,139.0,NORTE,20
2024-08-06 21:00:00,0.7856123822341858,2.8,8.7,11.5,22.0,22.0,15.234362416107382,712.8,0.0,57.16687898089172,3.3,0.0,28.811493943472406,9.6,146.0,NORTE,21
2024-08-06 22:00:00,0.7856123822341858,2.8,12.5,15.3,18.0,25.0,15.234362416107382,713.1,0.0,57.16687898089172,3.6,0.0,28.811493943472406,8.1,169.0,NORTE,22
2024-08-06 23:00:00,0.7856123822341858,2.5,9.8,12.3,21.0,25.0,15.234362416107382,713.2,0.0,57.16687898089172,3.4,0.0,28.811493943472406,6.7,167.0,NORTE,23
2024-08-07 00:00:00,0.7856123822341858,2.4,10.6,13.0,18.0,18.0,15.234362416107382,713.0,0.0,57.16687898089172,3.2,0.0,28.811493943472406,6.2,143.0,NORTE,0
2024-08-07 01:00:00,0.7856123822341858,2.2,4.5,6.7,25.0,28.0,15.234362416107382,712.9,0.0,57.16687898089172,3.7,0.0,28.811493943472406,6.4,144.0,NORTE,1
2024-08-07 02:00:00,0.7856123822341858,2.9,9.5,12.4,12.0,20.0,15.234362416107382,712.8,0.0,57.16687898089172,3.6,0.0,28.811493943472406,3.3,254.0,NORTE,2
2024-08-07 03:00:00,0.7856123822341858,7.4,11.6,19.0,4.0,35.0,15.234362416107382,712.6,0.0,57.16687898089172,3.8,0.0,28.811493943472406,6.1,279.0,NORTE,3
2024-08-07 04:00:00,0.7856123822341858,9.5,10.5,20.1,3.0,42.0,15.234362416107382,712.4,0.0,57.16687898089172,3.6,0.0,28.811493943472406,6.1,274.0,NORTE,4
2024-08-07 05:00:00,0.7856123822341858,11.6,9.3,20.9,3.0,51.0,15.234362416107382,712.5,0.0,57.16687898089172,3.3,0.0,28.811493943472406,8.3,279.0,NORTE,5
2024-08-07 06:00:00,0.7856123822341858,7.1,8.8,15.9,3.0,38.0,15.234362416107382,712.6,0.0,57.16687898089172,3.1,0.0,28.811493943472406,6.8,285.0,NORTE,6
2024-08-07 07:00:00,0.7856123822341858,7.6,8.0,15.6,4.0,30.0,15.234362416107382,712.7,0.0,57.16687898089172,3.0,0.013,28.811493943472406,4.0,300.0,NORTE,7
2024-08-07 08:00:00,0.7856123822341858,15.1,9.5,24.6,6.0,39.0,15.234362416107382,713.0,0.0,57.16687898089172,3.0,0.111,28.811493943472406,6.5,298.0,NORTE,8
2024-08-07 09:00:00,0.7856123822341858,19.3,16.0,35.3,10.0,68.0,15.234362416107382,713.1,0.0,57.16687898089172,3.1,0.267,28.811493943472406,6.0,307.0,NORTE,9
2024-08-07 10:00:00,0.7856123822341858,11.2,19.3,30.5,20.0,81.0,15.234362416107382,713.1,0.0,57.16687898089172,2.9,0.405,28.811493943472406,6.4,278.0,NORTE,10
2024-08-07 11:00:00,0.7856123822341858,9.9,16.9,26.8,28.0,73.0,15.234362416107382,713.0,0.0,57.16687898089172,2.9,0.537,28.811493943472406,4.0,290.0,NORTE,11
2024-08-07 12:00:00,0.7856123822341858,3.1,5.6,8.7,46.0,46.0,15.234362416107382,712.5,0.0,57.16687898089172,2.8,0.655,28.811493943472406,6.7,290.0,NORTE,12
2024-08-07 13:00:00,0.7856123822341858,2.5,4.1,6.5,63.0,23.0,15.234362416107382,711.9,0.0,57.16687898089172,2.9,0.721,28.811493943472406,7.3,128.5471357690573,NORTE,13
2024-08-07 14:00:00,0.7856123822341858,2.3,4.0,6.4,71.0,25.0,15.234362416107382,711.2,0.0,57.16687898089172,3.4,0.713,28.811493943472406,2.5,46.0,NORTE,14
2024-08-07 15:00:00,0.7856123822341858,2.3,3.6,5.9,74.0,18.0,15.234362416107382,710.4,0.0,57.16687898089172,3.3,0.551,28.811493943472406,3.2,247.0,NORTE,15
2024-08-07 16:00:00,0.7856123822341858,2.3,3.2,5.5,75.0,22.0,15.234362416107382,709.7,0.0,57.16687898089172,3.2,0.602,28.811493943472406,5.2,338.0,NORTE,16
2024-08-07 17:00:00,0.7856123822341858,2.3,5.1,7.4,88.0,23.0,15.234362416107382,709.2,0.0,57.16687898089172,3.3,0.441,28.811493943472406,6.0,127.0,NORTE,17
2024-08-07 18:00:00,0.7856123822341858,2.4,6.8,9.2,84.0,32.0,15.234362416107382,708.9,0.0,57.16687898089172,3.3,0.248,28.811493943472406,6.8,119.0,NORTE,18
2024-08-07 19:00:00,0.7856123822341858,2.2,7.8,10.0,70.0,35.0,15.234362416107382,708.8,0.0,57.16687898089172,5.5,0.075,28.811493943472406,9.4,145.0,NORTE,19
2024-08-07 20:00:00,0.7856123822341858,2.2,11.7,14.0,55.0,36.0,15.234362416107382,708.8,0.0,57.16687898089172,5.9,0.009,28.811493943472406,8.6,142.0,NORTE,20
2024-08-07 21:00:00,0.7856123822341858,2.1,12.8,15.0,58.0,39.0,15.234362416107382,709.0,0.0,57.16687898089172,5.6,0.0,28.811493943472406,9.6,171.0,NORTE,21
2024-08-07 22:00:00,0.7856123822341858,2.1,11.7,13.8,60.0,37.0,15.234362416107382,709.4,0.0,57.16687898089172,4.6,0.0,28.811493943472406,9.8,157.0,NORTE,22
2024-08-07 23:00:00,0.7856123822341858,2.2,13.2,15.4,51.0,33.0,15.234362416107382,709.6,0.0,57.16687898089172,4.6,0.0,28.811493943472406,8.8,142.0,NORTE,23
2024-08-08 00:00:00,0.7856123822341858,2.2,14.9,17.1,46.0,36.0,15.234362416107382,709.6,0.0,57.16687898089172,4.7,0.0,28.811493943472406,7.0,135.0,NORTE,0
2024-08-08 01:00:00,0.7856123822341858,2.1,10.7,12.8,47.0,31.0,15.234362416107382,697.6,0.0,57.16687898089172,4.7,0.0,28.811493943472406,5.0,114.0,NORTE,1
2024-08-08 02:00:00,0.7856123822341858,2.1,17.4,19.5,27.0,30.0,15.234362416107382,709.4,0.0,57.16687898089172,5.5,0.0,28.811493943472406,4.6,145.0,NORTE,2
2024-08-08 03:00:00,0.7856123822341858,10.6,24.5,35.1,8.0,45.0,15.234362416107382,709.1,0.0,57.16687898089172,5.3,0.0,28.811493943472406,3.4,281.0,NORTE,3
2024-08-08 04:00:00,0.7856123822341858,5.21153091265947,,15.856299603174604,28.09115523465704,43.49255751014885,15.234362416107382,716.1195045045044,0.014090090090090091,57.16687898089172,3.343688007213706,0.22159567762269247,28.811493943472406,9.293783783783784,128.5471357690573,NORTE,4
2024-08-08 05:00:00,0.7856123822341858,5.21153091265947,,15.856299603174604,28.09115523465704,43.49255751014885,15.234362416107382,716.1195045045044,0.014090090090090091,57.16687898089172,3.343688007213706,0.22159567762269247,28.811493943472406,9.293783783783784,128.5471357690573,NORTE,5
2024-08-08 06:00:00,0.7856123822341858,5.21153091265947,,15.856299603174604,28.09115523465704,43.49255751014885,15.234362416107382,716.1195045045044,0.014090090090090091,57.16687898089172,3.343688007213706,0.22159567762269247,28.811493943472406,9.293783783783784,128.5471357690573,NORTE,6
2024-08-08 07:00:00,0.7856123822341858,5.21153091265947,,15.856299603174604,28.09115523465704,43.49255751014885,15.234362416107382,716.1195045045044,0.014090090090090091,57.16687898089172,3.343688007213706,0.22159567762269247,28.811493943472406,9.293783783783784,128.5471357690573,NORTE,7
2024-08-08 08:00:00,0.7856123822341858,5.21153091265947,,15.856299603174604,28.09115523465704,43.49255751014885,15.234362416107382,716.1195045045044,0.014090090090090091,57.16687898089172,3.343688007213706,0.22159567762269247,28.811493943472406,9.293783783783784,128.5471357690573,NORTE,8
2024-08-08 09:00:00,0.7856123822341858,5.21153091265947,,15.856299603174604,28.09115523465704,43.49255751014885,15.234362416107382,716.1195045045044,0.014090090090090091,57.16687898089172,3.343688007213706,0.22159567762269247,28.811493943472406,9.293783783783784,128.5471357690573,NORTE,9
2024-08-08 10:00:00,0.7856123822341858,5.21153091265947,,15.856299603174604,28.09115523465704,43.49255751014885,15.234362416107382,716.1195045045044,0.014090090090090091,57.16687898089172,3.343688007213706,0.22159567762269247,28.811493943472406,9.293783783783784,128.5471357690573,NORTE,10
2024-08-08 11:00:00,0.7856123822341858,5.21153091265947,,15.856299603174604,28.09115523465704,43.49255751014885,15.234362416107382,716.1195045045044,0.014090090090090091,57.16687898089172,3.343688007213706,0.22159567762269247,28.811493943472406,9.293783783783784,128.5471357690573,NORTE,11
2024-08-08 12:00:00,0.7856123822341858,2.3,4.0,6.2,71.0,45.0,15.234362416107382,709.8,0.0,57.16687898089172,3.9,0.403,28.811493943472406,0.9,26.0,NORTE,12
2024-08-08 13:00:00,0.7856123822341858,2.2,3.9,6.2,82.0,25.0,15.234362416107382,709.5,0.0,57.16687898089172,3.5,0.726,28.811493943472406,5.6,167.0,NORTE,13
2024-08-08 14:00:00,0.7856123822341858,2.1,4.5,6.7,100.0,20.0,15.234362416107382,709.1,0.0,57.16687898089172,3.5,0.646,28.811493943472406,2.8,147.0,NORTE,14
2024-08-08 15:00:00,0.7856123822341858,2.1,4.3,6.4,95.0,33.0,15.234362416107382,708.8,0.0,57.16687898089172,3.4,0.531,28.811493943472406,6.0,149.0,NORTE,15
2024-08-08 16:00:00,0.7856123822341858,2.1,3.8,6.0,93.0,34.0,15.234362416107382,708.3,0.0,57.16687898089172,3.3,0.428,28.811493943472406,1.6,95.0,NORTE,16
2024-08-08 17:00:00,0.7856123822341858,2.2,5.4,7.6,104.0,31.0,15.234362416107382,708.1,0.0,57.16687898089172,4.6,0.291,28.811493943472406,9.9,143.0,NORTE,17
2024-08-08 18:00:00,0.7856123822341858,2.2,5.6,7.8,94.0,37.0,15.234362416107382,708.0,0.0,57.16687898089172,6.3,0.291,28.811493943472406,9.9,139.0,NORTE,18
2024-08-08 19:00:00,0.7856123822341858,2.2,7.2,9.4,73.0,36.0,15.234362416107382,707.9,0.0,57.16687898089172,5.9,0.084,28.811493943472406,8.7,125.0,NORTE,19
2024-08-08 20:00:00,0.7856123822341858,2.1,9.2,11.3,62.0,33.0,15.234362416107382,708.1,0.0,57.16687898089172,7.3,0.01,28.811493943472406,9.7,136.0,NORTE,20
2024-08-08 21:00:00,0.7856123822341858,2.1,14.3,16.4,53.0,37.0,15.234362416107382,708.4,0.0,57.16687898089172,6.0,0.0,28.811493943472406,7.8,143.0,NORTE,21
2024-08-08 22:00:00,0.7856123822341858,2.3,11.3,13.7,38.0,36.0,15.234362416107382,709.0,0.0,57.16687898089172,4.8,0.0,28.811493943472406,13.4,88.0,NORTE,22
2024-08-08 23:00:00,0.7856123822341858,2.4,6.6,9.0,27.0,40.0,15.234362416107382,709.7,0.0,57.16687898089172,5.5,0.0,28.811493943472406,14.2,95.0,NORTE,23
2024-08-09 00:00:00,0.7856123822341858,2.2,5.9,8.0,28.0,31.0,15.234362416107382,710.4,0.0,57.16687898089172,4.5,0.0,28.811493943472406,2.4,99.0,NORTE,0
2024-08-09 01:00:00,0.7856123822341858,2.1,6.0,8.1,27.0,26.0,15.234362416107382,710.7,0.0,57.16687898089172,4.3,0.0,28.811493943472406,2.8,179.0,NORTE,1
2024-08-09 02:00:00,0.7856123822341858,2.1,4.8,6.9,27.0,17.0,3.0,710.5,0.0,57.16687898089172,4.2,0.0,28.811493943472406,2.3,94.0,NORTE,2
2024-08-09 03:00:00,0.7856123822341858,2.1,5.1,7.2,25.0,20.0,15.234362416107382,710.5,0.0,57.16687898089172,3.9,0.0,28.811493943472406,3.3,317.0,NORTE,3
2024-08-09 04:00:00,0.7856123822341858,2.0,4.5,6.5,23.0,18.0,8.0,710.7,0.0,57.16687898089172,3.8,0.0,28.811493943472406,1.5,203.0,NORTE,4
2024-08-09 05:00:00,0.7856123822341858,2.1,5.0,7.1,20.0,27.0,17.0,710.9,0.0,57.16687898089172,3.5,0.0,28.811493943472406,5.4,166.0,NORTE,5
2024-08-09 06:00:00,0.7856123822341858,2.3,7.5,9.8,15.0,23.0,7.0,711.1,0.0,57.16687898089172,3.2,0.0,28.811493943472406,1.8,121.0,NORTE,6
2024-08-09 07:00:00,0.7856123822341858,2.5,7.8,10.2,13.0,28.0,24.0,711.5,0.0,57.16687898089172,3.1,0.004,28.811493943472406,5.9,122.0,NORTE,7
2024-08-09 08:00:00,0.7856123822341858,3.1,6.4,9.5,15.0,30.0,15.234362416107382,711.8,0.0,57.16687898089172,3.0,0.05,28.811493943472406,5.7,159.0,NORTE,8
2024-08-09 09:00:00,0.7856123822341858,3.0,5.8,8.8,19.0,38.0,29.0,712.1,0.0,57.16687898089172,3.2,0.086,28.811493943472406,3.7,102.0,NORTE,9
2024-08-09 10:00:00,0.7856123822341858,3.9,6.3,10.2,19.0,36.0,33.0,712.5,0.0,57.16687898089172,3.3,0.17,28.811493943472406,4.9,46.0,NORTE,10
2024-08-09 11:00:00,0.7856123822341858,3.7,6.2,9.9,25.0,35.0,15.234362416107382,712.9,0.0,57.16687898089172,3.1,0.246,28.811493943472406,6.1,68.0,NORTE,11
2024-08-09 12:00:00,0.7856123822341858,3.4,5.9,9.3,35.0,36.0,15.234362416107382,713.1,0.0,57.16687898089172,3.1,0.478,28.811493943472406,5.5,67.0,NORTE,12
2024-08-09 13:00:00,0.7856123822341858,2.7,4.4,7.1,47.0,46.0,15.234362416107382,712.9,0.0,57.16687898089172,3.1,0.673,28.811493943472406,10.1,106.0,NORTE,13
2024-08-09 14:00:00,0.7856123822341858,2.5,3.5,6.0,47.0,39.0,15.234362416107382,712.5,0.0,57.16687898089172,3.0,0.681,28.811493943472406,12.5,133.0,NORTE,14
2024-08-09 15:00:00,0.7856123822341858,2.6,3.7,6.3,46.0,30.0,15.234362416107382,712.1,0.0,57.16687898089172,2.8,0.692,28.811493943472406,14.8,117.0,NORTE,15
2024-08-09 16:00:00,0.7856123822341858,3.0,4.4,7.4,42.0,48.0,32.0,711.9,0.0,57.16687898089172,2.7,0.578,28.811493943472406,15.3,125.0,NORTE,16
2024-08-09 17:00:00,0.7856123822341858,2.9,4.5,7.5,42.0,26.0,15.234362416107382,711.7,0.0,57.16687898089172,2.7,0.4,28.811493943472406,14.1,142.0,NORTE,17
2024-08-09 18:00:00,0.7856123822341858,3.1,5.0,8.1,39.0,28.0,15.234362416107382,711.8,0.0,57.16687898089172,2.8,0.344,28.811493943472406,14.5,136.0,NORTE,18
2024-08-09 19:00:00,0.7856123822341858,2.7,4.9,7.5,36.0,29.0,18.0,711.6,0.0,57.16687898089172,2.7,0.122,28.811493943472406,13.9,129.0,NORTE,19
2024-08-09 20:00:00,0.7856123822341858,2.6,6.7,9.3,27.0,26.0,9.0,711.5,0.0,57.16687898089172,2.8,0.01,28.811493943472406,12.3,112.0,NORTE,20
2024-08-09 21:00:00,0.7856123822341858,2.8,8.1,11.0,23.0,28.0,11.0,712.3,0.0,57.16687898089172,2.7,0.0,28.811493943472406,12.1,100.0,NORTE,21
2024-08-09 22:00:00,0.7856123822341858,2.9,7.5,10.4,18.0,29.0,13.0,713.1,0.0,57.16687898089172,2.7,0.0,28.811493943472406,13.2,99.0,NORTE,22
2024-08-09 23:00:00,0.7856123822341858,2.6,5.6,8.3,18.0,37.0,19.0,713.8,0.0,57.16687898089172,2.7,0.0,28.811493943472406,13.1,93.0,NORTE,23
2024-08-10 00:00:00,0.7856123822341858,2.4,4.2,6.6,18.0,31.0,19.0,714.4,0.0,57.16687898089172,2.7,0.0,28.811493943472406,13.2,108.0,NORTE,0
2024-08-10 01:00:00,0.7856123822341858,2.3,4.2,6.5,28.09115523465704,28.0,15.234362416107382,714.7,0.0,57.16687898089172,2.7,0.0,28.811493943472406,13.8,126.0,NORTE,1
2024-08-10 02:00:00,0.7856123822341858,2.2,4.2,6.3,19.0,28.0,27.0,714.6,0.0,57.16687898089172,2.8,0.0,28.811493943472406,10.6,135.0,NORTE,2
2024-08-10 03:00:00,0.7856123822341858,2.1,3.7,5.8,18.0,34.0,28.0,714.3,0.0,57.16687898089172,2.7,0.0,28.811493943472406,10.4,129.0,NORTE,3
2024-08-10 04:00:00,0.7856123822341858,2.1,4.0,6.0,16.0,29.0,15.234362416107382,714.2,0.0,57.16687898089172,2.8,0.0,28.811493943472406,9.7,154.0,NORTE,4
2024-08-10 05:00:00,0.7856123822341858,2.7,7.5,10.2,10.0,33.0,32.0,714.1,0.0,57.16687898089172,2.8,0.0,28.811493943472406,4.7,217.0,NORTE,5
2024-08-10 06:00:00,0.7856123822341858,5.3,9.1,14.4,6.0,36.0,35.0,714.2,0.0,57.16687898089172,2.8,0.0,28.811493943472406,3.4,271.0,NORTE,6
2024-08-10 07:00:00,0.7856123822341858,5.3,9.0,14.3,4.0,34.0,15.234362416107382,714.6,0.0,57.16687898089172,2.8,0.008,28.811493943472406,4.4,300.0,NORTE,7
2024-08-10 08:00:00,0.7856123822341858,5.9,7.7,13.7,8.0,36.0,15.234362416107382,715.1,0.0,57.16687898089172,2.9,0.046,28.811493943472406,3.1,280.0,NORTE,8
2024-08-10 09:00:00,0.7856123822341858,7.0,7.9,14.9,11.0,32.0,15.234362416107382,715.4,0.0,57.16687898089172,2.8,0.138,28.811493943472406,5.6,297.0,NORTE,9
2024-08-10 10:00:00,0.7856123822341858,5.2,6.8,12.0,21.0,37.0,28.0,715.8,0.0,57.16687898089172,2.9,0.39,28.811493943472406,1.9,306.0,NORTE,10
2024-08-10 11:00:00,0.7856123822341858,3.5,5.4,8.9,33.0,27.0,15.234362416107382,715.9,0.0,57.16687898089172,2.9,0.554,28.811493943472406,2.0,107.0,NORTE,11
2024-08-10 12:00:00,0.7856123822341858,2.9,4.0,6.9,38.0,26.0,15.234362416107382,715.7,0.0,57.16687898089172,2.8,0.675,28.811493943472406,7.8,105.0,NORTE,12
2024-08-10 13:00:00,0.7856123822341858,2.5,4.0,6.5,49.0,28.0,15.234362416107382,715.4,0.0,57.16687898089172,2.8,0.724,28.811493943472406,8.1,107.0,NORTE,13
2024-08-10 14:00:00,0.7856123822341858,2.7,3.7,6.4,42.0,27.0,15.234362416107382,714.9,0.0,57.16687898089172,2.7,0.716,28.811493943472406,12.3,117.0,NORTE,14
2024-08-10 15:00:00,0.7856123822341858,2.7,3.1,5.9,38.0,16.0,15.234362416107382,714.5,0.0,57.16687898089172,2.8,0.668,28.811493943472406,13.6,135.0,NORTE,15
2024-08-10 16:00:00,0.7856123822341858,2.7,3.1,5.8,38.0,25.0,15.234362416107382,713.9,0.0,57.16687898089172,2.6,0.558,28.811493943472406,16.6,142.0,NORTE,16
2024-08-10 17:00:00,0.7856123822341858,2.7,3.1,5.9,34.0,23.0,15.234362416107382,713.6,0.0,57.16687898089172,2.7,0.383,28.811493943472406,16.7,139.0,NORTE,17
2024-08-10 18:00:00,0.7856123822341858,2.8,3.1,5.9,31.0,22.0,16.0,713.4,0.0,57.16687898089172,2.9,0.282,28.811493943472406,16.0,152.0,NORTE,18
2024-08-10 19:00:00,0.7856123822341858,2.6,3.2,5.8,30.0,23.0,11.0,713.2,0.0,57.16687898089172,3.0,0.128,28.811493943472406,16.2,141.0,NORTE,19
2024-08-10 20:00:00,0.7856123822341858,2.3,4.7,7.0,27.0,20.0,5.0,713.4,0.0,57.16687898089172,3.0,0.012,28.811493943472406,13.2,156.0,NORTE,20
2024-08-10 21:00:00,0.7856123822341858,2.5,7.5,10.0,18.0,27.0,6.0,713.9,0.0,57.16687898089172,3.1,0.0,28.811493943472406,11.1,161.0,NORTE,21
2024-08-10 22:00:00,0.7856123822341858,2.9,10.4,13.3,11.0,23.0,4.0,714.3,0.0,57.16687898089172,3.9,0.0,28.811493943472406,9.5,164.0,NORTE,22
2024-08-10 23:00:00,0.7856123822341858,2.5,9.1,11.6,14.0,21.0,12.0,714.6,0.0,57.16687898089172,3.4,0.0,28.811493943472406,8.6,169.0,NORTE,23
2024-08-11 00:00:00,0.7856123822341858,3.3,9.0,12.3,13.0,20.0,8.0,714.8,0.0,57.16687898089172,3.8,0.0,28.811493943472406,8.9,135.0,NORTE,0
2024-08-11 01:00:00,0.7856123822341858,2.4,4.6,7.0,17.0,23.0,11.0,714.8,0.0,57.16687898089172,5.0,0.0,28.811493943472406,10.8,127.0,NORTE,1
2024-08-11 02:00:00,0.7856123822341858,2.2,3.7,5.9,18.0,22.0,15.234362416107382,714.7,0.0,57.16687898089172,4.1,0.0,28.811493943472406,7.9,153.0,NORTE,2
2024-08-11 03:00:00,0.7856123822341858,2.8,6.7,9.5,9.0,19.0,15.234362416107382,714.5,0.0,57.16687898089172,3.8,0.0,28.811493943472406,7.2,250.0,NORTE,3
2024-08-11 04:00:00,0.7856123822341858,2.4,5.9,8.3,9.0,24.0,15.234362416107382,714.4,0.0,57.16687898089172,3.7,0.0,28.811493943472406,4.1,262.0,NORTE,4
2024-08-11 05:00:00,0.7856123822341858,2.5,6.1,8.6,7.0,18.0,5.0,714.3,0.0,57.16687898089172,3.6,0.0,28.811493943472406,5.2,274.0,NORTE,5
2024-08-11 06:00:00,0.7856123822341858,3.2,6.7,9.9,6.0,21.0,5.0,714.4,0.0,57.16687898089172,3.3,0.0,28.811493943472406,2.2,239.0,NORTE,6
2024-08-11 07:00:00,0.7856123822341858,4.7,7.1,11.8,4.0,20.0,17.0,714.5,0.0,57.16687898089172,3.2,0.01,28.811493943472406,4.2,277.0,NORTE,7
2024-08-11 08:00:00,0.7856123822341858,7.0,6.2,13.2,7.0,23.0,17.0,714.8,0.0,57.16687898089172,3.2,0.08,28.811493943472406,8.9,273.0,NORTE,8
2024-08-11 09:00:00,0.7856123822341858,4.4,4.6,9.0,14.0,22.0,22.0,715.0,0.0,57.16687898089172,3.2,0.234,28.811493943472406,7.1,282.0,NORTE,9
2024-08-11 10:00:00,0.7856123822341858,4.2,5.7,9.9,18.0,26.0,18.0,715.2,0.0,57.16687898089172,3.0,0.244,28.811493943472406,6.1,295.0,NORTE,10
2024-08-11 11:00:00,0.7856123822341858,3.3,5.0,8.3,31.0,31.0,14.0,715.0,0.0,57.16687898089172,2.9,0.397,28.811493943472406,5.0,283.0,NORTE,11
2024-08-11 12:00:00,0.7856123822341858,2.8,4.8,7.6,48.0,27.0,15.234362416107382,714.7,0.0,57.16687898089172,2.8,0.553,28.811493943472406,4.7,205.0,NORTE,12
2024-08-11 13:00:00,0.7856123822341858,2.4,4.0,6.4,61.0,27.0,15.234362416107382,714.2,0.0,57.16687898089172,2.8,0.601,28.811493943472406,3.0,81.0,NORTE,13
2024-08-11 14:00:00,0.7856123822341858,2.4,4.0,6.3,66.0,18.0,15.234362416107382,713.6,0.0,57.16687898089172,3.3,0.591,28.811493943472406,4.7,83.0,NORTE,14
2024-08-11 15:00:00,0.7856123822341858,2.2,3.8,6.0,69.0,23.0,15.234362416107382,713.1,0.0,57.16687898089172,8.8,0.418,28.811493943472406,8.3,85.0,NORTE,15
2024-08-11 16:00:00,0.7856123822341858,2.2,3.3,5.5,58.0,31.0,15.234362416107382,712.9,0.0,57.16687898089172,11.2,0.453,28.811493943472406,11.5,123.0,NORTE,16
2024-08-11 17:00:00,0.7856123822341858,2.4,2.9,5.3,46.0,21.0,15.234362416107382,712.8,0.0,57.16687898089172,6.7,0.351,28.811493943472406,15.1,124.0,NORTE,17
2024-08-11 18:00:00,0.7856123822341858,5.21153091265947,,15.856299603174604,43.0,20.0,13.0,712.7,0.0,57.16687898089172,4.2,0.194,28.811493943472406,14.7,121.0,NORTE,18
2024-08-11 19:00:00,0.7856123822341858,5.21153091265947,,15.856299603174604,35.0,16.0,7.0,712.6,0.0,57.16687898089172,3.3,0.101,28.811493943472406,14.7,144.0,NORTE,19
2024-08-11 20:00:00,0.7856123822341858,5.21153091265947,,15.856299603174604,29.0,16.0,5.0,712.4,0.0,57.16687898089172,3.3,0.009,28.811493943472406,14.4,139.0,NORTE,20
2024-08-11 21:00:00,0.7856123822341858,5.21153091265947,,15.856299603174604,28.0,18.0,2.0,712.2,0.0,57.16687898089172,3.1,0.0,28.811493943472406,9.9,158.0,NORTE,21
2024-08-11 22:00:00,0.7856123822341858,5.21153091265947,,15.856299603174604,25.0,15.0,3.0,712.2,0.0,57.16687898089172,3.2,0.0,28.811493943472406,6.4,127.0,NORTE,22
2024-08-11 23:00:00,0.7856123822341858,5.21153091265947,,15.856299603174604,21.0,13.0,4.0,712.7,0.0,57.16687898089172,3.2,0.0,28.811493943472406,6.7,130.0,NORTE,23
2024-08-12 00:00:00,0.7856123822341858,5.21153091265947,,15.856299603174604,15.0,21.0,7.0,713.0,0.0,57.16687898089172,3.3,0.0,28.811493943472406,7.6,119.0,NORTE,0
2024-08-12 01:00:00,0.7856123822341858,5.21153091265947,,15.856299603174604,20.0,25.0,15.234362416107382,713.0,0.0,57.16687898089172,3.3,0.0,28.811493943472406,11.4,89.0,NORTE,1
2024-08-12 02:00:00,0.7856123822341858,5.21153091265947,,15.856299603174604,26.0,17.0,15.234362416107382,712.8,0.0,57.16687898089172,3.1,0.0,28.811493943472406,14.6,105.0,NORTE,2
2024-08-12 03:00:00,0.7856123822341858,5.21153091265947,,15.856299603174604,23.0,16.0,15.234362416107382,712.6,0.0,57.16687898089172,3.2,0.0,28.811493943472406,8.4,147.0,NORTE,3
2024-08-12 04:00:00,0.7856123822341858,5.21153091265947,,15.856299603174604,21.0,11.0,15.234362416107382,712.6,0.0,57.16687898089172,3.1,0.0,28.811493943472406,7.4,201.0,NORTE,4
2024-08-12 05:00:00,0.7856123822341858,5.21153091265947,,15.856299603174604,8.0,13.0,3.0,712.7,0.0,57.16687898089172,3.2,0.0,28.811493943472406,6.4,288.0,NORTE,5
2024-08-12 06:00:00,0.7856123822341858,5.21153091265947,,15.856299603174604,6.0,17.0,6.0,712.7,0.0,57.16687898089172,3.4,0.0,28.811493943472406,3.9,275.0,NORTE,6
2024-08-12 07:00:00,0.7856123822341858,5.21153091265947,,15.856299603174604,5.0,21.0,15.234362416107382,712.9,0.0,57.16687898089172,3.6,0.008,28.811493943472406,4.3,251.0,NORTE,7
2024-08-12 08:00:00,0.7856123822341858,5.21153091265947,,15.856299603174604,9.0,28.0,7.0,713.4,0.0,57.16687898089172,3.6,0.086,28.811493943472406,2.0,237.0,NORTE,8
2024-08-12 09:00:00,0.7856123822341858,5.21153091265947,,15.856299603174604,17.0,27.0,24.0,713.9,0.0,57.16687898089172,3.8,0.192,28.811493943472406,1.4,21.0,NORTE,9
2024-08-12 10:00:00,0.7856123822341858,5.21153091265947,,15.856299603174604,24.0,19.0,15.234362416107382,714.0,0.0,57.16687898089172,3.6,0.448,28.811493943472406,3.7,168.0,NORTE,10
2024-08-12 11:00:00,0.7856123822341858,5.21153091265947,,15.856299603174604,39.0,6.0,15.234362416107382,713.8,0.0,57.16687898089172,3.6,0.526,28.811493943472406,3.6,205.0,NORTE,11
2024-08-12 12:00:00,0.7856123822341858,5.21153091265947,,15.856299603174604,57.0,20.0,15.234362416107382,713.3,0.0,57.16687898089172,3.6,0.692,28.811493943472406,3.5,276.0,NORTE,12
2024-08-12 13:00:00,0.7856123822341858,5.21153091265947,,15.856299603174604,79.0,30.0,15.234362416107382,712.9,0.0,57.16687898089172,4.8,0.726,28.811493943472406,6.6,164.0,NORTE,13
2024-08-12 14:00:00,0.7856123822341858,5.21153091265947,,15.856299603174604,70.0,29.0,15.234362416107382,712.5,0.0,57.16687898089172,4.0,0.721,28.811493943472406,8.4,132.0,NORTE,14
2024-08-12 15:00:00,0.7856123822341858,5.21153091265947,,15.856299603174604,50.0,23.0,15.234362416107382,712.0,0.0,57.16687898089172,3.3,0.654,28.811493943472406,14.4,128.0,NORTE,15
2024-08-12 16:00:00,0.7856123822341858,5.21153091265947,,15.856299603174604,42.0,17.0,15.234362416107382,711.5,0.0,57.16687898089172,3.2,0.535,28.811493943472406,13.8,135.0,NORTE,16
2024-08-12 17:00:00,0.7856123822341858,5.21153091265947,,15.856299603174604,38.0,20.0,15.234362416107382,711.2,0.0,57.16687898089172,3.2,0.429,28.811493943472406,15.9,134.0,NORTE,17
2024-08-12 18:00:00,0.7856123822341858,5.21153091265947,,15.856299603174604,36.0,12.0,15.234362416107382,710.8,0.0,57.16687898089172,3.0,0.246,28.811493943472406,15.0,126.0,NORTE,18
2024-08-12 19:00:00,0.7856123822341858,5.21153091265947,,15.856299603174604,30.0,15.0,15.234362416107382,710.8,0.0,57.16687898089172,2.8,0.122,28.811493943472406,18.1,129.0,NORTE,19
2024-08-12 20:00:00,0.7856123822341858,5.21153091265947,,15.856299603174604,28.0,15.0,15.234362416107382,711.1,0.0,57.16687898089172,2.8,0.01,28.811493943472406,18.7,134.0,NORTE,20
2024-08-12 21:00:00,0.7856123822341858,5.21153091265947,,15.856299603174604,27.0,21.0,15.234362416107382,711.4,0.0,57.16687898089172,2.8,0.0,28.811493943472406,17.1,130.0,NORTE,21
2024-08-12 22:00:00,0.7856123822341858,5.21153091265947,,15.856299603174604,26.0,17.0,15.234362416107382,711.9,0.0,57.16687898089172,2.9,0.0,28.811493943472406,17.7,137.0,NORTE,22
2024-08-12 23:00:00,0.7856123822341858,5.21153091265947,,15.856299603174604,25.0,14.0,15.234362416107382,712.4,0.0,57.16687898089172,2.8,0.0,28.811493943472406,16.9,135.0,NORTE,23
2024-08-13 00:00:00,0.7856123822341858,5.21153091265947,,15.856299603174604,23.0,17.0,15.234362416107382,712.6,0.0,57.16687898089172,2.9,0.0,28.811493943472406,13.7,126.0,NORTE,0
2024-08-13 01:00:00,0.7856123822341858,5.21153091265947,,15.856299603174604,23.0,14.0,15.234362416107382,712.6,0.0,57.16687898089172,3.1,0.0,28.811493943472406,12.4,119.0,NORTE,1
2024-08-13 02:00:00,0.7856123822341858,5.21153091265947,,15.856299603174604,22.0,12.0,15.234362416107382,712.6,0.0,57.16687898089172,2.9,0.0,28.811493943472406,7.2,106.0,NORTE,2
2024-08-13 03:00:00,0.7856123822341858,5.21153091265947,,15.856299603174604,20.0,10.0,15.234362416107382,712.6,0.0,57.16687898089172,2.9,0.0,28.811493943472406,7.0,51.0,NORTE,3
2024-08-13 04:00:00,0.7856123822341858,5.21153091265947,,15.856299603174604,19.0,12.0,15.234362416107382,712.5,0.0,57.16687898089172,2.9,0.0,28.811493943472406,4.1,61.0,NORTE,4
2024-08-13 05:00:00,0.7856123822341858,5.21153091265947,,15.856299603174604,17.0,13.0,15.234362416107382,712.4,0.0,57.16687898089172,2.9,0.0,28.811493943472406,1.8,232.0,NORTE,5
2024-08-13 06:00:00,0.7856123822341858,5.21153091265947,,15.856299603174604,9.0,17.0,15.234362416107382,712.4,0.0,57.16687898089172,3.2,0.0,28.811493943472406,5.6,240.0,NORTE,6
2024-08-13 07:00:00,0.7856123822341858,1.6,0.2,1.8,4.0,27.0,15.234362416107382,712.6,0.0,57.16687898089172,3.3,0.006,28.811493943472406,6.4,255.0,NORTE,7
2024-08-13 08:00:00,0.7856123822341858,5.21153091265947,,15.856299603174604,5.0,47.0,15.234362416107382,713.3,0.0,57.16687898089172,3.3,0.047,28.811493943472406,6.2,250.0,NORTE,8
2024-08-13 09:00:00,0.7856123822341858,5.21153091265947,,15.856299603174604,8.0,54.0,15.234362416107382,713.7,0.0,57.16687898089172,3.3,0.145,28.811493943472406,6.6,257.0,NORTE,9
2024-08-13 10:00:00,0.7856123822341858,5.21153091265947,,15.856299603174604,18.0,44.0,15.234362416107382,713.7,0.0,57.16687898089172,3.3,0.377,28.811493943472406,5.3,284.0,NORTE,10
2024-08-13 11:00:00,0.7856123822341858,1.7,,15.856299603174604,31.0,39.0,15.234362416107382,713.9,0.0,57.16687898089172,3.0,0.574,28.811493943472406,4.1,294.0,NORTE,11
2024-08-13 12:00:00,0.7856123822341858,1.7,,15.856299603174604,51.0,41.0,15.234362416107382,713.8,0.0,57.16687898089172,3.1,0.595,28.811493943472406,2.6,135.0,NORTE,12
2024-08-13 13:00:00,0.7856123822341858,1.6,,15.856299603174604,64.0,45.0,15.234362416107382,713.7,0.0,57.16687898089172,3.2,0.61,28.811493943472406,5.5,92.0,NORTE,13
2024-08-13 14:00:00,0.7856123822341858,1.7,,15.856299603174604,48.0,29.0,15.234362416107382,713.1,0.0,57.16687898089172,3.0,0.569,28.811493943472406,10.3,99.0,NORTE,14
2024-08-13 15:00:00,0.7856123822341858,1.6,,15.856299603174604,41.0,26.0,15.234362416107382,712.4,0.0,57.16687898089172,3.0,0.641,28.811493943472406,15.2,107.0,NORTE,15
2024-08-13 16:00:00,0.7856123822341858,1.6,,15.856299603174604,39.0,25.0,15.234362416107382,711.9,0.0,57.16687898089172,3.0,0.572,28.811493943472406,15.8,116.0,NORTE,16
2024-08-13 17:00:00,0.7856123822341858,5.21153091265947,,15.856299603174604,36.0,24.0,15.234362416107382,711.6,0.0,57.16687898089172,3.0,0.437,28.811493943472406,19.6,121.0,NORTE,17
2024-08-13 18:00:00,0.7856123822341858,1.7,,15.856299603174604,34.0,26.0,15.234362416107382,711.5,0.0,57.16687898089172,3.0,0.268,28.811493943472406,21.3,118.0,NORTE,18
2024-08-13 19:00:00,0.7856123822341858,1.6,,15.856299603174604,29.0,32.0,15.234362416107382,711.5,0.0,57.16687898089172,3.0,0.119,28.811493943472406,19.1,123.0,NORTE,19
2024-08-13 20:00:00,0.7856123822341858,1.6,,15.856299603174604,25.0,22.0,15.234362416107382,711.7,0.0,57.16687898089172,3.1,0.004,28.811493943472406,17.5,131.0,NORTE,20
2024-08-13 21:00:00,0.7856123822341858,5.21153091265947,,15.856299603174604,18.0,27.0,15.234362416107382,712.0,0.0,57.16687898089172,3.3,0.0,28.811493943472406,14.8,141.0,NORTE,21
2024-08-13 22:00:00,0.7856123822341858,5.21153091265947,,15.856299603174604,20.0,29.0,15.234362416107382,712.4,0.0,57.16687898089172,3.0,0.0,28.811493943472406,17.9,110.0,NORTE,22
2024-08-13 23:00:00,0.7856123822341858,1.7,,15.856299603174604,19.0,22.0,15.234362416107382,713.0,0.0,57.16687898089172,2.7,0.0,28.811493943472406,17.8,101.0,NORTE,23
2024-08-14 00:00:00,0.7856123822341858,1.7,,15.856299603174604,17.0,24.0,15.234362416107382,713.3,0.0,57.16687898089172,3.0,0.0,28.811493943472406,14.9,95.0,NORTE,0
2024-08-14 01:00:00,0.7856123822341858,1.6,,15.856299603174604,16.0,25.0,15.234362416107382,713.3,0.0,57.16687898089172,3.2,0.0,28.811493943472406,12.9,100.0,NORTE,1
2024-08-14 02:00:00,0.7856123822341858,1.7,,15.856299603174604,16.0,21.0,15.234362416107382,713.1,0.0,57.16687898089172,3.0,0.0,28.811493943472406,11.3,117.0,NORTE,2
2024-08-14 03:00:00,0.7856123822341858,1.6,,15.856299603174604,16.0,18.0,15.234362416107382,712.9,0.0,57.16687898089172,2.9,0.0,28.811493943472406,7.7,120.0,NORTE,3
2024-08-14 04:00:00,0.7856123822341858,1.6,,15.856299603174604,15.0,24.0,15.234362416107382,712.6,0.0,57.16687898089172,2.7,0.0,28.811493943472406,4.9,109.0,NORTE,4
2024-08-14 05:00:00,0.7856123822341858,5.21153091265947,,15.856299603174604,14.0,20.0,15.234362416107382,712.6,0.0,57.16687898089172,2.8,0.0,28.811493943472406,4.9,29.0,NORTE,5
2024-08-14 06:00:00,0.7856123822341858,5.21153091265947,,15.856299603174604,12.0,21.0,15.234362416107382,712.8,0.0,57.16687898089172,2.9,0.0,28.811493943472406,4.3,59.0,NORTE,6
2024-08-14 07:00:00,0.7856123822341858,5.21153091265947,,15.856299603174604,8.0,25.0,15.234362416107382,712.9,0.0,57.16687898089172,2.8,0.006,28.811493943472406,3.4,269.0,NORTE,7
2024-08-14 08:00:00,0.7856123822341858,5.21153091265947,,15.856299603174604,5.0,36.0,15.234362416107382,713.3,0.0,57.16687898089172,2.8,0.064,28.811493943472406,6.7,261.0,NORTE,8
2024-08-14 09:00:00,0.7856123822341858,5.21153091265947,,15.856299603174604,12.0,32.0,15.234362416107382,713.5,0.0,57.16687898089172,2.8,0.222,28.811493943472406,7.9,270.0,NORTE,9
2024-08-14 10:00:00,0.7856123822341858,5.21153091265947,,15.856299603174604,21.0,41.0,15.234362416107382,713.7,0.0,57.16687898089172,2.8,0.326,28.811493943472406,6.5,275.0,NORTE,10
2024-08-14 11:00:00,0.7856123822341858,5.21153091265947,,15.856299603174604,33.0,46.0,15.234362416107382,713.8,0.0,57.16687898089172,2.8,0.513,28.811493943472406,2.8,259.0,NORTE,11
2024-08-14 12:00:00,0.7856123822341858,5.21153091265947,,15.856299603174604,41.0,50.0,15.234362416107382,713.7,0.0,57.16687898089172,2.8,0.631,28.811493943472406,5.3,105.0,NORTE,12
2024-08-14 13:00:00,0.7856123822341858,5.21153091265947,,15.856299603174604,61.0,44.0,15.234362416107382,713.2,0.0,57.16687898089172,2.7,0.717,28.811493943472406,5.6,63.0,NORTE,13
2024-08-14 14:00:00,0.7856123822341858,5.21153091265947,,15.856299603174604,73.0,43.0,15.234362416107382,712.8,0.0,57.16687898089172,2.7,0.689,28.811493943472406,6.0,84.0,NORTE,14
2024-08-14 15:00:00,0.7856123822341858,5.21153091265947,,15.856299603174604,84.0,40.0,15.234362416107382,712.2,0.0,57.16687898089172,2.7,0.648,28.811493943472406,7.3,91.0,NORTE,15
2024-08-14 16:00:00,0.7856123822341858,5.21153091265947,,15.856299603174604,62.0,41.0,15.234362416107382,711.8,0.0,57.16687898089172,2.6,0.547,28.811493943472406,10.4,100.0,NORTE,16
2024-08-14 17:00:00,0.7856123822341858,5.21153091265947,,15.856299603174604,41.0,33.0,15.234362416107382,711.5,0.0,57.16687898089172,2.6,0.375,28.811493943472406,15.0,108.0,NORTE,17
2024-08-14 18:00:00,0.7856123822341858,5.21153091265947,,15.856299603174604,32.0,31.0,15.234362416107382,711.1,0.0,57.16687898089172,2.6,0.15,28.811493943472406,15.6,116.0,NORTE,18
2024-08-14 19:00:00,0.7856123822341858,5.21153091265947,,15.856299603174604,28.0,34.0,15.234362416107382,711.1,0.0,57.16687898089172,2.6,0.086,28.811493943472406,13.4,128.0,NORTE,19
2024-08-14 20:00:00,0.7856123822341858,5.21153091265947,,15.856299603174604,25.0,28.0,15.234362416107382,711.5,0.0,57.16687898089172,2.8,0.003,28.811493943472406,12.9,152.0,NORTE,20
2024-08-14 21:00:00,0.7856123822341858,1.7,,15.856299603174604,19.0,34.0,15.234362416107382,711.6,0.0,57.16687898089172,2.8,0.0,28.811493943472406,11.7,145.0,NORTE,21
2024-08-14 22:00:00,0.7856123822341858,1.7,,15.856299603174604,13.0,41.0,15.234362416107382,711.9,0.0,57.16687898089172,3.2,0.0,28.811493943472406,9.8,144.0,NORTE,22
2024-08-14 23:00:00,0.7856123822341858,1.6,,15.856299603174604,17.0,37.0,15.234362416107382,712.3,0.0,57.16687898089172,3.2,0.0,28.811493943472406,15.9,104.0,NORTE,23
2024-08-15 00:00:00,0.7856123822341858,1.6,,15.856299603174604,18.0,33.0,15.234362416107382,712.4,0.0,57.16687898089172,2.9,0.0,28.811493943472406,14.2,102.0,NORTE,0
2024-08-15 01:00:00,0.7856123822341858,1.7,,15.856299603174604,17.0,35.0,15.234362416107382,712.3,0.0,57.16687898089172,3.4,0.0,28.811493943472406,12.6,117.0,NORTE,1
2024-08-15 02:00:00,0.7856123822341858,1.7,,15.856299603174604,16.0,25.0,15.234362416107382,712.3,0.0,57.16687898089172,3.3,0.0,28.811493943472406,10.5,139.0,NORTE,2
2024-08-15 03:00:00,0.7856123822341858,5.21153091265947,,15.856299603174604,14.0,24.0,15.234362416107382,712.0,0.0,57.16687898089172,3.1,0.0,28.811493943472406,7.4,152.0,NORTE,3
2024-08-15 04:00:00,0.7856123822341858,1.6,,15.856299603174604,10.0,25.0,15.234362416107382,711.8,0.0,57.16687898089172,3.2,0.0,28.811493943472406,6.0,249.0,NORTE,4
2024-08-15 05:00:00,0.7856123822341858,1.6,,15.856299603174604,8.0,31.0,15.234362416107382,711.8,0.0,57.16687898089172,3.2,0.0,28.811493943472406,6.4,266.0,NORTE,5
2024-08-15 06:00:00,0.7856123822341858,5.21153091265947,,15.856299603174604,4.0,26.0,15.234362416107382,712.0,0.0,57.16687898089172,3.1,0.0,28.811493943472406,4.9,250.0,NORTE,6
2024-08-15 07:00:00,0.7856123822341858,5.21153091265947,,15.856299603174604,4.0,28.0,15.234362416107382,712.1,0.0,57.16687898089172,3.1,0.011,28.811493943472406,6.8,267.0,NORTE,7
2024-08-15 08:00:00,0.7856123822341858,5.21153091265947,,15.856299603174604,7.0,33.0,15.234362416107382,712.4,0.0,57.16687898089172,3.0,0.093,28.811493943472406,7.2,271.0,NORTE,8
2024-08-15 09:00:00,0.7856123822341858,5.21153091265947,,15.856299603174604,11.0,35.0,15.234362416107382,712.9,0.0,57.16687898089172,2.9,0.225,28.811493943472406,5.3,276.0,NORTE,9
2024-08-15 10:00:00,0.7856123822341858,1.7,,15.856299603174604,12.0,47.0,15.234362416107382,713.3,0.0,57.16687898089172,2.9,0.231,28.811493943472406,5.3,269.0,NORTE,10
2024-08-15 11:00:00,0.7856123822341858,1.7,,15.856299603174604,25.0,61.0,15.234362416107382,713.3,0.0,57.16687898089172,2.8,0.485,28.811493943472406,2.4,212.0,NORTE,11
2024-08-15 12:00:00,0.7856123822341858,5.21153091265947,,15.856299603174604,43.0,66.0,15.234362416107382,713.0,0.0,57.16687898089172,2.8,0.586,28.811493943472406,2.9,203.0,NORTE,12
2024-08-15 13:00:00,0.7856123822341858,3.0,4.5,7.6,59.0,95.0,15.234362416107382,712.6,0.0,57.16687898089172,2.9,0.518,28.811493943472406,7.5,122.0,NORTE,13
2024-08-15 14:00:00,0.7856123822341858,3.7,8.1,11.8,57.0,116.0,15.234362416107382,712.1,0.0,57.16687898089172,2.8,0.491,28.811493943472406,9.2,107.0,NORTE,14
2024-08-15 15:00:00,0.7856123822341858,2.7,4.3,7.0,56.0,59.0,15.234362416107382,711.8,0.0,57.16687898089172,2.8,0.591,28.811493943472406,8.0,107.0,NORTE,15
2024-08-15 16:00:00,0.7856123822341858,2.5,3.5,6.0,53.0,35.0,15.234362416107382,711.2,0.0,57.16687898089172,2.8,0.573,28.811493943472406,10.2,104.0,NORTE,16
2024-08-15 17:00:00,0.7856123822341858,2.6,3.2,5.7,46.0,33.0,15.234362416107382,711.0,0.0,57.16687898089172,2.9,0.436,28.811493943472406,14.9,104.0,NORTE,17
2024-08-15 18:00:00,0.7856123822341858,2.6,3.3,5.9,39.0,40.0,15.234362416107382,710.9,0.0,57.16687898089172,2.7,0.2,28.811493943472406,16.1,109.0,NORTE,18
2024-08-15 19:00:00,0.7856123822341858,5.21153091265947,,15.856299603174604,33.0,34.0,15.234362416107382,710.7,0.0,57.16687898089172,2.9,0.131,28.811493943472406,15.2,113.0,NORTE,19
2024-08-15 20:00:00,0.7856123822341858,2.4,6.6,9.1,27.0,29.0,15.234362416107382,711.0,0.0,57.16687898089172,3.0,0.012,28.811493943472406,10.9,131.0,NORTE,20
2024-08-15 21:00:00,0.7856123822341858,2.5,7.2,9.8,20.0,31.0,15.234362416107382,711.4,0.0,57.16687898089172,3.3,0.0,28.811493943472406,11.4,122.0,NORTE,21
2024-08-15 22:00:00,0.7856123822341858,2.5,4.3,6.8,20.0,28.0,15.234362416107382,711.9,0.0,57.16687898089172,3.1,0.0,28.811493943472406,14.6,95.0,NORTE,22
2024-08-15 23:00:00,0.7856123822341858,5.21153091265947,,15.856299603174604,18.0,30.0,15.234362416107382,712.2,0.0,57.16687898089172,3.2,0.0,28.811493943472406,15.1,95.0,NORTE,23
2024-08-16 00:00:00,0.7856123822341858,2.4,3.1,5.6,18.0,24.0,15.234362416107382,712.2,0.0,57.16687898089172,3.2,0.0,28.811493943472406,13.4,105.0,NORTE,0
2024-08-16 01:00:00,0.7856123822341858,2.4,2.8,5.1,19.0,21.0,15.234362416107382,712.1,0.0,57.16687898089172,2.9,0.0,28.811493943472406,14.0,109.0,NORTE,1
2024-08-16 02:00:00,0.7856123822341858,2.3,2.5,4.8,19.0,21.0,15.234362416107382,711.9,0.0,57.16687898089172,2.9,0.0,28.811493943472406,7.1,120.0,NORTE,2
2024-08-16 03:00:00,0.7856123822341858,2.2,2.4,4.7,17.0,20.0,15.234362416107382,711.8,0.0,57.16687898089172,2.8,0.0,28.811493943472406,8.8,138.0,NORTE,3
2024-08-16 04:00:00,0.7856123822341858,2.2,2.6,4.9,16.0,12.0,15.234362416107382,711.7,0.0,57.16687898089172,2.8,0.0,28.811493943472406,7.7,134.0,NORTE,4
2024-08-16 05:00:00,0.7856123822341858,2.3,3.1,5.4,13.0,16.0,15.234362416107382,711.7,0.0,57.16687898089172,2.9,0.0,28.811493943472406,6.1,30.0,NORTE,5
2024-08-16 06:00:00,0.7856123822341858,2.7,3.7,6.3,12.0,20.0,15.234362416107382,712.1,0.0,57.16687898089172,2.8,0.0,28.811493943472406,5.0,9.0,NORTE,6
2024-08-16 07:00:00,0.7856123822341858,4.0,5.2,9.2,10.0,15.0,15.234362416107382,712.5,0.0,57.16687898089172,2.8,0.005,28.811493943472406,3.3,104.0,NORTE,7
2024-08-16 08:00:00,0.7856123822341858,5.6,6.1,11.7,9.0,22.0,15.234362416107382,713.1,0.0,57.16687898089172,2.9,0.062,28.811493943472406,3.9,203.0,NORTE,8
2024-08-16 09:00:00,0.7856123822341858,4.8,5.3,10.1,14.0,26.0,15.234362416107382,713.4,0.0,57.16687898089172,2.9,0.207,28.811493943472406,4.4,296.0,NORTE,9
2024-08-16 10:00:00,0.7856123822341858,4.3,5.4,9.7,24.0,51.0,15.234362416107382,713.5,0.0,57.16687898089172,2.9,0.406,28.811493943472406,5.0,254.0,NORTE,10
2024-08-16 11:00:00,0.7856123822341858,3.8,6.1,10.0,40.0,30.0,15.234362416107382,713.6,0.0,57.16687898089172,2.8,0.591,28.811493943472406,2.3,179.0,NORTE,11
2024-08-16 12:00:00,0.7856123822341858,3.1,6.8,9.9,64.0,36.0,15.234362416107382,713.4,0.0,57.16687898089172,2.8,0.671,28.811493943472406,5.1,145.0,NORTE,12
2024-08-16 13:00:00,0.7856123822341858,2.6,4.2,6.7,62.0,34.0,15.234362416107382,713.0,0.0,57.16687898089172,2.8,0.757,28.811493943472406,5.1,51.0,NORTE,13
2024-08-16 14:00:00,0.7856123822341858,2.5,2.7,5.2,45.0,21.0,15.234362416107382,712.5,0.0,57.16687898089172,2.7,0.704,28.811493943472406,8.3,82.0,NORTE,14
2024-08-16 15:00:00,0.7856123822341858,2.5,2.6,5.1,43.0,19.0,15.234362416107382,712.1,0.0,57.16687898089172,2.7,0.656,28.811493943472406,12.2,91.0,NORTE,15
2024-08-16 16:00:00,0.7856123822341858,5.21153091265947,,15.856299603174604,44.0,16.0,15.234362416107382,711.7,0.0,57.16687898089172,2.7,0.543,28.811493943472406,11.7,111.0,NORTE,16
2024-08-16 17:00:00,0.7856123822341858,2.6,2.8,5.3,38.0,21.0,15.234362416107382,711.4,0.0,57.16687898089172,2.7,0.378,28.811493943472406,15.6,123.0,NORTE,17
2024-08-16 18:00:00,0.7856123822341858,2.6,2.5,5.1,33.0,27.0,15.234362416107382,711.2,0.0,57.16687898089172,2.7,0.282,28.811493943472406,18.2,122.0,NORTE,18
2024-08-16 19:00:00,0.7856123822341858,5.21153091265947,,15.856299603174604,29.0,23.0,15.234362416107382,711.3,0.0,57.16687898089172,2.7,0.12,28.811493943472406,15.9,125.0,NORTE,19
2024-08-16 20:00:00,0.7856123822341858,2.5,6.2,8.7,21.0,19.0,15.234362416107382,711.4,0.0,57.16687898089172,2.6,0.008,28.811493943472406,12.1,156.0,NORTE,20
2024-08-16 21:00:00,0.7856123822341858,2.5,7.0,9.6,18.0,18.0,15.234362416107382,711.9,0.0,57.16687898089172,2.7,0.0,28.811493943472406,11.2,157.0,NORTE,21
2024-08-16 22:00:00,0.7856123822341858,2.7,8.3,11.0,12.0,23.0,15.234362416107382,712.3,0.0,57.16687898089172,2.8,0.0,28.811493943472406,8.6,128.0,NORTE,22
2024-08-16 23:00:00,0.7856123822341858,2.7,7.6,10.2,13.0,29.0,15.234362416107382,712.6,0.0,57.16687898089172,2.8,0.0,28.811493943472406,9.3,141.0,NORTE,23
2024-08-17 00:00:00,0.7856123822341858,2.4,5.7,8.1,15.0,28.0,15.234362416107382,712.6,0.0,57.16687898089172,2.8,0.0,28.811493943472406,6.4,149.0,NORTE,0
2024-08-17 01:00:00,0.7856123822341858,2.3,3.7,6.0,15.0,19.0,15.234362416107382,712.7,0.0,57.16687898089172,2.9,0.0,28.811493943472406,8.4,159.0,NORTE,1
2024-08-17 02:00:00,0.7856123822341858,2.3,3.2,5.6,14.0,22.0,15.234362416107382,712.5,0.0,57.16687898089172,2.9,0.0,28.811493943472406,10.2,143.0,NORTE,2
2024-08-17 03:00:00,0.7856123822341858,2.4,3.4,5.8,13.0,21.0,15.234362416107382,712.4,0.0,57.16687898089172,2.9,0.0,28.811493943472406,7.2,170.0,NORTE,3
2024-08-17 04:00:00,0.7856123822341858,2.4,4.5,6.9,10.0,17.0,15.234362416107382,712.3,0.0,57.16687898089172,2.9,0.0,28.811493943472406,2.3,277.0,NORTE,4
2024-08-17 05:00:00,0.7856123822341858,5.21153091265947,,15.856299603174604,12.0,21.0,15.234362416107382,712.1,0.0,57.16687898089172,2.8,0.0,28.811493943472406,2.0,147.0,NORTE,5
2024-08-17 06:00:00,0.7856123822341858,2.5,3.2,5.6,13.0,20.0,15.234362416107382,712.3,0.0,57.16687898089172,2.8,0.0,28.811493943472406,4.3,120.0,NORTE,6
2024-08-17 07:00:00,0.7856123822341858,2.6,3.5,6.2,12.0,22.0,15.234362416107382,712.6,0.0,57.16687898089172,2.8,0.01,28.811493943472406,1.7,120.0,NORTE,7
2024-08-17 08:00:00,0.7856123822341858,3.8,4.4,8.2,11.0,22.0,15.234362416107382,712.9,0.0,57.16687898089172,2.8,0.079,28.811493943472406,1.4,133.0,NORTE,8
2024-08-17 09:00:00,0.7856123822341858,4.0,4.5,8.5,13.0,28.0,15.234362416107382,713.1,0.0,57.16687898089172,2.8,0.112,28.811493943472406,2.6,129.0,NORTE,9
2024-08-17 10:00:00,0.7856123822341858,4.1,4.4,8.5,19.0,30.0,15.234362416107382,713.5,0.0,57.16687898089172,2.8,0.243,28.811493943472406,4.0,82.0,NORTE,10
2024-08-17 11:00:00,0.7856123822341858,3.2,3.9,7.1,39.0,22.0,15.234362416107382,713.6,0.0,57.16687898089172,2.9,0.554,28.811493943472406,1.0,333.0,NORTE,11
2024-08-17 12:00:00,0.7856123822341858,2.7,4.1,6.8,60.0,29.0,15.234362416107382,713.4,0.0,57.16687898089172,2.8,0.625,28.811493943472406,2.9,145.0,NORTE,12
2024-08-17 13:00:00,0.7856123822341858,2.5,3.8,6.3,70.0,25.0,15.234362416107382,713.0,0.0,57.16687898089172,2.8,0.716,28.811493943472406,4.2,86.0,NORTE,13
2024-08-17 14:00:00,0.7856123822341858,2.5,3.5,6.0,62.0,28.0,15.234362416107382,712.4,0.0,57.16687898089172,2.7,0.716,28.811493943472406,9.6,118.0,NORTE,14
2024-08-17 15:00:00,0.7856123822341858,2.4,2.0,4.4,48.0,41.0,15.234362416107382,711.9,0.0,57.16687898089172,2.7,0.667,28.811493943472406,13.2,104.0,NORTE,15
2024-08-17 16:00:00,0.7856123822341858,77.1,0.2,77.3,42.0,30.0,15.234362416107382,711.6,0.0,57.16687898089172,2.8,0.567,28.811493943472406,14.1,113.0,NORTE,16
2024-08-17 17:00:00,0.7856123822341858,81.6,3.5,85.1,37.0,25.0,15.234362416107382,711.6,0.0,57.16687898089172,2.7,0.222,28.811493943472406,14.6,114.0,NORTE,17
2024-08-17 18:00:00,0.7856123822341858,5.21153091265947,,15.856299603174604,28.0,24.0,15.234362416107382,711.3,0.0,57.16687898089172,2.7,0.185,28.811493943472406,14.8,109.0,NORTE,18
2024-08-17 19:00:00,0.7856123822341858,5.21153091265947,,15.856299603174604,26.0,21.0,15.234362416107382,711.3,0.0,57.16687898089172,2.7,0.064,28.811493943472406,15.8,128.0,NORTE,19
2024-08-17 20:00:00,0.7856123822341858,5.21153091265947,,15.856299603174604,21.0,18.0,15.234362416107382,711.6,0.0,57.16687898089172,2.7,0.006,28.811493943472406,13.1,117.0,NORTE,20
2024-08-17 21:00:00,0.7856123822341858,5.21153091265947,,15.856299603174604,14.0,23.0,15.234362416107382,712.0,0.0,57.16687898089172,2.7,0.0,28.811493943472406,8.5,79.0,NORTE,21
2024-08-17 22:00:00,0.7856123822341858,5.21153091265947,,15.856299603174604,10.0,25.0,15.234362416107382,712.0,0.0,57.16687898089172,2.7,0.0,28.811493943472406,10.0,47.0,NORTE,22
2024-08-17 23:00:00,0.7856123822341858,5.21153091265947,,15.856299603174604,13.0,29.0,15.234362416107382,712.2,0.0,57.16687898089172,2.8,0.0,28.811493943472406,11.2,79.0,NORTE,23
2024-08-18 00:00:00,0.7856123822341858,5.21153091265947,,15.856299603174604,17.0,30.0,15.234362416107382,712.4,0.0,57.16687898089172,2.7,0.0,28.811493943472406,12.3,101.0,NORTE,0
2024-08-18 01:00:00,0.7856123822341858,5.21153091265947,,15.856299603174604,17.0,22.0,15.234362416107382,712.5,0.0,57.16687898089172,2.7,0.0,28.811493943472406,9.5,146.0,NORTE,1
2024-08-18 02:00:00,0.7856123822341858,5.21153091265947,,15.856299603174604,14.0,19.0,15.234362416107382,712.5,0.0,57.16687898089172,2.8,0.0,28.811493943472406,9.6,171.0,NORTE,2
2024-08-18 03:00:00,0.7856123822341858,5.21153091265947,,15.856299603174604,13.0,35.0,15.234362416107382,712.4,0.0,57.16687898089172,2.8,0.0,28.811493943472406,5.8,187.0,NORTE,3
2024-08-18 04:00:00,0.7856123822341858,5.21153091265947,,15.856299603174604,8.0,20.0,15.234362416107382,712.3,0.0,57.16687898089172,2.9,0.0,28.811493943472406,5.3,260.0,NORTE,4
2024-08-18 05:00:00,0.7856123822341858,5.21153091265947,,15.856299603174604,8.0,21.0,15.234362416107382,712.3,0.0,57.16687898089172,2.9,0.0,28.811493943472406,6.9,262.0,NORTE,5
2024-08-18 06:00:00,0.7856123822341858,5.21153091265947,,15.856299603174604,7.0,20.0,15.234362416107382,712.6,0.0,57.16687898089172,2.8,0.0,28.811493943472406,3.9,274.0,NORTE,6
2024-08-18 07:00:00,0.7856123822341858,5.21153091265947,,15.856299603174604,5.0,19.0,15.234362416107382,712.9,0.0,57.16687898089172,2.9,0.006,28.811493943472406,3.3,255.0,NORTE,7
2024-08-18 08:00:00,0.7856123822341858,5.21153091265947,,15.856299603174604,7.0,23.0,15.234362416107382,713.2,0.0,57.16687898089172,2.9,0.072,28.811493943472406,6.3,285.0,NORTE,8
2024-08-18 09:00:00,0.7856123822341858,5.21153091265947,,15.856299603174604,14.0,23.0,15.234362416107382,713.5,0.0,57.16687898089172,2.8,0.213,28.811493943472406,5.1,307.0,NORTE,9
2024-08-18 10:00:00,0.7856123822341858,5.21153091265947,,15.856299603174604,25.0,23.0,15.234362416107382,713.7,0.0,57.16687898089172,2.8,0.375,28.811493943472406,1.5,205.0,NORTE,10
2024-08-18 11:00:00,0.7856123822341858,5.21153091265947,,15.856299603174604,37.0,28.0,15.234362416107382,713.7,0.0,57.16687898089172,2.8,0.535,28.811493943472406,1.8,163.0,NORTE,11
2024-08-18 12:00:00,0.7856123822341858,5.21153091265947,,15.856299603174604,39.0,29.0,15.234362416107382,713.5,0.0,57.16687898089172,2.8,0.638,28.811493943472406,8.0,80.0,NORTE,12
2024-08-18 13:00:00,0.7856123822341858,5.21153091265947,,15.856299603174604,47.0,21.0,15.234362416107382,713.3,0.0,57.16687898089172,2.8,0.715,28.811493943472406,7.5,102.0,NORTE,13
2024-08-18 14:00:00,0.7856123822341858,5.21153091265947,,15.856299603174604,53.0,17.0,15.234362416107382,712.9,0.0,57.16687898089172,2.7,0.736,28.811493943472406,9.5,127.0,NORTE,14
2024-08-18 15:00:00,0.7856123822341858,5.21153091265947,,15.856299603174604,48.0,20.0,15.234362416107382,712.4,0.0,57.16687898089172,2.7,0.698,28.811493943472406,10.2,118.0,NORTE,15
2024-08-18 16:00:00,0.7856123822341858,5.21153091265947,,15.856299603174604,42.0,21.0,15.234362416107382,712.0,0.0,57.16687898089172,2.9,0.228,28.811493943472406,12.2,121.0,NORTE,16
2024-08-18 17:00:00,0.7856123822341858,5.21153091265947,,15.856299603174604,32.0,18.0,15.234362416107382,711.9,0.0,57.16687898089172,2.9,0.15,28.811493943472406,12.0,116.0,NORTE,17
2024-08-18 18:00:00,0.7856123822341858,5.21153091265947,,15.856299603174604,31.0,20.0,15.234362416107382,711.9,0.0,57.16687898089172,3.2,0.103,28.811493943472406,13.3,116.0,NORTE,18
2024-08-18 19:00:00,0.7856123822341858,5.21153091265947,,15.856299603174604,25.0,24.0,15.234362416107382,711.9,0.0,57.16687898089172,4.2,0.04,28.811493943472406,11.2,132.0,NORTE,19
2024-08-18 20:00:00,0.7856123822341858,5.21153091265947,,15.856299603174604,22.0,19.0,15.234362416107382,711.8,0.0,57.16687898089172,3.9,0.002,28.811493943472406,10.0,149.0,NORTE,20
2024-08-18 21:00:00,0.7856123822341858,5.21153091265947,,15.856299603174604,13.0,16.0,15.234362416107382,712.1,0.0,57.16687898089172,4.2,0.0,28.811493943472406,8.8,141.0,NORTE,21
2024-08-18 22:00:00,0.7856123822341858,5.21153091265947,,15.856299603174604,13.0,21.0,15.234362416107382,712.8,0.0,57.16687898089172,4.6,0.0,28.811493943472406,11.1,85.0,NORTE,22
2024-08-18 23:00:00,0.7856123822341858,5.21153091265947,,15.856299603174604,16.0,20.0,15.234362416107382,713.3,0.0,57.16687898089172,5.8,0.0,28.811493943472406,14.4,77.0,NORTE,23
2024-08-19 00:00:00,0.7856123822341858,5.21153091265947,,15.856299603174604,15.0,20.0,15.234362416107382,713.4,0.0,57.16687898089172,5.2,0.0,28.811493943472406,13.7,93.0,NORTE,0
2024-08-19 01:00:00,0.7856123822341858,5.21153091265947,,15.856299603174604,13.0,13.0,15.234362416107382,713.2,0.0,57.16687898089172,4.3,0.0,28.811493943472406,8.7,119.0,NORTE,1
2024-08-19 02:00:00,0.7856123822341858,5.21153091265947,,15.856299603174604,13.0,14.0,15.234362416107382,712.9,0.0,57.16687898089172,3.9,0.0,28.811493943472406,7.1,147.0,NORTE,2
2024-08-19 03:00:00,0.7856123822341858,5.21153091265947,,15.856299603174604,13.0,12.0,15.234362416107382,712.9,0.0,57.16687898089172,3.3,0.0,28.811493943472406,3.3,251.0,NORTE,3
2024-08-19 04:00:00,0.7856123822341858,5.21153091265947,,15.856299603174604,10.0,18.0,15.234362416107382,712.9,0.0,57.16687898089172,3.3,0.0,28.811493943472406,4.5,262.0,NORTE,4
2024-08-19 05:00:00,0.7856123822341858,5.21153091265947,,15.856299603174604,8.0,16.0,15.234362416107382,713.1,0.0,57.16687898089172,3.2,0.0,28.811493943472406,5.3,237.0,NORTE,5
2024-08-19 06:00:00,0.7856123822341858,5.21153091265947,,15.856299603174604,5.0,15.0,15.234362416107382,713.4,0.0,57.16687898089172,3.1,0.0,28.811493943472406,4.5,246.0,NORTE,6
2024-08-19 07:00:00,0.7856123822341858,5.21153091265947,,15.856299603174604,4.0,16.0,15.234362416107382,713.6,0.0,57.16687898089172,3.3,0.007,28.811493943472406,4.7,228.0,NORTE,7
2024-08-19 08:00:00,0.7856123822341858,5.21153091265947,,15.856299603174604,5.0,22.0,15.234362416107382,713.7,0.0,57.16687898089172,3.3,0.08,28.811493943472406,4.7,258.0,NORTE,8
2024-08-19 09:00:00,0.7856123822341858,5.21153091265947,,15.856299603174604,8.0,32.0,15.234362416107382,713.7,0.0,57.16687898089172,3.1,0.253,28.811493943472406,5.0,301.0,NORTE,9
2024-08-19 10:00:00,0.7856123822341858,5.21153091265947,,15.856299603174604,15.0,42.0,15.234362416107382,713.8,0.0,57.16687898089172,3.0,0.376,28.811493943472406,6.2,294.0,NORTE,10
2024-08-19 11:00:00,0.7856123822341858,5.21153091265947,,15.856299603174604,29.0,48.0,15.234362416107382,713.9,0.0,57.16687898089172,2.8,0.476,28.811493943472406,2.0,213.0,NORTE,11
2024-08-19 12:00:00,0.7856123822341858,5.21153091265947,,15.856299603174604,36.0,38.0,15.234362416107382,714.0,0.0,57.16687898089172,2.8,0.513,28.811493943472406,4.9,73.0,NORTE,12
2024-08-19 13:00:00,0.7856123822341858,5.21153091265947,,15.856299603174604,45.0,29.0,15.234362416107382,714.1,0.0,57.16687898089172,2.7,0.587,28.811493943472406,6.0,103.0,NORTE,13
2024-08-19 14:00:00,0.7856123822341858,5.21153091265947,,15.856299603174604,52.0,31.0,15.234362416107382,714.0,0.0,57.16687898089172,2.7,0.475,28.811493943472406,10.5,113.0,NORTE,14
2024-08-19 15:00:00,0.7856123822341858,5.21153091265947,,15.856299603174604,40.0,26.0,15.234362416107382,713.6,0.0,57.16687898089172,2.8,0.502,28.811493943472406,9.2,101.0,NORTE,15
2024-08-19 16:00:00,0.7856123822341858,5.21153091265947,,15.856299603174604,39.0,23.0,15.234362416107382,713.3,0.0,57.16687898089172,2.7,0.34,28.811493943472406,12.3,126.0,NORTE,16
2024-08-19 17:00:00,0.7856123822341858,5.21153091265947,,15.856299603174604,28.0,25.0,15.234362416107382,713.0,0.0,57.16687898089172,2.7,0.133,28.811493943472406,12.6,155.0,NORTE,17
2024-08-19 18:00:00,0.7856123822341858,5.21153091265947,,15.856299603174604,23.0,22.0,15.234362416107382,713.2,0.0,57.16687898089172,2.7,0.133,28.811493943472406,11.2,148.0,NORTE,18
2024-08-19 19:00:00,0.7856123822341858,5.21153091265947,,15.856299603174604,25.0,14.0,15.234362416107382,713.2,0.0,57.16687898089172,2.9,0.073,28.811493943472406,10.8,129.0,NORTE,19
2024-08-19 20:00:00,0.7856123822341858,5.21153091265947,,15.856299603174604,20.0,23.0,15.234362416107382,713.2,0.0,57.16687898089172,3.2,0.005,28.811493943472406,11.7,131.0,NORTE,20
2024-08-19 21:00:00,0.7856123822341858,5.21153091265947,,15.856299603174604,12.0,23.0,15.234362416107382,713.3,0.0,57.16687898089172,3.6,0.0,28.811493943472406,9.6,144.0,NORTE,21
2024-08-19 22:00:00,0.7856123822341858,5.21153091265947,,15.856299603174604,12.0,25.0,15.234362416107382,713.5,0.0,57.16687898089172,3.8,0.0,28.811493943472406,9.3,151.0,NORTE,22
2024-08-19 23:00:00,0.7856123822341858,5.21153091265947,,15.856299603174604,9.0,25.0,15.234362416107382,713.6,0.0,57.16687898089172,4.7,0.0,28.811493943472406,8.4,100.0,NORTE,23
2024-08-20 00:00:00,0.7856123822341858,5.21153091265947,,15.856299603174604,20.0,30.0,15.234362416107382,713.8,0.0,57.16687898089172,4.6,0.0,28.811493943472406,14.8,82.0,NORTE,0
2024-08-20 01:00:00,0.7856123822341858,5.21153091265947,,15.856299603174604,25.0,17.0,15.234362416107382,714.2,0.0,57.16687898089172,3.4,0.0,28.811493943472406,12.3,104.0,NORTE,1
2024-08-20 02:00:00,0.7856123822341858,5.21153091265947,,15.856299603174604,24.0,14.0,15.234362416107382,713.9,0.0,57.16687898089172,4.0,0.0,28.811493943472406,8.6,79.0,NORTE,2
2024-08-20 03:00:00,0.7856123822341858,5.21153091265947,,15.856299603174604,24.0,11.0,15.234362416107382,713.7,0.0,57.16687898089172,3.5,0.0,28.811493943472406,5.4,174.0,NORTE,3
2024-08-20 04:00:00,0.7856123822341858,5.21153091265947,,15.856299603174604,16.0,9.0,15.234362416107382,713.8,0.0,57.16687898089172,3.5,0.0,28.811493943472406,5.7,233.0,NORTE,4
2024-08-20 05:00:00,0.7856123822341858,5.21153091265947,,15.856299603174604,13.0,13.0,15.234362416107382,714.0,0.0,57.16687898089172,3.7,0.0,28.811493943472406,4.0,267.0,NORTE,5
2024-08-20 06:00:00,0.7856123822341858,5.21153091265947,,15.856299603174604,7.0,17.0,15.234362416107382,714.1,0.0,57.16687898089172,3.4,0.0,28.811493943472406,4.0,276.0,NORTE,6
2024-08-20 07:00:00,0.7856123822341858,5.21153091265947,,15.856299603174604,4.0,34.0,15.234362416107382,714.3,0.0,57.16687898089172,3.3,0.006,28.811493943472406,4.6,243.0,NORTE,7
2024-08-20 08:00:00,0.7856123822341858,5.21153091265947,,15.856299603174604,6.0,35.0,15.234362416107382,714.8,0.0,57.16687898089172,3.3,0.095,28.811493943472406,4.6,243.0,NORTE,8
2024-08-20 09:00:00,0.7856123822341858,5.21153091265947,,15.856299603174604,13.0,40.0,15.234362416107382,715.1,0.0,57.16687898089172,3.1,0.257,28.811493943472406,2.4,270.0,NORTE,9
2024-08-20 10:00:00,0.7856123822341858,5.21153091265947,,15.856299603174604,26.0,35.0,15.234362416107382,715.3,0.0,57.16687898089172,2.9,0.41,28.811493943472406,4.3,296.0,NORTE,10
2024-08-20 11:00:00,0.7856123822341858,5.21153091265947,,15.856299603174604,41.0,29.0,15.234362416107382,715.2,0.0,57.16687898089172,2.9,0.543,28.811493943472406,2.9,312.0,NORTE,11
2024-08-20 12:00:00,0.7856123822341858,5.21153091265947,,15.856299603174604,49.0,41.0,15.234362416107382,715.2,0.0,57.16687898089172,2.8,0.648,28.811493943472406,6.2,85.0,NORTE,12
2024-08-20 13:00:00,0.7856123822341858,5.21153091265947,,15.856299603174604,61.0,32.0,15.234362416107382,714.8,0.0,57.16687898089172,2.9,0.702,28.811493943472406,9.4,96.0,NORTE,13
2024-08-20 14:00:00,0.7856123822341858,5.21153091265947,,15.856299603174604,70.0,23.0,15.234362416107382,714.2,0.0,57.16687898089172,5.5,0.714,28.811493943472406,10.9,69.0,NORTE,14
2024-08-20 15:00:00,0.7856123822341858,3.5,5.9,9.3,59.0,26.0,15.234362416107382,713.7,0.0,57.16687898089172,6.0,0.652,28.811493943472406,14.5,66.0,NORTE,15
2024-08-20 16:00:00,0.7856123822341858,3.0,5.6,8.6,51.0,20.0,15.234362416107382,713.1,0.0,57.16687898089172,3.6,0.37,28.811493943472406,14.6,58.0,NORTE,16
2024-08-20 17:00:00,0.7856123822341858,2.9,5.1,8.0,49.0,22.0,15.234362416107382,712.7,0.0,57.16687898089172,3.3,0.422,28.811493943472406,15.4,59.0,NORTE,17
2024-08-20 18:00:00,0.7856123822341858,3.0,5.5,8.4,47.0,28.0,15.234362416107382,712.6,0.0,57.16687898089172,3.3,0.265,28.811493943472406,16.9,58.0,NORTE,18
2024-08-20 19:00:00,0.7856123822341858,2.8,6.9,9.6,42.0,18.0,15.234362416107382,712.7,0.0,57.16687898089172,3.2,0.107,28.811493943472406,15.9,62.0,NORTE,19
2024-08-20 20:00:00,0.7856123822341858,2.6,9.9,12.6,34.0,21.0,15.234362416107382,713.0,0.0,57.16687898089172,3.1,0.004,28.811493943472406,15.0,63.0,NORTE,20
2024-08-20 21:00:00,0.7856123822341858,2.7,13.0,15.7,29.0,22.0,15.234362416107382,713.5,0.0,57.16687898089172,3.0,0.0,28.811493943472406,12.5,71.0,NORTE,21
2024-08-20 22:00:00,0.7856123822341858,3.2,23.9,27.1,20.0,24.0,15.234362416107382,714.0,0.0,57.16687898089172,3.2,0.0,28.811493943472406,8.3,80.0,NORTE,22
2024-08-20 23:00:00,0.7856123822341858,3.5,28.3,31.8,13.0,30.0,15.234362416107382,714.3,0.0,57.16687898089172,3.5,0.0,28.811493943472406,6.3,85.0,NORTE,23
2024-08-21 00:00:00,0.7856123822341858,2.5,10.9,13.4,29.0,30.0,15.234362416107382,714.4,0.0,57.16687898089172,3.6,0.0,28.811493943472406,12.7,57.0,NORTE,0
2024-08-21 01:00:00,0.7856123822341858,2.1,7.1,9.1,30.0,26.0,15.234362416107382,714.5,0.0,57.16687898089172,4.6,0.0,28.811493943472406,10.4,86.0,NORTE,1
2024-08-21 02:00:00,0.7856123822341858,2.2,8.9,11.1,24.0,19.0,15.234362416107382,714.5,0.0,57.16687898089172,4.2,0.0,28.811493943472406,3.2,161.0,NORTE,2
2024-08-21 03:00:00,0.7856123822341858,2.4,17.6,20.0,9.0,28.0,15.234362416107382,714.2,0.0,57.16687898089172,4.1,0.0,28.811493943472406,7.4,239.0,NORTE,3
2024-08-21 04:00:00,0.7856123822341858,2.4,16.6,19.0,9.0,27.0,15.234362416107382,713.9,0.0,57.16687898089172,3.7,0.0,28.811493943472406,4.8,219.0,NORTE,4
2024-08-21 05:00:00,0.7856123822341858,3.5,18.8,22.2,6.0,25.0,15.234362416107382,713.9,0.0,57.16687898089172,3.6,0.0,28.811493943472406,5.4,204.0,NORTE,5
2024-08-21 06:00:00,0.7856123822341858,6.6,20.9,27.5,4.0,30.0,15.234362416107382,714.0,0.0,57.16687898089172,3.4,0.0,28.811493943472406,7.0,247.0,NORTE,6
2024-08-21 07:00:00,0.7856123822341858,4.5,18.2,22.7,7.0,34.0,15.234362416107382,714.3,0.0,57.16687898089172,3.3,0.006,28.811493943472406,5.2,282.0,NORTE,7
2024-08-21 08:00:00,0.7856123822341858,20.7,20.3,41.0,7.0,35.0,15.234362416107382,714.6,0.0,57.16687898089172,3.4,0.092,28.811493943472406,4.8,298.0,NORTE,8
2024-08-21 09:00:00,0.7856123822341858,22.2,23.0,45.3,11.0,58.0,15.234362416107382,714.9,0.0,57.16687898089172,3.4,0.253,28.811493943472406,3.0,300.0,NORTE,9
2024-08-21 10:00:00,0.7856123822341858,14.2,23.9,38.1,26.0,85.0,15.234362416107382,715.1,0.0,57.16687898089172,3.1,0.407,28.811493943472406,2.2,352.0,NORTE,10
2024-08-21 11:00:00,0.7856123822341858,5.6,17.0,22.6,50.0,76.0,15.234362416107382,715.0,0.0,57.16687898089172,3.3,0.543,28.811493943472406,4.5,61.0,NORTE,11
2024-08-21 12:00:00,0.7856123822341858,3.5,12.8,16.4,71.0,49.0,15.234362416107382,714.7,0.0,57.16687898089172,5.0,0.641,28.811493943472406,9.7,68.0,NORTE,12
2024-08-21 13:00:00,0.7856123822341858,2.9,9.3,12.2,75.0,37.0,15.234362416107382,714.2,0.0,57.16687898089172,5.0,0.699,28.811493943472406,10.8,53.0,NORTE,13
2024-08-21 14:00:00,0.7856123822341858,2.5,7.8,10.2,83.0,33.0,15.234362416107382,713.8,0.0,57.16687898089172,5.5,0.703,28.811493943472406,13.4,54.0,NORTE,14
2024-08-21 15:00:00,0.7856123822341858,2.4,5.7,8.1,72.0,32.0,15.234362416107382,713.2,0.0,57.16687898089172,5.6,0.654,28.811493943472406,14.8,54.0,NORTE,15
2024-08-21 16:00:00,0.7856123822341858,2.5,5.6,8.1,66.0,32.0,15.234362416107382,712.7,0.0,57.16687898089172,4.9,0.556,28.811493943472406,15.2,60.0,NORTE,16
2024-08-21 17:00:00,0.7856123822341858,2.6,5.5,15.856299603174604,60.0,31.0,15.234362416107382,712.4,0.0,57.16687898089172,3.8,0.416,28.811493943472406,14.9,70.0,NORTE,17
2024-08-21 18:00:00,0.7856123822341858,2.7,6.0,8.7,51.0,27.0,15.234362416107382,712.2,0.0,57.16687898089172,3.2,0.266,28.811493943472406,15.1,65.0,NORTE,18
2024-08-21 19:00:00,0.7856123822341858,2.6,7.4,10.0,44.0,20.0,15.234362416107382,712.1,0.0,57.16687898089172,3.1,0.11,28.811493943472406,14.3,61.0,NORTE,19
2024-08-21 20:00:00,0.7856123822341858,2.3,9.1,11.4,40.0,25.0,15.234362416107382,712.3,0.0,57.16687898089172,3.0,0.006,28.811493943472406,14.8,64.0,NORTE,20
2024-08-21 21:00:00,0.7856123822341858,2.4,13.0,15.4,33.0,25.0,15.234362416107382,712.6,0.0,57.16687898089172,3.1,0.0,28.811493943472406,12.0,81.0,NORTE,21
2024-08-21 22:00:00,0.7856123822341858,2.3,17.9,20.3,26.0,24.0,15.234362416107382,713.0,0.0,57.16687898089172,3.2,0.0,28.811493943472406,9.0,93.0,NORTE,22
2024-08-21 23:00:00,0.7856123822341858,2.5,18.8,21.3,24.0,27.0,15.234362416107382,713.4,0.0,57.16687898089172,3.5,0.0,28.811493943472406,10.1,79.0,NORTE,23
2024-08-22 00:00:00,0.7856123822341858,2.2,17.7,19.9,24.0,25.0,15.234362416107382,713.5,0.0,57.16687898089172,4.2,0.0,28.811493943472406,8.8,81.0,NORTE,0
2024-08-22 01:00:00,0.7856123822341858,2.0,12.9,14.9,28.0,22.0,15.234362416107382,713.3,0.0,57.16687898089172,3.7,0.0,28.811493943472406,8.0,70.0,NORTE,1
2024-08-22 02:00:00,0.7856123822341858,2.9,22.0,24.9,14.0,19.0,15.234362416107382,712.9,0.0,57.16687898089172,3.9,0.0,28.811493943472406,1.3,149.0,NORTE,2
2024-08-22 03:00:00,0.7856123822341858,4.0,25.5,29.5,5.0,45.0,15.234362416107382,712.6,0.0,57.16687898089172,4.2,0.0,28.811493943472406,5.6,262.0,NORTE,3
2024-08-22 04:00:00,0.7856123822341858,3.2,22.1,25.3,6.0,46.0,15.234362416107382,712.7,0.0,57.16687898089172,3.9,0.0,28.811493943472406,6.2,218.0,NORTE,4
2024-08-22 05:00:00,0.7856123822341858,4.1,21.9,26.0,5.0,38.0,15.234362416107382,712.6,0.0,57.16687898089172,3.9,0.0,28.811493943472406,5.2,219.0,NORTE,5
2024-08-22 06:00:00,0.7856123822341858,8.3,22.0,30.3,5.0,33.0,15.234362416107382,712.8,0.0,57.16687898089172,4.2,0.0,28.811493943472406,5.7,224.0,NORTE,6
2024-08-22 07:00:00,0.7856123822341858,26.9,24.2,51.1,4.0,40.0,15.234362416107382,712.9,0.0,57.16687898089172,4.7,0.006,28.811493943472406,1.8,228.0,NORTE,7
2024-08-22 08:00:00,0.7856123822341858,24.4,23.9,48.2,8.0,53.0,15.234362416107382,713.3,0.0,57.16687898089172,5.1,0.093,28.811493943472406,4.2,235.0,NORTE,8
2024-08-22 09:00:00,0.7856123822341858,15.1,25.1,40.2,18.0,57.0,15.234362416107382,713.5,0.0,57.16687898089172,6.0,0.255,28.811493943472406,1.5,217.0,NORTE,9
2024-08-22 10:00:00,0.7856123822341858,11.2,25.5,36.7,32.0,57.0,15.234362416107382,713.8,0.0,57.16687898089172,6.3,0.407,28.811493943472406,2.3,217.0,NORTE,10
2024-08-22 11:00:00,0.7856123822341858,5.0,15.9,21.0,57.0,39.0,15.234362416107382,714.0,0.0,57.16687898089172,6.1,0.545,28.811493943472406,6.9,80.0,NORTE,11
2024-08-22 12:00:00,0.7856123822341858,3.3,9.8,13.1,68.0,38.0,15.234362416107382,713.9,0.0,57.16687898089172,4.7,0.644,28.811493943472406,10.9,48.0,NORTE,12
2024-08-22 13:00:00,0.7856123822341858,2.5,6.5,8.9,77.0,28.0,15.234362416107382,713.6,0.0,57.16687898089172,6.5,0.699,28.811493943472406,13.1,56.0,NORTE,13
2024-08-22 14:00:00,0.7856123822341858,2.4,5.9,8.4,71.0,29.0,15.234362416107382,713.2,0.0,57.16687898089172,5.0,0.702,28.811493943472406,11.7,57.0,NORTE,14
2024-08-22 15:00:00,0.7856123822341858,2.4,4.9,7.2,66.0,24.0,15.234362416107382,712.7,0.0,57.16687898089172,3.6,0.654,28.811493943472406,12.2,55.0,NORTE,15
2024-08-22 16:00:00,0.7856123822341858,2.3,4.5,6.9,63.0,23.0,15.234362416107382,712.1,0.0,57.16687898089172,3.3,0.553,28.811493943472406,12.9,63.0,NORTE,16
2024-08-22 17:00:00,0.7856123822341858,2.5,5.1,7.6,58.0,26.0,15.234362416107382,711.8,0.0,57.16687898089172,3.2,0.412,28.811493943472406,15.8,70.0,NORTE,17
2024-08-22 18:00:00,0.7856123822341858,2.6,5.2,7.8,52.0,26.0,15.234362416107382,711.7,0.0,57.16687898089172,3.1,0.26,28.811493943472406,16.5,69.0,NORTE,18
2024-08-22 19:00:00,0.7856123822341858,2.3,6.0,8.3,47.0,29.0,15.234362416107382,711.8,0.0,57.16687898089172,3.0,0.1,28.811493943472406,15.5,80.0,NORTE,19
2024-08-22 20:00:00,0.7856123822341858,2.3,9.7,12.0,40.0,21.0,15.234362416107382,712.0,0.0,57.16687898089172,3.0,0.006,28.811493943472406,14.6,71.0,NORTE,20
2024-08-22 21:00:00,0.7856123822341858,2.5,11.7,14.2,36.0,28.0,15.234362416107382,712.3,0.0,57.16687898089172,3.1,0.0,28.811493943472406,13.8,69.0,NORTE,21
2024-08-22 22:00:00,0.7856123822341858,2.4,10.6,12.9,34.0,23.0,15.234362416107382,712.7,0.0,57.16687898089172,3.1,0.0,28.811493943472406,14.4,61.0,NORTE,22
2024-08-22 23:00:00,0.7856123822341858,2.2,6.4,8.6,35.0,28.0,15.234362416107382,713.1,0.0,57.16687898089172,2.9,0.0,28.811493943472406,17.2,59.0,NORTE,23
2024-08-23 00:00:00,0.7856123822341858,2.2,8.5,10.7,30.0,29.0,15.234362416107382,713.4,0.0,57.16687898089172,3.5,0.0,28.811493943472406,12.2,53.0,NORTE,0
2024-08-23 01:00:00,0.7856123822341858,2.0,8.6,10.6,29.0,22.0,15.234362416107382,713.4,0.0,57.16687898089172,5.2,0.0,28.811493943472406,8.4,71.0,NORTE,1
2024-08-23 02:00:00,0.7856123822341858,1.9,8.6,10.6,27.0,23.0,15.234362416107382,713.4,0.0,57.16687898089172,4.4,0.0,28.811493943472406,8.5,72.0,NORTE,2
2024-08-23 03:00:00,0.7856123822341858,2.0,8.7,10.7,25.0,20.0,15.234362416107382,713.1,0.0,57.16687898089172,4.1,0.0,28.811493943472406,6.4,129.0,NORTE,3
2024-08-23 04:00:00,0.7856123822341858,2.1,13.2,15.2,15.0,20.0,15.234362416107382,713.0,0.0,57.16687898089172,4.7,0.0,28.811493943472406,4.5,251.0,NORTE,4
2024-08-23 05:00:00,0.7856123822341858,2.6,17.0,19.6,10.0,25.0,15.234362416107382,713.0,0.0,57.16687898089172,4.1,0.0,28.811493943472406,4.9,239.0,NORTE,5
2024-08-23 06:00:00,0.7856123822341858,9.9,21.0,30.8,4.0,28.0,15.234362416107382,713.2,0.0,57.16687898089172,3.9,0.0,28.811493943472406,5.9,229.0,NORTE,6
2024-08-23 07:00:00,0.7856123822341858,8.4,18.6,27.0,6.0,33.0,15.234362416107382,713.3,0.0,57.16687898089172,3.8,0.005,28.811493943472406,6.5,244.0,NORTE,7
2024-08-23 08:00:00,0.7856123822341858,13.2,18.5,31.7,9.0,37.0,15.234362416107382,713.5,0.0,57.16687898089172,4.8,0.095,28.811493943472406,6.6,287.0,NORTE,8
2024-08-23 09:00:00,0.7856123822341858,14.5,19.5,34.0,15.0,57.0,15.234362416107382,713.6,0.0,57.16687898089172,6.4,0.259,28.811493943472406,3.5,311.0,NORTE,9
2024-08-23 10:00:00,0.7856123822341858,10.4,20.6,31.1,28.0,67.0,15.234362416107382,714.0,0.0,57.16687898089172,5.5,0.411,28.811493943472406,2.6,197.0,NORTE,10
2024-08-23 11:00:00,0.7856123822341858,4.8,12.4,17.2,47.0,51.0,15.234362416107382,714.2,0.0,57.16687898089172,5.2,0.552,28.811493943472406,5.4,59.0,NORTE,11
2024-08-23 12:00:00,0.7856123822341858,4.4,12.5,16.9,55.0,39.0,15.234362416107382,714.2,0.0,57.16687898089172,11.0,0.654,28.811493943472406,9.1,58.0,NORTE,12
2024-08-23 13:00:00,0.7856123822341858,2.9,8.3,11.2,66.0,34.0,15.234362416107382,713.8,0.0,57.16687898089172,7.2,0.71,28.811493943472406,11.1,42.0,NORTE,13
2024-08-23 14:00:00,0.7856123822341858,2.5,7.6,10.2,76.0,33.0,15.234362416107382,713.6,0.0,57.16687898089172,13.1,0.718,28.811493943472406,12.8,52.0,NORTE,14
2024-08-23 15:00:00,0.7856123822341858,2.5,6.3,8.8,67.0,34.0,15.234362416107382,713.3,0.0,57.16687898089172,11.6,0.668,28.811493943472406,14.8,52.0,NORTE,15
2024-08-23 16:00:00,0.7856123822341858,2.6,5.4,8.0,59.0,27.0,15.234362416107382,712.9,0.0,57.16687898089172,8.0,0.569,28.811493943472406,15.9,53.0,NORTE,16
2024-08-23 17:00:00,0.7856123822341858,2.6,5.2,7.8,53.0,29.0,15.234362416107382,712.8,0.0,57.16687898089172,6.2,0.423,28.811493943472406,16.0,60.0,NORTE,17
2024-08-23 18:00:00,0.7856123822341858,2.7,5.4,8.0,48.0,24.0,15.234362416107382,712.5,0.0,57.16687898089172,4.5,0.265,28.811493943472406,16.4,63.0,NORTE,18
2024-08-23 19:00:00,0.7856123822341858,2.5,6.4,8.9,43.0,25.0,15.234362416107382,712.4,0.0,57.16687898089172,3.6,0.105,28.811493943472406,16.1,69.0,NORTE,19
2024-08-23 20:00:00,0.7856123822341858,2.5,11.6,14.1,34.0,24.0,15.234362416107382,712.5,0.0,57.16687898089172,3.3,0.004,28.811493943472406,12.4,68.0,NORTE,20
2024-08-23 21:00:00,0.7856123822341858,5.21153091265947,12.2,14.7,32.0,20.0,15.234362416107382,712.9,0.0,57.16687898089172,3.5,0.0,28.811493943472406,12.8,62.0,NORTE,21
2024-08-23 22:00:00,0.7856123822341858,2.3,9.4,11.8,30.0,23.0,15.234362416107382,713.4,0.0,57.16687898089172,3.5,0.0,28.811493943472406,17.8,63.0,NORTE,22
2024-08-23 23:00:00,0.7856123822341858,2.5,5.2,7.7,22.0,43.0,15.234362416107382,714.0,0.0,50.0,3.3,0.0,28.811493943472406,20.2,57.0,NORTE,23
2024-08-24 00:00:00,0.7856123822341858,2.5,6.3,8.8,18.0,37.0,15.234362416107382,714.1,0.0,56.0,3.4,0.0,28.811493943472406,15.3,42.0,NORTE,0
2024-08-24 01:00:00,0.7856123822341858,2.2,6.3,8.5,18.0,23.0,15.234362416107382,714.1,0.0,61.0,3.4,0.0,28.811493943472406,12.1,47.0,NORTE,1
2024-08-24 02:00:00,0.7856123822341858,2.1,6.9,8.9,16.0,23.0,15.234362416107382,713.8,0.0,65.0,3.9,0.0,28.811493943472406,6.4,93.0,NORTE,2
2024-08-24 03:00:00,0.7856123822341858,2.2,7.3,9.5,16.0,25.0,15.234362416107382,713.7,0.0,67.0,3.7,0.0,28.811493943472406,7.8,114.0,NORTE,3
2024-08-24 04:00:00,0.7856123822341858,1.9,7.8,9.8,14.0,17.0,15.234362416107382,713.8,0.0,69.0,3.6,0.0,28.811493943472406,1.3,337.0,NORTE,4
2024-08-24 05:00:00,0.7856123822341858,2.2,8.4,10.7,12.0,14.0,15.234362416107382,713.7,0.0,75.0,3.8,0.0,28.811493943472406,4.8,122.0,NORTE,5
2024-08-24 06:00:00,0.7856123822341858,4.2,10.5,14.7,10.0,22.0,15.234362416107382,713.8,0.0,76.0,3.9,0.0,28.811493943472406,3.5,178.0,NORTE,6
2024-08-24 07:00:00,0.7856123822341858,4.7,11.5,16.2,9.0,25.0,15.234362416107382,714.0,0.0,73.0,3.8,0.006,28.811493943472406,4.4,182.0,NORTE,7
2024-08-24 08:00:00,0.7856123822341858,14.5,14.3,28.7,7.0,44.0,15.234362416107382,714.6,0.0,76.0,3.6,0.045,28.811493943472406,7.6,266.0,NORTE,8
2024-08-24 09:00:00,0.7856123822341858,8.6,11.5,20.1,15.0,38.0,15.234362416107382,714.7,0.0,68.0,3.3,0.243,28.811493943472406,4.9,285.0,NORTE,9
2024-08-24 10:00:00,0.7856123822341858,8.6,13.9,22.5,24.0,62.0,15.234362416107382,714.7,0.0,55.0,3.3,0.404,28.811493943472406,2.9,292.0,NORTE,10
2024-08-24 11:00:00,0.7856123822341858,5.7,13.2,18.9,39.0,64.0,15.234362416107382,714.9,0.0,48.0,3.2,0.552,28.811493943472406,2.7,256.0,NORTE,11
2024-08-24 12:00:00,0.7856123822341858,3.5,8.1,11.6,48.0,50.0,15.234362416107382,714.9,0.0,38.0,3.1,0.626,28.811493943472406,8.2,47.0,NORTE,12
2024-08-24 13:00:00,0.7856123822341858,2.9,7.1,10.0,59.0,31.0,15.234362416107382,714.5,0.0,34.0,3.2,0.711,28.811493943472406,11.7,41.0,NORTE,13
2024-08-24 14:00:00,0.7856123822341858,2.6,5.6,8.2,58.0,29.0,15.234362416107382,713.8,0.0,31.0,4.7,0.688,28.811493943472406,10.5,50.0,NORTE,14
2024-08-24 15:00:00,0.7856123822341858,2.5,6.0,8.5,65.0,28.0,15.234362416107382,713.3,0.0,30.0,9.5,0.651,28.811493943472406,12.1,57.0,NORTE,15
2024-08-24 16:00:00,0.7856123822341858,2.4,5.7,8.1,63.0,37.0,15.234362416107382,712.6,0.0,25.0,7.4,0.529,28.811493943472406,11.7,68.0,NORTE,16
2024-08-24 17:00:00,0.7856123822341858,2.4,5.6,8.0,60.0,38.0,15.234362416107382,712.2,0.0,23.0,6.6,0.35,28.811493943472406,11.6,63.0,NORTE,17
2024-08-24 18:00:00,0.7856123822341858,2.5,6.1,8.6,55.0,23.0,15.234362416107382,712.1,0.0,22.0,4.7,0.237,28.811493943472406,12.7,63.0,NORTE,18
2024-08-24 19:00:00,0.7856123822341858,2.4,7.3,9.6,48.0,20.0,15.234362416107382,712.1,0.0,20.0,3.8,0.093,28.811493943472406,14.0,62.0,NORTE,19
2024-08-24 20:00:00,0.7856123822341858,2.1,7.0,9.1,46.0,20.0,15.234362416107382,712.5,0.0,18.0,3.5,0.003,28.811493943472406,13.5,63.0,NORTE,20
2024-08-24 21:00:00,0.7856123822341858,2.3,10.2,12.4,34.0,22.0,15.234362416107382,712.9,0.0,25.0,4.4,0.0,28.811493943472406,12.9,50.0,NORTE,21
2024-08-24 22:00:00,0.7856123822341858,2.5,5.7,8.2,23.0,32.0,15.234362416107382,713.5,0.0,43.0,3.6,0.0,28.811493943472406,19.3,29.0,NORTE,22
2024-08-24 23:00:00,0.7856123822341858,2.6,3.9,6.4,20.0,46.0,15.234362416107382,714.0,0.0,55.0,4.2,0.0,28.811493943472406,23.6,59.0,NORTE,23
2024-08-25 00:00:00,0.7856123822341858,2.4,3.7,6.2,18.0,37.0,15.234362416107382,714.3,0.0,60.0,3.9,0.0,28.811493943472406,17.8,62.0,NORTE,0
2024-08-25 01:00:00,0.7856123822341858,2.1,3.6,5.7,18.0,23.0,15.234362416107382,714.3,0.0,64.0,3.4,0.0,28.811493943472406,14.1,64.0,NORTE,1
2024-08-25 02:00:00,0.7856123822341858,2.1,4.0,6.1,18.0,15.0,15.234362416107382,714.2,0.0,67.0,3.3,0.0,28.811493943472406,12.5,52.0,NORTE,2
2024-08-25 03:00:00,0.7856123822341858,2.0,4.3,6.3,19.0,23.0,15.234362416107382,714.0,0.0,70.0,3.4,0.0,28.811493943472406,10.8,54.0,NORTE,3
2024-08-25 04:00:00,0.7856123822341858,1.9,4.2,6.1,18.0,23.0,15.234362416107382,713.7,0.0,73.0,3.4,0.0,28.811493943472406,8.2,77.0,NORTE,4
2024-08-25 05:00:00,0.7856123822341858,2.0,5.7,7.7,14.0,20.0,15.234362416107382,713.6,0.0,75.0,3.2,0.0,28.811493943472406,6.5,88.0,NORTE,5
2024-08-25 06:00:00,0.7856123822341858,1.9,6.3,8.2,14.0,28.0,15.234362416107382,713.6,0.0,76.0,3.3,0.0,28.811493943472406,5.0,101.0,NORTE,6
2024-08-25 07:00:00,0.7856123822341858,2.3,6.3,8.6,13.0,28.0,15.234362416107382,713.7,0.0,74.0,3.3,0.004,28.811493943472406,3.8,111.0,NORTE,7
2024-08-25 08:00:00,0.7856123822341858,2.4,4.8,7.2,18.0,30.0,15.234362416107382,714.3,0.0,70.0,3.1,0.054,28.811493943472406,4.2,65.0,NORTE,8
2024-08-25 09:00:00,0.7856123822341858,2.7,4.5,7.2,21.0,26.0,15.234362416107382,714.6,0.0,66.0,2.9,0.135,28.811493943472406,4.5,53.0,NORTE,9
2024-08-25 10:00:00,0.7856123822341858,3.0,4.7,7.7,25.0,29.0,15.234362416107382,715.0,0.0,61.0,3.0,0.3,28.811493943472406,6.3,65.0,NORTE,10
2024-08-25 11:00:00,0.7856123822341858,3.0,4.8,7.8,33.0,32.0,15.234362416107382,715.0,0.0,54.0,3.9,0.484,28.811493943472406,5.5,48.0,NORTE,11
2024-08-25 12:00:00,0.7856123822341858,2.6,4.8,7.3,45.0,36.0,15.234362416107382,715.0,0.0,48.0,5.8,0.619,28.811493943472406,7.1,43.0,NORTE,12
2024-08-25 13:00:00,0.7856123822341858,2.5,4.7,7.2,48.0,31.0,15.234362416107382,714.7,0.0,43.0,5.0,0.666,28.811493943472406,8.5,37.0,NORTE,13
2024-08-25 14:00:00,0.7856123822341858,2.4,4.6,7.0,50.0,37.0,15.234362416107382,714.4,0.0,39.0,5.6,0.732,28.811493943472406,12.1,57.0,NORTE,14
2024-08-25 15:00:00,0.7856123822341858,2.6,4.4,7.0,43.0,42.0,15.234362416107382,714.0,0.0,37.0,5.1,0.552,28.811493943472406,11.9,58.0,NORTE,15
2024-08-25 16:00:00,0.7856123822341858,2.4,4.0,6.4,45.0,28.0,15.234362416107382,713.4,0.0,36.0,3.6,0.484,28.811493943472406,11.7,69.0,NORTE,16
2024-08-25 17:00:00,0.7856123822341858,2.5,4.6,7.1,45.0,38.0,15.234362416107382,713.0,0.0,34.0,4.1,0.379,28.811493943472406,11.0,74.0,NORTE,17
2024-08-25 18:00:00,0.7856123822341858,2.6,5.5,8.1,38.0,67.0,15.234362416107382,713.0,0.0,34.0,4.2,0.13,28.811493943472406,10.6,35.0,NORTE,18
2024-08-25 19:00:00,0.7856123822341858,2.4,6.0,8.5,32.0,68.0,15.234362416107382,713.1,0.0,37.0,3.3,0.047,28.811493943472406,11.2,357.0,NORTE,19
2024-08-25 20:00:00,0.7856123822341858,2.3,5.3,7.5,30.0,35.0,15.234362416107382,713.5,0.0,40.0,3.3,0.004,28.811493943472406,14.7,50.0,NORTE,20
2024-08-25 21:00:00,0.7856123822341858,2.2,7.1,9.3,25.0,27.0,15.234362416107382,714.3,0.0,49.0,3.4,0.0,28.811493943472406,15.0,92.0,NORTE,21
2024-08-25 22:00:00,0.7856123822341858,2.4,7.8,10.1,23.0,43.49255751014885,15.234362416107382,714.8,0.0,54.0,3.3,0.0,28.811493943472406,13.9,88.0,NORTE,22
2024-08-25 23:00:00,0.7856123822341858,2.3,6.7,9.0,22.0,22.0,15.234362416107382,715.2,0.0,55.0,3.3,0.0,28.811493943472406,13.7,70.0,NORTE,23
2024-08-26 00:00:00,0.7856123822341858,2.1,3.3,5.4,23.0,26.0,15.234362416107382,715.1,0.0,58.0,3.2,0.0,28.811493943472406,16.5,63.0,NORTE,0
2024-08-26 01:00:00,0.7856123822341858,2.1,3.9,6.0,20.0,22.0,15.234362416107382,714.8,0.0,63.0,4.4,0.0,28.811493943472406,13.7,59.0,NORTE,1
2024-08-26 02:00:00,0.7856123822341858,2.0,4.5,6.5,19.0,23.0,15.234362416107382,714.6,0.0,66.0,5.0,0.0,28.811493943472406,10.5,61.0,NORTE,2
2024-08-26 03:00:00,0.7856123822341858,1.9,3.9,5.8,18.0,24.0,15.234362416107382,714.2,0.0,68.0,4.7,0.0,28.811493943472406,5.9,38.0,NORTE,3
2024-08-26 04:00:00,0.7856123822341858,2.1,6.3,8.4,17.0,20.0,15.234362416107382,713.9,0.0,69.0,5.5,0.0,28.811493943472406,5.2,135.0,NORTE,4
2024-08-26 05:00:00,0.7856123822341858,2.1,7.4,9.5,14.0,27.0,15.234362416107382,714.0,0.0,71.0,5.4,0.0,28.811493943472406,4.6,153.0,NORTE,5
2024-08-26 06:00:00,0.7856123822341858,5.0,10.8,15.8,9.0,46.0,15.234362416107382,714.3,0.0,73.0,5.0,0.0,28.811493943472406,3.9,154.0,NORTE,6
2024-08-26 07:00:00,0.7856123822341858,14.4,13.9,28.3,5.0,37.0,15.234362416107382,714.8,0.0,74.0,4.6,0.006,28.811493943472406,4.2,165.0,NORTE,7
2024-08-26 08:00:00,0.7856123822341858,19.7,14.1,33.9,6.0,61.0,15.234362416107382,715.3,0.0,73.0,4.4,0.051,28.811493943472406,4.4,161.0,NORTE,8
2024-08-26 09:00:00,0.7856123822341858,18.2,15.3,33.4,10.0,57.0,15.234362416107382,715.5,0.0,68.0,4.7,0.224,28.811493943472406,4.0,203.0,NORTE,9
2024-08-26 10:00:00,0.7856123822341858,10.9,15.1,26.0,21.0,50.0,15.234362416107382,715.6,0.0,57.0,4.6,0.391,28.811493943472406,3.7,309.0,NORTE,10
2024-08-26 11:00:00,0.7856123822341858,7.5,14.8,22.4,34.0,49.0,15.234362416107382,715.6,0.0,48.0,4.4,0.51,28.811493943472406,2.2,311.0,NORTE,11
2024-08-26 12:00:00,0.7856123822341858,3.7,9.9,13.7,54.0,50.0,15.234362416107382,715.3,0.0,41.0,5.5,0.627,28.811493943472406,7.0,72.0,NORTE,12
2024-08-26 13:00:00,0.7856123822341858,2.9,6.7,9.6,55.0,37.0,15.234362416107382,714.9,0.0,36.0,5.7,0.664,28.811493943472406,7.8,48.0,NORTE,13
2024-08-26 14:00:00,0.7856123822341858,2.6,6.4,9.0,64.0,38.0,15.234362416107382,714.3,0.0,33.0,8.9,0.716,28.811493943472406,8.5,57.0,NORTE,14
2024-08-26 15:00:00,0.7856123822341858,2.4,6.0,8.5,66.0,40.0,15.234362416107382,713.6,0.0,30.0,11.9,0.626,28.811493943472406,9.9,52.0,NORTE,15
2024-08-26 16:00:00,0.7856123822341858,2.4,5.3,7.7,60.0,43.0,15.234362416107382,713.1,0.0,27.0,9.0,0.537,28.811493943472406,9.6,61.0,NORTE,16
2024-08-26 17:00:00,0.7856123822341858,5.21153091265947,,15.856299603174604,56.0,29.0,15.234362416107382,712.9,0.0,26.0,6.3,0.401,28.811493943472406,9.7,65.0,NORTE,17
2024-08-26 18:00:00,0.7856123822341858,2.6,5.6,8.1,49.0,27.0,15.234362416107382,712.9,0.0,25.0,4.7,0.248,28.811493943472406,11.3,63.0,NORTE,18
2024-08-26 19:00:00,0.7856123822341858,2.7,9.7,12.4,37.0,18.0,15.234362416107382,712.9,0.0,31.0,5.1,0.069,28.811493943472406,11.3,92.0,NORTE,19
2024-08-26 20:00:00,0.7856123822341858,2.5,12.8,15.3,28.0,21.0,15.234362416107382,713.0,0.0,34.0,4.6,0.004,28.811493943472406,9.7,105.0,NORTE,20
2024-08-26 21:00:00,0.7856123822341858,2.6,13.7,16.4,24.0,7.0,15.234362416107382,713.4,0.0,37.0,3.5,0.0,28.811493943472406,9.3,81.0,NORTE,21
2024-08-26 22:00:00,0.7856123822341858,2.5,9.8,12.3,27.0,34.0,15.234362416107382,714.0,0.0,48.0,3.2,0.0,28.811493943472406,16.7,28.0,NORTE,22
2024-08-26 23:00:00,0.7856123822341858,2.6,7.2,9.8,21.0,34.0,15.234362416107382,714.2,0.0,58.0,3.4,0.0,28.811493943472406,17.3,39.0,NORTE,23
2024-08-27 00:00:00,0.7856123822341858,2.5,6.8,9.3,18.0,12.0,15.234362416107382,714.5,0.0,65.0,3.3,0.0,28.811493943472406,16.2,33.0,NORTE,0
2024-08-27 01:00:00,0.7856123822341858,2.1,4.9,7.0,18.0,21.0,15.234362416107382,714.4,0.0,66.0,6.3,0.0,28.811493943472406,13.4,64.0,NORTE,1
2024-08-27 02:00:00,0.7856123822341858,1.9,4.6,6.6,20.0,20.0,15.234362416107382,714.1,0.0,67.0,5.6,0.0,28.811493943472406,9.2,56.0,NORTE,2
2024-08-27 03:00:00,0.7856123822341858,1.9,3.8,5.7,21.0,20.0,15.234362416107382,713.8,0.0,69.0,4.5,0.0,28.811493943472406,9.5,60.0,NORTE,3
2024-08-27 04:00:00,0.7856123822341858,5.21153091265947,,15.856299603174604,20.0,41.0,15.234362416107382,713.7,0.0,72.0,4.6,0.0,28.811493943472406,7.5,63.0,NORTE,4
2024-08-27 05:00:00,0.7856123822341858,5.21153091265947,,15.856299603174604,19.0,20.0,15.234362416107382,713.6,0.0,73.0,4.6,0.0,28.811493943472406,4.0,97.0,NORTE,5
2024-08-27 06:00:00,0.7856123822341858,3.1,6.3,9.4,15.0,16.0,15.234362416107382,713.7,0.0,72.0,4.3,0.0,28.811493943472406,3.2,143.0,NORTE,6
2024-08-27 07:00:00,0.7856123822341858,3.2,9.5,12.6,9.0,25.0,15.234362416107382,713.9,0.0,74.0,4.0,0.005,28.811493943472406,4.0,251.0,NORTE,7
2024-08-27 08:00:00,0.7856123822341858,13.5,11.6,25.1,6.0,28.0,15.234362416107382,714.2,0.0,78.0,3.7,0.045,28.811493943472406,7.0,248.0,NORTE,8
2024-08-27 09:00:00,0.7856123822341858,8.5,8.8,17.3,14.0,31.0,15.234362416107382,714.3,0.0,69.0,3.4,0.228,28.811493943472406,7.2,269.0,NORTE,9
2024-08-27 10:00:00,0.7856123822341858,6.3,8.8,15.1,22.0,41.0,15.234362416107382,714.5,0.0,55.0,3.2,0.404,28.811493943472406,4.4,311.0,NORTE,10
2024-08-27 11:00:00,0.7856123822341858,5.3,10.1,15.4,34.0,34.0,15.234362416107382,714.7,0.0,57.16687898089172,3.0,0.554,28.811493943472406,3.1,108.0,NORTE,11
2024-08-27 12:00:00,0.7856123822341858,4.0,10.0,14.0,52.0,41.0,15.234362416107382,714.4,0.0,57.16687898089172,3.0,0.659,28.811493943472406,6.0,65.0,NORTE,12
2024-08-27 13:00:00,0.7856123822341858,3.1,7.2,10.3,56.0,43.49255751014885,15.234362416107382,713.9,0.0,57.16687898089172,3.2,0.713,28.811493943472406,12.0,55.0,NORTE,13
2024-08-27 14:00:00,0.7856123822341858,2.7,5.5,8.3,56.0,119.0,15.234362416107382,713.2,0.0,57.16687898089172,6.2,0.742,28.811493943472406,13.7,66.0,NORTE,14
2024-08-27 15:00:00,0.7856123822341858,2.7,4.3,7.0,45.0,49.0,15.234362416107382,712.7,0.0,57.16687898089172,4.5,0.66,28.811493943472406,13.1,56.0,NORTE,15
2024-08-27 16:00:00,0.7856123822341858,3.4,6.2,9.6,35.0,40.0,15.234362416107382,712.7,0.0,57.16687898089172,3.9,0.253,28.811493943472406,16.6,342.0,NORTE,16
2024-08-27 17:00:00,0.7856123822341858,3.6,6.6,10.2,32.0,49.0,15.234362416107382,712.5,0.0,57.16687898089172,3.4,0.203,28.811493943472406,9.3,18.0,NORTE,17
2024-08-27 18:00:00,0.7856123822341858,4.0,7.6,11.6,31.0,35.0,15.234362416107382,713.3,0.4,57.16687898089172,3.1,0.252,28.811493943472406,11.9,92.0,NORTE,18
2024-08-27 19:00:00,0.7856123822341858,3.1,9.7,12.9,29.0,21.0,15.234362416107382,712.7,0.0,57.16687898089172,3.3,0.085,28.811493943472406,8.1,61.0,NORTE,19
2024-08-27 20:00:00,0.7856123822341858,3.5,18.3,21.8,16.0,18.0,15.234362416107382,712.7,0.0,57.16687898089172,3.3,0.002,28.811493943472406,8.5,82.0,NORTE,20
2024-08-27 21:00:00,0.7856123822341858,17.0,27.1,44.1,4.0,28.0,15.234362416107382,713.3,0.0,57.16687898089172,4.0,0.0,28.811493943472406,6.4,97.0,NORTE,21
2024-08-27 22:00:00,0.7856123822341858,9.6,21.4,31.1,8.0,39.0,15.234362416107382,713.7,0.0,57.16687898089172,4.1,0.0,28.811493943472406,9.2,114.0,NORTE,22
2024-08-27 23:00:00,0.7856123822341858,2.5,9.8,12.3,19.0,37.0,15.234362416107382,713.8,0.0,57.16687898089172,7.4,0.0,28.811493943472406,11.2,69.0,NORTE,23
2024-08-28 00:00:00,0.7856123822341858,2.4,11.7,14.0,18.0,25.0,15.234362416107382,714.3,0.0,57.16687898089172,5.7,0.0,28.811493943472406,6.9,83.0,NORTE,0
2024-08-28 01:00:00,0.7856123822341858,2.5,13.1,15.6,15.0,21.0,15.234362416107382,714.2,0.0,57.16687898089172,6.0,0.0,28.811493943472406,5.4,89.0,NORTE,1
2024-08-28 02:00:00,0.7856123822341858,5.0,18.4,23.5,8.0,27.0,15.234362416107382,713.8,0.0,57.16687898089172,5.2,0.0,28.811493943472406,3.5,187.0,NORTE,2
2024-08-28 03:00:00,0.7856123822341858,5.21153091265947,,15.856299603174604,28.09115523465704,43.49255751014885,15.234362416107382,716.1195045045044,0.014090090090090091,57.16687898089172,3.343688007213706,0.0,28.811493943472406,9.293783783783784,128.5471357690573,NORTE,3
2024-08-28 04:00:00,0.7856123822341858,4.4,15.4,19.8,9.0,26.0,15.234362416107382,713.3,0.0,57.16687898089172,5.9,0.0,28.811493943472406,2.8,239.0,NORTE,4
2024-08-28 05:00:00,0.7856123822341858,2.6,8.5,11.1,14.0,31.0,15.234362416107382,713.3,0.0,57.16687898089172,11.1,0.0,28.811493943472406,4.5,107.0,NORTE,5
2024-08-28 06:00:00,0.7856123822341858,2.2,6.6,8.8,14.0,23.0,15.234362416107382,713.5,0.0,57.16687898089172,10.4,0.0,28.811493943472406,5.5,91.0,NORTE,6
2024-08-28 07:00:00,0.7856123822341858,3.1,9.9,13.0,11.0,26.0,15.234362416107382,713.6,0.0,57.16687898089172,12.4,0.005,28.811493943472406,2.8,121.0,NORTE,7
2024-08-28 08:00:00,0.7856123822341858,7.0,11.3,18.3,9.0,32.0,15.234362416107382,713.8,0.0,57.16687898089172,9.8,0.056,28.811493943472406,4.1,252.0,NORTE,8
2024-08-28 09:00:00,0.7856123822341858,7.1,9.7,16.8,16.0,36.0,15.234362416107382,713.8,0.0,57.16687898089172,9.3,0.244,28.811493943472406,3.9,267.0,NORTE,9
2024-08-28 10:00:00,0.7856123822341858,5.0,8.0,13.0,28.0,38.0,15.234362416107382,714.1,0.0,57.16687898089172,7.9,0.403,28.811493943472406,2.6,211.0,NORTE,10
2024-08-28 11:00:00,0.7856123822341858,4.7,9.8,14.5,39.0,29.0,15.234362416107382,714.2,0.0,57.16687898089172,6.2,0.534,28.811493943472406,1.3,350.0,NORTE,11
2024-08-28 12:00:00,0.7856123822341858,4.1,13.2,17.3,61.0,44.0,15.234362416107382,714.1,0.0,57.16687898089172,5.2,0.578,28.811493943472406,6.4,77.0,NORTE,12
2024-08-28 13:00:00,0.7856123822341858,2.8,7.1,9.9,59.0,36.0,15.234362416107382,713.5,0.0,57.16687898089172,4.7,0.723,28.811493943472406,10.4,68.0,NORTE,13
2024-08-28 14:00:00,0.7856123822341858,2.6,5.8,8.4,56.0,27.0,15.234362416107382,712.8,0.0,57.16687898089172,7.6,0.695,28.811493943472406,9.4,61.0,NORTE,14
2024-08-28 15:00:00,0.7856123822341858,3.2,5.4,8.6,43.0,25.0,15.234362416107382,712.1,0.0,57.16687898089172,4.4,0.641,28.811493943472406,11.5,74.0,NORTE,15
2024-08-28 16:00:00,0.7856123822341858,3.0,5.6,8.6,48.0,26.0,15.234362416107382,711.4,0.0,57.16687898089172,4.2,0.555,28.811493943472406,12.1,72.0,NORTE,16
2024-08-28 17:00:00,0.7856123822341858,2.8,5.7,8.5,44.0,25.0,15.234362416107382,711.2,0.0,57.16687898089172,4.5,0.306,28.811493943472406,13.6,62.0,NORTE,17
2024-08-28 18:00:00,0.7856123822341858,3.1,6.7,9.8,39.0,30.0,15.234362416107382,711.1,0.0,57.16687898089172,5.8,0.242,28.811493943472406,13.0,75.0,NORTE,18
2024-08-28 19:00:00,0.7856123822341858,3.0,7.4,10.4,30.0,35.0,15.234362416107382,711.8,0.0,57.16687898089172,4.2,0.096,28.811493943472406,19.9,58.0,NORTE,19
2024-08-28 20:00:00,0.7856123822341858,2.7,6.2,8.8,27.0,54.0,15.234362416107382,712.7,0.0,57.16687898089172,4.0,0.003,28.811493943472406,24.0,66.0,NORTE,20
2024-08-28 21:00:00,0.7856123822341858,2.8,7.8,10.6,24.0,28.0,15.234362416107382,713.0,0.0,57.16687898089172,3.4,0.0,28.811493943472406,16.7,73.0,NORTE,21
2024-08-28 22:00:00,0.7856123822341858,2.9,11.5,14.4,18.0,15.0,15.234362416107382,712.8,0.0,57.16687898089172,3.3,0.0,28.811493943472406,7.7,79.0,NORTE,22
2024-08-28 23:00:00,0.7856123822341858,3.6,15.7,19.3,13.0,31.0,15.234362416107382,713.0,0.0,57.16687898089172,3.5,0.0,28.811493943472406,2.8,220.0,NORTE,23
2024-08-29 00:00:00,0.7856123822341858,2.1,7.8,10.0,23.0,18.0,15.234362416107382,713.3,0.0,57.16687898089172,4.3,0.0,28.811493943472406,6.6,73.0,NORTE,0
2024-08-29 01:00:00,0.7856123822341858,2.0,5.9,7.9,25.0,12.0,15.234362416107382,713.3,0.0,57.16687898089172,5.3,0.0,28.811493943472406,6.3,55.0,NORTE,1
2024-08-29 02:00:00,0.7856123822341858,1.9,5.3,7.2,27.0,11.0,15.234362416107382,713.0,0.0,57.16687898089172,4.3,0.0,28.811493943472406,6.1,57.0,NORTE,2
2024-08-29 03:00:00,0.7856123822341858,1.9,8.3,10.2,21.0,12.0,15.234362416107382,712.6,0.0,57.16687898089172,3.7,0.0,28.811493943472406,1.7,143.0,NORTE,3
2024-08-29 04:00:00,0.7856123822341858,2.0,14.1,16.1,12.0,17.0,15.234362416107382,712.2,0.0,57.16687898089172,3.8,0.0,28.811493943472406,4.9,275.0,NORTE,4
2024-08-29 05:00:00,0.7856123822341858,1.9,7.8,9.8,20.0,21.0,15.234362416107382,712.2,0.0,57.16687898089172,3.7,0.0,28.811493943472406,2.3,201.0,NORTE,5
2024-08-29 06:00:00,0.7856123822341858,6.3,12.8,19.0,12.0,19.0,15.234362416107382,712.5,0.0,57.16687898089172,3.5,0.0,28.811493943472406,2.2,151.0,NORTE,6
2024-08-29 07:00:00,0.7856123822341858,19.0,19.4,38.4,4.0,29.0,15.234362416107382,713.0,0.0,57.16687898089172,3.6,0.002,28.811493943472406,5.3,220.0,NORTE,7
2024-08-29 08:00:00,0.7856123822341858,17.3,19.4,36.7,5.0,39.0,15.234362416107382,713.4,0.0,57.16687898089172,3.7,0.028,28.811493943472406,4.2,192.0,NORTE,8
2024-08-29 09:00:00,0.7856123822341858,16.8,19.7,36.5,7.0,34.0,15.234362416107382,713.6,0.0,57.16687898089172,3.8,0.1,28.811493943472406,4.5,229.0,NORTE,9
2024-08-29 10:00:00,0.7856123822341858,10.3,18.1,28.4,13.0,54.0,15.234362416107382,713.8,0.0,57.16687898089172,3.8,0.137,28.811493943472406,2.6,286.0,NORTE,10
2024-08-29 11:00:00,0.7856123822341858,7.5,15.7,23.2,21.0,39.0,15.234362416107382,713.9,0.0,57.16687898089172,3.9,0.217,28.811493943472406,3.2,352.0,NORTE,11
2024-08-29 12:00:00,0.7856123822341858,5.4,11.5,16.9,36.0,42.0,15.234362416107382,713.7,0.0,57.16687898089172,4.7,0.552,28.811493943472406,2.3,183.0,NORTE,12
2024-08-29 13:00:00,0.7856123822341858,3.3,8.8,12.1,61.0,43.0,15.234362416107382,713.1,0.0,57.16687898089172,4.6,0.67,28.811493943472406,4.9,117.0,NORTE,13
2024-08-29 14:00:00,0.7856123822341858,2.4,6.5,8.9,70.0,52.0,15.234362416107382,712.4,0.0,57.16687898089172,3.7,0.411,28.811493943472406,5.1,63.0,NORTE,14
2024-08-29 15:00:00,0.7856123822341858,2.3,5.7,8.0,69.0,33.0,15.234362416107382,711.8,0.0,57.16687898089172,3.4,0.485,28.811493943472406,6.4,47.0,NORTE,15
2024-08-29 16:00:00,0.7856123822341858,2.4,7.9,10.4,80.0,36.0,15.234362416107382,711.3,0.0,57.16687898089172,4.6,0.417,28.811493943472406,9.2,68.0,NORTE,16
2024-08-29 17:00:00,0.7856123822341858,2.8,7.7,10.5,61.0,40.0,15.234362416107382,711.1,0.0,57.16687898089172,4.7,0.368,28.811493943472406,11.3,69.0,NORTE,17
2024-08-29 18:00:00,0.7856123822341858,2.6,9.7,12.3,65.0,19.0,15.234362416107382,711.1,0.0,57.16687898089172,6.4,0.19,28.811493943472406,11.1,79.0,NORTE,18
2024-08-29 19:00:00,0.7856123822341858,2.4,11.9,14.3,53.0,30.0,15.234362416107382,710.9,0.0,57.16687898089172,5.9,0.076,28.811493943472406,10.6,84.0,NORTE,19
2024-08-29 20:00:00,0.7856123822341858,2.3,15.1,17.4,38.0,24.0,15.234362416107382,711.2,0.0,57.16687898089172,4.9,0.002,28.811493943472406,8.6,69.0,NORTE,20
2024-08-29 21:00:00,0.7856123822341858,2.4,12.4,14.8,35.0,30.0,15.234362416107382,711.7,0.0,57.16687898089172,3.8,0.0,28.811493943472406,9.4,66.0,NORTE,21
2024-08-29 22:00:00,0.7856123822341858,2.3,23.8,26.0,24.0,24.0,15.234362416107382,712.1,0.0,57.16687898089172,4.2,0.0,28.811493943472406,6.7,92.0,NORTE,22
2024-08-29 23:00:00,0.7856123822341858,2.6,13.0,15.6,27.0,33.0,15.234362416107382,712.5,0.0,57.16687898089172,3.7,0.0,28.811493943472406,13.5,33.0,NORTE,23
2024-08-30 00:00:00,0.7856123822341858,2.3,8.7,11.0,27.0,24.0,15.234362416107382,712.7,0.0,57.16687898089172,4.8,0.0,28.811493943472406,11.6,58.0,NORTE,0
2024-08-30 01:00:00,0.7856123822341858,2.3,8.2,10.5,26.0,20.0,15.234362416107382,712.5,0.0,57.16687898089172,5.3,0.0,28.811493943472406,4.0,126.0,NORTE,1
2024-08-30 02:00:00,0.7856123822341858,2.0,9.2,11.1,23.0,18.0,15.234362416107382,712.1,0.0,57.16687898089172,4.9,0.0,28.811493943472406,4.3,288.0,NORTE,2
2024-08-30 03:00:00,0.7856123822341858,2.0,13.1,15.1,15.0,22.0,15.234362416107382,711.8,0.0,57.16687898089172,4.3,0.0,28.811493943472406,5.6,236.0,NORTE,3
2024-08-30 04:00:00,0.7856123822341858,2.1,12.5,14.6,14.0,20.0,15.234362416107382,711.5,0.0,57.16687898089172,4.0,0.0,28.811493943472406,1.9,232.0,NORTE,4
2024-08-30 05:00:00,0.7856123822341858,8.8,20.4,29.2,4.0,37.0,15.234362416107382,711.7,0.0,57.16687898089172,3.8,0.0,28.811493943472406,5.9,228.0,NORTE,5
2024-08-30 06:00:00,0.7856123822341858,6.1,20.3,26.4,4.0,42.0,15.234362416107382,711.9,0.0,57.16687898089172,3.6,0.0,28.811493943472406,6.1,274.0,NORTE,6
2024-08-30 07:00:00,0.7856123822341858,6.1,19.6,25.6,5.0,24.0,15.234362416107382,712.2,0.0,57.16687898089172,3.3,0.005,28.811493943472406,5.1,281.0,NORTE,7
2024-08-30 08:00:00,0.7856123822341858,14.9,18.0,32.9,7.0,36.0,15.234362416107382,712.5,0.0,57.16687898089172,3.3,0.085,28.811493943472406,5.8,277.0,NORTE,8
2024-08-30 09:00:00,0.7856123822341858,12.7,17.5,30.2,15.0,79.0,15.234362416107382,712.7,0.0,57.16687898089172,3.2,0.245,28.811493943472406,5.8,302.0,NORTE,9
2024-08-30 10:00:00,0.7856123822341858,12.0,20.1,32.1,27.0,113.0,15.234362416107382,712.9,0.0,57.16687898089172,3.2,0.401,28.811493943472406,5.5,268.0,NORTE,10
2024-08-30 11:00:00,0.7856123822341858,3.3,7.2,10.5,49.0,69.0,15.234362416107382,713.1,0.0,57.16687898089172,3.1,0.539,28.811493943472406,5.9,239.0,NORTE,11
2024-08-30 12:00:00,0.7856123822341858,2.8,7.0,9.7,60.0,41.0,15.234362416107382,712.9,0.0,57.16687898089172,3.3,0.647,28.811493943472406,4.4,303.0,NORTE,12
2024-08-30 13:00:00,0.7856123822341858,2.5,5.5,8.1,68.0,40.0,15.234362416107382,712.4,0.0,57.16687898089172,3.3,0.668,28.811493943472406,6.5,14.0,NORTE,13
2024-08-30 14:00:00,0.7856123822341858,2.4,5.5,7.9,70.0,35.0,15.234362416107382,711.7,0.0,57.16687898089172,3.4,0.68,28.811493943472406,6.2,35.0,NORTE,14
2024-08-30 15:00:00,0.7856123822341858,2.3,5.4,7.7,64.0,33.0,15.234362416107382,711.1,0.0,57.16687898089172,3.2,0.327,28.811493943472406,9.1,13.0,NORTE,15
2024-08-30 16:00:00,0.7856123822341858,2.3,5.5,7.8,71.0,28.0,15.234362416107382,710.6,0.0,57.16687898089172,3.1,0.45,28.811493943472406,7.3,59.0,NORTE,16
2024-08-30 17:00:00,0.7856123822341858,5.21153091265947,6.6,8.9,65.0,27.0,15.234362416107382,710.2,0.0,57.16687898089172,3.1,0.187,28.811493943472406,8.1,43.0,NORTE,17
2024-08-30 18:00:00,0.7856123822341858,2.1,8.3,10.5,48.0,30.0,15.234362416107382,710.5,0.6,57.16687898089172,3.8,0.032,28.811493943472406,8.9,78.0,NORTE,18
2024-08-30 19:00:00,0.7856123822341858,2.6,8.5,11.0,36.0,41.0,15.234362416107382,711.2,26.2,57.16687898089172,3.3,0.007,28.811493943472406,13.4,104.0,NORTE,19
2024-08-30 20:00:00,0.7856123822341858,2.9,17.7,20.6,22.0,11.0,15.234362416107382,711.8,0.4,57.16687898089172,2.9,0.001,28.811493943472406,9.9,82.0,NORTE,20
2024-08-30 21:00:00,0.7856123822341858,2.4,12.7,15.1,29.0,14.0,15.234362416107382,712.5,0.4,57.16687898089172,2.8,0.0,28.811493943472406,11.5,69.0,NORTE,21
2024-08-30 22:00:00,0.7856123822341858,2.2,10.5,12.7,27.0,15.0,15.234362416107382,713.0,0.0,57.16687898089172,2.8,0.0,28.811493943472406,9.6,83.0,NORTE,22
2024-08-30 23:00:00,0.7856123822341858,3.5,16.7,20.2,21.0,15.0,15.234362416107382,713.3,0.0,57.16687898089172,2.9,0.0,28.811493943472406,5.9,118.0,NORTE,23
2024-08-31 00:00:00,0.7856123822341858,2.5,12.9,15.4,18.0,17.0,15.234362416107382,713.3,0.0,57.16687898089172,2.9,0.0,28.811493943472406,6.0,110.0,NORTE,0
2024-08-31 01:00:00,0.7856123822341858,2.1,10.2,12.4,18.0,20.0,15.234362416107382,712.9,0.0,57.16687898089172,3.0,0.0,28.811493943472406,2.5,113.0,NORTE,1
2024-08-31 02:00:00,0.7856123822341858,2.1,11.5,13.5,15.0,21.0,15.234362416107382,712.4,0.0,57.16687898089172,3.1,0.0,28.811493943472406,0.5,145.0,NORTE,2
2024-08-31 03:00:00,0.7856123822341858,5.21153091265947,12.0,14.0,14.0,24.0,15.234362416107382,712.3,0.0,57.16687898089172,3.2,0.0,28.811493943472406,2.5,120.0,NORTE,3
2024-08-31 04:00:00,0.7856123822341858,5.21153091265947,13.2,15.4,12.0,25.0,15.234362416107382,712.4,0.0,57.16687898089172,3.1,0.0,28.811493943472406,2.2,133.0,NORTE,4
2024-08-31 05:00:00,0.7856123822341858,2.4,15.8,18.3,9.0,26.0,15.234362416107382,712.4,0.0,57.16687898089172,3.0,0.0,28.811493943472406,3.1,223.0,NORTE,5
2024-08-31 06:00:00,0.7856123822341858,3.2,18.1,21.3,6.0,29.0,15.234362416107382,712.4,0.0,57.16687898089172,3.0,0.0,28.811493943472406,5.1,271.0,NORTE,6
2024-08-31 07:00:00,0.7856123822341858,2.7,13.4,16.1,10.0,30.0,15.234362416107382,712.7,0.0,57.16687898089172,2.9,0.008,28.811493943472406,4.5,276.0,NORTE,7
2024-08-31 08:00:00,0.7856123822341858,7.0,14.5,21.5,9.0,36.0,15.234362416107382,713.1,0.0,57.16687898089172,3.0,0.054,28.811493943472406,3.9,259.0,NORTE,8
2024-08-31 09:00:00,0.7856123822341858,6.9,13.8,20.6,13.0,55.0,15.234362416107382,713.5,0.0,57.16687898089172,2.9,0.132,28.811493943472406,4.3,250.0,NORTE,9
2024-08-31 10:00:00,0.7856123822341858,7.6,15.1,22.6,17.0,71.0,15.234362416107382,713.7,0.0,57.16687898089172,2.9,0.202,28.811493943472406,2.0,263.0,NORTE,10
2024-08-31 11:00:00,0.7856123822341858,5.7,14.2,19.9,28.0,75.0,15.234362416107382,713.5,0.0,57.16687898089172,2.9,0.303,28.811493943472406,1.8,252.0,NORTE,11
2024-08-31 12:00:00,0.7856123822341858,4.1,10.3,14.4,39.0,62.0,15.234362416107382,712.9,0.0,57.16687898089172,2.9,0.617,28.811493943472406,2.2,336.0,NORTE,12
2024-08-31 13:00:00,0.7856123822341858,2.6,5.6,8.2,45.0,34.0,15.234362416107382,712.3,0.0,57.16687898089172,2.8,0.627,28.811493943472406,5.0,356.0,NORTE,13
2024-08-31 14:00:00,0.7856123822341858,3.3,6.5,9.8,40.0,33.0,15.234362416107382,712.0,0.0,57.16687898089172,2.8,0.382,28.811493943472406,17.5,357.0,NORTE,14
2024-08-31 15:00:00,0.7856123822341858,3.8,12.3,16.2,32.0,28.0,15.234362416107382,712.0,0.0,57.16687898089172,2.8,0.119,28.811493943472406,6.1,77.0,NORTE,15
2024-08-31 16:00:00,0.7856123822341858,4.8,12.9,17.7,36.0,22.0,15.234362416107382,711.4,0.0,57.16687898089172,3.0,0.326,28.811493943472406,6.4,90.0,NORTE,16
2024-08-31 17:00:00,0.7856123822341858,4.3,12.8,17.1,34.0,18.0,15.234362416107382,710.9,0.0,57.16687898089172,2.9,0.22,28.811493943472406,5.8,96.0,NORTE,17
2024-08-31 18:00:00,0.7856123822341858,3.4,13.0,16.3,36.0,17.0,15.234362416107382,710.7,0.0,57.16687898089172,2.8,0.133,28.811493943472406,6.3,90.0,NORTE,18
2024-08-31 19:00:00,0.7856123822341858,3.0,18.4,21.4,31.0,16.0,15.234362416107382,711.0,0.0,57.16687898089172,2.9,0.069,28.811493943472406,5.9,94.0,NORTE,19
2024-08-31 20:00:00,0.7856123822341858,5.2,32.6,37.7,9.0,25.0,15.234362416107382,711.4,0.0,57.16687898089172,2.9,0.001,28.811493943472406,6.0,102.0,NORTE,20
2024-08-31 21:00:00,0.7856123822341858,8.4,31.7,40.1,8.0,30.0,15.234362416107382,711.7,0.0,57.16687898089172,3.0,0.0,28.811493943472406,3.8,77.0,NORTE,21
2024-08-31 22:00:00,0.7856123822341858,3.0,21.3,24.2,16.0,26.0,15.234362416107382,712.1,0.0,57.16687898089172,3.0,0.0,28.811493943472406,4.7,81.0,NORTE,22
2024-08-31 23:00:00,0.7856123822341858,6.0,27.8,33.8,8.0,30.0,15.234362416107382,712.3,0.0,57.16687898089172,2.9,0.0,28.811493943472406,5.7,87.0,NORTE,23
2024-08-01 00:00:00,0.7856123822341858,5.21153091265947,,15.856299603174604,28.09115523465704,43.49255751014885,15.234362416107382,716.1195045045044,0.014090090090090091,57.16687898089172,3.343688007213706,0.22159567762269247,28.811493943472406,9.293783783783784,128.5471357690573,SURESTE,0
2024-08-01 01:00:00,0.66,2.1,3.9,5.9,16.0,95.0,15.234362416107382,723.6,0.0,75.0,1.9,0.0,26.05,13.4,114.0,SURESTE,1
2024-08-01 02:00:00,0.65,2.0,2.9,4.9,15.0,93.0,15.234362416107382,723.6,0.0,81.0,1.9,0.0,25.28,11.7,110.0,SURESTE,2
2024-08-01 03:00:00,0.64,2.0,2.4,4.4,14.0,92.0,15.234362416107382,723.6,0.0,83.0,1.9,0.0,24.86,9.6,109.0,SURESTE,3
2024-08-01 04:00:00,0.64,2.0,2.5,4.5,14.0,87.0,15.234362416107382,723.6,0.0,84.0,1.9,0.0,24.57,8.0,109.0,SURESTE,4
2024-08-01 05:00:00,0.64,2.0,3.0,4.9,13.0,84.0,15.234362416107382,723.6,0.0,84.0,1.8,0.0,24.44,8.6,105.0,SURESTE,5
2024-08-01 06:00:00,0.69,2.8,9.0,11.8,6.0,89.0,34.5,723.6,0.0,86.0,1.7,0.0,24.29,8.5,62.0,SURESTE,6
2024-08-01 07:00:00,0.77,6.8,11.8,18.5,4.0,94.0,33.53,724.2,0.0,87.0,1.9,0.012,23.96,9.5,60.0,SURESTE,7
2024-08-01 08:00:00,0.8,8.0,10.5,18.4,7.0,100.0,33.91,724.8,0.0,86.0,1.9,0.072,24.33,8.7,71.0,SURESTE,8
2024-08-01 09:00:00,0.86,10.3,10.3,20.5,12.0,98.0,36.13,725.4,0.0,79.0,2.1,0.243,25.98,8.7,73.0,SURESTE,9
2024-08-01 10:00:00,0.84,7.3,11.1,18.4,17.0,100.0,30.72,725.8,0.0,74.0,2.2,0.213,26.72,7.7,71.0,SURESTE,10
2024-08-01 11:00:00,0.88,5.3,11.9,17.2,26.0,103.0,30.59,726.1,0.0,69.0,2.3,0.238,27.69,6.8,94.0,SURESTE,11
2024-08-01 12:00:00,0.81,4.6,12.1,16.6,36.0,110.0,25.32,726.1,0.0,64.0,2.4,0.393,28.71,10.1,63.0,SURESTE,12
2024-08-01 13:00:00,0.75,3.4,6.4,9.8,41.0,109.0,25.3,725.7,0.0,58.0,2.5,0.577,30.17,15.0,88.0,SURESTE,13
2024-08-01 14:00:00,0.76,3.5,5.1,8.7,33.0,106.0,23.64,725.3,0.0,56.0,2.3,0.56,30.94,16.1,110.0,SURESTE,14
2024-08-01 15:00:00,0.78,4.3,5.4,9.7,31.0,98.0,23.64,725.0,0.0,51.0,2.2,0.496,31.69,17.7,113.0,SURESTE,15
2024-08-01 16:00:00,0.75,4.0,5.0,9.1,31.0,94.0,24.08,724.7,0.0,48.0,2.1,0.431,32.27,17.2,121.0,SURESTE,16
2024-08-01 17:00:00,0.71,4.2,5.2,9.4,30.0,94.0,25.24,724.5,0.0,44.0,2.1,0.32,32.6,18.4,125.0,SURESTE,17
2024-08-01 18:00:00,0.68,4.1,5.0,9.1,29.0,76.0,25.21,724.0,0.0,44.0,2.0,0.198,32.24,19.2,127.0,SURESTE,18
2024-08-01 19:00:00,0.7,3.6,5.0,8.7,29.0,88.0,24.75,724.3,0.0,48.0,1.9,0.072,31.42,18.3,130.0,SURESTE,19
2024-08-01 20:00:00,0.69,4.0,6.0,10.0,26.0,82.0,24.76,724.6,0.0,45.0,2.0,0.005,30.89,17.1,149.0,SURESTE,20
2024-08-01 21:00:00,0.66,4.1,5.3,9.4,25.0,86.0,24.95,724.7,0.0,43.0,2.1,0.0,30.92,18.2,152.0,SURESTE,21
2024-08-01 22:00:00,0.68,3.9,6.2,10.1,20.0,125.0,25.12,725.2,0.0,47.0,2.0,0.0,30.48,15.2,141.0,SURESTE,22
2024-08-01 23:00:00,0.72,3.8,6.7,10.5,17.0,108.0,25.8,725.4,0.0,60.0,1.9,0.0,28.47,17.8,116.0,SURESTE,23
2024-08-02 00:00:00,0.66,3.3,4.1,7.4,14.0,81.0,21.0,725.7,0.0,68.0,1.8,0.0,27.43,16.7,108.0,SURESTE,0
2024-08-02 01:00:00,0.67,3.2,4.3,7.6,13.0,72.0,20.75,725.9,0.0,73.0,1.8,0.0,26.35,11.9,114.0,SURESTE,1
2024-08-02 02:00:00,0.65,3.1,3.5,6.7,12.0,72.0,21.73,725.8,0.0,77.0,1.7,0.0,25.46,14.1,98.0,SURESTE,2
2024-08-02 03:00:00,0.66,3.3,3.5,6.8,11.0,68.0,23.15,725.5,0.0,80.0,1.7,0.0,24.73,9.8,103.0,SURESTE,3
2024-08-02 04:00:00,0.65,3.5,3.2,6.8,12.0,63.0,22.15,725.5,0.0,81.0,1.7,0.0,24.33,6.6,97.0,SURESTE,4
2024-08-02 05:00:00,0.67,4.4,7.7,12.0,7.0,62.0,20.05,725.4,0.0,83.0,1.7,0.0,24.03,6.7,51.0,SURESTE,5
2024-08-02 06:00:00,0.68,4.4,10.3,14.7,6.0,61.0,19.05,725.6,0.0,84.0,1.9,0.0,23.86,6.0,60.0,SURESTE,6
2024-08-02 07:00:00,0.73,8.4,11.8,20.1,5.0,61.0,20.59,725.9,0.0,83.0,2.0,0.021,24.15,4.3,32.0,SURESTE,7
2024-08-02 08:00:00,0.78,12.7,11.9,24.5,7.0,66.0,24.59,726.4,0.0,78.0,2.2,0.099,25.5,3.4,93.0,SURESTE,8
2024-08-02 09:00:00,0.83,13.6,13.5,27.0,12.0,78.0,26.85,726.6,0.0,73.0,2.1,0.135,26.4,4.0,329.0,SURESTE,9
2024-08-02 10:00:00,0.84,11.3,13.9,25.1,22.0,79.0,26.29,726.9,0.0,67.0,2.1,0.381,28.05,7.2,50.0,SURESTE,10
2024-08-02 11:00:00,0.85,9.8,14.1,23.7,30.0,91.0,29.27,727.0,0.0,64.0,2.2,0.475,28.88,9.4,77.0,SURESTE,11
2024-08-02 12:00:00,0.84,6.1,11.0,17.0,44.0,97.0,36.73,726.8,0.0,62.0,2.9,0.53,29.44,14.1,84.0,SURESTE,12
2024-08-02 13:00:00,0.84,4.6,8.7,13.3,46.0,109.0,36.72,726.2,0.0,55.0,3.9,0.568,30.72,16.3,103.0,SURESTE,13
2024-08-02 14:00:00,0.79,4.3,5.2,9.6,29.0,101.0,27.53,725.8,0.0,51.0,2.9,0.575,31.55,17.4,107.0,SURESTE,14
2024-08-02 15:00:00,0.76,4.3,4.8,9.1,27.0,82.0,28.87,725.2,0.0,48.0,2.3,0.51,32.23,15.7,122.0,SURESTE,15
2024-08-02 16:00:00,0.73,5.6,5.2,10.8,27.0,72.0,20.95,724.7,0.0,43.0,2.1,0.449,32.96,15.3,123.0,SURESTE,16
2024-08-02 17:00:00,0.7,4.2,4.7,9.0,28.0,62.0,18.43,724.4,0.0,48.0,2.0,0.345,32.83,15.0,141.0,SURESTE,17
2024-08-02 18:00:00,0.71,4.1,5.0,9.1,28.0,53.0,17.36,724.0,0.0,47.0,2.0,0.21,32.8,13.9,131.0,SURESTE,18
2024-08-02 19:00:00,0.73,4.2,6.3,10.6,25.0,56.0,17.95,724.0,0.0,50.0,2.0,0.061,31.89,11.8,140.0,SURESTE,19
2024-08-02 20:00:00,0.74,4.3,7.3,11.7,21.0,60.0,13.92,724.0,0.0,51.0,1.9,0.004,30.9,10.2,141.0,SURESTE,20
2024-08-02 21:00:00,0.73,4.5,7.1,11.5,20.0,47.0,13.23,724.0,0.0,52.0,2.0,0.0,30.53,9.2,145.0,SURESTE,21
2024-08-02 22:00:00,0.73,4.3,7.0,11.3,20.0,33.0,12.38,724.4,0.0,53.0,1.9,0.0,30.28,7.5,139.0,SURESTE,22
2024-08-02 23:00:00,0.73,4.2,7.3,11.5,19.0,40.0,11.03,724.7,0.0,52.0,1.8,0.0,30.09,7.2,124.0,SURESTE,23
2024-08-03 00:00:00,0.63,3.9,4.5,8.4,24.0,33.0,17.0,724.6,0.0,50.0,1.9,0.0,29.77,8.0,164.0,SURESTE,0
2024-08-03 01:00:00,0.72,3.6,7.6,11.2,17.0,35.0,11.2,724.2,0.0,63.0,1.8,0.0,27.78,13.8,100.0,SURESTE,1
2024-08-03 02:00:00,0.7,3.3,6.3,9.6,17.0,55.0,16.77,724.1,0.0,69.0,1.9,0.0,26.82,9.1,75.0,SURESTE,2
2024-08-03 03:00:00,0.73,3.7,8.9,12.7,12.0,58.0,18.31,723.6,0.0,72.0,1.8,0.0,26.1,6.1,44.0,SURESTE,3
2024-08-03 04:00:00,0.73,3.8,8.8,12.6,10.0,58.0,19.66,723.6,0.0,76.0,1.8,0.0,25.4,5.9,48.0,SURESTE,4
2024-08-03 05:00:00,0.71,4.4,8.5,12.9,7.0,56.0,19.75,723.6,0.0,80.0,1.7,0.0,24.43,3.6,342.0,SURESTE,5
2024-08-03 06:00:00,0.85,12.9,12.9,25.7,3.0,52.0,17.45,724.0,0.0,82.0,1.8,0.0,24.2,2.7,246.0,SURESTE,6
2024-08-03 07:00:00,1.08,28.3,13.2,41.4,3.0,55.0,17.59,724.0,0.0,84.0,1.9,0.026,24.29,4.7,297.0,SURESTE,7
2024-08-03 08:00:00,1.08,34.0,17.0,50.8,5.0,73.0,20.12,724.3,0.0,79.0,2.1,0.138,26.2,7.0,303.0,SURESTE,8
2024-08-03 09:00:00,1.22,36.2,24.7,60.7,9.0,97.0,28.25,724.5,0.0,70.0,2.7,0.267,27.89,6.5,297.0,SURESTE,9
2024-08-03 10:00:00,1.08,15.5,17.8,33.3,21.0,105.0,30.62,724.7,0.0,63.0,2.9,0.395,29.39,6.3,356.0,SURESTE,10
2024-08-03 11:00:00,0.85,8.8,16.0,24.8,39.0,91.0,24.56,724.7,0.0,54.0,2.6,0.492,31.22,6.1,54.0,SURESTE,11
2024-08-03 12:00:00,0.84,5.2,9.4,14.5,47.0,85.0,22.26,724.6,0.0,44.0,2.9,0.56,32.1,13.1,98.0,SURESTE,12
2024-08-03 13:00:00,0.72,3.3,7.1,10.3,41.0,63.0,20.25,724.2,0.0,40.0,3.5,0.582,32.64,15.4,97.0,SURESTE,13
2024-08-03 14:00:00,0.68,3.2,6.6,9.8,46.0,57.0,17.91,723.7,0.0,38.0,8.4,0.572,33.32,13.4,135.0,SURESTE,14
2024-08-03 15:00:00,0.7,3.9,6.8,10.7,41.0,60.0,18.13,723.0,0.0,37.0,8.2,0.511,33.82,14.2,130.0,SURESTE,15
2024-08-03 16:00:00,0.7,3.9,5.7,9.6,35.0,55.0,22.5,722.2,0.0,37.0,3.7,0.44,34.07,13.7,127.0,SURESTE,16
2024-08-03 17:00:00,0.74,4.1,5.7,9.8,32.0,42.0,19.07,721.7,0.0,39.0,2.8,0.329,34.04,13.3,127.0,SURESTE,17
2024-08-03 18:00:00,0.68,3.9,5.3,9.2,31.0,32.0,14.39,721.4,0.0,40.0,2.5,0.201,33.69,13.6,137.0,SURESTE,18
2024-08-03 19:00:00,0.67,3.8,6.0,9.8,29.0,39.0,12.22,721.1,0.0,41.0,2.2,0.075,32.83,11.7,151.0,SURESTE,19
2024-08-03 20:00:00,0.72,3.9,8.3,12.1,24.0,30.0,10.81,721.2,0.0,45.0,2.0,0.004,31.54,9.3,146.0,SURESTE,20
2024-08-03 21:00:00,0.75,3.8,8.2,11.9,23.0,36.0,13.0,721.7,0.0,46.0,2.0,0.0,31.1,8.6,137.0,SURESTE,21
2024-08-03 22:00:00,0.66,3.9,5.9,9.9,24.0,41.0,14.18,722.1,0.0,47.0,2.0,0.0,30.71,8.9,172.0,SURESTE,22
2024-08-03 23:00:00,0.64,3.7,6.1,9.7,25.0,32.0,11.39,722.3,0.0,43.0,2.0,0.0,30.64,6.2,170.0,SURESTE,23
2024-08-04 00:00:00,0.67,3.5,5.8,9.3,24.0,36.0,11.08,722.6,0.0,50.0,1.9,0.0,29.6,11.5,128.0,SURESTE,0
2024-08-04 01:00:00,0.76,3.6,10.1,13.7,15.0,45.0,12.8,722.5,0.0,60.0,1.9,0.0,27.75,8.7,113.0,SURESTE,1
2024-08-04 02:00:00,0.75,3.4,7.2,10.6,14.0,46.0,14.35,722.2,0.0,68.0,1.8,0.0,26.17,10.8,86.0,SURESTE,2
2024-08-04 03:00:00,0.75,3.5,8.4,11.9,11.0,61.0,17.53,722.0,0.0,70.0,1.9,0.0,25.5,4.0,28.0,SURESTE,3
2024-08-04 04:00:00,0.77,4.6,11.1,15.5,8.0,45.0,18.57,721.5,0.0,72.0,1.8,0.0,24.74,3.1,291.0,SURESTE,4
2024-08-04 05:00:00,0.79,5.3,12.7,17.9,7.0,40.0,15.63,721.3,0.0,72.0,1.8,0.0,24.56,1.8,296.0,SURESTE,5
2024-08-04 06:00:00,0.81,9.0,15.4,24.4,3.0,44.0,13.4,721.5,0.0,77.0,1.8,0.0,24.52,5.2,306.0,SURESTE,6
2024-08-04 07:00:00,0.85,10.9,12.9,23.7,4.0,57.0,16.0,721.8,0.0,84.0,2.0,0.026,24.41,5.5,283.0,SURESTE,7
2024-08-04 08:00:00,1.02,15.6,13.4,29.0,9.0,67.0,22.58,721.9,0.0,73.0,2.5,0.145,26.52,8.4,277.0,SURESTE,8
2024-08-04 09:00:00,0.71,7.4,10.2,17.4,26.0,64.0,22.05,722.3,0.0,50.0,3.7,0.28,29.19,7.9,269.0,SURESTE,9
2024-08-04 10:00:00,0.72,8.0,13.3,21.2,34.0,50.0,13.66,723.0,0.0,44.0,3.8,0.399,31.39,5.6,322.0,SURESTE,10
2024-08-04 11:00:00,0.83,7.3,15.5,22.7,46.0,53.0,13.71,723.2,0.0,45.0,3.9,0.492,31.91,9.5,75.0,SURESTE,11
2024-08-04 12:00:00,0.91,4.4,10.5,14.8,55.0,59.0,17.05,723.2,0.0,46.0,2.9,0.552,32.42,13.4,95.0,SURESTE,12
2024-08-04 13:00:00,0.77,3.4,6.7,10.1,50.0,64.0,21.9,723.0,0.0,44.0,2.7,0.557,32.83,13.5,102.0,SURESTE,13
2024-08-04 14:00:00,0.76,3.3,7.3,10.6,55.0,55.0,18.4,722.3,0.0,41.0,4.3,0.577,33.59,13.1,126.0,SURESTE,14
2024-08-04 15:00:00,0.73,3.3,7.0,10.3,52.0,65.0,23.85,721.9,0.0,40.0,10.4,0.513,33.95,13.4,130.0,SURESTE,15
2024-08-04 16:00:00,0.69,3.6,5.3,8.9,37.0,63.0,28.97,721.5,0.0,37.0,6.4,0.438,34.13,14.8,130.0,SURESTE,16
2024-08-04 17:00:00,0.69,4.1,5.2,9.3,33.0,42.0,20.85,721.2,0.0,37.0,4.2,0.329,34.25,13.9,128.0,SURESTE,17
2024-08-04 18:00:00,0.7,4.1,5.4,9.5,30.0,40.0,15.07,721.0,0.0,38.0,2.4,0.198,33.91,13.7,142.0,SURESTE,18
2024-08-04 19:00:00,0.69,3.9,5.8,9.7,28.0,33.0,12.65,721.1,0.0,40.0,2.1,0.073,33.03,11.3,149.0,SURESTE,19
2024-08-04 20:00:00,0.72,3.8,7.6,11.4,26.0,35.0,12.06,721.5,0.0,45.0,2.1,0.004,31.74,10.6,153.0,SURESTE,20
2024-08-04 21:00:00,0.71,3.9,7.0,10.9,25.0,39.0,13.06,721.9,0.0,46.0,2.0,0.0,31.27,10.0,146.0,SURESTE,21
2024-08-04 22:00:00,0.68,3.8,5.9,9.6,25.0,36.0,12.56,722.2,0.0,47.0,2.0,0.0,31.02,9.2,143.0,SURESTE,22
2024-08-04 23:00:00,0.77,3.8,8.2,12.0,19.0,32.0,11.65,722.5,0.0,54.0,2.3,0.0,30.02,13.5,110.0,SURESTE,23
2024-08-05 00:00:00,0.71,3.4,5.3,8.6,18.0,51.0,14.57,722.6,0.0,63.0,2.2,0.0,28.61,13.3,96.0,SURESTE,0
2024-08-05 01:00:00,0.69,3.3,4.8,8.1,17.0,36.0,13.24,722.4,0.0,66.0,1.9,0.0,27.79,10.9,100.0,SURESTE,1
2024-08-05 02:00:00,0.68,3.3,4.0,7.3,16.0,44.0,13.88,722.3,0.0,72.0,1.8,0.0,26.5,12.5,81.0,SURESTE,2
2024-08-05 03:00:00,0.67,3.4,4.4,7.8,15.0,39.0,14.03,722.1,0.0,75.0,1.9,0.0,25.8,9.9,89.0,SURESTE,3
2024-08-05 04:00:00,0.64,3.5,4.6,8.1,12.0,36.0,13.78,722.1,0.0,78.0,1.9,0.0,25.02,9.8,73.0,SURESTE,4
2024-08-05 05:00:00,0.63,3.7,5.5,9.2,10.0,37.0,14.45,722.5,0.0,81.0,2.3,0.0,24.39,4.6,35.0,SURESTE,5
2024-08-05 06:00:00,0.64,4.1,8.4,12.6,8.0,40.0,14.11,722.6,0.0,81.0,2.3,0.0,24.29,4.1,65.0,SURESTE,6
2024-08-05 07:00:00,0.75,7.7,11.6,19.2,6.0,41.0,13.95,723.0,0.0,79.0,2.2,0.025,24.49,6.4,80.0,SURESTE,7
2024-08-05 08:00:00,0.87,17.4,13.0,30.4,7.0,49.0,14.92,723.6,0.0,74.0,2.3,0.137,25.98,4.7,30.0,SURESTE,8
2024-08-05 09:00:00,0.88,23.2,16.8,40.0,10.0,60.0,16.03,724.0,0.0,67.0,2.8,0.269,27.71,5.1,351.0,SURESTE,9
2024-08-05 10:00:00,0.87,17.3,19.7,37.0,19.0,64.0,16.25,724.4,0.0,62.0,3.4,0.388,28.9,5.9,4.0,SURESTE,10
2024-08-05 11:00:00,0.85,13.5,19.6,33.1,28.0,68.0,17.37,724.5,0.0,58.0,3.7,0.484,29.66,9.5,42.0,SURESTE,11
2024-08-05 12:00:00,0.79,8.5,14.2,22.7,36.0,70.0,18.19,724.3,0.0,53.0,4.1,0.548,30.85,14.1,87.0,SURESTE,12
2024-08-05 13:00:00,0.77,4.0,7.3,11.3,49.0,71.0,18.02,723.9,0.0,49.0,5.1,0.579,31.57,18.1,96.0,SURESTE,13
2024-08-05 14:00:00,0.73,3.6,6.5,10.0,43.0,68.0,19.0,723.6,0.0,48.0,6.6,0.574,32.14,16.6,113.0,SURESTE,14
2024-08-05 15:00:00,0.72,3.9,4.9,8.9,32.0,59.0,21.62,723.2,0.0,46.0,3.2,0.527,33.02,15.6,129.0,SURESTE,15
2024-08-05 16:00:00,0.72,3.8,4.8,8.7,31.0,44.0,16.15,722.7,0.0,47.0,2.4,0.364,32.95,17.1,129.0,SURESTE,16
2024-08-05 17:00:00,0.72,4.4,5.5,9.9,28.0,39.0,14.99,722.5,0.0,47.0,2.1,0.271,33.03,15.4,136.0,SURESTE,17
2024-08-05 18:00:00,0.71,4.5,6.1,10.6,26.0,38.0,12.63,722.1,0.0,47.0,2.1,0.142,32.71,14.2,139.0,SURESTE,18
2024-08-05 19:00:00,0.72,4.2,6.8,11.0,24.0,34.0,12.84,722.4,0.0,47.0,2.0,0.038,32.16,13.1,133.0,SURESTE,19
2024-08-05 20:00:00,0.72,3.9,7.3,11.3,24.0,38.0,12.26,722.8,0.0,46.0,2.1,0.003,31.67,11.3,137.0,SURESTE,20
2024-08-05 21:00:00,0.69,4.0,6.9,10.9,25.0,28.0,10.81,723.1,0.0,45.0,2.0,0.0,31.39,9.9,149.0,SURESTE,21
2024-08-05 22:00:00,0.8,4.1,10.2,14.2,20.0,28.0,10.22,723.6,0.0,50.0,2.0,0.0,30.69,11.3,104.0,SURESTE,22
2024-08-05 23:00:00,0.68,3.6,5.3,8.9,19.0,39.0,14.16,723.9,0.0,57.0,1.9,0.0,29.41,17.5,100.0,SURESTE,23
2024-08-06 00:00:00,0.65,3.0,4.0,7.1,16.0,37.0,12.94,724.0,0.0,65.0,1.8,0.0,28.16,18.8,94.0,SURESTE,0
2024-08-06 01:00:00,0.63,2.9,3.2,6.1,14.0,40.0,11.58,723.7,0.0,71.0,1.8,0.0,26.86,15.8,105.0,SURESTE,1
2024-08-06 02:00:00,0.64,3.0,3.7,6.8,14.0,28.0,11.5,723.6,0.0,72.0,1.8,0.0,26.19,13.1,89.0,SURESTE,2
2024-08-06 03:00:00,0.62,3.0,3.2,6.2,13.0,31.0,10.28,723.5,0.0,76.0,1.8,0.0,25.44,12.5,90.0,SURESTE,3
2024-08-06 04:00:00,0.61,3.3,3.2,6.5,12.0,33.0,10.36,723.4,0.0,80.0,1.7,0.0,24.86,7.6,107.0,SURESTE,4
2024-08-06 05:00:00,0.62,3.8,6.8,10.6,6.0,23.0,10.29,723.6,0.0,83.0,1.8,0.0,24.27,4.1,21.0,SURESTE,5
2024-08-06 06:00:00,0.66,5.8,8.6,14.4,5.0,22.0,11.41,723.9,0.0,84.0,1.9,0.0,24.3,2.0,284.0,SURESTE,6
2024-08-06 07:00:00,0.77,13.3,12.2,25.4,3.0,28.0,13.44,724.4,0.0,82.0,2.0,0.018,24.75,5.6,16.0,SURESTE,7
2024-08-06 08:00:00,0.86,16.6,11.7,28.2,6.0,42.0,14.56,724.9,0.0,79.0,2.2,0.099,25.56,5.9,3.0,SURESTE,8
2024-08-06 09:00:00,0.98,15.9,12.2,28.1,10.0,48.0,17.37,725.4,0.0,71.0,2.3,0.258,27.8,4.3,307.0,SURESTE,9
2024-08-06 10:00:00,1.11,19.2,18.8,38.0,16.0,45.0,21.43,725.5,0.0,63.0,2.5,0.397,29.59,5.6,290.0,SURESTE,10
2024-08-06 11:00:00,1.01,10.1,17.3,27.4,36.0,65.0,19.42,725.5,0.0,58.0,2.7,0.488,30.49,8.4,54.0,SURESTE,11
2024-08-06 12:00:00,0.85,6.4,14.3,20.6,50.0,56.0,20.7,725.1,0.0,54.0,2.4,0.557,31.28,10.5,62.0,SURESTE,12
2024-08-06 13:00:00,0.78,4.5,9.6,14.1,50.0,68.0,18.0,724.7,0.0,50.0,2.5,0.579,32.11,13.3,84.0,SURESTE,13
2024-08-06 14:00:00,0.73,3.2,7.9,11.1,58.0,54.0,19.78,724.3,0.0,46.0,5.2,0.56,32.98,13.6,97.0,SURESTE,14
2024-08-06 15:00:00,0.73,3.6,6.5,10.1,42.0,64.0,17.69,723.8,0.0,43.0,5.7,0.466,33.58,14.2,111.0,SURESTE,15
2024-08-06 16:00:00,0.68,3.6,4.8,8.5,34.0,50.0,12.12,723.4,0.0,42.0,2.8,0.431,33.87,14.5,130.0,SURESTE,16
2024-08-06 17:00:00,0.67,3.8,5.0,8.8,34.0,36.0,11.16,723.1,0.0,43.0,2.2,0.28,33.96,13.6,126.0,SURESTE,17
2024-08-06 18:00:00,0.7,3.9,5.9,9.8,32.0,32.0,11.33,722.9,0.0,46.0,2.1,0.107,33.0,13.6,146.0,SURESTE,18
2024-08-06 19:00:00,0.7,3.8,6.1,9.9,30.0,31.0,10.62,722.8,0.0,45.0,2.0,0.069,32.83,12.7,141.0,SURESTE,19
2024-08-06 20:00:00,0.67,3.6,6.0,9.6,28.0,31.0,9.74,722.9,0.0,45.0,2.0,0.005,32.01,13.7,155.0,SURESTE,20
2024-08-06 21:00:00,0.65,3.6,6.2,9.8,27.0,22.0,9.63,723.1,0.0,45.0,2.0,0.0,31.74,11.6,161.0,SURESTE,21
2024-08-06 22:00:00,0.63,3.5,6.7,10.2,28.0,26.0,8.96,723.4,0.0,43.0,1.9,0.0,31.49,7.2,177.0,SURESTE,22
2024-08-06 23:00:00,0.61,3.4,4.8,8.2,28.0,22.0,8.59,723.4,0.0,42.0,1.9,0.0,31.59,8.4,164.0,SURESTE,23
2024-08-07 00:00:00,0.65,3.3,6.2,9.6,24.0,20.0,11.0,723.2,0.0,52.0,1.8,0.0,30.1,12.0,135.0,SURESTE,0
2024-08-07 01:00:00,0.67,3.1,6.7,9.9,19.0,24.0,10.18,723.1,0.0,59.0,1.9,0.0,28.79,6.4,100.0,SURESTE,1
2024-08-07 02:00:00,0.68,3.5,7.8,11.2,14.0,29.0,10.0,722.9,0.0,65.0,1.9,0.0,27.53,3.0,22.0,SURESTE,2
2024-08-07 03:00:00,0.68,3.7,8.3,12.0,10.0,29.0,9.31,722.7,0.0,72.0,1.8,0.0,26.85,3.9,42.0,SURESTE,3
2024-08-07 04:00:00,0.67,4.1,8.5,12.6,8.0,32.0,10.39,722.5,0.0,75.0,1.8,0.0,26.0,2.4,310.0,SURESTE,4
2024-08-07 05:00:00,0.71,5.8,12.4,18.0,4.0,21.0,11.22,722.5,0.0,78.0,1.9,0.0,25.67,2.6,305.0,SURESTE,5
2024-08-07 06:00:00,0.8,14.2,13.7,27.8,2.0,36.0,14.9,722.6,0.0,81.0,1.9,0.0,25.28,4.6,297.0,SURESTE,6
2024-08-07 07:00:00,1.11,41.3,15.9,57.0,3.0,40.0,13.56,722.8,0.0,81.0,2.0,0.029,25.89,5.7,298.0,SURESTE,7
2024-08-07 08:00:00,1.07,24.5,19.7,44.2,9.0,71.0,13.34,723.2,0.0,65.0,2.3,0.14,28.17,6.8,282.0,SURESTE,8
2024-08-07 09:00:00,1.0,17.2,23.8,40.9,18.0,62.0,13.38,723.4,0.0,52.0,2.6,0.265,30.04,7.2,252.0,SURESTE,9
2024-08-07 10:00:00,1.05,20.9,31.8,52.6,22.0,63.0,19.51,723.5,0.0,51.0,2.9,0.377,31.63,6.5,258.0,SURESTE,10
2024-08-07 11:00:00,1.05,13.8,29.8,43.6,39.0,120.0,21.54,723.3,0.0,45.0,4.0,0.47,33.29,6.1,254.0,SURESTE,11
2024-08-07 12:00:00,0.79,5.0,12.0,16.9,64.0,105.0,15.01,723.0,0.0,39.0,3.2,0.55,34.37,6.1,36.0,SURESTE,12
2024-08-07 13:00:00,0.71,3.5,8.3,11.8,75.0,65.0,13.16,722.3,0.0,34.0,2.5,0.575,34.89,9.4,81.0,SURESTE,13
2024-08-07 14:00:00,0.69,3.1,8.9,11.9,79.0,45.0,13.25,721.7,0.0,32.0,2.3,0.56,35.56,9.1,72.0,SURESTE,14
2024-08-07 15:00:00,0.7,2.8,9.6,12.3,88.0,46.0,13.8,720.8,0.0,31.0,2.4,0.5,36.27,9.0,96.0,SURESTE,15
2024-08-07 16:00:00,0.66,2.6,8.3,10.8,90.0,48.0,12.38,720.1,0.0,30.0,2.3,0.421,36.31,10.3,156.0,SURESTE,16
2024-08-07 17:00:00,0.68,3.1,8.9,11.9,76.0,44.0,11.83,719.6,0.0,30.0,2.3,0.319,36.33,12.2,144.0,SURESTE,17
2024-08-07 18:00:00,0.71,2.7,9.1,11.8,67.0,40.0,11.86,719.5,0.0,34.0,3.2,0.164,35.41,12.9,144.0,SURESTE,18
2024-08-07 19:00:00,0.73,2.6,11.0,13.5,62.0,37.0,13.1,719.3,0.0,35.0,4.3,0.035,34.37,8.9,148.0,SURESTE,19
2024-08-07 20:00:00,0.78,2.7,14.1,16.8,47.0,40.0,12.96,719.1,0.0,36.0,5.1,0.003,33.38,6.7,157.0,SURESTE,20
2024-08-07 21:00:00,0.82,3.1,18.3,21.3,39.0,38.0,12.49,719.4,0.0,38.0,4.4,0.0,32.44,5.6,202.0,SURESTE,21
2024-08-07 22:00:00,0.93,3.5,26.5,29.9,26.0,41.0,13.54,719.6,0.0,44.0,3.6,0.0,31.02,3.8,289.0,SURESTE,22
2024-08-07 23:00:00,1.02,4.1,31.4,35.5,17.0,44.0,14.03,719.9,0.0,47.0,3.3,0.0,30.11,2.7,277.0,SURESTE,23
2024-08-08 00:00:00,1.08,9.5,31.2,40.6,11.0,47.0,12.67,719.8,0.0,48.0,3.2,0.0,29.52,3.2,270.0,SURESTE,0
2024-08-08 01:00:00,0.84,3.9,18.9,22.8,27.0,41.0,14.63,719.6,0.0,49.0,2.8,0.0,29.36,6.4,346.0,SURESTE,1
2024-08-08 02:00:00,0.8,3.7,16.6,20.2,26.0,44.0,16.94,719.5,0.0,51.0,2.9,0.0,28.93,8.2,278.0,SURESTE,2
2024-08-08 03:00:00,0.76,3.7,14.9,18.5,25.0,49.0,14.88,719.2,0.0,55.0,3.1,0.0,27.72,3.6,248.0,SURESTE,3
2024-08-08 04:00:00,0.67,3.8,10.5,14.3,30.0,38.0,12.18,719.1,0.0,55.0,2.5,0.0,27.28,6.8,270.0,SURESTE,4
2024-08-08 05:00:00,0.64,3.7,9.0,12.7,34.0,31.0,11.56,719.2,0.0,52.0,2.4,0.0,27.73,6.5,263.0,SURESTE,5
2024-08-08 06:00:00,0.64,4.1,13.2,17.3,34.0,33.0,11.58,719.5,0.0,50.0,2.4,0.0,27.66,8.1,278.0,SURESTE,6
2024-08-08 07:00:00,0.91,13.3,29.9,43.1,11.0,29.0,11.75,719.6,0.0,52.0,2.3,0.025,26.94,6.8,291.0,SURESTE,7
2024-08-08 08:00:00,1.01,13.2,27.0,40.2,20.0,31.0,11.79,719.9,0.0,49.0,2.3,0.14,28.26,8.9,286.0,SURESTE,8
2024-08-08 09:00:00,0.99,11.2,26.8,38.0,33.0,35.0,12.53,720.2,0.0,39.0,3.1,0.279,31.19,8.5,275.0,SURESTE,9
2024-08-08 10:00:00,0.86,7.4,18.2,25.5,47.0,43.0,11.81,720.1,0.0,36.0,2.8,0.402,32.79,9.8,275.0,SURESTE,10
2024-08-08 11:00:00,0.68,4.8,9.2,14.0,55.0,32.0,10.45,720.2,0.0,29.0,2.1,0.514,35.72,7.2,269.0,SURESTE,11
2024-08-08 12:00:00,0.6,3.7,5.6,9.3,58.0,27.0,9.62,720.2,0.0,27.0,1.9,0.376,36.47,6.0,307.0,SURESTE,12
2024-08-08 13:00:00,0.67,3.3,6.6,9.8,77.0,22.0,14.24,719.9,0.0,26.0,2.1,0.453,36.59,5.7,169.0,SURESTE,13
2024-08-08 14:00:00,0.7,2.9,9.0,11.8,94.0,34.0,17.94,719.5,0.0,26.0,2.2,0.53,37.09,10.4,118.0,SURESTE,14
2024-08-08 15:00:00,0.72,2.6,9.3,11.9,99.0,49.0,19.52,719.3,0.0,27.0,2.4,0.436,37.28,9.7,155.0,SURESTE,15
2024-08-08 16:00:00,0.76,2.6,9.1,11.6,97.0,61.0,23.68,718.8,0.0,27.0,4.5,0.408,37.43,10.9,129.0,SURESTE,16
2024-08-08 17:00:00,0.69,2.5,8.6,11.0,90.0,66.0,19.49,718.5,0.0,28.0,6.2,0.311,37.19,12.1,155.0,SURESTE,17
2024-08-08 18:00:00,0.71,2.5,9.1,11.6,81.0,59.0,19.71,718.4,0.0,29.0,6.1,0.157,36.5,12.3,146.0,SURESTE,18
2024-08-08 19:00:00,0.74,2.6,10.7,13.2,68.0,47.0,18.05,718.4,0.0,31.0,6.3,0.06,35.62,8.9,164.0,SURESTE,19
2024-08-08 20:00:00,0.81,2.6,15.4,18.0,60.0,41.0,17.95,718.5,0.0,33.0,4.8,0.003,34.2,7.0,181.0,SURESTE,20
2024-08-08 21:00:00,0.77,2.9,14.8,17.6,53.0,45.0,15.234362416107382,718.8,0.0,34.0,3.3,0.0,33.62,6.9,170.0,SURESTE,21
2024-08-08 22:00:00,0.78,3.2,9.8,12.9,37.0,37.0,15.234362416107382,719.5,0.0,46.0,2.6,0.0,31.96,19.0,108.0,SURESTE,22
2024-08-08 23:00:00,0.71,2.8,5.7,8.6,31.0,52.0,15.234362416107382,720.0,0.0,57.0,2.1,0.0,29.93,20.4,96.0,SURESTE,23
2024-08-09 00:00:00,0.7,2.7,5.8,8.5,29.0,39.0,15.234362416107382,720.6,0.0,63.0,1.9,0.0,28.86,14.1,108.0,SURESTE,0
2024-08-09 01:00:00,0.67,2.8,4.2,7.1,29.0,29.0,15.234362416107382,721.0,0.0,66.0,2.0,0.0,28.11,14.4,95.0,SURESTE,1
2024-08-09 02:00:00,0.64,2.9,3.3,6.3,29.0,24.0,15.234362416107382,720.7,0.0,69.0,1.9,0.0,27.53,13.0,100.0,SURESTE,2
2024-08-09 03:00:00,0.62,3.2,3.1,6.2,28.0,25.0,15.234362416107382,720.6,0.0,71.0,1.9,0.0,27.01,12.5,108.0,SURESTE,3
2024-08-09 04:00:00,0.62,3.4,3.3,6.7,26.0,17.0,15.234362416107382,720.9,0.0,74.0,1.9,0.0,26.45,10.6,116.0,SURESTE,4
2024-08-09 05:00:00,0.61,3.5,2.7,6.3,25.0,24.0,15.234362416107382,721.1,0.0,75.0,1.9,0.0,26.3,9.2,116.0,SURESTE,5
2024-08-09 06:00:00,0.63,3.7,3.4,7.1,21.0,29.0,15.234362416107382,721.5,0.0,77.0,1.8,0.0,26.1,10.8,110.0,SURESTE,6
2024-08-09 07:00:00,0.69,4.3,6.4,10.6,18.0,21.0,15.234362416107382,721.7,0.0,78.0,1.8,0.013,26.24,9.1,117.0,SURESTE,7
2024-08-09 08:00:00,0.73,5.5,7.1,12.6,17.0,27.0,15.234362416107382,722.1,0.0,76.0,1.8,0.094,26.76,7.9,98.0,SURESTE,8
2024-08-09 09:00:00,0.78,6.4,8.3,14.7,17.0,36.0,15.234362416107382,722.5,0.0,75.0,1.9,0.131,27.17,8.9,107.0,SURESTE,9
2024-08-09 10:00:00,0.78,5.8,7.4,13.2,21.0,40.0,15.234362416107382,722.9,0.0,73.0,1.9,0.185,27.65,10.2,84.0,SURESTE,10
2024-08-09 11:00:00,0.79,5.9,7.8,13.7,27.0,53.0,15.234362416107382,723.3,0.0,70.0,1.8,0.359,28.74,13.4,74.0,SURESTE,11
2024-08-09 12:00:00,0.83,4.6,7.4,12.1,35.0,53.0,15.234362416107382,723.6,0.0,66.0,2.3,0.399,29.56,14.7,99.0,SURESTE,12
2024-08-09 13:00:00,0.86,4.2,5.0,9.2,33.0,66.0,15.234362416107382,723.2,0.0,59.0,2.4,0.588,30.99,16.3,119.0,SURESTE,13
2024-08-09 14:00:00,0.75,3.6,5.7,9.3,36.0,47.0,15.234362416107382,722.9,0.0,54.0,2.2,0.602,32.37,15.6,129.0,SURESTE,14
2024-08-09 15:00:00,0.68,3.7,6.1,9.8,39.0,51.0,19.39,722.7,0.02,57.0,2.0,0.333,30.41,18.1,139.0,SURESTE,15
2024-08-09 16:00:00,0.66,4.3,7.4,11.6,42.0,87.0,10.68,722.1,0.0,46.0,2.0,0.269,31.09,13.2,139.0,SURESTE,16
2024-08-09 17:00:00,0.68,3.8,6.3,10.1,38.0,32.0,15.57,722.1,0.0,47.0,1.9,0.121,31.25,11.9,131.0,SURESTE,17
2024-08-09 18:00:00,0.74,3.9,6.7,10.7,35.0,25.0,15.65,722.1,0.0,49.0,1.9,0.109,31.3,10.8,126.0,SURESTE,18
2024-08-09 19:00:00,0.72,3.9,6.6,10.5,32.0,28.0,15.21,722.0,0.0,55.0,1.9,0.077,30.83,13.7,129.0,SURESTE,19
2024-08-09 20:00:00,0.82,3.6,9.4,13.0,29.0,35.0,15.44,722.0,0.0,59.0,1.9,0.004,29.68,12.6,99.0,SURESTE,20
2024-08-09 21:00:00,0.83,4.0,10.8,14.8,21.0,35.0,14.38,722.8,0.0,66.0,1.9,0.0,28.29,16.2,90.0,SURESTE,21
2024-08-09 22:00:00,0.77,4.6,9.0,13.6,18.0,38.0,14.23,723.5,0.0,69.0,1.8,0.0,27.48,16.6,91.0,SURESTE,22
2024-08-09 23:00:00,0.7,3.5,6.8,10.2,18.0,40.0,14.53,724.2,0.0,71.0,1.8,0.0,27.07,17.5,85.0,SURESTE,23
2024-08-10 00:00:00,0.71,3.2,7.5,10.7,15.0,38.0,15.234362416107382,724.7,0.0,74.0,1.7,0.0,26.45,18.9,81.0,SURESTE,0
2024-08-10 01:00:00,0.66,3.0,5.1,8.1,18.0,36.0,15.76,724.9,0.0,76.0,1.8,0.0,26.08,17.2,91.0,SURESTE,1
2024-08-10 02:00:00,0.66,3.0,5.6,8.7,16.0,32.0,17.04,724.7,0.0,78.0,1.7,0.0,25.66,12.6,99.0,SURESTE,2
2024-08-10 03:00:00,0.64,3.2,4.6,7.8,15.0,35.0,17.5,724.7,0.0,82.0,1.7,0.0,25.0,11.2,115.0,SURESTE,3
2024-08-10 04:00:00,0.63,3.4,4.2,7.6,15.0,31.0,18.41,724.5,0.0,83.0,1.7,0.0,24.75,9.0,85.0,SURESTE,4
2024-08-10 05:00:00,0.64,3.5,4.8,8.3,12.0,30.0,17.74,724.4,0.0,86.0,1.7,0.0,24.21,7.2,97.0,SURESTE,5
2024-08-10 06:00:00,0.63,3.7,5.4,9.2,12.0,35.0,17.67,724.6,0.0,87.0,1.7,0.0,23.86,3.4,115.0,SURESTE,6
2024-08-10 07:00:00,0.71,6.2,9.0,15.1,7.0,37.0,18.63,724.9,0.0,87.0,1.7,0.01,23.72,1.9,151.0,SURESTE,7
2024-08-10 08:00:00,0.76,10.2,11.8,21.9,9.0,43.0,18.86,725.5,0.0,84.0,1.7,0.091,25.12,1.9,251.0,SURESTE,8
2024-08-10 09:00:00,0.79,11.8,13.4,25.1,15.0,40.0,19.81,726.0,0.0,75.0,1.9,0.239,26.71,5.7,63.0,SURESTE,9
2024-08-10 10:00:00,0.78,9.9,11.9,21.7,22.0,48.0,23.27,726.2,0.0,69.0,1.9,0.405,28.02,8.3,76.0,SURESTE,10
2024-08-10 11:00:00,0.78,6.8,10.8,17.5,35.0,63.0,20.89,726.2,0.0,63.0,2.0,0.486,29.13,13.2,72.0,SURESTE,11
2024-08-10 12:00:00,0.84,4.9,8.5,13.3,42.0,81.0,22.34,726.1,0.0,55.0,2.8,0.56,30.31,17.6,95.0,SURESTE,12
2024-08-10 13:00:00,0.75,4.5,6.3,10.8,32.0,67.0,27.99,725.6,0.0,51.0,2.7,0.583,31.22,18.9,113.0,SURESTE,13
2024-08-10 14:00:00,0.75,4.2,5.3,9.5,31.0,44.0,20.65,725.2,0.0,51.0,2.2,0.571,31.83,17.9,118.0,SURESTE,14
2024-08-10 15:00:00,0.73,4.6,5.7,10.3,28.0,40.0,20.18,724.9,0.0,51.0,2.0,0.419,32.01,16.2,131.0,SURESTE,15
2024-08-10 16:00:00,0.68,4.6,5.2,9.9,27.0,34.0,19.22,724.4,0.0,46.0,1.9,0.423,32.82,16.4,139.0,SURESTE,16
2024-08-10 17:00:00,0.7,4.9,5.5,10.4,27.0,31.0,14.07,724.2,0.0,40.0,2.0,0.271,33.15,16.5,128.0,SURESTE,17
2024-08-10 18:00:00,0.67,4.4,5.6,10.1,27.0,31.0,12.13,723.7,0.0,39.0,1.9,0.193,33.12,16.4,136.0,SURESTE,18
2024-08-10 19:00:00,0.68,4.2,7.1,11.3,28.09115523465704,23.0,9.3,723.6,0.0,40.0,1.9,0.063,32.42,13.8,140.0,SURESTE,19
2024-08-10 20:00:00,0.66,4.1,7.3,11.4,25.0,22.0,9.56,723.8,0.0,41.0,1.9,0.003,31.46,12.3,152.0,SURESTE,20
2024-08-10 21:00:00,0.61,3.7,5.3,9.0,26.0,15.0,8.54,724.3,0.0,42.0,1.9,0.0,31.17,12.2,167.0,SURESTE,21
2024-08-10 22:00:00,0.58,3.4,4.4,7.8,29.0,16.0,7.84,724.7,0.0,39.0,1.9,0.0,31.3,12.2,163.0,SURESTE,22
2024-08-10 23:00:00,0.58,3.2,3.6,6.8,29.0,12.0,6.71,724.9,0.0,41.0,1.8,0.0,30.93,11.7,155.0,SURESTE,23
2024-08-11 00:00:00,0.65,3.1,5.6,8.7,22.0,15.0,6.63,725.1,0.0,49.0,1.8,0.0,29.41,14.5,111.0,SURESTE,0
2024-08-11 01:00:00,0.68,3.4,7.1,10.4,17.0,28.0,8.83,725.1,0.0,56.0,1.8,0.0,28.07,15.5,83.0,SURESTE,1
2024-08-11 02:00:00,0.69,3.2,7.2,10.4,13.0,25.0,9.55,724.8,0.0,65.0,1.8,0.0,26.27,13.5,100.0,SURESTE,2
2024-08-11 03:00:00,0.65,2.9,5.5,8.4,15.0,34.0,10.7,724.7,0.0,67.0,1.7,0.0,25.61,12.2,81.0,SURESTE,3
2024-08-11 04:00:00,0.63,3.0,5.1,8.2,14.0,30.0,9.32,724.7,0.0,72.0,1.8,0.0,25.07,8.4,42.0,SURESTE,4
2024-08-11 05:00:00,0.64,3.3,5.6,8.8,11.0,25.0,8.64,724.7,0.0,78.0,1.8,0.0,24.31,6.9,55.0,SURESTE,5
2024-08-11 06:00:00,0.66,4.1,8.2,12.4,7.0,18.0,8.66,724.7,0.0,81.0,1.8,0.0,23.66,2.6,332.0,SURESTE,6
2024-08-11 07:00:00,0.76,10.9,11.5,22.3,4.0,21.0,8.8,724.7,0.0,82.0,1.8,0.019,23.86,2.5,268.0,SURESTE,7
2024-08-11 08:00:00,0.91,14.7,12.7,27.4,6.0,33.0,9.46,725.0,0.0,79.0,2.1,0.092,25.38,5.8,270.0,SURESTE,8
2024-08-11 09:00:00,1.03,15.4,15.1,30.6,12.0,40.0,10.42,725.3,0.0,71.0,2.5,0.253,27.37,6.1,274.0,SURESTE,9
2024-08-11 10:00:00,0.96,15.3,19.6,34.9,16.0,37.0,11.86,725.5,0.0,65.0,2.9,0.243,28.59,4.8,314.0,SURESTE,10
2024-08-11 11:00:00,0.96,11.0,16.7,27.7,29.0,43.0,12.85,725.5,0.0,61.0,3.5,0.397,29.57,6.5,22.0,SURESTE,11
2024-08-11 12:00:00,0.83,5.4,11.8,17.1,53.0,42.0,12.51,725.0,0.0,54.0,3.1,0.47,30.83,8.5,88.0,SURESTE,12
2024-08-11 13:00:00,0.83,4.1,9.4,13.4,59.0,41.0,12.92,724.5,0.0,47.0,3.0,0.624,31.96,14.1,96.0,SURESTE,13
2024-08-11 14:00:00,0.78,4.4,7.9,12.3,50.0,45.0,20.14,723.8,0.0,40.0,3.1,0.532,33.07,15.8,110.0,SURESTE,14
2024-08-11 15:00:00,0.7,3.5,5.9,9.4,45.0,42.0,18.86,723.6,0.0,41.0,4.2,0.415,32.9,15.2,131.0,SURESTE,15
2024-08-11 16:00:00,0.66,3.7,5.3,9.0,38.0,30.0,12.47,723.4,0.0,38.0,3.1,0.35,33.11,15.5,135.0,SURESTE,16
2024-08-11 17:00:00,0.72,4.0,5.6,9.7,38.0,22.0,11.06,723.2,0.0,36.0,2.1,0.266,33.26,15.2,117.0,SURESTE,17
2024-08-11 18:00:00,0.7,3.8,5.6,9.4,35.0,26.0,10.32,723.2,0.0,39.0,2.1,0.175,33.0,15.8,131.0,SURESTE,18
2024-08-11 19:00:00,0.68,3.7,5.9,9.5,30.0,23.0,8.98,723.0,0.0,43.0,2.0,0.043,31.8,13.9,144.0,SURESTE,19
2024-08-11 20:00:00,0.62,3.1,4.1,7.2,31.0,19.0,8.87,722.6,0.0,43.0,1.8,0.003,31.27,12.4,161.0,SURESTE,20
2024-08-11 21:00:00,0.63,3.3,5.6,8.8,30.0,14.0,7.74,722.4,0.0,41.0,1.9,0.0,31.07,9.6,155.0,SURESTE,21
2024-08-11 22:00:00,0.72,3.5,12.9,16.3,21.0,13.0,7.55,722.5,0.0,44.0,1.9,0.0,29.78,3.3,197.0,SURESTE,22
2024-08-11 23:00:00,0.64,3.7,6.5,10.2,28.0,19.0,8.71,723.1,0.0,42.0,1.8,0.0,30.26,9.4,141.0,SURESTE,23
2024-08-12 00:00:00,0.67,3.3,6.3,9.7,26.0,16.0,8.51,723.4,0.0,47.0,1.8,0.0,29.64,11.0,113.0,SURESTE,0
2024-08-12 01:00:00,0.68,3.0,5.8,8.8,22.0,20.0,7.0,723.4,0.0,55.0,1.8,0.0,27.7,15.3,91.0,SURESTE,1
2024-08-12 02:00:00,0.6,2.7,3.5,6.2,25.0,24.0,7.0,723.0,0.0,61.0,1.8,0.0,27.05,16.8,110.0,SURESTE,2
2024-08-12 03:00:00,0.61,2.8,4.7,7.5,21.0,17.0,15.234362416107382,722.8,0.0,66.0,1.8,0.0,25.96,7.8,133.0,SURESTE,3
2024-08-12 04:00:00,0.61,3.1,4.0,7.1,19.0,15.0,8.0,722.8,0.0,71.0,1.8,0.0,25.35,8.1,64.0,SURESTE,4
2024-08-12 05:00:00,0.63,3.4,6.9,10.3,13.0,19.0,8.0,722.8,0.0,78.0,1.8,0.0,24.22,6.2,33.0,SURESTE,5
2024-08-12 06:00:00,0.67,4.5,11.7,16.0,8.0,24.0,9.0,723.0,0.0,81.0,1.9,0.0,23.83,2.5,345.0,SURESTE,6
2024-08-12 07:00:00,0.76,9.6,16.3,25.9,5.0,25.0,11.0,723.2,0.0,82.0,1.9,0.011,24.06,5.1,55.0,SURESTE,7
2024-08-12 08:00:00,0.81,11.0,14.0,25.0,10.0,25.0,16.0,723.8,0.0,79.0,2.1,0.094,25.02,10.7,96.0,SURESTE,8
2024-08-12 09:00:00,0.71,6.7,9.1,15.7,19.0,35.0,19.0,724.3,0.0,77.0,3.5,0.158,25.36,8.1,103.0,SURESTE,9
2024-08-12 10:00:00,0.74,7.7,12.0,19.5,29.0,34.0,19.0,724.4,0.0,68.0,6.7,0.361,27.75,5.6,67.0,SURESTE,10
2024-08-12 11:00:00,0.8,6.4,13.9,20.3,45.0,73.0,20.0,724.2,0.0,60.0,8.1,0.47,29.64,5.7,13.0,SURESTE,11
2024-08-12 12:00:00,0.82,5.0,13.8,18.8,63.0,70.0,18.82,723.7,0.0,55.0,7.0,0.53,30.88,7.5,62.0,SURESTE,12
2024-08-12 13:00:00,0.74,3.0,6.1,9.1,43.0,60.0,15.39,723.3,0.0,48.0,3.9,0.571,31.91,14.3,91.0,SURESTE,13
2024-08-12 14:00:00,0.74,3.5,5.7,9.2,36.0,41.0,18.42,722.9,0.0,47.0,2.7,0.552,32.62,18.2,105.0,SURESTE,14
2024-08-12 15:00:00,0.71,3.3,4.8,8.2,35.0,49.0,19.3,722.3,0.0,46.0,2.3,0.438,33.21,16.2,122.0,SURESTE,15
2024-08-12 16:00:00,0.69,3.9,4.9,8.8,31.0,36.0,8.58,721.9,0.0,41.0,2.1,0.325,33.79,16.9,123.0,SURESTE,16
2024-08-12 17:00:00,0.65,3.9,5.1,9.0,33.0,28.0,5.44,721.5,0.0,38.0,2.1,0.269,34.1,16.4,138.0,SURESTE,17
2024-08-12 18:00:00,0.68,4.0,5.6,9.7,28.0,15.0,5.64,721.1,0.0,43.0,1.9,0.156,33.67,16.6,131.0,SURESTE,18
2024-08-12 19:00:00,0.69,3.8,6.3,10.2,26.0,22.0,5.15,721.3,0.0,47.0,2.0,0.06,32.62,15.4,131.0,SURESTE,19
2024-08-12 20:00:00,0.65,3.5,5.2,8.7,29.0,14.0,4.43,721.6,0.0,50.0,1.9,0.002,31.3,17.8,143.0,SURESTE,20
2024-08-12 21:00:00,0.64,3.5,4.8,8.3,28.0,14.0,4.17,721.8,0.0,53.0,2.0,0.0,30.5,17.4,146.0,SURESTE,21
2024-08-12 22:00:00,0.64,3.2,4.6,7.8,27.0,10.0,4.4,722.2,0.0,56.0,1.9,0.0,29.81,18.5,130.0,SURESTE,22
2024-08-12 23:00:00,0.62,3.0,4.2,7.3,24.0,19.0,4.67,722.5,0.0,61.0,1.9,0.0,28.37,20.0,115.0,SURESTE,23
2024-08-13 00:00:00,0.6,2.6,3.3,6.0,24.0,21.0,4.5,722.6,0.0,66.0,1.9,0.0,27.34,21.8,103.0,SURESTE,0
2024-08-13 01:00:00,0.58,2.5,3.1,5.6,23.0,18.0,4.51,722.5,0.0,70.0,1.8,0.0,26.5,21.8,111.0,SURESTE,1
2024-08-13 02:00:00,0.58,2.7,3.1,5.8,20.0,14.0,5.06,722.5,0.0,73.0,1.8,0.0,25.64,15.1,135.0,SURESTE,2
2024-08-13 03:00:00,0.57,2.8,2.6,5.4,20.0,12.0,5.54,722.8,0.0,75.0,1.8,0.0,25.14,12.6,113.0,SURESTE,3
2024-08-13 04:00:00,0.58,3.0,2.6,5.5,19.0,13.0,5.96,722.6,0.0,78.0,1.9,0.0,24.6,11.4,90.0,SURESTE,4
2024-08-13 05:00:00,0.57,3.1,2.7,5.8,19.0,16.0,5.77,722.5,0.0,78.0,1.8,0.0,24.28,9.6,102.0,SURESTE,5
2024-08-13 06:00:00,0.59,3.4,5.2,8.6,16.0,14.0,6.9,722.7,0.0,80.0,1.8,0.0,23.89,8.2,62.0,SURESTE,6
2024-08-13 07:00:00,0.68,6.6,13.3,19.8,7.0,21.0,8.98,723.0,0.0,81.0,1.9,0.015,23.59,6.6,54.0,SURESTE,7
2024-08-13 08:00:00,0.81,12.0,13.4,25.4,8.0,33.0,11.09,723.7,0.0,80.0,2.0,0.089,24.16,8.3,85.0,SURESTE,8
2024-08-13 09:00:00,0.93,13.1,13.5,26.6,14.0,42.0,14.61,724.0,0.0,74.0,2.0,0.236,25.8,6.5,34.0,SURESTE,9
2024-08-13 10:00:00,1.02,13.9,17.6,31.5,17.0,43.0,22.12,724.2,0.0,69.0,2.4,0.222,26.85,6.3,1.0,SURESTE,10
2024-08-13 11:00:00,0.91,8.9,17.2,26.1,32.0,65.0,21.94,724.4,0.0,66.0,2.4,0.308,27.61,7.6,63.0,SURESTE,11
2024-08-13 12:00:00,0.85,5.1,11.5,16.6,47.0,58.0,22.71,724.3,0.0,60.0,2.4,0.447,29.1,11.7,79.0,SURESTE,12
2024-08-13 13:00:00,0.75,4.2,5.5,9.7,35.0,53.0,14.15,723.9,0.0,51.0,2.2,0.54,31.17,17.4,106.0,SURESTE,13
2024-08-13 14:00:00,0.71,4.1,5.5,9.6,35.0,32.0,13.73,723.4,0.0,49.0,2.1,0.544,32.22,18.7,116.0,SURESTE,14
2024-08-13 15:00:00,0.66,4.4,5.4,9.8,34.0,39.0,11.92,722.7,0.0,45.0,2.1,0.462,33.12,17.3,139.0,SURESTE,15
2024-08-13 16:00:00,0.62,3.7,4.4,8.2,33.0,28.0,8.3,722.1,0.0,39.0,2.1,0.387,33.97,18.1,135.0,SURESTE,16
2024-08-13 17:00:00,0.63,3.8,4.6,8.5,32.0,25.0,8.4,722.1,0.0,40.0,2.1,0.235,33.73,17.4,135.0,SURESTE,17
2024-08-13 18:00:00,0.63,3.8,4.8,8.6,30.0,21.0,8.13,722.1,0.0,42.0,2.1,0.192,33.28,18.9,134.0,SURESTE,18
2024-08-13 19:00:00,0.63,3.8,4.9,8.7,28.0,28.0,7.68,721.9,0.0,43.0,2.1,0.065,32.49,18.2,155.0,SURESTE,19
2024-08-13 20:00:00,0.61,3.6,4.8,8.3,27.0,19.0,7.29,722.1,0.0,42.0,2.1,0.002,31.83,14.7,159.0,SURESTE,20
2024-08-13 21:00:00,0.64,3.7,5.2,8.9,24.0,18.0,8.81,722.2,0.0,48.0,2.0,0.0,30.87,17.5,136.0,SURESTE,21
2024-08-13 22:00:00,0.64,3.6,4.7,8.3,20.0,38.0,9.56,723.0,0.0,61.0,1.9,0.0,29.13,16.4,120.0,SURESTE,22
2024-08-13 23:00:00,0.61,3.1,3.0,6.1,20.0,27.0,8.39,723.4,0.0,67.0,1.8,0.0,28.18,20.0,120.0,SURESTE,23
2024-08-14 00:00:00,0.61,2.7,2.9,5.6,18.0,34.0,8.42,723.6,0.0,71.0,1.8,0.0,27.19,20.5,96.0,SURESTE,0
2024-08-14 01:00:00,0.6,2.7,2.6,5.3,18.0,31.0,8.77,723.4,0.0,74.0,1.8,0.0,26.63,19.8,98.0,SURESTE,1
2024-08-14 02:00:00,0.59,2.9,2.9,5.8,15.0,19.0,9.02,723.2,0.0,77.0,1.9,0.0,25.9,12.6,117.0,SURESTE,2
2024-08-14 03:00:00,0.58,3.1,2.4,5.5,16.0,26.0,8.98,722.9,0.0,80.0,1.9,0.0,25.31,13.6,109.0,SURESTE,3
2024-08-14 04:00:00,0.58,3.1,2.4,5.6,16.0,28.0,9.13,722.7,0.0,82.0,1.8,0.0,25.0,11.9,101.0,SURESTE,4
2024-08-14 05:00:00,0.58,3.4,2.6,6.0,15.0,23.0,9.17,722.9,0.0,83.0,1.7,0.0,24.81,9.4,117.0,SURESTE,5
2024-08-14 06:00:00,0.61,3.6,6.6,10.2,11.0,25.0,9.92,723.0,0.0,83.0,1.7,0.0,24.61,10.7,75.0,SURESTE,6
2024-08-14 07:00:00,0.68,5.7,11.5,17.0,6.0,29.0,11.17,723.3,0.0,84.0,1.8,0.009,24.25,8.3,70.0,SURESTE,7
2024-08-14 08:00:00,0.79,9.9,11.5,21.3,8.0,30.0,11.94,723.6,0.0,84.0,1.9,0.088,24.74,5.6,77.0,SURESTE,8
2024-08-14 09:00:00,0.86,13.3,13.5,26.8,9.0,38.0,15.5,723.9,0.0,79.0,1.9,0.122,25.81,7.1,59.0,SURESTE,9
2024-08-14 10:00:00,0.87,13.4,13.8,27.2,14.0,44.0,17.76,724.2,0.0,73.0,2.0,0.261,27.05,6.4,71.0,SURESTE,10
2024-08-14 11:00:00,0.87,10.7,14.5,25.1,23.0,52.0,20.84,724.4,0.0,67.0,2.0,0.371,28.28,9.0,97.0,SURESTE,11
2024-08-14 12:00:00,0.84,7.6,12.9,20.4,36.0,60.0,26.28,724.2,0.0,62.0,2.1,0.518,29.43,10.0,127.0,SURESTE,12
2024-08-14 13:00:00,0.83,4.5,10.8,15.2,59.0,61.0,25.49,723.7,0.0,57.0,2.2,0.564,30.69,10.7,92.0,SURESTE,13
2024-08-14 14:00:00,0.81,3.4,9.0,12.4,64.0,73.0,18.74,723.2,0.0,54.0,2.5,0.547,31.59,16.1,104.0,SURESTE,14
2024-08-14 15:00:00,0.8,4.1,8.5,12.5,52.0,68.0,9.78,722.5,0.0,51.0,2.5,0.35,32.0,18.6,109.0,SURESTE,15
2024-08-14 16:00:00,0.68,4.0,5.8,9.8,35.0,55.0,9.19,722.1,0.0,45.0,2.3,0.45,33.3,15.3,123.0,SURESTE,16
2024-08-14 17:00:00,0.66,4.0,5.2,9.2,32.0,47.0,10.46,722.0,0.0,43.0,2.1,0.194,33.32,12.2,142.0,SURESTE,17
2024-08-14 18:00:00,0.66,4.2,6.1,10.3,31.0,34.0,10.03,721.6,0.0,43.0,2.1,0.128,32.88,12.2,151.0,SURESTE,18
2024-08-14 19:00:00,0.61,3.9,5.2,9.1,30.0,32.0,10.59,721.5,0.0,38.0,2.1,0.054,32.76,13.9,175.0,SURESTE,19
2024-08-14 20:00:00,0.6,4.0,4.8,8.8,27.0,31.0,10.89,721.7,0.0,39.0,2.1,0.001,32.31,16.8,177.0,SURESTE,20
2024-08-14 21:00:00,0.61,3.8,4.6,8.4,25.0,32.0,11.66,721.8,0.0,41.0,2.0,0.0,32.07,19.6,153.0,SURESTE,21
2024-08-14 22:00:00,0.63,3.5,5.7,9.1,24.0,35.0,13.25,722.1,0.0,44.0,2.0,0.0,31.25,14.7,135.0,SURESTE,22
2024-08-14 23:00:00,0.6,3.1,3.9,7.0,21.0,44.0,12.87,722.4,0.0,54.0,2.0,0.0,29.29,22.5,115.0,SURESTE,23
2024-08-15 00:00:00,0.61,2.6,3.5,6.1,19.0,55.0,12.64,722.5,0.0,61.0,2.0,0.0,28.11,18.9,94.0,SURESTE,0
2024-08-15 01:00:00,0.6,2.7,3.9,6.6,17.0,38.0,11.98,722.5,0.0,66.0,2.0,0.0,27.25,13.4,97.0,SURESTE,1
2024-08-15 02:00:00,0.59,2.8,3.8,6.6,16.0,43.0,11.58,722.4,0.0,69.0,2.0,0.0,26.59,12.9,107.0,SURESTE,2
2024-08-15 03:00:00,0.58,2.9,2.8,5.7,16.0,39.0,11.0,722.1,0.0,72.0,2.0,0.0,25.81,11.9,97.0,SURESTE,3
2024-08-15 04:00:00,0.57,3.0,2.7,5.7,15.0,30.0,10.51,722.1,0.0,76.0,1.9,0.0,25.06,11.1,94.0,SURESTE,4
2024-08-15 05:00:00,0.58,3.2,3.0,6.2,14.0,29.0,10.93,722.1,0.0,79.0,2.0,0.0,24.7,7.2,85.0,SURESTE,5
2024-08-15 06:00:00,0.61,3.9,7.1,11.0,9.0,27.0,12.16,722.1,0.0,82.0,1.9,0.0,24.36,3.2,23.0,SURESTE,6
2024-08-15 07:00:00,0.76,13.2,11.5,24.6,5.0,27.0,15.06,722.4,0.0,82.0,1.9,0.017,24.41,3.3,295.0,SURESTE,7
2024-08-15 08:00:00,0.86,17.8,14.3,32.0,6.0,42.0,16.03,722.8,0.0,77.0,2.1,0.086,25.87,4.9,347.0,SURESTE,8
2024-08-15 09:00:00,0.95,19.9,17.5,37.4,8.0,53.0,18.63,723.4,0.0,75.0,2.5,0.134,26.13,6.6,100.0,SURESTE,9
2024-08-15 10:00:00,0.93,16.7,18.2,35.0,13.0,67.0,21.72,723.6,0.0,72.0,2.6,0.221,26.82,7.5,89.0,SURESTE,10
2024-08-15 11:00:00,0.93,11.6,20.2,31.8,25.0,73.0,22.01,723.7,0.0,68.0,2.8,0.253,27.9,6.6,66.0,SURESTE,11
2024-08-15 12:00:00,0.93,9.7,21.3,31.0,37.0,88.0,26.99,723.5,0.0,62.0,3.0,0.412,29.33,9.2,73.0,SURESTE,12
2024-08-15 13:00:00,0.91,5.4,15.7,21.1,55.0,82.0,26.68,723.0,0.0,59.0,2.8,0.345,30.18,13.2,84.0,SURESTE,13
2024-08-15 14:00:00,0.86,3.8,11.1,14.8,58.0,87.0,25.01,722.4,0.0,57.0,3.6,0.419,30.76,14.2,103.0,SURESTE,14
2024-08-15 15:00:00,0.79,3.6,7.3,10.9,46.0,89.0,17.55,722.0,0.0,46.0,3.8,0.407,32.31,16.3,104.0,SURESTE,15
2024-08-15 16:00:00,0.72,3.5,6.8,10.3,42.0,73.0,13.55,721.6,0.0,45.0,3.4,0.268,32.12,16.6,117.0,SURESTE,16
2024-08-15 17:00:00,0.68,3.5,5.6,9.1,37.0,49.0,12.57,721.4,0.0,44.0,2.9,0.215,32.89,15.5,126.0,SURESTE,17
2024-08-15 18:00:00,0.68,3.6,6.4,10.0,36.0,41.0,10.87,721.3,0.0,47.0,2.5,0.129,32.45,13.4,152.0,SURESTE,18
2024-08-15 19:00:00,0.67,3.7,6.2,9.9,32.0,35.0,9.34,721.0,0.0,44.0,2.4,0.091,32.61,14.1,149.0,SURESTE,19
2024-08-15 20:00:00,0.66,3.6,5.7,9.3,28.0,35.0,9.38,721.4,0.0,45.0,2.2,0.003,31.97,14.3,151.0,SURESTE,20
2024-08-15 21:00:00,0.72,3.7,7.5,11.2,23.0,24.0,8.15,721.7,0.0,49.0,2.2,0.0,31.37,11.9,122.0,SURESTE,21
2024-08-15 22:00:00,0.66,3.6,5.2,8.8,20.0,31.0,7.78,722.1,0.0,57.0,2.3,0.0,29.78,21.4,111.0,SURESTE,22
2024-08-15 23:00:00,0.66,3.2,4.9,8.1,19.0,42.0,8.43,722.4,0.0,63.0,2.3,0.0,28.75,18.7,99.0,SURESTE,23
2024-08-16 00:00:00,0.63,2.7,3.7,6.4,21.0,28.0,8.78,722.4,0.0,69.0,2.1,0.0,27.92,17.4,108.0,SURESTE,0
2024-08-16 01:00:00,0.62,2.8,3.6,6.5,20.0,28.0,8.45,722.1,0.0,73.0,2.1,0.0,27.22,14.4,114.0,SURESTE,1
2024-08-16 02:00:00,0.61,2.9,3.2,6.1,19.0,19.0,7.34,722.1,0.0,76.0,2.0,0.0,26.5,13.4,104.0,SURESTE,2
2024-08-16 03:00:00,0.6,3.0,2.8,5.8,18.0,26.0,6.9,722.0,0.0,77.0,2.0,0.0,25.95,13.6,103.0,SURESTE,3
2024-08-16 04:00:00,0.59,3.1,2.5,5.6,17.0,18.0,7.3,721.8,0.0,79.0,2.0,0.0,25.36,11.1,109.0,SURESTE,4
2024-08-16 05:00:00,0.6,3.3,3.4,6.7,16.0,23.0,7.91,722.0,0.0,80.0,2.0,0.0,25.11,10.4,97.0,SURESTE,5
2024-08-16 06:00:00,0.63,3.4,6.3,9.7,12.0,26.0,9.69,722.4,0.0,81.0,2.2,0.0,24.93,10.6,82.0,SURESTE,6
2024-08-16 07:00:00,0.69,4.2,8.4,12.6,10.0,25.0,9.43,722.8,0.0,82.0,2.4,0.014,24.85,8.5,90.0,SURESTE,7
2024-08-16 08:00:00,0.71,5.7,6.8,12.5,13.0,33.0,10.43,723.4,0.0,79.0,2.3,0.098,25.77,6.1,93.0,SURESTE,8
2024-08-16 09:00:00,0.86,10.3,11.8,22.0,14.0,33.0,11.39,723.9,0.0,74.0,2.2,0.251,27.24,6.2,55.0,SURESTE,9
2024-08-16 10:00:00,0.87,8.9,13.8,22.5,22.0,69.0,13.98,724.0,0.0,70.0,2.2,0.215,27.78,6.2,56.0,SURESTE,10
2024-08-16 11:00:00,0.9,6.1,11.5,17.4,37.0,67.0,13.58,724.0,0.0,65.0,2.1,0.364,29.14,9.0,51.0,SURESTE,11
2024-08-16 12:00:00,0.74,4.6,6.3,10.9,33.0,49.0,14.95,723.6,0.0,60.0,2.1,0.555,30.51,16.9,83.0,SURESTE,12
2024-08-16 13:00:00,0.73,4.5,5.3,9.9,32.0,70.0,14.01,723.2,0.0,51.0,2.1,0.614,32.16,19.4,104.0,SURESTE,13
2024-08-16 14:00:00,0.73,3.9,5.0,9.0,33.0,43.0,15.91,722.8,0.0,50.0,2.0,0.589,32.59,20.2,105.0,SURESTE,14
2024-08-16 15:00:00,0.73,4.1,5.8,9.9,34.0,42.0,11.7,722.4,0.0,49.0,2.6,0.413,32.93,18.4,99.0,SURESTE,15
2024-08-16 16:00:00,0.72,3.9,5.8,9.7,32.0,46.0,7.99,722.1,0.0,45.0,3.6,0.346,33.7,14.8,130.0,SURESTE,16
2024-08-16 17:00:00,0.66,6.1,6.0,12.1,29.0,31.0,7.89,722.0,0.0,42.0,2.5,0.203,33.55,13.9,144.0,SURESTE,17
2024-08-16 18:00:00,0.68,4.3,5.7,10.0,30.0,26.0,7.41,721.7,0.0,43.0,2.3,0.196,33.56,14.9,131.0,SURESTE,18
2024-08-16 19:00:00,0.66,4.0,5.4,9.4,27.0,28.0,6.59,721.7,0.0,42.0,2.1,0.07,32.82,14.6,157.0,SURESTE,19
2024-08-16 20:00:00,0.64,3.9,5.2,9.2,24.0,18.0,6.24,721.7,0.0,42.0,2.2,0.003,32.19,13.8,150.0,SURESTE,20
2024-08-16 21:00:00,0.74,4.0,7.8,11.8,21.0,17.0,8.09,722.1,0.0,49.0,2.1,0.0,31.06,12.0,103.0,SURESTE,21
2024-08-16 22:00:00,0.76,3.8,8.1,11.9,21.0,29.0,9.19,722.6,0.0,57.0,2.1,0.0,29.66,12.6,93.0,SURESTE,22
2024-08-16 23:00:00,0.73,3.5,7.3,10.7,20.0,27.0,9.18,722.9,0.0,61.0,2.2,0.0,28.79,10.2,105.0,SURESTE,23
2024-08-17 00:00:00,0.66,3.2,4.6,7.8,19.0,24.0,6.82,722.8,0.0,64.0,2.1,0.0,28.15,12.7,107.0,SURESTE,0
2024-08-17 01:00:00,0.66,3.1,5.0,8.2,17.0,15.0,6.65,722.8,0.0,69.0,2.1,0.0,27.4,11.2,104.0,SURESTE,1
2024-08-17 02:00:00,0.66,3.2,4.8,8.0,15.0,12.0,7.95,722.6,0.0,75.0,1.9,0.0,26.43,12.3,97.0,SURESTE,2
2024-08-17 03:00:00,0.65,3.2,6.6,9.8,12.0,15.0,9.06,722.6,0.0,79.0,1.9,0.0,25.65,11.1,66.0,SURESTE,3
2024-08-17 04:00:00,0.64,3.2,5.6,8.8,12.0,21.0,8.83,722.5,0.0,80.0,2.1,0.0,25.48,10.3,74.0,SURESTE,4
2024-08-17 05:00:00,0.64,3.5,4.4,7.9,13.0,24.0,9.77,722.4,0.0,81.0,2.3,0.0,25.31,9.3,90.0,SURESTE,5
2024-08-17 06:00:00,0.65,3.9,5.5,9.4,12.0,21.0,11.24,722.6,0.0,82.0,2.4,0.0,25.17,7.5,102.0,SURESTE,6
2024-08-17 07:00:00,0.71,5.3,9.8,15.0,8.0,27.0,11.59,722.9,0.0,83.0,2.4,0.004,25.07,6.7,75.0,SURESTE,7
2024-08-17 08:00:00,0.78,8.3,12.2,20.4,7.0,29.0,12.63,723.2,0.0,83.0,2.4,0.047,25.23,8.2,65.0,SURESTE,8
2024-08-17 09:00:00,0.77,7.8,8.2,15.9,14.0,39.0,13.45,723.6,0.0,78.0,2.4,0.21,26.46,8.1,82.0,SURESTE,9
2024-08-17 10:00:00,0.8,6.5,8.9,15.4,23.0,41.0,16.88,723.9,0.0,69.0,2.5,0.228,28.12,5.9,100.0,SURESTE,10
2024-08-17 11:00:00,0.78,4.9,9.9,14.7,40.0,51.0,16.72,724.0,0.0,65.0,2.3,0.292,29.13,6.2,38.0,SURESTE,11
2024-08-17 12:00:00,0.76,4.3,8.1,12.4,52.0,52.0,16.44,723.8,0.0,59.0,2.4,0.501,30.74,9.5,79.0,SURESTE,12
2024-08-17 13:00:00,0.82,4.1,7.6,11.6,44.0,54.0,20.64,723.4,0.0,53.0,2.4,0.572,31.99,14.6,80.0,SURESTE,13
2024-08-17 14:00:00,0.78,4.3,5.8,10.2,33.0,69.0,19.98,722.7,0.0,48.0,2.2,0.567,33.04,18.8,98.0,SURESTE,14
2024-08-17 15:00:00,0.8,4.3,6.0,10.4,32.0,54.0,20.93,722.3,0.0,48.0,2.1,0.433,33.34,18.7,113.0,SURESTE,15
2024-08-17 16:00:00,0.77,5.5,7.1,12.6,30.0,65.0,18.45,722.1,0.0,51.0,2.3,0.334,33.22,15.8,132.0,SURESTE,16
2024-08-17 17:00:00,0.74,4.3,5.4,9.7,25.0,46.0,12.76,722.1,0.0,52.0,2.4,0.155,32.61,15.4,135.0,SURESTE,17
2024-08-17 18:00:00,0.72,4.2,5.4,9.7,25.0,31.0,12.98,721.7,0.0,50.0,2.3,0.121,32.65,13.5,131.0,SURESTE,18
2024-08-17 19:00:00,0.71,3.9,5.7,9.5,27.0,29.0,12.77,721.7,0.0,48.0,2.2,0.049,32.38,12.0,142.0,SURESTE,19
2024-08-17 20:00:00,0.73,4.1,6.5,10.6,22.0,30.0,11.65,722.0,0.0,52.0,2.2,0.002,31.58,9.6,149.0,SURESTE,20
2024-08-17 21:00:00,0.76,4.1,7.3,11.5,20.0,23.0,11.3,722.1,0.0,52.0,2.3,0.0,31.53,8.5,131.0,SURESTE,21
2024-08-17 22:00:00,0.88,4.9,10.8,15.6,15.0,26.0,15.34,722.4,0.0,54.0,2.6,0.0,30.94,10.5,103.0,SURESTE,22
2024-08-17 23:00:00,0.82,3.8,8.2,12.0,16.0,39.0,15.2,722.5,0.0,61.0,2.4,0.0,29.56,14.5,101.0,SURESTE,23
2024-08-18 00:00:00,0.71,3.3,6.0,9.3,16.0,44.0,15.2,722.6,0.0,65.0,2.2,0.0,28.14,16.7,98.0,SURESTE,0
2024-08-18 01:00:00,0.68,3.1,5.3,8.4,15.0,36.0,9.51,722.8,0.0,69.0,2.2,0.0,27.06,16.3,101.0,SURESTE,1
2024-08-18 02:00:00,0.69,3.3,6.4,9.7,13.0,25.0,8.72,722.7,0.0,70.0,2.1,0.0,26.5,12.4,101.0,SURESTE,2
2024-08-18 03:00:00,0.7,3.3,7.0,10.2,12.0,28.0,8.09,722.5,0.0,71.0,2.0,0.0,26.01,10.0,91.0,SURESTE,3
2024-08-18 04:00:00,0.66,3.3,5.5,8.8,12.0,27.0,8.66,722.5,0.0,75.0,1.9,0.0,25.48,10.4,91.0,SURESTE,4
2024-08-18 05:00:00,0.66,3.4,4.6,8.1,12.0,23.0,8.03,722.6,0.0,78.0,1.9,0.0,25.11,7.9,114.0,SURESTE,5
2024-08-18 06:00:00,0.66,3.6,5.8,9.4,9.0,28.0,9.31,722.9,0.0,82.0,1.9,0.0,24.85,6.5,71.0,SURESTE,6
2024-08-18 07:00:00,0.68,4.1,6.6,10.7,8.0,25.0,9.49,723.2,0.0,82.0,2.0,0.008,24.91,4.6,77.0,SURESTE,7
2024-08-18 08:00:00,0.7,6.5,7.9,14.4,9.0,33.0,16.85,723.5,0.0,80.0,2.1,0.063,25.67,4.3,281.0,SURESTE,8
2024-08-18 09:00:00,0.77,10.9,12.2,23.0,10.0,40.0,18.64,723.8,0.0,76.0,2.2,0.108,26.71,3.4,356.0,SURESTE,9
2024-08-18 10:00:00,0.85,13.8,13.8,27.6,15.0,50.0,19.93,724.3,0.0,71.0,2.5,0.289,27.86,6.5,83.0,SURESTE,10
2024-08-18 11:00:00,0.87,10.1,15.1,25.2,26.0,43.0,17.99,724.3,0.0,65.0,2.9,0.352,29.36,7.0,80.0,SURESTE,11
2024-08-18 12:00:00,0.93,7.4,15.3,22.7,40.0,44.0,19.2,724.0,0.0,60.0,3.1,0.397,30.12,13.1,84.0,SURESTE,12
2024-08-18 13:00:00,0.8,3.7,8.2,11.9,50.0,57.0,25.22,723.6,0.0,52.0,3.9,0.57,31.82,16.3,84.0,SURESTE,13
2024-08-18 14:00:00,0.75,4.0,5.2,9.2,30.0,62.0,20.7,723.3,0.0,44.0,3.3,0.573,32.99,17.3,108.0,SURESTE,14
2024-08-18 15:00:00,0.68,4.0,4.6,8.6,28.0,45.0,18.31,722.9,0.0,43.0,2.6,0.453,33.43,14.3,129.0,SURESTE,15
2024-08-18 16:00:00,0.66,3.9,4.7,8.7,27.0,27.0,11.59,722.4,0.0,44.0,2.4,0.181,33.01,14.1,145.0,SURESTE,16
2024-08-18 17:00:00,0.66,4.1,4.1,8.2,25.0,15.0,8.03,722.1,0.0,44.0,2.3,0.214,33.12,14.7,147.0,SURESTE,17
2024-08-18 18:00:00,0.68,4.0,4.8,8.8,23.0,16.0,8.32,722.1,0.0,46.0,2.2,0.09,32.69,13.3,138.0,SURESTE,18
2024-08-18 19:00:00,0.65,4.0,4.8,8.8,21.0,20.0,8.66,722.1,0.0,47.0,2.3,0.026,31.79,9.9,195.0,SURESTE,19
2024-08-18 20:00:00,0.65,4.0,5.7,9.8,19.0,15.0,7.31,722.1,0.0,45.0,2.5,0.001,31.51,6.5,177.0,SURESTE,20
2024-08-18 21:00:00,0.68,4.1,6.0,10.2,19.0,16.0,7.2,722.5,0.0,45.0,2.3,0.0,31.59,8.5,142.0,SURESTE,21
2024-08-18 22:00:00,0.81,4.6,10.0,14.5,15.0,21.0,7.31,723.3,0.0,50.0,2.4,0.0,30.69,11.7,106.0,SURESTE,22
2024-08-18 23:00:00,0.69,3.7,5.0,8.7,16.0,51.0,11.18,723.7,0.0,62.0,2.4,0.0,28.81,15.9,119.0,SURESTE,23
2024-08-19 00:00:00,0.67,3.1,3.8,7.0,15.0,29.0,6.67,723.6,0.0,67.0,2.3,0.0,27.84,17.1,89.0,SURESTE,0
2024-08-19 01:00:00,0.64,2.9,3.4,6.3,14.0,25.0,5.75,723.5,0.0,72.0,2.1,0.0,26.89,16.6,97.0,SURESTE,1
2024-08-19 02:00:00,0.65,3.0,4.0,7.1,12.0,18.0,6.96,723.2,0.0,76.0,2.0,0.0,26.11,11.7,102.0,SURESTE,2
2024-08-19 03:00:00,0.65,3.2,3.5,6.7,12.0,18.0,6.59,723.1,0.0,77.0,2.0,0.0,25.69,9.8,85.0,SURESTE,3
2024-08-19 04:00:00,0.62,3.4,2.9,6.3,12.0,16.0,5.66,723.3,0.0,79.0,2.1,0.0,25.22,7.0,93.0,SURESTE,4
2024-08-19 05:00:00,0.65,3.7,5.4,9.1,9.0,16.0,6.75,723.6,0.0,80.0,2.0,0.0,25.0,6.0,65.0,SURESTE,5
2024-08-19 06:00:00,0.66,4.4,7.9,12.3,6.0,16.0,7.24,723.6,0.0,81.0,2.1,0.0,24.71,4.1,50.0,SURESTE,6
2024-08-19 07:00:00,0.76,9.5,10.7,20.2,4.0,23.0,7.39,723.8,0.0,82.0,2.2,0.014,24.54,1.8,239.0,SURESTE,7
2024-08-19 08:00:00,1.2,19.7,12.8,32.4,5.0,22.0,13.47,724.0,0.0,78.0,2.3,0.101,26.21,3.5,295.0,SURESTE,8
2024-08-19 09:00:00,1.04,22.0,17.1,39.0,10.0,95.0,12.15,724.0,0.0,68.0,3.1,0.249,28.74,3.9,336.0,SURESTE,9
2024-08-19 10:00:00,0.97,17.3,21.7,38.9,20.0,55.0,11.4,724.4,0.0,64.0,2.9,0.344,29.15,7.7,66.0,SURESTE,10
2024-08-19 11:00:00,0.93,14.1,19.7,33.8,24.0,52.0,14.21,724.4,0.0,60.0,4.1,0.433,30.08,9.5,51.0,SURESTE,11
2024-08-19 12:00:00,0.8,5.1,10.9,15.9,46.0,69.0,14.81,724.5,0.0,52.0,5.3,0.417,31.18,12.8,93.0,SURESTE,12
2024-08-19 13:00:00,0.91,4.1,7.7,11.8,43.0,61.0,22.5,724.7,0.0,48.0,6.1,0.494,31.94,15.8,106.0,SURESTE,13
2024-08-19 14:00:00,0.72,3.5,5.9,9.4,31.0,227.0,11.05,724.5,0.0,48.0,5.2,0.395,32.28,13.9,117.0,SURESTE,14
2024-08-19 15:00:00,0.76,3.5,6.4,10.0,34.0,63.0,14.93,724.0,0.0,47.0,6.9,0.345,32.5,14.5,119.0,SURESTE,15
2024-08-19 16:00:00,0.66,3.6,5.2,8.8,27.0,47.0,7.24,723.7,0.0,46.0,8.8,0.111,31.66,13.3,163.0,SURESTE,16
2024-08-19 17:00:00,0.66,4.1,5.2,9.3,24.0,25.0,6.7,723.6,0.0,47.0,4.7,0.107,31.53,11.5,168.0,SURESTE,17
2024-08-19 18:00:00,0.65,3.8,5.4,9.2,30.0,20.0,6.18,723.6,0.0,42.0,4.9,0.111,31.77,12.8,165.0,SURESTE,18
2024-08-19 19:00:00,0.69,4.0,7.1,11.1,28.0,17.0,5.8,723.6,0.0,40.0,3.0,0.058,31.69,10.3,154.0,SURESTE,19
2024-08-19 20:00:00,0.66,3.9,6.5,10.4,26.0,15.0,6.35,723.6,0.0,43.0,2.4,0.002,30.94,11.4,164.0,SURESTE,20
2024-08-19 21:00:00,0.66,3.6,5.5,9.1,27.0,14.0,6.37,723.6,0.0,43.0,2.1,0.0,31.04,10.2,151.0,SURESTE,21
2024-08-19 22:00:00,0.65,3.4,4.7,8.1,29.0,17.0,6.33,723.9,0.0,45.0,2.0,0.0,30.9,9.7,154.0,SURESTE,22
2024-08-19 23:00:00,0.72,3.4,8.1,11.4,22.0,9.0,8.87,724.0,0.0,51.0,2.1,0.0,29.79,14.4,114.0,SURESTE,23
2024-08-20 00:00:00,0.66,2.8,3.1,5.9,27.0,40.0,7.39,724.3,0.0,62.0,2.0,0.0,28.43,18.8,119.0,SURESTE,0
2024-08-20 01:00:00,0.66,2.6,3.2,5.8,26.0,27.0,7.02,724.4,0.0,64.0,2.0,0.0,28.07,14.7,92.0,SURESTE,1
2024-08-20 02:00:00,0.67,2.7,3.9,6.6,22.0,23.0,7.82,724.3,0.0,69.0,2.0,0.0,26.72,12.2,93.0,SURESTE,2
2024-08-20 03:00:00,0.68,2.9,5.7,8.6,19.0,22.0,8.3,724.2,0.0,71.0,2.0,0.0,26.01,10.3,88.0,SURESTE,3
2024-08-20 04:00:00,0.67,3.1,6.6,9.7,17.0,26.0,8.95,724.2,0.0,74.0,2.1,0.0,25.44,8.0,89.0,SURESTE,4
2024-08-20 05:00:00,0.67,3.4,6.8,10.1,14.0,25.0,8.53,724.3,0.0,77.0,2.2,0.0,24.84,6.7,64.0,SURESTE,5
2024-08-20 06:00:00,0.73,5.7,12.2,17.9,8.0,27.0,9.69,724.6,0.0,81.0,2.2,0.0,24.09,2.0,307.0,SURESTE,6
2024-08-20 07:00:00,0.9,16.9,17.0,33.9,4.0,28.0,10.62,724.7,0.0,81.0,2.4,0.016,24.47,2.2,322.0,SURESTE,7
2024-08-20 08:00:00,1.09,19.7,18.9,38.6,7.0,39.0,12.39,725.1,0.0,75.0,2.8,0.127,26.47,3.0,306.0,SURESTE,8
2024-08-20 09:00:00,1.33,22.1,23.9,46.0,13.0,58.0,16.92,725.5,0.0,67.0,3.4,0.264,28.65,3.2,289.0,SURESTE,9
2024-08-20 10:00:00,1.28,13.6,23.9,37.4,28.0,140.0,15.42,725.8,0.0,60.0,3.5,0.364,29.93,4.3,9.0,SURESTE,10
2024-08-20 11:00:00,1.0,9.4,19.8,29.3,38.0,68.0,14.47,725.8,0.0,55.0,3.3,0.435,30.62,11.3,74.0,SURESTE,11
2024-08-20 12:00:00,0.84,6.1,11.9,18.0,45.0,81.0,17.31,725.7,0.0,48.0,4.2,0.519,31.76,13.8,100.0,SURESTE,12
2024-08-20 13:00:00,0.76,3.5,7.4,10.9,60.0,70.0,14.47,725.3,0.0,43.0,9.3,0.576,32.82,14.5,110.0,SURESTE,13
2024-08-20 14:00:00,0.72,3.1,5.7,8.8,50.0,62.0,12.6,724.7,0.0,40.0,9.8,0.561,33.66,15.8,108.0,SURESTE,14
2024-08-20 15:00:00,0.76,3.6,5.6,9.3,40.0,44.0,22.91,724.1,0.0,38.0,3.2,0.491,34.46,15.9,113.0,SURESTE,15
2024-08-20 16:00:00,0.71,3.4,4.8,8.2,40.0,54.0,8.47,723.6,0.0,35.0,2.5,0.426,35.05,16.5,118.0,SURESTE,16
2024-08-20 17:00:00,0.65,3.8,5.6,9.3,37.0,40.0,8.89,723.2,0.0,32.0,2.3,0.309,35.38,15.5,118.0,SURESTE,17
2024-08-20 18:00:00,0.67,3.4,6.8,10.2,38.0,35.0,10.09,723.2,0.0,31.0,2.1,0.179,35.2,14.6,125.0,SURESTE,18
2024-08-20 19:00:00,0.69,3.3,8.4,11.6,35.0,32.0,7.6,723.2,0.0,33.0,2.1,0.054,34.17,13.1,139.0,SURESTE,19
2024-08-20 20:00:00,0.68,3.2,8.2,11.4,33.0,33.0,7.51,723.5,0.0,35.0,2.2,0.001,32.91,12.9,148.0,SURESTE,20
2024-08-20 21:00:00,0.62,3.0,6.6,9.5,36.0,20.0,6.42,723.8,0.0,34.0,2.1,0.0,32.68,12.0,167.0,SURESTE,21
2024-08-20 22:00:00,0.61,2.8,4.7,7.5,39.0,18.0,6.64,724.4,0.0,36.0,2.1,0.0,32.51,12.2,161.0,SURESTE,22
2024-08-20 23:00:00,0.63,2.8,5.1,7.9,36.0,13.0,7.0,724.6,0.0,38.0,2.2,0.0,32.05,11.5,139.0,SURESTE,23
2024-08-21 00:00:00,0.66,2.5,4.7,7.2,31.0,21.0,8.13,724.7,0.0,49.0,2.1,0.0,30.07,16.9,99.0,SURESTE,0
2024-08-21 01:00:00,0.69,2.4,5.7,8.1,25.0,25.0,9.24,724.7,0.0,58.0,2.2,0.0,28.27,13.9,90.0,SURESTE,1
2024-08-21 02:00:00,0.68,2.6,5.4,8.0,23.0,30.0,9.48,724.7,0.0,62.0,2.1,0.0,27.3,10.3,88.0,SURESTE,2
2024-08-21 03:00:00,0.68,2.9,6.9,9.8,20.0,29.0,10.09,724.5,0.0,66.0,2.1,0.0,26.54,3.1,33.0,SURESTE,3
2024-08-21 04:00:00,0.7,3.4,9.3,12.7,15.0,26.0,9.26,724.3,0.0,70.0,2.0,0.0,25.81,1.8,336.0,SURESTE,4
2024-08-21 05:00:00,0.77,4.9,14.2,19.1,8.0,26.0,9.41,724.3,0.0,72.0,2.0,0.0,25.48,1.8,232.0,SURESTE,5
2024-08-21 06:00:00,0.88,12.8,20.5,33.3,3.0,30.0,11.79,724.3,0.0,76.0,2.3,0.0,25.27,1.8,278.0,SURESTE,6
2024-08-21 07:00:00,1.32,28.8,23.5,52.2,3.0,40.0,14.17,724.6,0.0,76.0,2.7,0.017,25.75,2.4,267.0,SURESTE,7
2024-08-21 08:00:00,1.29,25.2,23.9,49.0,7.0,65.0,15.21,724.8,0.0,67.0,3.1,0.123,27.88,4.8,278.0,SURESTE,8
2024-08-21 09:00:00,1.17,21.9,31.8,53.7,17.0,61.0,17.01,725.3,0.0,55.0,4.3,0.256,30.1,4.7,283.0,SURESTE,9
2024-08-21 10:00:00,1.16,20.8,38.1,58.9,27.0,74.0,18.66,725.5,0.0,48.0,5.3,0.375,32.28,3.8,42.0,SURESTE,10
2024-08-21 11:00:00,1.12,9.5,26.8,36.2,52.0,92.0,17.95,725.4,0.0,46.0,4.1,0.471,32.86,10.6,75.0,SURESTE,11
2024-08-21 12:00:00,0.92,4.2,11.6,15.7,61.0,81.0,24.0,724.9,0.0,42.0,3.3,0.533,33.65,17.6,96.0,SURESTE,12
2024-08-21 13:00:00,0.83,3.4,8.4,11.8,63.0,83.0,15.91,724.7,0.0,37.0,3.0,0.564,34.67,17.4,108.0,SURESTE,13
2024-08-21 14:00:00,0.81,3.0,8.1,11.0,69.0,60.0,16.17,724.2,0.0,36.0,4.7,0.554,35.48,17.3,107.0,SURESTE,14
2024-08-21 15:00:00,0.73,3.1,7.1,10.2,59.0,58.0,13.18,723.7,0.0,30.0,4.6,0.482,36.63,16.0,122.0,SURESTE,15
2024-08-21 16:00:00,0.69,3.3,6.4,9.6,53.0,42.0,12.27,723.1,0.0,28.0,2.7,0.418,36.99,16.4,125.0,SURESTE,16
2024-08-21 17:00:00,0.67,3.3,6.3,9.6,48.0,39.0,9.37,722.9,0.0,28.0,2.2,0.295,37.0,15.8,134.0,SURESTE,17
2024-08-21 18:00:00,0.68,3.3,6.7,10.0,43.0,31.0,8.9,722.7,0.0,30.0,2.2,0.16,36.38,13.8,136.0,SURESTE,18
2024-08-21 19:00:00,0.68,3.0,7.1,10.1,41.0,29.0,9.18,722.6,0.0,32.0,2.1,0.057,35.33,13.0,141.0,SURESTE,19
2024-08-21 20:00:00,0.7,2.9,8.4,11.3,39.0,29.0,8.98,722.8,0.0,33.0,2.1,0.002,34.05,9.8,159.0,SURESTE,20
2024-08-21 21:00:00,0.68,3.1,8.3,11.3,38.0,26.0,9.64,723.0,0.0,34.0,2.0,0.0,33.68,9.9,169.0,SURESTE,21
2024-08-21 22:00:00,0.65,2.9,5.6,8.5,40.0,28.0,8.99,723.4,0.0,35.0,2.0,0.0,33.38,11.8,155.0,SURESTE,22
2024-08-21 23:00:00,0.64,2.8,4.1,6.8,40.0,23.0,8.34,723.7,0.0,38.0,2.0,0.0,32.93,12.3,151.0,SURESTE,23
2024-08-22 00:00:00,0.64,2.7,4.8,7.5,38.0,14.0,8.36,723.6,0.0,39.0,2.0,0.0,32.35,7.9,127.0,SURESTE,0
2024-08-22 01:00:00,0.69,2.9,9.3,12.2,31.0,23.0,9.12,723.5,0.0,43.0,2.0,0.0,30.95,6.0,356.0,SURESTE,1
2024-08-22 02:00:00,0.75,3.2,12.7,15.8,24.0,26.0,9.47,723.1,0.0,51.0,2.0,0.0,29.03,4.6,349.0,SURESTE,2
2024-08-22 03:00:00,0.77,3.5,17.4,20.9,16.0,26.0,10.8,722.9,0.0,54.0,2.0,0.0,28.37,4.3,59.0,SURESTE,3
2024-08-22 04:00:00,0.71,3.6,13.7,17.2,17.0,30.0,12.51,722.9,0.0,62.0,2.1,0.0,27.18,3.8,10.0,SURESTE,4
2024-08-22 05:00:00,0.84,6.7,22.7,29.4,6.0,40.0,12.83,722.9,0.0,66.0,2.1,0.0,26.29,1.8,258.0,SURESTE,5
2024-08-22 06:00:00,0.89,17.5,24.5,41.9,3.0,45.0,13.49,723.1,0.0,69.0,2.3,0.0,26.04,2.2,288.0,SURESTE,6
2024-08-22 07:00:00,1.05,26.4,26.6,52.8,3.0,47.0,14.78,723.2,0.0,70.0,2.4,0.017,26.0,2.7,313.0,SURESTE,7
2024-08-22 08:00:00,1.14,23.4,25.7,49.1,8.0,63.0,13.97,723.6,0.0,64.0,2.9,0.123,28.06,5.0,281.0,SURESTE,8
2024-08-22 09:00:00,1.35,29.7,34.1,63.7,13.0,62.0,18.33,723.8,0.0,56.0,4.0,0.259,30.41,4.2,287.0,SURESTE,9
2024-08-22 10:00:00,1.2,18.5,31.8,50.2,32.0,68.0,17.67,724.3,0.0,48.0,5.2,0.381,32.14,8.1,40.0,SURESTE,10
2024-08-22 11:00:00,0.94,5.8,19.5,25.2,55.0,43.49255751014885,16.1,724.4,0.0,42.0,4.2,0.477,32.98,15.3,89.0,SURESTE,11
2024-08-22 12:00:00,0.81,3.5,9.1,12.6,60.0,92.0,16.93,724.3,0.0,38.0,3.2,0.542,33.8,17.1,109.0,SURESTE,12
2024-08-22 13:00:00,0.76,3.1,6.5,9.6,58.0,68.0,14.58,724.0,0.0,36.0,4.7,0.567,34.43,16.2,116.0,SURESTE,13
2024-08-22 14:00:00,0.74,3.3,5.6,8.9,52.0,49.0,14.59,723.6,0.0,34.0,2.8,0.554,35.09,16.6,113.0,SURESTE,14
2024-08-22 15:00:00,0.75,3.2,5.4,8.6,51.0,39.0,13.83,723.2,0.0,32.0,2.2,0.484,35.86,15.2,111.0,SURESTE,15
2024-08-22 16:00:00,0.7,3.1,5.3,8.5,50.0,42.0,10.75,722.6,0.0,30.0,2.1,0.42,36.35,14.9,129.0,SURESTE,16
2024-08-22 17:00:00,0.69,3.2,5.5,8.7,47.0,27.0,10.36,722.1,0.0,31.0,2.1,0.299,36.37,15.7,123.0,SURESTE,17
2024-08-22 18:00:00,0.7,3.2,6.6,9.8,45.0,35.0,9.11,722.1,0.0,32.0,2.1,0.136,35.76,16.2,124.0,SURESTE,18
2024-08-22 19:00:00,0.74,3.1,8.5,11.6,40.0,35.0,10.37,722.1,0.0,34.0,2.1,0.046,34.87,13.0,136.0,SURESTE,19
2024-08-22 20:00:00,0.73,3.1,9.1,12.2,39.0,36.0,9.29,722.4,0.0,36.0,2.0,0.002,33.75,11.3,145.0,SURESTE,20
2024-08-22 21:00:00,0.71,3.1,7.8,10.9,39.0,26.0,8.91,722.7,0.0,37.0,1.9,0.0,33.28,13.3,144.0,SURESTE,21
2024-08-22 22:00:00,0.7,3.0,6.2,9.2,37.0,26.0,9.32,723.2,0.0,41.0,2.0,0.0,32.31,14.0,133.0,SURESTE,22
2024-08-22 23:00:00,0.68,2.7,4.3,7.0,35.0,29.0,8.69,723.6,0.0,49.0,1.9,0.0,30.52,17.7,116.0,SURESTE,23
2024-08-23 00:00:00,0.68,2.5,4.5,7.1,31.0,28.0,8.35,723.6,0.0,55.0,2.0,0.0,29.15,16.0,98.0,SURESTE,0
2024-08-23 01:00:00,0.69,2.7,5.9,8.7,29.0,26.0,7.67,723.6,0.0,57.0,1.9,0.0,28.62,6.5,87.0,SURESTE,1
2024-08-23 02:00:00,0.68,2.9,5.6,8.5,26.0,27.0,7.34,723.6,0.0,63.0,1.9,0.0,27.5,11.9,72.0,SURESTE,2
2024-08-23 03:00:00,0.66,3.1,4.1,7.2,25.0,23.0,7.04,723.5,0.0,68.0,1.9,0.0,26.54,9.5,92.0,SURESTE,3
2024-08-23 04:00:00,0.64,3.5,4.2,7.7,23.0,22.0,6.99,723.3,0.0,70.0,1.9,0.0,25.97,7.0,74.0,SURESTE,4
2024-08-23 05:00:00,0.66,3.5,7.9,11.3,18.0,21.0,7.71,723.4,0.0,73.0,1.9,0.0,25.44,6.0,53.0,SURESTE,5
2024-08-23 06:00:00,0.73,6.3,14.3,20.6,9.0,25.0,8.84,723.5,0.0,77.0,2.3,0.0,24.66,3.2,269.0,SURESTE,6
2024-08-23 07:00:00,1.02,24.4,21.9,46.2,3.0,29.0,11.11,723.6,0.0,75.0,2.4,0.018,25.3,4.7,275.0,SURESTE,7
2024-08-23 08:00:00,1.1,22.7,22.2,44.8,8.0,44.0,11.99,723.7,0.0,66.0,3.0,0.129,27.75,3.9,283.0,SURESTE,8
2024-08-23 09:00:00,1.06,22.8,26.5,49.3,15.0,46.0,13.75,724.1,0.0,61.0,3.8,0.263,29.19,4.7,358.0,SURESTE,9
2024-08-23 10:00:00,1.1,17.7,27.9,45.5,27.0,63.0,15.83,724.6,0.0,59.0,3.8,0.38,29.89,8.2,50.0,SURESTE,10
2024-08-23 11:00:00,0.93,9.4,20.3,29.7,43.0,81.0,14.96,724.7,0.0,53.0,3.7,0.478,30.91,12.9,84.0,SURESTE,11
2024-08-23 12:00:00,0.86,5.2,12.7,17.8,56.0,78.0,19.48,724.6,0.0,49.0,3.7,0.543,31.69,16.6,91.0,SURESTE,12
2024-08-23 13:00:00,0.79,3.5,9.0,12.4,60.0,80.0,22.38,724.2,0.0,43.0,15.2,0.548,32.72,17.6,103.0,SURESTE,13
2024-08-23 14:00:00,0.77,3.7,6.0,9.7,43.0,86.0,12.46,724.1,0.0,38.0,5.4,0.567,33.82,17.7,104.0,SURESTE,14
2024-08-23 15:00:00,0.74,4.4,6.0,10.5,40.0,57.0,14.33,723.8,0.0,36.0,2.8,0.492,34.76,16.0,110.0,SURESTE,15
2024-08-23 16:00:00,0.72,3.9,5.6,9.5,40.0,53.0,14.28,723.5,0.0,32.0,2.4,0.43,35.38,16.6,106.0,SURESTE,16
2024-08-23 17:00:00,0.71,3.8,5.5,9.3,40.0,65.0,8.58,723.2,0.0,30.0,2.3,0.308,35.54,17.6,110.0,SURESTE,17
2024-08-23 18:00:00,0.69,4.0,6.8,10.8,38.0,37.0,8.13,722.9,0.0,30.0,2.1,0.175,35.32,15.8,118.0,SURESTE,18
2024-08-23 19:00:00,0.68,3.5,8.5,12.0,35.0,28.0,7.93,722.9,0.0,31.0,2.1,0.052,34.33,12.3,144.0,SURESTE,19
2024-08-23 20:00:00,0.66,3.3,8.7,11.9,35.0,25.0,7.23,722.9,0.0,32.0,2.1,0.001,33.16,10.3,166.0,SURESTE,20
2024-08-23 21:00:00,0.69,3.3,8.5,11.8,34.0,18.0,7.73,723.4,0.0,33.0,2.2,0.0,32.94,12.0,145.0,SURESTE,21
2024-08-23 22:00:00,0.64,3.1,4.5,7.6,29.0,22.0,8.52,724.0,0.0,45.0,2.1,0.0,31.3,19.2,133.0,SURESTE,22
2024-08-23 23:00:00,0.66,3.0,3.9,6.9,23.0,43.0,8.87,724.5,0.0,57.0,2.3,0.0,29.6,18.1,119.0,SURESTE,23
2024-08-24 00:00:00,0.69,2.7,4.6,7.4,20.0,34.0,9.16,724.4,0.0,61.0,2.3,0.0,28.67,17.4,92.0,SURESTE,0
2024-08-24 01:00:00,0.68,2.7,4.9,7.6,23.0,40.0,10.21,724.3,0.0,63.0,2.4,0.0,27.43,17.4,100.0,SURESTE,1
2024-08-24 02:00:00,0.64,2.7,3.5,6.3,23.0,36.0,9.83,724.1,0.0,67.0,2.2,0.0,26.6,14.8,99.0,SURESTE,2
2024-08-24 03:00:00,0.63,2.9,3.4,6.3,19.0,32.0,10.61,724.0,0.0,73.0,2.7,0.0,25.84,10.9,110.0,SURESTE,3
2024-08-24 04:00:00,0.63,3.2,3.0,6.2,18.0,25.0,10.59,724.2,0.0,76.0,2.6,0.0,25.16,9.4,110.0,SURESTE,4
2024-08-24 05:00:00,0.64,3.5,4.1,7.6,15.0,22.0,9.82,723.9,0.0,79.0,2.7,0.0,24.58,7.7,88.0,SURESTE,5
2024-08-24 06:00:00,0.67,4.9,8.9,13.8,9.0,22.0,9.98,724.2,0.0,82.0,3.0,0.0,24.06,5.5,35.0,SURESTE,6
2024-08-24 07:00:00,0.75,9.1,12.4,21.4,5.0,33.0,10.77,724.5,0.0,83.0,2.9,0.017,23.92,1.8,312.0,SURESTE,7
2024-08-24 08:00:00,0.82,11.7,13.8,25.4,8.0,31.0,14.03,724.8,0.0,79.0,3.1,0.094,25.58,2.2,296.0,SURESTE,8
2024-08-24 09:00:00,0.98,16.9,17.8,34.7,13.0,46.0,19.98,725.0,0.0,69.0,4.0,0.248,27.91,5.4,346.0,SURESTE,9
2024-08-24 10:00:00,1.02,14.2,21.4,35.7,24.0,58.0,21.66,725.1,0.0,64.0,4.3,0.383,29.06,6.2,58.0,SURESTE,10
2024-08-24 11:00:00,0.95,9.2,20.0,29.2,39.0,61.0,22.0,725.5,0.0,63.0,3.8,0.465,29.33,11.5,62.0,SURESTE,11
2024-08-24 12:00:00,0.86,6.6,15.1,21.7,48.0,87.0,22.69,725.4,0.0,57.0,4.0,0.548,30.54,14.0,78.0,SURESTE,12
2024-08-24 13:00:00,0.79,3.7,9.6,13.3,58.0,80.0,23.56,724.9,0.0,49.0,9.6,0.579,31.94,15.5,109.0,SURESTE,13
2024-08-24 14:00:00,0.74,3.7,6.8,10.5,43.0,79.0,20.97,724.3,0.0,44.0,11.6,0.566,32.79,15.3,126.0,SURESTE,14
2024-08-24 15:00:00,0.69,3.9,5.2,9.1,36.0,47.0,17.09,723.7,0.0,40.0,3.2,0.502,33.74,14.2,134.0,SURESTE,15
2024-08-24 16:00:00,0.66,3.8,5.2,9.0,39.0,40.0,12.91,723.0,0.0,36.0,2.6,0.429,34.12,14.1,152.0,SURESTE,16
2024-08-24 17:00:00,0.64,3.6,5.2,8.8,42.0,37.0,13.01,722.7,0.0,35.0,3.4,0.28,34.14,13.9,161.0,SURESTE,17
2024-08-24 18:00:00,0.65,3.4,7.1,10.4,44.0,35.0,13.26,722.5,0.0,33.0,6.0,0.111,33.78,11.8,162.0,SURESTE,18
2024-08-24 19:00:00,0.63,3.3,8.2,11.4,40.0,38.0,12.1,722.6,0.0,31.0,6.1,0.033,33.21,11.0,161.0,SURESTE,19
2024-08-24 20:00:00,0.69,3.3,10.0,13.3,35.0,31.0,11.61,723.0,0.0,31.0,2.8,0.001,32.84,9.4,147.0,SURESTE,20
2024-08-24 21:00:00,0.76,3.5,11.8,15.1,32.0,23.0,13.67,723.3,0.0,32.0,2.3,0.0,32.75,9.9,115.0,SURESTE,21
2024-08-24 22:00:00,0.77,3.5,10.3,13.8,19.0,36.0,15.15,724.1,0.0,48.0,3.3,0.0,30.52,18.0,102.0,SURESTE,22
2024-08-24 23:00:00,0.68,3.4,4.8,8.2,19.0,60.0,11.74,724.7,0.0,59.0,3.1,0.0,28.51,15.4,132.0,SURESTE,23
2024-08-25 00:00:00,0.67,3.0,4.2,7.2,17.0,40.0,11.74,724.7,0.0,65.0,2.4,0.0,27.66,16.7,111.0,SURESTE,0
2024-08-25 01:00:00,0.64,3.0,3.2,6.2,17.0,36.0,11.37,724.5,0.0,70.0,2.1,0.0,26.7,18.4,97.0,SURESTE,1
2024-08-25 02:00:00,0.64,3.4,3.6,7.0,17.0,28.0,9.83,724.3,0.0,71.0,2.1,0.0,26.31,16.1,100.0,SURESTE,2
2024-08-25 03:00:00,0.63,3.1,3.2,6.3,18.0,33.0,9.05,724.2,0.0,73.0,2.0,0.0,25.69,11.3,103.0,SURESTE,3
2024-08-25 04:00:00,0.62,3.2,2.6,5.8,18.0,27.0,8.73,724.0,0.0,75.0,2.0,0.0,25.25,11.8,100.0,SURESTE,4
2024-08-25 05:00:00,0.62,3.3,2.6,5.8,18.0,27.0,8.89,723.8,0.0,77.0,1.9,0.0,24.89,9.4,108.0,SURESTE,5
2024-08-25 06:00:00,0.62,3.5,2.7,6.2,17.0,25.0,9.53,723.8,0.0,79.0,1.9,0.0,24.56,8.1,109.0,SURESTE,6
2024-08-25 07:00:00,0.65,3.9,4.6,8.5,14.0,26.0,10.46,724.1,0.0,81.0,2.0,0.006,24.41,7.0,121.0,SURESTE,7
2024-08-25 08:00:00,0.67,4.5,5.2,9.7,14.0,37.0,12.02,724.7,0.0,80.0,1.9,0.03,24.75,6.8,127.0,SURESTE,8
2024-08-25 09:00:00,0.69,5.2,5.3,10.5,18.0,42.0,14.47,725.0,0.0,76.0,1.9,0.194,26.08,9.0,97.0,SURESTE,9
2024-08-25 10:00:00,0.68,4.8,5.1,9.9,25.0,47.0,17.05,725.5,0.0,71.0,2.0,0.285,27.12,10.9,81.0,SURESTE,10
2024-08-25 11:00:00,0.7,5.0,6.3,11.4,32.0,51.0,17.43,725.5,0.0,66.0,3.0,0.32,28.11,11.1,69.0,SURESTE,11
2024-08-25 12:00:00,0.77,4.1,6.3,10.4,39.0,50.0,19.01,725.4,0.0,59.0,2.9,0.529,29.66,15.2,81.0,SURESTE,12
2024-08-25 13:00:00,0.79,4.0,6.5,10.5,40.0,60.0,23.0,725.1,0.0,56.0,3.9,0.583,30.53,18.8,93.0,SURESTE,13
2024-08-25 14:00:00,0.76,4.0,5.1,9.1,30.0,77.0,29.77,724.8,0.0,50.0,4.7,0.513,31.6,16.4,118.0,SURESTE,14
2024-08-25 15:00:00,0.73,4.0,4.8,8.9,30.0,60.0,27.65,724.4,0.0,47.0,2.6,0.292,32.13,14.1,124.0,SURESTE,15
2024-08-25 16:00:00,0.66,3.8,4.5,8.3,32.0,53.0,23.41,723.7,0.0,44.0,2.4,0.313,32.79,13.2,152.0,SURESTE,16
2024-08-25 17:00:00,0.66,3.9,4.6,8.5,33.0,47.0,16.39,723.6,0.0,40.0,3.7,0.288,33.8,13.1,146.0,SURESTE,17
2024-08-25 18:00:00,0.71,3.8,5.9,9.7,32.0,42.0,14.9,723.5,0.0,40.0,4.7,0.119,33.36,12.2,138.0,SURESTE,18
2024-08-25 19:00:00,0.79,3.9,7.8,11.7,28.0,40.0,13.18,723.5,0.0,40.0,3.4,0.031,32.69,11.4,130.0,SURESTE,19
2024-08-25 20:00:00,0.69,3.5,4.4,8.0,27.0,44.0,15.22,724.0,0.0,52.0,2.3,0.001,30.35,18.9,148.0,SURESTE,20
2024-08-25 21:00:00,0.63,3.2,3.0,6.2,27.0,45.0,13.68,724.6,0.0,54.0,2.1,0.0,29.63,20.3,153.0,SURESTE,21
2024-08-25 22:00:00,0.64,3.2,3.5,6.7,26.0,37.0,11.25,725.2,0.0,55.0,2.0,0.0,29.29,15.0,137.0,SURESTE,22
2024-08-25 23:00:00,0.65,3.0,3.5,6.6,24.0,37.0,10.8,725.5,0.0,58.0,2.0,0.0,28.74,14.9,119.0,SURESTE,23
2024-08-26 00:00:00,0.63,2.9,3.0,5.9,21.0,36.0,10.94,725.4,0.0,63.0,1.9,0.0,27.93,15.0,113.0,SURESTE,0
2024-08-26 01:00:00,0.61,2.8,2.4,5.2,20.0,30.0,10.74,725.1,0.0,67.0,1.9,0.0,26.99,15.7,115.0,SURESTE,1
2024-08-26 02:00:00,0.62,2.9,3.0,5.8,19.0,29.0,10.76,724.7,0.0,70.0,2.1,0.0,26.17,12.2,111.0,SURESTE,2
2024-08-26 03:00:00,0.64,3.0,3.0,6.0,18.0,30.0,11.02,724.5,0.0,74.0,2.0,0.0,25.4,11.2,95.0,SURESTE,3
2024-08-26 04:00:00,0.62,3.2,3.0,6.2,16.0,33.0,10.81,724.3,0.0,76.0,1.9,0.0,24.79,8.3,101.0,SURESTE,4
2024-08-26 05:00:00,0.63,3.8,4.0,7.8,14.0,26.0,10.99,724.4,0.0,79.0,1.9,0.0,24.26,7.2,71.0,SURESTE,5
2024-08-26 06:00:00,0.64,4.6,7.1,11.7,11.0,25.0,10.71,724.7,0.0,80.0,1.9,0.0,23.9,2.8,63.0,SURESTE,6
2024-08-26 07:00:00,0.89,14.3,12.1,26.3,4.0,29.0,11.0,725.2,0.0,81.0,1.9,0.016,23.98,1.8,222.0,SURESTE,7
2024-08-26 08:00:00,0.98,21.9,15.8,37.6,6.0,38.0,11.91,725.8,0.0,75.0,2.0,0.116,25.92,2.4,24.0,SURESTE,8
2024-08-26 09:00:00,0.97,18.8,17.6,36.4,13.0,48.0,14.25,725.9,0.0,68.0,2.4,0.266,27.77,3.9,356.0,SURESTE,9
2024-08-26 10:00:00,0.91,11.4,17.4,28.8,27.0,55.0,15.08,726.1,0.0,60.0,2.8,0.383,29.12,5.8,67.0,SURESTE,10
2024-08-26 11:00:00,1.03,6.7,11.6,18.1,39.0,52.0,21.18,726.1,0.0,55.0,3.0,0.476,29.99,8.6,78.0,SURESTE,11
2024-08-26 12:00:00,0.76,4.2,8.1,12.3,48.0,88.0,21.48,725.8,0.0,53.0,3.4,0.55,30.74,13.9,79.0,SURESTE,12
2024-08-26 13:00:00,0.77,3.5,7.9,11.4,51.0,75.0,23.57,725.4,0.0,49.0,5.1,0.565,31.66,15.1,101.0,SURESTE,13
2024-08-26 14:00:00,0.75,4.0,5.6,9.6,36.0,68.0,22.95,724.7,0.0,44.0,4.3,0.569,32.59,15.4,108.0,SURESTE,14
2024-08-26 15:00:00,0.69,3.8,4.6,8.4,35.0,66.0,16.28,724.0,0.0,40.0,2.5,0.449,33.23,14.4,135.0,SURESTE,15
2024-08-26 16:00:00,0.66,3.5,4.4,7.9,39.0,50.0,11.68,723.6,0.0,37.0,2.9,0.44,34.03,13.9,117.0,SURESTE,16
2024-08-26 17:00:00,0.7,3.5,6.5,10.1,42.0,45.0,12.41,723.5,0.0,36.0,5.4,0.122,33.3,11.4,136.0,SURESTE,17
2024-08-26 18:00:00,0.66,3.6,6.8,10.4,39.0,48.0,11.16,723.3,0.0,36.0,6.1,0.106,33.06,9.9,175.0,SURESTE,18
2024-08-26 19:00:00,0.67,3.4,8.1,11.5,36.0,39.0,10.03,723.3,0.0,35.0,7.3,0.047,32.73,9.1,167.0,SURESTE,19
2024-08-26 20:00:00,0.77,3.9,14.9,18.7,26.0,30.0,8.75,723.5,0.0,35.0,5.8,0.001,31.44,5.7,192.0,SURESTE,20
2024-08-26 21:00:00,0.68,3.8,9.6,13.4,28.0,25.0,8.74,723.7,0.0,38.0,4.1,0.0,31.36,7.6,177.0,SURESTE,21
2024-08-26 22:00:00,0.72,4.2,9.8,14.0,23.0,32.0,10.69,724.5,0.0,54.0,2.7,0.0,29.68,15.7,92.0,SURESTE,22
2024-08-26 23:00:00,0.65,3.2,4.4,7.6,22.0,64.0,8.87,724.7,0.0,61.0,2.9,0.0,28.29,15.3,122.0,SURESTE,23
2024-08-27 00:00:00,0.67,2.8,5.4,8.2,18.0,32.0,7.24,724.8,0.0,68.0,2.5,0.0,27.28,15.7,88.0,SURESTE,0
2024-08-27 01:00:00,0.64,2.8,4.0,6.9,18.0,24.0,7.96,724.7,0.0,70.0,3.4,0.0,26.75,13.1,100.0,SURESTE,1
2024-08-27 02:00:00,0.62,2.9,3.3,6.2,20.0,28.0,9.53,724.3,0.0,71.0,2.5,0.0,26.02,14.3,104.0,SURESTE,2
2024-08-27 03:00:00,0.61,3.0,2.9,5.9,21.0,26.0,9.89,724.0,0.0,72.0,2.1,0.0,25.66,12.3,104.0,SURESTE,3
2024-08-27 04:00:00,0.61,3.2,2.7,5.9,19.0,26.0,9.39,723.8,0.0,75.0,1.9,0.0,25.22,8.0,124.0,SURESTE,4
2024-08-27 05:00:00,0.61,3.4,2.6,6.1,18.0,19.0,9.19,723.7,0.0,77.0,1.9,0.0,24.96,6.0,106.0,SURESTE,5
2024-08-27 06:00:00,0.67,5.9,8.1,14.0,10.0,22.0,9.4,724.1,0.0,78.0,1.9,0.0,24.67,3.2,147.0,SURESTE,6
2024-08-27 07:00:00,0.8,10.7,13.4,24.1,4.0,27.0,9.26,724.3,0.0,80.0,2.0,0.011,24.59,1.8,299.0,SURESTE,7
2024-08-27 08:00:00,0.89,12.0,12.9,24.8,7.0,34.0,11.73,724.6,0.0,77.0,2.0,0.059,25.86,2.4,285.0,SURESTE,8
2024-08-27 09:00:00,1.0,14.0,14.7,28.7,10.0,41.0,20.31,724.7,0.0,71.0,2.3,0.148,27.49,3.1,306.0,SURESTE,9
2024-08-27 10:00:00,0.95,11.6,15.2,26.8,20.0,93.0,20.54,724.8,0.0,66.0,2.8,0.267,28.49,5.8,34.0,SURESTE,10
2024-08-27 11:00:00,1.06,7.9,15.2,23.1,37.0,71.0,24.29,725.1,0.0,59.0,3.0,0.428,29.9,8.8,59.0,SURESTE,11
2024-08-27 12:00:00,0.94,5.4,11.9,17.2,47.0,110.0,26.69,724.7,0.0,54.0,3.7,0.541,31.0,14.9,83.0,SURESTE,12
2024-08-27 13:00:00,0.78,3.6,7.4,10.9,48.0,107.0,25.98,724.2,0.0,48.0,7.2,0.581,32.07,17.3,110.0,SURESTE,13
2024-08-27 14:00:00,0.73,3.9,5.3,9.2,35.0,80.0,16.21,723.7,0.0,45.0,6.6,0.589,32.97,16.7,119.0,SURESTE,14
2024-08-27 15:00:00,0.69,3.9,4.7,8.6,34.0,45.0,11.83,723.2,0.0,41.0,2.7,0.412,33.6,15.5,128.0,SURESTE,15
2024-08-27 16:00:00,0.69,3.7,5.3,9.0,33.0,42.0,11.99,722.9,0.0,43.0,2.3,0.203,32.97,14.9,135.0,SURESTE,16
2024-08-27 17:00:00,0.74,3.7,7.0,10.7,28.0,45.0,14.77,723.2,0.92,65.0,2.3,0.017,27.49,16.8,138.0,SURESTE,17
2024-08-27 18:00:00,0.96,8.9,15.0,23.9,20.0,55.0,10.33,723.2,0.28,81.0,2.2,0.064,23.7,7.5,242.0,SURESTE,18
2024-08-27 19:00:00,0.98,9.5,16.2,25.7,13.0,29.0,8.13,722.5,0.0,73.0,2.1,0.055,26.8,5.7,294.0,SURESTE,19
2024-08-27 20:00:00,1.06,11.2,19.8,31.0,6.0,30.0,7.73,722.9,0.0,81.0,2.0,0.001,24.93,4.2,308.0,SURESTE,20
2024-08-27 21:00:00,1.26,19.8,20.9,40.6,4.0,36.0,11.56,723.7,0.0,80.0,2.1,0.0,25.5,8.0,112.0,SURESTE,21
2024-08-27 22:00:00,0.84,5.8,13.5,19.3,13.0,50.0,12.02,724.1,0.0,73.0,2.5,0.0,25.7,8.5,61.0,SURESTE,22
2024-08-27 23:00:00,0.74,4.5,9.8,14.3,18.0,35.0,11.09,724.2,0.0,68.0,2.5,0.0,26.12,7.8,84.0,SURESTE,23
2024-08-28 00:00:00,0.72,4.4,10.7,15.0,16.0,30.0,10.7,724.6,0.0,70.0,2.8,0.0,25.87,6.4,31.0,SURESTE,0
2024-08-28 01:00:00,0.79,4.7,16.2,20.8,9.0,34.0,12.78,724.5,0.0,76.0,2.2,0.0,24.81,7.0,32.0,SURESTE,1
2024-08-28 02:00:00,0.77,4.1,16.4,20.4,9.0,40.0,12.33,724.0,0.0,78.0,2.1,0.0,24.27,7.9,56.0,SURESTE,2
2024-08-28 03:00:00,0.71,4.0,11.2,15.1,12.0,43.0,13.91,723.7,0.0,80.0,2.7,0.0,23.78,6.6,123.0,SURESTE,3
2024-08-28 04:00:00,0.65,3.9,5.9,9.8,17.0,34.0,8.61,723.6,0.0,79.0,2.6,0.0,23.75,5.3,99.0,SURESTE,4
2024-08-28 05:00:00,0.63,4.0,4.7,8.8,17.0,25.0,7.8,723.6,0.0,78.0,2.3,0.0,23.9,5.2,104.0,SURESTE,5
2024-08-28 06:00:00,0.7,6.8,11.7,18.5,9.0,25.0,11.72,723.6,0.0,80.0,2.2,0.0,23.48,2.2,298.0,SURESTE,6
2024-08-28 07:00:00,0.91,18.4,16.7,35.1,4.0,33.0,14.11,723.9,0.0,82.0,2.3,0.015,23.4,2.3,283.0,SURESTE,7
2024-08-28 08:00:00,1.13,24.6,17.0,41.5,5.0,48.0,15.12,724.2,0.0,77.0,2.4,0.058,24.79,2.9,314.0,SURESTE,8
2024-08-28 09:00:00,0.96,18.7,16.4,35.1,12.0,47.0,14.59,724.3,0.0,71.0,2.4,0.252,26.76,5.2,289.0,SURESTE,9
2024-08-28 10:00:00,1.02,17.8,23.1,40.9,21.0,48.0,17.19,724.7,0.0,63.0,2.5,0.395,29.02,5.0,26.0,SURESTE,10
2024-08-28 11:00:00,0.95,9.3,21.0,30.3,34.0,71.0,18.74,724.7,0.0,60.0,2.8,0.442,29.45,8.0,57.0,SURESTE,11
2024-08-28 12:00:00,0.8,3.9,7.3,11.2,34.0,61.0,13.84,724.5,0.0,59.0,2.1,0.529,30.07,15.3,89.0,SURESTE,12
2024-08-28 13:00:00,0.8,4.1,6.1,10.3,32.0,50.0,15.02,723.9,0.0,55.0,2.2,0.491,30.73,16.2,102.0,SURESTE,13
2024-08-28 14:00:00,0.76,4.6,5.6,10.2,29.0,40.0,11.57,723.2,0.0,48.0,2.1,0.531,31.71,15.4,121.0,SURESTE,14
2024-08-28 15:00:00,0.73,4.0,4.9,8.9,33.0,26.0,9.09,722.5,0.0,43.0,2.2,0.39,32.89,12.8,130.0,SURESTE,15
2024-08-28 16:00:00,0.73,3.9,5.2,9.1,35.0,28.0,11.27,721.9,0.0,41.0,2.1,0.333,33.2,13.1,130.0,SURESTE,16
2024-08-28 17:00:00,0.73,3.8,5.4,9.2,33.0,28.0,7.17,721.7,0.0,44.0,2.2,0.153,32.57,12.9,146.0,SURESTE,17
2024-08-28 18:00:00,0.74,4.2,6.0,10.2,27.0,24.0,6.4,721.6,0.0,45.0,2.2,0.105,32.16,10.6,164.0,SURESTE,18
2024-08-28 19:00:00,0.77,3.7,5.7,9.4,27.0,26.0,6.97,722.6,0.0,63.0,2.1,0.035,28.72,23.0,128.0,SURESTE,19
2024-08-28 20:00:00,0.8,3.6,5.4,9.0,24.0,49.0,4.32,723.2,0.0,71.0,2.1,0.001,26.21,18.1,118.0,SURESTE,20
2024-08-28 21:00:00,0.76,3.5,6.5,10.0,23.0,21.0,3.83,723.3,0.0,69.0,2.1,0.0,26.2,11.8,156.0,SURESTE,21
2024-08-28 22:00:00,0.92,4.9,15.4,20.3,13.0,14.0,5.76,722.8,0.0,71.0,2.0,0.0,26.08,10.1,35.0,SURESTE,22
2024-08-28 23:00:00,0.96,4.3,17.9,22.2,8.0,24.0,7.11,723.5,0.0,82.0,2.0,0.0,24.58,10.7,83.0,SURESTE,23
2024-08-29 00:00:00,0.8,3.4,8.0,11.3,16.0,36.0,5.54,723.6,0.0,82.0,2.0,0.0,24.43,11.5,96.0,SURESTE,0
2024-08-29 01:00:00,0.8,4.0,9.4,13.3,13.0,16.0,5.15,723.3,0.0,78.0,1.9,0.0,24.66,6.1,194.0,SURESTE,1
2024-08-29 02:00:00,0.74,3.7,8.0,11.7,16.0,17.0,4.5,723.2,0.0,76.0,2.0,0.0,24.88,4.7,303.0,SURESTE,2
2024-08-29 03:00:00,0.71,3.7,7.1,10.8,15.0,13.0,4.38,722.7,0.0,78.0,2.0,0.0,24.2,2.5,282.0,SURESTE,3
2024-08-29 04:00:00,0.72,3.9,8.3,12.2,14.0,16.0,4.5,722.5,0.0,78.0,1.9,0.0,23.93,3.6,207.0,SURESTE,4
2024-08-29 05:00:00,0.7,3.8,5.8,9.6,16.0,17.0,4.44,722.5,0.0,79.0,1.9,0.0,23.93,4.7,118.0,SURESTE,5
2024-08-29 06:00:00,0.76,6.3,9.3,15.5,13.0,14.0,4.75,722.9,0.0,81.0,1.9,0.0,23.95,4.0,159.0,SURESTE,6
2024-08-29 07:00:00,0.94,4.2,9.3,13.4,15.0,16.0,10.67,723.4,0.0,80.0,1.9,0.003,24.34,3.1,110.0,SURESTE,7
2024-08-29 08:00:00,0.92,5.9,12.1,17.9,14.0,46.0,5.89,723.6,0.0,80.0,1.9,0.047,24.84,3.3,69.0,SURESTE,8
2024-08-29 09:00:00,1.02,9.9,16.1,26.0,14.0,33.0,9.81,723.8,0.0,76.0,2.0,0.113,25.87,4.5,79.0,SURESTE,9
2024-08-29 10:00:00,0.9,7.8,15.0,22.7,18.0,40.0,14.61,724.3,0.0,71.0,2.0,0.119,26.57,4.6,118.0,SURESTE,10
2024-08-29 11:00:00,0.89,7.9,12.7,20.5,30.0,39.0,17.4,724.4,0.0,65.0,2.1,0.41,28.32,6.9,106.0,SURESTE,11
2024-08-29 12:00:00,0.84,5.0,10.0,15.0,46.0,43.0,19.26,724.2,0.0,58.0,2.3,0.458,29.98,7.1,68.0,SURESTE,12
2024-08-29 13:00:00,0.84,4.3,11.0,15.2,58.0,45.0,14.55,723.7,0.0,54.0,2.2,0.503,30.97,7.1,37.0,SURESTE,13
2024-08-29 14:00:00,0.83,3.3,10.0,13.2,75.0,42.0,17.74,722.9,0.0,49.0,2.7,0.571,32.07,8.3,70.0,SURESTE,14
2024-08-29 15:00:00,0.84,2.8,9.6,12.4,79.0,49.0,22.85,722.3,0.0,46.0,3.3,0.377,32.57,10.8,81.0,SURESTE,15
2024-08-29 16:00:00,0.82,2.8,8.5,11.3,68.0,63.0,22.16,721.8,0.0,45.0,4.1,0.393,32.92,11.8,121.0,SURESTE,16
2024-08-29 17:00:00,0.81,2.9,7.7,10.5,59.0,58.0,22.37,721.6,0.0,46.0,4.8,0.236,32.81,11.2,132.0,SURESTE,17
2024-08-29 18:00:00,0.81,3.2,7.3,10.5,50.0,53.0,19.2,721.5,0.0,44.0,4.8,0.139,32.62,11.2,121.0,SURESTE,18
2024-08-29 19:00:00,0.84,2.9,8.1,11.0,47.0,40.0,15.28,721.3,0.0,46.0,3.9,0.037,32.0,10.2,112.0,SURESTE,19
2024-08-29 20:00:00,0.84,3.1,10.0,13.1,37.0,35.0,8.47,721.7,0.0,47.0,2.9,0.001,31.19,9.2,127.0,SURESTE,20
2024-08-29 21:00:00,0.88,3.4,14.5,17.8,31.0,23.0,8.41,722.1,0.0,50.0,2.5,0.0,30.38,6.3,169.0,SURESTE,21
2024-08-29 22:00:00,1.06,5.5,23.6,29.0,20.0,28.0,12.49,722.4,0.0,55.0,2.4,0.0,29.4,7.3,206.0,SURESTE,22
2024-08-29 23:00:00,0.91,3.3,14.1,17.3,22.0,45.0,11.34,722.9,0.0,63.0,2.2,0.0,28.53,14.5,91.0,SURESTE,23
2024-08-30 00:00:00,0.79,2.7,6.7,9.4,28.0,50.0,10.97,722.8,0.0,68.0,2.2,0.0,27.24,18.7,95.0,SURESTE,0
2024-08-30 01:00:00,0.78,2.6,6.9,9.5,25.0,34.0,8.29,722.7,0.0,70.0,2.2,0.0,26.8,9.8,89.0,SURESTE,1
2024-08-30 02:00:00,0.76,2.7,8.4,11.0,21.0,28.0,7.26,722.4,0.0,74.0,2.1,0.0,25.97,9.5,61.0,SURESTE,2
2024-08-30 03:00:00,0.76,2.9,9.2,12.0,18.0,26.0,6.68,722.0,0.0,77.0,2.1,0.0,25.33,6.0,40.0,SURESTE,3
2024-08-30 04:00:00,0.77,3.3,10.5,13.7,14.0,24.0,6.8,721.8,0.0,79.0,2.0,0.0,24.84,2.6,51.0,SURESTE,4
2024-08-30 05:00:00,0.8,4.3,13.5,17.7,9.0,27.0,7.14,722.1,0.0,80.0,2.0,0.0,24.63,2.2,304.0,SURESTE,5
2024-08-30 06:00:00,0.87,9.6,16.8,26.4,5.0,30.0,8.04,722.1,0.0,81.0,2.0,0.0,24.5,2.2,296.0,SURESTE,6
2024-08-30 07:00:00,1.23,30.3,21.8,51.9,3.0,38.0,10.15,722.4,0.0,81.0,2.1,0.014,24.89,2.5,291.0,SURESTE,7
2024-08-30 08:00:00,1.25,37.5,24.6,61.9,5.0,58.0,11.92,722.7,0.0,74.0,2.2,0.117,27.02,4.9,287.0,SURESTE,8
2024-08-30 09:00:00,1.21,24.8,27.4,52.1,12.0,66.0,13.54,723.0,0.0,66.0,2.1,0.243,28.67,6.9,275.0,SURESTE,9
2024-08-30 10:00:00,1.19,25.2,33.6,58.7,19.0,78.0,18.96,723.4,0.0,59.0,2.0,0.368,30.43,6.1,302.0,SURESTE,10
2024-08-30 11:00:00,1.13,8.6,21.0,29.6,46.0,142.0,16.48,723.6,0.0,53.0,2.0,0.467,31.98,6.3,14.0,SURESTE,11
2024-08-30 12:00:00,0.87,4.5,11.6,16.0,62.0,84.0,12.69,723.5,0.0,46.0,2.2,0.538,33.38,7.1,41.0,SURESTE,12
2024-08-30 13:00:00,0.88,4.2,11.1,15.3,75.0,51.0,14.42,723.0,0.0,41.0,2.2,0.571,34.44,8.2,98.0,SURESTE,13
2024-08-30 14:00:00,0.82,3.0,8.5,11.4,76.0,54.0,11.04,722.2,0.0,37.0,2.4,0.522,35.23,9.8,95.0,SURESTE,14
2024-08-30 15:00:00,0.84,3.4,9.3,12.6,62.0,44.0,16.63,721.6,0.0,37.0,2.5,0.342,35.41,13.1,83.0,SURESTE,15
2024-08-30 16:00:00,0.85,3.4,7.4,10.7,51.0,49.0,10.31,721.1,0.0,38.0,2.3,0.342,35.51,13.4,111.0,SURESTE,16
2024-08-30 17:00:00,0.78,3.6,6.7,10.3,41.0,40.0,7.46,720.7,0.0,40.0,2.5,0.243,34.85,15.5,143.0,SURESTE,17
2024-08-30 18:00:00,0.81,3.3,8.5,11.7,37.0,33.0,7.53,720.8,0.0,43.0,3.3,0.028,33.34,12.5,151.0,SURESTE,18
2024-08-30 19:00:00,0.86,3.2,9.9,13.0,33.0,23.0,7.97,721.3,0.27,52.0,3.3,0.009,31.37,12.7,106.0,SURESTE,19
2024-08-30 20:00:00,0.93,3.7,12.3,15.9,25.0,52.0,8.05,722.0,0.35,83.0,2.3,0.0,24.93,9.1,253.0,SURESTE,20
2024-08-30 21:00:00,0.94,3.4,10.1,13.5,28.0,24.0,6.71,722.8,0.01,80.0,2.1,0.0,25.64,13.0,117.0,SURESTE,21
2024-08-30 22:00:00,0.89,3.3,8.8,12.1,29.0,17.0,6.5,723.2,0.02,81.0,2.0,0.0,25.22,10.1,93.0,SURESTE,22
2024-08-30 23:00:00,0.93,3.3,13.1,16.4,20.0,20.0,6.69,723.5,0.0,79.0,2.0,0.0,25.59,4.3,174.0,SURESTE,23
2024-08-31 00:00:00,0.91,3.9,12.6,16.4,17.0,24.0,15.234362416107382,723.5,0.0,80.0,2.0,0.0,25.62,4.2,194.0,SURESTE,0
2024-08-31 01:00:00,0.9,4.3,11.9,16.1,14.0,23.0,7.26,723.1,0.0,81.0,1.9,0.0,25.43,3.1,232.0,SURESTE,1
2024-08-31 02:00:00,0.96,5.0,12.2,17.0,11.0,23.0,6.68,722.6,0.0,82.0,1.9,0.0,25.18,3.4,174.0,SURESTE,2
2024-08-31 03:00:00,0.9,4.1,13.4,17.4,12.0,24.0,6.8,722.5,0.0,82.0,1.9,0.0,25.27,5.1,88.0,SURESTE,3
2024-08-31 04:00:00,0.86,4.1,12.5,16.5,13.0,25.0,7.14,722.5,0.0,82.0,1.9,0.0,25.32,4.0,36.0,SURESTE,4
2024-08-31 05:00:00,0.89,4.9,13.2,18.0,9.0,34.0,8.04,722.5,0.0,84.0,1.9,0.0,25.06,3.7,257.0,SURESTE,5
2024-08-31 06:00:00,0.87,6.1,14.5,20.6,8.0,32.0,10.15,722.5,0.0,83.0,1.9,0.0,25.21,3.3,310.0,SURESTE,6
2024-08-31 07:00:00,0.97,11.6,17.4,29.1,5.0,30.0,11.92,722.9,0.0,82.0,1.9,0.008,25.36,4.0,280.0,SURESTE,7
2024-08-31 08:00:00,1.09,18.1,19.4,37.6,6.0,39.0,13.54,723.4,0.0,80.0,2.0,0.089,26.5,3.4,283.0,SURESTE,8
2024-08-31 09:00:00,1.08,19.9,20.5,40.3,11.0,51.0,18.96,723.8,0.0,72.0,2.0,0.195,28.17,5.9,308.0,SURESTE,9
2024-08-31 10:00:00,0.94,9.5,14.2,23.6,19.0,67.0,16.48,724.0,0.0,70.0,2.0,0.185,28.29,6.0,347.0,SURESTE,10
2024-08-31 11:00:00,0.95,7.7,13.1,20.7,28.0,43.0,12.69,723.8,0.0,66.0,1.9,0.286,29.13,6.7,27.0,SURESTE,11
2024-08-31 12:00:00,0.91,5.5,10.4,15.8,41.0,46.0,14.42,723.5,0.0,60.0,1.9,0.44,30.64,7.9,29.0,SURESTE,12
2024-08-31 13:00:00,0.84,3.8,6.2,9.9,49.0,59.0,11.04,722.8,0.0,51.0,1.9,0.589,32.63,7.5,105.0,SURESTE,13
2024-08-31 14:00:00,0.94,4.7,11.6,16.2,33.0,45.0,16.63,722.5,0.0,68.0,2.0,0.076,27.86,15.2,79.0,SURESTE,14
2024-08-31 15:00:00,0.95,4.0,11.3,15.3,34.0,35.0,10.31,722.2,0.0,67.0,1.9,0.073,27.3,8.0,78.0,SURESTE,15
2024-08-31 16:00:00,0.84,3.7,10.2,13.8,33.0,29.0,7.46,721.6,0.0,66.0,1.9,0.07,27.69,9.6,249.0,SURESTE,16
2024-08-31 17:00:00,0.87,4.2,11.2,15.3,30.0,23.0,7.53,721.1,0.0,64.0,2.0,0.087,28.46,6.5,245.0,SURESTE,17
2024-08-31 18:00:00,1.06,5.9,17.1,23.0,22.0,18.0,7.97,721.0,0.0,65.0,2.0,0.077,29.08,4.5,278.0,SURESTE,18
2024-08-31 19:00:00,1.45,5.9,28.1,34.0,18.0,31.0,8.05,721.4,0.0,67.0,2.0,0.03,28.42,6.5,149.0,SURESTE,19
2024-08-31 20:00:00,1.2,6.1,24.5,30.6,12.0,52.0,6.71,721.8,0.0,70.0,2.0,0.0,27.62,3.8,282.0,SURESTE,20
2024-08-31 21:00:00,1.25,8.3,23.5,31.8,7.0,42.0,6.5,722.0,0.0,71.0,1.9,0.0,27.26,3.7,217.0,SURESTE,21
2024-08-31 22:00:00,1.54,16.2,29.4,45.5,4.0,42.0,6.69,722.5,0.0,69.0,2.0,0.0,27.48,4.3,159.0,SURESTE,22
2024-08-31 23:00:00,1.74,21.9,29.0,50.7,3.0,58.0,6.85,722.7,0.0,75.0,2.1,0.0,26.76,8.5,76.0,SURESTE,23
2024-08-01 00:00:00,0.7856123822341858,5.21153091265947,,15.856299603174604,28.09115523465704,43.49255751014885,15.234362416107382,716.1195045045044,0.014090090090090091,57.16687898089172,3.343688007213706,0.22159567762269247,28.811493943472406,9.293783783783784,128.5471357690573,CENTRO,0
2024-08-01 01:00:00,0.58,4.7,10.6,15.6,13.0,94.0,39.15,712.4,0.0,67.0,2.7,0.001,25.63,8.0,48.0,CENTRO,1
2024-08-01 02:00:00,0.57,10.1,15.1,25.5,6.0,92.0,37.01,712.5,0.0,74.0,2.8,0.001,24.96,7.6,16.0,CENTRO,2
2024-08-01 03:00:00,0.6,2.2,6.9,9.3,12.0,104.0,36.16,712.3,0.0,78.0,2.8,0.001,24.36,5.3,47.0,CENTRO,3
2024-08-01 04:00:00,0.54,1.8,5.8,7.8,12.0,102.0,35.7,712.3,0.0,78.0,2.7,0.001,24.16,3.1,23.0,CENTRO,4
2024-08-01 05:00:00,0.59,1.8,5.3,7.3,12.0,90.0,34.66,712.3,0.0,79.0,2.7,0.001,23.96,5.2,54.0,CENTRO,5
2024-08-01 06:00:00,0.55,2.0,6.3,8.6,11.0,93.0,36.58,712.5,0.0,80.0,2.8,0.001,23.86,5.7,65.0,CENTRO,6
2024-08-01 07:00:00,0.63,6.0,11.6,17.9,6.0,81.0,41.53,712.9,0.0,81.0,2.7,0.008,23.68,6.7,69.0,CENTRO,7
2024-08-01 08:00:00,0.71,9.8,12.5,22.5,6.0,102.0,45.7,713.5,0.0,80.0,2.7,0.052,23.71,7.1,68.0,CENTRO,8
2024-08-01 09:00:00,0.83,29.1,16.2,45.5,6.0,93.0,46.36,713.9,0.0,76.0,2.9,0.182,24.62,5.4,57.0,CENTRO,9
2024-08-01 10:00:00,0.89,16.8,18.6,35.7,10.0,108.0,49.79,714.3,0.0,70.0,2.9,0.321,25.69,6.6,35.0,CENTRO,10
2024-08-01 11:00:00,0.9,12.4,19.9,32.6,19.0,119.0,52.36,714.5,0.0,65.0,2.8,0.434,26.83,7.3,26.0,CENTRO,11
2024-08-01 12:00:00,0.89,6.7,19.4,26.4,35.0,129.0,51.71,714.5,0.0,61.0,2.8,0.6,27.5,9.0,18.0,CENTRO,12
2024-08-01 13:00:00,0.75,3.9,14.3,18.5,58.0,118.0,46.1,714.2,0.0,55.0,2.8,0.998,29.12,11.1,43.0,CENTRO,13
2024-08-01 14:00:00,0.67,3.3,9.9,13.5,51.0,105.0,40.89,713.9,0.0,53.0,2.8,0.868,29.85,12.3,43.0,CENTRO,14
2024-08-01 15:00:00,0.62,2.8,5.9,9.0,41.0,98.0,33.94,713.5,0.0,48.0,2.7,1.09,31.03,13.1,91.0,CENTRO,15
2024-08-01 16:00:00,0.59,2.8,5.5,8.6,36.0,86.0,31.39,713.3,0.0,45.0,2.7,0.925,31.46,14.6,108.0,CENTRO,16
2024-08-01 17:00:00,0.6,2.7,5.1,8.0,37.0,78.0,31.96,713.1,0.0,45.0,2.7,0.687,31.37,16.1,115.0,CENTRO,17
2024-08-01 18:00:00,0.63,2.8,6.0,9.1,35.0,76.0,32.2,712.8,0.0,44.0,2.8,0.377,31.28,15.7,94.0,CENTRO,18
2024-08-01 19:00:00,0.62,2.5,7.0,9.8,31.0,81.0,31.19,713.0,0.0,46.0,2.8,0.064,30.62,14.7,102.0,CENTRO,19
2024-08-01 20:00:00,0.63,2.1,7.7,10.0,26.0,81.0,32.01,713.3,0.0,49.0,2.7,0.011,29.54,13.3,104.0,CENTRO,20
2024-08-01 21:00:00,0.63,1.9,8.1,10.2,23.0,83.0,33.06,713.6,0.0,53.0,2.7,0.001,28.68,10.6,99.0,CENTRO,21
2024-08-01 22:00:00,0.61,1.9,7.7,9.8,22.0,85.0,33.31,713.9,0.0,55.0,2.7,0.001,28.21,8.6,105.0,CENTRO,22
2024-08-01 23:00:00,0.65,2.1,10.5,12.8,17.0,85.0,35.72,714.0,0.0,55.0,2.8,0.001,27.78,10.3,66.0,CENTRO,23
2024-08-02 00:00:00,0.58,1.9,6.6,8.7,19.0,99.0,33.36,714.3,0.0,58.0,2.7,0.001,27.04,5.7,89.0,CENTRO,0
2024-08-02 01:00:00,0.59,6.6,11.9,18.7,10.0,90.0,31.72,714.4,0.0,64.0,2.8,0.001,26.34,6.2,30.0,CENTRO,1
2024-08-02 02:00:00,0.59,10.3,11.5,22.1,8.0,84.0,31.09,714.4,0.0,70.0,2.8,0.001,25.24,8.6,26.0,CENTRO,2
2024-08-02 03:00:00,0.57,14.5,13.9,28.6,5.0,80.0,30.28,714.3,0.0,75.0,2.8,0.001,24.28,6.7,36.0,CENTRO,3
2024-08-02 04:00:00,0.59,17.1,14.6,31.9,4.0,91.0,31.42,714.0,0.0,77.0,2.9,0.001,23.79,5.6,49.0,CENTRO,4
2024-08-02 05:00:00,0.74,5.2,13.7,19.1,5.0,90.0,31.13,714.0,0.0,78.0,3.2,0.001,23.64,5.9,27.0,CENTRO,5
2024-08-02 06:00:00,0.76,5.1,13.5,18.8,5.0,81.0,31.8,714.2,0.0,78.0,3.0,0.001,23.53,6.4,36.0,CENTRO,6
2024-08-02 07:00:00,0.7,11.5,13.9,25.6,5.0,87.0,33.24,714.4,0.0,78.0,3.1,0.019,23.55,5.6,8.0,CENTRO,7
2024-08-02 08:00:00,1.1,13.9,13.6,27.9,7.0,85.0,34.16,714.9,0.0,76.0,3.1,0.084,23.92,4.7,10.0,CENTRO,8
2024-08-02 09:00:00,1.24,15.6,15.5,31.5,11.0,85.0,36.57,715.1,0.0,72.0,3.1,0.315,25.05,4.3,10.0,CENTRO,9
2024-08-02 10:00:00,1.17,14.7,19.1,34.1,19.0,94.0,41.84,715.3,0.0,63.0,3.2,0.716,27.17,7.0,44.0,CENTRO,10
2024-08-02 11:00:00,0.88,10.8,20.0,31.1,26.0,104.0,40.32,715.3,0.0,60.0,3.0,0.701,27.68,8.6,36.0,CENTRO,11
2024-08-02 12:00:00,0.77,7.4,17.4,25.0,40.0,111.0,39.76,715.2,0.0,57.0,3.1,0.97,28.6,10.8,57.0,CENTRO,12
2024-08-02 13:00:00,0.72,3.0,10.8,14.0,65.0,98.0,40.72,714.7,0.0,52.0,3.5,1.14,29.82,10.3,56.0,CENTRO,13
2024-08-02 14:00:00,0.64,3.0,7.8,11.1,44.0,95.0,34.33,714.2,0.0,47.0,3.5,0.864,30.61,14.2,68.0,CENTRO,14
2024-08-02 15:00:00,0.58,3.3,5.7,9.2,33.0,81.0,26.52,713.7,0.0,42.0,3.3,1.052,31.43,13.3,100.0,CENTRO,15
2024-08-02 16:00:00,0.56,3.0,5.0,8.2,31.0,68.0,24.87,713.2,0.0,40.0,3.1,0.945,31.82,14.1,130.0,CENTRO,16
2024-08-02 17:00:00,0.59,3.5,5.8,9.5,33.0,64.0,22.91,712.9,0.0,41.0,3.0,0.69,32.21,12.6,112.0,CENTRO,17
2024-08-02 18:00:00,0.61,3.1,5.9,9.2,32.0,61.0,21.29,712.6,0.0,43.0,2.9,0.377,31.89,12.6,119.0,CENTRO,18
2024-08-02 19:00:00,0.59,2.6,6.6,9.4,30.0,55.0,19.44,712.6,0.0,44.0,3.0,0.059,31.1,12.5,118.0,CENTRO,19
2024-08-02 20:00:00,0.62,2.2,8.1,10.6,26.0,56.0,20.64,712.7,0.0,46.0,2.9,0.01,30.17,11.3,96.0,CENTRO,20
2024-08-02 21:00:00,0.64,2.1,9.3,11.6,21.0,50.0,19.36,712.8,0.0,51.0,2.8,0.001,29.33,9.1,128.0,CENTRO,21
2024-08-02 22:00:00,0.61,2.0,7.4,9.7,21.0,54.0,20.48,713.1,0.0,57.0,2.8,0.001,28.23,9.6,131.0,CENTRO,22
2024-08-02 23:00:00,0.61,1.8,7.0,9.0,21.0,61.0,21.23,713.4,0.0,58.0,2.8,0.001,27.83,8.0,113.0,CENTRO,23
2024-08-03 00:00:00,0.59,1.8,6.2,8.3,22.0,55.0,20.52,713.2,0.0,57.0,2.8,0.001,27.69,8.6,125.0,CENTRO,0
2024-08-03 01:00:00,0.6,1.8,6.3,8.3,22.0,54.0,21.42,713.0,0.0,60.0,2.8,0.001,27.02,8.1,109.0,CENTRO,1
2024-08-03 02:00:00,0.63,1.8,7.5,9.5,16.0,59.0,23.62,713.0,0.0,68.0,2.7,0.001,25.52,3.9,33.0,CENTRO,2
2024-08-03 03:00:00,0.67,6.0,19.1,25.4,6.0,62.0,26.45,712.5,0.0,69.0,2.8,0.001,25.44,5.1,328.0,CENTRO,3
2024-08-03 04:00:00,0.76,9.4,20.0,29.7,4.0,77.0,28.1,712.4,0.0,71.0,2.9,0.001,25.08,4.5,353.0,CENTRO,4
2024-08-03 05:00:00,0.92,10.6,17.1,28.0,5.0,75.0,26.23,712.6,0.0,76.0,2.9,0.001,24.34,3.6,343.0,CENTRO,5
2024-08-03 06:00:00,1.04,17.5,15.9,33.7,5.0,79.0,26.39,712.7,0.0,79.0,3.0,0.001,23.93,3.0,34.0,CENTRO,6
2024-08-03 07:00:00,0.82,14.4,14.2,28.8,5.0,78.0,28.5,712.8,0.0,81.0,2.9,0.032,23.52,2.5,293.0,CENTRO,7
2024-08-03 08:00:00,0.81,13.5,13.9,27.7,8.0,78.0,40.33,713.0,0.0,76.0,2.9,0.191,24.52,5.1,335.0,CENTRO,8
2024-08-03 09:00:00,0.83,12.0,16.0,28.3,17.0,84.0,38.66,713.2,0.0,67.0,3.0,0.455,26.46,3.6,22.0,CENTRO,9
2024-08-03 10:00:00,0.93,9.9,19.0,29.2,26.0,95.0,35.41,713.3,0.0,58.0,3.0,0.695,28.4,4.9,7.0,CENTRO,10
2024-08-03 11:00:00,1.14,7.7,20.6,28.6,41.0,93.0,30.78,713.3,0.0,52.0,3.2,0.895,29.77,6.5,37.0,CENTRO,11
2024-08-03 12:00:00,0.72,4.5,14.1,18.9,55.0,92.0,23.98,713.1,0.0,45.0,3.7,1.038,30.7,9.4,75.0,CENTRO,12
2024-08-03 13:00:00,0.6,2.7,7.7,10.7,58.0,69.0,15.51,712.8,0.0,38.0,3.6,1.182,31.69,12.7,67.0,CENTRO,13
2024-08-03 14:00:00,0.57,2.9,6.9,10.1,55.0,61.0,15.69,712.3,0.0,34.0,5.0,1.166,32.42,14.4,54.0,CENTRO,14
2024-08-03 15:00:00,0.55,2.5,6.5,9.3,53.0,61.0,16.72,711.7,0.0,33.0,7.8,1.095,33.0,12.3,96.0,CENTRO,15
2024-08-03 16:00:00,0.53,2.3,5.3,7.7,51.0,50.0,15.08,711.1,0.0,35.0,5.5,0.94,32.96,12.4,125.0,CENTRO,16
2024-08-03 17:00:00,0.53,2.4,5.1,7.7,44.0,45.0,13.59,710.5,0.0,36.0,4.4,0.705,33.07,12.3,125.0,CENTRO,17
2024-08-03 18:00:00,0.54,2.3,5.0,7.5,43.0,43.0,13.84,710.3,0.0,37.0,3.8,0.381,32.69,12.7,124.0,CENTRO,18
2024-08-03 19:00:00,0.53,2.0,4.8,7.0,43.0,43.0,13.92,710.1,0.0,38.0,3.6,0.047,32.05,12.3,107.0,CENTRO,19
2024-08-03 20:00:00,0.58,2.0,8.1,10.3,31.0,42.0,15.77,710.1,0.0,40.0,3.4,0.008,30.8,12.5,81.0,CENTRO,20
2024-08-03 21:00:00,0.59,2.0,8.6,10.9,25.0,50.0,15.88,710.6,0.0,43.0,3.2,0.001,30.17,10.4,95.0,CENTRO,21
2024-08-03 22:00:00,0.64,2.1,9.2,11.6,26.0,51.0,30.16,711.1,0.0,46.0,3.2,0.001,29.34,8.5,131.0,CENTRO,22
2024-08-03 23:00:00,0.59,1.8,7.0,9.1,27.0,45.0,14.51,711.4,0.0,47.0,3.0,0.001,28.82,8.0,100.0,CENTRO,23
2024-08-04 00:00:00,0.56,1.8,6.0,8.1,27.0,40.0,14.71,711.5,0.0,47.0,3.0,0.001,28.47,8.3,100.0,CENTRO,0
2024-08-04 01:00:00,0.65,1.9,10.5,12.6,18.0,42.0,18.41,711.5,0.0,54.0,3.0,0.001,27.48,5.9,42.0,CENTRO,1
2024-08-04 02:00:00,0.66,4.0,11.2,15.4,12.0,48.0,19.28,711.3,0.0,64.0,2.9,0.001,25.87,6.9,32.0,CENTRO,2
2024-08-04 03:00:00,0.68,8.8,16.3,25.3,6.0,53.0,23.31,711.0,0.0,70.0,2.9,0.001,24.93,4.7,6.0,CENTRO,3
2024-08-04 04:00:00,0.73,6.1,16.7,23.0,4.0,76.0,24.02,710.6,0.0,73.0,3.0,0.001,24.13,1.8,260.0,CENTRO,4
2024-08-04 05:00:00,0.75,4.7,16.6,21.5,4.0,67.0,21.95,710.4,0.0,73.0,2.9,0.001,24.01,2.6,232.0,CENTRO,5
2024-08-04 06:00:00,0.75,3.9,14.3,18.4,5.0,84.0,21.62,710.6,0.0,75.0,3.0,0.001,23.89,3.3,311.0,CENTRO,6
2024-08-04 07:00:00,0.75,5.8,12.9,18.9,5.0,89.0,25.03,710.9,0.0,79.0,2.8,0.033,23.71,2.5,328.0,CENTRO,7
2024-08-04 08:00:00,0.65,5.6,12.3,18.2,16.0,84.0,17.62,711.0,0.0,56.0,4.3,0.204,25.69,3.7,238.0,CENTRO,8
2024-08-04 09:00:00,0.56,4.4,9.5,14.2,28.0,77.0,14.0,711.3,0.0,42.0,5.0,0.465,28.08,5.4,216.0,CENTRO,9
2024-08-04 10:00:00,0.88,6.1,13.8,20.2,36.0,47.0,18.59,711.7,0.0,42.0,4.2,0.714,29.83,5.8,352.0,CENTRO,10
2024-08-04 11:00:00,0.85,8.8,21.5,30.5,39.0,62.0,23.95,711.8,0.0,42.0,4.9,0.905,30.78,7.9,49.0,CENTRO,11
2024-08-04 12:00:00,0.67,2.9,9.5,12.6,63.0,65.0,19.02,711.8,0.0,40.0,4.2,1.092,31.45,10.6,73.0,CENTRO,12
2024-08-04 13:00:00,0.66,2.3,7.2,9.7,70.0,63.0,19.95,711.6,0.0,40.0,3.6,1.17,32.01,12.6,55.0,CENTRO,13
2024-08-04 14:00:00,0.57,2.2,5.1,7.5,58.0,58.0,15.68,711.1,0.0,36.0,3.5,1.173,32.71,13.8,65.0,CENTRO,14
2024-08-04 15:00:00,0.56,2.2,5.6,8.1,61.0,48.0,21.33,710.6,0.0,36.0,5.8,1.021,33.0,14.3,70.0,CENTRO,15
2024-08-04 16:00:00,0.54,2.3,4.8,7.4,47.0,57.0,22.46,710.3,0.0,35.0,6.7,0.757,32.91,14.5,80.0,CENTRO,16
2024-08-04 17:00:00,0.53,2.2,3.7,6.1,39.0,47.0,15.32,710.0,0.0,35.0,4.7,0.702,33.16,13.0,118.0,CENTRO,17
2024-08-04 18:00:00,0.53,2.1,3.5,5.9,35.0,41.0,13.24,709.9,0.0,36.0,3.5,0.383,32.85,12.8,115.0,CENTRO,18
2024-08-04 19:00:00,0.53,2.0,3.9,6.1,33.0,38.0,13.32,710.0,0.0,38.0,3.0,0.052,32.16,12.1,102.0,CENTRO,19
2024-08-04 20:00:00,0.57,1.9,4.9,7.0,31.0,39.0,14.27,710.3,0.0,40.0,2.9,0.009,30.93,12.1,83.0,CENTRO,20
2024-08-04 21:00:00,0.6,1.8,6.1,8.2,28.0,62.0,15.58,710.8,0.0,44.0,2.9,0.001,30.22,8.7,117.0,CENTRO,21
2024-08-04 22:00:00,0.6,1.8,5.5,7.5,27.0,50.0,15.5,711.2,0.0,47.0,2.8,0.001,29.68,7.7,136.0,CENTRO,22
2024-08-04 23:00:00,0.64,1.8,6.1,8.2,25.0,46.0,16.14,711.4,0.0,49.0,2.9,0.001,29.12,9.3,104.0,CENTRO,23
2024-08-05 00:00:00,0.66,1.8,7.6,9.6,21.0,49.0,17.31,711.5,0.0,53.0,3.0,0.001,28.37,6.0,113.0,CENTRO,0
2024-08-05 01:00:00,0.65,1.9,8.5,10.7,17.0,48.0,16.63,711.4,0.0,58.0,2.8,0.001,27.58,5.9,63.0,CENTRO,1
2024-08-05 02:00:00,0.67,1.8,8.1,10.1,16.0,53.0,17.58,711.3,0.0,62.0,2.9,0.001,26.78,8.8,41.0,CENTRO,2
2024-08-05 03:00:00,0.65,17.0,13.6,30.8,8.0,52.0,20.75,711.2,0.0,70.0,2.9,0.001,25.52,7.3,47.0,CENTRO,3
2024-08-05 04:00:00,0.63,8.5,12.0,20.7,8.0,57.0,20.01,711.2,0.0,74.0,2.9,0.001,24.65,7.5,53.0,CENTRO,4
2024-08-05 05:00:00,0.69,12.9,16.6,29.8,4.0,68.0,22.98,711.4,0.0,76.0,3.2,0.001,24.15,5.8,51.0,CENTRO,5
2024-08-05 06:00:00,0.79,12.5,17.2,30.0,4.0,72.0,23.06,711.6,0.0,77.0,3.2,0.001,23.89,3.8,66.0,CENTRO,6
2024-08-05 07:00:00,0.77,19.1,15.7,35.1,5.0,73.0,22.13,711.8,0.0,77.0,3.3,0.028,23.94,3.3,46.0,CENTRO,7
2024-08-05 08:00:00,0.95,28.9,16.0,45.1,6.0,62.0,24.01,712.4,0.0,73.0,3.4,0.185,24.73,6.2,36.0,CENTRO,8
2024-08-05 09:00:00,1.2,15.3,15.8,31.4,14.0,71.0,23.96,712.7,0.0,67.0,3.3,0.45,26.01,4.7,128.5471357690573,CENTRO,9
2024-08-05 10:00:00,1.27,14.0,20.7,35.0,22.0,70.0,23.32,712.9,0.0,61.0,3.4,0.691,27.52,5.9,18.0,CENTRO,10
2024-08-05 11:00:00,1.03,14.8,23.0,38.1,25.0,76.0,25.14,713.1,0.0,54.0,3.7,0.875,28.55,9.1,26.0,CENTRO,11
2024-08-05 12:00:00,0.77,8.7,20.2,29.2,41.0,86.0,24.39,712.9,0.0,51.0,4.0,1.034,29.62,11.1,43.0,CENTRO,12
2024-08-05 13:00:00,0.72,4.1,12.2,16.6,54.0,81.0,21.39,712.5,0.0,46.0,3.9,1.083,30.86,14.5,59.0,CENTRO,13
2024-08-05 14:00:00,0.66,2.9,8.4,11.6,54.0,70.0,19.91,712.2,0.0,43.0,4.9,1.013,31.41,15.2,75.0,CENTRO,14
2024-08-05 15:00:00,0.62,2.8,5.9,8.9,42.0,66.0,18.72,711.8,0.0,40.0,4.7,1.079,32.13,14.2,99.0,CENTRO,15
2024-08-05 16:00:00,0.63,2.9,5.7,8.9,36.0,52.0,14.98,711.5,0.0,43.0,3.4,0.688,32.02,14.8,76.0,CENTRO,16
2024-08-05 17:00:00,0.68,3.8,7.2,11.2,31.0,47.0,16.45,711.2,0.0,44.0,3.1,0.459,31.98,14.8,72.0,CENTRO,17
2024-08-05 18:00:00,0.68,3.4,7.3,11.0,29.0,52.0,15.67,711.1,0.0,44.0,3.0,0.278,31.78,14.3,89.0,CENTRO,18
2024-08-05 19:00:00,0.68,3.0,8.6,11.8,25.0,49.0,14.74,711.3,0.0,44.0,2.9,0.051,31.09,12.7,93.0,CENTRO,19
2024-08-05 20:00:00,0.66,2.2,8.9,11.4,24.0,41.0,13.56,711.6,0.0,44.0,3.0,0.007,30.61,10.8,122.0,CENTRO,20
2024-08-05 21:00:00,0.64,2.1,9.7,12.0,23.0,44.0,13.7,711.9,0.0,48.0,2.9,0.001,29.73,8.7,129.0,CENTRO,21
2024-08-05 22:00:00,0.64,2.0,8.9,11.1,24.0,44.0,13.84,712.3,0.0,48.0,2.8,0.001,29.44,8.6,112.0,CENTRO,22
2024-08-05 23:00:00,0.66,2.5,9.7,12.4,20.0,43.0,14.3,712.6,0.0,51.0,2.8,0.001,28.92,9.0,86.0,CENTRO,23
2024-08-06 00:00:00,0.65,2.0,8.1,10.4,17.0,52.0,16.14,712.7,0.0,57.0,2.8,0.001,27.91,9.2,68.0,CENTRO,0
2024-08-06 01:00:00,0.63,1.9,6.4,8.6,15.0,51.0,14.75,712.6,0.0,62.0,2.8,0.001,26.85,7.7,60.0,CENTRO,1
2024-08-06 02:00:00,0.61,1.8,5.8,7.9,18.0,43.0,14.23,712.4,0.0,60.0,2.8,0.001,26.56,7.6,60.0,CENTRO,2
2024-08-06 03:00:00,0.61,3.3,7.0,10.6,11.0,42.0,14.45,712.3,0.0,72.0,2.7,0.001,24.93,8.3,41.0,CENTRO,3
2024-08-06 04:00:00,0.61,5.0,9.7,14.9,8.0,46.0,14.71,712.3,0.0,77.0,2.8,0.001,24.24,6.2,37.0,CENTRO,4
2024-08-06 05:00:00,0.73,3.6,13.2,17.0,5.0,58.0,19.15,712.5,0.0,78.0,2.8,0.001,24.1,4.9,24.0,CENTRO,5
2024-08-06 06:00:00,0.8,3.3,13.1,16.6,5.0,60.0,20.29,712.7,0.0,77.0,2.9,0.001,24.11,4.0,11.0,CENTRO,6
2024-08-06 07:00:00,1.09,8.1,12.4,20.7,6.0,54.0,19.51,713.1,0.0,78.0,2.9,0.013,24.02,6.6,14.0,CENTRO,7
2024-08-06 08:00:00,1.15,18.8,12.7,31.9,6.0,60.0,19.3,713.6,0.0,77.0,3.0,0.133,24.31,6.5,17.0,CENTRO,8
2024-08-06 09:00:00,1.01,13.5,12.3,26.2,11.0,61.0,20.65,713.9,0.0,69.0,2.9,0.431,25.96,5.8,358.0,CENTRO,9
2024-08-06 10:00:00,0.85,9.7,12.9,22.8,19.0,62.0,22.05,714.0,0.0,62.0,2.7,0.703,27.5,6.6,342.0,CENTRO,10
2024-08-06 11:00:00,0.88,8.7,18.2,27.2,32.0,61.0,22.11,713.9,0.0,54.0,2.8,0.86,29.25,7.0,15.0,CENTRO,11
2024-08-06 12:00:00,0.95,7.0,20.2,27.4,53.0,75.0,27.13,713.7,0.0,50.0,3.2,0.99,30.54,8.0,38.0,CENTRO,12
2024-08-06 13:00:00,0.77,4.2,14.6,19.0,60.0,70.0,23.66,713.3,0.0,46.0,3.3,1.175,31.33,9.7,57.0,CENTRO,13
2024-08-06 14:00:00,0.68,2.9,9.7,12.8,65.0,57.0,20.7,712.9,0.0,43.0,3.7,1.133,31.9,11.6,53.0,CENTRO,14
2024-08-06 15:00:00,0.66,2.7,9.7,12.6,67.0,58.0,23.12,712.4,0.0,41.0,4.7,0.898,32.55,11.9,61.0,CENTRO,15
2024-08-06 16:00:00,0.64,2.7,6.9,9.8,48.0,61.0,19.21,712.0,0.0,39.0,4.0,0.672,32.74,12.3,72.0,CENTRO,16
2024-08-06 17:00:00,0.64,2.6,6.4,9.3,43.0,50.0,14.77,711.7,0.0,40.0,3.4,0.563,32.75,11.8,105.0,CENTRO,17
2024-08-06 18:00:00,0.64,2.5,6.3,9.1,39.0,42.0,13.34,711.6,0.0,41.0,3.1,0.242,32.39,11.8,108.0,CENTRO,18
2024-08-06 19:00:00,0.66,2.5,6.9,9.7,35.0,38.0,12.89,711.6,0.0,42.0,3.1,0.075,31.87,12.8,114.0,CENTRO,19
2024-08-06 20:00:00,0.68,2.2,9.1,11.5,29.0,40.0,13.38,711.8,0.0,46.0,3.1,0.01,30.81,10.8,121.0,CENTRO,20
2024-08-06 21:00:00,0.68,1.9,8.8,10.9,26.0,44.0,13.46,711.9,0.0,49.0,3.1,0.001,30.07,10.8,119.0,CENTRO,21
2024-08-06 22:00:00,0.67,1.9,8.3,10.5,25.0,41.0,13.21,712.2,0.0,50.0,3.0,0.001,29.52,9.1,107.0,CENTRO,22
2024-08-06 23:00:00,0.66,1.9,7.9,10.0,25.0,42.0,13.85,712.3,0.0,50.0,3.2,0.001,29.2,7.0,106.0,CENTRO,23
2024-08-07 00:00:00,0.63,1.8,6.8,8.9,25.0,40.0,13.34,712.1,0.0,50.0,3.0,0.001,28.94,7.4,82.0,CENTRO,0
2024-08-07 01:00:00,0.64,1.8,6.7,8.7,22.0,37.0,12.89,711.9,0.0,52.0,2.9,0.001,28.04,2.7,99.0,CENTRO,1
2024-08-07 02:00:00,0.69,2.3,12.9,15.5,14.0,36.0,12.62,711.8,0.0,57.0,3.0,0.001,27.5,4.1,12.0,CENTRO,2
2024-08-07 03:00:00,0.81,5.8,19.3,25.4,4.0,50.0,16.28,711.6,0.0,67.0,4.0,0.001,26.64,3.6,322.0,CENTRO,3
2024-08-07 04:00:00,0.9,10.3,17.7,28.3,5.0,59.0,15.67,711.6,0.0,70.0,4.3,0.001,26.28,5.3,128.5471357690573,CENTRO,4
2024-08-07 05:00:00,1.42,28.2,17.2,45.6,5.0,62.0,19.41,711.6,0.0,74.0,3.9,0.001,25.57,4.1,2.0,CENTRO,5
2024-08-07 06:00:00,0.81,10.4,14.1,24.8,4.0,61.0,16.74,711.7,0.0,76.0,3.2,0.001,24.95,2.7,304.0,CENTRO,6
2024-08-07 07:00:00,0.91,15.2,14.3,29.8,4.0,68.0,15.64,711.8,0.0,75.0,3.3,0.038,24.97,2.0,313.0,CENTRO,7
2024-08-07 08:00:00,0.93,19.8,19.1,39.2,7.0,60.0,16.52,712.1,0.0,65.0,3.2,0.198,27.02,2.8,358.0,CENTRO,8
2024-08-07 09:00:00,0.94,14.4,20.9,35.6,15.0,61.0,17.35,712.2,0.0,56.0,3.1,0.432,28.69,4.5,35.0,CENTRO,9
2024-08-07 10:00:00,0.92,9.4,20.8,30.5,29.0,91.0,22.37,712.2,0.0,49.0,3.0,0.673,30.39,4.0,23.0,CENTRO,10
2024-08-07 11:00:00,0.8,5.0,11.8,17.0,43.0,104.0,20.75,712.0,0.0,41.0,3.2,0.89,31.9,5.9,18.0,CENTRO,11
2024-08-07 12:00:00,1.02,3.3,13.3,16.8,65.0,63.0,17.61,711.6,0.0,36.0,3.4,0.86,32.93,6.2,308.0,CENTRO,12
2024-08-07 13:00:00,0.74,3.2,11.6,15.1,71.0,60.0,18.2,711.1,0.0,31.0,3.8,1.077,33.86,7.5,1.0,CENTRO,13
2024-08-07 14:00:00,0.73,3.1,13.7,16.9,86.0,59.0,17.4,710.4,0.0,30.0,4.0,1.058,34.64,8.6,68.0,CENTRO,14
2024-08-07 15:00:00,0.69,2.6,11.8,14.6,95.0,57.0,17.74,709.7,0.0,29.0,3.8,0.971,34.99,7.8,63.0,CENTRO,15
2024-08-07 16:00:00,0.67,2.6,11.3,14.1,91.0,54.0,16.37,709.1,0.0,26.0,3.8,0.832,35.49,8.2,36.0,CENTRO,16
2024-08-07 17:00:00,0.68,2.6,11.7,14.5,94.0,61.0,17.83,708.7,0.0,27.0,3.7,0.589,35.32,10.7,69.0,CENTRO,17
2024-08-07 18:00:00,0.71,2.3,11.0,13.5,86.0,65.0,15.01,708.5,0.0,29.0,3.5,0.311,34.91,10.4,96.0,CENTRO,18
2024-08-07 19:00:00,0.74,2.2,10.2,12.6,80.0,57.0,14.96,708.4,0.0,35.0,3.4,0.042,33.1,10.1,143.0,CENTRO,19
2024-08-07 20:00:00,0.73,1.9,11.1,13.3,73.0,54.0,15.44,708.4,0.0,36.0,3.6,0.007,32.17,8.5,127.0,CENTRO,20
2024-08-07 21:00:00,0.72,1.8,9.9,12.0,74.0,55.0,17.59,708.5,0.0,38.0,3.9,0.001,31.48,8.7,123.0,CENTRO,21
2024-08-07 22:00:00,0.73,1.9,12.8,14.9,65.0,52.0,17.5,708.9,0.0,39.0,3.6,0.001,30.93,6.5,111.0,CENTRO,22
2024-08-07 23:00:00,0.72,1.9,11.3,13.4,56.0,50.0,16.79,709.1,0.0,41.0,3.7,0.001,30.12,3.2,273.0,CENTRO,23
2024-08-08 00:00:00,0.72,1.9,13.4,15.5,42.0,45.0,16.15,709.0,0.0,39.0,4.0,0.001,29.81,4.7,186.0,CENTRO,0
2024-08-08 01:00:00,0.85,2.0,23.5,25.7,21.0,45.0,16.25,708.9,0.0,42.0,3.7,0.001,28.96,3.2,193.0,CENTRO,1
2024-08-08 02:00:00,0.79,2.0,18.3,20.4,29.0,48.0,17.32,708.8,0.0,45.0,3.7,0.001,28.56,4.7,156.0,CENTRO,2
2024-08-08 03:00:00,0.74,2.0,16.7,18.8,29.0,53.0,17.65,708.5,0.0,46.0,3.9,0.001,27.81,5.4,201.0,CENTRO,3
2024-08-08 04:00:00,0.66,1.9,10.2,12.4,44.0,45.0,17.91,708.5,0.0,44.0,4.3,0.001,27.63,5.2,214.0,CENTRO,4
2024-08-08 05:00:00,0.65,1.9,9.9,12.0,42.0,47.0,17.85,708.5,0.0,46.0,4.2,0.001,27.05,3.8,222.0,CENTRO,5
2024-08-08 06:00:00,0.72,2.1,17.6,19.8,33.0,53.0,20.35,708.7,0.0,46.0,4.1,0.001,26.7,4.8,204.0,CENTRO,6
2024-08-08 07:00:00,0.73,3.1,16.9,20.1,38.0,53.0,18.82,708.9,0.0,41.0,4.8,0.032,27.18,5.0,243.0,CENTRO,7
2024-08-08 08:00:00,0.94,15.0,37.0,52.2,16.0,54.0,19.95,709.2,0.0,42.0,4.5,0.19,28.8,2.4,328.0,CENTRO,8
2024-08-08 09:00:00,0.95,12.8,34.0,47.0,32.0,93.0,26.91,709.3,0.0,36.0,4.5,0.444,31.04,3.4,351.0,CENTRO,9
2024-08-08 10:00:00,0.75,4.6,15.7,20.5,54.0,98.0,19.2,709.2,0.0,30.0,4.3,0.704,32.72,5.0,206.0,CENTRO,10
2024-08-08 11:00:00,0.68,3.1,10.0,13.3,67.0,60.0,14.57,709.1,0.0,25.0,3.9,0.915,34.84,5.5,201.0,CENTRO,11
2024-08-08 12:00:00,0.6,2.4,4.5,7.1,65.0,42.0,12.93,709.1,0.0,23.0,3.4,1.086,35.38,9.5,108.0,CENTRO,12
2024-08-08 13:00:00,0.63,2.3,6.9,9.5,80.0,35.0,13.53,708.9,0.0,23.0,3.3,0.742,35.3,9.8,122.0,CENTRO,13
2024-08-08 14:00:00,0.67,2.2,7.8,10.2,99.0,42.0,16.57,708.6,0.0,23.0,3.4,0.961,35.69,9.6,121.0,CENTRO,14
2024-08-08 15:00:00,0.68,2.3,8.8,11.3,109.0,45.0,18.43,708.3,0.0,23.0,3.5,0.792,35.89,8.8,64.0,CENTRO,15
2024-08-08 16:00:00,0.68,2.2,8.5,10.9,110.0,54.0,19.38,707.9,0.0,23.0,3.6,0.818,36.57,9.2,76.0,CENTRO,16
2024-08-08 17:00:00,0.7,2.2,9.1,11.5,103.0,57.0,20.45,707.7,0.0,25.0,4.7,0.529,35.79,12.0,85.0,CENTRO,17
2024-08-08 18:00:00,0.71,2.3,11.3,13.8,93.0,58.0,22.16,707.5,0.0,26.0,5.6,0.314,35.79,10.7,68.0,CENTRO,18
2024-08-08 19:00:00,0.71,2.2,11.3,13.7,70.0,57.0,22.54,707.5,0.0,27.0,5.4,0.062,34.71,11.4,93.0,CENTRO,19
2024-08-08 20:00:00,0.78,2.1,13.4,15.6,70.0,51.0,23.71,707.7,0.0,30.0,5.7,0.008,33.59,8.2,134.0,CENTRO,20
2024-08-08 21:00:00,0.82,2.1,17.6,19.9,65.0,54.0,27.69,708.0,0.0,32.0,4.8,0.001,32.8,8.1,112.0,CENTRO,21
2024-08-08 22:00:00,0.78,2.0,13.9,16.0,52.0,54.0,24.57,708.5,0.0,37.0,4.2,0.001,31.78,11.3,87.0,CENTRO,22
2024-08-08 23:00:00,0.74,2.0,9.7,12.0,31.0,58.0,19.08,709.2,0.0,51.0,3.5,0.001,29.71,11.5,60.0,CENTRO,23
2024-08-09 00:00:00,0.75,1.9,9.0,11.2,27.0,51.0,17.07,709.8,0.0,58.0,3.3,0.001,28.41,10.6,40.0,CENTRO,0
2024-08-09 01:00:00,0.75,3.2,15.7,19.2,18.0,50.0,16.28,710.1,0.0,61.0,3.3,0.001,27.5,8.3,26.0,CENTRO,1
2024-08-09 02:00:00,0.73,2.5,12.8,15.5,19.0,50.0,17.15,710.0,0.0,65.0,3.4,0.001,26.91,8.1,44.0,CENTRO,2
2024-08-09 03:00:00,0.72,3.2,19.4,22.8,11.0,46.0,18.18,710.0,0.0,67.0,3.6,0.001,26.25,7.6,16.0,CENTRO,3
2024-08-09 04:00:00,0.7,3.5,15.3,19.0,14.0,48.0,18.08,710.1,0.0,70.0,3.5,0.001,25.76,6.3,41.0,CENTRO,4
2024-08-09 05:00:00,0.67,2.0,6.9,9.1,21.0,48.0,15.61,710.3,0.0,72.0,3.2,0.001,25.43,6.3,56.0,CENTRO,5
2024-08-09 06:00:00,0.67,1.9,5.4,7.5,21.0,47.0,14.78,710.5,0.0,74.0,3.1,0.001,25.25,6.9,46.0,CENTRO,6
2024-08-09 07:00:00,0.71,2.5,7.6,10.4,18.0,49.0,16.25,710.8,0.0,75.0,3.0,0.015,25.21,8.0,58.0,CENTRO,7
2024-08-09 08:00:00,0.75,3.5,8.9,12.7,20.0,50.0,17.43,711.0,0.0,69.0,3.1,0.17,26.21,4.6,33.0,CENTRO,8
2024-08-09 09:00:00,0.85,7.3,14.8,22.4,17.0,49.0,19.48,711.3,0.0,67.0,3.2,0.266,26.9,7.2,51.0,CENTRO,9
2024-08-09 10:00:00,0.8,5.8,10.8,16.9,22.0,51.0,20.72,711.6,0.0,67.0,3.1,0.452,27.17,9.7,56.0,CENTRO,10
2024-08-09 11:00:00,0.81,10.2,14.2,24.6,24.0,50.0,24.98,712.0,0.0,64.0,3.4,0.816,28.26,12.0,45.0,CENTRO,11
2024-08-09 12:00:00,0.79,4.1,9.0,13.4,38.0,67.0,29.84,712.2,0.0,61.0,3.2,0.872,28.95,14.7,53.0,CENTRO,12
2024-08-09 13:00:00,0.77,3.1,6.8,10.1,40.0,68.0,28.24,711.9,0.0,55.0,3.2,0.858,29.94,14.8,71.0,CENTRO,13
2024-08-09 14:00:00,0.76,2.9,7.1,10.3,39.0,63.0,21.27,711.6,0.0,50.0,3.2,0.405,30.61,13.5,79.0,CENTRO,14
2024-08-09 15:00:00,0.72,2.7,6.5,9.5,42.0,52.0,20.69,711.3,0.0,49.0,3.1,0.434,30.66,17.5,85.0,CENTRO,15
2024-08-09 16:00:00,0.72,2.6,5.7,8.5,49.0,66.0,18.45,711.1,0.0,44.0,3.1,0.939,30.85,13.6,117.0,CENTRO,16
2024-08-09 17:00:00,0.73,2.6,7.6,10.4,43.0,48.0,15.29,711.0,0.0,45.0,3.2,0.257,30.55,12.2,117.0,CENTRO,17
2024-08-09 18:00:00,0.75,2.9,7.6,10.8,37.0,43.0,18.21,711.1,0.0,49.0,3.1,0.292,30.48,12.3,116.0,CENTRO,18
2024-08-09 19:00:00,0.75,2.6,7.8,10.7,36.0,44.0,18.72,710.8,0.0,50.0,3.2,0.08,30.4,12.1,93.0,CENTRO,19
2024-08-09 20:00:00,0.8,2.2,11.0,13.4,29.0,49.0,17.27,710.8,0.0,55.0,3.2,0.008,29.12,12.3,104.0,CENTRO,20
2024-08-09 21:00:00,0.72,3.9,11.9,16.0,24.0,43.0,18.39,711.5,0.0,59.0,3.1,0.001,28.04,11.6,124.0,CENTRO,21
2024-08-09 22:00:00,0.82,2.8,14.2,17.1,16.0,49.0,18.37,712.2,0.0,63.0,3.2,0.001,27.21,10.4,64.0,CENTRO,22
2024-08-09 23:00:00,0.76,2.1,10.7,13.0,17.0,42.0,17.74,712.9,0.0,63.0,3.1,0.001,26.92,9.1,80.0,CENTRO,23
2024-08-10 00:00:00,0.72,1.9,6.5,8.7,20.0,48.0,20.0,713.4,0.0,65.0,3.0,0.001,26.33,7.9,102.0,CENTRO,0
2024-08-10 01:00:00,0.72,1.9,7.6,9.8,17.0,49.0,19.71,713.7,0.0,69.0,3.0,0.001,25.66,7.7,74.0,CENTRO,1
2024-08-10 02:00:00,0.68,1.9,4.7,6.8,21.0,46.0,19.99,713.5,0.0,70.0,3.0,0.001,25.4,8.3,80.0,CENTRO,2
2024-08-10 03:00:00,0.71,1.9,7.4,9.6,14.0,44.0,21.69,713.3,0.0,77.0,3.0,0.001,24.46,9.3,59.0,CENTRO,3
2024-08-10 04:00:00,0.69,1.8,6.2,8.3,16.0,54.0,21.0,713.1,0.0,76.0,3.1,0.001,24.46,6.6,39.0,CENTRO,4
2024-08-10 05:00:00,0.69,4.1,9.4,13.8,13.0,51.0,25.0,713.1,0.0,77.0,3.0,0.001,24.12,7.7,32.0,CENTRO,5
2024-08-10 06:00:00,0.72,16.4,17.0,33.7,4.0,60.0,26.0,713.2,0.0,82.0,3.4,0.001,23.62,4.5,34.0,CENTRO,6
2024-08-10 07:00:00,0.77,10.5,16.7,27.5,4.0,66.0,28.0,713.7,0.0,81.0,3.5,0.017,23.72,3.6,32.0,CENTRO,7
2024-08-10 08:00:00,0.88,10.8,15.8,26.9,7.0,57.0,28.0,714.0,0.0,79.0,3.8,0.079,24.08,4.9,357.0,CENTRO,8
2024-08-10 09:00:00,1.02,10.5,16.1,26.9,12.0,59.0,15.234362416107382,714.4,0.0,75.0,3.5,0.17,24.82,7.0,11.0,CENTRO,9
2024-08-10 10:00:00,0.88,8.2,16.1,24.5,21.0,66.0,29.0,714.7,0.0,69.0,3.3,0.386,25.93,7.3,353.0,CENTRO,10
2024-08-10 11:00:00,0.86,7.2,16.5,23.9,33.0,65.0,25.0,714.8,0.0,61.0,3.2,0.772,27.99,7.4,28.0,CENTRO,11
2024-08-10 12:00:00,0.78,3.7,9.8,13.8,47.0,62.0,22.0,714.5,0.0,52.0,3.1,1.078,29.55,12.4,61.0,CENTRO,12
2024-08-10 13:00:00,0.75,3.5,7.5,11.3,39.0,56.0,17.0,714.1,0.0,44.0,3.6,1.109,30.9,13.8,86.0,CENTRO,13
2024-08-10 14:00:00,0.68,2.8,4.2,7.2,32.0,47.0,14.0,713.7,0.0,40.0,3.4,1.178,31.42,15.2,128.0,CENTRO,14
2024-08-10 15:00:00,0.7,3.0,5.1,8.3,33.0,43.0,14.0,713.3,0.0,43.0,3.2,0.918,31.63,15.9,88.0,CENTRO,15
2024-08-10 16:00:00,0.68,3.4,5.0,8.7,30.0,44.0,12.0,712.9,0.0,43.0,3.1,0.829,31.46,18.6,74.0,CENTRO,16
2024-08-10 17:00:00,0.65,3.0,4.7,8.0,30.0,41.0,11.0,712.7,0.0,40.0,3.1,0.557,31.64,17.2,83.0,CENTRO,17
2024-08-10 18:00:00,0.62,3.0,4.7,8.0,29.0,39.0,10.0,712.5,0.0,38.0,3.0,0.397,32.01,14.6,82.0,CENTRO,18
2024-08-10 19:00:00,0.61,2.3,4.5,7.0,29.0,35.0,8.0,712.3,0.0,37.0,3.1,0.053,31.55,12.5,93.0,CENTRO,19
2024-08-10 20:00:00,0.63,2.1,6.4,8.7,27.0,33.0,9.0,712.5,0.0,38.0,3.1,0.006,30.53,10.7,114.0,CENTRO,20
2024-08-10 21:00:00,0.68,2.1,7.9,10.2,20.0,35.0,12.0,713.0,0.0,45.0,3.1,0.001,29.43,11.1,124.0,CENTRO,21
2024-08-10 22:00:00,0.68,2.0,7.6,9.9,20.0,43.0,12.0,713.4,0.0,46.0,3.1,0.001,28.95,8.8,132.0,CENTRO,22
2024-08-10 23:00:00,0.64,1.9,6.5,8.7,22.0,36.0,9.0,713.6,0.0,47.0,3.1,0.001,28.66,8.9,132.0,CENTRO,23
2024-08-11 00:00:00,0.65,1.9,6.7,8.8,22.0,33.0,10.0,713.8,0.0,46.0,3.0,0.001,28.29,7.1,119.0,CENTRO,0
2024-08-11 01:00:00,0.69,2.5,10.5,13.2,17.0,37.0,12.0,713.8,0.0,50.0,3.2,0.001,27.66,7.0,50.0,CENTRO,1
2024-08-11 02:00:00,0.71,2.1,10.1,12.4,14.0,40.0,14.0,713.6,0.0,57.0,3.1,0.001,26.37,6.8,54.0,CENTRO,2
2024-08-11 03:00:00,0.73,7.9,12.8,21.0,9.0,46.0,13.0,713.5,0.0,63.0,3.2,0.001,25.29,6.9,17.0,CENTRO,3
2024-08-11 04:00:00,0.73,4.3,14.4,18.9,6.0,53.0,12.0,713.4,0.0,71.0,3.6,0.001,24.33,7.9,1.0,CENTRO,4
2024-08-11 05:00:00,0.79,3.3,12.6,16.1,7.0,50.0,11.0,713.3,0.0,74.0,3.3,0.001,23.98,6.3,43.0,CENTRO,5
2024-08-11 06:00:00,0.79,5.3,13.8,19.3,5.0,48.0,10.0,713.4,0.0,77.0,3.6,0.001,23.62,4.1,27.0,CENTRO,6
2024-08-11 07:00:00,0.94,3.6,11.9,15.7,6.0,45.0,10.0,713.6,0.0,80.0,3.3,0.022,23.22,2.1,282.0,CENTRO,7
2024-08-11 08:00:00,0.89,8.9,12.4,21.5,9.0,38.0,11.0,713.8,0.0,73.0,3.6,0.133,24.6,1.9,229.0,CENTRO,8
2024-08-11 09:00:00,0.82,8.6,11.2,20.1,15.0,49.0,14.0,713.9,0.0,69.0,3.3,0.391,25.66,5.1,349.0,CENTRO,9
2024-08-11 10:00:00,0.79,6.2,11.3,17.8,20.0,45.0,13.0,714.0,0.0,65.0,3.3,0.417,26.61,5.7,342.0,CENTRO,10
2024-08-11 11:00:00,0.84,5.4,12.1,17.8,35.0,43.0,17.0,713.9,0.0,57.0,3.5,0.749,28.24,6.4,4.0,CENTRO,11
2024-08-11 12:00:00,0.93,8.6,18.9,27.7,41.0,55.0,14.0,713.6,0.0,51.0,3.8,0.954,29.76,8.0,46.0,CENTRO,12
2024-08-11 13:00:00,0.8,2.6,9.3,12.2,77.0,58.0,13.0,713.1,0.0,45.0,3.8,1.252,31.21,9.4,62.0,CENTRO,13
2024-08-11 14:00:00,0.73,2.4,8.2,10.9,75.0,49.0,13.0,712.5,0.0,41.0,3.8,0.936,31.59,13.2,43.0,CENTRO,14
2024-08-11 15:00:00,0.64,2.3,5.2,7.7,57.0,45.0,9.0,712.1,0.0,36.0,4.9,0.759,31.99,15.2,74.0,CENTRO,15
2024-08-11 16:00:00,0.61,2.4,4.4,7.0,47.0,38.0,10.0,711.9,0.0,34.0,5.2,0.634,31.86,17.6,75.0,CENTRO,16
2024-08-11 17:00:00,0.62,2.5,4.4,7.1,41.0,36.0,9.0,711.9,0.0,35.0,3.8,0.616,32.09,15.1,86.0,CENTRO,17
2024-08-11 18:00:00,0.6,2.1,3.2,5.6,42.0,29.0,8.0,711.8,0.0,35.0,3.4,0.356,31.9,14.4,104.0,CENTRO,18
2024-08-11 19:00:00,0.6,2.1,3.5,5.8,35.0,31.0,9.0,711.7,0.0,39.0,3.1,0.086,30.94,14.5,101.0,CENTRO,19
2024-08-11 20:00:00,0.64,1.9,4.9,7.0,32.0,29.0,9.0,711.5,0.0,41.0,3.2,0.009,30.1,11.8,121.0,CENTRO,20
2024-08-11 21:00:00,0.66,1.8,6.8,8.9,30.0,27.0,15.234362416107382,711.4,0.0,41.0,3.2,0.001,29.4,8.0,131.0,CENTRO,21
2024-08-11 22:00:00,0.65,1.9,7.0,9.1,29.0,30.0,15.234362416107382,711.5,0.0,41.0,3.2,0.001,28.92,6.1,149.0,CENTRO,22
2024-08-11 23:00:00,0.65,1.8,6.4,8.5,29.0,30.0,15.234362416107382,711.9,0.0,42.0,3.1,0.001,28.81,7.4,99.0,CENTRO,23
2024-08-12 00:00:00,0.61,1.8,4.5,6.6,31.0,27.0,15.234362416107382,712.2,0.0,42.0,3.1,0.001,28.52,8.4,108.0,CENTRO,0
2024-08-12 01:00:00,0.66,1.9,7.4,9.5,25.0,27.0,10.0,712.1,0.0,48.0,3.1,0.001,27.49,10.8,79.0,CENTRO,1
2024-08-12 02:00:00,0.65,1.8,4.8,6.9,25.0,33.0,9.0,711.9,0.0,54.0,3.1,0.001,26.49,9.5,93.0,CENTRO,2
2024-08-12 03:00:00,0.63,1.8,4.6,6.7,25.0,34.0,4.0,711.8,0.0,56.0,3.1,0.001,25.96,6.0,67.0,CENTRO,3
2024-08-12 04:00:00,0.69,3.5,15.7,19.4,9.0,32.0,15.234362416107382,711.7,0.0,67.0,3.2,0.001,24.76,7.2,358.0,CENTRO,4
2024-08-12 05:00:00,0.7,4.1,16.5,20.8,7.0,45.0,15.234362416107382,711.8,0.0,74.0,3.8,0.001,23.89,6.0,359.0,CENTRO,5
2024-08-12 06:00:00,0.88,4.5,16.7,21.5,7.0,47.0,15.234362416107382,711.9,0.0,76.0,4.5,0.001,23.59,5.8,16.0,CENTRO,6
2024-08-12 07:00:00,0.88,8.3,18.1,26.7,6.0,52.0,15.234362416107382,712.0,0.0,77.0,3.7,0.017,23.29,2.9,28.0,CENTRO,7
2024-08-12 08:00:00,0.94,18.7,18.8,37.8,7.0,47.0,15.234362416107382,712.6,0.0,76.0,3.8,0.126,24.04,6.1,60.0,CENTRO,8
2024-08-12 09:00:00,0.94,25.7,20.8,46.7,8.0,55.0,15.234362416107382,713.0,0.0,72.0,3.9,0.269,24.93,6.6,36.0,CENTRO,9
2024-08-12 10:00:00,0.88,12.1,16.3,28.7,21.0,64.0,15.234362416107382,713.0,0.0,64.0,3.9,0.586,26.53,6.3,16.0,CENTRO,10
2024-08-12 11:00:00,0.92,8.3,17.7,26.3,33.0,59.0,15.234362416107382,712.8,0.0,58.0,3.9,0.762,27.94,6.6,5.0,CENTRO,11
2024-08-12 12:00:00,0.88,8.0,21.5,29.7,45.0,59.0,15.234362416107382,712.4,0.0,51.0,3.9,0.929,29.5,7.5,42.0,CENTRO,12
2024-08-12 13:00:00,0.82,2.8,11.6,14.6,79.0,59.0,15.234362416107382,712.0,0.0,46.0,4.2,1.127,30.72,9.4,71.0,CENTRO,13
2024-08-12 14:00:00,0.75,2.7,7.2,10.1,59.0,55.0,8.28,711.5,0.0,44.0,3.8,1.069,31.63,12.2,49.0,CENTRO,14
2024-08-12 15:00:00,0.67,2.6,5.0,7.9,40.0,47.0,6.82,711.1,0.0,42.0,3.4,1.007,32.11,16.5,97.0,CENTRO,15
2024-08-12 16:00:00,0.67,2.7,5.0,8.0,37.0,41.0,5.95,710.7,0.0,40.0,3.1,0.638,32.51,14.2,96.0,CENTRO,16
2024-08-12 17:00:00,0.66,2.9,5.0,8.1,35.0,33.0,5.23,710.4,0.0,38.0,3.1,0.617,32.84,13.9,100.0,CENTRO,17
2024-08-12 18:00:00,0.67,2.8,5.8,8.9,35.0,32.0,5.21,710.0,0.0,37.0,3.1,0.328,32.99,12.4,112.0,CENTRO,18
2024-08-12 19:00:00,0.69,2.7,6.3,9.2,31.0,29.0,6.05,710.2,0.0,40.0,3.1,0.047,32.16,13.2,120.0,CENTRO,19
2024-08-12 20:00:00,0.68,2.0,6.8,9.0,31.0,31.0,5.47,710.5,0.0,44.0,3.0,0.005,30.72,12.8,119.0,CENTRO,20
2024-08-12 21:00:00,0.68,2.0,5.7,7.9,28.0,31.0,5.18,710.7,0.0,53.0,2.9,0.001,29.27,15.3,129.0,CENTRO,21
2024-08-12 22:00:00,0.67,1.9,5.4,7.5,27.0,37.0,5.0,711.1,0.0,56.0,2.9,0.001,28.56,16.4,115.0,CENTRO,22
2024-08-12 23:00:00,0.65,1.9,4.0,6.1,27.0,30.0,5.0,711.6,0.0,58.0,2.9,0.001,27.69,16.4,120.0,CENTRO,23
2024-08-13 00:00:00,0.64,1.8,3.1,5.2,26.0,28.0,5.0,711.6,0.0,61.0,2.9,0.001,26.68,13.0,113.0,CENTRO,0
2024-08-13 01:00:00,0.64,1.8,3.6,5.6,25.0,30.0,5.04,711.6,0.0,64.0,2.9,0.001,26.04,10.0,70.0,CENTRO,1
2024-08-13 02:00:00,0.62,1.8,2.5,4.5,25.0,29.0,4.71,711.6,0.0,66.0,2.9,0.001,25.55,9.8,49.0,CENTRO,2
2024-08-13 03:00:00,0.65,9.5,14.6,24.3,9.0,28.0,9.45,711.7,0.0,71.0,3.1,0.001,24.65,9.0,30.0,CENTRO,3
2024-08-13 04:00:00,0.66,3.3,14.0,17.5,9.0,35.0,11.53,711.6,0.0,74.0,3.2,0.001,23.98,7.0,351.0,CENTRO,4
2024-08-13 05:00:00,0.66,5.6,15.9,21.7,7.0,48.0,10.73,711.5,0.0,75.0,3.3,0.001,23.61,6.1,19.0,CENTRO,5
2024-08-13 06:00:00,0.69,3.7,16.3,20.2,7.0,48.0,12.05,711.6,0.0,76.0,3.4,0.001,23.31,6.5,32.0,CENTRO,6
2024-08-13 07:00:00,0.8,8.1,18.0,26.4,6.0,51.0,14.83,711.8,0.0,76.0,3.8,0.022,23.16,3.7,30.0,CENTRO,7
2024-08-13 08:00:00,0.88,25.6,17.9,43.7,6.0,53.0,19.22,712.5,0.0,75.0,4.1,0.143,23.69,6.7,62.0,CENTRO,8
2024-08-13 09:00:00,0.96,19.3,17.5,37.1,10.0,84.0,24.11,712.7,0.0,71.0,4.0,0.238,24.45,4.4,22.0,CENTRO,9
2024-08-13 10:00:00,1.03,13.8,18.1,32.2,20.0,76.0,27.53,712.8,0.0,64.0,3.7,0.553,26.26,6.4,20.0,CENTRO,10
2024-08-13 11:00:00,1.14,12.3,22.8,35.3,30.0,66.0,29.01,713.0,0.0,59.0,3.7,0.929,27.71,7.1,45.0,CENTRO,11
2024-08-13 12:00:00,1.0,9.1,24.3,33.6,48.0,75.0,28.16,713.0,0.0,55.0,3.8,1.035,28.64,9.6,42.0,CENTRO,12
2024-08-13 13:00:00,0.85,3.2,13.1,16.6,71.0,75.0,20.08,712.7,0.0,51.0,3.6,0.935,29.53,9.3,56.0,CENTRO,13
2024-08-13 14:00:00,0.77,2.5,7.0,9.7,60.0,58.0,13.17,712.1,0.0,43.0,3.5,1.069,31.52,11.2,107.0,CENTRO,14
2024-08-13 15:00:00,0.7,2.7,4.9,7.8,41.0,40.0,9.86,711.5,0.0,42.0,3.3,1.067,32.12,14.2,116.0,CENTRO,15
2024-08-13 16:00:00,0.66,2.7,4.5,7.5,37.0,38.0,9.5,711.1,0.0,38.0,3.2,0.847,32.73,15.8,107.0,CENTRO,16
2024-08-13 17:00:00,0.66,3.3,5.2,8.8,35.0,40.0,9.68,710.9,0.0,38.0,3.2,0.693,32.85,16.5,114.0,CENTRO,17
2024-08-13 18:00:00,0.66,2.9,5.1,8.2,34.0,42.0,9.71,710.8,0.0,39.0,3.2,0.379,32.4,17.6,118.0,CENTRO,18
2024-08-13 19:00:00,0.67,2.6,5.8,8.6,30.0,42.0,10.02,710.8,0.0,42.0,3.2,0.043,31.51,17.1,114.0,CENTRO,19
2024-08-13 20:00:00,0.7,2.2,7.3,9.8,26.0,42.0,10.75,711.1,0.0,47.0,3.2,0.006,30.19,14.1,125.0,CENTRO,20
2024-08-13 21:00:00,0.68,2.0,7.3,9.5,23.0,40.0,11.24,711.3,0.0,50.0,3.0,0.001,29.39,13.6,123.0,CENTRO,21
2024-08-13 22:00:00,0.7,2.1,7.6,10.0,21.0,38.0,11.63,711.6,0.0,52.0,3.1,0.001,28.88,9.3,86.0,CENTRO,22
2024-08-13 23:00:00,0.67,1.9,5.2,7.3,21.0,43.0,11.43,712.2,0.0,57.0,3.0,0.001,27.97,11.9,121.0,CENTRO,23
2024-08-14 00:00:00,0.65,1.8,4.4,6.4,20.0,41.0,10.57,712.4,0.0,63.0,2.9,0.001,26.97,11.0,117.0,CENTRO,0
2024-08-14 01:00:00,0.65,1.8,4.0,6.0,18.0,40.0,10.48,712.3,0.0,68.0,2.9,0.001,26.14,9.0,90.0,CENTRO,1
2024-08-14 02:00:00,0.65,1.8,4.4,6.5,15.0,42.0,11.08,712.1,0.0,71.0,2.9,0.001,25.6,8.1,53.0,CENTRO,2
2024-08-14 03:00:00,0.65,3.1,7.2,10.5,11.0,39.0,11.93,711.8,0.0,76.0,3.1,0.001,24.76,8.4,31.0,CENTRO,3
2024-08-14 04:00:00,0.67,1.8,4.0,6.0,14.0,40.0,11.21,711.7,0.0,78.0,3.0,0.001,24.29,6.9,38.0,CENTRO,4
2024-08-14 05:00:00,0.62,4.3,7.4,11.9,11.0,39.0,11.85,711.7,0.0,80.0,3.0,0.001,24.04,6.6,41.0,CENTRO,5
2024-08-14 06:00:00,0.65,14.8,11.5,26.6,7.0,43.0,14.96,711.9,0.0,79.0,3.2,0.001,24.01,6.5,48.0,CENTRO,6
2024-08-14 07:00:00,0.75,22.1,16.8,39.1,4.0,48.0,17.67,712.1,0.0,80.0,3.3,0.013,23.87,4.4,21.0,CENTRO,7
2024-08-14 08:00:00,0.83,17.6,16.0,33.9,6.0,65.0,18.8,712.4,0.0,78.0,3.7,0.111,24.36,5.0,20.0,CENTRO,8
2024-08-14 09:00:00,0.97,14.9,16.6,31.8,8.0,65.0,20.79,712.6,0.0,74.0,3.4,0.193,25.09,6.1,21.0,CENTRO,9
2024-08-14 10:00:00,1.0,22.1,19.6,42.0,12.0,73.0,24.48,712.8,0.0,69.0,3.6,0.486,26.22,7.8,48.0,CENTRO,10
2024-08-14 11:00:00,1.0,15.4,23.3,38.9,18.0,78.0,25.75,713.0,0.0,65.0,3.4,0.471,27.17,8.2,63.0,CENTRO,11
2024-08-14 12:00:00,0.94,10.1,20.7,31.0,35.0,75.0,27.0,712.8,0.0,58.0,3.3,1.0,28.59,9.8,55.0,CENTRO,12
2024-08-14 13:00:00,0.89,5.6,20.2,26.1,60.0,77.0,25.97,712.3,0.0,52.0,3.3,1.135,29.82,8.6,56.0,CENTRO,13
2024-08-14 14:00:00,0.88,2.9,13.5,16.7,84.0,71.0,26.65,711.9,0.0,50.0,3.3,1.062,30.82,10.4,44.0,CENTRO,14
2024-08-14 15:00:00,0.82,2.3,9.5,12.1,75.0,70.0,25.55,711.3,0.0,49.0,3.3,0.769,31.25,12.9,61.0,CENTRO,15
2024-08-14 16:00:00,0.72,2.4,6.5,9.1,56.0,59.0,15.68,711.0,0.0,45.0,3.2,0.88,31.8,13.7,117.0,CENTRO,16
2024-08-14 17:00:00,0.71,2.5,5.2,8.0,39.0,42.0,10.76,710.8,0.0,43.0,3.1,0.555,31.8,14.7,126.0,CENTRO,17
2024-08-14 18:00:00,0.71,2.6,5.8,8.7,37.0,42.0,12.14,710.5,0.0,44.0,3.1,0.303,31.5,14.5,132.0,CENTRO,18
2024-08-14 19:00:00,0.73,2.6,7.2,10.0,34.0,42.0,14.12,710.5,0.0,44.0,3.1,0.063,31.02,12.8,133.0,CENTRO,19
2024-08-14 20:00:00,0.71,2.1,8.0,10.3,27.0,47.0,14.53,710.8,0.0,46.0,3.1,0.004,30.05,12.2,130.0,CENTRO,20
2024-08-14 21:00:00,0.73,2.0,7.8,10.0,25.0,48.0,15.15,710.9,0.0,48.0,3.1,0.001,29.69,12.4,114.0,CENTRO,21
2024-08-14 22:00:00,0.67,1.9,5.1,7.2,25.0,45.0,16.21,711.1,0.0,47.0,3.1,0.001,29.44,13.7,126.0,CENTRO,22
2024-08-14 23:00:00,0.65,1.9,6.0,8.2,23.0,46.0,16.64,711.4,0.0,47.0,3.1,0.001,28.89,10.3,100.0,CENTRO,23
2024-08-15 00:00:00,0.64,1.8,5.4,7.5,21.0,51.0,16.74,711.6,0.0,52.0,3.1,0.001,27.82,10.3,78.0,CENTRO,0
2024-08-15 01:00:00,0.66,1.8,4.1,6.1,21.0,52.0,16.55,711.5,0.0,57.0,3.343688007213706,0.001,26.91,9.0,58.0,CENTRO,1
2024-08-15 02:00:00,0.65,1.8,5.8,7.8,17.0,46.0,16.62,711.4,0.0,61.0,3.343688007213706,0.001,26.36,6.8,38.0,CENTRO,2
2024-08-15 03:00:00,0.65,4.7,9.1,14.1,11.0,46.0,19.64,711.1,0.0,67.0,3.2,0.001,25.42,6.5,24.0,CENTRO,3
2024-08-15 04:00:00,0.66,6.9,13.6,20.7,6.0,49.0,21.43,711.0,0.0,71.0,3.2,0.001,24.76,7.5,10.0,CENTRO,4
2024-08-15 05:00:00,0.74,6.2,15.1,21.5,4.0,57.0,17.28,711.1,0.0,75.0,3.7,0.001,24.02,5.5,358.0,CENTRO,5
2024-08-15 06:00:00,0.73,2.9,13.4,16.5,6.0,63.0,17.32,711.2,0.0,77.0,3.5,0.001,23.75,2.9,346.0,CENTRO,6
2024-08-15 07:00:00,0.77,8.2,12.9,21.4,5.0,60.0,21.04,711.4,0.0,77.0,4.5,0.021,23.87,3.7,333.0,CENTRO,7
2024-08-15 08:00:00,0.82,12.9,12.6,25.9,7.0,55.0,21.12,711.6,0.0,73.0,3.4,0.18,24.77,5.4,349.0,CENTRO,8
2024-08-15 09:00:00,0.82,10.0,12.9,23.1,11.0,66.0,25.14,712.1,0.0,70.0,3.2,0.237,25.54,4.6,5.0,CENTRO,9
2024-08-15 10:00:00,1.02,17.7,21.1,39.1,13.0,69.0,30.05,712.3,0.0,67.0,3.5,0.378,26.48,5.6,1.0,CENTRO,10
2024-08-15 11:00:00,1.11,16.0,25.0,41.2,21.0,83.0,30.48,712.4,0.0,61.0,3.5,0.758,28.23,6.4,24.0,CENTRO,11
2024-08-15 12:00:00,1.04,9.1,27.3,36.7,39.0,95.0,31.29,712.2,0.0,57.0,3.3,0.763,28.86,8.5,88.0,CENTRO,12
2024-08-15 13:00:00,1.03,7.0,28.8,36.0,53.0,99.0,30.34,711.7,0.0,52.0,3.4,0.638,29.79,8.5,43.0,CENTRO,13
2024-08-15 14:00:00,0.9,3.5,15.1,18.9,67.0,90.0,26.65,711.3,0.0,52.0,3.3,0.946,30.14,11.1,43.0,CENTRO,14
2024-08-15 15:00:00,0.87,3.1,12.6,15.9,74.0,82.0,23.7,710.8,0.0,43.0,3.3,1.085,31.91,10.3,36.0,CENTRO,15
2024-08-15 16:00:00,0.86,2.6,10.3,13.2,70.0,71.0,21.84,710.4,0.0,44.0,3.3,0.6,31.85,12.8,73.0,CENTRO,16
2024-08-15 17:00:00,0.79,2.8,7.4,10.5,50.0,59.0,17.28,710.3,0.0,39.0,3.4,0.492,32.12,13.5,106.0,CENTRO,17
2024-08-15 18:00:00,0.78,2.4,8.3,10.9,48.0,56.0,17.53,710.2,0.0,45.0,3.3,0.201,31.06,13.0,117.0,CENTRO,18
2024-08-15 19:00:00,0.79,2.5,9.3,12.1,51.0,55.0,18.17,710.1,0.0,46.0,3.3,0.103,31.1,13.8,127.0,CENTRO,19
2024-08-15 20:00:00,0.77,1.9,9.3,11.4,32.0,56.0,15.91,710.4,0.0,48.0,3.2,0.009,30.16,12.6,117.0,CENTRO,20
2024-08-15 21:00:00,0.73,1.9,8.7,10.9,24.0,47.0,13.82,710.7,0.0,49.0,3.1,0.001,29.8,12.5,116.0,CENTRO,21
2024-08-15 22:00:00,0.74,2.0,8.5,10.8,20.0,45.0,10.6,711.1,0.0,51.0,3.2,0.001,29.36,9.2,106.0,CENTRO,22
2024-08-15 23:00:00,0.69,1.9,5.2,7.3,21.0,46.0,9.94,711.4,0.0,56.0,3.0,0.001,28.36,12.0,106.0,CENTRO,23
2024-08-16 00:00:00,0.69,1.9,5.9,8.0,19.0,41.0,10.33,711.4,0.0,61.0,3.0,0.001,27.52,8.7,61.0,CENTRO,0
2024-08-16 01:00:00,0.68,1.8,4.6,6.7,20.0,48.0,11.03,711.2,0.0,64.0,2.9,0.001,27.08,8.8,58.0,CENTRO,1
2024-08-16 02:00:00,0.69,5.7,9.0,15.0,14.0,47.0,12.94,711.1,0.0,70.0,3.1,0.001,26.17,9.9,48.0,CENTRO,2
2024-08-16 03:00:00,0.67,2.1,5.6,7.9,16.0,41.0,10.27,711.0,0.0,74.0,3.0,0.001,25.28,8.6,47.0,CENTRO,3
2024-08-16 04:00:00,0.67,6.5,12.4,19.1,8.0,40.0,11.45,710.9,0.0,75.0,3.1,0.001,24.82,7.6,37.0,CENTRO,4
2024-08-16 05:00:00,0.67,6.1,12.7,19.0,7.0,45.0,12.46,711.0,0.0,76.0,3.2,0.001,24.59,8.1,48.0,CENTRO,5
2024-08-16 06:00:00,0.69,3.6,11.7,15.5,8.0,49.0,15.1,711.4,0.0,77.0,3.3,0.001,24.33,8.5,38.0,CENTRO,6
2024-08-16 07:00:00,0.76,5.3,12.7,18.2,7.0,51.0,13.74,711.7,0.0,78.0,3.2,0.019,24.1,4.9,55.0,CENTRO,7
2024-08-16 08:00:00,0.81,20.1,15.5,35.9,6.0,47.0,17.25,712.2,0.0,76.0,3.5,0.09,24.59,4.7,32.0,CENTRO,8
2024-08-16 09:00:00,1.01,10.9,14.2,25.4,13.0,56.0,19.93,712.5,0.0,70.0,3.3,0.36,26.07,4.7,356.0,CENTRO,9
2024-08-16 10:00:00,1.05,11.9,20.6,32.8,20.0,58.0,24.62,712.5,0.0,63.0,3.4,0.488,27.64,5.2,54.0,CENTRO,10
2024-08-16 11:00:00,1.07,13.9,27.5,41.6,30.0,69.0,29.3,712.6,0.0,59.0,3.4,0.843,28.79,8.9,51.0,CENTRO,11
2024-08-16 12:00:00,0.9,6.0,17.5,23.7,50.0,73.0,19.6,712.4,0.0,57.0,3.3,1.055,29.5,11.4,66.0,CENTRO,12
2024-08-16 13:00:00,0.79,3.7,8.4,12.3,42.0,64.0,16.97,711.8,0.0,48.0,3.1,0.995,31.2,11.1,39.0,CENTRO,13
2024-08-16 14:00:00,0.79,3.6,7.3,11.2,37.0,56.0,12.37,711.5,0.0,42.0,3.1,1.098,32.31,13.1,86.0,CENTRO,14
2024-08-16 15:00:00,0.76,2.7,5.8,8.8,37.0,46.0,9.88,711.2,0.0,39.0,3.1,1.172,32.91,14.7,115.0,CENTRO,15
2024-08-16 16:00:00,0.73,2.7,5.3,8.3,37.0,40.0,9.2,710.8,0.0,38.0,3.1,0.877,33.04,14.5,118.0,CENTRO,16
2024-08-16 17:00:00,0.73,2.7,5.0,8.0,36.0,36.0,9.21,710.7,0.0,39.0,3.1,0.704,32.88,14.7,138.0,CENTRO,17
2024-08-16 18:00:00,0.73,2.7,5.8,8.8,36.0,37.0,9.63,710.6,0.0,39.0,3.1,0.38,32.77,13.0,133.0,CENTRO,18
2024-08-16 19:00:00,0.73,2.5,6.2,9.0,30.0,42.0,9.75,710.7,0.0,45.0,3.1,0.046,31.3,13.9,134.0,CENTRO,19
2024-08-16 20:00:00,0.75,2.4,7.2,9.8,25.0,39.0,11.11,710.7,0.0,51.0,3.2,0.006,29.68,14.7,136.0,CENTRO,20
2024-08-16 21:00:00,0.71,2.0,5.8,8.0,25.0,43.0,11.19,711.1,0.0,56.0,3.2,0.001,28.65,12.4,132.0,CENTRO,21
2024-08-16 22:00:00,0.71,1.9,4.5,6.6,25.0,42.0,11.81,711.5,0.0,59.0,3.2,0.001,28.13,12.0,134.0,CENTRO,22
2024-08-16 23:00:00,0.7,1.8,4.3,6.4,23.0,40.0,10.57,711.7,0.0,59.0,3.1,0.001,27.8,11.2,124.0,CENTRO,23
2024-08-17 00:00:00,0.7,1.8,4.1,6.1,22.0,35.0,9.81,711.8,0.0,62.0,3.1,0.001,27.21,11.7,118.0,CENTRO,0
2024-08-17 01:00:00,0.7,1.8,4.5,6.6,20.0,34.0,9.37,711.7,0.0,64.0,3.2,0.001,26.76,10.0,66.0,CENTRO,1
2024-08-17 02:00:00,0.72,8.5,11.1,19.9,11.0,33.0,10.96,711.6,0.0,69.0,3.4,0.001,25.95,8.4,27.0,CENTRO,2
2024-08-17 03:00:00,0.73,7.9,9.6,17.7,10.0,36.0,11.41,711.6,0.0,75.0,3.3,0.001,25.01,8.0,48.0,CENTRO,3
2024-08-17 04:00:00,0.71,5.9,10.5,16.7,8.0,46.0,13.37,711.5,0.0,77.0,3.2,0.001,24.6,5.7,47.0,CENTRO,4
2024-08-17 05:00:00,0.71,3.4,12.0,15.6,7.0,40.0,15.08,711.4,0.0,78.0,3.3,0.001,24.58,5.3,65.0,CENTRO,5
2024-08-17 06:00:00,0.7,9.6,13.5,23.4,5.0,38.0,17.12,711.6,0.0,78.0,3.4,0.001,24.38,4.8,61.0,CENTRO,6
2024-08-17 07:00:00,0.78,12.4,14.9,27.6,4.0,47.0,17.93,711.8,0.0,79.0,3.4,0.013,24.37,3.9,55.0,CENTRO,7
2024-08-17 08:00:00,0.78,11.6,13.2,25.2,7.0,57.0,18.42,712.1,0.0,78.0,3.5,0.106,24.72,5.7,66.0,CENTRO,8
2024-08-17 09:00:00,0.85,18.1,14.5,32.9,9.0,50.0,21.63,712.3,0.0,73.0,3.6,0.359,25.94,5.9,65.0,CENTRO,9
2024-08-17 10:00:00,0.96,15.8,15.8,31.9,14.0,50.0,24.5,712.6,0.0,66.0,3.6,0.623,27.3,7.3,21.0,CENTRO,10
2024-08-17 11:00:00,1.01,7.5,15.9,23.6,30.0,66.0,27.91,712.6,0.0,61.0,3.6,0.639,28.21,6.6,4.0,CENTRO,11
2024-08-17 12:00:00,0.92,6.3,20.0,26.6,51.0,65.0,25.85,712.5,0.0,55.0,3.4,0.923,29.77,8.9,33.0,CENTRO,12
2024-08-17 13:00:00,0.85,3.4,13.3,16.9,66.0,70.0,20.24,712.0,0.0,51.0,3.3,1.095,30.71,10.3,53.0,CENTRO,13
2024-08-17 14:00:00,0.82,2.8,7.4,10.4,45.0,59.0,14.26,711.4,0.0,45.0,3.2,1.148,32.12,14.1,61.0,CENTRO,14
2024-08-17 15:00:00,0.79,2.8,6.5,9.6,37.0,53.0,12.39,711.0,0.0,44.0,3.1,1.022,32.47,17.2,77.0,CENTRO,15
2024-08-17 16:00:00,0.75,2.5,6.0,8.7,36.0,46.0,15.13,710.8,0.0,45.0,3.2,0.559,32.31,15.2,86.0,CENTRO,16
2024-08-17 17:00:00,0.74,2.5,5.9,8.6,29.0,46.0,16.63,710.8,0.0,49.0,3.1,0.282,31.57,12.8,97.0,CENTRO,17
2024-08-17 18:00:00,0.73,2.4,5.1,7.7,29.0,42.0,13.9,710.6,0.0,46.0,3.2,0.211,31.51,14.5,100.0,CENTRO,18
2024-08-17 19:00:00,0.72,2.0,5.7,7.9,31.0,43.0,13.33,710.6,0.0,45.0,3.1,0.055,31.04,12.7,118.0,CENTRO,19
2024-08-17 20:00:00,0.76,1.8,6.2,8.2,30.0,37.0,14.63,710.9,0.0,49.0,3.2,0.005,30.25,10.6,127.0,CENTRO,20
2024-08-17 21:00:00,0.77,1.9,8.9,11.0,25.0,40.0,16.42,711.2,0.0,52.0,3.3,0.001,29.83,7.5,127.0,CENTRO,21
2024-08-17 22:00:00,0.8,1.8,7.9,9.9,25.0,36.0,16.53,711.3,0.0,52.0,3.2,0.001,29.71,7.3,107.0,CENTRO,22
2024-08-17 23:00:00,0.84,1.9,10.2,12.3,19.0,41.0,17.38,711.4,0.0,54.0,3.4,0.001,29.33,7.9,96.0,CENTRO,23
2024-08-18 00:00:00,0.82,2.1,11.0,13.3,13.0,51.0,16.0,711.6,0.0,60.0,3.3,0.001,27.95,7.5,54.0,CENTRO,0
2024-08-18 01:00:00,0.83,2.0,11.8,14.0,11.0,48.0,13.91,711.6,0.0,62.0,3.2,0.001,27.17,7.2,42.0,CENTRO,1
2024-08-18 02:00:00,0.8,6.3,11.7,18.2,9.0,43.0,11.54,711.7,0.0,67.0,3.4,0.001,25.8,7.9,25.0,CENTRO,2
2024-08-18 03:00:00,0.79,4.9,14.8,19.9,6.0,40.0,12.23,711.6,0.0,68.0,3.3,0.001,25.24,7.5,356.0,CENTRO,3
2024-08-18 04:00:00,0.79,7.4,15.5,23.2,5.0,48.0,13.11,711.6,0.0,70.0,3.4,0.001,24.87,7.3,38.0,CENTRO,4
2024-08-18 05:00:00,0.78,6.7,11.2,18.1,8.0,58.0,14.89,711.6,0.0,74.0,3.4,0.001,24.42,6.3,65.0,CENTRO,5
2024-08-18 06:00:00,0.81,5.7,13.4,19.4,5.0,52.0,14.6,711.7,0.0,77.0,3.5,0.001,24.24,3.7,16.0,CENTRO,6
2024-08-18 07:00:00,0.79,6.8,12.9,19.9,5.0,52.0,19.99,712.0,0.0,78.0,3.5,0.009,24.42,3.6,84.0,CENTRO,7
2024-08-18 08:00:00,0.95,5.9,10.0,16.2,9.0,62.0,21.48,712.3,0.0,75.0,3.5,0.112,24.97,3.8,359.0,CENTRO,8
2024-08-18 09:00:00,1.1,6.4,10.5,17.1,15.0,51.0,19.64,712.6,0.0,69.0,3.2,0.306,26.43,4.8,1.0,CENTRO,9
2024-08-18 10:00:00,1.01,7.4,13.2,20.8,23.0,48.0,22.37,712.8,0.0,64.0,3.2,0.565,27.76,5.1,25.0,CENTRO,10
2024-08-18 11:00:00,1.01,14.0,21.7,35.9,23.0,47.0,25.14,712.8,0.0,58.0,3.3,0.755,29.43,7.2,83.0,CENTRO,11
2024-08-18 12:00:00,0.91,5.2,14.6,20.0,39.0,68.0,19.75,712.6,0.0,54.0,3.3,0.654,29.53,10.1,76.0,CENTRO,12
2024-08-18 13:00:00,0.84,2.6,8.3,11.1,60.0,51.0,17.81,712.3,0.0,49.0,3.2,0.996,30.44,11.8,61.0,CENTRO,13
2024-08-18 14:00:00,0.77,2.6,5.7,8.5,46.0,46.0,13.83,711.9,0.0,41.0,3.7,1.126,31.88,14.7,48.0,CENTRO,14
2024-08-18 15:00:00,0.75,2.5,4.4,7.1,35.0,40.0,9.74,711.5,0.0,41.0,3.5,0.704,32.0,16.0,62.0,CENTRO,15
2024-08-18 16:00:00,0.74,2.4,4.7,7.3,31.0,33.0,8.83,711.2,0.0,39.0,3.4,0.251,31.69,12.6,90.0,CENTRO,16
2024-08-18 17:00:00,0.75,2.3,3.8,6.3,29.0,34.0,8.6,711.0,0.0,42.0,3.3,0.298,31.84,10.6,101.0,CENTRO,17
2024-08-18 18:00:00,0.73,2.4,5.0,7.7,25.0,32.0,9.2,711.1,0.0,43.0,3.3,0.141,31.45,10.8,104.0,CENTRO,18
2024-08-18 19:00:00,0.72,1.9,3.8,5.9,27.0,32.0,10.64,711.2,0.0,48.0,3.2,0.046,30.45,10.6,136.0,CENTRO,19
2024-08-18 20:00:00,0.78,2.0,7.4,9.6,22.0,37.0,12.91,711.1,0.0,50.0,3.3,0.002,29.7,10.3,126.0,CENTRO,20
2024-08-18 21:00:00,0.75,1.9,6.0,8.2,23.0,36.0,13.03,711.4,0.0,50.0,3.4,0.001,29.37,10.0,129.0,CENTRO,21
2024-08-18 22:00:00,0.74,1.8,5.9,8.0,22.0,40.0,11.3,712.0,0.0,49.0,3.5,0.001,29.22,9.0,110.0,CENTRO,22
2024-08-18 23:00:00,0.78,2.3,8.4,10.9,16.0,30.0,12.4,712.4,0.0,54.0,3.5,0.001,28.21,13.4,70.0,CENTRO,23
2024-08-19 00:00:00,0.73,1.9,4.9,7.1,17.0,40.0,7.87,712.4,0.0,61.0,3.1,0.001,27.3,11.7,82.0,CENTRO,0
2024-08-19 01:00:00,0.73,2.0,5.4,7.6,14.0,39.0,7.88,712.3,0.0,68.0,3.3,0.001,26.13,10.8,57.0,CENTRO,1
2024-08-19 02:00:00,0.73,1.9,5.6,7.8,12.0,33.0,7.68,712.0,0.0,72.0,3.6,0.001,25.38,8.1,50.0,CENTRO,2
2024-08-19 03:00:00,0.74,5.8,12.7,18.8,6.0,26.0,10.33,712.0,0.0,73.0,3.2,0.001,25.08,7.8,5.0,CENTRO,3
2024-08-19 04:00:00,0.75,10.5,11.7,22.5,6.0,42.0,11.69,712.1,0.0,75.0,3.7,0.001,24.58,7.0,57.0,CENTRO,4
2024-08-19 05:00:00,0.76,4.6,10.8,15.7,6.0,53.0,10.04,712.3,0.0,77.0,3.3,0.001,24.3,5.0,85.0,CENTRO,5
2024-08-19 06:00:00,0.8,9.2,13.9,23.3,4.0,50.0,12.61,712.5,0.0,77.0,3.3,0.001,24.16,3.9,52.0,CENTRO,6
2024-08-19 07:00:00,0.89,12.9,14.8,27.9,4.0,53.0,13.37,712.7,0.0,78.0,3.7,0.018,24.05,2.2,49.0,CENTRO,7
2024-08-19 08:00:00,1.04,18.1,14.6,32.9,7.0,57.0,13.44,712.8,0.0,74.0,3.6,0.145,25.26,2.4,226.0,CENTRO,8
2024-08-19 09:00:00,1.2,16.7,17.5,34.4,12.0,57.0,14.51,712.7,0.0,66.0,3.4,0.414,27.05,4.4,21.0,CENTRO,9
2024-08-19 10:00:00,1.44,28.7,30.7,59.6,15.0,57.0,20.92,712.9,0.0,63.0,3.5,0.513,27.83,8.5,27.0,CENTRO,10
2024-08-19 11:00:00,1.07,22.4,30.3,52.9,20.0,85.0,19.56,713.0,0.0,58.0,3.5,0.725,28.61,9.1,37.0,CENTRO,11
2024-08-19 12:00:00,0.96,10.5,23.6,34.2,32.0,80.0,15.65,713.1,0.0,52.0,3.6,0.683,29.92,9.3,48.0,CENTRO,12
2024-08-19 13:00:00,0.85,3.2,9.4,12.9,51.0,63.0,12.24,713.1,0.0,44.0,4.1,0.88,30.97,13.8,63.0,CENTRO,13
2024-08-19 14:00:00,0.82,3.3,7.5,11.0,39.0,55.0,12.46,713.0,0.0,46.0,4.1,0.655,30.83,16.2,67.0,CENTRO,14
2024-08-19 15:00:00,0.82,3.1,6.7,10.1,38.0,51.0,13.34,712.6,0.0,45.0,4.2,0.756,31.28,16.1,68.0,CENTRO,15
2024-08-19 16:00:00,0.79,3.0,7.0,10.3,30.0,50.0,10.69,712.4,0.0,45.0,4.7,0.268,30.78,13.5,117.0,CENTRO,16
2024-08-19 17:00:00,0.81,4.4,7.4,12.0,23.0,53.0,9.13,712.3,0.0,50.0,3.5,0.196,29.65,9.7,135.0,CENTRO,17
2024-08-19 18:00:00,0.79,3.1,7.2,10.5,23.0,52.0,9.73,712.4,0.0,50.0,3.4,0.187,29.75,10.3,131.0,CENTRO,18
2024-08-19 19:00:00,0.79,2.9,7.6,10.7,22.0,47.0,8.26,712.4,0.0,49.0,3.3,0.078,29.55,10.2,133.0,CENTRO,19
2024-08-19 20:00:00,0.78,2.2,7.3,9.7,23.0,39.0,8.15,712.4,0.0,52.0,3.4,0.004,28.77,10.3,137.0,CENTRO,20
2024-08-19 21:00:00,0.76,1.9,7.5,9.6,23.0,32.0,8.27,712.5,0.0,54.0,3.2,0.001,28.41,8.3,138.0,CENTRO,21
2024-08-19 22:00:00,0.76,1.9,7.5,9.7,22.0,34.0,8.37,712.7,0.0,54.0,3.3,0.001,28.15,8.0,135.0,CENTRO,22
2024-08-19 23:00:00,0.76,1.9,8.3,10.5,22.0,37.0,9.27,712.7,0.0,52.0,3.3,0.001,28.21,8.7,113.0,CENTRO,23
2024-08-20 00:00:00,0.79,2.0,9.1,11.3,20.0,36.0,10.76,713.0,0.0,56.0,3.4,0.001,27.49,8.1,101.0,CENTRO,0
2024-08-20 01:00:00,0.72,1.8,3.6,5.6,27.0,33.0,8.03,713.2,0.0,61.0,3.1,0.001,26.95,8.0,124.0,CENTRO,1
2024-08-20 02:00:00,0.74,1.8,4.5,6.6,24.0,34.0,8.64,713.1,0.0,62.0,3.2,0.001,26.55,7.8,89.0,CENTRO,2
2024-08-20 03:00:00,0.75,1.8,6.0,8.1,21.0,30.0,9.34,713.0,0.0,67.0,3.3,0.001,25.47,10.0,67.0,CENTRO,3
2024-08-20 04:00:00,0.77,2.9,13.9,17.0,12.0,30.0,11.52,713.0,0.0,71.0,3.3,0.001,24.65,6.0,36.0,CENTRO,4
2024-08-20 05:00:00,0.79,6.0,17.2,23.4,9.0,44.0,13.36,713.0,0.0,74.0,3.5,0.001,24.29,5.9,26.0,CENTRO,5
2024-08-20 06:00:00,0.94,2.2,16.7,19.0,8.0,54.0,13.86,713.2,0.0,76.0,3.5,0.001,23.95,3.4,36.0,CENTRO,6
2024-08-20 07:00:00,1.01,8.8,18.3,27.4,7.0,55.0,14.06,713.3,0.0,77.0,3.6,0.021,23.74,3.3,329.0,CENTRO,7
2024-08-20 08:00:00,1.07,17.6,18.7,36.6,9.0,56.0,15.24,713.8,0.0,72.0,3.6,0.177,25.07,4.4,16.0,CENTRO,8
2024-08-20 09:00:00,1.16,14.0,18.9,33.2,16.0,58.0,14.93,714.1,0.0,66.0,3.4,0.413,26.74,4.3,34.0,CENTRO,9
2024-08-20 10:00:00,1.02,9.1,17.9,27.3,27.0,57.0,14.53,714.2,0.0,59.0,3.3,0.592,28.35,4.1,14.0,CENTRO,10
2024-08-20 11:00:00,1.24,15.5,31.2,46.9,34.0,55.0,21.33,714.1,0.0,54.0,4.1,0.847,29.64,9.2,40.0,CENTRO,11
2024-08-20 12:00:00,0.94,5.7,16.7,22.7,50.0,73.0,14.01,714.1,0.0,47.0,4.2,1.066,30.7,12.3,56.0,CENTRO,12
2024-08-20 13:00:00,0.81,2.9,8.5,11.6,63.0,59.0,11.57,713.6,0.0,39.0,4.5,1.135,31.93,12.5,54.0,CENTRO,13
2024-08-20 14:00:00,0.78,2.6,7.5,10.3,64.0,50.0,13.33,713.1,0.0,37.0,7.3,1.127,32.72,14.6,73.0,CENTRO,14
2024-08-20 15:00:00,0.75,2.4,5.5,8.0,53.0,50.0,11.7,712.6,0.0,36.0,5.0,0.864,33.04,13.4,117.0,CENTRO,15
2024-08-20 16:00:00,0.75,2.4,4.6,7.3,47.0,44.0,9.38,712.1,0.0,34.0,4.1,0.818,33.53,13.3,112.0,CENTRO,16
2024-08-20 17:00:00,0.75,2.5,5.2,8.0,45.0,34.0,8.92,711.8,0.0,32.0,3.7,0.653,34.0,13.3,102.0,CENTRO,17
2024-08-20 18:00:00,0.75,2.9,7.5,10.7,42.0,32.0,9.27,711.7,0.0,31.0,3.5,0.337,33.87,14.6,91.0,CENTRO,18
2024-08-20 19:00:00,0.75,2.6,9.2,11.9,38.0,49.0,8.52,711.9,0.0,31.0,3.4,0.036,33.16,12.8,95.0,CENTRO,19
2024-08-20 20:00:00,0.77,2.1,9.6,11.9,35.0,42.0,8.78,712.3,0.0,33.0,3.3,0.003,31.96,10.7,118.0,CENTRO,20
2024-08-20 21:00:00,0.73,1.9,8.4,10.6,37.0,37.0,8.66,712.7,0.0,34.0,3.4,0.001,31.01,11.0,125.0,CENTRO,21
2024-08-20 22:00:00,0.73,2.0,9.9,12.1,35.0,36.0,8.82,713.1,0.0,33.0,3.3,0.001,30.55,10.0,125.0,CENTRO,22
2024-08-20 23:00:00,0.72,1.9,8.4,10.5,35.0,37.0,8.53,713.3,0.0,36.0,3.3,0.001,30.02,7.9,125.0,CENTRO,23
2024-08-21 00:00:00,0.72,1.9,7.7,9.8,34.0,33.0,8.7,713.4,0.0,39.0,3.3,0.001,29.53,7.0,120.0,CENTRO,0
2024-08-21 01:00:00,0.77,1.9,9.2,11.4,28.0,31.0,9.42,713.5,0.0,48.0,3.3,0.001,28.6,6.6,64.0,CENTRO,1
2024-08-21 02:00:00,0.8,8.3,15.0,23.6,16.0,37.0,13.36,713.5,0.0,59.0,3.6,0.001,26.7,6.7,28.0,CENTRO,2
2024-08-21 03:00:00,0.99,2.8,18.5,21.5,11.0,56.0,15.94,713.2,0.0,64.0,3.8,0.001,26.03,6.6,6.0,CENTRO,3
2024-08-21 04:00:00,1.13,3.2,20.3,23.7,9.0,58.0,16.03,713.0,0.0,67.0,3.7,0.001,25.68,6.4,18.0,CENTRO,4
2024-08-21 05:00:00,1.33,5.0,24.7,29.9,5.0,59.0,16.12,713.0,0.0,69.0,3.8,0.001,25.15,3.7,15.0,CENTRO,5
2024-08-21 06:00:00,1.12,4.3,23.1,27.6,5.0,57.0,14.93,713.0,0.0,72.0,3.8,0.001,24.52,1.8,270.0,CENTRO,6
2024-08-21 07:00:00,1.18,12.6,22.7,35.6,5.0,58.0,16.16,713.3,0.0,70.0,3.8,0.024,24.67,2.1,230.0,CENTRO,7
2024-08-21 08:00:00,1.08,28.6,27.1,55.9,8.0,64.0,24.55,713.6,0.0,57.0,4.9,0.169,26.61,4.2,244.0,CENTRO,8
2024-08-21 09:00:00,1.21,27.2,31.2,58.6,15.0,93.0,22.1,713.8,0.0,50.0,4.7,0.416,29.46,3.3,5.0,CENTRO,9
2024-08-21 10:00:00,1.41,15.1,31.9,47.3,29.0,85.0,20.38,714.0,0.0,49.0,4.9,0.655,30.36,5.3,17.0,CENTRO,10
2024-08-21 11:00:00,1.29,11.0,32.7,44.0,46.0,85.0,21.25,713.9,0.0,42.0,5.6,0.786,32.02,7.4,59.0,CENTRO,11
2024-08-21 12:00:00,1.07,3.7,17.3,21.2,79.0,167.0,18.41,713.6,0.0,39.0,4.4,1.03,32.65,10.7,62.0,CENTRO,12
2024-08-21 13:00:00,0.93,2.9,10.6,13.7,75.0,102.0,14.49,713.2,0.0,36.0,4.1,1.109,33.71,14.4,59.0,CENTRO,13
2024-08-21 14:00:00,0.87,2.8,8.7,11.7,72.0,69.0,13.21,712.7,0.0,33.0,4.1,1.115,34.67,14.8,86.0,CENTRO,14
2024-08-21 15:00:00,0.79,2.5,5.8,8.6,65.0,51.0,11.57,712.2,0.0,28.0,4.1,1.048,35.33,14.8,114.0,CENTRO,15
2024-08-21 16:00:00,0.76,2.6,6.1,8.9,58.0,39.0,10.79,711.7,0.0,25.0,4.0,0.896,36.03,12.9,125.0,CENTRO,16
2024-08-21 17:00:00,0.74,2.9,5.9,9.1,54.0,44.0,10.59,711.5,0.0,25.0,3.6,0.652,35.91,14.0,127.0,CENTRO,17
2024-08-21 18:00:00,0.73,2.7,6.1,9.1,49.0,44.0,10.14,711.4,0.0,25.0,3.5,0.338,35.39,14.0,117.0,CENTRO,18
2024-08-21 19:00:00,0.75,2.3,7.3,9.8,45.0,37.0,10.36,711.4,0.0,28.0,3.5,0.05,34.39,12.9,111.0,CENTRO,19
2024-08-21 20:00:00,0.79,2.1,10.0,12.4,40.0,35.0,11.54,711.6,0.0,31.0,3.5,0.004,32.97,9.7,133.0,CENTRO,20
2024-08-21 21:00:00,0.78,2.0,9.5,11.7,38.0,40.0,11.8,711.9,0.0,33.0,3.5,0.001,32.01,8.1,134.0,CENTRO,21
2024-08-21 22:00:00,0.76,2.0,8.4,10.7,36.0,37.0,12.04,712.2,0.0,34.0,3.5,0.001,31.38,7.1,129.0,CENTRO,22
2024-08-21 23:00:00,0.75,2.0,8.3,10.5,35.0,51.0,13.26,712.5,0.0,36.0,3.4,0.001,30.88,7.7,131.0,CENTRO,23
2024-08-22 00:00:00,0.71,1.9,3.4,5.5,41.0,48.0,10.0,712.5,0.0,38.0,3.4,0.001,30.4,11.2,137.0,CENTRO,0
2024-08-22 01:00:00,0.71,1.9,3.9,6.0,40.0,43.0,12.67,712.3,0.0,41.0,3.4,0.001,29.67,10.5,115.0,CENTRO,1
2024-08-22 02:00:00,0.71,1.9,5.4,7.5,36.0,46.0,10.35,712.0,0.0,43.0,3.3,0.001,29.16,6.7,112.0,CENTRO,2
2024-08-22 03:00:00,0.78,2.9,10.4,13.5,27.0,34.0,11.56,711.7,0.0,47.0,3.5,0.001,28.2,4.1,5.0,CENTRO,3
2024-08-22 04:00:00,1.35,12.2,30.7,43.1,6.0,47.0,22.56,711.8,0.0,55.0,4.6,0.001,27.25,6.2,11.0,CENTRO,4
2024-08-22 05:00:00,1.54,15.5,28.8,44.5,6.0,73.0,21.96,711.8,0.0,61.0,5.7,0.001,26.04,3.5,1.0,CENTRO,5
2024-08-22 06:00:00,1.21,11.6,26.5,38.3,6.0,71.0,19.22,711.9,0.0,63.0,4.8,0.001,25.75,3.6,46.0,CENTRO,6
2024-08-22 07:00:00,1.1,6.3,23.9,30.5,7.0,61.0,16.62,712.1,0.0,65.0,4.2,0.023,25.57,4.2,6.0,CENTRO,7
2024-08-22 08:00:00,1.05,13.1,22.4,35.7,12.0,56.0,15.34,712.5,0.0,61.0,4.2,0.173,26.94,4.7,335.0,CENTRO,8
2024-08-22 09:00:00,1.16,15.4,27.5,43.1,21.0,57.0,19.91,712.5,0.0,51.0,4.8,0.42,29.29,3.9,194.0,CENTRO,9
2024-08-22 10:00:00,1.2,17.7,35.9,53.9,29.0,83.0,22.1,712.9,0.0,44.0,5.7,0.666,30.9,6.4,24.0,CENTRO,10
2024-08-22 11:00:00,1.13,7.0,24.5,31.6,58.0,84.0,20.57,713.0,0.0,40.0,5.4,0.722,31.87,9.6,55.0,CENTRO,11
2024-08-22 12:00:00,0.89,3.6,14.1,17.9,73.0,70.0,17.52,712.8,0.0,36.0,4.9,1.026,32.87,12.6,54.0,CENTRO,12
2024-08-22 13:00:00,0.76,2.9,8.6,11.8,68.0,58.0,13.98,712.6,0.0,33.0,4.8,1.111,33.5,14.3,71.0,CENTRO,13
2024-08-22 14:00:00,0.74,2.4,5.8,8.5,64.0,51.0,12.58,712.2,0.0,31.0,4.4,1.117,34.15,12.5,108.0,CENTRO,14
2024-08-22 15:00:00,0.73,2.6,5.8,8.7,58.0,46.0,11.15,711.8,0.0,29.0,3.9,1.04,34.95,12.2,96.0,CENTRO,15
2024-08-22 16:00:00,0.72,2.6,5.7,8.5,55.0,38.0,10.21,711.2,0.0,29.0,3.6,0.883,35.23,13.1,106.0,CENTRO,16
2024-08-22 17:00:00,0.72,2.6,5.5,8.4,51.0,33.0,9.6,710.9,0.0,28.0,3.6,0.642,35.27,13.7,117.0,CENTRO,17
2024-08-22 18:00:00,0.72,2.6,6.5,9.4,49.0,36.0,9.34,710.9,0.0,28.0,3.4,0.308,34.85,13.8,110.0,CENTRO,18
2024-08-22 19:00:00,0.75,2.4,7.0,9.6,45.0,35.0,10.48,711.1,0.0,31.0,3.5,0.053,33.83,13.4,117.0,CENTRO,19
2024-08-22 20:00:00,0.75,2.0,7.7,9.9,43.0,37.0,9.98,711.3,0.0,33.0,3.5,0.004,32.74,11.2,116.0,CENTRO,20
2024-08-22 21:00:00,0.77,1.9,8.0,10.2,41.0,36.0,10.8,711.6,0.0,35.0,3.5,0.001,31.8,9.4,132.0,CENTRO,21
2024-08-22 22:00:00,0.77,1.9,7.1,9.2,40.0,37.0,11.49,711.9,0.0,38.0,3.4,0.001,30.97,8.0,133.0,CENTRO,22
2024-08-22 23:00:00,0.76,2.0,6.2,8.4,38.0,38.0,11.02,712.3,0.0,42.0,3.4,0.001,30.1,10.6,132.0,CENTRO,23
2024-08-23 00:00:00,0.75,1.8,4.7,6.8,35.0,34.0,10.06,712.5,0.0,49.0,3.3,0.001,28.72,11.9,115.0,CENTRO,0
2024-08-23 01:00:00,0.75,1.9,4.6,6.7,34.0,36.0,9.98,712.5,0.0,52.0,3.3,0.001,28.05,9.7,94.0,CENTRO,1
2024-08-23 02:00:00,0.74,1.9,6.3,8.5,31.0,39.0,10.72,712.5,0.0,53.0,3.2,0.001,27.6,8.9,85.0,CENTRO,2
2024-08-23 03:00:00,0.8,8.7,18.6,27.5,13.0,49.0,12.47,712.3,0.0,63.0,3.8,0.001,26.22,7.8,23.0,CENTRO,3
2024-08-23 04:00:00,0.79,2.2,14.5,17.0,16.0,50.0,12.21,712.2,0.0,67.0,3.8,0.001,25.44,6.9,27.0,CENTRO,4
2024-08-23 05:00:00,0.93,2.9,18.1,21.2,11.0,48.0,13.71,712.2,0.0,69.0,4.0,0.001,25.09,6.7,55.0,CENTRO,5
2024-08-23 06:00:00,0.94,2.3,17.1,19.6,10.0,55.0,12.43,712.3,0.0,71.0,3.7,0.001,24.38,2.8,195.0,CENTRO,6
2024-08-23 07:00:00,0.96,6.0,18.9,25.1,8.0,49.0,13.05,712.3,0.0,72.0,3.6,0.024,24.1,2.6,219.0,CENTRO,7
2024-08-23 08:00:00,1.08,13.3,19.9,33.5,11.0,48.0,13.41,712.5,0.0,65.0,3.9,0.179,26.12,4.5,334.0,CENTRO,8
2024-08-23 09:00:00,1.16,14.3,23.0,37.5,19.0,53.0,15.7,712.8,0.0,61.0,4.2,0.432,27.17,6.0,17.0,CENTRO,9
2024-08-23 10:00:00,1.41,21.7,32.8,54.7,21.0,73.0,22.4,713.1,0.0,56.0,5.0,0.677,28.71,7.5,52.0,CENTRO,10
2024-08-23 11:00:00,1.1,11.6,28.2,40.0,41.0,94.0,20.59,713.2,0.0,50.0,5.1,0.666,29.99,9.3,48.0,CENTRO,11
2024-08-23 12:00:00,0.98,4.6,16.5,21.4,64.0,73.0,15.88,713.1,0.0,46.0,4.4,1.052,30.63,13.5,50.0,CENTRO,12
2024-08-23 13:00:00,0.89,3.2,12.3,15.7,77.0,70.0,16.4,712.8,0.0,41.0,7.2,1.129,31.82,13.9,50.0,CENTRO,13
2024-08-23 14:00:00,0.82,3.1,9.2,12.5,60.0,78.0,13.46,712.6,0.0,36.0,9.2,1.14,32.86,15.0,61.0,CENTRO,14
2024-08-23 15:00:00,0.76,3.0,6.6,9.9,47.0,60.0,9.3,712.3,0.0,32.0,4.9,1.065,33.69,16.2,87.0,CENTRO,15
2024-08-23 16:00:00,0.75,3.3,7.0,10.6,44.0,43.0,9.27,712.0,0.0,31.0,4.0,0.902,34.11,16.4,79.0,CENTRO,16
2024-08-23 17:00:00,0.74,3.1,6.6,9.9,43.0,42.0,8.87,711.9,0.0,29.0,3.8,0.665,34.34,14.5,94.0,CENTRO,17
2024-08-23 18:00:00,0.74,3.0,7.3,10.6,41.0,40.0,8.85,711.6,0.0,28.0,3.6,0.311,34.12,14.1,102.0,CENTRO,18
2024-08-23 19:00:00,0.75,2.6,8.7,11.5,38.0,32.0,8.89,711.6,0.0,29.0,3.5,0.034,33.27,12.7,97.0,CENTRO,19
2024-08-23 20:00:00,0.75,2.2,9.4,11.8,35.0,31.0,9.7,711.7,0.0,31.0,3.5,0.003,31.99,10.2,127.0,CENTRO,20
2024-08-23 21:00:00,0.78,2.1,11.8,14.1,34.0,32.0,11.9,712.1,0.0,31.0,3.4,0.001,31.31,9.0,129.0,CENTRO,21
2024-08-23 22:00:00,0.69,2.0,6.5,8.7,35.0,32.0,10.12,712.6,0.0,34.0,3.4,0.001,31.0,12.4,125.0,CENTRO,22
2024-08-23 23:00:00,0.75,2.0,5.0,7.2,27.0,41.0,11.91,713.1,0.0,49.0,3.4,0.001,29.04,11.9,132.0,CENTRO,23
2024-08-24 00:00:00,0.77,2.0,5.9,8.0,24.0,46.0,11.48,713.2,0.0,53.0,3.3,0.001,28.12,8.8,107.0,CENTRO,0
2024-08-24 01:00:00,0.79,2.0,8.2,10.4,21.0,44.0,12.47,713.0,0.0,57.0,3.3,0.001,27.18,9.9,61.0,CENTRO,1
2024-08-24 02:00:00,0.78,1.9,6.5,8.6,22.0,45.0,12.88,712.9,0.0,64.0,3.5,0.001,25.85,10.6,53.0,CENTRO,2
2024-08-24 03:00:00,0.79,9.7,14.5,24.4,9.0,42.0,15.49,712.9,0.0,70.0,3.5,0.001,25.06,8.1,33.0,CENTRO,3
2024-08-24 04:00:00,0.83,8.6,15.4,24.2,6.0,54.0,15.15,713.0,0.0,75.0,4.1,0.001,24.31,6.8,50.0,CENTRO,4
2024-08-24 05:00:00,0.82,9.1,17.5,26.8,4.0,53.0,16.75,712.7,0.0,77.0,4.1,0.001,23.83,5.4,13.0,CENTRO,5
2024-08-24 06:00:00,1.01,4.5,17.6,22.2,5.0,59.0,18.52,712.9,0.0,77.0,4.1,0.001,23.82,5.2,8.0,CENTRO,6
2024-08-24 07:00:00,0.95,4.7,17.6,22.5,5.0,61.0,20.06,713.1,0.0,77.0,4.1,0.011,23.99,3.2,359.0,CENTRO,7
2024-08-24 08:00:00,1.03,5.9,12.6,18.7,10.0,63.0,21.46,713.5,0.0,73.0,4.0,0.132,24.74,4.1,341.0,CENTRO,8
2024-08-24 09:00:00,0.97,9.8,13.6,23.7,15.0,58.0,24.98,713.7,0.0,67.0,4.3,0.407,26.01,6.0,336.0,CENTRO,9
2024-08-24 10:00:00,0.92,7.4,14.4,22.0,27.0,64.0,23.75,713.7,0.0,59.0,3.7,0.666,28.03,5.0,55.0,CENTRO,10
2024-08-24 11:00:00,1.2,19.6,32.6,52.5,26.0,68.0,30.65,713.9,0.0,56.0,4.3,0.6,29.07,9.0,40.0,CENTRO,11
2024-08-24 12:00:00,0.99,8.3,23.0,31.5,44.0,92.0,28.44,713.9,0.0,53.0,4.7,1.019,29.58,10.3,48.0,CENTRO,12
2024-08-24 13:00:00,0.85,3.4,9.4,13.0,55.0,73.0,20.31,713.4,0.0,45.0,5.6,1.116,30.74,14.0,62.0,CENTRO,13
2024-08-24 14:00:00,0.79,2.6,7.1,9.9,58.0,63.0,23.0,712.8,0.0,39.0,9.7,1.083,31.64,16.2,68.0,CENTRO,14
2024-08-24 15:00:00,0.75,2.7,5.7,8.6,50.0,60.0,19.54,712.3,0.0,35.0,6.2,0.937,32.55,13.6,68.0,CENTRO,15
2024-08-24 16:00:00,0.73,2.7,5.8,8.7,46.0,47.0,15.32,711.6,0.0,33.0,4.5,0.637,32.78,13.9,81.0,CENTRO,16
2024-08-24 17:00:00,0.73,2.6,6.6,9.3,49.0,40.0,19.59,711.4,0.0,32.0,5.2,0.362,32.54,14.0,78.0,CENTRO,17
2024-08-24 18:00:00,0.71,2.4,6.8,9.4,50.0,42.0,18.34,711.4,0.0,31.0,6.6,0.222,32.53,13.3,87.0,CENTRO,18
2024-08-24 19:00:00,0.67,2.1,6.7,9.0,48.0,38.0,15.79,711.4,0.0,27.0,7.8,0.063,32.36,12.1,93.0,CENTRO,19
2024-08-24 20:00:00,0.69,2.0,8.8,11.0,38.0,38.0,13.85,711.7,0.0,30.0,6.3,0.002,31.71,9.1,112.0,CENTRO,20
2024-08-24 21:00:00,0.72,2.2,8.3,10.7,35.0,34.0,14.74,712.1,0.0,33.0,4.4,0.001,31.22,7.5,117.0,CENTRO,21
2024-08-24 22:00:00,0.83,3.5,14.5,18.1,18.0,47.0,19.21,712.5,0.0,44.0,4.3,0.001,29.62,16.3,68.0,CENTRO,22
2024-08-24 23:00:00,0.77,2.1,5.0,7.3,21.0,69.0,14.59,713.1,0.0,59.0,3.8,0.001,27.19,15.5,86.0,CENTRO,23
2024-08-25 00:00:00,0.81,2.1,6.1,8.5,17.0,61.0,14.06,713.3,0.0,67.0,3.4,0.001,26.17,10.6,61.0,CENTRO,0
2024-08-25 01:00:00,0.79,2.0,5.0,7.2,16.0,45.0,12.98,713.2,0.0,67.0,3.3,0.001,25.85,10.6,70.0,CENTRO,1
2024-08-25 02:00:00,0.79,1.9,5.0,7.1,16.0,40.0,12.45,713.1,0.0,68.0,3.3,0.001,25.59,6.7,60.0,CENTRO,2
2024-08-25 03:00:00,0.79,1.9,5.7,7.8,16.0,42.0,12.73,713.0,0.0,70.0,3.3,0.001,25.19,7.6,43.0,CENTRO,3
2024-08-25 04:00:00,0.77,1.9,5.2,7.4,28.09115523465704,45.0,13.11,712.8,0.0,71.0,3.2,0.001,24.74,7.6,50.0,CENTRO,4
2024-08-25 05:00:00,0.77,1.9,4.3,6.4,28.09115523465704,46.0,14.13,712.7,0.0,75.0,3.2,0.001,24.08,6.7,60.0,CENTRO,5
2024-08-25 06:00:00,0.79,3.9,10.7,14.8,9.0,49.0,16.3,712.7,0.0,77.0,3.2,0.001,23.85,5.6,65.0,CENTRO,6
2024-08-25 07:00:00,0.83,6.7,13.0,20.0,6.0,54.0,18.82,712.9,0.0,78.0,3.4,0.007,23.92,6.0,79.0,CENTRO,7
2024-08-25 08:00:00,0.85,9.2,13.9,23.3,6.0,58.0,22.46,713.4,0.0,77.0,3.7,0.069,24.23,5.4,80.0,CENTRO,8
2024-08-25 09:00:00,0.84,7.0,9.1,16.5,15.0,60.0,23.82,713.7,0.0,71.0,3.5,0.296,25.2,7.5,70.0,CENTRO,9
2024-08-25 10:00:00,0.82,5.0,8.0,13.3,23.0,54.0,23.55,714.0,0.0,66.0,3.5,0.709,26.82,8.2,63.0,CENTRO,10
2024-08-25 11:00:00,0.81,6.1,12.4,18.8,29.0,54.0,28.13,714.0,0.0,62.0,3.5,0.603,27.4,9.6,17.0,CENTRO,11
2024-08-25 12:00:00,0.83,5.5,13.0,18.7,40.0,68.0,29.8,713.9,0.0,58.0,4.3,0.945,28.55,10.6,38.0,CENTRO,12
2024-08-25 13:00:00,0.81,2.7,6.3,9.2,46.0,64.0,25.77,713.6,0.0,52.0,4.2,1.123,29.8,14.0,58.0,CENTRO,13
2024-08-25 14:00:00,0.77,2.6,4.9,7.7,39.0,61.0,24.75,713.3,0.0,47.0,5.0,0.888,30.66,15.1,69.0,CENTRO,14
2024-08-25 15:00:00,0.73,2.6,4.5,7.3,34.0,50.0,17.29,712.9,0.0,41.0,4.1,0.679,31.32,13.0,83.0,CENTRO,15
2024-08-25 16:00:00,0.72,2.4,3.7,6.3,36.0,46.0,17.57,712.4,0.0,40.0,3.8,0.642,31.84,11.3,96.0,CENTRO,16
2024-08-25 17:00:00,0.71,2.5,4.0,6.7,38.0,41.0,18.77,712.2,0.0,38.0,4.0,0.478,32.48,10.1,99.0,CENTRO,17
2024-08-25 18:00:00,0.73,2.2,5.2,7.6,36.0,44.0,17.98,712.1,0.0,38.0,5.6,0.147,31.81,13.2,72.0,CENTRO,18
2024-08-25 19:00:00,0.74,2.0,5.3,7.6,33.0,43.0,19.48,712.2,0.0,41.0,5.0,0.037,31.08,13.1,87.0,CENTRO,19
2024-08-25 20:00:00,0.79,2.1,5.7,8.0,30.0,48.0,20.22,712.6,0.0,49.0,3.9,0.003,29.33,14.0,118.0,CENTRO,20
2024-08-25 21:00:00,0.79,1.9,5.0,7.1,26.0,53.0,16.67,713.3,0.0,59.0,3.4,0.001,27.22,12.5,126.0,CENTRO,21
2024-08-25 22:00:00,0.76,1.9,3.6,5.7,28.0,54.0,15.27,713.9,0.0,60.0,3.3,0.001,26.77,13.7,121.0,CENTRO,22
2024-08-25 23:00:00,0.78,1.9,4.0,6.1,24.0,43.0,14.67,714.1,0.0,63.0,3.2,0.001,26.35,10.5,119.0,CENTRO,23
2024-08-26 00:00:00,0.76,1.8,3.3,5.4,24.0,39.0,13.98,714.0,0.0,63.0,3.2,0.001,26.39,8.8,116.0,CENTRO,0
2024-08-26 01:00:00,0.75,1.8,3.3,5.4,22.0,42.0,13.9,713.8,0.0,63.0,3.1,0.001,26.28,7.6,78.0,CENTRO,1
2024-08-26 02:00:00,0.75,1.9,3.2,5.3,20.0,45.0,14.0,713.5,0.0,68.0,3.2,0.001,25.23,10.8,63.0,CENTRO,2
2024-08-26 03:00:00,0.76,1.8,3.9,5.9,18.0,44.0,14.04,713.2,0.0,70.0,3.3,0.001,24.7,9.2,55.0,CENTRO,3
2024-08-26 04:00:00,0.77,3.9,7.0,11.1,14.0,45.0,15.1,713.0,0.0,73.0,3.3,0.001,24.09,6.7,61.0,CENTRO,4
2024-08-26 05:00:00,0.79,5.4,14.4,19.9,6.0,52.0,18.64,713.1,0.0,75.0,3.7,0.001,23.78,5.9,38.0,CENTRO,5
2024-08-26 06:00:00,0.83,5.9,14.8,20.9,6.0,59.0,17.31,713.4,0.0,76.0,3.6,0.001,23.49,4.9,82.0,CENTRO,6
2024-08-26 07:00:00,0.93,10.1,15.9,26.2,5.0,54.0,17.22,713.8,0.0,77.0,3.6,0.014,23.44,3.0,92.0,CENTRO,7
2024-08-26 08:00:00,1.23,17.5,17.0,34.7,7.0,54.0,18.54,714.3,0.0,74.0,3.9,0.101,24.23,4.5,28.0,CENTRO,8
2024-08-26 09:00:00,1.29,12.7,16.5,29.5,12.0,62.0,20.35,714.4,0.0,70.0,3.8,0.209,25.15,4.2,341.0,CENTRO,9
2024-08-26 10:00:00,1.23,13.5,20.8,34.5,17.0,62.0,29.41,714.5,0.0,63.0,4.0,0.387,26.66,5.0,10.0,CENTRO,10
2024-08-26 11:00:00,1.09,10.0,21.1,31.3,34.0,78.0,25.54,714.4,0.0,56.0,4.3,0.551,28.47,7.7,23.0,CENTRO,11
2024-08-26 12:00:00,0.92,3.7,12.4,16.3,58.0,43.49255751014885,20.37,714.2,0.0,50.0,4.4,0.992,29.63,10.0,68.0,CENTRO,12
2024-08-26 13:00:00,0.85,2.9,9.9,13.1,62.0,292.0,21.62,713.8,0.0,47.0,4.6,1.133,30.52,12.9,54.0,CENTRO,13
2024-08-26 14:00:00,0.8,2.9,6.9,10.0,48.0,64.0,21.07,713.2,0.0,42.0,5.1,0.945,31.22,14.4,61.0,CENTRO,14
2024-08-26 15:00:00,0.78,2.9,5.9,9.0,39.0,56.0,15.18,712.5,0.0,39.0,4.1,0.584,31.32,14.4,75.0,CENTRO,15
2024-08-26 16:00:00,0.77,2.9,6.8,9.9,41.0,49.0,14.17,712.2,0.0,37.0,3.8,0.397,31.56,13.6,70.0,CENTRO,16
2024-08-26 17:00:00,0.77,2.7,7.3,10.2,44.0,43.0,15.65,712.1,0.0,35.0,4.7,0.385,32.03,11.9,91.0,CENTRO,17
2024-08-26 18:00:00,0.78,2.8,8.4,11.4,39.0,46.0,14.34,712.1,0.0,36.0,5.2,0.152,31.67,10.9,116.0,CENTRO,18
2024-08-26 19:00:00,0.81,2.4,8.1,10.6,32.0,45.0,13.27,712.1,0.0,41.0,3.8,0.05,30.71,9.5,136.0,CENTRO,19
2024-08-26 20:00:00,0.84,2.1,11.3,13.6,27.0,39.0,13.23,712.3,0.0,43.0,3.6,0.003,29.47,8.2,124.0,CENTRO,20
2024-08-26 21:00:00,0.82,2.0,10.3,12.4,27.0,40.0,13.47,712.6,0.0,45.0,3.5,0.001,28.82,8.5,114.0,CENTRO,21
2024-08-26 22:00:00,0.8,2.1,9.5,11.8,27.0,38.0,13.36,713.0,0.0,52.0,3.4,0.001,28.21,12.3,83.0,CENTRO,22
2024-08-26 23:00:00,0.79,2.3,6.3,8.8,22.0,60.0,11.72,713.2,0.0,59.0,3.5,0.001,27.18,13.7,74.0,CENTRO,23
2024-08-27 00:00:00,0.79,1.9,5.9,8.0,19.0,51.0,9.72,713.4,0.0,66.0,3.4,0.001,26.05,14.1,73.0,CENTRO,0
2024-08-27 01:00:00,0.79,1.9,5.6,7.7,17.0,44.0,10.4,713.4,0.0,69.0,3.5,0.001,25.61,9.4,56.0,CENTRO,1
2024-08-27 02:00:00,0.79,1.9,4.8,6.9,18.0,40.0,11.35,713.0,0.0,68.0,3.6,0.001,25.32,7.3,49.0,CENTRO,2
2024-08-27 03:00:00,0.78,1.8,3.8,5.9,20.0,39.0,12.42,712.9,0.0,70.0,3.4,0.001,24.73,8.3,63.0,CENTRO,3
2024-08-27 04:00:00,0.76,1.8,4.5,6.5,19.0,32.0,12.66,712.7,0.0,71.0,3.2,0.001,24.48,5.5,54.0,CENTRO,4
2024-08-27 05:00:00,0.76,1.9,5.0,7.1,16.0,33.0,12.15,712.6,0.0,73.0,3.2,0.001,24.03,2.3,9.0,CENTRO,5
2024-08-27 06:00:00,0.83,2.8,14.8,17.8,7.0,36.0,16.87,712.9,0.0,74.0,3.4,0.001,24.05,3.3,27.0,CENTRO,6
2024-08-27 07:00:00,0.91,7.1,13.9,21.2,7.0,58.0,15.36,713.0,0.0,77.0,3.4,0.012,23.64,1.9,222.0,CENTRO,7
2024-08-27 08:00:00,0.97,12.4,13.9,26.6,7.0,60.0,15.59,713.2,0.0,75.0,3.5,0.095,24.61,3.9,29.0,CENTRO,8
2024-08-27 09:00:00,1.07,12.9,15.0,28.2,11.0,51.0,18.45,713.3,0.0,66.0,3.5,0.365,26.52,3.1,15.0,CENTRO,9
2024-08-27 10:00:00,1.04,9.4,15.9,25.5,16.0,57.0,23.33,713.5,0.0,65.0,3.5,0.248,26.52,4.4,353.0,CENTRO,10
2024-08-27 11:00:00,1.2,17.0,25.5,42.6,23.0,61.0,34.05,713.6,0.0,57.0,4.2,0.464,28.61,7.0,49.0,CENTRO,11
2024-08-27 12:00:00,1.05,4.4,15.5,20.2,58.0,73.0,26.45,713.3,0.0,51.0,4.2,1.048,29.97,9.8,63.0,CENTRO,12
2024-08-27 13:00:00,0.91,3.0,10.0,13.3,61.0,75.0,22.99,712.8,0.0,46.0,4.2,0.97,30.84,12.6,64.0,CENTRO,13
2024-08-27 14:00:00,0.84,3.2,8.2,11.7,44.0,62.0,21.88,712.2,0.0,42.0,5.9,0.802,31.49,14.7,72.0,CENTRO,14
2024-08-27 15:00:00,0.8,3.1,6.1,9.5,38.0,53.0,14.17,711.7,0.0,38.0,5.0,0.925,32.48,12.4,97.0,CENTRO,15
2024-08-27 16:00:00,0.84,3.2,9.1,12.5,34.0,41.0,14.27,711.6,0.0,43.0,3.9,0.192,31.0,14.5,44.0,CENTRO,16
2024-08-27 17:00:00,0.88,2.9,7.9,11.0,28.0,66.0,16.33,712.1,1.04,72.0,3.3,0.043,24.48,18.4,24.0,CENTRO,17
2024-08-27 18:00:00,0.9,3.5,8.9,12.7,26.0,58.0,10.25,712.5,0.19,83.0,3.1,0.157,22.17,5.9,179.0,CENTRO,18
2024-08-27 19:00:00,1.14,6.8,16.7,23.8,12.0,41.0,10.37,711.8,0.0,71.0,3.4,0.053,25.54,2.3,273.0,CENTRO,19
2024-08-27 20:00:00,0.97,3.3,12.5,16.1,17.0,29.0,10.72,711.9,0.0,62.0,3.3,0.002,25.75,7.0,121.0,CENTRO,20
2024-08-27 21:00:00,0.97,2.8,13.9,16.9,16.0,36.0,11.17,712.5,0.0,63.0,3.2,0.001,25.49,7.7,93.0,CENTRO,21
2024-08-27 22:00:00,1.01,9.0,21.9,31.2,6.0,44.0,15.97,713.0,0.0,73.0,3.5,0.001,24.46,5.0,21.0,CENTRO,22
2024-08-27 23:00:00,1.08,12.7,20.8,33.7,6.0,54.0,17.13,713.0,0.0,74.0,4.0,0.001,24.16,4.7,27.0,CENTRO,23
2024-08-28 00:00:00,0.91,4.9,14.1,19.2,7.0,47.0,10.35,713.3,0.0,73.0,3.3,0.001,23.75,2.3,319.0,CENTRO,0
2024-08-28 01:00:00,0.89,2.6,12.9,15.8,11.0,39.0,10.66,713.2,0.0,71.0,3.2,0.001,23.89,4.7,9.0,CENTRO,1
2024-08-28 02:00:00,0.88,3.8,14.7,18.7,10.0,40.0,12.36,712.8,0.0,73.0,3.4,0.001,23.59,3.6,35.0,CENTRO,2
2024-08-28 03:00:00,0.89,2.2,14.9,17.3,12.0,52.0,16.8,712.6,0.0,76.0,3.4,0.001,23.23,6.1,48.0,CENTRO,3
2024-08-28 04:00:00,0.84,3.0,15.7,18.9,10.0,47.0,16.14,712.4,0.0,77.0,3.6,0.001,22.86,4.8,14.0,CENTRO,4
2024-08-28 05:00:00,0.8,2.7,10.0,12.9,12.0,51.0,12.74,712.5,0.0,79.0,3.3,0.001,22.69,2.9,47.0,CENTRO,5
2024-08-28 06:00:00,0.79,2.7,9.9,12.8,12.0,42.0,11.61,712.6,0.0,78.0,3.3,0.001,22.97,3.2,12.0,CENTRO,6
2024-08-28 07:00:00,0.86,6.1,15.3,21.7,6.0,45.0,14.77,712.7,0.0,79.0,3.4,0.013,23.03,1.9,255.0,CENTRO,7
2024-08-28 08:00:00,0.97,11.7,14.4,26.4,9.0,47.0,15.54,712.9,0.0,76.0,3.7,0.141,24.0,3.5,33.0,CENTRO,8
2024-08-28 09:00:00,1.04,12.1,15.6,28.0,13.0,44.0,20.33,713.0,0.0,68.0,3.5,0.333,25.62,3.9,277.0,CENTRO,9
2024-08-28 10:00:00,1.09,11.8,18.2,30.2,22.0,65.0,25.33,713.2,0.0,60.0,3.5,0.7,27.7,4.5,12.0,CENTRO,10
2024-08-28 11:00:00,1.13,8.7,21.8,30.8,37.0,62.0,26.35,713.2,0.0,56.0,3.8,0.44,28.51,6.0,1.0,CENTRO,11
2024-08-28 12:00:00,1.05,5.3,16.4,21.9,52.0,70.0,21.38,713.1,0.0,53.0,3.6,1.042,29.45,9.7,64.0,CENTRO,12
2024-08-28 13:00:00,0.88,3.2,7.8,11.3,45.0,53.0,11.31,712.5,0.0,52.0,3.4,1.079,29.83,11.9,53.0,CENTRO,13
2024-08-28 14:00:00,0.85,3.5,7.0,10.8,37.0,36.0,9.38,711.8,0.0,47.0,3.4,0.971,30.55,14.7,67.0,CENTRO,14
2024-08-28 15:00:00,0.8,3.1,6.3,9.6,36.0,31.0,8.68,711.3,0.0,43.0,3.4,0.689,30.87,10.4,86.0,CENTRO,15
2024-08-28 16:00:00,0.79,2.7,5.0,7.9,40.0,28.0,9.13,710.6,0.0,43.0,3.3,0.909,31.82,10.2,121.0,CENTRO,16
2024-08-28 17:00:00,0.81,2.7,6.2,9.1,40.0,34.0,9.21,710.5,0.0,42.0,3.2,0.429,32.0,9.6,119.0,CENTRO,17
2024-08-28 18:00:00,0.82,2.8,6.9,10.0,37.0,40.0,9.78,710.5,0.0,45.0,3.2,0.261,31.26,12.5,131.0,CENTRO,18
2024-08-28 19:00:00,0.86,3.0,9.7,12.9,27.0,42.0,8.39,711.1,0.0,55.0,3.2,0.056,28.6,17.3,95.0,CENTRO,19
2024-08-28 20:00:00,0.83,2.4,6.8,9.4,23.0,45.0,5.74,711.9,0.0,64.0,3.1,0.002,26.37,15.0,107.0,CENTRO,20
2024-08-28 21:00:00,0.8,2.2,5.8,8.2,23.0,35.0,5.38,712.2,0.0,68.0,3.1,0.001,25.26,11.4,129.0,CENTRO,21
2024-08-28 22:00:00,0.85,2.4,7.0,9.7,21.0,32.0,5.54,711.8,0.0,71.0,3.1,0.001,25.03,11.0,79.0,CENTRO,22
2024-08-28 23:00:00,0.92,3.2,17.4,20.8,13.0,30.0,7.84,712.3,0.0,69.0,3.4,0.001,24.96,7.8,37.0,CENTRO,23
2024-08-29 00:00:00,0.91,2.4,17.3,19.9,11.0,36.0,8.06,712.5,0.0,76.0,3.3,0.001,23.82,8.9,49.0,CENTRO,0
2024-08-29 01:00:00,0.85,2.1,8.9,11.2,18.0,33.0,7.14,712.3,0.0,74.0,3.2,0.001,23.9,8.2,73.0,CENTRO,1
2024-08-29 02:00:00,0.75,1.9,2.9,5.1,29.0,28.0,4.62,712.1,0.0,69.0,3.1,0.001,24.0,9.3,115.0,CENTRO,2
2024-08-29 03:00:00,0.74,1.9,3.0,5.1,28.0,29.0,4.46,711.7,0.0,70.0,3.1,0.001,23.95,5.5,74.0,CENTRO,3
2024-08-29 04:00:00,0.74,1.9,3.7,5.8,25.0,26.0,4.78,711.4,0.0,71.0,3.1,0.001,23.62,4.7,123.0,CENTRO,4
2024-08-29 05:00:00,0.77,2.0,6.0,8.3,19.0,25.0,5.54,711.5,0.0,73.0,3.1,0.001,23.13,3.1,171.0,CENTRO,5
2024-08-29 06:00:00,0.78,2.1,7.8,10.1,17.0,26.0,5.86,711.7,0.0,74.0,3.1,0.001,23.14,3.1,90.0,CENTRO,6
2024-08-29 07:00:00,0.86,2.9,13.6,16.6,10.0,31.0,6.37,712.2,0.0,75.0,3.1,0.007,23.35,2.7,103.0,CENTRO,7
2024-08-29 08:00:00,0.92,10.7,17.6,28.6,9.0,31.0,8.34,712.5,0.0,72.0,3.3,0.098,24.09,2.4,360.0,CENTRO,8
2024-08-29 09:00:00,1.03,15.7,18.1,34.1,12.0,39.0,9.52,712.6,0.0,66.0,3.3,0.318,25.62,4.7,18.0,CENTRO,9
2024-08-29 10:00:00,1.06,14.3,20.9,35.5,15.0,47.0,16.45,712.9,0.0,66.0,3.5,0.317,25.78,6.1,11.0,CENTRO,10
2024-08-29 11:00:00,1.11,13.4,21.7,35.3,23.0,61.0,27.4,712.9,0.0,62.0,3.9,0.545,27.28,7.4,21.0,CENTRO,11
2024-08-29 12:00:00,1.13,7.2,18.1,25.5,37.0,76.0,25.13,712.7,0.0,57.0,3.9,0.717,28.2,7.3,358.0,CENTRO,12
2024-08-29 13:00:00,1.07,4.3,16.7,21.1,60.0,67.0,27.01,712.3,0.0,51.0,3.8,0.859,29.4,6.5,22.0,CENTRO,13
2024-08-29 14:00:00,0.96,2.9,13.3,16.4,78.0,64.0,21.38,711.6,0.0,47.0,3.8,0.997,30.41,7.9,60.0,CENTRO,14
2024-08-29 15:00:00,0.93,2.5,11.8,14.4,92.0,62.0,23.75,711.1,0.0,45.0,4.1,0.904,31.15,9.4,64.0,CENTRO,15
2024-08-29 16:00:00,0.89,2.3,10.2,12.7,85.0,63.0,26.94,710.7,0.0,43.0,4.4,0.56,31.22,10.7,83.0,CENTRO,16
2024-08-29 17:00:00,0.9,2.4,9.1,11.7,74.0,65.0,26.14,710.4,0.0,46.0,4.1,0.504,31.31,10.7,142.0,CENTRO,17
2024-08-29 18:00:00,0.88,2.3,8.5,11.0,63.0,57.0,27.09,710.4,0.0,46.0,4.2,0.234,31.07,11.9,130.0,CENTRO,18
2024-08-29 19:00:00,0.87,2.1,9.4,11.7,56.0,58.0,26.92,710.2,0.0,47.0,4.2,0.038,30.13,10.5,127.0,CENTRO,19
2024-08-29 20:00:00,0.9,1.9,10.5,12.6,51.0,55.0,25.72,710.6,0.0,49.0,4.0,0.002,29.17,8.6,108.0,CENTRO,20
2024-08-29 21:00:00,0.88,1.9,9.9,12.0,47.0,52.0,22.14,711.0,0.0,51.0,3.9,0.001,28.85,7.2,100.0,CENTRO,21
2024-08-29 22:00:00,0.86,1.9,10.4,12.4,42.0,45.0,19.23,711.4,0.0,50.0,3.8,0.001,28.63,5.0,88.0,CENTRO,22
2024-08-29 23:00:00,0.94,2.8,18.4,21.3,26.0,42.0,16.15,711.7,0.0,57.0,3.6,0.001,27.9,8.9,54.0,CENTRO,23
2024-08-30 00:00:00,0.9,2.0,12.6,14.7,23.0,47.0,14.53,711.8,0.0,65.0,3.5,0.001,26.43,9.5,46.0,CENTRO,0
2024-08-30 01:00:00,0.86,1.9,8.1,10.2,26.0,43.0,9.96,711.6,0.0,67.0,3.4,0.001,25.86,5.7,42.0,CENTRO,1
2024-08-30 02:00:00,0.88,2.6,16.5,19.3,15.0,36.0,12.11,711.4,0.0,70.0,3.5,0.001,25.32,6.3,21.0,CENTRO,2
2024-08-30 03:00:00,0.87,2.5,18.6,21.2,11.0,45.0,11.86,711.1,0.0,73.0,3.4,0.001,24.81,4.3,47.0,CENTRO,3
2024-08-30 04:00:00,0.96,2.3,18.6,21.0,9.0,47.0,11.18,710.8,0.0,75.0,3.5,0.001,24.44,2.6,352.0,CENTRO,4
2024-08-30 05:00:00,1.03,2.1,15.9,18.1,10.0,50.0,10.21,711.0,0.0,76.0,3.5,0.001,24.17,1.9,320.0,CENTRO,5
2024-08-30 06:00:00,1.01,2.5,18.6,21.3,7.0,45.0,10.27,711.1,0.0,77.0,3.4,0.001,23.9,2.0,312.0,CENTRO,6
2024-08-30 07:00:00,0.99,10.8,20.4,31.5,5.0,42.0,11.45,711.5,0.0,77.0,3.5,0.017,24.08,1.9,314.0,CENTRO,7
2024-08-30 08:00:00,1.1,15.9,20.2,36.4,8.0,50.0,12.23,711.6,0.0,71.0,3.4,0.159,25.6,3.5,329.0,CENTRO,8
2024-08-30 09:00:00,1.22,17.2,23.4,40.8,14.0,54.0,15.89,711.8,0.0,65.0,3.5,0.408,26.85,5.4,359.0,CENTRO,9
2024-08-30 10:00:00,1.14,8.9,19.6,28.7,32.0,84.0,19.21,712.1,0.0,56.0,3.3,0.672,29.04,5.4,6.0,CENTRO,10
2024-08-30 11:00:00,1.29,6.8,20.7,27.8,45.0,102.0,23.31,712.3,0.0,50.0,3.7,0.358,30.63,5.5,7.0,CENTRO,11
2024-08-30 12:00:00,1.12,3.5,14.4,18.1,69.0,100.0,20.27,712.0,0.0,45.0,4.0,1.016,32.11,5.7,91.0,CENTRO,12
2024-08-30 13:00:00,1.03,3.3,13.3,16.8,73.0,80.0,16.77,711.6,0.0,41.0,3.9,1.011,32.65,9.1,41.0,CENTRO,13
2024-08-30 14:00:00,0.92,3.0,11.5,14.6,75.0,64.0,12.88,711.0,0.0,36.0,4.1,0.912,33.52,9.1,51.0,CENTRO,14
2024-08-30 15:00:00,0.87,2.6,10.1,12.9,77.0,52.0,11.31,710.4,0.0,35.0,4.0,0.864,34.12,10.1,61.0,CENTRO,15
2024-08-30 16:00:00,0.86,2.6,9.1,11.9,64.0,48.0,10.24,709.9,0.0,36.0,3.7,0.582,33.93,12.9,68.0,CENTRO,16
2024-08-30 17:00:00,0.88,2.6,9.2,12.1,54.0,46.0,9.2,709.7,0.0,37.0,3.5,0.31,33.51,12.2,77.0,CENTRO,17
2024-08-30 18:00:00,0.89,2.6,9.2,12.0,40.0,44.0,9.61,709.9,0.0,44.0,3.7,0.059,31.66,11.4,140.0,CENTRO,18
2024-08-30 19:00:00,0.94,2.8,12.5,15.6,31.0,42.0,8.83,710.4,0.0,63.0,3.5,0.02,27.65,11.0,314.0,CENTRO,19
2024-08-30 20:00:00,0.91,2.1,9.4,11.6,34.0,46.0,8.35,711.3,0.11,75.0,3.3,0.001,23.9,10.9,159.0,CENTRO,20
2024-08-30 21:00:00,0.97,2.1,14.4,16.6,26.0,33.0,6.27,711.8,0.03,79.0,3.2,0.001,23.66,5.4,10.0,CENTRO,21
2024-08-30 22:00:00,1.07,2.1,17.1,19.3,19.0,34.0,8.59,712.2,0.0,78.0,3.2,0.001,24.41,5.3,62.0,CENTRO,22
2024-08-30 23:00:00,0.96,3.6,16.0,19.9,18.0,15.0,8.88,712.4,0.0,76.0,3.3,0.001,25.03,6.9,24.0,CENTRO,23
2024-08-31 00:00:00,0.98,2.7,21.0,23.8,12.0,31.0,11.36,712.3,0.0,77.0,3.4,0.001,24.89,4.2,127.0,CENTRO,0
2024-08-31 01:00:00,0.95,2.0,11.0,13.2,15.0,31.0,8.88,712.0,0.0,76.0,3.2,0.001,24.64,2.4,87.0,CENTRO,1
2024-08-31 02:00:00,0.94,2.1,10.7,13.0,15.0,30.0,8.89,711.6,0.0,77.0,3.2,0.001,24.47,2.6,131.0,CENTRO,2
2024-08-31 03:00:00,0.95,2.1,12.2,14.5,14.0,33.0,9.59,711.5,0.0,78.0,3.2,0.001,24.53,2.9,75.0,CENTRO,3
2024-08-31 04:00:00,0.93,2.4,18.8,21.3,9.0,36.0,15.54,711.6,0.0,78.0,3.3,0.001,24.72,3.9,33.0,CENTRO,4
2024-08-31 05:00:00,0.91,2.2,16.5,18.8,9.0,51.0,14.69,711.6,0.0,78.0,3.4,0.001,24.58,1.9,226.0,CENTRO,5
2024-08-31 06:00:00,0.96,2.8,19.9,23.0,6.0,47.0,17.65,711.6,0.0,78.0,3.4,0.001,24.65,2.4,252.0,CENTRO,6
2024-08-31 07:00:00,0.97,4.3,19.7,24.3,5.0,47.0,15.53,711.9,0.0,79.0,3.3,0.014,24.63,4.1,301.0,CENTRO,7
2024-08-31 08:00:00,1.02,10.1,17.9,28.2,7.0,48.0,18.2,712.3,0.0,76.0,3.4,0.097,25.33,2.9,331.0,CENTRO,8
2024-08-31 09:00:00,1.07,9.6,17.5,27.4,12.0,53.0,24.72,712.6,0.0,70.0,3.4,0.224,26.67,2.9,41.0,CENTRO,9
2024-08-31 10:00:00,1.05,6.8,15.3,22.3,19.0,79.0,25.83,712.7,0.0,68.0,3.3,0.266,26.91,3.9,14.0,CENTRO,10
2024-08-31 11:00:00,1.05,6.2,13.5,19.9,30.0,76.0,18.0,712.5,0.0,60.0,3.4,0.305,28.68,4.6,357.0,CENTRO,11
2024-08-31 12:00:00,1.09,5.2,14.6,20.0,39.0,67.0,18.32,712.1,0.0,58.0,3.4,0.639,29.17,8.1,34.0,CENTRO,12
2024-08-31 13:00:00,0.93,3.5,9.8,13.6,46.0,66.0,15.01,711.5,0.0,52.0,3.3,0.775,30.56,6.7,44.0,CENTRO,13
2024-08-31 14:00:00,0.99,5.6,17.8,23.6,26.0,52.0,13.62,711.4,0.03,66.0,3.4,0.121,27.09,12.3,18.0,CENTRO,14
2024-08-31 15:00:00,1.0,6.9,22.7,29.8,19.0,54.0,10.08,711.3,0.01,78.0,3.4,0.109,24.16,5.4,314.0,CENTRO,15
2024-08-31 16:00:00,1.07,5.4,16.2,21.9,25.0,41.0,9.68,710.7,0.0,69.0,3.4,0.372,26.44,5.3,226.0,CENTRO,16
2024-08-31 17:00:00,0.99,3.1,11.1,14.5,30.0,29.0,8.58,710.2,0.0,62.0,3.3,0.191,27.34,6.5,108.0,CENTRO,17
2024-08-31 18:00:00,0.93,2.8,9.9,12.9,32.0,31.0,8.5,710.1,0.0,60.0,3.3,0.165,27.47,6.0,75.0,CENTRO,18
2024-08-31 19:00:00,1.0,2.2,11.3,13.7,28.0,33.0,11.4,710.4,0.0,61.0,3.3,0.065,27.36,7.2,121.0,CENTRO,19
2024-08-31 20:00:00,1.09,2.1,17.7,19.9,16.0,35.0,11.67,710.8,0.0,66.0,3.3,0.001,26.61,4.6,102.0,CENTRO,20
2024-08-31 21:00:00,1.12,2.7,18.7,21.5,10.0,43.0,12.21,711.0,0.0,68.0,3.4,0.001,26.25,1.9,308.0,CENTRO,21
2024-08-31 22:00:00,1.11,2.8,15.0,17.9,13.0,47.0,12.02,711.4,0.0,65.0,3.3,0.001,26.54,3.2,75.0,CENTRO,22
2024-08-31 23:00:00,1.15,2.4,17.6,20.1,12.0,36.0,13.86,711.6,0.0,65.0,3.3,0.001,26.26,3.8,86.0,CENTRO,23
