CO,O3,NO,NO2,PM2.5,NOX,PM10,SO2,WSR,WDR,Zona,Hora
3.22,19.0,3.2,6.5,60.91,9.8,86.34,2.9,3.7,2.0,CENTRO,0
3.22,19.0,3.2,6.5,85.64,9.8,112.01,2.9,3.7,2.0,CENTRO,1
3.22,18.0,3.2,5.6,72.39,8.8,100.01,2.9,1.9,144.0,CENTRO,2
3.22,14.0,3.2,7.2,70.25,10.4,106.2,2.9,2.7,28.0,CENTRO,3
3.26,5.0,4.7,10.6,93.72,15.3,141.86,3.3,2.0,31.0,CENTRO,4
3.26,3.0,5.0,10.1,83.93,15.1,122.24,3.2,1.7,10.0,CENTRO,5
3.25,4.0,4.2,9.5,77.28,13.7,113.71,2.9,1.7,250.0,CENTRO,6
3.28,5.0,4.0,8.6,67.04,12.5,107.02,2.7,1.6,262.0,CENTRO,7
3.36,4.0,6.0,8.5,64.77,14.5,102.32,2.7,2.1,330.0,CENTRO,8
3.4,6.0,6.1,7.9,62.11,14.0,98.27,2.6,1.6,247.0,CENTRO,9
3.26,8.0,5.5,6.2,51.71,11.6,79.95,2.7,3.3,238.0,CENTRO,10
3.22,9.0,5.7,5.5,41.35,11.2,61.68,2.7,3.2,233.0,CENTRO,11
3.24,10.0,5.6,5.6,34.82,11.2,59.14,2.6,2.3,234.0,CENTRO,12
3.19,12.0,5.7,6.1,26.95,11.8,51.42,2.7,2.5,252.0,CENTRO,13
3.1,21.0,4.4,5.7,16.66,10.1,31.58,2.7,3.1,255.0,CENTRO,14
2.96,26.0,3.5,4.5,7.49,7.9,25.22,2.6,4.1,240.0,CENTRO,15
3.01,22.0,3.7,5.7,7.82,9.3,23.66,2.5,3.2,232.0,CENTRO,16
2.92,30.0,3.1,3.8,4.86,7.0,14.24,2.5,4.5,238.0,CENTRO,17
2.93,30.0,3.1,3.9,4.62,7.1,12.15,2.4,3.2,259.0,CENTRO,18
3.12,17.0,3.3,8.6,14.52,11.9,26.13,2.4,1.5,231.0,CENTRO,19
3.0,23.0,3.1,6.0,8.46,9.1,18.81,2.5,2.2,238.0,CENTRO,20
2.93,27.0,3.1,4.6,4.86,7.7,23.64,2.4,1.1,204.0,CENTRO,21
2.94,25.0,3.1,5.4,4.52,8.6,17.48,2.3,1.2,164.0,CENTRO,22
3.02,18.0,3.1,7.0,6.04,10.2,27.1,2.3,1.1,235.0,CENTRO,23
2.94,22.0,3.2,5.5,4.68,8.7,17.8,2.3,1.4,263.0,CENTRO,0
2.91,27.0,3.2,4.8,5.37,8.1,21.57,2.3,3.1,239.0,CENTRO,1
2.88,25.0,3.0,4.5,6.98,7.6,30.53,2.4,3.2,239.0,CENTRO,2
2.85,24.0,3.0,4.7,5.7,7.8,31.43,2.5,3.9,258.0,CENTRO,3
2.86,23.0,3.0,4.8,6.96,7.9,25.71,2.4,2.4,235.0,CENTRO,4
2.81,32.0,3.1,2.7,4.37,5.7,27.33,2.4,4.0,246.0,CENTRO,5
2.87,23.0,3.1,5.2,9.28,8.3,31.54,2.6,3.4,227.0,CENTRO,6
2.96,15.0,4.1,7.8,10.15,12.0,32.44,2.6,1.9,263.0,CENTRO,7
3.25,10.0,9.7,10.1,9.87,19.8,29.979999999999997,2.6500000000000004,3.3,244.0,CENTRO,8
3.48,8.0,17.8,11.3,9.59,29.1,27.52,2.7,2.7,194.0,CENTRO,9
3.38,10.0,11.9,10.7,9.76,22.6,30.65,3.0,5.2,186.0,CENTRO,10
3.19,20.0,9.1,7.8,7.8,16.9,38.82,3.2,5.8,183.0,CENTRO,11
3.1,28.0,6.3,5.9,5.98,12.2,36.36,2.6,9.8,134.0,CENTRO,12
3.09,30.0,5.6,5.8,4.93,11.3,23.08,2.4,6.5,106.0,CENTRO,13
3.11,34.0,5.8,7.8,5.95,13.5,31.28,2.3,4.8,8.0,CENTRO,14
3.23,33.0,6.9,9.9,10.05,16.9,42.78,3.9,6.5,76.0,CENTRO,15
3.21,27.0,6.3,11.2,11.49,17.4,46.21,5.5,7.4,63.0,CENTRO,16
3.28,26.0,5.8,10.2,9.46,16.0,44.68,2.9,3.4,157.0,CENTRO,17
3.51,13.0,7.0,14.3,11.01,21.3,47.64,3.4,1.5,244.0,CENTRO,18
4.16,5.0,24.5,16.9,15.51,41.3,69.75,3.4,1.8,240.0,CENTRO,19
3.89,5.0,17.5,15.5,12.68,33.0,60.56,3.0,1.7,229.0,CENTRO,20
3.74,5.0,13.8,14.5,12.33,28.2,49.39,2.7,1.1,292.0,CENTRO,21
3.38,7.0,6.6,14.3,11.29,20.8,37.84,2.6,2.3,271.0,CENTRO,22
3.8,8.0,21.6,15.3,23.02,36.9,65.8,3.4,3.2,239.0,CENTRO,23
3.32,8.0,7.7,14.5,18.51,22.1,57.49,3.8,5.7,241.0,CENTRO,0
3.2,8.0,10.1,14.8,18.2,24.9,66.11,5.5,5.4,236.0,CENTRO,1
3.3,7.0,12.8,15.1,23.1,27.8,75.53,4.5,4.1,219.0,CENTRO,2
3.0,16.0,3.2,9.4,13.64,12.6,48.84,3.5,1.9,217.0,CENTRO,3
2.97,16.0,3.1,9.1,12.81,12.2,51.72,3.4,2.8,259.0,CENTRO,4
2.94,19.0,3.1,9.0,12.01,12.1,41.85,4.0,4.6,170.0,CENTRO,5
2.89,15.0,3.2,10.9,10.11,14.2,37.2,5.7,4.6,159.0,CENTRO,6
2.99,11.0,4.2,12.9,7.66,17.1,37.43,4.3,4.1,174.0,CENTRO,7
3.12,11.0,8.5,13.7,7.58,22.2,39.62,4.2,5.9,191.0,CENTRO,8
2.86,40.0,4.2,3.8,4.11,8.0,27.23,3.7,9.0,280.0,CENTRO,9
2.84,42.0,3.9,3.1,3.7,6.9,29.3,3.5,11.1,293.0,CENTRO,10
2.82,44.0,3.9,2.4,4.1,6.2,32.31,3.5,12.8,290.0,CENTRO,11
2.82,44.0,3.9,2.0,4.53,5.8,38.83,3.4,15.7,291.0,CENTRO,12
2.8,46.0,3.5,1.5,5.56,5.0,44.25,3.3,18.2,280.0,CENTRO,13
2.81,49.0,3.7,1.5,5.67,5.2,38.15,3.3,18.2,279.0,CENTRO,14
2.8,51.0,3.6,1.8,5.66,5.4,43.85,3.2,19.0,274.0,CENTRO,15
2.8,51.0,3.5,1.9,4.51,5.5,29.89,3.2,16.8,279.0,CENTRO,16
2.84,49.0,3.9,2.5,3.96,6.5,32.28,3.1,14.5,280.0,CENTRO,17
2.81,48.0,3.3,3.2,3.86,6.6,21.62,3.2,13.4,279.0,CENTRO,18
2.82,46.0,3.4,3.2,3.57,6.6,23.93,3.0,8.8,287.0,CENTRO,19
2.78,47.0,3.1,2.7,3.52,5.8,22.77,2.8,8.3,302.0,CENTRO,20
2.87,37.0,3.3,6.0,6.33,9.3,32.42,3.2,8.7,327.0,CENTRO,21
2.82,39.0,3.3,4.4,6.32,7.7,22.81,3.3,14.3,337.0,CENTRO,22
2.77,43.0,3.0,2.4,4.46,5.5,15.12,2.6,9.1,312.0,CENTRO,23
2.81,32.0,3.1,5.4,5.93,8.4,46.35,3.1,5.0,242.0,CENTRO,0
3.01,13.0,3.4,11.4,13.89,14.8,48.22,3.1,4.5,140.0,CENTRO,1
2.91,21.0,3.0,7.3,13.77,10.4,37.0,2.9,3.8,143.0,CENTRO,2
2.9,15.0,3.3,8.0,8.88,11.2,37.1,2.7,0.9,265.0,CENTRO,3
2.98,8.0,3.8,10.9,10.91,14.7,38.65,2.7,0.9,216.0,CENTRO,4
3.02,6.0,5.2,11.4,12.14,16.5,40.05,2.65,1.7,226.0,CENTRO,5
2.98,6.0,5.7,11.5,10.47,17.2,33.28,2.6,1.9,231.0,CENTRO,6
2.97,8.0,6.3,12.1,13.76,18.4,52.44,3.7,3.7,227.0,CENTRO,7
2.99,9.0,8.2,12.1,18.26,20.2,45.87,5.0,2.9,219.0,CENTRO,8
3.11,10.0,12.6,11.5,14.49,24.1,43.27,4.5,2.2,236.0,CENTRO,9
3.16,15.0,14.8,12.0,18.15,26.9,63.63,5.4,3.6,199.0,CENTRO,10
2.97,27.0,7.6,8.3,12.63,15.9,48.22,4.2,3.2,137.0,CENTRO,11
2.97,35.0,6.1,6.4,12.35,12.5,43.07,3.2,4.6,67.0,CENTRO,12
2.95,40.0,5.6,6.3,13.07,12.0,43.25,3.5,5.1,75.0,CENTRO,13
2.99,40.0,6.1,8.7,20.79,14.7,51.51,5.0,4.6,345.0,CENTRO,14
3.06,46.0,5.6,9.0,25.32,14.6,62.24,4.6,5.5,70.0,CENTRO,15
3.03,50.0,4.4,8.0,24.96,12.4,54.54,3.7,5.0,123.0,CENTRO,16
3.01,51.0,3.9,8.0,23.08,11.9,54.57,4.2,5.6,106.0,CENTRO,17
3.06,43.0,3.5,8.7,15.51,12.2,46.95,3.3,4.6,131.0,CENTRO,18
3.11,34.0,3.1,10.1,14.21,13.2,41.05,3.3,3.5,126.0,CENTRO,19
2.9,46.0,3.0,5.1,9.8,8.2,32.28,3.6,4.9,140.0,CENTRO,20
2.95,38.0,3.0,6.4,8.89,9.4,29.4,3.6,3.5,202.0,CENTRO,21
3.3,17.0,6.5,13.6,22.79,20.1,55.12,4.5,3.1,232.0,CENTRO,22
3.45,8.0,8.3,17.7,43.93,26.0,91.93,8.9,4.0,221.0,CENTRO,23
3.37,8.0,6.8,16.9,39.32,23.7,85.99,7.6,3.7,223.0,CENTRO,0
3.24,8.0,4.3,15.4,36.37,19.7,77.28,8.2,4.1,232.0,CENTRO,1
3.23,7.75,6.4,14.9,37.45,21.2,84.57,9.5,5.4,237.0,CENTRO,2
3.13,7.5,3.8,13.5,34.09,17.3,75.05,7.8,1.7,276.0,CENTRO,3
3.09,7.25,3.5,12.3,28.74,15.7,70.32,6.7,2.1,251.0,CENTRO,4
3.02,7.0,4.9,13.4,27.32,18.2,67.69,8.9,1.8,305.0,CENTRO,5
2.98,10.0,3.3,11.0,22.18,14.3,55.41,8.1,2.9,238.0,CENTRO,6
2.99,8.0,4.0,12.2,22.0,16.1,54.46,7.9,1.7,290.0,CENTRO,7
2.97,12.0,3.9,10.1,17.12,13.9,44.26,7.7,3.1,244.0,CENTRO,8
2.98,18.0,5.1,7.7,15.17,12.7,38.67,7.2,3.4,244.0,CENTRO,9
2.98,23.0,6.4,7.6,17.07,14.0,48.18,7.9,2.1,203.0,CENTRO,10
2.96,30.0,7.2,8.2,25.95,15.3,55.56,8.8,3.3,73.0,CENTRO,11
3.07,32.0,8.4,10.6,36.08,18.9,78.1,8.8,3.1,24.0,CENTRO,12
3.14,34.0,9.0,12.8,37.3,21.7,73.93,10.1,3.7,66.0,CENTRO,13
3.2,57.0,5.1,9.6,37.11,14.7,74.69,6.1,5.2,84.0,CENTRO,14
3.1,65.0,4.1,7.5,29.47,11.6,59.45,6.0,6.4,76.0,CENTRO,15
3.08,69.0,3.6,6.4,23.59,10.0,53.57,5.3,5.9,78.0,CENTRO,16
3.08,69.0,3.5,6.6,20.83,10.1,52.61,5.2,5.7,72.0,CENTRO,17
3.0,60.0,3.2,5.5,13.25,8.6,41.8,4.8,6.2,109.0,CENTRO,18
3.23,37.0,3.1,12.9,16.01,16.0,41.53,4.7,3.8,105.0,CENTRO,19
3.37,23.0,3.6,14.5,21.22,18.1,50.21,4.7,1.2,259.0,CENTRO,20
3.58,8.0,5.4,20.7,22.6,26.0,52.25,8.55,2.0,231.0,CENTRO,21
3.55,10.0,7.3,20.2,39.52,27.4,89.85,12.4,5.1,235.0,CENTRO,22
3.44,10.0,4.7,18.9,39.22,23.6,82.69,10.8,4.3,240.0,CENTRO,23
3.37,8.0,4.0,18.0,32.11,22.0,70.21,8.8,1.7,277.0,CENTRO,0
3.25,10.0,3.8,16.0,28.82,19.7,67.64,9.1,4.0,246.0,CENTRO,1
3.18,12.0,3.4,14.8,27.61,18.2,69.16,9.3,1.5,347.0,CENTRO,2
3.08,16.0,3.3,11.1,23.6,14.4,58.32,7.6,0.9,291.0,CENTRO,3
2.98,21.0,3.1,8.5,20.61,11.6,67.46,8.3,1.3,54.0,CENTRO,4
3.01,16.0,3.8,10.4,20.44,14.3,77.99,7.8,2.1,326.0,CENTRO,5
3.19,8.0,4.8,14.7,32.69,19.4,114.36,6.6,1.0,333.0,CENTRO,6
3.08,10.0,6.0,13.3,19.65,19.2,73.37,8.7,3.2,290.0,CENTRO,7
3.31,7.0,13.3,14.8,17.71,28.0,75.94,9.9,5.1,234.0,CENTRO,8
3.71,10.0,29.2,15.7,19.18,44.8,76.34,9.1,2.5,20.0,CENTRO,9
3.71,13.0,24.2,17.3,21.38,41.5,85.02,10.1,4.1,235.0,CENTRO,10
3.36,24.0,11.9,16.0,17.42,27.9,69.0,9.2,3.0,237.0,CENTRO,11
3.42,33.0,11.4,16.6,23.55,28.0,73.85,7.9,2.9,42.0,CENTRO,12
3.81,47.0,9.3,21.2,63.73,30.5,139.76,7.8,3.8,44.0,CENTRO,13
4.02,48.0,12.0,35.5,111.13,47.4,211.72,14.2,4.5,67.0,CENTRO,14
3.85,58.0,8.3,31.2,87.52,39.5,164.11,14.1,5.2,108.0,CENTRO,15
3.61,64.0,5.9,25.6,62.75,31.5,128.23,14.0,4.6,116.0,CENTRO,16
3.45,78.0,3.8,17.2,38.68,21.0,101.21,7.1,5.4,98.0,CENTRO,17
3.48,59.0,3.8,18.3,27.37,22.0,80.93,8.2,4.6,89.0,CENTRO,18
4.18,15.0,11.8,31.1,30.59,42.8,90.05,9.7,1.1,195.0,CENTRO,19
4.3,6.0,18.9,32.9,38.45,51.7,118.44,11.4,1.0,291.0,CENTRO,20
4.16,6.0,18.5,29.0,38.93,47.5,115.2,9.1,2.8,354.0,CENTRO,21
3.43,24.0,4.4,15.2,22.9,19.7,71.76,6.8,4.3,48.0,CENTRO,22
3.56,14.0,4.9,16.6,17.14,21.5,53.82,7.2,2.8,169.0,CENTRO,23
3.45,8.0,4.9,18.5,17.74,23.4,50.42,7.3,2.9,175.0,CENTRO,0
3.16,25.0,3.0,11.5,12.25,14.5,38.6,6.2,3.5,137.0,CENTRO,1
2.99,33.0,3.0,7.9,10.13,10.9,41.54,6.6,4.7,132.0,CENTRO,2
2.95,35.0,3.0,7.7,10.38,10.7,39.82,6.8,6.1,92.0,CENTRO,3
2.98,27.0,3.0,10.6,14.88,13.7,71.53,8.1,6.3,129.0,CENTRO,4
2.88,30.0,3.0,8.3,10.27,11.3,55.89,6.9,6.3,95.0,CENTRO,5
2.91,30.0,3.1,8.0,9.92,11.1,53.16,6.4,5.4,104.0,CENTRO,6
3.04,25.0,3.4,10.3,9.95,13.7,64.7,6.4,6.7,118.0,CENTRO,7
3.15,8.0,8.3,16.7,11.35,25.0,77.39,6.9,6.5,138.0,CENTRO,8
3.05,16.0,7.5,12.8,11.31,20.3,68.7,6.9,9.0,105.0,CENTRO,9
3.03,27.0,7.2,9.8,12.35,17.0,89.66,4.7,7.3,71.0,CENTRO,10
3.14,36.0,5.9,7.3,9.89,13.2,72.53,5.3,7.1,59.0,CENTRO,11
3.08,45.0,5.3,5.9,10.18,11.2,62.15,4.8,4.8,45.0,CENTRO,12
2.99,48.0,4.8,5.6,9.04,10.3,46.71,3.9,6.0,31.0,CENTRO,13
2.97,51.0,4.6,6.1,10.99,10.7,48.65,6.3,7.4,57.0,CENTRO,14
2.98,54.0,4.7,7.1,16.82,11.9,66.93,7.7,8.0,56.0,CENTRO,15
3.02,64.0,4.1,6.7,21.97,10.7,65.52,4.9,9.4,64.0,CENTRO,16
3.04,62.0,3.8,6.8,17.01,10.6,61.85,7.2,12.3,82.0,CENTRO,17
3.01,50.0,3.4,6.7,10.7,10.0,58.7,6.8,13.4,97.0,CENTRO,18
3.03,43.0,3.4,7.1,10.59,10.5,47.41,9.4,12.3,99.0,CENTRO,19
3.02,42.0,3.2,6.3,10.03,9.5,37.97,3.6,10.0,110.0,CENTRO,20
2.99,41.0,3.0,5.7,11.08,8.7,36.07,3.2,7.7,136.0,CENTRO,21
2.92,45.0,3.1,3.7,11.85,6.8,38.61,3.1,8.1,154.0,CENTRO,22
2.9,46.0,3.0,2.6,12.74,5.6,37.7,3.0,8.3,152.0,CENTRO,23
2.89,46.0,3.0,2.3,12.13,5.3,36.42,3.0,7.4,134.0,CENTRO,0
2.88,46.0,3.0,2.2,11.65,5.1,34.27,2.9,6.4,132.0,CENTRO,1
2.9,45.0,3.0,2.2,11.53,5.2,32.78,2.9,4.9,100.0,CENTRO,2
2.9,45.0,3.0,2.0,11.49,5.1,37.29,2.8,5.8,84.0,CENTRO,3
2.9,43.0,3.0,2.1,11.92,5.2,43.27,2.7,4.9,62.0,CENTRO,4
2.91,42.0,3.0,2.7,13.02,5.7,45.71,2.7,2.7,42.0,CENTRO,5
2.95,33.0,3.0,5.4,15.28,8.5,43.08,3.0,3.9,51.0,CENTRO,6
3.01,22.0,3.3,9.0,16.54,12.2,48.26,3.0,2.2,49.0,CENTRO,7
3.34,7.0,8.8,15.0,27.49,23.8,82.38,3.5,1.6,297.0,CENTRO,8
3.69,10.0,23.2,15.6,33.04,38.7,98.99,6.4,2.3,289.0,CENTRO,9
3.78,16.0,15.3,16.0,40.0,31.3,110.52,7.9,3.8,192.0,CENTRO,10
3.64,23.0,13.4,16.6,42.26,30.0,109.17,7.6,4.0,339.0,CENTRO,11
3.46,27.0,11.8,16.6,49.1,28.4,120.4,8.6,5.8,357.0,CENTRO,12
3.29,44.0,6.3,10.8,38.21,17.0,84.89,5.7,6.4,98.0,CENTRO,13
3.17,52.0,4.5,6.8,25.56,11.2,61.56,4.1,6.2,45.0,CENTRO,14
3.12,50.0,4.1,5.1,19.32,9.1,52.61,3.3,8.8,91.0,CENTRO,15
3.17,46.0,4.4,6.1,21.23,10.4,56.07,4.1,10.6,67.0,CENTRO,16
3.28,37.0,4.4,9.4,21.48,13.8,62.16,7.1,7.7,65.0,CENTRO,17
3.3,30.0,4.0,11.0,19.54,15.0,58.44,5.4,4.3,88.0,CENTRO,18
3.37,22.0,4.3,12.9,18.3,17.1,63.98,3.7,2.4,66.0,CENTRO,19
3.71,6.0,11.2,18.2,22.99,29.3,80.82,3.7,3.8,350.0,CENTRO,20
3.63,2.0,11.8,18.9,28.51,30.7,90.85,3.9,3.9,341.0,CENTRO,21
3.6,5.0,9.0,18.1,27.6,27.1,86.67,3.8,3.8,335.0,CENTRO,22
3.5,4.0,7.5,16.6,26.98,24.0,84.07,4.6,4.0,7.0,CENTRO,23
3.22,9.0,3.5,10.7,17.08,14.3,56.96,4.1,2.8,359.0,CENTRO,0
3.13,6.0,3.5,10.3,16.88,13.7,44.29,3.8,1.8,318.0,CENTRO,1
3.28,5.0,5.0,12.0,26.67,17.0,64.18,4.3,2.5,246.0,CENTRO,2
3.41,7.0,9.8,14.8,45.31,24.6,113.64,5.8,2.8,248.0,CENTRO,3
3.37,7.0,15.2,14.0,48.75,29.2,135.84,6.7,3.4,242.0,CENTRO,4
3.32,6.0,13.6,13.5,48.28,27.0,134.27,6.3,2.5,256.0,CENTRO,5
3.28,6.0,7.7,12.9,38.96,20.5,101.7,5.9,2.4,260.0,CENTRO,6
3.39,6.0,8.5,12.4,36.62,20.9,94.96,5.8,1.6,256.0,CENTRO,7
3.77,6.5,21.7,12.0,39.66,33.6,103.55,6.1,1.2,92.0,CENTRO,8
4.28,7.0,40.1,12.0,39.34,52.0,99.33,6.2,1.1,240.0,CENTRO,9
4.69,7.5,51.4,14.5,45.94,65.8,120.65,6.6,1.6,246.0,CENTRO,10
4.66,8.0,51.8,19.6,56.56,71.3,156.96,7.4,1.2,55.0,CENTRO,11
4.43,10.0,32.9,21.3,60.36,54.2,138.16,7.6,1.8,131.0,CENTRO,12
3.92,20.0,15.5,18.6,54.89,34.1,111.77,8.2,2.8,120.0,CENTRO,13
4.13,36.0,12.6,22.2,67.19,34.8,144.81,7.5,6.3,83.0,CENTRO,14
3.63,46.0,6.5,14.2,50.99,20.7,116.8,7.9,5.0,71.0,CENTRO,15
3.7,47.0,5.1,16.0,44.38,21.1,94.64,6.7,2.2,96.0,CENTRO,16
3.91,39.0,6.0,21.9,51.43,27.9,122.78,8.3,4.6,93.0,CENTRO,17
3.83,30.0,4.4,20.2,49.47,24.6,127.41,13.4,3.3,101.0,CENTRO,18
4.58,7.0,17.6,27.1,52.45,44.7,133.99,10.1,1.2,253.0,CENTRO,19
4.79,6.0,17.1,28.1,53.44,45.2,120.92,7.6,1.1,294.0,CENTRO,20
4.49,5.0,19.2,22.7,47.12,41.8,105.02,6.7,1.7,154.0,CENTRO,21
4.33,4.0,24.1,21.1,60.99,45.2,138.44,6.2,2.1,281.0,CENTRO,22
4.37,4.0,26.0,21.4,58.49,47.3,120.06,6.2,1.0,255.0,CENTRO,23
4.31,4.0,23.4,20.8,56.71,44.1,112.31,6.3,1.3,224.0,CENTRO,0
4.19,5.0,16.6,19.4,56.09,36.0,113.27,5.6,1.1,298.0,CENTRO,1
4.24,4.0,22.2,18.6,59.36,40.8,116.57,5.2,1.8,314.0,CENTRO,2
4.04,4.0,20.5,15.1,53.7,35.5,109.79,5.0,1.0,265.0,CENTRO,3
3.51,3.0,10.7,13.5,48.39,24.1,90.36,4.6,0.9,270.0,CENTRO,4
3.64,4.0,13.6,12.7,45.1,26.3,86.73,4.4,0.9,246.0,CENTRO,5
3.88,7.0,19.5,13.5,58.44,33.0,117.46,4.6,0.9,243.0,CENTRO,6
3.87,5.0,22.5,12.1,55.51,34.6,109.72,4.4,1.3,269.0,CENTRO,7
3.69,5.0,17.7,11.2,50.81,28.9,89.59,4.4,2.9,287.0,CENTRO,8
3.61,10.0,12.4,9.8,48.47,22.2,93.76,4.3,4.1,297.0,CENTRO,9
3.87,12.0,16.5,14.0,61.8,30.5,140.13,5.1,3.5,322.0,CENTRO,10
4.65,15.0,31.1,27.8,110.05,59.0,265.84,10.1,3.4,3.0,CENTRO,11
4.52,15.0,25.0,27.6,103.6,52.6,227.97,8.7,3.8,14.0,CENTRO,12
4.64,23.0,21.6,32.5,112.84,54.2,242.78,11.1,4.5,56.0,CENTRO,13
4.57,26.0,16.1,35.0,112.64,51.1,221.75,10.0,5.3,47.0,CENTRO,14
4.15,44.0,9.4,26.4,97.81,35.8,213.98,11.9,7.3,69.0,CENTRO,15
3.84,48.0,5.6,17.4,61.69,23.0,139.61,8.3,5.6,87.0,CENTRO,16
3.91,36.0,5.0,19.1,51.42,24.1,117.52,7.5,3.4,37.0,CENTRO,17
4.3,12.0,7.5,26.2,52.56,33.7,138.29,8.6,2.5,298.0,CENTRO,18
4.65,4.0,15.3,28.7,54.95,44.0,136.19,9.5,3.5,237.0,CENTRO,19
5.34,4.0,28.0,30.2,63.6,58.2,155.67,7.9,2.9,241.0,CENTRO,20
5.1,5.0,22.8,27.7,67.12,50.5,149.35,6.8,4.5,296.0,CENTRO,21
3.92,12.0,6.3,19.1,51.07,25.4,165.33,7.2,8.0,84.0,CENTRO,22
3.4,10.0,4.8,14.6,37.89,19.3,229.17,7.4,7.5,136.0,CENTRO,23
3.22,24.0,3.1,8.1,21.6,11.2,121.5,5.1,4.4,118.0,CENTRO,0
3.2,21.0,3.1,9.7,19.31,12.8,103.82,5.2,6.2,164.0,CENTRO,1
3.06,25.0,3.0,7.7,14.38,10.7,78.34,4.6,7.3,163.0,CENTRO,2
3.01,29.0,3.0,5.9,11.52,8.8,69.75,3.9,4.5,148.0,CENTRO,3
3.01,24.0,3.0,6.3,11.39,9.3,66.07,3.8,2.4,188.0,CENTRO,4
3.03,25.0,3.0,6.3,12.48,9.3,69.97,3.9,6.6,144.0,CENTRO,5
3.02,25.0,3.0,6.7,10.51,9.7,64.2,3.7,4.6,123.0,CENTRO,6
3.08,13.0,3.4,10.7,11.98,14.1,59.22,3.7,1.6,271.0,CENTRO,7
3.25,6.0,8.5,12.6,14.43,21.1,72.83,3.9,2.5,247.0,CENTRO,8
3.37,10.0,14.9,12.9,14.55,27.8,68.54,4.1,4.0,146.0,CENTRO,9
3.49,15.0,17.0,14.5,22.53,31.5,154.97,4.9,5.8,118.0,CENTRO,10
3.29,28.0,10.4,10.9,13.7,21.2,88.38,4.4,6.5,117.0,CENTRO,11
2.97,45.0,3.9,3.1,6.28,6.9,55.73,3.2,9.4,341.0,CENTRO,12
2.98,48.0,3.8,2.7,5.88,6.4,50.8,3.2,8.3,343.0,CENTRO,13
2.98,51.0,3.6,2.4,5.36,6.0,34.85,3.0,7.8,8.0,CENTRO,14
3.1,51.0,4.3,5.3,8.13,9.6,49.72,3.5,9.3,106.0,CENTRO,15
3.12,52.0,4.2,6.2,9.75,10.4,50.17,3.7,9.0,78.0,CENTRO,16
3.14,53.0,3.9,6.9,11.64,10.8,58.28,3.3,9.8,94.0,CENTRO,17
3.12,54.0,3.3,7.1,12.77,10.4,66.39,3.3,7.6,116.0,CENTRO,18
3.16,49.0,3.0,7.6,14.82,10.6,78.53,3.5,8.4,128.0,CENTRO,19
3.09,40.0,3.0,6.4,11.01,9.4,64.04,3.3,8.6,128.0,CENTRO,20
3.02,44.0,3.0,4.1,9.06,7.1,42.37,3.2,9.0,126.0,CENTRO,21
3.0,45.0,3.0,3.6,7.91,6.5,41.74,3.1,9.7,120.0,CENTRO,22
2.97,46.0,3.0,2.4,7.25,5.3,48.87,3.1,12.5,133.0,CENTRO,23
2.95,47.0,3.0,1.9,6.57,4.9,40.04,3.0,11.5,146.0,CENTRO,0
2.94,47.0,3.0,1.8,5.73,4.8,30.82,2.8,10.6,144.0,CENTRO,1
2.93,48.0,3.0,1.7,5.08,4.6,30.01,2.8,7.3,143.0,CENTRO,2
2.99,40.0,3.0,4.3,7.82,7.3,34.57,3.4,5.4,72.0,CENTRO,3
3.13,15.0,3.2,12.9,17.14,16.0,63.44,5.3,4.2,354.0,CENTRO,4
3.19,13.0,3.0,12.5,17.99,15.6,55.78,3.9,1.4,287.0,CENTRO,5
3.24,14.0,3.0,11.8,17.51,14.9,58.04,6.1,1.3,243.0,CENTRO,6
3.27,9.0,4.4,13.5,30.96,18.0,80.83,7.7,0.9,355.0,CENTRO,7
3.28,7.0,4.4,13.1,26.22,17.6,72.38,3.9,0.9,262.0,CENTRO,8
3.32,12.0,6.9,12.0,31.14,18.9,73.07,3.8,0.9,275.0,CENTRO,9
3.45,19.0,11.8,12.6,29.41,24.4,80.98,5.9,2.4,339.0,CENTRO,10
3.36,34.0,7.2,9.8,22.7,16.9,72.1,6.0,3.3,331.0,CENTRO,11
3.44,50.0,5.0,7.6,28.0,12.6,91.94,4.8,4.8,8.0,CENTRO,12
3.52,58.0,4.7,7.9,35.13,12.6,87.61,4.2,3.7,54.0,CENTRO,13
3.6,49.0,6.9,14.2,47.53,21.1,94.61,8.7,4.5,65.0,CENTRO,14
3.61,56.0,5.5,14.1,56.83,19.6,109.24,7.6,5.6,85.0,CENTRO,15
3.43,58.0,4.6,11.7,39.34,16.2,91.12,7.3,5.4,66.0,CENTRO,16
3.31,57.0,3.9,9.5,26.74,13.3,76.16,5.8,3.8,92.0,CENTRO,17
3.32,51.0,3.3,9.4,25.04,12.6,72.82,4.4,2.6,67.0,CENTRO,18
3.39,39.0,3.1,9.8,22.16,12.9,61.98,4.0,5.6,92.0,CENTRO,19
3.42,26.0,3.3,12.5,32.17,15.8,90.02,8.6,3.5,46.0,CENTRO,20
3.62,7.0,4.8,19.1,35.94,23.9,91.97,7.3,2.2,235.0,CENTRO,21
3.81,6.0,7.7,19.1,38.9,26.9,95.23,6.2,1.2,263.0,CENTRO,22
3.94,6.0,11.2,19.7,41.54,30.9,105.2,8.4,2.4,239.0,CENTRO,23
4.0,8.0,17.4,21.1,52.53,38.5,120.13,11.6,2.3,236.0,CENTRO,0
3.73,7.0,12.2,19.7,44.2,31.8,104.71,15.1,2.3,266.0,CENTRO,1
3.74,6.0,12.9,18.7,45.5,31.5,124.5,15.8,1.7,262.0,CENTRO,2
3.58,7.0,7.5,17.3,40.94,24.7,121.5,10.0,2.7,247.0,CENTRO,3
3.45,9.0,4.7,15.6,43.12,20.3,126.27,13.1,3.8,230.0,CENTRO,4
3.36,15.0,3.4,12.8,37.48,16.2,107.4,14.7,2.6,239.0,CENTRO,5
3.38,11.0,3.3,13.6,34.63,16.9,103.65,11.6,1.4,248.0,CENTRO,6
3.48,5.0,6.6,15.4,32.65,21.9,88.6,8.9,1.3,241.0,CENTRO,7
3.91,6.0,24.5,15.4,33.42,39.8,101.2,8.8,0.9,285.0,CENTRO,8
4.33,6.0,39.2,16.0,35.48,55.2,112.93,10.4,0.9,257.0,CENTRO,9
4.58,7.0,38.7,19.4,42.1,58.1,121.34,9.5,1.7,283.0,CENTRO,10
4.77,9.0,40.6,24.0,52.75,64.5,148.46,10.8,2.4,27.0,CENTRO,11
3.9,19.0,14.1,17.5,42.59,31.5,112.76,9.3,3.3,343.0,CENTRO,12
3.56,31.0,6.8,12.2,36.32,18.9,98.87,11.0,3.9,333.0,CENTRO,13
3.54,38.0,6.1,12.2,38.7,18.3,105.35,9.9,2.9,36.0,CENTRO,14
3.55,42.0,5.4,12.7,39.35,18.1,108.29,9.7,2.9,59.0,CENTRO,15
3.56,47.0,5.0,12.8,41.19,17.8,113.14,9.2,2.4,314.0,CENTRO,16
3.77,41.0,4.8,17.5,44.25,22.3,120.72,8.8,1.2,353.0,CENTRO,17
4.12,18.0,7.3,29.1,52.09,36.3,144.47,12.7,2.0,14.0,CENTRO,18
5.05,7.0,19.3,29.9,47.38,49.1,135.1,8.5,0.9,172.0,CENTRO,19
5.03,6.0,21.9,29.8,51.13,51.6,138.54,7.4,1.5,230.0,CENTRO,20
4.88,6.0,24.8,29.4,53.46,54.1,143.14,6.9,2.2,241.0,CENTRO,21
4.66,6.0,21.7,28.7,58.12,50.4,158.99,7.4,2.8,242.0,CENTRO,22
4.42,6.333333333333333,13.3,27.0,59.17,40.3,135.4,7.5,1.4,280.0,CENTRO,23
4.35,6.666666666666667,14.4,25.4,56.98,39.8,135.12,7.5,2.3,206.0,CENTRO,0
4.36,7.0,23.9,24.2,71.67,48.1,176.85,11.6,2.5,250.0,CENTRO,1
3.92,6.0,15.4,22.1,68.18,37.5,170.85,12.3,2.2,266.0,CENTRO,2
3.94,8.0,16.6,22.7,70.38,39.2,168.52,11.0,1.4,295.0,CENTRO,3
3.78,9.0,21.7,20.8,74.16,42.5,175.3,13.3,3.3,232.0,CENTRO,4
3.63,9.0,18.3,19.5,69.17,37.7,158.03,19.7,2.1,321.0,CENTRO,5
3.51,7.0,9.1,16.6,52.85,25.7,122.79,19.4,4.3,233.0,CENTRO,6
3.71,10.0,24.4,18.4,64.55,42.8,173.68,19.1,3.3,258.0,CENTRO,7
4.03,8.0,33.5,16.9,53.44,50.3,137.12,18.6,2.2,278.0,CENTRO,8
4.35,8.0,42.7,17.8,56.95,60.4,149.32,18.9,3.0,261.0,CENTRO,9
4.43,10.0,37.0,21.0,54.44,57.9,153.18,19.3,2.8,284.0,CENTRO,10
4.58,20.0,20.6,26.8,78.75,47.4,191.44,16.4,2.0,37.0,CENTRO,11
2.8,34.0,14.6,33.4,106.78,48.1,215.52,16.1,3.5,67.0,CENTRO,12
2.64,48.0,10.3,32.4,110.86,42.7,237.95,18.0,4.2,72.0,CENTRO,13
2.29,67.0,6.7,27.7,98.13,34.4,209.5,16.6,3.8,130.0,CENTRO,14
2.06,94.0,4.7,20.9,88.86,25.6,175.71,10.2,5.9,79.0,CENTRO,15
1.95,99.0,3.8,17.7,73.78,21.4,162.1,7.3,5.8,71.0,CENTRO,16
1.85,77.0,3.9,16.2,53.25,20.1,132.88,6.5,4.9,53.0,CENTRO,17
1.78,54.0,3.5,14.4,37.5,17.8,119.64,4.6,5.7,72.0,CENTRO,18
2.1,24.0,4.5,22.7,43.12,27.3,122.11,5.1,3.1,80.0,CENTRO,19
2.17,13.0,7.3,26.9,50.08,34.2,135.04,9.3,1.4,4.0,CENTRO,20
2.31,5.0,8.2,28.8,54.35,37.0,159.18,7.9,1.9,251.0,CENTRO,21
2.32,5.0,7.1,27.2,50.15,34.3,126.54,6.8,1.2,243.0,CENTRO,22
2.1,11.0,4.9,22.2,52.43,27.1,109.73,7.0,2.9,251.0,CENTRO,23
2.44,5.0,14.8,29.4,85.36,44.2,190.84,11.2,4.0,236.0,CENTRO,0
2.07,8.0,5.7,26.2,70.58,32.0,151.71,10.6,2.3,280.0,CENTRO,1
2.08,4.0,14.1,26.9,73.36,41.0,158.52,8.6,1.6,274.0,CENTRO,2
1.93,6.0,5.9,21.7,63.37,27.6,139.23,6.5,1.4,259.0,CENTRO,3
2.04,4.0,8.2,20.8,65.82,28.9,138.54,4.6,0.9,280.0,CENTRO,4
1.88,7.0,5.0,17.6,63.82,22.6,127.66,4.1,1.2,295.0,CENTRO,5
1.73,9.0,3.2,14.7,59.86,17.9,112.38,4.4,1.3,271.0,CENTRO,6
1.83,3.0,8.9,17.5,60.18,26.3,125.29,6.4,1.5,253.0,CENTRO,7
2.22,5.0,21.9,17.7,63.56,39.5,162.44,10.7,2.1,244.0,CENTRO,8
2.58,8.0,37.1,19.2,70.59,56.2,152.78,15.3,3.0,242.0,CENTRO,9
2.63,7.0,36.9,21.6,82.63,58.5,200.51,13.2,2.5,261.0,CENTRO,10
2.67,6.0,30.5,19.3,74.17,49.7,215.32,7.3,3.2,35.0,CENTRO,11
2.4,8.0,21.9,15.8,72.24,37.7,192.95,5.2,5.2,5.0,CENTRO,12
2.05,16.0,16.7,17.6,70.0225,34.3,180.045,14.8,6.1,18.0,CENTRO,13
1.75,24.0,7.4,13.8,67.80499999999999,21.2,167.14,7.2,6.4,22.0,CENTRO,14
1.81,30.0,5.8,12.9,65.58749999999999,18.7,154.235,5.0,5.8,4.0,CENTRO,15
2.0,39.0,5.3,14.4,63.37,19.7,141.33,4.8,4.9,9.0,CENTRO,16
2.18,43.0,4.6,17.9,70.42,22.5,143.56,4.9,4.6,340.0,CENTRO,17
2.34,26.0,4.8,23.7,84.8,28.5,164.02,4.2,4.6,342.0,CENTRO,18
2.74,7.0,9.7,28.8,81.8,38.5,176.5,3.4,2.4,303.0,CENTRO,19
2.99,5.0,13.5,29.4,80.05,42.9,157.18,3.1,2.8,225.0,CENTRO,20
2.85,5.0,11.8,27.7,81.31,39.5,156.02,3.1,3.3,229.0,CENTRO,21
2.66,5.0,9.3,27.0,81.33,36.4,158.65,3.4,2.5,254.0,CENTRO,22
2.57,4.75,8.9,24.4,84.52,33.2,162.1,4.3,2.4,250.0,CENTRO,23
2.44,4.5,8.0,21.2,79.88,29.2,158.55,3.9,1.5,310.0,CENTRO,0
2.57,4.25,15.2,19.8,74.38,34.9,134.1,3.3,1.6,282.0,CENTRO,1
2.93,4.0,28.7,18.6,68.82,47.3,134.48,3.4,1.9,282.0,CENTRO,2
2.54,4.0,23.4,16.0,61.13,39.3,126.44,2.9,2.6,340.0,CENTRO,3
1.55,7.0,4.4,7.3,24.92,11.6,58.5,2.3,1.6,357.0,CENTRO,4
1.5,7.0,3.9,6.7,23.48,10.6,52.06,2.3,2.2,19.0,CENTRO,5
1.91,3.0,9.5,11.2,36.07,20.7,82.21,2.4,1.3,53.0,CENTRO,6
1.93,4.0,12.9,11.0,40.86,23.8,94.69,2.7,2.0,260.0,CENTRO,7
2.16,5.0,20.5,13.4,66.52,33.9,135.59,4.4,2.4,231.0,CENTRO,8
2.26,6.0,22.8,13.7,64.67,36.4,124.82,5.4,1.7,263.0,CENTRO,9
2.31,5.0,25.4,13.2,48.95,38.6,101.76,4.6,1.7,141.0,CENTRO,10
2.09,7.0,15.2,10.5,30.63,25.7,75.94,3.2,6.2,73.0,CENTRO,11
1.76,10.0,7.5,7.0,18.34,14.5,36.73,2.5,7.2,79.0,CENTRO,12
1.79,11.0,7.7,7.9,19.12,15.6,53.68,2.3,6.4,81.0,CENTRO,13
1.5,20.0,4.2,4.1,16.27,8.2,47.05,2.2,11.1,149.0,CENTRO,14
1.48,23.0,4.3,3.9,16.75,8.2,41.6,2.2,9.8,142.0,CENTRO,15
1.45,25.0,3.9,4.0,16.46,7.9,48.31,2.1,10.1,138.0,CENTRO,16
1.49,23.0,3.8,5.0,16.71,8.8,49.17,2.0,8.4,153.0,CENTRO,17
1.62,18.0,4.4,7.4,16.36,11.8,42.56,1.9,6.2,146.0,CENTRO,18
1.69,14.0,4.2,9.0,16.37,13.1,40.4,1.9,5.3,145.0,CENTRO,19
1.73,12.0,4.7,9.8,16.71,14.4,38.27,2.0,5.7,140.0,CENTRO,20
1.64,14.0,4.4,8.9,19.06,13.4,63.48,1.9,7.6,104.0,CENTRO,21
1.47,19.0,3.6,5.4,15.37,8.9,54.78,1.8,9.1,88.0,CENTRO,22
1.45,20.0,3.5,3.8,13.44,7.3,44.52,1.8,10.5,77.0,CENTRO,23
1.42,20.0,3.3,2.9,12.47,6.2,45.44,1.9,8.8,79.0,CENTRO,0
1.41,20.0,3.2,2.7,12.14,5.8,41.15,1.8,6.3,63.0,CENTRO,1
1.39,21.0,3.2,2.3,12.4,5.5,38.11,1.7,6.0,56.0,CENTRO,2
1.38,20.0,3.3,2.0,14.4,5.3,34.02,1.8,6.7,65.0,CENTRO,3
1.37,22.0,3.2,1.5,14.17,4.7,36.61,1.7,7.0,79.0,CENTRO,4
1.38,19.0,3.5,1.8,8.75,5.3,30.6,1.8,3.3,45.0,CENTRO,5
1.38,18.0,3.3,2.5,9.06,5.7,25.02,1.7,3.5,108.0,CENTRO,6
1.43,17.0,3.4,4.1,9.66,7.5,36.28,1.7,4.1,105.0,CENTRO,7
1.59,9.0,5.5,7.7,11.12,13.1,29.15,1.8,4.4,82.0,CENTRO,8
1.77,8.0,7.5,8.6,9.79,16.1,38.93,1.7,4.6,62.0,CENTRO,9
1.87,10.0,11.8,9.5,12.67,21.2,37.6,2.0,5.7,59.0,CENTRO,10
1.75,16.0,7.2,7.6,9.49,14.9,29.42,1.9,8.1,76.0,CENTRO,11
1.7,18.0,6.5,7.6,10.63,14.1,36.51,1.8,8.9,77.0,CENTRO,12
1.75,16.0,6.6,7.7,14.99,14.3,41.89,1.9,8.2,79.0,CENTRO,13
1.78,16.0,7.2,9.1,16.39,16.3,47.16,1.9,6.9,61.0,CENTRO,14
1.8,14.0,8.7,10.6,18.9,19.4,57.29,2.2,2.8,24.0,CENTRO,15
1.92,8.0,9.6,12.1,24.32,21.7,65.93,2.3,6.7,14.0,CENTRO,16
2.0,5.0,11.2,10.4,20.38,21.5,38.79,2.0,7.7,18.0,CENTRO,17
2.02,4.0,15.0,11.6,23.01,26.5,63.82,2.0,5.6,25.0,CENTRO,18
2.13,3.0,18.1,11.3,30.97,29.4,75.15,2.4,3.4,38.0,CENTRO,19
2.03,4.0,15.7,11.2,30.61,26.8,68.52,3.2,2.5,57.0,CENTRO,20
2.22,4.0,19.3,10.3,24.93,29.5,60.06,2.3,2.9,83.0,CENTRO,21
2.41,3.0,26.6,10.0,29.17,36.6,77.39,2.3,2.1,341.0,CENTRO,22
2.31,4.0,25.1,10.3,39.71,35.3,96.09,2.2,2.7,316.0,CENTRO,23
2.13,3.0,16.0,9.8,34.21,25.8,67.7,2.1,3.0,98.0,CENTRO,0
2.2,4.0,19.5,9.6,34.28,29.1,62.24,2.1,2.6,169.0,CENTRO,1
2.16,4.0,18.5,9.3,33.16,27.8,58.34,2.05,2.1,214.0,CENTRO,2
1.76,5.0,7.8,8.7,22.8,16.5,48.95,2.0,3.0,212.0,CENTRO,3
2.0,4.0,12.9,9.3,25.74,22.3,54.74,1.9,4.2,310.0,CENTRO,4
1.82,4.0,7.1,9.5,20.95,16.6,49.45,1.9,2.5,280.0,CENTRO,5
2.0,3.0,13.8,8.8,26.24,22.6,57.56,2.0,1.3,345.0,CENTRO,6
2.35,2.0,25.6,8.6,39.64,34.1,90.31,2.2,0.9,118.0,CENTRO,7
2.55,3.0,33.4,7.3,38.74,40.7,70.74,2.2,0.9,238.0,CENTRO,8
2.53,4.0,34.6,9.0,30.7,43.6,66.37,2.3,1.2,288.0,CENTRO,9
2.63,7.0,34.0,14.1,43.93,48.0,148.02,2.7,3.8,104.0,CENTRO,10
2.18,8.0,20.9,12.2,39.44,33.0,85.76,4.4,7.7,69.0,CENTRO,11
1.81,10.0,15.2,8.8,30.04,24.0,76.29,5.6,6.9,81.0,CENTRO,12
1.74,22.0,9.7,9.1,26.46,18.8,62.55,5.5,4.6,25.0,CENTRO,13
1.75,40.0,6.0,7.5,24.24,13.4,55.4,3.1,4.7,48.0,CENTRO,14
1.78,50.0,5.2,8.2,28.28,13.4,74.97,3.2,5.7,48.0,CENTRO,15
1.69,44.0,5.0,8.0,28.19,13.0,68.07,3.8,6.4,51.0,CENTRO,16
1.76,30.0,5.1,12.9,34.48,18.0,73.14,4.1,4.9,120.0,CENTRO,17
1.8,26.0,4.6,13.7,37.95,18.3,77.88,4.5,5.3,88.0,CENTRO,18
1.57,26.0,3.8,8.2,19.91,12.0,61.0,5.4,9.9,18.0,CENTRO,19
1.68,22.0,3.8,8.0,17.14,11.8,56.63,3.1,7.3,63.0,CENTRO,20
1.68,24.0,3.7,6.8,14.72,10.6,35.13,2.6,8.2,62.0,CENTRO,21
1.69,26.0,3.6,5.2,12.83,8.8,45.0,2.5,5.9,47.0,CENTRO,22
2.06,23.0,3.6,5.9,15.43,9.5,40.91,2.6,3.7,84.0,CENTRO,23
1.96,21.0,3.55,6.3,16.65,9.9,49.77,2.5,3.1,63.0,CENTRO,0
1.89,24.0,3.5,5.1,15.74,8.6,39.68,2.4,5.5,69.0,CENTRO,1
1.66,24.0,3.5,4.0,15.31,7.5,40.36,2.2,6.6,36.0,CENTRO,2
1.52,28.0,3.5166666666666666,3.4,12.96,6.9,37.43,2.6,8.4,49.0,CENTRO,3
1.45,29.0,3.533333333333333,4.5,11.94,7.9,42.86,3.0,6.9,65.0,CENTRO,4
1.38,31.0,3.5500000000000003,4.3,10.07,7.7,28.47,2.7,8.0,60.0,CENTRO,5
1.41,26.0,3.566666666666667,5.4,11.41,8.9,37.82,2.6,7.9,55.0,CENTRO,6
1.4,25.0,3.5833333333333335,5.1,10.92,8.6,53.52,2.2,7.9,44.0,CENTRO,7
1.39,23.0,3.6,5.9,11.6,9.4,47.43,2.1,6.6,48.0,CENTRO,8
1.52,19.0,4.1,6.9,12.94,11.0,55.49,2.2,7.2,81.0,CENTRO,9
1.5,20.0,4.6,6.4,12.4,11.0,51.86,2.3,8.9,93.0,CENTRO,10
1.55,21.0,5.4,6.5,13.99,11.9,51.2,2.4,8.1,87.0,CENTRO,11
1.57,20.0,6.9,7.3,15.65,14.2,59.84,2.5,8.4,83.0,CENTRO,12
1.6,19.0,8.2,8.4,18.31,16.5,70.21,3.9,6.6,89.0,CENTRO,13
1.59,15.0,10.6,10.6,23.06,21.2,76.28,7.2,5.5,71.0,CENTRO,14
1.65,12.0,14.5,12.0,28.61,26.5,82.9,12.0,5.4,68.0,CENTRO,15
1.63,10.0,11.0,13.1,26.22,24.0,69.5,12.2,4.7,93.0,CENTRO,16
1.58,16.0,6.3,10.7,21.59,17.0,53.67,7.5,5.9,118.0,CENTRO,17
1.57,17.0,4.1,10.5,19.7,14.6,54.94,4.1,4.8,104.0,CENTRO,18
1.56,15.0,3.9,11.1,21.69,14.9,63.58,5.1,6.4,82.0,CENTRO,19
1.48,21.0,3.7,8.9,14.95,12.5,49.36,5.3,7.3,25.0,CENTRO,20
1.66,22.0,3.5,9.2,17.76,12.8,63.09,3.0,6.0,19.0,CENTRO,21
1.7,20.0,3.4,10.1,15.98,13.4,48.37,3.8,6.9,19.0,CENTRO,22
1.58,20.0,3.3,9.2,13.31,12.5,51.19,3.2,6.4,41.0,CENTRO,23
1.36,34.0,3.0,3.0,8.83,6.1,32.22,2.4,6.8,123.0,CENTRO,0
1.34,36.0,3.0,2.5,7.71,5.5,35.45,2.3,8.8,126.0,CENTRO,1
1.34,37.0,3.0666666666666664,2.4,7.71,5.4,34.79,2.2,8.2,94.0,CENTRO,2
1.33,38.0,3.1333333333333333,2.1,7.36,5.1,27.45,2.2,7.4,98.0,CENTRO,3
1.32,39.0,3.1999999999999997,1.9,7.06,4.9,27.41,2.7,6.4,111.0,CENTRO,4
1.32,41.0,3.2666666666666666,2.1,6.15,5.1,25.29,3.3,5.3,87.0,CENTRO,5
1.34,36.0,3.333333333333333,3.1,6.32,6.1,29.29,3.0,6.0,98.0,CENTRO,6
1.38,30.0,3.4,5.3,7.07,8.6,28.14,3.1,4.7,112.0,CENTRO,7
1.6,12.0,5.7,11.5,9.3,17.2,33.99,3.2,5.9,66.0,CENTRO,8
1.69,14.0,7.2,10.9,11.77,18.2,46.56,3.2,7.8,63.0,CENTRO,9
1.57,24.0,5.6,7.4,11.54,13.0,41.19,2.9,8.8,97.0,CENTRO,10
1.45,32.0,4.4,4.7,9.23,9.0,46.55,3.0,11.0,136.0,CENTRO,11
1.43,41.0,4.1,4.2,8.37,8.3,31.96,3.2,10.2,113.0,CENTRO,12
1.39,44.0,3.6,3.5,8.3,7.1,32.69,2.6,9.0,140.0,CENTRO,13
1.44,45.0,3.9,3.5,7.74,7.4,28.55,2.2,6.9,157.0,CENTRO,14
1.41,47.0,3.6,3.2,8.35,6.8,32.91,2.2,7.2,141.0,CENTRO,15
1.43,44.0,3.7,3.8,9.35,7.5,35.8,2.0,10.2,147.0,CENTRO,16
1.48,41.0,3.6,4.8,9.54,8.4,37.05,2.0,9.2,155.0,CENTRO,17
1.49,40.0,3.5,5.1,10.47,8.6,42.83,2.1,10.5,155.0,CENTRO,18
1.53,38.0,3.4,6.0,11.02,9.5,41.44,2.0,8.6,155.0,CENTRO,19
1.51,38.0,3.1,6.0,10.86,9.1,40.05,2.1,8.9,146.0,CENTRO,20
1.43,42.0,3.0,4.3,9.66,7.3,43.25,2.0,9.7,149.0,CENTRO,21
1.43,39.0,3.1,5.1,11.01,8.1,38.07,2.0,7.9,115.0,CENTRO,22
1.46,34.0,3.1,6.2,11.25,9.3,43.25,1.9666666666666666,5.9,106.0,CENTRO,23
1.39,39.0,3.0,3.0,9.31,6.0,21.0,1.9333333333333333,6.8,130.0,CENTRO,0
1.37,40.0,3.0,2.6,8.09,5.6,14.0,1.9,4.5,138.0,CENTRO,1
1.35,44.0,3.0,1.7,6.21,4.7,12.0,2.0,7.1,139.0,CENTRO,2
1.34,44.0,3.0,1.4,5.88,4.4,11.0,2.0,8.1,151.0,CENTRO,3
1.35,42.0,3.0,1.4,6.45,4.3,9.0,1.95,8.2,89.0,CENTRO,4
1.36,38.0,3.0,1.8,7.43,4.8,9.0,1.9,5.9,77.0,CENTRO,5
1.37,35.0,3.0,3.2,8.17,6.2,9.0,2.0,7.4,71.0,CENTRO,6
1.45,28.0,3.3,5.9,9.58,9.2,15.0,1.9,7.7,76.0,CENTRO,7
1.61,17.0,4.5,10.0,10.22,14.5,22.0,1.9,7.2,78.0,CENTRO,8
1.71,14.0,5.6,11.7,11.11,17.2,23.0,2.0,7.3,80.0,CENTRO,9
1.73,15.0,6.2,11.1,12.3,17.2,27.0,2.0,6.9,82.0,CENTRO,10
1.71,17.0,5.5,10.1,12.24,15.5,25.0,2.033333333333333,6.8,64.0,CENTRO,11
1.71,18.0,5.3,9.7,17.93,14.9,20.0,2.066666666666667,7.0,69.0,CENTRO,12
1.66,23.0,4.9,8.5,14.92,13.4,48.0,2.1,7.0,68.0,CENTRO,13
1.69,25.0,5.3,8.2,14.97,13.4,10.0,2.0,5.7,97.0,CENTRO,14
1.59,28.0,4.2,6.6,15.02,10.8,16.0,1.9,6.0,125.0,CENTRO,15
1.72,23.0,4.7,10.3,14.56,15.0,15.0,2.0,5.5,69.0,CENTRO,16
1.75,23.0,4.5,10.2,14.75,14.7,18.0,2.0,7.5,85.0,CENTRO,17
1.63,29.0,3.6,7.7,9.66,11.3,22.0,1.9333333333333333,8.1,83.0,CENTRO,18
1.79,19.0,4.0,10.9,12.62,14.9,20.0,1.8666666666666667,5.5,77.0,CENTRO,19
1.59,28.0,3.2,6.1,10.19,9.3,22.0,1.8,6.9,132.0,CENTRO,20
1.48,34.0,3.1,3.3,11.964166666666666,6.4,7.0,1.9,8.2,155.0,CENTRO,21
1.45,36.0,3.0,2.5,13.738333333333333,5.5,7.0,1.9,9.4,169.0,CENTRO,22
1.45,36.0,3.0,2.4,15.5125,5.3,6.0,1.85,8.6,149.0,CENTRO,23
1.45,34.0,3.0,2.6,17.286666666666665,5.5,5.0,1.8,5.2,107.0,CENTRO,0
1.46,30.0,3.0,3.0,19.35,6.0,6.0,1.8,2.6,52.0,CENTRO,1
1.48,25.0,3.0,4.6,20.58,7.5,4.0,2.0,1.8,329.0,CENTRO,2
1.56,16.0,3.0,7.4,22.252,10.3,11.0,2.2,3.2,309.0,CENTRO,3
1.53,20.0,3.0,4.9,24.383333333333333,7.8,20.0,2.1,2.0,269.0,CENTRO,4
1.52,17.0,3.0,5.3,26.1575,8.3,20.0,1.9,2.6,331.0,CENTRO,5
1.56,12.0,3.3,7.0,27.931666666666665,10.3,21.0,2.2,2.9,303.0,CENTRO,6
1.7,7.0,4.4,9.6,29.70583333333333,13.9,33.0,2.9,2.3,273.0,CENTRO,7
1.87,6.0,11.4,10.5,31.48,21.9,55.0,3.2,3.7,311.0,CENTRO,8
2.27,5.0,21.7,10.6,30.84,32.2,47.0,2.5,2.9,330.0,CENTRO,9
2.39,8.0,18.0,10.7,30.93,28.6,54.0,2.6,4.2,37.0,CENTRO,10
1.83,15.0,8.4,8.5,30.19,16.9,59.0,2.5,4.3,350.0,CENTRO,11
1.87,17.0,9.2,9.0,31.29,18.2,42.0,2.8,3.9,84.0,CENTRO,12
2.01,17.0,12.5,11.7,37.91,24.2,38.0,3.2,5.0,90.0,CENTRO,13
2.16,12.0,13.2,14.7,43.75,27.8,48.0,3.0,6.3,140.0,CENTRO,14
2.35,9.0,18.3,16.7,49.59,34.9,54.0,4.6,7.4,72.0,CENTRO,15
2.26,8.0,20.1,16.4,49.25,36.4,96.0,7.4,5.1,99.0,CENTRO,16
2.59,6.0,24.2,17.6,54.27,41.8,93.0,6.9,6.4,346.0,CENTRO,17
2.72,6.0,27.5,18.2,55.57,45.7,108.0,6.2,1.8,124.0,CENTRO,18
3.4,6.0,45.6,18.1,58.42,63.6,110.0,5.4,2.0,76.0,CENTRO,19
3.53,5.75,44.4,16.3,62.56,60.6,115.0,4.3,1.5,243.0,CENTRO,20
4.04,5.5,62.1,15.2,65.32,77.2,123.0,3.9,1.8,270.0,CENTRO,21
4.04,5.25,69.1,14.0,66.66,83.1,136.0,3.5,2.0,251.0,CENTRO,22
4.26,5.0,80.7,14.3,69.95,94.9,131.0,3.6,1.6,273.0,CENTRO,23
4.43,5.0,88.2,14.1,76.83,102.2,140.0,3.5,1.8,246.0,CENTRO,0
3.78,6.0,66.1,13.3,70.56,79.4,140.0,3.2,1.9,247.0,CENTRO,1
3.03,8.0,49.5,13.9,72.78,63.3,113.0,5.2,2.6,245.0,CENTRO,2
2.23,5.0,25.5,11.2,49.5,36.7,121.0,6.5,2.6,320.0,CENTRO,3
2.02,5.0,20.0,9.6,40.51,29.5,76.0,4.5,1.8,191.0,CENTRO,4
1.92,5.0,17.2,8.6,33.22,25.7,68.0,3.3,1.9,314.0,CENTRO,5
2.8,5.333333333333333,32.5,9.9,60.17,42.4,61.0,3.6,1.5,258.0,CENTRO,6
3.05,5.666666666666667,29.3,9.8,60.26,39.0,83.0,3.6,1.0,240.0,CENTRO,7
2.79,6.0,33.3,10.1,44.95,43.3,73.0,4.5,3.2,215.0,CENTRO,8
2.9,7.0,49.0,12.4,41.59,61.4,82.0,6.9,2.7,334.0,CENTRO,9
3.62,8.0,53.5,18.0,64.98,71.4,103.0,8.4,3.7,3.0,CENTRO,10
3.31,13.0,29.5,21.8,73.13,51.3,125.0,14.1,3.7,97.0,CENTRO,11
2.39,24.0,15.8,15.0,49.44,30.8,124.0,13.0,7.2,98.0,CENTRO,12
1.73,38.0,5.7,6.7,18.97,12.4,79.0,7.4,6.3,65.0,CENTRO,13
1.69,46.0,4.4,4.8,13.22,9.2,44.0,5.1,7.0,36.0,CENTRO,14
1.63,46.0,4.2,4.4,9.81,8.6,26.0,3.6,6.7,42.0,CENTRO,15
1.61,46.0,4.3,6.0,11.0,10.3,17.0,5.7,5.9,99.0,CENTRO,16
1.65,49.0,3.9,6.2,12.61,10.1,25.0,4.3,6.5,87.0,CENTRO,17
1.72,48.0,3.4,8.1,14.86,11.4,28.0,3.2,6.6,97.0,CENTRO,18
1.91,31.0,3.6,13.6,16.78,17.2,30.0,3.4,6.8,121.0,CENTRO,19
1.78,29.0,3.4,11.2,14.31,14.6,37.0,3.9,7.9,68.0,CENTRO,20
1.63,33.0,3.2,8.2,10.34,11.4,29.0,3.3,9.3,87.0,CENTRO,21
1.6,33.0,3.0,7.5,10.01,10.4,22.0,5.6,4.3,128.0,CENTRO,22
1.51,40.0,3.0,4.3,8.61,7.2,18.0,3.2,7.1,134.0,CENTRO,23
1.51,39.0,3.0,4.2,8.7,7.1,13.0,2.7,6.3,126.0,CENTRO,0
1.48,41.0,3.0,3.2,8.27,6.1,14.0,2.6,4.9,135.0,CENTRO,1
1.52,34.0,3.0,4.6,8.63,7.6,9.0,2.7,3.9,86.0,CENTRO,2
1.55,27.0,3.0,8.0,13.315,11.0,11.0,3.1,6.7,56.0,CENTRO,3
1.53,30.0,3.0,6.5,18.0,9.4,20.0,10.7,5.1,17.0,CENTRO,4
1.49,42.0,3.0,2.4,16.58,5.3,24.0,20.2,7.3,81.0,CENTRO,5
1.54,32.0,3.0,4.2,18.099999999999998,7.2,13.0,3.7,3.3,53.0,CENTRO,6
1.67,13.0,4.9,10.3,19.62,15.2,16.0,3.2,3.8,348.0,CENTRO,7
1.95,7.0,10.9,14.3,21.14,25.1,30.0,3.4,4.3,35.0,CENTRO,8
2.15,11.0,17.6,14.8,25.29,32.4,55.0,6.8,7.2,38.0,CENTRO,9
1.83,26.0,7.0,9.0,22.32,16.0,75.0,5.0,9.1,70.0,CENTRO,10
1.61,41.0,4.3,4.8,15.8,9.1,36.0,3.1,7.7,117.0,CENTRO,11
1.62,46.0,4.4,4.7,14.04,9.1,20.0,2.7,9.1,89.0,CENTRO,12
1.67,47.0,4.7,5.5,18.34,10.2,22.0,2.9,10.3,62.0,CENTRO,13
1.67,48.0,4.2,4.7,16.593333333333334,8.9,23.0,2.4,12.5,80.0,CENTRO,14
1.64,48.0,4.0,4.3,14.846666666666668,8.3,24.0,2.3,14.0,82.0,CENTRO,15
1.61,50.0,3.6,3.5,13.1,7.1,25.0,2.2,12.4,125.0,CENTRO,16
1.61,47.0,3.5,3.6,13.42,7.0,20.0,2.1,13.7,136.0,CENTRO,17
1.64,43.0,3.3,4.4,14.02,7.7,26.0,2.2,13.1,139.0,CENTRO,18
1.66,38.0,3.2,5.0,13.36,8.2,23.0,2.1,12.4,132.0,CENTRO,19
1.65,37.0,3.1,4.5,13.49,7.6,17.0,2.0,12.4,142.0,CENTRO,20
1.59,39.0,3.0,3.3,13.32,6.3,22.0,2.0,11.5,134.0,CENTRO,21
1.57,38.0,3.0,2.7,12.69,5.7,18.0,1.9666666666666666,11.4,140.0,CENTRO,22
1.57,38.0,3.02,2.5,12.21,5.5,18.0,1.9333333333333333,9.7,139.0,CENTRO,23
1.56,38.0,3.04,2.3,12.555000000000001,5.2,10.0,1.9,8.7,142.0,CENTRO,0
1.56,37.0,3.06,2.1,12.9,5.0,13.0,2.0,5.8,131.0,CENTRO,1
1.58,34.0,3.08,3.0,12.996666666666666,6.0,13.0,2.1,5.3,84.0,CENTRO,2
1.59,25.0,3.1,6.0,13.093333333333334,9.1,10.0,2.8,5.5,58.0,CENTRO,3
1.57,33.0,3.0,2.3,13.19,5.2,16.0,2.1,3.5,77.0,CENTRO,4
1.58,28.0,3.0,3.4,16.91,6.3,8.0,2.0,4.7,68.0,CENTRO,5
1.76,15.0,3.3,8.2,20.63,11.4,10.0,4.9,3.8,66.0,CENTRO,6
1.65,18.0,3.1,7.0,24.35,10.0,31.0,3.8,3.2,95.0,CENTRO,7
1.76,10.0,3.7,9.9,26.746666666666666,13.5,22.0,4.2,0.9,287.0,CENTRO,8
2.01,5.0,9.5,12.3,29.143333333333334,21.8,32.0,4.6,3.2,45.0,CENTRO,9
2.04,6.0,11.3,12.4,31.54,23.6,69.0,3.3,1.5,343.0,CENTRO,10
2.5,6.0,13.2,12.4,37.67,25.6,45.0,2.9,3.6,21.0,CENTRO,11
2.49,8.0,17.1,13.2,42.87,30.3,59.0,2.8,1.8,339.0,CENTRO,12
2.2,15.0,9.8,11.8,41.8915625,21.6,74.0,2.5,2.3,40.0,CENTRO,13
2.37,18.0,11.5,14.5,40.913125,26.0,58.0,2.6,3.9,61.0,CENTRO,14
2.57,16.0,14.5,19.7,39.934687499999995,34.2,70.0,3.3,3.5,70.0,CENTRO,15
2.53,10.0,19.2,22.5,38.95625,41.8,89.0,6.6,3.1,70.0,CENTRO,16
2.62,8.0,19.6,22.9,20.11,42.4,88.0,7.1,3.0,74.0,CENTRO,17
2.73,7.0,20.9,23.5,19.44,44.3,86.0,5.9,3.9,80.0,CENTRO,18
2.87,5.0,20.5,22.9,18.34,43.4,95.0,4.2,1.4,84.0,CENTRO,19
2.94,5.0,24.1,21.0,18.425,45.1,89.0,3.8,1.8,350.0,CENTRO,20
2.98,5.0,27.0,18.7,18.445,45.6,114.0,3.3,1.5,323.0,CENTRO,21
3.11,3.0,32.6,18.2,18.11,50.8,122.0,3.2,1.1,242.0,CENTRO,22
3.2,5.0,30.9,18.7,18.87,49.6,123.0,3.2,0.9,292.0,CENTRO,23
3.3,6.0,33.1,18.8,18.81,51.8,109.0,3.7,2.2,210.0,CENTRO,0
3.44,6.0,37.3,17.5,19.35,54.8,115.0,3.5,2.2,124.0,CENTRO,1
3.07,6.0,27.0,16.7,20.58,43.7,108.0,3.6,1.9,177.0,CENTRO,2
2.83,7.0,21.7,16.0,22.252,37.6,94.0,4.5,2.1,271.0,CENTRO,3
2.48,7.0,15.7,13.4,22.89,29.0,85.0,5.5,2.4,233.0,CENTRO,4
1.96,6.0,5.0,10.1,23.005000000000003,15.1,60.0,5.0,2.6,277.0,CENTRO,5
1.9,6.0,4.1,9.8,23.381666666666668,13.8,29.0,4.2,2.8,221.0,CENTRO,6
1.79,8.0,4.5,9.4,24.314999999999998,13.9,31.0,4.8,3.7,236.0,CENTRO,7
2.02,6.0,15.2,11.3,26.27,26.4,31.0,5.4,3.3,202.0,CENTRO,8
1.96,8.0,12.2,10.3,28.94,22.4,45.0,5.0,1.2,165.0,CENTRO,9
2.13,12.0,16.9,11.9,30.36,28.7,50.0,6.8,3.2,139.0,CENTRO,10
1.9,22.0,6.7,9.3,31.595,16.0,54.0,6.6,2.6,104.0,CENTRO,11
1.81,32.0,6.0,8.3,31.630000000000003,14.2,30.0,4.4,2.3,59.0,CENTRO,12
1.65,43.0,4.0,4.4,29.5,8.5,28.0,3.5,4.3,50.0,CENTRO,13
1.61,52.0,3.5,2.9,25.7,6.4,14.0,2.5,7.5,27.0,CENTRO,14
1.67,56.0,3.3,2.8,24.59,6.1,10.0,2.8,8.8,25.0,CENTRO,15
1.61,52.0,3.4,3.0,15.473750000000003,6.4,17.0,2.4,8.1,47.0,CENTRO,16
1.6,47.0,3.3,4.2,14.495312500000002,7.5,13.0,2.9,5.7,149.0,CENTRO,17
1.67,44.0,3.1,6.3,13.516875000000002,9.4,11.0,2.4,4.7,177.0,CENTRO,18
1.88,26.0,3.7,12.7,12.538437500000004,16.4,13.0,2.8,3.6,163.0,CENTRO,19
1.72,38.0,3.0,6.6,11.56,9.5,29.0,2.6,7.3,115.0,CENTRO,20
1.65,38.0,3.0,4.8,12.15,7.7,24.0,2.4,7.3,105.0,CENTRO,21
1.69,31.0,3.1,6.3,13.32,9.4,22.0,2.3,4.2,94.0,CENTRO,22
1.62,37.0,2.9,4.1,9.16,7.0,15.0,2.2,6.5,145.0,CENTRO,23
1.81,18.0,3.4,9.8,11.103333333333333,13.2,11.0,4.0,2.7,239.0,CENTRO,0
1.89,11.0,3.4,13.3,13.046666666666667,16.6,22.0,10.6,2.9,243.0,CENTRO,1
1.73,21.0,3.0,8.2,14.99,11.2,29.0,10.7,4.3,231.0,CENTRO,2
1.7,22.0,3.0,8.7,18.2,11.7,26.0,14.5,4.2,229.0,CENTRO,3
1.66,23.0,2.9,7.1,15.55,10.0,31.0,8.6,4.7,237.0,CENTRO,4
1.62,25.0,3.0,6.3,13.34,9.3,24.0,7.2,4.3,237.0,CENTRO,5
1.6,25.0,3.0,6.6,13.75,9.6,31.0,7.3,3.4,275.0,CENTRO,6
1.74,10.0,6.5,12.1,17.49,18.6,26.0,6.8,2.3,263.0,CENTRO,7
2.1,7.0,19.5,14.1,17.13,33.5,40.0,7.4,2.5,289.0,CENTRO,8
2.27,9.0,23.9,14.6,20.15,38.4,68.0,7.8,3.9,241.0,CENTRO,9
2.17,15.0,15.9,15.0,21.11,30.9,72.0,7.9,4.4,237.0,CENTRO,10
2.23,22.0,14.0,17.0,33.52,30.9,67.0,6.2,3.3,64.0,CENTRO,11
2.75,20.0,26.9,28.7,37.35,55.5,82.0,21.4,4.2,61.0,CENTRO,12
2.27,39.0,11.5,21.8,41.18,33.2,118.0,13.1,5.6,89.0,CENTRO,13
2.23,55.0,7.2,20.0,42.53,27.2,68.0,7.9,7.2,105.0,CENTRO,14
1.96,68.0,4.7,11.6,28.22,16.2,73.0,5.8,6.7,88.0,CENTRO,15
1.84,80.0,3.7,7.7,19.58,11.4,51.0,7.2,8.1,76.0,CENTRO,16
1.8,73.0,3.3,6.8,16.31,10.1,40.0,5.2,7.9,112.0,CENTRO,17
1.72,57.0,3.1,5.2,11.06,8.3,35.0,3.1,8.2,160.0,CENTRO,18
1.96,36.0,3.4,10.6,13.95,13.9,16.0,2.8,6.6,136.0,CENTRO,19
1.92,28.0,3.1,9.9,15.65,13.0,23.0,2.7,6.4,121.0,CENTRO,20
1.76,33.0,3.1,6.1,13.26,9.1,25.0,2.6,4.4,106.0,CENTRO,21
1.71,34.0,3.2,5.0,14.0,8.1,18.0,2.6,6.4,105.0,CENTRO,22
1.83,17.0,5.3,11.8,19.52,17.1,24.0,2.5,5.2,56.0,CENTRO,23
1.81,10.0,7.4,13.3,21.03,20.6,61.0,3.3,4.2,11.0,CENTRO,0
1.76,18.0,5.0,8.8,20.85,13.9,39.0,3.0,5.3,59.0,CENTRO,1
1.73,14.0,4.0,9.0,22.08,13.0,29.0,3.4,4.2,41.0,CENTRO,2
1.76,9.0,3.9,10.6,26.27,14.5,32.0,4.0,3.4,37.0,CENTRO,3
1.79,5.0,4.4,11.2,39.64,15.6,42.0,3.2,1.8,266.0,CENTRO,4
1.85,8.0,3.1,8.1,35.08,11.2,78.0,2.4,2.6,288.0,CENTRO,5
1.86,6.0,3.9,8.3,36.71,12.2,55.0,2.2,2.8,312.0,CENTRO,6
1.99,5.0,7.6,9.0,42.4,16.5,57.0,2.3,2.0,236.0,CENTRO,7
2.67,4.0,24.3,9.4,45.21,33.6,64.0,2.5,2.5,138.0,CENTRO,8
2.99,6.0,28.2,12.3,42.78,40.5,104.0,3.8,3.2,141.0,CENTRO,9
2.68,16.0,14.5,13.5,35.17,27.9,84.0,4.4,4.4,110.0,CENTRO,10
1.93,42.0,5.1,7.1,16.52,12.2,64.0,3.3,4.7,107.0,CENTRO,12
1.85,43.0,5.0,7.0,14.29,12.0,58.0,4.9,6.2,96.0,CENTRO,13
1.78,47.0,4.6,6.4,12.8,11.0,51.0,3.2,8.3,140.0,CENTRO,14
1.71,51.0,4.0,5.6,10.6,9.5,45.0,2.7,6.2,166.0,CENTRO,15
1.61,48.0,3.9,3.5,7.94,7.3,44.0,2.1,14.2,318.0,CENTRO,16
1.64,46.0,3.9,4.1,6.23,8.0,75.0,2.0,13.2,323.0,CENTRO,17
1.85,30.0,5.6,8.6,6.97,14.2,25.0,2.3,4.5,294.0,CENTRO,19
1.89,20.0,4.5,14.1,12.79,18.6,26.0,5.1,6.8,55.0,CENTRO,20
1.88,15.0,5.6,15.6,16.16,21.1,55.0,2.7,5.2,351.0,CENTRO,21
1.84,35.0,3.1,8.0,11.3,11.1,50.0,3.2,10.4,2.0,CENTRO,22
1.7,39.0,3.1,5.0,13.86,8.1,34.0,3.0,6.9,45.0,CENTRO,23
1.64,30.0,3.0,7.2,7.34,10.1,38.0,2.5,6.6,65.0,CENTRO,0
1.63,33.0,3.0,5.5,7.98,8.5,39.0,2.4,6.8,72.0,CENTRO,1
1.67,28.0,2.975,7.6,12.14,10.5,38.0,3.5,7.1,109.0,CENTRO,2
1.62,22.0,2.9499999999999997,9.6,12.69,12.6,75.0,7.1,5.5,131.0,CENTRO,3
1.55,32.0,2.925,4.9,9.39,7.8,66.0,4.2,5.0,141.0,CENTRO,4
1.54,33.0,2.9,4.0,8.32,6.9,43.0,3.5,4.2,155.0,CENTRO,5
1.59,28.0,3.0,6.8,10.47,9.7,40.0,3.8,5.2,112.0,CENTRO,6
1.66,23.0,3.5,9.6,14.47,13.1,55.0,3.2,5.7,82.0,CENTRO,7
2.02,20.0,4.3,10.7,20.09,15.0,89.0,2.8,3.1,132.0,CENTRO,8
2.3,22.0,6.7,11.3,22.34,17.9,127.0,3.5,4.6,110.0,CENTRO,9
2.06,27.0,7.9,10.3,20.82,18.1,131.0,2.9,4.2,66.0,CENTRO,10
2.06,37.0,6.0,7.0,18.44,12.9,128.0,3.1,4.9,50.0,CENTRO,11
1.87,36.0,6.9,7.9,19.84,14.7,105.0,4.3,6.3,36.0,CENTRO,12
1.79,40.0,6.5,8.2,18.53,14.6,116.0,4.2,6.9,59.0,CENTRO,13
1.79,51.0,4.9,6.5,16.87,11.4,98.0,3.2,8.8,68.0,CENTRO,14
1.71,54.0,4.1,4.7,12.48,8.7,82.0,2.9,10.9,71.0,CENTRO,15
1.7,53.0,3.8,4.1,13.0,7.8,67.0,2.5,11.8,101.0,CENTRO,16
1.69,52.0,3.6,4.3,14.7,7.8,73.0,2.4,11.5,112.0,CENTRO,17
1.73,42.0,3.6,5.9,12.72,9.5,76.0,2.3,13.0,94.0,CENTRO,18
1.75,35.0,3.8,7.8,11.56,11.6,77.0,2.3,11.5,95.0,CENTRO,19
1.78,33.0,3.2,8.2,11.87,11.4,70.0,2.45,7.5,123.0,CENTRO,20
1.7,35.0,3.2,7.1,11.47,10.2,50.0,2.6,4.6,133.0,CENTRO,21
1.67,37.0,3.3,6.1,11.31,9.3,43.0,2.3,4.3,135.0,CENTRO,22
1.67,33.0,3.4,7.6,13.01,10.9,38.0,2.2,4.9,101.0,CENTRO,23
1.64,32.0,3.7,7.8,10.72,11.4,40.0,2.2,4.5,80.0,CENTRO,0
1.63,24.0,4.9,10.8,11.39,15.6,36.0,8.1,6.5,51.0,CENTRO,1
1.68,11.0,5.8,14.8,17.83,20.6,35.0,16.8,4.7,35.0,CENTRO,2
1.63,18.0,3.5,11.1,17.1,14.6,47.0,9.6,5.1,40.0,CENTRO,3
1.64,21.0,3.0,8.2,17.36,11.2,49.0,6.7,6.9,3.0,CENTRO,4
1.64,18.0,3.1,9.0,19.48,12.0,88.0,5.0,5.8,357.0,CENTRO,5
1.67,14.0,3.3,11.1,16.17,14.4,79.0,6.8,5.0,2.0,CENTRO,6
1.73,8.0,4.7,14.1,19.24,18.7,62.0,7.0,4.6,11.0,CENTRO,7
1.91,12.0,6.8,13.5,15.93,20.3,71.0,6.1,4.7,43.0,CENTRO,8
1.86,25.0,5.4,9.6,20.22,15.0,49.0,7.4,6.1,54.0,CENTRO,9
1.85,33.0,5.6,7.4,24.91,13.0,45.0,7.0,6.0,50.0,CENTRO,10
1.77,41.0,4.6,5.4,33.27,10.0,47.0,15.8,8.2,68.0,CENTRO,11
1.82,41.0,4.6,6.6,44.52,11.2,59.0,11.8,10.0,65.0,CENTRO,12
1.83,41.0,3.9,6.4,43.49,10.3,62.0,10.9,8.5,78.0,CENTRO,13
1.8,46.0,3.7,5.3,35.51,9.0,57.0,5.6,7.1,82.0,CENTRO,14
1.87,41.0,3.8,7.2,38.24,11.0,54.0,4.7,8.0,57.0,CENTRO,15
1.96,33.0,4.4,9.4,37.78,13.9,53.0,6.7,8.6,56.0,CENTRO,16
2.39,20.0,5.2,12.8,40.38,18.1,56.0,3.9,8.1,18.0,CENTRO,17
2.15,11.0,8.1,15.2,35.39,23.2,79.0,3.3,6.0,22.0,CENTRO,18
2.27,7.0,8.9,15.4,31.62,24.2,79.0,3.4,5.6,71.0,CENTRO,19
2.18,4.0,11.5,14.3,29.81,25.7,75.0,3.7,6.2,35.0,CENTRO,20
2.21,9.0,5.3,10.9,24.21,16.2,62.0,2.8,7.4,27.0,CENTRO,21
2.05,12.0,3.6,9.1,23.51,12.7,43.0,2.6,6.6,53.0,CENTRO,22
1.92,5.0,6.1,10.6,26.12,16.6,36.0,5.6,4.5,118.0,CENTRO,23
1.94,4.0,5.7,10.5,25.33,16.2,49.0,5.5,1.6,206.0,CENTRO,0
2.04,5.0,8.4,10.9,28.17,19.3,38.0,4.9,3.7,101.0,CENTRO,1
1.81,8.0,4.4,8.4,24.27,12.8,39.0,3.0,4.4,31.0,CENTRO,2
1.84,5.0,5.6,9.3,25.25,15.0,31.0,2.9,2.6,174.0,CENTRO,3
1.8,5.0,3.6,8.7,23.91,12.3,33.0,2.4,1.9,184.0,CENTRO,4
1.88,4.0,6.8,9.2,27.04,16.0,29.0,2.4,3.2,359.0,CENTRO,5
1.97,4.0,15.0,10.2,30.38,25.2,35.0,2.7,4.1,41.0,CENTRO,6
1.84,5.0,7.1,9.1,31.56,16.1,54.0,2.6,5.2,88.0,CENTRO,7
2.05,4.0,17.1,9.7,32.55,26.8,47.0,3.4,4.0,37.0,CENTRO,8
2.27,5.0,16.0,9.4,38.849999999999994,25.4,62.0,2.7,3.2,2.0,CENTRO,9
2.23,6.0,18.3,9.8,45.15,28.1,74.0,2.6,3.6,38.0,CENTRO,10
2.48,6.0,25.8,11.4,51.449999999999996,37.1,79.0,2.9,2.8,30.0,CENTRO,11
2.44,10.0,27.2,13.4,57.74999999999999,40.5,105.0,4.2,4.6,111.0,CENTRO,12
2.42,15.0,23.6,16.1,64.05,39.5,126.0,6.5,4.9,110.0,CENTRO,13
2.32,31.0,11.3,14.3,70.35,25.6,117.0,5.3,7.7,100.0,CENTRO,14
2.08,46.0,5.6,9.2,57.67,14.7,89.0,5.8,9.0,75.0,CENTRO,15
1.99,51.0,4.5,7.8,48.05,12.3,82.0,5.9,9.7,73.0,CENTRO,16
2.02,46.0,4.5,8.5,46.04,13.0,67.0,4.5,10.7,62.0,CENTRO,17
2.01,39.0,3.8,9.6,47.33,13.3,64.0,5.4,11.2,85.0,CENTRO,18
1.99,35.0,3.3,8.9,51.06,12.2,64.0,4.9,9.5,118.0,CENTRO,19
1.9,38.0,3.1,7.1,47.98,10.2,61.0,6.0,7.2,135.0,CENTRO,20
2.0,11.0,5.9,13.0,32.54,18.8,50.0,10.5,10.4,47.0,CENTRO,21
1.9,15.0,4.2,11.3,27.47,15.5,56.0,10.9,8.2,40.0,CENTRO,22
1.83,18.0,3.6,9.8,24.5,13.4,39.0,7.1,6.0,51.0,CENTRO,23
1.81,22.0,3.3,7.8,22.384999999999998,11.15,33.5,5.0,6.25,55.0,CENTRO,0
1.79,26.0,3.0,5.8,20.27,8.9,28.0,2.9,6.5,59.0,CENTRO,1
1.85,21.0,3.0,7.4,22.99,10.4,32.0,3.0,3.4,86.0,CENTRO,2
1.84,17.0,3.0,8.3,23.85,11.4,31.0,3.2,3.9,191.0,CENTRO,3
1.8,16.0,3.0,7.9,27.08,10.9,35.0,3.1,4.2,40.0,CENTRO,4
1.78,6.0,4.1,11.8,23.03,15.8,42.0,2.6,1.7,46.0,CENTRO,5
1.95,8.0,3.5,10.2,25.61,13.7,32.0,2.5,1.2,271.0,CENTRO,6
2.05,6.0,5.9,11.1,28.57,17.1,32.0,2.6,1.6,273.0,CENTRO,7
2.1,5.0,11.2,11.0,31.96,22.2,41.0,2.8,1.9,257.0,CENTRO,8
2.21,8.0,15.4,10.8,36.51,26.1,50.0,3.0,3.2,335.0,CENTRO,9
2.16,15.0,10.2,10.1,44.78,20.2,65.0,3.2,2.8,94.0,CENTRO,10
2.26,14.0,17.1,13.7,57.29,30.7,82.0,5.2,4.5,108.0,CENTRO,11
2.16,21.0,13.0,13.3,42.32,26.3,131.0,6.0,5.6,93.0,CENTRO,12
2.23,29.0,11.1,16.0,53.06,27.0,70.0,8.2,5.2,98.0,CENTRO,13
2.18,35.0,7.8,14.8,52.08,22.6,101.0,6.3,4.5,35.0,CENTRO,14
2.15,41.0,6.3,13.9,46.14,20.1,96.0,5.5,5.4,101.0,CENTRO,15
2.1,46.0,4.6,11.9,41.03,16.4,81.0,4.7,4.6,139.0,CENTRO,16
2.05,48.0,3.6,10.5,33.08,14.0,68.0,4.8,4.8,151.0,CENTRO,17
1.98,47.0,3.3,9.6,27.15,12.9,57.0,3.0,4.9,127.0,CENTRO,18
2.15,27.0,3.0,15.4,29.16,18.4,51.0,2.8,2.5,167.0,CENTRO,19
2.3,15.0,4.1,18.8,40.94,22.8,54.0,3.1,2.7,185.0,CENTRO,20
2.07,22.0,3.1,12.1,27.5,15.2,73.0,2.7,2.2,40.0,CENTRO,21
2.19,10.0,4.2,16.4,28.65,20.6,43.0,2.9,1.0,321.0,CENTRO,22
2.13,10.0,3.4,15.9,37.18,19.2,46.0,3.2,1.2,272.0,CENTRO,23
2.26,9.0,6.3,16.0,34.99,22.2,59.0,2.8,0.9,271.0,CENTRO,0
2.48,5.0,9.8,17.4,41.66,27.1,52.0,3.0,1.1,272.0,CENTRO,1
2.48,7.0,12.6,16.9,45.66,29.5,59.0,5.5,3.3,230.0,CENTRO,2
2.41,7.0,9.1,16.5,46.25,25.6,78.0,6.5,1.3,345.0,CENTRO,3
2.59,7.0,15.2,16.3,55.29,31.4,86.0,4.9,1.1,249.0,CENTRO,4
2.45,7.5,11.0,15.6,50.48,26.6,96.0,5.7,1.5,300.0,CENTRO,5
2.25,8.0,5.8,14.7,45.66,20.4,77.0,7.4,1.2,355.0,CENTRO,6
2.15,8.0,4.3,13.9,41.86,18.2,65.0,8.3,1.5,310.0,CENTRO,7
2.16,9.0,6.0,13.5,38.75,19.4,63.0,7.7,1.9,275.0,CENTRO,8
2.14,16.0,7.7,11.9,35.0,19.6,57.0,11.7,3.4,258.0,CENTRO,9
2.14,23.0,9.0,12.1,36.25,21.1,56.0,11.7,2.2,115.0,CENTRO,10
2.25,37.0,7.3,11.6,50.77,18.9,65.0,7.6,2.3,54.0,CENTRO,11
2.66,45.0,8.2,16.6,84.23,24.8,86.0,10.1,3.2,47.0,CENTRO,12
2.18,59.0,5.1,11.1,52.97,16.1,103.0,5.8,5.4,82.0,CENTRO,13
2.11,69.0,4.1,9.5,43.44,13.5,61.0,5.5,4.8,83.0,CENTRO,14
2.1,68.0,3.8,9.7,39.42,13.4,59.0,7.2,5.6,83.0,CENTRO,15
2.27,66.0,3.6,8.7,40.45,12.2,57.0,6.1,7.3,80.0,CENTRO,16
2.45,58.0,3.4,8.7,36.35,12.1,61.0,3.8,7.0,84.0,CENTRO,17
2.38,59.0,3.2,7.4,32.25,10.5,69.0,3.5,6.9,107.0,CENTRO,18
2.21,55.0,3.0,6.5,31.41,9.5,41.0,3.2,6.2,130.0,CENTRO,19
2.07,51.0,3.0,6.2,31.049791666666668,9.2,36.0,3.0,5.6,143.0,CENTRO,20
2.14,42.0,3.0,8.0,30.689583333333335,10.9,37.0,2.9,4.1,122.0,CENTRO,21
2.07,38.0,3.0,7.1,30.329375,10.1,39.0,2.7,3.1,113.0,CENTRO,22
2.22,19.0,3.2,12.3,29.969166666666666,15.5,32.0,2.7,1.9,270.0,CENTRO,23
2.41,10.0,3.4,16.3,18.81,19.7,37.0,3.0,0.9,269.0,CENTRO,0
2.7,5.0,10.9,17.5,19.35,28.3,47.0,2.9,1.4,310.0,CENTRO,1
2.67,4.0,11.7,15.4,20.58,27.0,68.0,2.8,1.0,287.0,CENTRO,2
2.6,5.0,11.5,14.3,22.252,25.7,61.0,2.7,0.9,282.0,CENTRO,3
2.76,5.0,12.2,16.5,22.89,28.6,66.0,3.2,1.0,312.0,CENTRO,4
2.49,5.0,7.0,14.7,23.005000000000003,21.7,64.0,3.0,1.0,236.0,CENTRO,5
2.35,5.333333333333333,4.5,13.0,23.381666666666668,17.5,61.0,2.8,1.4,240.0,CENTRO,6
2.5,5.666666666666667,7.4,15.6,24.314999999999998,23.0,54.0,3.5,2.1,271.0,CENTRO,7
2.52,6.0,7.6,15.5,26.27,23.1,62.0,4.1,1.2,236.0,CENTRO,8
2.62,9.0,12.1,15.8,28.94,27.8,79.0,5.7,2.4,286.0,CENTRO,9
2.54,18.0,12.5,16.1,30.36,28.6,89.0,8.7,2.8,55.0,CENTRO,10
2.57,23.0,11.0,18.5,31.595,29.4,87.0,8.1,3.0,105.0,CENTRO,11
2.51,19.0,11.8,18.5,31.630000000000003,30.3,91.0,6.0,2.8,173.0,CENTRO,12
2.91,23.0,14.6,23.7,29.5,38.3,70.0,5.4,6.0,120.0,CENTRO,13
2.63,53.0,7.2,16.8,25.7,23.9,89.0,4.8,7.8,98.0,CENTRO,14
2.3,57.0,4.2,9.3,24.59,13.5,94.0,4.0,10.1,81.0,CENTRO,15
2.33,53.0,3.9,11.4,21.97,15.3,60.0,13.7,7.7,43.0,CENTRO,16
2.44,46.0,4.1,14.7,20.11,18.8,73.0,23.4,5.9,56.0,CENTRO,17
2.3,43.0,3.4,13.3,19.44,16.7,82.0,19.2,6.2,5.0,CENTRO,18
2.38,28.0,3.1,14.7,18.34,17.8,69.0,9.6,2.6,334.0,CENTRO,19
2.51,6.0,6.7,19.7,18.425,26.4,72.0,8.5,2.9,240.0,CENTRO,20
2.64,5.0,14.4,18.5,18.445,32.8,72.0,6.9,2.5,279.0,CENTRO,21
2.86,5.0,20.0,18.6,18.11,38.7,66.0,6.3,3.3,257.0,CENTRO,22
2.9,4.0,19.3,19.3,18.87,38.6,76.0,6.5,4.5,206.0,CENTRO,23
2.93,5.0,29.3,18.3,18.81,47.5,79.0,7.7,4.2,152.0,CENTRO,0
2.76,5.0,25.5,16.7,19.35,42.0,93.0,7.2,3.9,259.0,CENTRO,1
2.58,4.0,18.4,16.8,20.58,35.2,77.0,6.5,3.9,254.0,CENTRO,2
2.53,4.0,17.7,15.9,22.252,33.6,65.0,5.3,2.9,254.0,CENTRO,3
2.35,5.0,11.0,14.8,22.89,25.8,57.0,4.6,3.3,305.0,CENTRO,4
2.18,8.0,5.9,14.2,23.005000000000003,20.1,43.0,6.9,3.0,255.0,CENTRO,5
2.05,11.0,3.7,11.5,23.381666666666668,15.1,39.0,7.0,2.8,245.0,CENTRO,6
2.25,12.0,10.2,14.0,24.314999999999998,24.1,38.0,13.6,3.1,244.0,CENTRO,7
2.63,13.0,27.5,15.3,26.27,42.7,70.0,20.2,3.6,247.0,CENTRO,8
3.02,12.0,42.4,16.1,28.94,58.4,118.0,17.5,2.8,252.0,CENTRO,9
3.33,8.0,48.7,18.7,30.36,67.3,104.0,12.4,3.9,254.0,CENTRO,10
3.29,9.0,44.0,20.8,31.595,64.8,126.0,7.6,2.7,167.0,CENTRO,11
2.26,24.0,10.2,12.3,31.630000000000003,22.6,96.0,5.4,3.9,95.0,CENTRO,12
2.1,30.0,7.6,10.4,29.5,17.9,32.0,5.0,5.9,112.0,CENTRO,13
2.16,39.0,6.5,10.4,25.7,17.0,27.0,3.1,7.4,100.0,CENTRO,14
2.05,52.0,4.7,8.2,15.560833333333333,12.9,30.0,2.8,6.3,93.0,CENTRO,15
2.02,61.0,3.9,7.0,15.200625,10.9,33.0,2.7,6.3,89.0,CENTRO,16
2.14,55.0,3.8,9.3,14.840416666666668,13.1,27.0,3.0,5.6,86.0,CENTRO,17
2.29,34.0,4.3,15.9,14.480208333333334,20.1,35.0,3.7,4.3,93.0,CENTRO,18
2.82,9.0,14.8,22.5,14.12,37.3,45.0,5.1,1.6,118.0,CENTRO,19
2.33,21.0,4.3,15.7,15.06,20.0,45.0,7.2,2.8,117.0,CENTRO,20
2.16,27.0,4.0,12.3,17.49,16.3,46.0,7.4,2.4,99.0,CENTRO,21
2.25,12.0,5.8,16.9,22.56,22.7,67.0,6.9,2.2,339.0,CENTRO,22
2.89,6.0,21.9,20.9,31.55,42.8,101.0,7.5,2.5,275.0,CENTRO,23
2.84,9.0,28.3,21.2,34.71,49.4,101.0,8.9,2.8,248.0,CENTRO,0
2.5,7.0,13.7,19.1,26.99,32.8,115.0,8.6,1.5,266.0,CENTRO,1
2.31,6.0,6.2,17.1,19.45,23.3,76.0,7.5,2.2,257.0,CENTRO,2
2.27,9.0,6.3,16.3,22.77,22.6,47.0,9.8,2.7,254.0,CENTRO,3
2.38,9.0,10.0,17.4,33.75,27.4,54.0,13.6,2.7,244.0,CENTRO,4
2.42,8.0,7.2,16.2,29.74,23.4,74.0,11.3,2.3,255.0,CENTRO,5
2.51,6.0,11.2,14.4,28.76,25.5,64.0,8.5,6.9,86.0,CENTRO,6
2.05,5.0,7.2,10.5,22.62,17.6,92.0,7.0,10.8,125.0,CENTRO,7
2.18,6.0,9.4,9.4,15.87,18.7,157.0,4.9,9.7,123.0,CENTRO,8
2.1,10.0,8.8,7.2,16.89,16.0,75.0,5.0,10.2,75.0,CENTRO,9
2.04,12.0,9.5,5.9,19.26,15.4,73.0,6.1,8.8,76.0,CENTRO,10
2.13,14.0,10.5,6.7,24.54,17.2,62.0,6.3,7.6,76.0,CENTRO,11
2.11,15.0,10.0,6.8,23.33,16.8,74.0,4.8,8.5,63.0,CENTRO,12
2.12,16.0,9.3,6.9,23.41,16.1,83.0,6.3,6.3,56.0,CENTRO,13
2.07,20.0,8.0,7.1,21.79,15.1,64.0,6.5,6.7,89.0,CENTRO,14
2.08,19.0,8.2,8.4,24.23,16.6,50.0,6.8,7.4,42.0,CENTRO,15
2.13,21.0,6.5,9.1,25.3,15.5,57.0,5.7,7.0,57.0,CENTRO,16
2.16,25.0,5.9,8.3,24.46,14.1,64.0,5.3,9.8,70.0,CENTRO,17
2.14,18.0,4.9,8.0,18.83,12.8,71.0,3.9,10.5,30.0,CENTRO,18
2.11,15.0,5.1,8.9,16.44,14.0,60.0,5.8,10.6,52.0,CENTRO,19
2.06,13.0,6.3,8.6,14.85,15.0,52.0,6.9,11.6,31.0,CENTRO,20
2.0,21.0,3.5,5.0,13.17,8.5,65.0,3.3,10.3,30.0,CENTRO,21
1.89,20.0,3.3,5.7,10.77,9.0,73.0,3.9,8.1,67.0,CENTRO,22
1.89,15.0,3.1,7.2,10.76,10.3,37.0,6.9,5.2,146.0,CENTRO,23
1.94,17.0,3.0,6.4,11.38,9.4,28.0,4.6,6.1,55.0,CENTRO,0
1.84,20.0,3.1,6.1,11.82,9.2,33.0,3.7,10.0,45.0,CENTRO,1
1.86,25.0,3.0,4.7,11.0,7.7,41.0,4.0,8.6,97.0,CENTRO,2
1.88,18.0,3.1,7.0,13.17,10.0,35.0,5.7,4.7,102.0,CENTRO,3
1.92,12.0,3.7,8.9,14.37,12.5,36.0,6.5,5.4,92.0,CENTRO,4
2.24,8.0,5.5,10.5,18.25,16.0,42.0,6.2,4.0,76.0,CENTRO,5
2.53,7.0,5.6,10.8,18.43,16.4,59.0,6.5,2.9,97.0,CENTRO,6
2.15,5.0,12.1,11.3,20.62,23.3,53.0,6.7,2.7,123.0,CENTRO,7
2.34,6.0,18.7,11.2,20.85,29.9,58.0,5.8,3.3,150.0,CENTRO,8
2.38,9.0,19.5,10.2,20.22,29.7,54.0,4.5,1.8,147.0,CENTRO,9
2.5,13.0,20.8,11.1,25.24,31.8,52.0,5.6,4.6,82.0,CENTRO,10
2.87,15.0,28.9,15.5,43.94,44.3,71.0,11.1,8.1,98.0,CENTRO,11
2.4,23.0,12.2,11.3,30.68,23.5,121.0,4.9,10.3,125.0,CENTRO,12
1.94,45.0,4.8,4.0,24.54,8.7,112.0,2.7,13.5,273.0,CENTRO,13
1.81,54.0,3.2,1.1,17.52,4.4,341.0,2.0,17.3,287.0,CENTRO,14
1.81,55.0,3.2,1.0,21.33,4.3,291.0,2.1,18.2,285.0,CENTRO,15
1.82,54.0,3.3,1.3,8.8,4.6,337.0,2.1,13.0,299.0,CENTRO,16
1.91,50.0,3.6,2.6,9.83,6.3,67.0,2.2333333333333334,10.9,321.0,CENTRO,17
1.92,43.0,3.7,4.4,8.32,8.1,52.0,2.3666666666666667,6.7,346.0,CENTRO,18
2.09,40.0,3.2,8.1,13.1,11.3,49.0,2.5,10.1,126.0,CENTRO,19
2.2,32.0,3.2,11.2,16.76,14.4,58.0,2.9,6.4,120.0,CENTRO,20
2.37,8.0,5.7,15.8,25.08,21.5,59.0,3.4,2.3,6.0,CENTRO,21
2.14,12.0,4.1,13.9,21.3,17.9,111.0,5.0,3.6,350.0,CENTRO,22
2.12,12.0,5.0,13.5,21.76,18.5,51.0,5.6,4.4,59.0,CENTRO,23
2.15,7.0,4.7,14.8,25.59,19.5,60.0,5.2,2.2,349.0,CENTRO,0
2.13,4.0,8.5,15.4,23.23,23.8,64.0,4.3,2.3,25.0,CENTRO,1
2.2,5.0,12.1,15.8,23.24,27.9,60.0,5.8,1.2,283.0,CENTRO,2
2.24,5.0,9.8,14.7,24.36,24.6,59.0,5.4,1.0,282.0,CENTRO,3
2.3,5.0,9.7,13.8,23.78,23.4,67.0,4.0,1.3,249.0,CENTRO,4
2.35,7.0,15.2,14.1,34.35,29.2,59.0,5.1,2.2,252.0,CENTRO,5
2.36,12.0,16.9,15.1,42.52,31.9,91.0,9.2,2.6,274.0,CENTRO,6
2.45,11.0,20.9,14.4,41.7,35.3,111.0,8.8,2.3,225.0,CENTRO,7
2.89,14.0,42.9,15.1,48.86,57.9,105.0,12.5,2.1,264.0,CENTRO,8
2.77,9.0,34.3,14.4,40.11,48.6,155.0,10.4,5.3,231.0,CENTRO,9
2.78,14.0,27.9,17.6,42.96,45.4,124.0,13.9,4.1,272.0,CENTRO,10
2.95,22.0,21.2,20.5,47.98,41.6,126.0,7.6,4.1,12.0,CENTRO,11
3.47,34.0,15.2,25.3,73.83,40.5,114.0,10.7,4.4,37.0,CENTRO,12
3.17,32.0,17.9,29.6,89.8,47.5,136.0,10.2,4.6,76.0,CENTRO,13
2.72,43.0,11.6,23.4,69.31,34.9,151.0,7.5,6.9,88.0,CENTRO,14
2.49,61.0,6.5,17.8,54.8,24.3,119.0,5.9,8.2,68.0,CENTRO,15
2.23,66.0,4.6,11.0,26.6,15.5,99.0,4.4,9.0,56.0,CENTRO,16
2.14,66.0,3.7,7.6,18.02,11.3,74.0,3.2,8.5,98.0,CENTRO,17
2.11,54.0,3.4,7.1,14.98,10.5,52.0,2.8,8.4,125.0,CENTRO,18
2.1,44.0,3.1,6.3,13.23,9.4,31.0,2.7,9.5,131.0,CENTRO,19
2.1,37.0,3.0,6.6,11.47,9.6,36.0,2.9,8.6,127.0,CENTRO,20
1.99,41.0,3.0,3.8,11.08,6.7,26.0,3.1,10.5,147.0,CENTRO,21
1.96,41.0,3.0500000000000003,3.1,11.43,6.0,22.0,3.2,7.5,152.0,CENTRO,22
2.1,27.0,3.1,7.0,13.42,10.1,25.0,3.0,2.6,267.0,CENTRO,23
2.62,8.0,11.5,16.2,27.92,27.7,35.0,4.4,3.0,237.0,CENTRO,0
2.57,7.0,12.0,17.6,34.34,29.6,60.0,5.3,1.6,265.0,CENTRO,1
2.42,9.0,8.8,17.6,32.01,26.3,70.0,6.7,1.9,288.0,CENTRO,2
3.07,7.0,16.7,16.4,36.16,33.0,69.0,5.3,1.5,271.0,CENTRO,3
3.14,6.0,13.9,15.5,38.81,29.3,77.0,4.6,0.9,312.0,CENTRO,4
2.75,4.0,18.3,14.6,47.64,32.9,76.0,3.8,2.2,290.0,CENTRO,5
2.41,5.0,8.7,13.5,33.93,22.1,95.0,3.5,2.6,283.0,CENTRO,6
2.29,6.0,7.3,13.4,27.64,20.6,56.0,3.9,1.2,302.0,CENTRO,7
2.47,7.0,8.9,13.2,21.75,22.1,50.0,4.2,1.5,295.0,CENTRO,8
2.53,11.0,19.9,14.2,22.8,34.1,48.0,5.3,1.4,35.0,CENTRO,9
3.57,15.0,27.6,18.4,45.51,45.9,66.0,10.1,3.8,21.0,CENTRO,10
3.01,21.0,16.3,17.1,49.64,33.4,116.0,8.7,4.9,26.0,CENTRO,11
3.12,29.0,14.8,21.7,68.1,36.5,99.0,8.9,6.0,34.0,CENTRO,12
2.58,33.0,11.7,18.4,51.06,30.1,126.0,12.3,7.7,52.0,CENTRO,13
2.49,55.0,6.9,15.3,52.1,22.2,95.0,7.8,8.9,69.0,CENTRO,14
2.23,72.0,3.9,6.8,26.71,10.7,90.0,5.2,11.9,67.0,CENTRO,15
2.1,61.0,3.4,3.8,16.16,7.1,53.0,3.4,9.9,118.0,CENTRO,16
2.02,55.0,3.1,2.5,13.13,5.6,29.0,2.8,11.8,145.0,CENTRO,17
2.03,52.0,3.1,2.8,12.49,5.9,26.0,3.0,11.5,128.0,CENTRO,18
2.09,45.0,3.0,4.3,13.87,7.3,24.0,2.9,8.2,151.0,CENTRO,19
2.13,34.0,3.1,4.7,15.07,7.8,19.0,3.1,10.6,99.0,CENTRO,20
2.11,29.0,3.1,3.9,12.42,7.0,28.0,2.9,11.4,78.0,CENTRO,21
2.15,25.0,3.066666666666667,5.2,14.48,8.3,32.0,2.6,7.3,79.0,CENTRO,22
2.14,25.0,3.033333333333333,4.6,14.77,7.6,24.0,2.5,6.3,64.0,CENTRO,23
2.07,30.0,3.0,3.0,12.42,5.9,24.0,2.4,8.9,66.0,CENTRO,0
2.06,30.0,3.0,2.3,11.74,5.3,12.0,2.1,7.5,68.0,CENTRO,1
2.06,29.0,3.0166666666666666,2.2,10.74,5.1,17.0,2.2,5.4,66.0,CENTRO,2
2.05,29.0,3.033333333333333,1.9,12.77,4.8,18.0,2.1,3.9,54.0,CENTRO,3
2.04,28.0,3.0500000000000003,1.7,13.895,4.7,13.0,2.0,3.2,68.0,CENTRO,4
2.04,28.0,3.066666666666667,1.5,15.02,4.5,16.0,2.0,1.3,356.0,CENTRO,5
2.07,16.0,3.0833333333333335,4.9,18.093333333333334,7.9,14.0,2.1,0.9,234.0,CENTRO,6
2.23,8.0,3.1,8.6,21.166666666666664,11.8,24.0,2.8,1.4,241.0,CENTRO,7
2.21,10.0,3.6,8.7,24.24,12.3,38.0,3.6,1.9,223.0,CENTRO,8
2.23,14.0,4.7,8.0,22.76,12.7,31.0,4.0,2.2,226.0,CENTRO,9
2.26,16.0,5.4,7.8,25.12,13.2,28.0,3.9,2.6,251.0,CENTRO,10
2.23,26.0,4.4,5.4,26.85,9.7,36.0,3.1,4.3,296.0,CENTRO,11
2.16,45.0,3.7,3.4,24.67,7.0,44.0,2.9,4.7,21.0,CENTRO,12
2.35,47.0,5.8,8.6,37.27,14.4,44.0,4.1,4.5,68.0,CENTRO,13
2.49,61.0,5.4,10.3,42.5,15.7,63.0,5.6,6.0,98.0,CENTRO,14
2.29,52.0,6.2,12.4,36.37,18.6,65.0,8.5,6.6,74.0,CENTRO,15
2.27,72.0,3.8,7.5,33.15,11.3,54.0,6.2,8.3,86.0,CENTRO,16
2.23,65.0,3.7,8.2,29.33,11.9,46.0,5.3,8.0,87.0,CENTRO,17
2.2,65.0,3.1,5.6,26.86,8.6,51.0,3.6,7.7,66.0,CENTRO,18
2.38,57.0,3.0,11.2,41.69,14.1,46.0,18.3,3.8,63.0,CENTRO,19
2.63,34.0,3.0,15.9,60.97,18.9,69.0,21.2,1.4,309.0,CENTRO,20
2.84,15.0,3.1,20.9,61.17,24.0,87.0,14.7,1.4,272.0,CENTRO,21
3.22,4.0,9.7,25.5,72.1,35.1,83.0,10.8,0.9,318.0,CENTRO,22
2.85,5.0,5.9,21.5,48.83,27.4,105.0,5.6,1.6,297.0,CENTRO,23
2.9,7.0,9.0,19.2,55.46,28.2,64.0,5.9,4.1,351.0,CENTRO,0
2.36,8.0,3.2,10.9,34.32,14.0,83.0,4.6,2.8,279.0,CENTRO,1
2.4,13.0,3.0,10.1,43.1,13.1,160.0,3.7,2.6,326.0,CENTRO,2
2.33,18.0,2.9,7.7,43.39,10.6,143.0,3.1,2.0,282.0,CENTRO,3
2.45,9.0,3.0,9.4,43.0,12.3,157.0,2.8,1.6,316.0,CENTRO,4
2.39,8.0,3.1,9.0,40.67,12.1,129.0,2.8,1.4,290.0,CENTRO,5
2.37,6.0,3.2,8.7,39.47,11.9,129.0,2.5,1.6,83.0,CENTRO,6
2.42,3.0,7.4,8.9,43.89,16.3,129.0,2.4,1.4,227.0,CENTRO,7
3.0,4.0,25.7,9.8,43.11,35.4,162.0,2.6,1.9,285.0,CENTRO,8
2.89,9.0,16.3,10.7,39.69,27.0,140.0,3.0,3.8,307.0,CENTRO,9
2.65,16.0,8.3,9.3,47.17,17.6,150.0,3.0,4.0,349.0,CENTRO,10
2.75,26.0,8.2,11.4,60.42,19.6,159.5,3.4,3.5,31.0,CENTRO,11
3.01,30.0,12.2,17.6,61.97,29.8,169.0,7.0,4.7,70.0,CENTRO,12
2.78,55.0,6.3,14.0,53.53,20.2,181.0,6.8,7.7,92.0,CENTRO,13
2.65,77.0,4.3,11.1,47.68,15.4,162.0,5.1,8.8,89.0,CENTRO,14
2.53,97.0,3.5,8.5,39.02,12.0,120.0,4.6,10.0,84.0,CENTRO,15
2.29,95.0,3.1,5.2,23.34,8.3,108.0,3.2,7.8,117.0,CENTRO,16
2.24,79.0,3.0,4.7,20.29,7.7,88.0,2.8,10.0,131.0,CENTRO,17
2.3,67.0,3.0,6.5,21.18,9.5,111.0,3.1,8.9,148.0,CENTRO,18
2.29,66.0,3.0,5.8,22.69,8.8,100.0,3.7,10.3,140.0,CENTRO,19
2.32,59.0,2.9,6.9,23.01,9.8,85.0,4.3,7.1,117.0,CENTRO,20
2.46,43.0,3.1,10.5,27.89,13.6,136.0,3.9,3.3,94.0,CENTRO,21
2.56,22.0,3.7,15.2,36.72,18.9,50.0,3.3,2.4,331.0,CENTRO,22
2.97,5.0,15.4,21.3,42.47,36.7,114.0,4.0,5.3,331.0,CENTRO,23
2.7,4.0,8.6,16.5,39.51,25.1,91.0,3.6,3.8,348.0,CENTRO,0
2.27,9.0,4.1,10.2,29.99,14.3,74.0,4.1,3.9,47.0,CENTRO,1
2.41,10.0,3.0,7.5,29.09,10.5,50.0,3.9,3.2,77.0,CENTRO,2
2.77,15.0,3.0,7.2,26.31,10.2,35.0,5.7,2.6,72.0,CENTRO,3
2.65,13.0,3.3,7.3,24.24,10.6,41.0,3.7,1.8,78.0,CENTRO,4
2.34,6.0,3.9,10.2,24.81,14.1,43.0,3.4,3.9,125.0,CENTRO,5
2.42,6.0,5.6,10.1,24.7,15.6,39.0,3.6,4.4,115.0,CENTRO,6
2.46,4.0,11.2,10.9,25.42,22.1,50.0,4.5,4.3,121.0,CENTRO,7
2.63,4.0,17.4,10.0,29.45,27.4,52.0,6.4,5.4,81.0,CENTRO,8
2.92,6.0,13.7,9.8,29.0,23.4,61.0,4.9,5.3,41.0,CENTRO,9
2.65,8.0,11.8,9.2,30.6,21.0,69.0,4.0,6.4,54.0,CENTRO,10
2.69,8.0,14.7,9.3,36.87,24.0,71.0,4.2,6.9,97.0,CENTRO,11
2.61,11.0,11.6,8.5,36.5,20.1,106.0,4.0,8.1,75.0,CENTRO,12
2.58,13.0,8.7,7.8,32.61,16.5,95.0,3.6,8.9,78.0,CENTRO,13
2.46,16.0,6.5,6.8,29.03,13.3,83.0,3.6,8.0,69.0,CENTRO,14
2.42,14.0,6.8,7.8,28.61,14.6,66.0,4.3,7.3,68.0,CENTRO,15
2.39,16.0,5.7,7.2,27.25,12.8,61.0,3.8,8.9,53.0,CENTRO,16
2.4025000000000003,13.25,6.25,7.175,24.15,13.35,53.75,3.425,8.775,64.25,CENTRO,17
2.415,10.5,6.800000000000001,7.1499999999999995,21.05,13.9,46.5,3.05,8.65,75.5,CENTRO,18
2.4275,7.75,7.3500000000000005,7.125,17.95,14.45,39.25,2.675,8.525,86.75,CENTRO,19
2.44,5.0,7.9,7.1,14.85,15.0,32.0,2.3,8.4,98.0,CENTRO,20
2.42,6.0,5.9,7.6,14.47,13.4,17.0,2.4,7.1,93.0,CENTRO,21
2.32,7.0,5.5,6.7,14.52,12.1,17.0,2.2,6.7,81.0,CENTRO,22
2.28,8.0,4.1,5.9,15.237499999999999,9.9,10.0,2.2,6.7,80.0,CENTRO,23
2.4,8.0,3.9,5.4,15.955,9.3,8.0,2.6,4.3,63.0,CENTRO,0
2.58,5.0,7.0,6.3,16.6725,13.3,11.0,3.5,3.4,135.0,CENTRO,1
2.38,6.0,4.1,5.6,17.39,9.7,22.0,2.7,4.3,51.0,CENTRO,2
2.29,4.0,11.4,6.4,18.71,17.8,23.0,3.2,3.0,115.0,CENTRO,3
2.18,4.0,3.7,5.8,20.03,9.5,48.0,2.3,1.6,140.0,CENTRO,4
2.18,5.0,4.2,5.8,19.26,10.0,24.0,2.2,3.0,85.0,CENTRO,5
2.18,4.0,5.0,5.9,17.07,10.8,24.0,2.1,2.5,90.0,CENTRO,6
2.23,4.0,6.9,5.4,16.81,12.2,22.0,2.2,3.8,132.0,CENTRO,7
2.31,5.0,7.5,4.5,11.31,11.9,19.0,2.2,7.2,120.0,CENTRO,8
2.52,6.0,14.6,4.8,20.766666666666666,19.3,12.0,2.3,5.5,90.0,CENTRO,9
2.78,5.0,34.9,6.2,30.223333333333333,41.1,35.0,4.4,5.1,71.0,CENTRO,10
2.8,6.0,20.4,6.9,39.68,27.3,88.0,2.9,6.1,46.0,CENTRO,11
2.77,7.0,23.3,7.7,46.74,30.9,66.0,2.9,4.7,81.0,CENTRO,12
3.01,10.0,20.4,10.3,50.86,30.7,87.0,3.6,4.6,58.0,CENTRO,13
2.72,11.0,14.8,9.1,41.62,23.9,89.0,3.9,7.4,73.0,CENTRO,14
2.43,11.0,11.6,7.5,27.4,19.0,74.0,4.6,7.8,59.0,CENTRO,15
2.38,10.0,11.5,7.9,28.61,19.4,51.0,5.4,6.9,64.0,CENTRO,16
2.45,10.0,12.6,8.9,29.7,21.4,52.0,5.4,6.1,76.0,CENTRO,17
2.6,9.0,10.7,10.1,29.84,20.8,51.0,5.3,5.3,67.0,CENTRO,18
2.74,6.0,15.4,10.2,31.11,25.6,51.0,3.8,4.9,99.0,CENTRO,19
3.15,5.0,25.4,8.2,40.39,33.6,52.0,3.1,3.5,93.0,CENTRO,20
3.12,5.0,30.3,6.4,40.7,36.7,66.0,2.7,2.9,81.0,CENTRO,21
3.26,5.0,31.5,5.8,42.32,37.2,63.0,2.6,0.9,15.0,CENTRO,22
3.35,4.666666666666667,36.2,5.4,43.09,41.5,58.0,2.7,0.9,218.0,CENTRO,23
3.28,4.333333333333333,33.0,5.9,40.64,38.9,61.0,2.6,0.9,281.0,CENTRO,0
3.02,4.0,24.1,6.9,35.72,30.9,59.0,2.5,1.1,290.0,CENTRO,1
3.28,3.6666666666666665,37.2,6.9,43.09,44.1,51.0,2.8,0.9,349.0,CENTRO,2
3.9,3.3333333333333335,69.7,7.1,68.56,76.8,67.0,3.2,0.9,296.0,CENTRO,3
4.48,3.0,61.7,7.4,94.03,69.1,116.0,3.2,0.9,209.0,CENTRO,4
4.13,4.0,48.2,6.8,77.98,54.9,120.0,3.1,1.3,121.0,CENTRO,5
3.4,4.0,30.1,7.3,56.31,37.4,90.0,2.7,1.2,248.0,CENTRO,6
3.8,5.0,46.8,8.2,58.68,55.0,63.0,2.9,1.0,162.0,CENTRO,7
3.78,5.0,51.2,11.5,36.43,62.6,82.0,3.1,2.0,130.0,CENTRO,8
2.57,14.0,9.9,11.3,14.55,21.1,63.0,3.5,5.8,59.0,CENTRO,9
2.46,20.0,10.7,9.4,15.1,20.1,29.0,4.3,6.6,91.0,CENTRO,10
2.27,30.0,6.1,6.3,10.82,12.4,43.0,3.4,8.0,51.0,CENTRO,11
2.22,33.0,6.3,6.2,11.89,12.5,44.0,4.6,7.9,67.0,CENTRO,12
2.19,40.0,5.1,5.7,12.05,10.8,45.0,5.3,8.1,92.0,CENTRO,13
2.23,47.0,4.3,4.7,13.81,8.9,23.0,4.8,9.0,130.0,CENTRO,14
2.19,49.0,3.7,3.8,16.91,7.5,31.0,3.5,9.8,133.0,CENTRO,15
2.18,52.0,3.5,3.3,17.65,6.8,37.0,2.5,10.0,143.0,CENTRO,16
2.15,49.0,3.7,3.4,12.57,7.1,28.0,2.3,11.7,160.0,CENTRO,17
2.16,45.0,3.4,3.6,8.35,6.9,33.0,2.2,11.0,157.0,CENTRO,18
2.22,39.0,3.3,5.3,8.09,8.6,16.0,2.2,11.2,136.0,CENTRO,19
2.31,30.0,3.2,8.1,8.83,11.3,15.0,2.166666666666667,7.8,130.0,CENTRO,20
2.21,36.0,3.0,6.1,10.79,9.0,15.0,2.1333333333333333,7.5,125.0,CENTRO,21
2.15,40.0,3.0,4.4,8.86,7.3,14.0,2.1,8.2,125.0,CENTRO,22
2.12,41.0,2.9,4.0,7.9,6.9,9.0,2.1,7.9,130.0,CENTRO,23
2.09,43.0,2.9,3.3,11.5,6.2,8.0,7.8,10.9,106.0,CENTRO,0
2.1,45.0,2.914285714285714,2.7,15.1,5.5,26.0,2.7,8.9,89.0,CENTRO,1
2.11,42.0,2.9285714285714284,2.9,16.165,5.8,10.0,2.3,5.0,95.0,CENTRO,2
2.11,35.0,2.9428571428571426,3.0,17.23,5.9,10.0,2.2,8.2,75.0,CENTRO,3
2.1,34.0,2.9571428571428573,2.5,18.294999999999998,5.4,11.0,2.3,9.5,67.0,CENTRO,4
2.08,38.0,2.9714285714285715,1.9,19.36,4.7,21.0,3.1,10.1,79.0,CENTRO,5
2.08,43.0,2.9857142857142858,2.7,19.75,5.6,16.0,3.3,8.4,87.0,CENTRO,6
2.14,36.0,3.0,4.9,20.14,7.8,14.0,2.4,7.4,99.0,CENTRO,7
2.18,40.0,3.1,4.5,20.53,7.6,22.0,2.2,10.5,121.0,CENTRO,8
2.23,38.0,3.2,5.2,20.92,8.5,21.0,2.2,10.0,134.0,CENTRO,9
2.24,38.0,3.5,5.2,20.85,8.7,28.0,2.1,9.4,131.0,CENTRO,10
2.27,37.0,4.0,5.8,25.35,9.8,23.0,2.1,9.7,106.0,CENTRO,11
2.38,28.0,4.8,7.3,29.85,12.1,31.0,2.05,9.9,66.0,CENTRO,12
2.44,23.0,5.3,8.2,30.400000000000002,13.4,33.0,2.0,10.3,69.0,CENTRO,13
2.43,27.0,5.0,7.4,30.95,12.4,32.0,2.2,10.4,61.0,CENTRO,14
2.4,27.0,5.2,8.1,29.3175,13.3,22.0,2.5,9.3,54.0,CENTRO,15
2.46,25.0,4.5,8.3,27.685000000000002,12.8,23.0,2.1,10.1,82.0,CENTRO,16
2.43,26.0,4.0,7.3,26.052500000000002,11.3,29.0,2.1,8.1,100.0,CENTRO,17
2.37,28.0,3.5,6.3,24.42,9.9,34.0,2.125,8.0,123.0,CENTRO,18
2.46,24.0,3.6,7.8,27.288,11.3,23.0,2.1500000000000004,8.0,97.0,CENTRO,19
2.37,26.0,3.4,6.8,30.156,10.2,25.0,2.1750000000000003,6.3,91.0,CENTRO,20
2.38,21.0,3.4,8.5,33.024,11.9,25.0,2.2,5.5,62.0,CENTRO,21
2.42,14.0,4.4,11.4,35.891999999999996,15.9,33.0,2.8,5.3,61.0,CENTRO,22
2.37,9.0,6.3,13.4,38.76,19.7,41.0,4.1,7.2,34.0,CENTRO,23
2.28,8.0,5.2,13.6,36.59,18.8,45.0,5.3,6.7,17.0,CENTRO,0
2.25,9.0,4.4,12.6,34.42,17.0,40.0,5.2,4.9,17.0,CENTRO,1
2.22,27.0,2.9,5.7,27.97,8.5,38.0,3.2,2.7,45.0,CENTRO,2
2.2,27.0,2.9,4.9,27.305,7.8,25.0,2.9,4.1,64.0,CENTRO,3
2.19,26.0,3.0500000000000003,5.2,26.64,8.0,29.0,2.8,4.0,27.0,CENTRO,4
2.2,17.0,3.2,7.9,25.76,11.1,23.0,3.8,4.8,37.0,CENTRO,5
2.2,27.0,2.9,4.4,24.88,7.2,37.0,2.7,2.9,56.0,CENTRO,6
2.22,14.0,3.0,8.6,29.130000000000003,11.6,24.0,2.9,1.6,355.0,CENTRO,7
2.31,16.0,3.1,7.3,33.38,10.3,41.0,3.1,1.0,21.0,CENTRO,8
2.48,14.0,5.9,9.0,35.32,14.9,47.0,3.5,1.6,323.0,CENTRO,9
2.57,15.0,10.1,10.8,45.1,20.9,58.0,4.2,2.8,338.0,CENTRO,10
2.66,19.0,10.2,10.4,43.3,20.6,65.0,4.1,4.5,61.0,CENTRO,11
2.6,28.0,8.8,10.0,41.79,18.7,67.0,4.0,4.9,108.0,CENTRO,12
2.73,25.0,14.2,14.6,51.845,28.8,51.0,6.1,6.9,50.0,CENTRO,13
2.66,28.0,12.5,14.1,61.9,26.5,69.0,7.7,7.7,75.0,CENTRO,14
2.6,35.0,8.6,12.8,52.78,21.3,71.0,6.8,7.6,75.0,CENTRO,15
2.58,39.0,6.9,14.0,53.99,20.9,61.0,7.0,6.3,66.0,CENTRO,16
2.5,34.0,6.5,14.2,51.25,20.7,43.0,7.8,6.6,78.0,CENTRO,17
2.5,27.0,5.8,16.2,48.51,22.0,54.0,9.5,5.5,77.0,CENTRO,18
2.51,26.0,3.4,14.4,45.46,17.8,46.0,8.6,4.9,68.0,CENTRO,19
2.64,17.0,3.3,15.9,46.535,19.2,49.0,9.7,3.6,30.0,CENTRO,20
2.78,8.0,4.3,15.9,47.61,20.1,54.0,5.6,1.7,322.0,CENTRO,21
2.94,3.0,8.7,16.9,52.726,25.6,49.0,4.4,1.9,280.0,CENTRO,22
3.32,5.0,12.7,17.4,57.842,30.0,52.0,4.5,2.3,220.0,CENTRO,23
3.23,5.0,11.3,17.3,62.958,28.5,64.0,4.4,2.2,244.0,CENTRO,0
3.13,6.0,10.5,17.4,68.074,27.9,74.0,6.4,4.3,229.0,CENTRO,1
2.92,7.0,8.7,17.4,73.19,26.1,84.0,7.1,2.1,304.0,CENTRO,2
3.04,6.0,12.6,16.7,74.47999999999999,29.4,76.0,7.1,2.0,260.0,CENTRO,3
2.98,6.0,8.7,15.1,75.77,23.8,82.0,7.7,1.8,255.0,CENTRO,4
2.95,8.0,10.6,14.7,73.77499999999999,25.3,75.0,9.0,4.1,244.0,CENTRO,5
2.94,7.0,9.7,14.0,71.78,23.7,79.0,11.0,3.5,254.0,CENTRO,6
3.03,6.0,8.5,13.2,69.785,21.6,78.0,9.1,2.3,267.0,CENTRO,7
2.82,8.0,5.4,11.8,67.79,17.2,85.0,9.3,1.5,323.0,CENTRO,8
2.88,12.0,8.8,11.4,65.17,20.2,47.0,10.3,1.8,178.0,CENTRO,9
2.8,25.0,6.8,9.7,62.55,16.5,77.0,12.1,2.6,116.0,CENTRO,10
2.97,37.0,6.1,9.6,47.94,15.7,69.0,10.9,3.5,72.0,CENTRO,11
2.83,39.0,7.9,13.8,47.894,21.6,44.0,13.2,4.9,100.0,CENTRO,12
2.8400000000000003,58.5,8.299999999999999,11.65,47.848,19.85,59.5,11.1,5.3,89.5,CENTRO,13
2.85,78.0,8.7,9.5,47.802,18.1,75.0,9.0,5.7,79.0,CENTRO,14
2.68,81.0,3.5,9.5,47.756,13.0,56.0,9.4,5.9,90.0,CENTRO,15
2.63,96.0,2.7,7.1,21.97,9.8,37.0,6.0,6.7,101.0,CENTRO,16
2.6,94.0,2.7,5.6,20.11,8.3,39.0,5.2,8.3,80.0,CENTRO,17
2.54,78.0,2.5,6.2,19.44,8.8,44.0,12.4,8.3,81.0,CENTRO,18
2.61,72.0,2.5,6.9,18.34,9.3,33.0,8.7,6.7,97.0,CENTRO,19
2.6,73.0,2.4,5.7,18.425,8.1,43.0,5.6,7.3,106.0,CENTRO,20
2.64,56.0,2.6,7.8,18.445,10.3,46.0,4.9,5.6,64.0,CENTRO,21
2.61,54.0,2.4,6.9,47.434,9.3,30.0,4.4,3.7,83.0,CENTRO,22
2.73,33.0,2.5,9.7,47.388,12.2,36.0,3.7,1.5,188.0,CENTRO,23
2.81,18.0,2.4,13.4,47.342,15.7,35.0,3.3,1.6,251.0,CENTRO,0
2.9,14.0,2.8,15.2,47.296,18.0,36.0,3.4,1.9,249.0,CENTRO,1
2.92,16.0,3.0,15.0,47.25,18.0,48.0,3.8,1.9,264.0,CENTRO,2
2.99,8.0,3.4,17.7,53.625,21.0,52.0,3.8,1.6,246.0,CENTRO,3
2.88,13.0,2.6,16.6,60.0,19.2,75.0,5.9,2.6,287.0,CENTRO,4
2.72,20.0,2.7,12.0,60.21,14.6,108.0,6.9,3.6,251.0,CENTRO,5
2.7,21.0,2.4,11.7,58.59,14.0,111.0,6.3,1.8,244.0,CENTRO,6
2.8,10.0,5.1,15.4,56.44,20.5,82.0,5.8,1.6,263.0,CENTRO,7
3.61,6.0,29.9,17.2,53.61,47.1,91.0,5.1,0.9,306.0,CENTRO,8
3.8,7.0,33.4,18.6,53.81,52.0,109.0,5.8,0.9,330.0,CENTRO,9
3.64,13.0,25.9,21.3,58.67,47.2,121.0,7.4,1.5,45.0,CENTRO,10
3.35,30.0,11.3,19.7,63.29,31.0,130.0,7.7,3.6,75.0,CENTRO,11
3.5,37.0,11.3,23.3,67.56,34.6,112.0,9.4,4.8,69.0,CENTRO,12
3.42,56.0,6.3,20.4,61.74,26.7,95.0,8.8,5.8,80.0,CENTRO,13
3.24,85.0,4.4,17.0,62.18,21.4,94.0,7.2,7.2,70.0,CENTRO,14
2.92,96.0,3.2,10.1,44.41,13.3,103.0,6.2,8.7,78.0,CENTRO,15
2.73,98.0,2.8,7.5,35.75,10.3,78.0,5.4,9.9,57.0,CENTRO,16
2.71,79.0,2.8,7.5,31.02,10.3,57.0,4.3,9.8,55.0,CENTRO,17
2.74,47.0,3.0,9.2,25.73,12.2,50.0,3.4,9.6,74.0,CENTRO,18
2.88,22.0,3.2,12.5,24.58,15.7,39.0,3.1,7.7,67.0,CENTRO,19
2.95,15.0,3.4,13.3,27.67,16.7,38.0,2.9,6.1,66.0,CENTRO,20
2.61,27.0,2.4,7.4,24.7,9.8,43.0,2.7,5.1,103.0,CENTRO,21
2.62,24.0,2.7,8.0,24.43,10.7,25.0,2.7,4.4,82.0,CENTRO,22
3.15,14.0,12.6,15.3,31.925,27.9,24.0,2.9,2.5,308.0,CENTRO,23
3.2,4.0,10.4,14.6,39.42,25.0,66.0,2.9,1.5,291.0,CENTRO,0
2.99,4.0,9.1,13.6,37.69,22.7,64.0,3.0,0.9,297.0,CENTRO,1
2.75,4.0,6.4,12.1,38.47,18.5,63.0,2.8,0.9,294.0,CENTRO,2
2.69,4.0,6.1,10.9,34.32,17.0,90.0,2.7,1.8,271.0,CENTRO,3
2.87,5.0,8.0,11.8,37.51,19.9,79.0,2.7,1.6,240.0,CENTRO,4
2.91,5.0,9.6,12.6,42.7,22.2,63.0,2.8,1.2,295.0,CENTRO,5
2.85,6.0,10.8,13.1,44.12,23.9,69.0,3.0,1.4,242.0,CENTRO,6
2.98,6.0,14.7,13.6,50.37,28.4,73.0,3.4,1.2,264.0,CENTRO,7
3.46,6.0,34.6,13.2,50.87,47.8,107.0,3.5,1.1,256.0,CENTRO,8
4.05,4.0,49.3,14.6,49.93,63.9,121.0,3.7,1.1,320.0,CENTRO,9
3.52,8.0,18.0,14.1,43.24,32.0,122.0,4.5,3.4,86.0,CENTRO,10
3.78,10.0,21.6,20.0,54.39,41.5,92.0,5.6,3.6,109.0,CENTRO,11
3.76,14.0,19.8,22.4,64.39,42.2,108.0,8.9,4.0,102.0,CENTRO,12
3.16,29.0,9.7,16.8,53.35,26.6,125.0,11.9,6.5,119.0,CENTRO,13
2.79,47.0,5.5,11.7,41.93,17.1,95.0,9.6,8.8,94.0,CENTRO,14
2.73,63.0,3.9,9.9,41.03,13.8,68.0,8.3,7.0,82.0,CENTRO,15
2.62,65.0,3.3,7.7,36.6,11.0,85.0,7.2,7.5,66.0,CENTRO,16
2.57,60.0,2.8,6.4,31.33,9.2,60.0,5.4,8.5,71.0,CENTRO,17
2.6,42.0,3.0,8.0,30.08,11.0,51.0,5.1,7.8,60.0,CENTRO,18
2.58,27.0,2.8,7.3,28.02,10.1,46.0,3.7,11.9,22.0,CENTRO,19
2.55,27.0,2.8,7.1,27.42,9.8,64.0,3.1,10.0,19.0,CENTRO,20
2.51,26.0,2.5,4.8,30.43,7.2,44.0,2.9,9.5,14.0,CENTRO,21
2.43,27.0,2.4,3.9,30.17,6.3,63.0,2.4,9.5,58.0,CENTRO,22
2.53,18.0,2.5,6.2,32.32,8.7,44.0,2.7,7.5,70.0,CENTRO,23
2.56,17.0,2.4,5.4,30.87,7.7,43.0,2.5,7.6,63.0,CENTRO,0
2.46,17.0,2.4,3.8,25.89,6.2,35.0,2.3,7.4,53.0,CENTRO,1
2.51,12.0,2.7,6.0,25.34,8.7,31.0,2.5,7.2,70.0,CENTRO,2
2.54,15.0,2.4,5.0,22.01,7.4,38.0,2.7,8.8,76.0,CENTRO,3
2.58,18.0,2.3,4.3,19.87,6.5,34.0,2.5,7.3,50.0,CENTRO,4
2.42,17.0,2.3,4.4,20.18,6.7,23.0,2.3,7.5,70.0,CENTRO,5
2.45,7.0,4.1,7.5,23.14,11.6,27.0,2.4,7.9,115.0,CENTRO,6
2.47,7.0,4.6,7.3,21.4,11.9,23.0,2.7,8.4,95.0,CENTRO,7
2.63,7.0,4.9,7.7,22.42,12.5,26.0,2.3,7.8,88.0,CENTRO,8
2.69,6.0,8.1,8.4,23.05,16.4,34.0,2.6,7.5,103.0,CENTRO,9
2.67,8.0,7.55,7.8,22.791666666666668,15.299999999999999,26.0,2.4000000000000004,7.25,82.0,CENTRO,10
2.65,10.0,7.0,7.2,22.533333333333335,14.2,18.0,2.2,7.0,61.0,CENTRO,11
2.59,12.0,6.0,6.6,22.275000000000002,12.5,21.0,2.1,7.3,54.0,CENTRO,12
2.64,11.0,8.1,7.9,22.016666666666666,16.0,15.0,2.1,5.8,69.0,CENTRO,13
2.63,11.0,6.3,7.8,21.758333333333333,14.0,19.0,2.0,5.8,39.0,CENTRO,14
2.61,12.0,5.4,7.4,21.5,12.7,30.0,2.0,5.4,48.0,CENTRO,15
2.68,10.0,6.6,8.4,23.59,14.9,26.0,2.2,4.3,42.0,CENTRO,16
2.88,8.0,8.4,9.6,29.490000000000002,17.9,24.0,2.2,4.1,69.0,CENTRO,17
2.87,5.0,10.8,10.2,35.39,20.9,50.0,2.5,3.8,94.0,CENTRO,18
2.85,5.0,9.6,10.2,32.94,19.8,57.0,2.5,3.8,116.0,CENTRO,19
2.94,5.0,10.8,10.1,27.62,20.9,49.0,2.3,1.8,96.0,CENTRO,20
2.87,4.0,9.6,8.7,19.82,18.3,29.0,2.2,4.6,69.0,CENTRO,21
2.56,7.0,3.5,5.8,13.16,9.3,19.0,2.0,4.3,63.0,CENTRO,22
2.59,6.0,4.0,6.4,16.13,10.4,13.666666666666666,2.0,4.5,58.0,CENTRO,23
2.55,7.0,3.6,6.3,16.83,9.9,8.333333333333334,2.1,3.2,49.0,CENTRO,0
2.48,10.0,2.8,5.5,18.513333333333332,8.2,3.0,2.1999999999999997,2.7,46.0,CENTRO,1
2.48,5.0,6.7,8.1,20.196666666666665,14.7,10.0,2.3,2.9,39.0,CENTRO,2
2.45,11.0,2.8,5.6,21.88,8.4,27.0,2.3,3.5,82.0,CENTRO,3
2.45,10.0,2.4,5.9,22.3275,8.3,14.0,2.4,2.2,55.0,CENTRO,4
2.55,15.0,2.3,4.1,22.775,6.4,12.0,2.2,3.2,53.0,CENTRO,5
2.45,13.0,2.6,4.8,23.2225,7.4,9.0,2.1,4.3,52.0,CENTRO,6
2.54,7.0,4.1,7.2,23.67,11.3,24.0,2.1,2.9,85.0,CENTRO,7
2.68,5.0,8.5,8.2,28.09,16.7,30.0,2.2,4.8,119.0,CENTRO,8
2.92,5.0,12.6,8.4,25.76,21.1,30.0,2.5,4.4,98.0,CENTRO,9
3.06,7.0,10.6,9.4,24.82,20.0,32.0,2.3,4.4,53.0,CENTRO,10
2.7,10.0,6.6,8.5,23.49,15.0,26.0,2.2,4.9,68.0,CENTRO,11
2.93,10.0,6.0,8.1,27.13,14.1,29.0,2.1,3.6,106.0,CENTRO,12
2.76,16.0,4.9,6.7,21.81,11.6,28.0,2.2,5.7,35.0,CENTRO,13
2.76,15.0,4.9,7.2,20.41,12.1,25.0,2.3,4.8,58.0,CENTRO,14
2.63,16.0,4.3,6.5,19.01,10.7,29.0,2.2,7.3,41.0,CENTRO,15
2.65,16.0,4.1,6.1,17.11,10.2,24.0,2.2,9.1,42.0,CENTRO,16
2.64,10.0,4.9,6.9,15.06,11.7,16.0,2.3,6.0,50.0,CENTRO,17
2.54,12.0,4.0,5.5,10.45,9.5,13.0,2.1,9.7,36.0,CENTRO,18
2.52,10.0,4.4,6.3,10.05,10.8,13.0,2.0,8.5,66.0,CENTRO,19
2.54,9.0,4.7,7.4,11.53,12.1,14.0,2.2,9.6,78.0,CENTRO,20
2.52,9.0,4.1,7.1,12.45,11.2,21.0,2.2,6.6,68.0,CENTRO,21
2.42,12.0,3.0,6.0,10.73,9.1,22.0,2.1,7.3,48.0,CENTRO,22
2.41,14.0,2.7,5.7,10.116666666666667,8.3,10.0,2.1,4.8,64.0,CENTRO,23
2.38,14.0,2.8,5.4,9.503333333333334,8.1,9.0,2.2,7.1,92.0,CENTRO,0
2.33,26.0,2.2,3.5,8.89,5.6,9.0,2.0,8.0,79.0,CENTRO,1
2.36,29.0,2.2,4.0,9.65857142857143,6.3,5.0,2.1,6.5,62.0,CENTRO,2
2.34,30.0,2.1750000000000003,4.2,10.427142857142858,6.5,9.0,2.2,3.8,63.0,CENTRO,3
2.41,37.0,2.15,2.8,11.195714285714287,5.0,10.0,2.0,5.7,26.0,CENTRO,4
2.4,38.0,2.125,2.8,11.964285714285714,5.1,10.0,2.0,5.1,50.0,CENTRO,5
2.35,36.0,2.1,4.3,12.732857142857142,6.5,8.0,2.1,3.3,60.0,CENTRO,6
2.38,29.0,2.4,5.8,13.501428571428571,8.2,13.0,2.2,2.6,130.0,CENTRO,7
2.47,35.0,2.4,4.8,14.27,7.2,16.0,2.0,3.0,77.0,CENTRO,8
2.5,31.0,2.9,6.5,16.8,9.4,21.0,2.1,4.6,71.0,CENTRO,9
2.5,31.666666666666668,3.05,6.45,17.01625,9.5,22.166666666666668,2.2,4.7,62.5,CENTRO,10
2.5,32.333333333333336,3.1999999999999997,6.4,17.2325,9.6,23.333333333333332,2.3000000000000003,4.8,54.0,CENTRO,11
2.5,33.0,3.3499999999999996,6.35,17.44875,9.700000000000001,24.5,2.4,4.9,45.5,CENTRO,12
2.5,33.666666666666664,3.5,6.3,17.665,9.8,25.666666666666668,2.5,5.0,37.0,CENTRO,13
2.5,34.333333333333336,3.65,6.25,25.7,9.9,26.833333333333332,2.6,5.1000000000000005,28.499999999999996,CENTRO,14
2.5,35.0,3.8,6.2,24.59,10.0,28.0,2.7,5.2,20.0,CENTRO,15
2.56,29.0,4.8,8.9,21.97,13.7,27.0,4.2,5.4,68.0,CENTRO,16
2.59,32.0,4.1,7.6,20.11,11.7,36.0,2.3,7.6,92.0,CENTRO,17
2.57,29.0,3.2,7.3,19.44,10.4,36.0,2.2,8.6,139.0,CENTRO,18
2.57,29.0,2.8,6.6,18.34,9.3,34.0,2.1,8.9,152.0,CENTRO,19
2.51,31.0,2.7,5.7,18.425,8.4,31.0,2.1,8.8,150.0,CENTRO,20
2.46,34.0,2.4,4.6,18.445,6.9,26.0,2.1333333333333333,7.9,139.0,CENTRO,21
2.4,39.0,2.3,3.5,18.11,5.8,25.0,2.166666666666667,8.5,140.0,CENTRO,22
2.37,40.0,2.3,2.8,18.87,5.1,17.0,2.2,9.5,152.0,CENTRO,23
2.36,41.0,2.2666666666666666,2.4,18.81,4.7,15.0,2.1,8.5,125.0,CENTRO,0
2.36,39.0,2.2333333333333334,2.5,19.35,4.7,18.0,2.0,8.4,123.0,CENTRO,1
2.36,37.0,2.2,2.4,20.58,4.6,16.0,2.1,8.8,130.0,CENTRO,2
2.35,39.0,2.3,1.9,22.252,4.1,14.0,2.0,7.6,132.0,CENTRO,3
2.34,39.0,2.2,1.7,22.89,3.9,18.0,2.0,9.6,129.0,CENTRO,4
2.33,39.0,2.2,1.6,21.125,3.8,17.0,2.02,8.6,138.0,CENTRO,5
2.34,37.0,2.25,2.0,21.34125,4.2,17.0,2.04,6.7,136.0,CENTRO,6
2.36,31.0,2.3,3.3,21.557499999999997,5.6,17.0,2.06,5.5,106.0,CENTRO,7
2.5,16.0,3.0,8.2,21.77375,11.1,20.5,2.08,3.7,68.0,CENTRO,8
2.5,20.0,3.9,7.3,21.99,11.1,24.0,2.1,1.8,9.0,CENTRO,9
2.57,22.0,5.7,7.1,23.369999999999997,12.7,23.0,2.1,3.0,16.0,CENTRO,10
2.72,21.0,8.8,9.3,24.75,18.1,28.0,2.5,4.3,41.0,CENTRO,11
2.56,34.0,4.7,5.3,26.13,10.1,44.0,2.1,5.5,100.0,CENTRO,12
2.53,42.0,3.9,4.6,23.83,8.5,22.0,2.2,5.0,45.0,CENTRO,13
2.48,44.0,3.3,3.5,21.53,6.8,25.0,2.1,8.0,104.0,CENTRO,14
2.49,44.0,3.1,3.3,21.831408450704227,6.3,21.0,2.1,9.4,95.0,CENTRO,15
2.48,42.0,2.8,3.1,22.13281690140845,6.0,15.0,2.125,8.4,117.0,CENTRO,16
2.45,47.0,2.5,2.5,22.434225352112676,5.0,11.0,2.1500000000000004,9.0,136.0,CENTRO,17
2.49,46.0,2.5,3.5,22.735633802816903,6.0,14.0,2.1750000000000003,8.1,117.0,CENTRO,18
2.54,37.0,2.4,5.5,18.34,7.9,17.0,2.2,7.4,108.0,CENTRO,19
2.67,23.0,2.7,9.0,18.425,11.7,18.0,2.3,6.4,64.0,CENTRO,20
2.63,24.0,2.6,8.3,18.445,10.9,25.0,2.3,5.7,76.0,CENTRO,21
2.61,29.0,2.4,6.4,18.11,8.8,23.0,2.1,6.6,99.0,CENTRO,22
2.44,39.0,2.2,2.5,18.87,4.7,20.0,1.9,9.8,129.0,CENTRO,23
2.45,38.0,2.2,2.5,18.81,4.7,16.0,2.1,6.8,111.0,CENTRO,0
2.55,24.0,2.3,5.1,19.35,7.3,14.0,2.1,3.2,181.0,CENTRO,1
2.68,12.0,2.4,8.1,20.58,10.5,16.0,2.0,1.2,274.0,CENTRO,2
2.66,9.0,2.4,9.0,22.252,11.4,22.0,2.0,2.0,314.0,CENTRO,3
2.64,9.0,3.7,8.8,22.89,11.1,34.0,2.35,1.8,245.0,CENTRO,4
2.82,6.0,5.0,9.9,23.005000000000003,14.8,33.0,2.7,1.2,264.0,CENTRO,5
2.84,6.0,5.6,8.9,23.381666666666668,14.4,44.0,2.6,0.9,339.0,CENTRO,6
2.88,5.0,5.9,8.5,24.314999999999998,14.4,54.0,2.4,1.3,276.0,CENTRO,7
3.11,6.0,16.7,8.2,26.27,24.9,53.0,2.6,0.9,314.0,CENTRO,8
3.18,8.0,16.5,9.9,28.94,26.4,55.0,2.8,2.4,105.0,CENTRO,9
3.0,15.0,10.4,10.0,30.36,20.4,60.0,3.2,2.3,76.0,CENTRO,10
2.97,19.0,10.2,11.6,31.595,21.7,54.0,3.5,2.4,39.0,CENTRO,11
2.93,24.0,9.2,12.4,31.630000000000003,21.6,69.0,4.0,3.4,88.0,CENTRO,12
2.96,21.0,12.4,14.9,29.5,27.3,64.0,10.0,4.6,106.0,CENTRO,13
2.99,37.0,5.7,12.1,25.7,17.8,67.0,6.1,4.2,70.0,CENTRO,14
2.9,55.0,3.8,8.4,24.59,12.2,64.0,4.3,6.1,62.0,CENTRO,15
2.72,66.0,2.9,5.3,21.97,8.2,55.0,3.7,7.2,69.0,CENTRO,16
2.71,66.0,2.9,6.0,20.11,8.9,36.0,6.4,8.0,42.0,CENTRO,17
2.75,62.0,2.7,8.0,19.44,10.7,40.0,6.3,6.3,42.0,CENTRO,18
2.88,43.0,2.4,11.2,18.34,13.5,42.0,3.7,2.8,36.0,CENTRO,19
3.2,15.0,2.7,17.7,18.425,20.4,38.0,3.1,2.2,304.0,CENTRO,20
3.49,7.0,5.5,19.3,18.445,24.9,58.0,2.8,2.1,256.0,CENTRO,21
3.54,6.0,8.0,19.9,18.11,27.9,63.0,3.2,1.6,255.0,CENTRO,22
3.61,7.0,9.5,20.1,18.87,29.6,65.0,5.2,2.9,252.0,CENTRO,23
3.29,8.0,6.8,18.2,18.81,25.0,75.0,8.5,4.7,241.0,CENTRO,0
2.99,16.0,2.5,12.6,19.35,15.1,75.0,6.6,3.3,265.0,CENTRO,1
3.06,13.0,2.4,13.8,20.58,16.1,53.0,5.9,1.1,320.0,CENTRO,2
3.31,7.0,4.2,15.0,22.252,19.1,55.0,4.5,1.3,308.0,CENTRO,3
3.01,14.0,2.4,10.9,22.89,13.3,70.0,4.8,3.0,245.0,CENTRO,4
3.07,10.0,2.9,13.9,23.005000000000003,16.8,69.0,6.0,2.1,262.0,CENTRO,5
3.14,6.0,9.1,13.3,23.381666666666668,22.3,99.0,4.5,2.7,297.0,CENTRO,6
3.25,5.0,16.2,13.4,24.314999999999998,29.5,72.0,4.1,2.4,190.0,CENTRO,7
4.04,6.0,43.1,13.4,26.27,56.5,73.0,4.1,2.5,257.0,CENTRO,8
4.55,8.0,58.0,17.5,28.94,75.4,105.0,5.8,2.8,60.0,CENTRO,9
3.18,24.0,8.5,12.1,30.36,20.6,131.0,5.3,6.4,85.0,CENTRO,10
3.15,36.0,5.2,7.7,31.595,12.8,91.0,5.0,9.8,50.0,CENTRO,11
2.68,41.0,4.0,4.7,31.630000000000003,8.7,125.0,3.9,12.7,40.0,CENTRO,12
2.69,43.0,4.3,5.0,29.5,9.3,77.0,3.4,10.7,57.0,CENTRO,13
2.62,45.0,3.8,5.2,25.7,9.0,74.0,4.9,9.7,106.0,CENTRO,14
2.57,50.0,3.4,4.4,24.59,7.7,45.0,4.3,9.3,72.0,CENTRO,15
2.56,56.0,2.8,3.8,21.97,6.7,35.0,3.1,7.9,104.0,CENTRO,16
2.59,58.0,2.6,4.3,20.11,6.9,34.0,2.9,8.0,139.0,CENTRO,17
2.64,50.0,2.5,5.8,19.44,8.3,31.0,2.9,6.0,123.0,CENTRO,18
2.73,36.0,2.5,8.9,18.34,11.4,36.0,3.3,5.0,63.0,CENTRO,19
2.78,25.0,2.9,10.9,18.425,13.7,34.0,3.2,6.9,56.0,CENTRO,20
2.65,38.0,2.3,6.4,18.445,8.8,42.0,2.8,7.1,129.0,CENTRO,21
2.53,45.0,2.2,3.0,18.11,5.3,31.0,2.6,8.4,149.0,CENTRO,22
2.49,46.0,2.2,2.3,18.87,4.5,25.0,2.6,8.4,136.0,CENTRO,23
2.51,45.0,2.1,2.6,18.81,4.8,26.0,2.5,6.0,114.0,CENTRO,0
2.46,50.0,2.1,1.8,19.35,3.9,22.0,2.3,8.2,117.0,CENTRO,1
2.45,43.0,2.1333333333333333,3.6,20.58,5.8,23.0,9.2,6.4,47.0,CENTRO,2
2.47,34.0,2.166666666666667,5.5,22.252,7.7,20.0,4.4,3.9,1.0,CENTRO,3
2.5,26.0,2.2,7.2,22.89,9.4,25.0,4.1,4.6,3.0,CENTRO,4
2.56,22.0,2.1,6.3,23.005000000000003,8.5,33.0,2.8,3.0,355.0,CENTRO,5
2.63,18.0,2.2,6.6,23.381666666666668,8.8,27.0,2.4,1.1,286.0,CENTRO,6
2.75,11.0,4.1,8.9,24.314999999999998,13.0,33.0,2.5,0.9,174.0,CENTRO,7
3.56,5.0,26.7,12.0,26.27,38.7,36.0,3.0,1.3,5.0,CENTRO,8
3.47,7.0,25.5,14.1,28.94,39.5,72.0,3.7,1.2,36.0,CENTRO,9
3.28,12.0,19.2,16.0,30.36,35.1,77.0,7.5,2.6,19.0,CENTRO,10
3.47,19.0,13.5,19.2,31.595,32.7,78.0,7.3,3.4,265.0,CENTRO,11
2.72,43.0,4.7,7.1,31.630000000000003,11.7,92.0,5.2,3.5,209.0,CENTRO,12
2.55,57.0,2.9,3.2,29.5,6.1,37.0,3.7,5.2,29.0,CENTRO,13
2.75,54.0,5.0,10.6,25.7,15.6,18.0,10.0,6.4,117.0,CENTRO,14
2.69,70.0,3.3,7.3,24.59,10.6,41.0,7.3,5.6,94.0,CENTRO,15
2.59,78.0,2.7,4.9,21.97,7.5,51.0,4.5,4.3,340.0,CENTRO,16
2.61,79.0,2.6,6.3,20.11,8.9,39.0,4.8,6.1,122.0,CENTRO,17
2.59,75.0,2.5,5.7,19.44,8.2,36.0,3.5,6.4,111.0,CENTRO,18
2.74,37.0,2.9,9.6,18.34,12.5,35.0,3.6,11.2,8.0,CENTRO,19
2.69,37.0,2.5,8.3,18.425,10.8,60.0,3.2,10.0,6.0,CENTRO,20
2.6,37.0,2.5,6.8,18.445,9.3,62.0,2.7,7.6,18.0,CENTRO,21
2.58,41.0,2.2,6.9,18.11,9.2,49.0,2.8,6.8,64.0,CENTRO,22
2.53,45.0,2.3,2.7,18.87,5.0,58.0,2.2,9.8,37.0,CENTRO,23
2.54,46.0,2.2,2.2,18.81,4.4,82.0,2.9,5.9,55.0,CENTRO,0
2.49,45.0,2.1,2.2,19.35,4.4,67.0,3.3,7.9,39.0,CENTRO,1
2.39,45.0,2.2,2.0,20.58,4.2,52.0,2.4,10.3,18.0,CENTRO,2
2.42,46.0,2.1,1.7,22.252,3.8,26.0,2.3,10.4,42.0,CENTRO,3
2.41,46.0,2.1,1.5,22.89,3.6,16.0,2.2,8.0,55.0,CENTRO,4
2.42,44.0,2.1666666666666665,2.1,23.005000000000003,4.3,8.0,2.2,5.5,58.0,CENTRO,5
2.44,43.0,2.2333333333333334,2.3,23.381666666666668,4.5,10.0,2.3,4.3,27.0,CENTRO,6
2.43,41.0,2.3,3.0,24.314999999999998,5.3,10.0,2.1,9.3,30.0,CENTRO,7
2.5,35.0,2.9,5.0,26.27,7.9,18.0,2.2,12.3,36.0,CENTRO,8
2.5,32.0,3.2,4.9,28.94,8.1,55.0,2.7,13.7,26.0,CENTRO,9
2.5,32.0,3.5,4.8,30.36,8.3,145.0,2.6,11.7,20.0,CENTRO,10
2.57,33.0,3.8,4.7,31.595,8.5,159.0,2.6,9.0,14.0,CENTRO,11
2.5,37.0,3.7,3.4,31.630000000000003,7.0,106.0,2.5,7.2,29.0,CENTRO,12
2.48,41.0,3.8,3.7,29.5,7.4,79.0,3.5,5.6,170.0,CENTRO,13
2.5,45.0,3.8,3.6,25.7,7.3,55.0,3.1,6.1,103.0,CENTRO,14
2.53,48.0,3.5,3.9,24.59,7.4,50.0,3.3,6.9,325.0,CENTRO,15
2.46,49.0,3.1,2.7,21.97,5.8,56.0,2.3,9.5,30.0,CENTRO,16
2.52,48.0,3.2,3.6,20.11,6.7,40.0,2.6,7.5,56.0,CENTRO,17
2.5,43.0,3.0,4.5,19.44,7.5,38.0,2.4,9.4,50.0,CENTRO,18
2.53,39.0,2.9,5.7,18.34,8.6,31.0,2.3,10.7,32.0,CENTRO,19
2.51,31.0,2.8,8.1,18.425,10.9,25.0,2.5,8.5,45.0,CENTRO,20
2.46,36.0,2.6,5.9,18.445,8.4,24.0,2.9,9.6,32.0,CENTRO,21
2.44,38.0,2.4,5.0,18.11,7.3,17.0,3.4,8.9,54.0,CENTRO,22
2.48,40.0,2.3,4.7,18.87,7.0,22.0,4.8,6.2,50.0,CENTRO,23
2.5,37.0,2.3,5.6,18.81,7.9,28.0,3.9,6.1,12.0,CENTRO,0
2.62,40.0,2.1,4.0,19.35,6.2,21.0,2.9,4.9,17.0,CENTRO,1
2.69,41.0,2.1,3.9,20.58,6.1,14.0,2.9,4.6,25.0,CENTRO,2
2.42,41.0,2.36,3.1,22.252,5.2,14.0,2.5,3.9,93.0,CENTRO,3
2.36,44.0,2.62,1.6,22.89,3.7,11.0,2.5,4.3,120.0,CENTRO,4
2.37,45.0,2.88,1.5,23.005000000000003,3.7,10.0,2.4,5.9,122.0,CENTRO,5
2.42,36.0,3.14,3.8,23.381666666666668,5.9,11.0,2.4,4.4,136.0,CENTRO,6
2.52,21.0,3.4,9.1,24.314999999999998,12.5,17.0,2.2,2.3,152.0,CENTRO,7
2.73,15.0,5.1,12.3,26.27,17.4,14.0,2.3,3.1,121.0,CENTRO,8
2.64,32.0,4.8,7.5,28.94,12.3,31.0,2.2,7.3,112.0,CENTRO,9
2.56,40.0,4.3,5.3,30.36,9.6,22.0,2.3,7.4,98.0,CENTRO,10
2.69,36.0,6.6,7.9,31.595,14.5,26.0,3.1,8.9,66.0,CENTRO,11
2.54,47.0,4.1,4.8,31.630000000000003,8.9,46.0,4.8,6.9,49.0,CENTRO,12
2.52,51.0,3.8,4.6,29.5,8.3,33.0,4.8,6.7,54.0,CENTRO,13
2.63,54.0,3.8,5.1,25.7,8.9,26.0,4.9,7.0,84.0,CENTRO,14
2.55,60.0,3.1,4.0,24.59,7.0,37.0,3.0,7.8,72.0,CENTRO,15
2.54,57.0,3.4,4.7,21.97,8.0,31.0,3.1,8.7,63.0,CENTRO,16
2.58,53.0,3.5,5.6,20.11,9.1,29.0,3.7,10.3,66.0,CENTRO,17
2.61,50.0,3.0,6.1,19.44,9.1,34.0,2.6,9.4,67.0,CENTRO,18
2.62,49.0,2.4,5.9,18.34,8.3,32.0,2.3,6.7,125.0,CENTRO,19
2.69,34.0,2.5,9.6,18.425,12.0,24.0,2.3,6.2,114.0,CENTRO,20
2.58,40.0,2.2,6.1,18.445,8.4,25.0,2.35,6.5,107.0,CENTRO,21
2.61,33.0,2.2,7.7,18.11,10.0,22.0,2.4,3.4,88.0,CENTRO,22
2.7,21.0,2.4,11.0,18.87,13.4,19.0,2.3,1.0,76.0,CENTRO,23
2.62,22.0,2.3,10.0,18.81,12.4,24.0,3.0,1.3,262.0,CENTRO,0
2.6,24.0,2.2,8.4,19.35,10.7,23.0,2.6,0.9,247.0,CENTRO,1
2.72,9.0,2.5,14.6,20.58,17.1,24.0,5.0,1.3,312.0,CENTRO,2
2.69,8.0,3.2,14.4,22.252,17.6,52.0,5.4,0.9,280.0,CENTRO,3
2.89,7.0,6.4,15.6,22.89,22.0,43.0,4.0,1.1,24.0,CENTRO,4
3.27,7.0,7.7,14.8,23.005000000000003,22.4,48.0,3.8,1.0,293.0,CENTRO,5
3.01,6.0,8.6,14.0,23.381666666666668,22.6,54.0,3.4,0.9,236.0,CENTRO,6
2.95,6.0,17.3,13.9,24.314999999999998,31.2,49.0,4.0,1.4,285.0,CENTRO,7
3.51,8.0,36.4,14.9,63.12436619718309,51.2,61.0,5.9,1.3,277.0,CENTRO,8
3.36,11.0,28.0,16.8,63.42577464788732,44.7,83.0,8.8,3.7,230.0,CENTRO,9
3.26,18.0,19.5,17.7,63.727183098591546,37.1,93.0,8.2,3.2,24.0,CENTRO,10
3.35,21.0,22.6,22.1,64.02859154929577,44.6,99.0,9.6,4.5,59.0,CENTRO,11
3.09,31.0,18.7,20.3,64.33,39.0,110.5,21.4,7.7,63.0,CENTRO,12
2.73,50.0,6.0,11.2,30.94,17.2,122.0,7.6,8.4,63.0,CENTRO,13
2.73,57.0,5.1,10.0,33.57,15.0,67.0,6.7,9.6,54.0,CENTRO,14
2.68,64.0,3.5,7.1,27.39,10.6,70.0,7.5,11.1,78.0,CENTRO,15
2.62,68.0,3.2,5.8,23.33,8.9,53.0,9.6,11.3,66.0,CENTRO,16
2.72,68.0,3.0,6.3,21.21,9.3,46.0,15.4,11.6,78.0,CENTRO,17
2.67,59.0,2.8,6.8,16.64,9.6,43.0,12.8,11.4,97.0,CENTRO,18
2.73,46.0,2.6,9.5,18.96,12.0,38.0,4.7,8.7,103.0,CENTRO,19
2.79,38.0,2.5,10.5,19.92,13.0,30.0,3.0,6.0,108.0,CENTRO,20
2.66,38.0,2.5,8.1,17.78,10.5,30.0,5.1,9.0,89.0,CENTRO,21
2.73,31.0,2.3,9.7,22.46,11.9,27.0,3.9,3.8,115.0,CENTRO,22
2.7,33.0,2.3,8.9,23.22,11.3,24.0,2.8,3.0,84.0,CENTRO,23
2.71,25.0,2.6,10.8,20.47,13.4,27.0,3.1,3.2,14.0,CENTRO,0
2.73,11.0,3.6,15.5,29.62,19.1,31.0,7.1,5.0,353.0,CENTRO,1
2.66,23.0,2.4,9.0,24.81,11.4,59.0,4.3,5.0,50.0,CENTRO,2
2.58,18.0,2.6,9.8,24.92,12.4,36.0,6.8,3.6,76.0,CENTRO,3
2.59,17.0,2.4,9.2,26.17,11.5,43.0,4.6,2.5,11.0,CENTRO,4
2.68,18.0,2.2,7.8,24.67,10.0,38.0,3.3,1.6,357.0,CENTRO,5
2.71,14.0,2.4,9.7,27.565,12.1,25.0,3.2,2.5,341.0,CENTRO,6
2.86,14.0,2.3,9.1,30.46,11.4,35.0,3.0,1.2,14.0,CENTRO,7
3.02,8.0,4.9,11.4,31.28,16.2,36.0,2.9,1.2,247.0,CENTRO,8
2.97,18.0,7.3,9.8,37.45,17.1,45.0,4.0,4.0,8.0,CENTRO,9
3.08,24.0,7.5,10.6,45.22,18.1,51.0,4.4,4.5,20.0,CENTRO,10
3.48,31.0,8.6,12.1,55.31,20.7,67.0,5.3,4.3,25.0,CENTRO,11
3.38,31.0,12.3,16.0,60.0,28.3,79.0,12.0,5.6,43.0,CENTRO,12
3.0,39.0,9.1,14.6,54.82,23.7,94.0,16.3,6.1,56.0,CENTRO,13
2.86,64.0,3.9,8.0,43.0,11.9,78.0,10.5,7.2,61.0,CENTRO,14
2.77,72.0,2.9,5.2,30.69,8.1,65.0,4.5,7.5,53.0,CENTRO,15
2.69,69.0,2.5,3.7,24.38,6.1,46.0,3.5,9.8,138.0,CENTRO,16
2.66,61.0,2.4,3.1,23.3,5.5,40.0,3.0,10.7,140.0,CENTRO,17
2.65,57.0,2.4,3.2,24.91,5.6,33.0,3.0,9.4,111.0,CENTRO,18
2.7,48.0,2.3,4.8,23.06,7.1,34.0,2.9,6.2,120.0,CENTRO,19
2.81,37.0,2.2,7.4,25.06,9.6,27.0,2.8,4.6,128.0,CENTRO,20
2.65,46.0,2.2,2.9,22.83,5.1,30.0,2.7,11.9,154.0,CENTRO,21
2.68,41.0,2.25,3.7,23.24,5.9,39.0,2.6,10.2,120.0,CENTRO,22
2.79,28.0,2.3,7.3,28.61,9.6,29.0,2.9,6.7,57.0,CENTRO,23
2.775,25.0,2.3,7.800000000000001,26.779999999999998,10.1,30.5,3.35,6.3999999999999995,30.5,CENTRO,0
2.76,22.0,2.3,8.3,24.95,10.6,32.0,3.8,6.1,4.0,CENTRO,1
2.8,19.0,2.3,8.3,26.45,10.6,31.0,3.3,3.6,344.0,CENTRO,2
2.77,19.0,2.2,8.1,31.43,10.3,36.0,3.0,4.6,333.0,CENTRO,3
2.83,19.0,2.2,7.7,33.34,9.9,36.0,2.8,2.6,335.0,CENTRO,4
2.95,11.0,2.5,9.7,32.97,12.1,36.0,2.8,1.7,42.0,CENTRO,5
2.87,13.0,2.2,7.1,35.18,9.3,34.5,2.6,1.9,321.0,CENTRO,6
2.85,10.0,3.1,7.9,41.43666666666667,11.0,33.0,2.8,2.1,268.0,CENTRO,7
3.07,6.0,12.0,10.0,47.693333333333335,21.9,35.0,3.3,1.4,265.0,CENTRO,8
3.02,16.0,8.1,9.5,53.95,17.6,62.0,7.8,1.7,59.0,CENTRO,9
3.04,23.0,7.7,9.6,55.84,17.3,65.0,8.1,3.3,34.0,CENTRO,10
2.97,31.0,7.0,9.6,53.88,16.6,76.0,7.0,3.6,80.0,CENTRO,11
3.18,38.0,8.5,14.8,62.15,23.3,68.0,7.8,4.2,67.0,CENTRO,12
3.2,41.0,10.0,19.1,65.51,29.1,97.0,18.3,5.0,96.0,CENTRO,13
3.23,79.0,4.5,14.5,62.21,19.0,89.0,9.3,8.3,90.0,CENTRO,14
3.05,107.0,2.7,7.9,47.9,10.6,91.0,6.0,8.7,84.0,CENTRO,15
2.88,98.0,2.6,6.0,35.91,8.6,69.0,5.6,7.7,74.0,CENTRO,16
2.79,87.0,2.5,4.0,30.34,6.4,52.0,3.4,8.0,99.0,CENTRO,17
2.74,69.0,2.4,3.8,23.35,6.1,37.0,2.8,9.9,117.0,CENTRO,18
2.8,52.0,2.3,6.1,25.37,8.3,29.0,2.8,7.5,92.0,CENTRO,19
3.0,35.0,2.4,10.7,29.825,13.1,28.0,3.8,5.6,66.0,CENTRO,20
3.08,22.0,2.3,13.0,34.28,15.3,48.0,3.1,2.1,75.0,CENTRO,21
2.98,24.0,2.3,11.1,31.56,13.4,41.0,3.2,3.4,73.0,CENTRO,22
2.91,25.0,2.25,8.7,26.78,10.9,40.0,3.7,1.1,292.0,CENTRO,23
2.79,25.0,2.2,8.2,19.17,10.5,33.0,3.8,1.3,289.0,CENTRO,0
2.91,8.0,2.5,14.8,24.17,17.4,24.0,5.3,2.7,305.0,CENTRO,1
2.97,8.0,2.4,13.2,29.17,15.6,54.0,3.6,1.8,275.0,CENTRO,2
3.0,7.0,3.0,13.2,28.54,16.2,47.0,3.4,2.2,273.0,CENTRO,3
2.96,8.0,2.9,12.3,32.09,15.2,41.0,4.4,1.0,286.0,CENTRO,4
2.92,6.0,3.3,13.3,34.42,16.5,47.0,5.2,1.3,281.0,CENTRO,5
2.93,8.0,5.2,12.5,32.42,17.7,48.0,6.0,1.8,277.0,CENTRO,6
3.1,6.0,11.2,13.2,37.89,24.3,47.0,5.6,2.1,315.0,CENTRO,7
4.25,7.0,54.7,13.4,39.97,68.0,60.0,5.5,1.2,318.0,CENTRO,8
3.64,9.0,29.8,15.3,31.79,45.0,132.0,7.7,3.5,228.0,CENTRO,9
3.22,18.0,13.9,14.0,26.68,27.8,81.0,7.0,3.0,215.0,CENTRO,10
3.42,23.0,17.7,19.3,27.5,37.0,65.0,9.6,2.7,57.0,CENTRO,11
3.63,34.0,14.7,21.3,37.26,35.9,65.0,16.4,4.6,58.0,CENTRO,12
2.9,56.0,4.0,8.3,21.44,12.3,101.0,6.2,6.4,96.0,CENTRO,13
2.77,65.0,3.2,6.6,22.09,9.8,54.0,4.9,7.4,122.0,CENTRO,14
2.75,78.0,2.6,5.1,18.04,7.7,46.0,3.0,8.3,134.0,CENTRO,15
2.78,69.0,2.7,5.4,24.19,8.1,36.0,9.8,15.2,96.0,CENTRO,16
2.83,49.0,3.0,6.3,29.99,9.1,108.0,12.4,14.6,93.0,CENTRO,17
2.84,46.0,2.7,6.1,27.68,8.7,62.0,5.7,13.3,87.0,CENTRO,18
2.92,31.0,2.8,8.8,23.52,11.5,43.0,4.3,12.1,84.0,CENTRO,19
2.86,32.0,2.5,8.1,23.07,10.6,35.0,4.2,11.6,88.0,CENTRO,20
2.8,38.0,2.4,5.4,24.18,7.7,38.0,4.6,8.8,107.0,CENTRO,21
2.78,37.0,2.3,5.6,28.07,7.9,30.0,5.0,4.9,138.0,CENTRO,22
2.81,33.0,2.3,6.2,29.053333333333335,8.5,23.0,3.2,2.7,105.0,CENTRO,23
2.77,38.0,2.25,5.0,30.036666666666665,7.2,26.0,5.1,5.4,81.0,CENTRO,0
2.8,27.0,2.2,5.8,31.02,8.1,35.0,5.0,3.3,5.0,CENTRO,1
2.89,6.0,2.8,12.9,36.55,15.7,39.0,5.3,4.9,359.0,CENTRO,2
2.85,10.0,2.3,9.2,36.09,11.6,60.0,3.5,2.6,50.0,CENTRO,3
2.84,13.0,2.2,5.7,38.54,7.9,55.0,3.0,1.7,131.0,CENTRO,4
2.87,10.0,2.3,6.5,35.57,8.8,36.0,2.7,1.0,265.0,CENTRO,5
2.87,8.0,2.5,9.3,36.52,11.7,41.0,3.4,2.3,241.0,CENTRO,6
3.0,7.0,7.5,12.6,41.2,20.0,55.0,5.7,2.2,316.0,CENTRO,7
3.64,7.0,28.6,13.0,49.64,41.5,96.0,7.4,1.6,312.0,CENTRO,8
4.1,6.0,39.0,14.8,51.1,53.7,130.0,4.8,3.6,78.0,CENTRO,9
3.77,2.0,39.7,13.9,83.06,53.5,117.0,13.1,6.6,77.0,CENTRO,10
3.47,8.0,18.4,14.2,75.66,32.6,174.0,12.8,6.1,70.0,CENTRO,11
3.32,14.0,11.7,13.7,71.43,25.4,147.0,11.8,6.3,49.0,CENTRO,12
3.16,16.0,9.6,12.8,61.77,22.3,127.0,9.2,6.6,52.0,CENTRO,13
3.13,22.0,8.5,11.5,55.63,20.0,101.0,8.9,7.5,68.0,CENTRO,14
3.08,24.0,7.2,11.3,57.95,18.4,83.0,8.5,8.2,74.0,CENTRO,15
3.06,37.0,4.3,8.9,48.61,13.1,85.0,8.9,7.0,71.0,CENTRO,16
3.02,26.0,5.0,12.5,46.75,17.4,74.0,10.8,4.8,82.0,CENTRO,17
3.06,26.0,3.5,10.9,45.16,14.4,69.0,7.9,3.6,99.0,CENTRO,18
3.15,32.0,2.6,10.5,50.18,13.1,58.0,5.5,5.0,114.0,CENTRO,19
3.01,38.0,2.5,7.3,44.07,9.8,66.0,6.8,5.3,111.0,CENTRO,20
3.04,30.0,2.5,9.0,44.72,11.5,54.0,5.2,3.9,118.0,CENTRO,21
3.04,26.0,2.525,9.2,46.74,11.6,59.0,4.6,3.4,76.0,CENTRO,22
3.0,22.0,2.5500000000000003,8.9,40.59,11.3,52.0,4.5,1.9,64.0,CENTRO,23
2.86,33.0,2.575,5.5,38.75,7.9,46.0,4.3,6.4,66.0,CENTRO,0
2.87,21.0,2.6,8.4,43.11,10.9,50.0,4.9,3.4,52.0,CENTRO,1
2.85,16.0,2.625,7.1,42.15,9.5,60.0,3.9,1.6,214.0,CENTRO,2
2.87,14.0,2.6500000000000004,5.8,46.52,8.2,59.0,3.1,1.6,227.0,CENTRO,3
2.91,11.0,2.6750000000000003,6.5,46.84,9.0,49.0,2.8,1.8,270.0,CENTRO,4
2.94,7.0,2.7,7.9,45.63,10.6,48.0,2.7,2.4,214.0,CENTRO,5
2.96,6.0,3.1,10.2,44.42,13.3,56.0,2.7,3.9,45.0,CENTRO,6
3.08,7.0,4.4,10.8,40.31,15.2,65.0,3.1,5.6,119.0,CENTRO,7
3.11,8.0,7.5,10.2,39.27,17.6,68.0,3.3,2.0,192.0,CENTRO,8
3.33,10.0,11.2,10.9,35.15,22.0,70.0,3.6,6.2,121.0,CENTRO,9
3.055,24.0,7.8,7.9,27.38,15.65,79.5,3.35,7.3999999999999995,222.0,CENTRO,10
2.78,38.0,4.4,4.9,19.61,9.3,89.0,3.1,8.6,323.0,CENTRO,11
2.66,46.0,3.5,3.4,13.87,6.9,81.0,2.1,12.5,329.0,CENTRO,12
2.67,45.0,3.6,3.7,12.45,7.3,106.0,2.1,12.5,343.0,CENTRO,13
2.66,46.0,3.4,3.6,17.01,6.9,56.0,2.1500000000000004,14.1,334.0,CENTRO,14
2.63,51.0,3.1,3.1,11.93,6.2,93.0,2.2,7.4,350.0,CENTRO,15
2.63,53.0,3.1,3.3,16.58,6.3,85.0,2.2,8.7,318.0,CENTRO,16
2.67,49.0,3.3,4.1,18.0,7.4,66.0,2.1,13.9,313.0,CENTRO,17
2.66,51.0,2.9,4.2,16.68,7.1,59.0,2.0,10.5,308.0,CENTRO,18
2.82,47.0,2.8,8.5,12.91,11.3,32.0,2.3,6.2,116.0,CENTRO,19
2.96,38.0,2.8,13.2,16.18,16.0,45.0,2.4,7.2,103.0,CENTRO,20
2.95,28.0,2.9,14.4,21.17,17.2,61.0,3.7,5.3,61.0,CENTRO,21
2.87,24.0,3.0,14.1,18.11,17.2,49.0,6.7,7.8,49.0,CENTRO,22
2.7,36.0,2.5,9.0,13.14,11.4,49.0,2.6,6.9,75.0,CENTRO,23
2.69,35.0,2.5,8.6,11.48,11.0,26.0,3.5,7.7,86.0,CENTRO,0
2.72,37.0,2.4,7.1,14.81,9.5,20.0,4.1,7.6,92.0,CENTRO,1
2.65,40.0,2.3,6.3,13.86,8.6,25.0,5.1,7.8,71.0,CENTRO,2
2.59,44.0,2.3,4.6,15.05,6.9,33.0,4.2,8.0,71.0,CENTRO,3
2.63,43.0,2.2,4.7,15.58,6.9,18.0,4.1,7.8,70.0,CENTRO,4
2.62,41.0,2.2,4.9,12.37,7.1,22.0,2.9,8.8,56.0,CENTRO,5
2.62,38.0,2.3,5.0,8.79,7.2,13.0,2.7,8.4,58.0,CENTRO,6
2.69,27.0,2.4,8.4,12.64,10.9,17.0,3.1,7.5,95.0,CENTRO,7
2.97,22.0,3.9,10.6,10.55,14.4,24.0,4.0,6.7,110.0,CENTRO,8
2.95,27.0,5.5,9.1,14.02,14.5,28.0,3.9,8.0,67.0,CENTRO,9
2.92,34.0,4.8,6.5,14.11,11.3,28.0,3.5,7.1,58.0,CENTRO,10
2.85,38.0,4.9,6.6,17.28,11.4,36.0,4.4,4.7,77.0,CENTRO,11
2.88,45.0,4.4,6.6,19.83,11.0,32.0,4.0,5.1,46.0,CENTRO,12
2.86,53.0,3.8,6.0,21.26,9.7,36.0,4.0,5.1,44.0,CENTRO,13
2.85,55.0,3.7,6.4,16.94,10.1,36.0,4.4,6.3,115.0,CENTRO,14
2.82,57.0,3.6,6.8,16.91,10.4,61.0,4.9,6.0,170.0,CENTRO,15
2.79,59.0,3.2,6.4,15.35,9.6,42.0,4.3,6.6,145.0,CENTRO,16
2.78,50.0,3.4,6.6,12.12,10.0,38.0,4.6,6.9,96.0,CENTRO,17
2.75,45.0,2.8,6.1,12.27,8.8,35.0,3.7,9.1,79.0,CENTRO,18
2.77,39.0,2.8,7.2,17.92,10.0,30.0,2.6,9.4,32.0,CENTRO,19
2.77,35.0,2.7,8.3,11.68,11.0,26.0,2.6,10.2,25.0,CENTRO,20
2.82,31.0,2.6,9.7,19.83,12.2,22.0,3.2,8.2,37.0,CENTRO,21
2.71,39.0,2.3,5.8,14.59,8.1,29.0,5.3,6.3,128.0,CENTRO,22
2.63,47.0,2.2,2.7,10.61,4.9,17.0,2.3,8.9,148.0,CENTRO,23
2.61,48.0,2.2,2.3,16.3,4.4,20.0,2.2,9.4,146.0,CENTRO,0
2.6,49.0,2.1,2.1,16.337142857142858,4.3,12.0,2.1,8.6,133.0,CENTRO,1
2.6,49.0,2.1,2.0,16.374285714285715,4.1,8.0,2.1,8.1,140.0,CENTRO,2
2.59,49.0,2.15,1.8,16.411428571428573,4.0,6.0,2.1750000000000003,6.8,130.0,CENTRO,3
2.59,50.0,2.1999999999999997,1.7,16.448571428571427,3.9,6.0,2.25,6.9,137.0,CENTRO,4
2.59,50.0,2.25,1.8,16.485714285714284,3.9,6.0,2.325,5.9,121.0,CENTRO,5
2.73,26.0,2.3,8.9,16.52285714285714,11.2,8.0,2.4,3.0,58.0,CENTRO,6
2.79,20.0,4.2,9.9,16.56,14.1,22.0,2.3,1.3,139.0,CENTRO,7
3.27,7.0,21.3,16.2,22.055,37.4,21.0,2.9,2.2,75.0,CENTRO,8
3.49,10.0,23.2,18.1,27.55,41.2,64.0,3.9,3.4,74.0,CENTRO,9
3.32,23.0,12.4,15.4,21.67,27.8,68.0,3.3,7.7,85.0,CENTRO,10
2.87,45.0,4.8,7.9,19.27,12.7,67.0,7.0,13.3,77.0,CENTRO,11
2.76,57.0,3.3,5.0,17.17,8.3,76.0,8.6,14.2,87.0,CENTRO,12
2.75,56.0,3.0,4.3,20.65,7.3,57.0,3.6,14.7,83.0,CENTRO,13
2.79,57.0,3.6,5.2,19.99,8.7,36.0,4.2,14.1,82.0,CENTRO,14
2.77,58.0,3.2,4.6,17.9,7.8,61.0,4.8,15.0,97.0,CENTRO,15
2.77,57.0,3.1,4.4,16.884999999999998,7.449999999999999,54.5,4.2,15.85,98.5,CENTRO,16
2.77,56.0,3.0,4.2,15.87,7.1,48.0,3.6,16.7,100.0,CENTRO,17
2.78,52.0,2.8,4.8,19.71,7.7,50.0,2.8,15.7,92.0,CENTRO,18
2.8,48.0,2.5,6.1,17.33,8.6,40.0,2.4,14.6,99.0,CENTRO,19
2.73,52.0,2.4,5.0,15.59,7.3,35.0,2.9,13.1,106.0,CENTRO,20
2.74,51.0,2.2,4.8,15.05,7.0,22.0,2.2,7.8,128.0,CENTRO,21
2.71,54.0,2.2,4.1,14.59,6.3,16.0,2.1,10.2,102.0,CENTRO,22
2.68,57.0,2.166666666666667,2.5,16.8,4.7,23.0,2.2,11.5,129.0,CENTRO,23
2.71,50.0,2.1333333333333333,3.1,17.42,5.3,29.0,2.2,10.3,95.0,CENTRO,0
2.72,51.0,2.1,2.8,18.02,5.0,26.0,2.2333333333333334,9.3,76.0,CENTRO,1
2.72,52.0,2.2,2.3,20.37,4.5,24.0,2.2666666666666666,9.3,60.0,CENTRO,2
2.71,54.0,2.1,1.9,18.115,4.1,18.0,2.3,9.3,66.0,CENTRO,3
2.71,56.0,2.2,1.8,15.86,4.0,17.0,2.2,8.2,75.0,CENTRO,4
2.71,55.0,2.2,1.8,18.585,3.9,16.0,2.2,6.8,81.0,CENTRO,5
2.75,47.0,2.3,3.5,21.310000000000002,5.7,19.0,2.95,4.5,41.0,CENTRO,6
2.82,32.0,2.4,8.8,24.035,11.2,21.0,3.7,5.8,42.0,CENTRO,7
2.85,37.0,2.6,7.1,26.76,9.7,33.0,2.8,6.5,85.0,CENTRO,8
2.92,32.0,3.6,9.0,34.82,12.6,36.0,3.6,4.8,77.0,CENTRO,9
2.96,36.0,3.9,8.8,33.65,12.7,49.0,4.0,5.6,78.0,CENTRO,10
2.96,44.0,3.4,7.4,30.61,10.8,46.0,4.3,8.1,71.0,CENTRO,11
2.91,50.0,3.2,5.6,30.83,8.8,51.0,3.4,8.8,50.0,CENTRO,12
2.87,53.0,3.2,4.5,24.6,7.6,45.0,2.8,8.6,63.0,CENTRO,13
2.81,59.0,2.7,2.7,20.78,5.4,34.0,2.6,11.7,123.0,CENTRO,14
2.87,59.0,2.8,3.3,23.69,6.1,30.0,2.6,11.1,88.0,CENTRO,15
2.81,60.0,2.6,2.4,26.75,4.9,35.0,2.5,13.5,118.0,CENTRO,16
2.79,58.0,2.5,1.9,23.68,4.3,26.0,2.5,12.6,132.0,CENTRO,17
2.82,56.0,2.6,2.7,21.1,5.3,30.0,2.3,13.1,123.0,CENTRO,18
2.92,54.0,2.7,3.3,23.083333333333336,6.0,25.0,2.3,11.2,126.0,CENTRO,19
2.93,42.0,2.7,6.5,25.066666666666666,9.2,26.0,2.2666666666666666,8.1,129.0,CENTRO,20
2.86,45.0,2.4,4.9,27.05,7.2,33.0,2.2333333333333334,10.7,99.0,CENTRO,21
2.83,49.0,2.3,2.7,27.96,5.0,45.0,2.2,12.5,94.0,CENTRO,22
2.82,50.0,2.3,2.5,31.47,4.8,40.0,2.2,10.4,94.0,CENTRO,23
2.81,49.0,2.2,2.4,29.9,4.7,35.0,2.1,9.5,83.0,CENTRO,0
2.81,49.0,2.2,2.1,31.97,4.3,33.0,2.2,7.4,91.0,CENTRO,1
2.84,45.0,2.25,2.7,32.7975,4.9,24.0,2.1,6.3,52.0,CENTRO,2
2.83,42.0,2.3,3.4,33.625,5.6,28.0,2.3,4.7,36.0,CENTRO,3
2.83,35.0,2.2,5.4,34.4525,7.6,29.0,3.3,4.2,27.0,CENTRO,4
2.84,33.0,2.3,5.9,35.28,8.3,37.0,4.1,4.5,41.0,CENTRO,5
2.85,29.0,2.4,6.4,36.54,8.7,42.0,4.7,2.2,12.0,CENTRO,6
2.86,32.0,2.3,5.6,34.57,7.9,44.0,3.7,3.4,27.0,CENTRO,7
2.9,27.0,2.4,7.0,31.53,9.4,36.0,3.4,4.0,61.0,CENTRO,8
2.97,21.0,4.3,8.9,32.47,13.2,35.0,4.4,3.7,39.0,CENTRO,9
2.99,21.0,5.3,9.8,37.93,15.1,45.0,4.8,4.8,12.0,CENTRO,10
3.01,30.0,5.3,8.2,41.17,13.4,59.0,4.1,4.6,18.0,CENTRO,11
3.05,38.0,4.5,7.4,46.36,11.9,57.0,4.0,5.0,57.0,CENTRO,12
3.02,43.0,4.3,7.4,48.97,11.6,58.0,5.3,6.3,66.0,CENTRO,13
2.92,51.0,2.7,3.1,34.39,5.9,54.0,3.1,9.2,62.0,CENTRO,14
2.89,50.0,2.9,3.2,33.306666666666665,6.0,36.0,3.1,6.3,64.0,CENTRO,15
2.94,45.0,2.9,4.4,32.223333333333336,7.3,29.0,2.9000000000000004,8.6,61.0,CENTRO,16
2.94,45.0,2.7,3.9,31.14,6.6,40.0,2.7,9.1,62.0,CENTRO,17
2.96,43.0,2.5,4.1,31.087500000000002,6.5,33.0,2.5,8.4,72.0,CENTRO,18
2.95,41.0,2.4,4.1,31.035,6.5,31.0,2.3,7.9,105.0,CENTRO,19
2.98,37.0,2.4,5.2,30.9825,7.5,34.0,2.8,7.8,81.0,CENTRO,20
2.97,36.0,2.3666666666666667,4.7,30.93,7.0,38.0,3.6,7.7,94.0,CENTRO,21
2.88,37.0,2.333333333333333,3.2,26.4,5.5,31.0,2.6,7.6,93.0,CENTRO,22
2.87,35.0,2.3,3.2,24.75,5.5,29.0,2.3,6.2,62.0,CENTRO,23
2.89,32.0,2.4,4.0,24.182,6.3,18.0,2.3,5.2,51.0,CENTRO,0
2.9,32.0,2.3,3.3,23.614,5.5,23.0,2.1,5.0,51.0,CENTRO,1
2.84,35.0,2.2,2.2,23.046,4.4,18.0,2.0,4.8,64.0,CENTRO,2
2.84,35.0,2.2,2.1,22.478,4.4,13.0,2.1,4.4,78.0,CENTRO,3
2.83,35.0,2.3,1.9,21.91,4.1,22.0,2.1,2.7,61.0,CENTRO,4
2.85,30.0,2.3,3.3,23.515,5.5,13.0,3.0,2.9,341.0,CENTRO,5
2.87,23.0,2.4,5.8,25.12,8.0,25.0,4.0,5.3,359.0,CENTRO,6
2.93,16.0,2.5,8.1,26.724999999999998,10.6,25.0,2.7,3.3,27.0,CENTRO,7
3.15,12.0,3.9,9.4,28.33,13.2,48.0,2.7,4.0,5.0,CENTRO,8
3.23,12.0,5.5,9.3,34.76,14.8,51.0,2.6,4.6,343.0,CENTRO,9
3.1,21.0,4.0,7.0,28.89,11.0,52.0,2.5,4.9,336.0,CENTRO,10
3.1,26.0,3.7,6.1,33.09,9.9,58.0,2.6,4.5,354.0,CENTRO,11
3.15,32.0,5.4,6.6,40.35,12.0,57.0,2.8,4.8,52.0,CENTRO,12
3.21,45.0,4.1,6.8,42.77,10.8,70.0,2.9,5.2,16.0,CENTRO,13
3.33,48.0,3.4,8.8,45.12,12.2,71.0,3.3,4.5,62.0,CENTRO,14
3.26,42.0,3.5,9.2,43.99,12.7,79.0,4.6,6.3,92.0,CENTRO,15
3.06,43.0,3.3,6.4,35.03,9.7,75.0,3.3,8.4,97.0,CENTRO,16
3.04,39.0,3.0,6.6,32.75,9.5,58.0,3.3,7.4,92.0,CENTRO,17
3.06,31.0,2.8,7.3,31.19,10.0,53.0,2.9,7.0,93.0,CENTRO,18
3.15,22.0,2.8,9.0,30.62,11.7,44.0,2.5,4.5,123.0,CENTRO,19
3.29,11.0,3.2,12.2,36.64,15.4,48.0,2.5,2.9,352.0,CENTRO,20
3.28,6.0,3.4,13.0,36.52,16.3,46.0,3.0,1.6,262.0,CENTRO,21
3.33,8.0,4.4,13.1,38.32,17.5,43.0,3.5,2.5,32.0,CENTRO,22
3.46,6.0,7.8,13.0,40.34,20.7,45.0,2.8,1.3,276.0,CENTRO,23
3.28,17.0,4.8,10.2,36.5,14.9,51.0,3.5,2.1,92.0,CENTRO,0
3.03,31.0,2.2,5.7,40.75,8.0,47.0,4.0,3.9,76.0,CENTRO,1
2.98,26.0,2.3,5.0,32.79,7.3,49.0,3.5,4.7,58.0,CENTRO,2
2.98,13.0,2.9,7.7,30.78,10.7,40.0,4.4,4.5,359.0,CENTRO,3
2.95,17.0,2.4,6.0,29.14,8.3,34.0,3.3,3.5,37.0,CENTRO,4
3.05,20.0,2.4,4.8,28.88,7.0,33.0,2.8,3.1,68.0,CENTRO,5
2.98,16.0,3.15,5.0,27.95,7.3,31.0,2.9,1.6,34.0,CENTRO,6
3.1,6.0,3.9,8.7,31.4,12.6,33.0,3.0,1.7,349.0,CENTRO,7
3.26,6.0,6.9,8.7,35.36,15.6,44.0,2.8,2.1,310.0,CENTRO,8
3.53,6.0,11.4,9.9,31.12,21.3,42.0,2.9,2.8,344.0,CENTRO,9
3.57,9.0,11.2,10.3,35.25,21.5,62.0,3.1,2.6,359.0,CENTRO,10
4.24,10.0,16.8,14.9,45.82,31.6,96.0,3.3,3.8,36.0,CENTRO,11
3.88,18.0,11.9,13.4,47.73,25.2,98.0,4.2,4.2,21.0,CENTRO,12
3.55,28.0,6.0,11.2,40.98,17.2,84.0,4.7,3.7,18.0,CENTRO,13
3.42,31.0,6.3,13.9,44.91,20.3,68.0,8.8,5.8,93.0,CENTRO,14
3.41,43.0,4.5,12.4,48.58,16.9,88.0,6.9,7.0,85.0,CENTRO,15
3.27,44.0,3.6,9.1,44.09,12.6,84.0,6.9,8.5,76.0,CENTRO,16
3.21,48.0,3.1,8.3,41.92,11.4,82.0,12.6,9.4,63.0,CENTRO,17
3.24,42.0,3.0,9.1,45.73,12.0,73.0,8.2,8.5,63.0,CENTRO,18
3.27,39.0,2.7,9.4,43.76,12.0,60.0,6.5,7.3,82.0,CENTRO,19
3.15,19.0,2.9,7.8,28.0,10.8,56.0,4.0,10.3,74.0,CENTRO,20
3.05,20.0,2.7,6.1,24.35,8.8,40.0,3.2,9.6,78.0,CENTRO,21
2.98,23.0,2.5,4.7,20.08,7.2,35.0,3.1,6.8,90.0,CENTRO,22
2.97,25.0,2.4,4.1,21.883333333333333,6.5,25.0,2.9,7.3,77.0,CENTRO,23
2.99,20.0,2.5,4.8,23.686666666666664,7.2,26.0,2.5,5.9,73.0,CENTRO,0
2.97,22.0,2.4,3.7,25.49,6.0,37.0,2.2,6.4,63.0,CENTRO,1
2.92,27.0,2.3,2.1,23.36,4.4,26.0,2.1,5.6,65.0,CENTRO,2
2.93,26.0,2.4,2.2,25.155,4.5,14.0,2.1,5.0,71.0,CENTRO,3
2.91,27.0,2.3,1.7,26.95,4.0,27.0,2.0,5.0,77.0,CENTRO,4
2.92,26.0,2.3,1.9,25.99,4.2,31.0,2.0,4.0,69.0,CENTRO,5
2.92,23.0,2.45,3.1,29.9,5.4,24.0,2.1,2.5,76.0,CENTRO,6
3.0,13.0,2.6,6.3,33.81,8.8,34.0,2.2,3.3,80.0,CENTRO,7
3.17,7.0,6.5,9.0,36.395,15.4,31.0,2.4,3.1,68.0,CENTRO,8
3.39,7.0,13.8,9.9,38.98,23.7,47.0,3.1,2.4,46.0,CENTRO,9
3.47,11.0,12.7,10.4,39.85,23.0,62.0,3.3,3.6,35.0,CENTRO,10
3.7,14.0,11.5,12.0,43.14,23.4,71.0,4.5,6.1,61.0,CENTRO,11
3.63,20.0,7.9,12.2,47.12,20.0,95.0,3.6,6.8,48.0,CENTRO,12
3.46,29.0,6.2,11.8,53.03,18.0,94.0,4.9,6.4,38.0,CENTRO,13
3.34,46.0,4.9,9.8,51.99,14.6,89.0,5.5,6.7,67.0,CENTRO,14
3.29,65.0,3.7,9.2,46.24,12.9,74.0,4.8,6.6,68.0,CENTRO,15
3.14,65.0,3.0,5.8,36.52,8.8,75.0,3.9,7.7,65.0,CENTRO,16
3.1,52.0,3.2,5.2,27.01,8.4,47.0,3.0,8.9,52.0,CENTRO,17
3.05,45.0,2.7,4.5,29.91,7.2,39.0,2.7,9.0,120.0,CENTRO,18
3.11,38.0,2.6,4.9,29.925,7.5,32.0,2.4,7.6,150.0,CENTRO,19
3.12,33.0,2.5,5.8,29.94,8.3,33.0,2.3,8.6,146.0,CENTRO,20
3.06,31.0,2.5,5.2,27.98,7.7,32.0,2.2,6.8,146.0,CENTRO,21
3.13,24.0,2.466666666666667,7.4,32.66,9.9,33.0,2.3,6.0,106.0,CENTRO,22
3.06,22.0,2.433333333333333,6.1,27.06,8.6,36.0,2.2,6.6,66.0,CENTRO,23
3.03,22.0,2.4,5.7,25.4,8.1,33.0,2.1,4.1,41.0,CENTRO,0
3.04,10.0,2.8,9.1,29.39,11.8,32.0,3.0,3.9,336.0,CENTRO,1
3.07,8.0,2.9,9.0,29.5,11.9,37.0,3.0,4.3,353.0,CENTRO,2
3.0,18.0,2.5,5.1,22.82,7.6,44.0,2.9499999999999997,2.9,76.0,CENTRO,3
3.02,13.0,2.5,6.5,22.68,8.9,28.0,2.9,1.6,83.0,CENTRO,4
3.02,9.0,2.7,7.2,28.16,9.8,33.0,2.5,1.7,337.0,CENTRO,5
3.12,5.0,3.2,8.9,28.22,12.1,29.0,2.3,1.2,337.0,CENTRO,6
3.29,5.0,7.3,8.3,31.705,15.7,33.0,2.3,1.0,276.0,CENTRO,7
3.73,6.0,26.7,9.3,35.19,36.0,42.0,2.6,1.6,8.0,CENTRO,8
3.99,7.0,20.9,12.3,31.25,33.2,61.0,3.0,3.0,8.0,CENTRO,9
4.37,15.0,14.4,14.0,34.38,28.4,70.0,3.7,3.8,27.0,CENTRO,10
4.5,22.0,12.6,17.1,43.57,29.7,80.0,4.7,3.3,34.0,CENTRO,11
4.18,29.0,11.0,19.5,53.77,30.5,102.0,4.7,4.0,22.0,CENTRO,12
4.06,43.0,10.3,21.9,58.53,32.2,119.0,9.7,6.5,81.0,CENTRO,13
3.59,66.0,5.2,19.1,56.49,24.3,124.0,13.7,6.4,76.0,CENTRO,14
3.49,79.0,4.0,16.6,51.79,20.5,117.0,12.5,6.3,73.0,CENTRO,15
3.39,88.0,3.1,11.0,45.42,14.1,105.0,7.2,7.0,76.0,CENTRO,16
3.28,81.0,3.1,8.0,45.28,11.1,105.0,10.6,8.6,73.0,CENTRO,17
3.27,55.0,3.0,8.6,41.34,11.6,76.0,7.9,7.5,89.0,CENTRO,18
3.29,41.0,3.2,10.8,38.33,14.1,66.0,7.5,6.4,110.0,CENTRO,19
3.28,28.0,2.9,9.6,37.18,12.5,59.0,3.8,6.1,97.0,CENTRO,20
3.12,33.0,2.5,5.5,32.17,8.0,44.0,3.0,8.1,132.0,CENTRO,21
3.05,38.0,2.5,3.8,33.56,6.3,48.0,2.8,7.9,148.0,CENTRO,22
3.26,20.0,3.1,9.1,33.519999999999996,12.1,36.0,2.9,5.5,96.0,CENTRO,23
3.22,12.0,2.8,8.9,33.48,11.6,55.0,3.2,4.3,34.0,CENTRO,0
3.07,17.0,2.6,6.0,26.96,8.6,45.0,2.7,4.9,22.0,CENTRO,1
3.05,13.0,2.8,6.5,26.31,9.2,34.0,3.2,5.8,7.0,CENTRO,2
3.1,6.0,2.9,7.8,26.38,10.6,38.0,3.0,5.6,4.0,CENTRO,3
3.09,12.0,2.6,6.5,26.49,9.1,47.0,2.9,3.0,347.0,CENTRO,4
3.14,11.0,2.5,6.0,24.99,8.5,33.0,2.3,1.2,324.0,CENTRO,5
3.24,8.0,2.7,6.5,29.1,9.1,31.0,2.2,1.4,283.0,CENTRO,6
3.28,5.0,7.1,8.0,26.34,15.0,33.0,2.3,2.2,317.0,CENTRO,7
3.53,6.0,14.4,8.7,31.81,23.1,37.0,2.6,1.8,19.0,CENTRO,8
3.79,8.0,17.3,11.1,37.43,28.4,59.0,4.1,2.8,34.0,CENTRO,9
4.53,12.0,26.7,17.9,60.25,44.5,95.0,12.1,4.2,71.0,CENTRO,10
4.23,21.0,17.7,19.5,56.48,37.1,129.0,14.8,6.0,79.0,CENTRO,11
3.69,42.0,8.1,16.5,52.45,24.5,131.0,12.2,9.2,98.0,CENTRO,12
3.55,69.0,4.5,12.5,46.59,16.9,117.0,6.9,10.4,80.0,CENTRO,13
3.45,96.0,3.3,9.5,44.36,12.7,99.0,5.1,11.3,64.0,CENTRO,14
3.28,106.0,2.9,8.0,52.9,10.8,89.0,12.1,11.8,69.0,CENTRO,15
3.23,97.0,2.8,7.7,57.27,10.5,96.0,19.5,12.6,66.0,CENTRO,16
3.18,72.0,2.9,6.2,41.02,9.0,88.0,7.3,12.7,87.0,CENTRO,17
3.19,52.0,2.8,6.5,34.76,9.3,62.0,4.0,12.5,92.0,CENTRO,18
3.29,39.0,2.8,9.3,38.33,12.0,54.0,3.5,10.6,89.0,CENTRO,19
3.26,23.0,2.9,9.8,33.18,12.7,52.0,3.0,11.6,84.0,CENTRO,20
3.24,22.0,2.8,9.2,33.85,12.0,47.0,2.8,9.0,90.0,CENTRO,21
3.2,22.0,2.7,6.9,37.51,9.6,44.0,3.6,10.8,92.0,CENTRO,22
3.18,21.0,2.6,6.0,39.99,8.6,74.0,3.7,8.4,67.0,CENTRO,23
3.15,17.0,3.0,7.0,44.94,10.0,59.0,4.4,8.3,48.0,CENTRO,0
3.06,19.0,2.9,6.2,46.63,9.1,67.0,4.9,7.9,44.0,CENTRO,1
3.13,21.0,2.5,5.1,46.86,7.6,57.0,4.4,4.7,355.0,CENTRO,2
3.19,21.0,2.5,4.7,45.72,7.2,58.0,3.8,4.4,73.0,CENTRO,3
3.13,16.0,2.6,7.0,50.1,9.6,58.0,3.7,4.7,19.0,CENTRO,4
3.21,17.0,2.5,5.4,49.51,7.8,58.0,3.0,1.9,324.0,CENTRO,5
3.26,16.0,2.5,6.0,49.23,8.4,60.0,2.8,2.9,12.0,CENTRO,6
3.26,9.0,2.7,8.5,54.19,11.1,63.0,3.3,5.3,10.0,CENTRO,7
3.4,12.0,3.5,8.8,55.95,12.3,72.0,3.5,4.9,16.0,CENTRO,8
3.39,17.0,3.9,8.0,57.03,11.9,70.0,3.8,4.8,20.0,CENTRO,9
3.49,19.0,5.6,9.0,56.82,14.6,73.0,4.0,4.5,36.0,CENTRO,10
3.45,33.0,4.8,6.9,58.57,11.7,76.0,3.9,5.2,6.0,CENTRO,11
3.38,47.0,3.7,6.4,56.78,10.1,76.0,4.1,5.9,60.0,CENTRO,12
3.29,62.0,3.2,5.5,59.79,8.7,89.0,4.8,5.7,34.0,CENTRO,13
3.3,67.0,3.4,7.5,56.27,10.9,84.0,5.6,7.0,13.0,CENTRO,14
3.37,65.0,4.3,12.8,56.16,17.0,89.0,10.7,7.3,64.0,CENTRO,15
3.34,110.0,2.7,7.3,58.16,10.0,88.0,5.3,7.1,95.0,CENTRO,16
3.21,87.0,2.6,5.5,54.68,8.1,88.0,7.7,9.2,70.0,CENTRO,17
3.18,72.0,2.5,5.6,51.78,8.1,74.0,6.0,9.5,97.0,CENTRO,18
3.14,48.0,2.5,5.6,42.56,7.9,63.0,4.1,11.0,96.0,CENTRO,19
3.14,38.0,2.533333333333333,5.4,37.89,7.7,64.0,3.0,9.6,102.0,CENTRO,20
3.22,30.0,2.566666666666667,7.0,41.53,9.5,43.0,2.8,7.3,96.0,CENTRO,21
3.19,22.0,2.6,6.3,36.24,8.9,54.0,3.2,10.3,83.0,CENTRO,22
3.08,24.0,2.5,3.9,28.56,6.4,55.0,2.5,10.5,68.0,CENTRO,23
3.1,21.0,2.6,4.3,31.33,6.8,35.0,3.1,11.0,66.0,CENTRO,0
3.06,24.0,2.5,3.2,25.26,5.6,33.0,3.9,9.6,64.0,CENTRO,1
3.02,25.0,2.4,2.4,20.3,4.8,34.0,2.8,9.5,57.0,CENTRO,2
3.03,23.0,2.5,3.0,22.31,5.5,23.0,3.3,7.7,66.0,CENTRO,3
3.03,23.0,2.5,2.9,24.32,5.3,30.0,3.6,6.6,92.0,CENTRO,4
3.02,25.0,2.4,2.0,25.043333333333333,4.4,26.0,3.4,7.0,108.0,CENTRO,5
3.03,23.0,2.5,2.1,25.766666666666666,4.5,28.0,3.0,6.1,80.0,CENTRO,6
3.04,21.0,2.5,2.8,26.49,5.2,31.0,3.1,6.2,70.0,CENTRO,7
3.06,22.0,2.5,3.3,31.55,5.8,38.0,3.5,7.3,81.0,CENTRO,8
3.09,21.0,2.6,3.7,26.97,6.4,34.0,3.1,7.3,78.0,CENTRO,9
3.14,20.0,3.0,4.4,31.689999999999998,7.4,24.0,2.9,6.9,76.0,CENTRO,10
3.16,27.0,3.3,3.5,36.41,6.8,37.0,3.1,9.8,81.0,CENTRO,11
3.13,31.0,2.9,3.1,38.32,6.0,46.0,2.9,11.0,77.0,CENTRO,12
3.12,29.0,2.9,3.1,32.04,6.0,50.0,2.4,9.4,90.0,CENTRO,13
3.11,29.0,2.8,2.9,30.88,5.6,38.0,2.2,11.2,122.0,CENTRO,14
3.09,35.0,2.6,2.4,33.72,5.0,44.0,2.2,12.5,149.0,CENTRO,15
3.13,32.0,2.5,3.3,33.88,5.8,47.0,2.15,9.0,126.0,CENTRO,16
3.13,31.0,2.5,3.1,34.03,5.6,40.0,2.1,7.0,145.0,CENTRO,17
3.13,31.0,2.5,3.3,35.46,5.8,46.0,2.05,6.6,140.0,CENTRO,18
3.14,29.0,2.5,3.7,35.67,6.2,43.0,2.0,7.3,145.0,CENTRO,19
3.14,29.0,2.466666666666667,3.5,31.625,6.0,37.0,2.2,7.2,117.0,CENTRO,20
3.11,28.0,2.433333333333333,3.4,27.58,5.8,34.0,2.0,11.0,119.0,CENTRO,21
3.06,30.0,2.4,2.1,26.08,4.4,33.0,2.0,15.3,152.0,CENTRO,22
3.1,22.0,2.6,4.0,23.62,6.6,41.0,2.1,6.1,62.0,CENTRO,23
3.19,16.0,2.5,5.4,20.13,8.0,27.0,2.5,6.4,39.0,CENTRO,0
3.09,19.0,2.5,4.1,21.17,6.5,26.0,2.5,8.6,82.0,CENTRO,1
3.04,20.0,2.7,3.9,24.72,6.5,17.0,2.75,10.7,52.0,CENTRO,2
3.04,18.0,2.6,4.4,28.27,7.0,32.0,3.0,6.6,49.0,CENTRO,3
3.14,21.0,2.4,3.5,24.93,5.9,28.0,2.2,5.7,349.0,CENTRO,4
3.28,25.0,2.4,2.1,24.077142857142857,4.4,16.0,2.1,4.2,188.5,CENTRO,5
3.09,22.0,2.45,3.2,23.224285714285713,5.5,15.0,2.0,4.0,28.0,CENTRO,6
3.1,20.0,2.5,4.2,22.37142857142857,6.6,16.0,2.0,4.0,112.0,CENTRO,7
3.13,17.0,2.7,5.1,21.51857142857143,7.8,10.0,2.025,2.7,77.0,CENTRO,8
3.15,20.0,2.7,4.6,20.665714285714287,7.3,10.0,2.0500000000000003,5.5,96.0,CENTRO,9
3.17,20.0,3.2,4.9,19.812857142857144,8.1,8.0,2.075,4.9,65.0,CENTRO,10
3.14,24.0,3.3,3.6,18.96,6.9,22.0,2.1,6.6,68.0,CENTRO,11
3.17,17.0,7.6,6.9,24.93,14.6,25.0,3.7,7.2,13.0,CENTRO,12
3.19,20.0,4.6,6.0,30.9,10.7,33.0,4.1,6.5,58.0,CENTRO,13
3.18,26.0,3.7,5.1,24.75,8.7,31.0,3.1,6.4,51.0,CENTRO,14
3.13,22.0,3.7,5.4,25.23,9.2,27.0,3.5,4.0,143.0,CENTRO,15
3.11,28.0,2.7,2.6,13.6,5.3,20.0,2.6,6.5,137.0,CENTRO,16
3.1,27.0,2.5,2.6,17.434285714285714,5.2,7.0,2.3,7.1,130.0,CENTRO,17
3.16,24.0,2.6,3.5,21.268571428571427,6.1,12.0,2.2,8.6,122.0,CENTRO,18
3.12,25.0,2.5,3.1,25.102857142857143,5.6,17.0,2.0,8.7,128.0,CENTRO,19
3.14,23.0,2.5,3.8,28.937142857142856,6.3,14.0,2.0,5.7,117.0,CENTRO,20
3.22,16.0,2.8,6.0,32.77142857142857,8.7,20.0,2.1,4.3,47.0,CENTRO,21
3.61,5.0,5.5,10.0,36.605714285714285,15.4,28.0,2.2,4.0,328.0,CENTRO,22
3.65,5.0,5.4,9.9,40.44,15.3,50.0,2.1,2.7,326.0,CENTRO,23
3.71,5.0,6.1,9.2,39.41,15.3,49.0,2.1,2.6,296.0,CENTRO,0
3.39,11.0,2.8,6.8,35.8,9.6,43.0,2.1500000000000004,2.9,302.0,CENTRO,1
3.4,6.0,3.1,7.7,32.585,10.8,37.0,2.2,1.7,327.0,CENTRO,2
3.45,8.0,2.7,7.2,29.37,9.9,39.0,2.2,5.6,27.0,CENTRO,3
3.42,5.0,3.0,8.1,31.655,11.1,27.0,2.4,2.5,268.0,CENTRO,4
3.41,5.0,3.7,6.9,33.94,10.5,34.0,2.1,1.1,260.0,CENTRO,5
3.41,6.0,4.3,7.0,31.856666666666666,11.3,30.0,2.1,2.3,140.0,CENTRO,6
3.43,5.0,8.7,8.2,29.773333333333333,16.8,27.0,2.3,2.9,29.0,CENTRO,7
3.42,7.0,9.0,9.1,27.69,18.1,47.0,2.9,4.6,81.0,CENTRO,8
3.34,13.0,5.4,8.3,17.75,13.7,40.0,3.4,4.1,72.0,CENTRO,9
3.35,17.0,5.4,6.8,25.8,12.2,29.0,3.5,6.1,66.0,CENTRO,10
3.26,24.0,4.5,5.1,24.98,9.6,27.0,5.0,7.0,74.0,CENTRO,11
3.26,34.0,4.0,4.8,31.775,8.8,32.0,4.3,5.5,42.0,CENTRO,12
3.3,42.0,5.0,7.4,38.57,12.4,40.0,4.8,6.8,62.0,CENTRO,13
3.25,61.0,3.5,6.1,35.91,9.5,48.0,4.3,9.5,57.0,CENTRO,14
3.19,58.0,3.0,4.2,29.66,7.2,40.0,3.6,10.1,76.0,CENTRO,15
3.12,58.0,2.6,3.0,30.35,5.6,30.0,3.4,10.9,131.0,CENTRO,16
3.19,54.0,2.7,3.7,31.04,6.3,29.0,3.0,11.4,144.0,CENTRO,17
3.17,49.0,2.6,4.1,31.73,6.7,37.0,2.5,10.0,150.0,CENTRO,18
3.15,43.0,2.6,4.1,30.345000000000002,6.6,26.0,2.4,10.4,150.0,CENTRO,19
3.2,37.0,2.5,5.4,28.96,7.8,26.0,2.2,8.8,128.0,CENTRO,20
3.16,27.0,2.5,4.4,27.575000000000003,6.9,26.0,2.3,11.0,108.0,CENTRO,21
3.14,23.0,2.85,3.8,26.19,6.3,35.0,2.1,8.9,84.0,CENTRO,22
3.15,15.0,3.2,5.0,26.29,8.2,31.0,2.3,9.7,58.0,CENTRO,23
3.16,8.0,5.3,7.3,32.84,12.6,34.0,4.7,8.3,24.0,CENTRO,0
3.17,13.0,2.6,4.9,33.87,7.5,37.0,3.7,6.4,17.0,CENTRO,1
3.13,14.0,2.5,4.3,34.17,6.8,35.0,3.1,5.6,63.0,CENTRO,2
3.11,13.0,3.6,4.7,27.91,8.3,30.0,3.1,5.8,68.0,CENTRO,3
3.09,19.0,2.5,2.2,26.78,4.6,30.0,2.9,6.4,96.0,CENTRO,4
3.09,18.0,2.5,2.0,28.57,4.4,17.0,2.4,4.5,69.0,CENTRO,5
3.1,14.0,2.6999999999999997,3.2,30.36,5.7,31.0,2.8,4.7,77.0,CENTRO,6
3.15,11.0,2.9,4.4,26.27,7.3,25.0,2.5,5.9,70.0,CENTRO,7
3.34,5.0,7.4,6.3,22.18,13.7,10.0,2.3,3.1,59.0,CENTRO,8
3.46,6.0,9.9,6.2,18.09,16.0,22.0,2.2,2.7,354.0,CENTRO,9
3.48,11.0,9.8,5.9,24.26,15.7,28.0,2.4,5.2,75.0,CENTRO,10
3.41,18.0,6.6,5.6,24.54,12.1,33.0,2.4,6.5,69.0,CENTRO,11
3.28,31.0,4.0,4.4,25.57,8.4,33.0,2.2,6.8,76.0,CENTRO,12
3.28,37.0,3.8,4.4,27.115,8.2,29.0,2.2,8.8,68.0,CENTRO,13
3.22,43.0,3.3,3.9,28.66,7.1,31.0,2.25,9.7,69.0,CENTRO,14
3.18,44.0,3.0,3.3,24.89,6.3,28.0,2.3,10.0,80.0,CENTRO,15
3.17,47.0,2.6,2.6,26.171666666666667,5.3,30.0,2.1,8.3,122.0,CENTRO,16
3.19,49.0,2.7,2.7,27.453333333333333,5.4,29.0,2.2,7.7,142.0,CENTRO,17
3.19,43.0,2.7,3.4,28.735,6.1,24.0,2.2,9.6,153.0,CENTRO,18
3.22,36.0,2.5,4.0,30.016666666666666,6.5,28.0,2.1,11.2,142.0,CENTRO,19
3.21,35.0,2.5,3.8,31.298333333333332,6.2,23.0,2.1,11.1,139.0,CENTRO,20
3.19,38.0,2.4,3.4,32.58,5.8,33.0,2.0,9.9,117.0,CENTRO,21
3.14,41.0,2.4,2.6,33.265,4.9,36.0,2.0,12.9,149.0,CENTRO,22
3.17,36.0,3.0999999999999996,3.4,33.949999999999996,5.7,27.0,2.1,9.0,119.0,CENTRO,23
3.28,7.0,3.8,10.3,34.635,14.1,35.0,4.8,7.4,20.0,CENTRO,0
3.33,8.0,3.1,8.9,35.32,11.9,57.0,3.3,5.1,5.0,CENTRO,1
3.32,9.0,2.9,8.1,37.62,11.0,49.0,2.9,5.8,342.0,CENTRO,2
3.25,13.0,2.5,6.2,34.21,8.6,43.0,2.5,4.9,8.0,CENTRO,3
3.25,8.0,2.5,7.0,29.77,9.4,30.0,2.4,2.1,10.0,CENTRO,4
3.18,9.0,2.8000000000000003,6.6,28.82,9.0,38.0,2.5,1.3,25.0,CENTRO,5
3.22,5.0,3.1,7.7,37.96,10.8,44.0,2.4,1.0,300.0,CENTRO,6
3.34,6.0,5.2,7.5,34.48,12.7,39.0,2.3,1.8,279.0,CENTRO,7
3.67,6.0,15.8,8.1,36.584999999999994,23.9,41.0,2.6,1.7,309.0,CENTRO,8
3.82,10.0,17.8,10.9,38.69,28.6,56.0,2.9,3.2,74.0,CENTRO,9
3.98,17.0,16.1,15.7,53.71,31.8,69.0,4.0,4.5,115.0,CENTRO,10
3.87,31.0,10.3,15.2,51.12,25.5,95.0,4.6,5.9,93.0,CENTRO,11
3.57,55.0,4.5,9.7,47.59,14.2,78.0,4.9,7.4,86.0,CENTRO,12
3.4,70.0,3.2,6.1,41.19,9.2,72.0,4.7,10.1,80.0,CENTRO,13
3.32,80.0,2.8,5.1,39.92,7.8,57.0,4.3,11.5,76.0,CENTRO,14
3.26,76.0,2.6,4.6,39.78,7.3,51.0,5.3,11.2,70.0,CENTRO,15
3.18,64.0,2.6,4.0,31.74,6.6,48.0,4.6,12.6,86.0,CENTRO,16
3.18,53.0,2.7,4.0,26.98,6.7,38.0,2.7,13.0,99.0,CENTRO,17
3.22,47.0,2.5,5.3,31.37,7.8,38.0,2.5,10.2,121.0,CENTRO,18
3.24,45.0,2.4,5.9,31.26,8.2,38.0,2.4,8.8,139.0,CENTRO,19
3.22,45.0,2.3,5.4,31.759999999999998,7.7,31.0,2.4,10.5,134.0,CENTRO,20
3.18,49.0,2.2,3.8,32.26,6.0,36.0,2.3,9.0,153.0,CENTRO,21
3.23,38.0,2.2,5.4,33.535000000000004,7.6,32.0,2.8,6.8,113.0,CENTRO,22
3.22,27.0,2.3,4.1,34.81,6.4,36.0,2.6,7.8,77.0,CENTRO,23
3.25,18.0,2.7,6.2,35.19,8.9,42.0,4.1,6.4,37.0,CENTRO,0
3.28,12.0,2.6,8.4,40.17,10.9,46.0,5.4,5.5,23.0,CENTRO,1
3.57,17.0,2.4,6.2,39.06,8.6,51.0,3.8,4.3,40.0,CENTRO,2
3.39,12.0,2.5,7.3,43.52,9.8,49.0,3.4,2.3,35.0,CENTRO,3
3.36,19.0,2.4,6.0,45.83,8.3,53.0,3.5,5.5,16.0,CENTRO,4
3.28,25.0,2.4,4.2,39.81,6.5,46.0,3.8,4.9,17.0,CENTRO,5
3.87,19.0,2.45,6.3,32.76,8.6,39.0,6.5,6.5,27.0,CENTRO,6
3.76,18.0,2.5,6.5,39.17666666666666,9.0,31.0,7.8,5.5,32.0,CENTRO,7
3.39,20.0,3.0,5.6,45.593333333333334,8.6,39.0,5.4,3.8,355.0,CENTRO,8
3.54,17.0,4.6,7.2,52.01,11.8,62.0,4.1,5.0,24.0,CENTRO,9
3.72,18.0,4.9,7.9,41.12,12.7,73.0,5.6,7.9,22.0,CENTRO,10
3.52,19.0,4.0,6.4,34.41,10.4,70.0,4.2,8.9,18.0,CENTRO,11
3.43,17.0,3.8,6.5,33.46,10.2,65.0,3.3,6.2,39.0,CENTRO,12
3.45,19.0,4.2,6.6,27.17,10.8,54.0,3.4,6.6,65.0,CENTRO,13
3.33,25.0,3.1,5.8,28.17,8.9,63.0,2.9,7.3,68.0,CENTRO,14
3.31,26.0,3.0,5.7,27.38,8.6,40.0,2.6,8.4,48.0,CENTRO,15
3.26,25.0,2.8,5.6,30.16,8.4,33.0,2.4,7.2,22.0,CENTRO,16
3.42,17.0,4.2,8.9,20.11,13.1,27.0,2.6,2.8,199.0,CENTRO,17
3.5,11.0,3.7,10.9,22.11,14.5,34.0,2.7,3.1,3.0,CENTRO,18
3.38,17.0,3.0,8.3,16.1,11.3,41.0,2.3,4.7,48.0,CENTRO,19
3.7,19.0,2.5,7.6,20.84,10.0,26.0,2.3,1.7,128.0,CENTRO,20
3.83,22.0,2.5,6.7,20.630555555555556,9.2,15.0,2.35,1.8,189.0,CENTRO,21
3.77,25.0,2.4,5.4,20.42111111111111,7.8,16.0,2.4,1.8,78.0,CENTRO,22
3.17,26.0,2.3,4.5,20.211666666666666,6.7,20.0,2.1,7.1,45.0,CENTRO,23
3.44,26.0,2.2,4.7,20.002222222222223,7.0,13.0,2.2,6.4,61.0,CENTRO,0
3.21,25.0,2.2,5.3,19.35,7.6,10.0,2.2,7.3,83.0,CENTRO,1
3.18,24.0,2.2,4.7,20.58,6.9,9.0,2.15,5.9,64.0,CENTRO,2
3.16,26.0,2.2,3.6,22.252,5.8,9.0,2.1,5.6,55.0,CENTRO,3
3.43,27.0,2.2,3.6,22.89,5.8,9.0,2.3,8.7,71.0,CENTRO,4
3.57,27.0,2.2,3.6,23.005000000000003,5.8,10.0,2.6,6.0,72.0,CENTRO,5
3.21,22.0,2.2,4.0,23.381666666666668,6.2,7.0,2.3,4.5,39.0,CENTRO,6
3.75,15.0,2.4,6.4,24.314999999999998,8.8,7.0,2.8,5.2,29.0,CENTRO,7
3.3,9.0,3.4,7.4,26.27,10.8,7.0,2.4,6.3,18.0,CENTRO,8
3.63,8.0,5.3,7.6,28.94,12.9,11.0,2.4,7.0,20.0,CENTRO,9
3.65,7.0,7.4,8.0,17.907777777777778,15.4,7.0,2.45,5.8,15.0,CENTRO,10
3.77,7.0,9.0,7.9,17.698333333333334,16.8,10.0,2.5,8.0,16.0,CENTRO,11
4.06,10.0,10.2,7.1,17.488888888888887,17.3,17.0,2.9,7.4,26.0,CENTRO,12
3.48,10.0,8.8,7.7,17.279444444444444,16.5,15.0,3.0,7.1,41.0,CENTRO,13
3.42,16.0,4.5,6.2,17.07,10.7,29.0,2.4,6.4,38.0,CENTRO,14
3.41,16.0,4.5,5.8,16.983846153846155,10.3,11.0,2.3,8.0,48.0,CENTRO,15
3.33,18.0,3.5,5.3,16.897692307692306,8.8,14.0,2.2,9.7,64.0,CENTRO,16
3.33,16.0,3.1,5.4,16.81153846153846,8.5,21.0,2.2,7.6,60.0,CENTRO,17
3.36,11.0,3.4,6.3,16.725384615384616,9.6,17.0,2.0,7.1,60.0,CENTRO,18
3.39,8.0,3.7,7.2,18.34,10.8,18.0,2.1,4.4,61.0,CENTRO,19
3.37,9.0,3.3,6.9,18.425,10.2,13.0,2.0,6.4,58.0,CENTRO,20
3.28,14.0,2.6,5.0,18.445,7.6,18.0,2.0,6.1,75.0,CENTRO,21
3.26,14.0,2.4,4.5,18.11,6.9,12.0,2.1,2.9,65.0,CENTRO,22
3.27,12.0,2.3,4.6,16.294615384615383,6.9,10.0,2.0,1.7,57.0,CENTRO,23
3.3,9.0,2.5,5.2,16.20846153846154,7.6,7.0,1.9,2.5,40.0,CENTRO,0
3.2,16.0,2.2,2.9,16.122307692307693,5.2,9.0,1.9,2.6,51.0,CENTRO,1
3.23,7.0,8.3,6.3,16.036153846153844,14.5,7.0,3.6,1.0,10.0,CENTRO,2
3.25,9.0,2.5,5.7,15.95,8.1,16.0,2.4,1.1,13.0,CENTRO,3
4.05,6.0,3.9,6.8,18.46,10.7,10.0,2.6,1.5,32.0,CENTRO,4
3.29,6.0,5.0,6.0,20.97,11.0,18.0,3.0,2.9,84.0,CENTRO,5
3.25,7.0,3.0,6.0,23.48,9.0,28.0,2.6,1.1,58.0,CENTRO,6
3.29,6.0,5.4,6.1,29.235,11.5,23.0,2.7,1.2,77.0,CENTRO,7
3.32,6.0,7.7,5.8,34.99,13.5,35.0,3.5,1.4,87.0,CENTRO,8
3.38,6.0,11.8,5.9,35.31,17.7,41.0,4.0,1.2,57.0,CENTRO,9
3.45,7.0,19.5,6.8,44.019999999999996,26.2,37.0,6.9,1.0,45.0,CENTRO,10
3.53,9.0,18.8,7.9,52.73,26.8,60.0,8.8,1.1,28.0,CENTRO,11
3.48,13.0,11.3,8.4,42.85,19.7,73.0,7.2,2.9,26.0,CENTRO,12
3.61,22.0,6.3,8.4,47.29,14.7,58.0,3.7,3.6,26.0,CENTRO,13
4.0,43.0,4.1,7.8,58.21,11.8,65.0,4.3,4.3,43.0,CENTRO,14
3.83,33.0,6.6,11.4,62.49,18.0,80.0,8.0,4.7,79.0,CENTRO,15
3.61,36.0,5.8,10.3,56.8,16.0,80.0,7.6,7.0,73.0,CENTRO,16
3.56,42.0,4.1,9.1,54.28,13.3,78.0,5.8,7.1,59.0,CENTRO,17
3.42,46.0,2.6,5.7,38.59,8.3,69.0,3.7,7.8,79.0,CENTRO,18
3.38,38.0,2.4,6.5,39.71,8.8,51.0,4.8,7.5,70.0,CENTRO,19
3.35,33.0,2.2,5.0,42.19,7.3,45.0,5.2,8.1,90.0,CENTRO,20
3.3,32.0,2.2,4.4,33.97,6.6,34.0,4.0,6.4,89.0,CENTRO,21
3.31,25.0,2.3,4.7,34.04,7.0,34.0,3.3,6.2,59.0,CENTRO,22
3.27,25.0,2.3,4.5,34.11,6.7,35.0,3.0,5.1,82.0,CENTRO,23
3.29,25.0,2.2,4.0,31.81,6.2,36.0,2.9,3.9,46.0,CENTRO,0
3.27,26.0,2.1,3.3,27.39,5.5,33.0,2.5,4.8,62.0,CENTRO,1
3.22,28.0,2.1,2.3,29.17,4.5,23.0,2.4,5.1,90.0,CENTRO,2
3.21,26.0,2.5500000000000003,2.3,30.95,4.5,29.0,2.2,3.7,59.0,CENTRO,3
3.36,7.0,3.0,8.2,32.73,11.1,27.0,2.5,3.7,8.0,CENTRO,4
3.36,8.0,2.3,7.5,34.51,9.9,44.0,2.3,2.7,55.0,CENTRO,5
3.39,5.0,3.3,8.3,36.67,11.6,49.0,2.5,2.5,74.0,CENTRO,6
3.42,5.0,5.8,8.4,44.68,14.2,59.0,2.8,3.3,70.0,CENTRO,7
3.53,5.0,11.6,8.6,45.6,20.2,69.0,3.2,1.8,42.0,CENTRO,8
3.84,6.5,19.2,9.7,50.65,28.9,90.0,3.5,2.3,33.0,CENTRO,9
3.9,8.0,11.6,9.6,47.26,21.2,100.0,3.2,3.3,37.0,CENTRO,10
3.86,15.0,10.7,9.7,44.17,20.4,84.0,3.4,3.8,58.0,CENTRO,11
3.73,21.0,8.2,10.5,51.62,18.7,90.0,3.5,5.3,84.0,CENTRO,12
3.84,34.0,7.7,12.4,61.44,20.0,85.0,6.2,5.8,86.0,CENTRO,13
3.78,53.0,5.9,13.4,59.69,19.3,97.0,7.8,6.4,72.0,CENTRO,14
3.82,76.0,4.2,13.4,59.99,17.6,100.0,10.9,7.2,70.0,CENTRO,15
3.78,84.0,3.4,12.5,59.52,15.9,106.0,9.1,7.6,69.0,CENTRO,16
3.58,91.0,2.8,10.3,51.86,13.1,110.0,8.5,6.3,73.0,CENTRO,17
3.47,76.0,2.5,6.6,41.93,9.0,82.0,5.1,7.1,67.0,CENTRO,18
3.59,54.0,2.4,9.1,38.9,11.4,50.0,3.5,4.9,62.0,CENTRO,19
3.56,40.0,2.4,9.2,39.67,11.6,45.0,3.0,3.8,86.0,CENTRO,20
3.36,42.0,2.2,4.8,35.75,7.0,39.0,2.6,8.2,110.0,CENTRO,21
3.35,34.0,2.2,4.9,33.12,7.1,36.0,2.5,3.0,207.0,CENTRO,22
3.69,14.0,2.6,11.4,36.86666666666667,14.0,31.0,2.5,2.1,241.0,CENTRO,23
3.82,6.0,4.3,15.3,40.61333333333333,19.6,46.0,2.6,2.0,313.0,CENTRO,0
3.47,5.0,3.6,9.4,44.36,13.0,71.0,2.5,1.0,276.0,CENTRO,1
3.48,4.0,4.6,8.6,42.63,13.1,59.0,2.4,1.7,288.0,CENTRO,2
3.49,5.0,4.8,7.7,46.24,12.5,51.0,2.3,1.8,283.0,CENTRO,3
3.49,5.0,5.6,7.7,49.43,13.3,53.0,2.3,1.1,239.0,CENTRO,4
3.54,1.0,5.4,6.7,39.17,12.0,61.0,2.2,2.3,327.0,CENTRO,5
3.45,5.0,5.9,8.0,35.77,13.9,46.0,2.3,3.3,316.0,CENTRO,6
3.68,6.0,8.8,9.4,45.36,18.2,55.0,2.5,3.8,277.0,CENTRO,7
4.16,7.0,16.8,10.9,51.24,27.7,68.0,3.6,2.3,107.0,CENTRO,8
4.46,12.0,13.5,12.4,50.47,25.9,93.0,7.3,3.3,194.0,CENTRO,9
4.11,27.0,8.5,12.6,53.71,21.1,88.0,7.5,3.0,36.0,CENTRO,10
4.28,43.0,8.7,17.5,53.58,26.2,97.0,9.7,6.6,74.0,CENTRO,11
3.62,70.0,3.5,9.7,51.3,13.2,121.0,5.5,8.3,103.0,CENTRO,12
3.38,72.0,2.8,5.8,40.41,8.6,103.0,5.3,7.1,106.0,CENTRO,13
3.34,84.0,2.5,4.5,38.76,6.9,56.0,4.3,7.9,120.0,CENTRO,14
3.3,83.0,2.4,3.8,31.07,6.2,57.0,3.6,7.9,89.0,CENTRO,15
3.28,73.0,2.6,4.4,31.82,6.9,44.0,3.7,8.3,58.0,CENTRO,16
3.3,68.0,2.7,5.5,32.55,8.1,43.0,4.0,7.7,49.0,CENTRO,17
3.31,69.0,2.3,4.7,35.73,7.0,40.0,5.8,10.6,98.0,CENTRO,18
3.33,49.0,2.2,4.9,30.58,7.2,46.0,3.4,9.6,108.0,CENTRO,19
3.31,43.0,2.2,4.6,28.31,6.8,30.0,2.8,8.5,118.0,CENTRO,20
3.24,42.0,2.1,3.5,26.04,5.6,31.0,2.4,7.8,124.0,CENTRO,21
3.25,42.0,2.2,3.4,28.42222222222222,5.6,21.0,2.8,5.6,111.0,CENTRO,22
3.25,40.0,2.2,3.4,30.804444444444442,5.55,27.0,2.9,3.6,101.0,CENTRO,23
3.26,41.0,2.1,2.75,33.18666666666667,5.5,23.0,2.6,3.1,145.0,CENTRO,0
3.23,49.0,2.1,2.1,35.568888888888885,4.2,22.0,2.4,5.4,101.0,CENTRO,1
3.23,49.0,3.525,1.8,37.95111111111111,4.0,24.0,2.3,5.2,134.0,CENTRO,2
3.22,48.0,4.949999999999999,1.7,40.33333333333333,3.9,24.0,2.3,2.5,111.0,CENTRO,3
3.23,42.0,6.374999999999999,1.7,42.715555555555554,3.8,22.0,2.75,1.7,30.0,CENTRO,4
3.94,9.0,7.8,13.2,45.09777777777778,21.0,27.0,3.2,3.7,28.0,CENTRO,5
4.18,10.0,5.7,11.9,47.48,17.6,70.0,4.6,2.7,198.0,CENTRO,6
3.44,20.0,2.7,8.4,36.51,11.1,83.0,6.2,4.1,236.0,CENTRO,7
3.54,17.0,4.9,9.9,34.3,14.9,62.0,8.9,2.3,280.0,CENTRO,8
3.61,23.0,6.0,9.9,36.47,15.9,57.0,6.5,3.0,211.0,CENTRO,9
3.57,39.0,5.0,9.2,37.36,14.2,57.0,5.6,3.8,26.0,CENTRO,10
3.64,47.0,5.4,11.5,47.08,16.8,54.0,11.7,4.9,36.0,CENTRO,11
3.52,75.0,3.0,6.8,36.6,9.8,71.0,7.7,6.0,73.0,CENTRO,12
3.45,96.0,2.4,4.8,42.92,7.2,56.0,5.8,8.5,68.0,CENTRO,13
3.35,79.0,2.5,3.9,38.89,6.4,60.0,5.3,11.7,63.0,CENTRO,14
3.3,70.0,2.4,2.9,39.56,5.3,53.0,3.9,12.0,108.0,CENTRO,15
3.25,65.0,2.3,2.4,36.54,4.7,45.0,3.2,12.1,131.0,CENTRO,16
3.31,55.0,2.6,3.5,37.56,6.1,38.0,4.7,12.1,106.0,CENTRO,17
3.35,46.0,2.6,4.0,41.35,6.6,48.0,5.5,14.2,89.0,CENTRO,18
3.38,38.0,2.4,5.3,38.38,7.7,55.0,4.0,11.5,84.0,CENTRO,19
3.4,36.0,2.2,5.7,33.86,7.9,40.0,2.9,7.5,111.0,CENTRO,20
3.32,38.0,2.2,3.4,35.27,5.6,42.0,3.3,10.6,107.0,CENTRO,21
3.34,34.0,2.1,3.2,35.59,5.4,37.0,2.7,8.4,79.0,CENTRO,22
3.31,31.0,2.1,3.0,36.26,5.1,43.0,2.5,9.7,59.0,CENTRO,23
3.27,32.0,2.1333333333333333,2.4,35.26,4.6,38.0,2.3,10.6,65.0,CENTRO,0
3.27,31.0,2.166666666666667,2.2,37.24375,4.4,32.0,2.4,8.0,63.0,CENTRO,1
3.26,25.0,2.2,3.7,39.2275,6.0,33.0,2.7,6.3,49.0,CENTRO,2
3.27,24.0,2.2,3.3,41.21125,5.5,38.0,2.8,4.1,46.0,CENTRO,3
3.3,14.0,3.0,6.1,43.195,9.2,42.0,4.0,3.2,45.0,CENTRO,4
3.35,11.0,3.1,7.1,45.17875,10.2,44.0,6.7,3.3,75.0,CENTRO,5
3.37,10.0,2.5,6.8,47.1625,9.3,49.0,5.6,2.5,58.0,CENTRO,6
3.66,8.0,3.2,7.4,49.14625,10.6,53.0,4.0,2.6,30.0,CENTRO,7
3.75,11.0,3.7,6.2,51.13,9.9,71.0,3.2,2.2,120.0,CENTRO,8
3.84,16.0,6.3,7.1,56.08,13.3,78.0,3.2,2.9,44.0,CENTRO,9
3.98,24.0,8.9,11.3,62.44,20.2,83.0,4.6,4.6,83.0,CENTRO,10
4.13,30.0,10.6,16.2,75.36,26.7,100.0,18.8,6.7,78.0,CENTRO,11
3.86,47.0,6.6,15.4,70.41,21.9,137.0,21.0,7.3,98.0,CENTRO,12
3.8,86.0,3.3,9.9,66.01,13.2,126.0,11.0,8.2,96.0,CENTRO,13
3.61,100.0,2.7,6.8,61.85,9.5,111.0,6.9,9.2,77.0,CENTRO,14
3.49,90.0,2.4,4.3,54.5,6.6,92.0,4.6,9.4,72.0,CENTRO,15
3.35,67.0,2.4,3.1,40.41,5.5,67.0,3.5,10.2,105.0,CENTRO,16
3.31,65.0,2.3,2.8,40.69,5.0,47.0,3.0,9.2,115.0,CENTRO,17
3.32,61.0,2.2,3.3,38.96,5.5,43.0,3.4,10.7,134.0,CENTRO,18
3.41,52.0,2.1,5.4,38.24666666666667,7.6,42.0,3.3,8.7,134.0,CENTRO,19
3.42,45.0,2.1,5.6,37.53333333333333,7.7,46.0,3.1,8.9,147.0,CENTRO,20
3.3,49.0,2.0,3.5,36.82,5.7,43.0,2.9,10.1,147.0,CENTRO,21
3.26,53.0,2.1,2.6,35.19,4.8,44.0,2.8,8.3,147.0,CENTRO,22
3.36,34.0,2.2,7.8,33.47,10.0,39.0,5.8,3.2,20.0,CENTRO,23
3.38,28.0,2.7,8.9,42.97,11.6,50.0,5.4,5.0,40.0,CENTRO,0
3.44,12.0,2.6,10.3,40.81,12.9,49.0,6.9,5.2,9.0,CENTRO,1
3.55,16.0,2.1,8.3,36.4,10.5,61.0,3.9,3.1,33.0,CENTRO,2
3.42,14.0,2.1,7.3,40.01,9.4,46.0,4.0,1.8,60.0,CENTRO,3
3.36,14.0,2.3,6.4,36.67,8.5,48.0,4.5,1.2,3.0,CENTRO,4
3.46,7.0,2.5,9.6,32.88,12.0,47.0,5.4,0.9,6.0,CENTRO,5
3.51,6.0,2.8,9.5,32.48,12.3,52.0,4.3,1.0,341.0,CENTRO,6
3.55,7.0,6.5,11.4,41.83,17.9,52.0,4.4,0.9,279.0,CENTRO,7
3.69,10.0,9.1,11.1,43.65,20.2,73.0,4.4,2.3,7.0,CENTRO,8
3.95,13.0,15.2,14.2,51.24,29.4,71.0,5.0,3.8,51.0,CENTRO,9
4.08,17.0,21.0,19.5,62.8,40.5,102.0,30.2,5.1,87.0,CENTRO,10
4.08,31.0,12.2,20.6,62.72,32.7,130.0,30.6,5.7,78.0,CENTRO,11
3.77,56.0,6.2,16.4,54.99,22.6,121.0,25.2,6.6,60.0,CENTRO,12
3.61,89.0,3.5,11.2,54.1,14.7,91.0,13.5,7.7,64.0,CENTRO,13
3.49,111.0,2.5,7.0,42.25,9.5,80.0,8.5,7.4,86.0,CENTRO,14
3.41,104.0,2.3,5.0,48.4,7.3,66.0,5.7,8.3,78.0,CENTRO,15
3.44,95.0,2.4,6.0,56.91,8.3,59.0,13.6,11.0,87.0,CENTRO,16
3.39,73.0,2.4,5.0,50.86,7.4,75.0,12.6,13.2,95.0,CENTRO,17
3.4,57.0,2.25,5.2,41.88,7.6,73.0,4.2,9.7,118.0,CENTRO,18
3.36,55.0,2.1,4.7,35.55,6.9,52.0,3.3,9.1,120.0,CENTRO,19
3.42,44.0,2.1,6.6,37.75,8.7,43.0,4.2,7.2,70.0,CENTRO,20
3.48,35.0,2.4,7.7,39.96333333333333,10.1,38.0,5.3,2.2,114.0,CENTRO,21
3.49,29.0,2.2,6.7,42.17666666666667,9.0,38.0,4.9,5.2,60.0,CENTRO,22
3.45,23.0,2.2,4.8,44.39,7.0,49.0,3.8,7.7,52.0,CENTRO,23
3.44,20.0,2.3,5.3,49.33,7.6,45.0,4.0,7.3,34.0,CENTRO,0
3.44,17.0,2.4,5.9,54.27,8.3,60.0,6.7,5.6,29.0,CENTRO,1
3.49,15.0,2.2,6.5,52.97,8.7,55.0,5.8,3.0,74.0,CENTRO,2
3.48,14.0,2.2,6.6,45.78,8.8,93.0,6.2,3.2,19.0,CENTRO,3
3.52,13.0,2.3,6.2,48.42,8.4,57.0,4.4,1.4,314.0,CENTRO,4
3.49,12.0,2.3,5.8,42.69,8.0,51.0,4.0,2.4,270.0,CENTRO,5
3.56,8.0,2.5,7.0,49.21,9.5,53.0,3.7,1.9,115.0,CENTRO,6
3.61,7.0,3.1,7.6,46.79,10.6,57.0,3.4,1.5,238.0,CENTRO,7
3.71,9.0,9.1,8.2,54.01,17.3,55.0,4.0,1.5,268.0,CENTRO,8
3.92,11.0,12.1,12.6,52.38,24.7,70.0,7.1,2.0,39.0,CENTRO,9
3.64,22.0,5.8,10.4,38.21,16.2,93.0,4.5,4.4,317.0,CENTRO,10
3.45,39.0,3.6,7.5,34.84,11.2,74.0,3.5,6.3,285.0,CENTRO,11
3.56,42.0,3.6,8.7,43.06,12.2,66.0,4.8,9.6,132.0,CENTRO,12
3.31,51.0,2.8,4.5,30.33,7.3,86.0,3.2,7.3,339.0,CENTRO,13
3.34,54.0,2.5,3.2,40.11,5.8,58.0,4.5,13.4,33.0,CENTRO,14
3.37,49.0,2.6,3.3,48.37,5.8,91.0,4.1,13.1,22.0,CENTRO,15
3.45,54.0,2.5,3.2,45.97,5.7,72.0,4.5,12.8,19.0,CENTRO,16
3.4,52.0,2.4,2.6,39.32,5.0,88.0,3.5,11.5,17.0,CENTRO,17
3.32,51.0,2.4,2.9,36.25,5.3,71.0,3.1,11.5,29.0,CENTRO,18
3.34,47.0,2.2,4.0,43.65,6.2,60.0,2.8,10.3,19.0,CENTRO,19
3.34,49.0,2.1,3.9,44.56,6.0,57.0,2.4,9.4,22.0,CENTRO,20
3.33,49.0,2.1,3.9,42.87,6.0,54.0,2.7,7.7,30.0,CENTRO,21
3.39,50.0,2.075,4.0,36.44,6.2,61.0,2.7,7.2,34.0,CENTRO,22
3.38,50.0,2.05,3.3,39.24,5.4,65.0,2.4,8.4,31.0,CENTRO,23
3.4,47.0,2.025,3.2,36.96,5.4,62.0,2.9,6.9,62.0,CENTRO,0
3.27,46.0,2.0,1.8,33.68,3.9,64.0,5.2,11.2,143.0,CENTRO,1
3.28,41.0,2.0,1.6,35.84,3.7,56.0,5.6,9.4,148.0,CENTRO,2
3.28,44.0,2.1,1.2,34.29,3.4,40.0,4.3,9.9,125.0,CENTRO,3
3.29,43.0,2.0,1.1,36.5,3.2,39.0,3.0,7.9,100.0,CENTRO,4
3.29,42.0,2.0,1.1,31.11,3.2,36.0,2.5,6.7,105.0,CENTRO,5
3.36,27.0,2.3,5.1,25.72,7.5,30.0,3.7,4.8,11.0,CENTRO,6
3.47,30.0,2.1,4.7,27.236666666666665,6.8,35.0,3.0,6.2,16.0,CENTRO,7
3.36,31.0,2.2,4.3,28.753333333333334,6.5,29.0,3.6,5.2,101.0,CENTRO,8
3.34,34.0,2.2,3.0,30.27,5.3,34.0,2.7,6.4,104.0,CENTRO,9
3.31,35.0,2.3,2.6,31.63,4.9,42.0,3.3,5.8,110.0,CENTRO,10
3.32,35.0,2.4,2.6,37.09,5.0,42.0,3.9,7.9,93.0,CENTRO,11
3.35,37.0,2.6,3.1,33.67,5.6,43.0,3.6,8.5,70.0,CENTRO,12
3.41,36.0,2.7,4.7,32.98,7.4,50.0,3.0,7.4,83.0,CENTRO,13
3.45,31.0,2.9,6.6,35.27,9.4,36.0,5.7,7.2,86.0,CENTRO,14
3.43,37.0,2.6,5.0,37.56,7.6,44.0,4.0,6.3,113.0,CENTRO,15
3.45,37.0,2.5,4.7,29.52,7.1,43.0,4.3,6.4,92.0,CENTRO,16
3.48,34.0,2.4,4.8,32.06,7.1,38.0,2.7,7.4,91.0,CENTRO,17
3.42,34.0,2.2,3.2,34.6,5.4,35.0,2.3,7.3,119.0,CENTRO,18
3.45,32.0,2.1,3.7,37.14,5.8,29.0,2.2,6.8,96.0,CENTRO,19
3.56,28.0,2.1,5.6,39.68,7.8,34.0,2.3,6.2,43.0,CENTRO,20
3.6,20.0,2.8,8.0,42.22,10.8,39.0,3.4,6.8,33.0,CENTRO,21
3.52,17.0,2.9,8.8,44.76,11.7,47.0,5.0,6.1,33.0,CENTRO,22
3.46,23.0,2.3,7.1,33.47,9.3,46.0,3.8,6.1,56.0,CENTRO,23
3.37,32.0,2.1,4.4,30.99,6.5,51.0,3.5,6.7,33.0,CENTRO,0
3.37,22.0,2.4,6.5,41.87,8.9,47.0,7.1,4.5,33.0,CENTRO,1
3.51,25.0,2.1,5.0,40.934999999999995,7.1,38.0,5.3,3.1,335.0,CENTRO,2
3.5,26.0,2.1,3.8,40.0,5.9,48.0,3.5,1.6,37.0,CENTRO,3
3.44,26.0,3.033333333333333,3.3,45.5075,5.4,42.0,3.6,1.5,82.0,CENTRO,4
3.55,21.0,3.966666666666667,5.1,51.015,7.3,41.0,4.1,2.6,73.0,CENTRO,5
3.62,11.0,4.9,9.1,56.5225,14.0,49.0,4.7,4.3,53.0,CENTRO,6
3.78,6.0,10.5,11.7,62.03,22.1,67.0,14.3,2.7,78.0,CENTRO,7
3.78,7.0,16.5,11.3,63.05,27.8,93.0,17.6,1.4,76.0,CENTRO,8
3.73,10.0,12.1,9.8,60.78,21.9,95.0,11.7,2.1,55.0,CENTRO,9
3.84,15.0,11.6,10.6,59.93,22.2,86.0,12.3,2.4,46.0,CENTRO,10
3.83,24.0,7.7,9.5,58.13,17.2,92.0,9.1,3.0,100.0,CENTRO,11
3.92,37.0,6.2,12.2,59.08,18.4,90.0,7.5,3.9,20.0,CENTRO,12
4.1,40.0,8.1,17.7,74.88,25.8,87.0,19.2,4.6,65.0,CENTRO,13
4.21,62.0,5.5,17.0,73.16,22.4,110.0,23.2,6.4,68.0,CENTRO,14
3.96,76.0,3.6,12.8,70.91,16.4,110.0,13.4,5.6,55.0,CENTRO,15
3.82,88.0,2.6,8.7,61.34,11.3,102.0,8.4,5.6,75.0,CENTRO,16
3.72,75.0,2.8,10.1,57.17,12.9,81.0,14.3,5.6,74.0,CENTRO,17
3.71,59.0,2.7,11.9,56.44,14.6,74.0,17.8,5.0,45.0,CENTRO,18
3.79,52.0,2.3,12.0,52.36,14.2,76.0,11.8,3.5,37.0,CENTRO,19
3.87,44.0,2.2,11.6,48.66,13.8,75.0,6.5,4.7,40.0,CENTRO,20
3.91,28.0,2.2,12.4,53.46,14.6,75.0,5.4,3.5,104.0,CENTRO,21
3.91,14.0,2.3,13.8,59.43,16.1,70.0,5.8,2.7,132.0,CENTRO,22
3.88,14.0,2.5,11.9,56.03,14.3,69.0,5.1,2.4,224.0,CENTRO,23
3.82,15.0,2.2,10.6,52.33,12.8,70.0,4.6,3.2,211.0,CENTRO,0
3.83,16.0,2.1,10.9,60.67,13.0,63.0,5.8,1.8,159.0,CENTRO,1
3.76,18.0,2.1,8.4,52.62,10.5,69.0,4.4,1.2,84.0,CENTRO,2
3.95,5.0,7.9,11.9,60.195,19.8,59.0,3.7,2.8,353.0,CENTRO,3
3.97,4.0,10.2,13.8,67.77,24.0,77.0,3.6,1.8,241.0,CENTRO,4
3.94,6.0,6.5,12.9,63.88,19.4,92.0,3.3,2.5,209.0,CENTRO,5
3.77,7.0,2.9,10.3,52.83,13.2,82.0,3.2,1.6,120.0,CENTRO,6
3.6,12.0,2.9,8.4,44.92,11.2,60.0,3.0,3.6,180.0,CENTRO,7
3.74,13.0,6.1,9.6,48.89,15.6,54.0,3.7,6.7,114.0,CENTRO,8
3.69,22.0,5.1,7.7,33.93,12.7,52.0,6.5,3.9,160.0,CENTRO,9
3.44,45.0,2.9,3.7,30.36,6.6,43.0,4.0,6.5,33.0,CENTRO,10
3.32,55.0,2.5,2.5,23.13,5.0,36.0,3.1,8.6,14.0,CENTRO,11
3.29,60.0,2.5,2.7,26.81,5.1,38.0,2.7,8.7,44.0,CENTRO,12
3.3,65.0,2.4,2.9,20.47,5.3,29.0,4.3,7.0,73.0,CENTRO,13
3.3,67.0,2.4,2.9,24.31,5.3,35.0,3.8,7.8,75.0,CENTRO,14
3.31,72.0,2.3499999999999996,3.4,34.89,5.7,41.0,4.7,7.2,119.0,CENTRO,15
3.32,79.0,2.3,3.3,32.18,5.6,44.0,3.5,7.9,107.0,CENTRO,16
3.35,75.0,2.2,3.3,25.42,5.5,54.0,4.9,12.3,103.0,CENTRO,17
3.34,61.0,2.1,3.2,26.1,5.4,53.0,4.0,10.7,151.0,CENTRO,18
3.34,57.0,2.1,4.2,26.8,6.4,37.0,3.6,10.6,125.0,CENTRO,19
3.35,55.0,2.0,4.4,25.73,6.4,23.0,3.1,8.3,119.0,CENTRO,20
3.3,58.0,2.0,3.3,24.66,5.3,28.0,2.4,7.4,148.0,CENTRO,21
3.27,61.0,2.0,2.7,22.36,4.7,23.0,2.2,6.8,149.0,CENTRO,22
3.29,58.0,2.0,3.2,21.988,5.3,17.0,2.2,6.4,154.0,CENTRO,23
3.315,52.0,2.0,3.15,21.616,5.199999999999999,21.5,2.25,6.550000000000001,106.0,CENTRO,0
3.34,46.0,2.0,3.1,21.244,5.1,26.0,2.3,6.7,58.0,CENTRO,1
3.29,47.0,2.0,2.1,20.872,4.1,31.0,2.5,9.2,67.0,CENTRO,2
3.26,52.0,2.02,1.8,20.5,3.8,36.0,2.8,8.3,61.0,CENTRO,3
3.25,54.0,2.04,1.4,21.45375,3.4,25.0,2.4,9.1,70.0,CENTRO,4
3.31,54.0,2.06,1.7,22.4075,3.6,21.0,2.8,10.3,70.0,CENTRO,5
3.34,52.0,2.08,2.2,23.36125,4.3,24.0,2.6,9.1,82.0,CENTRO,6
3.4,45.0,2.1,3.6,24.314999999999998,5.7,27.0,2.4,8.2,76.0,CENTRO,7
3.45,40.0,2.3,4.9,25.26875,7.2,32.0,2.4,5.9,73.0,CENTRO,8
3.51,38.0,2.6,5.3,26.2225,7.8,33.0,2.8,7.8,65.0,CENTRO,9
3.54,40.0,3.1,5.1,27.17625,8.2,36.0,3.5,9.4,68.0,CENTRO,10
3.5,48.0,3.0,3.4,28.13,6.4,38.0,3.1,9.9,67.0,CENTRO,11
3.46,52.0,2.7,2.9,29.88,5.6,31.0,2.6,8.9,77.0,CENTRO,12
3.42,52.0,2.4,2.4,31.63,4.8,21.0,2.5,6.8,98.0,CENTRO,13
0.72,56.0,2.3,2.0,33.38,4.3,23.0,2.5,9.3,99.0,CENTRO,14
0.42,51.0,2.4,2.4,35.13,4.8,29.0,2.3,10.2,122.0,CENTRO,15
0.44,49.0,2.7,4.2,36.88,6.8,36.0,4.0,6.8,74.0,CENTRO,16
0.43,53.0,2.2,2.6,38.63,4.8,44.0,2.5,10.6,117.0,CENTRO,17
0.44,50.0,2.2,2.9,33.2,5.1,45.0,2.3,9.5,135.0,CENTRO,18
0.46,48.0,2.1,3.5,33.22,5.6,41.0,2.3,9.9,131.0,CENTRO,19
0.48,44.0,2.0,3.9,33.17,5.9,39.0,2.2,9.0,134.0,CENTRO,20
0.49,44.0,2.0,3.8,33.12,5.8,35.0,2.2,6.0,114.0,CENTRO,21
0.46,42.0,2.0428571428571427,2.6,33.07,4.7,35.0,2.1,9.8,92.0,CENTRO,22
0.45,37.0,2.085714285714286,2.2,30.92,4.2,32.0,2.1,8.8,96.0,CENTRO,23
0.42,39.0,2.1285714285714286,1.7,28.77,3.8,34.0,2.075,7.7,88.0,CENTRO,0
0.43,35.0,2.1714285714285713,1.7,31.1775,3.7,28.0,2.05,7.4,53.0,CENTRO,1
0.43,34.0,2.214285714285714,1.1,33.585,3.2,31.0,2.025,6.5,78.0,CENTRO,2
0.43,29.0,2.257142857142857,2.5,35.9925,4.6,31.0,2.0,2.9,48.0,CENTRO,3
0.46,12.0,2.3,7.9,38.4,10.2,29.0,3.2,2.2,39.0,CENTRO,4
0.45,25.0,2.0,3.0,23.005000000000003,5.1,25.0,3.2,2.7,67.0,CENTRO,5
0.44,22.0,2.0,2.1,23.381666666666668,4.2,16.0,2.5,3.2,69.0,CENTRO,6
0.48,15.0,2.4,5.4,24.314999999999998,7.8,14.0,2.6,2.9,70.0,CENTRO,7
0.62,12.0,4.9,6.6,48.03,11.5,18.0,2.7,3.4,55.0,CENTRO,8
0.7,12.0,8.1,6.6,50.4375,14.6,25.0,3.6,4.4,70.0,CENTRO,9
0.73,15.0,7.6,7.1,52.845,14.7,40.0,4.9,5.6,56.0,CENTRO,10
0.79,23.0,8.4,8.3,55.2525,16.7,47.0,6.0,7.3,73.0,CENTRO,11
0.83,39.0,5.6,8.2,57.66,13.8,67.0,8.5,8.4,74.0,CENTRO,12
0.67,67.0,2.8,5.0,49.13,7.8,68.0,4.4,10.5,78.0,CENTRO,13
0.58,74.0,2.5,4.1,50.31,6.6,62.0,4.2,10.9,73.0,CENTRO,14
0.54,72.0,2.4,3.4,45.38,5.8,62.0,3.7,10.5,69.0,CENTRO,15
0.51,73.0,2.4,3.6,49.72,6.0,54.0,4.3,11.0,67.0,CENTRO,16
0.45,62.0,2.2,2.5,41.28,4.7,65.0,3.3,9.3,138.0,CENTRO,17
0.45,53.0,2.2,3.0,39.33,5.2,62.0,2.9,10.1,123.0,CENTRO,18
0.49,46.0,2.15,4.1,42.04,6.3,45.0,2.8,9.2,95.0,CENTRO,19
0.52,37.0,2.1,4.6,41.9175,6.7,39.0,3.4,9.7,80.0,CENTRO,20
0.54,32.0,2.1,5.3,41.794999999999995,7.4,45.0,3.3,8.8,85.0,CENTRO,21
0.47,33.0,2.0,3.6,41.6725,5.6,46.0,2.8,9.7,95.0,CENTRO,22
0.44,26.0,2.1,2.2,41.55,4.3,42.0,2.5,12.6,91.0,CENTRO,23
0.43,24.0,2.0,1.6,36.82,3.7,51.0,2.3,11.7,84.0,CENTRO,0
0.42,22.0,2.1,1.7,30.64,3.8,32.0,2.1,8.0,68.0,CENTRO,1
0.43,24.0,2.0,1.5,32.94,3.6,28.0,2.1,6.1,78.0,CENTRO,2
0.45,20.0,2.3,2.8,35.24,5.1,34.0,2.8,5.8,71.0,CENTRO,3
0.44,17.0,2.2,3.0,37.54,5.2,48.0,3.7,4.2,89.0,CENTRO,4
0.43,20.0,2.0,1.7,39.84,3.8,59.0,3.2,4.8,80.0,CENTRO,5
0.43,17.0,2.1,2.5,37.14,4.6,58.0,2.7,3.6,93.0,CENTRO,6
0.48,11.0,2.5,4.8,46.45,7.2,58.0,2.6,4.0,76.0,CENTRO,7
0.57,9.0,4.1,6.0,43.58,10.1,57.0,2.8,3.9,90.0,CENTRO,8
0.75,6.0,6.8,6.7,46.29,13.4,64.0,2.9,4.7,66.0,CENTRO,9
0.74,12.0,7.5,7.1,46.55,14.6,73.0,3.9,5.8,66.0,CENTRO,10
0.74,13.0,5.6,5.8,42.35,11.4,83.0,2.9,7.3,69.0,CENTRO,11
0.72,17.0,5.6,5.8,47.87,11.4,74.0,3.6,5.5,60.0,CENTRO,12
0.66,27.0,5.7,6.4,46.92,12.0,57.0,8.1,7.5,42.0,CENTRO,13
0.59,35.0,3.2,3.9,47.35,7.0,60.0,4.2,9.5,65.0,CENTRO,14
0.57,38.0,3.0,3.4,46.21,6.3,47.0,3.1,11.3,71.0,CENTRO,15
0.57,39.0,3.0,3.5,41.37,6.4,50.0,2.8,11.4,62.0,CENTRO,16
0.7,34.0,3.2,3.9,45.64,7.1,49.0,2.6,12.6,82.0,CENTRO,17
0.79,31.0,2.9,3.9,42.325,6.8,49.0,2.4,12.0,84.0,CENTRO,18
0.76,29.0,2.6,4.3,39.01,6.9,53.0,2.1,8.7,97.0,CENTRO,19
0.66,29.0,2.3,3.8,42.105,6.1,36.0,2.1,9.4,106.0,CENTRO,20
0.72,22.0,2.4,5.1,45.199999999999996,7.4,33.0,2.2,7.0,76.0,CENTRO,21
0.75,20.0,2.4,6.5,48.295,8.9,43.0,2.3,8.6,64.0,CENTRO,22
0.67,21.0,2.2,5.8,51.39,8.0,55.0,2.3,9.1,60.0,CENTRO,23
0.55,23.0,2.2,3.4,43.04,5.5,55.0,2.35,10.7,82.0,CENTRO,0
0.49,30.0,2.1,1.9,36.35,4.0,39.0,2.4,9.2,91.0,CENTRO,1
0.47,26.0,2.1,1.4,37.48818181818182,3.6,35.0,2.1,7.5,75.0,CENTRO,2
0.45,27.0,2.1333333333333333,1.0,38.626363636363635,3.2,22.0,2.0,7.3,70.0,CENTRO,3
0.46,26.0,2.166666666666667,1.3,39.764545454545456,3.4,17.0,2.0,8.2,73.0,CENTRO,4
0.73,19.0,2.2,2.9,40.902727272727276,5.1,33.0,2.0500000000000003,8.8,28.0,CENTRO,5
0.98,19.0,2.1,3.6,23.381666666666668,5.7,26.0,2.1,5.9,66.0,CENTRO,6
0.61,9.0,4.1,6.4,24.314999999999998,10.5,23.0,2.7,6.9,93.0,CENTRO,7
0.65,11.0,3.8,5.6,44.31727272727272,9.5,17.0,2.4,8.2,101.0,CENTRO,8
0.67,7.0,6.6,5.8,45.45545454545454,12.4,17.0,2.8,6.1,120.0,CENTRO,9
0.72,9.0,8.8,5.3,46.593636363636364,14.1,23.0,3.0,5.4,116.0,CENTRO,10
0.98,7.0,19.3,6.8,47.73181818181818,26.1,33.0,5.4,3.2,110.0,CENTRO,11
1.04,9.0,14.4,8.3,48.87,22.6,88.0,5.9,3.5,107.0,CENTRO,12
0.83,12.0,9.2,7.6,45.38,16.8,92.0,5.6,5.7,95.0,CENTRO,13
0.8,22.0,5.1,6.7,32.83,11.8,62.0,4.4,5.1,34.0,CENTRO,14
0.71,23.0,4.3,6.5,36.63,10.8,44.0,4.3,6.0,75.0,CENTRO,15
0.63,20.0,3.8,6.4,34.67,10.2,40.0,5.2,7.5,76.0,CENTRO,16
0.6,18.0,3.4,5.8,29.14,9.2,35.0,4.3,9.0,36.0,CENTRO,17
0.57,19.0,2.6,4.2,25.1,6.8,28.0,3.1,10.7,37.0,CENTRO,18
0.62,18.0,2.5,5.1,23.13,7.6,22.0,2.8,9.4,74.0,CENTRO,19
0.62,18.0,2.4,5.8,21.16,8.2,23.0,2.6,7.4,88.0,CENTRO,20
0.63,24.0,2.4,4.6,21.96325,7.1,22.0,3.2,6.7,59.0,CENTRO,21
0.62,33.0,2.0,3.8,22.7665,5.8,23.0,2.6,5.5,50.0,CENTRO,22
0.48,35.0,2.0,3.1,23.56975,5.1,15.0,2.5,7.0,55.0,CENTRO,23
0.51,22.0,2.2,5.8,24.373,7.9,10.0,3.7,3.9,54.0,CENTRO,0
0.5,27.0,2.0,3.3,19.35,5.3,14.0,2.7,4.5,51.0,CENTRO,1
0.6,17.0,2.0,6.0,20.58,8.1,9.0,3.2,5.5,8.0,CENTRO,2
0.77,12.0,2.3,7.8,22.252,10.1,17.0,3.0,3.9,7.0,CENTRO,3
0.58,13.0,2.1,7.1,22.89,9.2,17.0,3.1,3.6,15.0,CENTRO,4
0.5,23.0,2.0,4.5,23.005000000000003,6.5,23.0,2.8,3.7,34.0,CENTRO,5
0.64,20.0,2.0,6.3,23.381666666666668,8.4,18.0,2.7,3.2,26.0,CENTRO,6
0.74,22.0,2.1,5.6,24.314999999999998,7.6,32.0,2.3,3.7,15.0,CENTRO,7
1.02,24.0,2.5,5.3,26.27,7.8,23.0,2.3,3.1,9.0,CENTRO,8
0.98,20.0,3.0,6.3,28.94,9.2,18.0,2.2,1.5,25.0,CENTRO,9
0.73,17.0,4.3,7.6,30.36,11.9,24.0,2.4,2.6,100.0,CENTRO,10
0.66,19.0,5.6,7.3,31.595,12.9,24.0,2.9,3.0,93.0,CENTRO,11
0.64,27.0,4.4,6.1,31.630000000000003,10.5,23.0,3.3,5.4,100.0,CENTRO,12
0.63,35.0,2.7,4.0,29.5,6.7,21.0,2.8,8.0,80.0,CENTRO,13
0.58,34.0,2.5,4.0,25.7,6.4,22.0,3.3,9.3,74.0,CENTRO,14
0.56,35.0,2.4,4.0,24.59,6.3,22.0,3.8,9.0,67.0,CENTRO,15
0.57,34.0,2.4,4.0,21.97,6.3,25.0,2.7,8.4,65.0,CENTRO,16
0.58,27.0,2.6,3.9,20.11,6.5,19.0,2.4,9.3,67.0,CENTRO,17
0.57,26.0,2.4,4.0,19.44,6.3,13.0,2.2,8.2,67.0,CENTRO,18
0.55,24.0,2.1,3.6,18.34,5.8,12.0,2.1,9.1,64.0,CENTRO,19
0.53,26.0,2.1,3.4,18.425,5.6,12.0,2.1,9.2,56.0,CENTRO,20
0.51,30.0,2.0,3.1,18.445,5.2,12.0,2.1333333333333333,7.9,59.0,CENTRO,21
0.51,30.0,2.0,3.1,18.11,5.2,11.0,2.166666666666667,7.8,54.0,CENTRO,22
0.49,22.0,2.2,4.7,18.87,6.9,9.0,2.2,7.2,42.0,CENTRO,23
0.48,23.0,2.0,3.1,18.81,5.2,9.0,2.2,5.6,36.0,CENTRO,0
0.47,20.0,2.1,4.7,19.35,6.8,7.0,2.4,5.4,14.0,CENTRO,1
0.48,18.0,2.0,4.2,20.58,6.3,12.0,2.2,5.6,356.0,CENTRO,2
0.49,14.0,2.1,5.2,22.252,7.4,21.0,2.2,4.1,14.0,CENTRO,3
0.49,18.0,2.0,4.4,22.89,6.5,17.0,2.1,3.3,23.0,CENTRO,4
0.52,20.0,2.0,4.5,23.005000000000003,6.5,26.0,2.1,1.2,13.0,CENTRO,5
0.55,11.0,2.1,4.9,23.381666666666668,7.1,22.0,2.0,0.9,215.0,CENTRO,6
0.66,13.0,2.8,5.7,24.314999999999998,8.5,20.0,2.0,0.9,56.0,CENTRO,7
0.78,9.0,4.4,6.4,50.077,10.8,21.0,2.0500000000000003,1.7,352.0,CENTRO,8
0.82,9.0,6.8,6.9,50.88025,13.8,17.0,2.1,1.5,7.0,CENTRO,9
1.03,15.0,6.5,7.4,51.683499999999995,13.9,22.0,2.3,3.1,12.0,CENTRO,10
1.25,21.0,9.2,9.5,52.486749999999994,18.7,34.0,2.8,3.4,66.0,CENTRO,11
1.07,31.0,7.5,10.5,53.29,17.9,58.0,3.1,3.7,45.0,CENTRO,12
0.87,34.0,4.0,11.0,47.95,15.1,68.0,2.9,6.1,60.0,CENTRO,13
0.83,45.0,3.5,9.5,47.72,13.0,54.0,2.9,5.8,63.0,CENTRO,14
0.78,56.0,2.8,7.8,48.16,10.6,58.0,2.7,6.1,59.0,CENTRO,15
0.78,51.0,3.0,8.4,47.93,11.4,59.0,2.6,6.3,80.0,CENTRO,16
0.74,59.0,2.5,6.3,43.81,8.7,87.0,2.3,6.2,96.0,CENTRO,17
0.71,51.0,2.5,6.7,41.28,9.0,47.0,2.6,6.7,91.0,CENTRO,18
0.64,41.0,2.2,5.4,38.75,7.6,42.0,2.6,6.7,86.0,CENTRO,19
0.65,34.0,2.2,5.8,36.22,8.1,36.0,2.4,5.7,79.0,CENTRO,20
0.65,31.0,2.25,5.9,33.69,8.2,34.0,2.2,5.3,79.0,CENTRO,21
0.59,25.0,2.3,4.6,31.16,6.9,32.0,2.1,7.0,80.0,CENTRO,22
0.55,29.0,2.2,3.5,31.065,5.8,23.0,2.0,5.1,58.0,CENTRO,23
0.55,31.0,2.2,3.5,30.97,5.6,19.0,2.0,4.6,56.0,CENTRO,0
0.53,31.0,2.2333333333333334,3.5500000000000003,30.875,5.8,23.0,2.0500000000000003,4.1,55.0,CENTRO,1
0.55,27.0,2.2666666666666666,3.6,30.78,5.8,19.0,2.1,4.4,21.0,CENTRO,2
0.55,23.0,2.3,4.7,30.685,7.0,27.0,2.0,2.9,15.0,CENTRO,3
0.56,20.0,2.3,5.5,30.59,7.7,32.0,2.0,3.0,8.0,CENTRO,4
0.69,24.0,2.4,4.5,32.73,6.8,18.0,1.9,1.2,6.0,CENTRO,5
0.73,24.0,2.5,4.5,34.87,7.0,15.0,2.0,0.9,128.0,CENTRO,6
0.72,13.0,2.9,5.9,37.01,8.8,22.0,2.0,0.9,156.0,CENTRO,7
0.82,9.0,4.1,7.8,39.15,11.9,24.0,2.1,0.9,96.0,CENTRO,8
1.02,7.0,9.5,9.7,41.29,19.1,28.0,2.3,1.3,71.0,CENTRO,9
1.26,9.0,13.1,9.8,43.43,22.9,28.0,2.2,4.2,124.0,CENTRO,10
1.1,21.0,8.6,9.3,45.57,17.9,47.0,2.3,3.7,86.0,CENTRO,11
1.19,34.0,6.5,9.8,47.71,16.3,49.0,2.8,5.8,77.0,CENTRO,12
0.92,46.0,4.5,8.0,49.85,12.4,62.0,3.1,7.1,99.0,CENTRO,13
0.64,58.0,3.3,5.0,42.65,8.3,51.0,2.9,8.1,103.0,CENTRO,14
0.61,68.0,2.8,3.9,43.00363636363636,6.7,40.0,2.7,9.5,75.0,CENTRO,15
0.61,61.0,2.9,3.8,43.35727272727273,6.7,34.0,2.4,10.2,78.0,CENTRO,16
0.58,56.0,2.7,3.8,43.71090909090909,6.6,33.0,2.4,9.3,99.0,CENTRO,17
0.6,56.0,2.7,4.1,44.06454545454545,6.8,28.0,2.5,8.0,107.0,CENTRO,18
0.64,47.0,2.6,5.5,18.34,8.1,29.0,3.1,7.0,72.0,CENTRO,19
0.65,44.0,2.5,5.3,18.425,7.7,34.0,3.3,6.5,72.0,CENTRO,20
0.67,37.0,2.5,5.1,45.125454545454545,7.5,42.0,2.8,6.3,72.0,CENTRO,21
0.68,32.0,2.4499999999999997,5.3,45.47909090909091,7.7,42.0,2.6,5.1,53.0,CENTRO,22
0.69,26.0,2.4,5.5,45.83272727272727,7.8,37.0,2.3,3.3,33.0,CENTRO,23
0.75,17.0,2.5,7.9,46.18636363636364,10.3,38.0,2.2,3.8,348.0,CENTRO,0
0.7,12.0,2.4,7.8,46.54,10.1,47.0,2.1,1.4,301.0,CENTRO,1
0.77,13.0,2.5,5.8,44.77,8.2,41.0,2.0,1.5,238.0,CENTRO,2
0.74,15.0,2.4,5.2,43.0,7.6,44.0,2.0,1.5,248.0,CENTRO,3
0.68,16.0,2.4,4.7,45.42,7.0,39.0,2.1,3.1,244.0,CENTRO,4
0.72,13.0,2.85,6.5,47.839999999999996,8.9,45.0,2.5,2.5,277.0,CENTRO,5
0.86,7.0,3.3,8.9,50.26,12.2,57.0,2.5,2.0,240.0,CENTRO,6
0.97,6.0,7.3,9.2,48.87,16.5,63.0,2.7,3.0,244.0,CENTRO,7
1.3,9.0,14.2,10.1,55.79,24.3,59.0,3.1,2.2,326.0,CENTRO,8
0.9,28.0,5.1,7.3,51.81,12.4,69.0,3.1,3.6,16.0,CENTRO,9
1.17,38.0,5.4,9.4,50.62,14.8,52.0,4.0,4.1,85.0,CENTRO,10
1.01,50.0,4.3,8.3,43.76,12.6,60.0,4.2,5.1,59.0,CENTRO,11
0.75,71.0,2.8,4.6,43.18,7.4,64.0,3.7,6.3,52.0,CENTRO,12
0.66,75.0,2.6,3.9,36.49,6.4,44.0,3.5,7.0,118.0,CENTRO,13
0.59,74.0,2.4,3.2,36.464999999999996,5.6,33.0,3.0,7.6,114.0,CENTRO,14
0.57,75.0,2.3,3.3,36.44,5.5,37.0,2.8,7.3,101.0,CENTRO,15
0.58,76.0,2.1,3.1,36.4,5.3,37.0,2.9,8.9,139.0,CENTRO,16
0.61,67.0,2.2,3.2,40.61,5.4,43.0,4.1,12.0,149.0,CENTRO,17
0.58,60.0,2.1,3.1,36.23,5.2,39.0,4.2,11.8,126.0,CENTRO,18
0.59,55.0,2.1,3.4,36.63066666666666,5.5,36.0,3.6,10.5,118.0,CENTRO,19
0.57,46.0,2.0,3.1,37.03133333333333,5.1,33.0,2.9,7.7,124.0,CENTRO,20
0.57,45.0,2.0,3.2,37.431999999999995,5.3,29.0,2.4,4.8,129.0,CENTRO,21
0.56,43.0,2.0500000000000003,2.8,37.83266666666667,4.8,25.0,2.4,5.0,110.0,CENTRO,22
0.65,32.0,2.1,5.0,18.87,7.0,29.0,2.3,7.1,76.0,CENTRO,23
0.57,36.0,2.0,2.7,18.81,4.8,34.0,2.2,5.7,76.0,CENTRO,0
0.6,26.0,2.0,3.0,19.35,5.1,27.0,2.7,2.9,256.0,CENTRO,1
0.6,23.0,2.1,3.1,20.58,5.2,34.0,2.5,3.2,9.0,CENTRO,2
0.68,15.0,2.2,5.3,22.252,7.5,40.0,2.4,3.2,329.0,CENTRO,3
0.69,13.0,2.3,4.5,22.89,6.7,39.0,2.3,2.6,231.0,CENTRO,4
0.65,20.0,2.2,5.2,40.63733333333333,7.4,34.0,2.9,3.1,267.0,CENTRO,5
0.67,14.0,2.3,6.7,41.038000000000004,9.0,42.0,3.3,0.9,242.0,CENTRO,6
0.81,9.0,5.0,8.5,41.43866666666667,13.5,38.0,3.2,1.7,277.0,CENTRO,7
1.0,8.0,9.2,8.0,41.839333333333336,17.1,41.0,2.9,0.9,40.0,CENTRO,8
0.81,24.0,4.9,7.2,42.24,12.0,54.0,3.6,2.1,88.0,CENTRO,9
0.77,37.0,4.2,7.4,43.92,11.6,53.0,4.3,3.7,342.0,CENTRO,10
0.76,53.0,3.3,5.7,44.22,8.9,53.0,4.0,3.7,47.0,CENTRO,11
0.79,79.0,2.7,5.4,43.35,8.1,55.0,3.8,4.4,95.0,CENTRO,12
0.61,79.0,2.3,3.1,43.77,5.4,62.0,3.6,6.1,67.0,CENTRO,13
0.56,78.0,2.2,3.0,35.56,5.2,39.0,3.1,6.3,88.0,CENTRO,14
0.56,89.0,2.1,3.1,36.11,5.2,39.0,2.7,8.9,112.0,CENTRO,15
0.54,88.0,2.0,2.5,37.644,4.6,36.0,2.7,9.3,95.0,CENTRO,16
0.56,90.0,2.0,2.9,39.178,4.9,36.0,7.5,9.3,87.0,CENTRO,17
0.56,84.0,2.0272727272727273,2.6,40.712,4.6,47.0,12.3,8.9,143.0,CENTRO,18
0.56,72.0,2.0545454545454547,2.5,42.246,4.5,44.0,6.2,7.8,131.0,CENTRO,19
0.75,41.0,2.0818181818181816,3.1,43.78,5.2,46.0,3.7,12.0,37.0,CENTRO,20
0.8,32.0,2.109090909090909,4.5,33.05,6.6,117.0,3.5,7.8,111.0,CENTRO,21
0.69,31.0,1.6,4.6,33.48416666666667,6.6,35.0,3.1,6.2,97.0,CENTRO,22
0.61,34.0,1.6,3.4,33.91833333333333,5.4,34.0,2.7,3.8,80.0,CENTRO,23
0.61,39.0,2.190909090909091,2.7,34.3525,4.8,28.0,2.4,3.9,349.0,CENTRO,0
0.9,37.0,2.2181818181818183,3.4,34.78666666666666,5.4,30.0,3.0,7.9,28.0,CENTRO,1
0.8,46.0,2.245454545454545,1.9,20.58,3.9,27.0,2.8,5.8,52.0,CENTRO,2
0.97,40.0,2.2727272727272725,1.9,22.252,3.9,23.0,2.9,7.4,52.0,CENTRO,3
0.6,32.0,2.3,2.3,22.89,4.5,23.0,2.7,4.8,72.0,CENTRO,4
0.76,32.0,2.0,2.3195945945945944,36.52333333333333,2.1,25.0,3.0,3.8,90.0,CENTRO,5
0.79,24.0,1.8,2.339189189189189,36.957499999999996,1.4,26.0,3.1,4.9,57.0,CENTRO,6
0.97,23.0,1.8,2.3587837837837835,37.391666666666666,1.3,36.0,2.9,4.7,60.0,CENTRO,7
0.84,19.0,1.9,2.378378378378378,37.82583333333333,1.4,31.0,2.7,5.0,98.0,CENTRO,8
0.7,32.0,2.0,7.05,38.26,1.4,43.0,3.1,6.5,83.0,CENTRO,9
0.66,40.0,2.0,7.0,33.1,1.5,34.0,4.1,8.5,65.0,CENTRO,10
0.63,48.0,2.033333333333333,6.3,37.645,1.5,33.0,4.1,8.3,51.0,CENTRO,11
0.64,49.0,2.066666666666667,5.75,42.19,1.4916666666666667,37.0,3.6,9.6,66.0,CENTRO,12
0.66,47.0,2.1,4.8,46.735,1.4833333333333334,41.0,3.3,12.1,68.0,CENTRO,13
0.64,51.0,2.2,3.9,51.28,1.4749999999999999,52.0,8.4,12.7,74.0,CENTRO,14
0.68,41.0,2.1,3.3,47.07,1.4666666666666666,56.0,6.6,11.1,35.0,CENTRO,15
0.75,36.0,2.1,3.1,44.22,5.1,46.0,3.3,5.6,286.0,CENTRO,16
0.62,41.0,2.0,2.9,37.769999999999996,4.8,32.0,2.7,8.2,96.0,CENTRO,17
0.72,34.0,2.1,3.2,31.32,5.1,25.0,2.3,9.3,26.0,CENTRO,18
0.76,27.0,2.0,3.5,24.87,1.4333333333333333,26.0,2.3,7.6,26.0,CENTRO,19
0.71,27.0,2.0,3.6,26.384736842105266,1.4249999999999998,6.0,2.2,7.6,97.0,CENTRO,20
0.58,37.0,1.988888888888889,3.3,27.899473684210527,1.4166666666666665,10.0,2.1,12.3,136.0,CENTRO,21
0.55,38.0,1.9777777777777779,3.1,29.41421052631579,1.4083333333333332,7.0,2.1,12.5,151.0,CENTRO,22
0.55,38.0,1.9666666666666666,2.8,30.928947368421053,1.4,4.0,2.05,10.2,134.0,CENTRO,23
0.55,39.0,1.9555555555555555,2.7,18.81,1.4,5.0,2.0,11.0,132.0,CENTRO,0
0.55,42.0,1.9444444444444444,2.8,19.35,1.3857142857142857,6.0,2.1,13.3,125.0,CENTRO,1
0.55,42.0,1.9333333333333333,2.7,20.58,1.3714285714285714,8.0,2.0,13.9,133.0,CENTRO,2
0.56,36.0,1.922222222222222,3.1,22.252,1.3571428571428572,16.0,2.1,11.4,127.0,CENTRO,3
0.57,34.0,1.911111111111111,3.0,22.89,1.3428571428571427,6.0,2.0,5.5,88.0,CENTRO,4
0.59,28.0,1.9,3.25,23.005000000000003,1.3285714285714285,14.0,2.2,3.5,276.0,CENTRO,5
0.67,20.0,1.9333333333333333,5.95,24.314999999999998,1.3,22.0,2.1,2.9,17.0,CENTRO,7
0.84,19.0,1.95,6.5,26.27,1.4,20.0,2.1,3.3,345.0,CENTRO,8
0.87,20.0,1.9666666666666666,7.05,28.94,1.3,25.0,2.2,3.7,7.0,CENTRO,9
0.68,25.0,1.9833333333333334,7.0,47.59105263157895,1.4,28.0,2.2,6.1,349.0,CENTRO,10
0.7,32.0,2.0,6.3,49.10578947368421,1.4,26.0,2.4,5.0,360.0,CENTRO,11
0.87,36.0,2.0,5.75,50.62052631578947,1.35,35.0,2.6,4.5,16.0,CENTRO,12
1.11,39.0,1.990909090909091,4.8,52.135263157894734,1.3,41.0,2.8,5.6,47.0,CENTRO,13
0.91,64.0,1.9818181818181817,3.9,53.65,1.4,58.0,3.1,6.1,40.0,CENTRO,14
0.87,84.0,1.9727272727272727,3.3,57.64,1.4,60.0,3.0,7.2,67.0,CENTRO,15
0.78,78.0,1.9636363636363636,3.1,60.88,1.3857142857142857,65.0,10.1,9.1,62.0,CENTRO,16
0.74,54.0,1.9,2.9,47.69,1.3714285714285714,58.0,6.0,9.4,64.0,CENTRO,17
0.7,58.0,1.9,3.2,46.63388888888888,1.3571428571428572,39.0,3.3,8.9,123.0,CENTRO,18
0.67,50.0,1.9363636363636363,3.5,45.577777777777776,1.3428571428571427,31.0,2.7,11.0,136.0,CENTRO,19
0.68,46.0,1.9272727272727272,3.6,44.52166666666666,1.3285714285714285,25.0,2.4,10.9,122.0,CENTRO,20
0.68,36.0,1.9181818181818182,3.3,43.465555555555554,1.3142857142857143,31.0,2.2,10.6,116.0,CENTRO,21
0.66,36.0,1.909090909090909,3.1,18.11,1.3,26.0,2.1,12.9,128.0,CENTRO,22
0.72,31.0,1.9,2.8,18.87,1.3,28.0,2.2,5.9,206.0,CENTRO,23
0.89,19.0,1.9,2.7,18.81,1.28,26.0,2.7,4.4,231.0,CENTRO,0
0.89,17.0,1.8666666666666667,2.8,19.35,1.26,35.0,2.5,4.6,237.0,CENTRO,1
0.93,13.0,1.8333333333333333,2.7,20.58,1.24,34.0,2.5,3.1,278.0,CENTRO,2
1.27,7.0,1.8,3.1,22.252,1.22,33.0,2.3,3.2,256.0,CENTRO,3
0.99,16.0,1.8,3.0,22.89,1.2,38.0,2.3,3.7,229.0,CENTRO,4
0.91,15.0,1.9,3.25,23.005000000000003,1.3,32.0,2.433333333333333,3.2,192.0,CENTRO,5
0.81,14.0,1.8,4.55,23.381666666666668,1.3,32.0,2.566666666666667,2.8,246.0,CENTRO,6
0.62,37.0,1.9,5.95,32.904444444444444,1.28,30.0,2.7,4.8,263.0,CENTRO,7
0.46,53.0,1.9,6.5,31.848333333333333,1.26,20.0,2.3,7.5,285.0,CENTRO,8
0.48,53.0,1.8,7.05,30.79222222222222,1.24,21.0,2.2,6.7,307.0,CENTRO,9
0.43,62.0,1.8,7.0,29.73611111111111,1.22,29.0,2.1,10.5,320.0,CENTRO,10
0.41,67.0,1.79,6.3,28.68,1.2,38.0,2.1,17.6,306.0,CENTRO,11
0.4,66.0,1.78,5.75,25.12,1.3,73.0,2.0,15.6,291.0,CENTRO,12
0.4,65.0,1.77,4.8,33.16,1.2,90.0,2.1,21.1,315.0,CENTRO,13
0.4,70.0,1.76,3.9,32.53,1.3,94.0,2.1,19.7,311.0,CENTRO,14
0.43,70.0,1.9727272727272727,3.3,37.19,1.2,71.0,2.6,21.9,317.0,CENTRO,15
0.41,69.0,1.74,3.1,31.66,1.3,79.0,2.6,22.0,313.0,CENTRO,16
0.39,68.0,1.73,2.9,33.63,1.3,66.0,2.2,20.2,313.0,CENTRO,17
0.38,67.0,1.72,3.2,31.73,1.275,59.0,2.1,18.9,310.0,CENTRO,18
0.39,65.0,1.71,3.5,29.97,1.25,54.0,2.3,9.0,273.0,CENTRO,19
0.45,58.0,1.7,3.6,31.61,1.2249999999999999,51.0,2.4,3.6,111.0,CENTRO,20
0.49,55.0,1.8,3.3,27.24,1.2,61.0,2.3,9.5,110.0,CENTRO,21
0.48,56.0,1.8,3.1,25.31,1.3,31.0,2.3,8.9,129.0,CENTRO,22
0.45,58.0,1.7333333333333334,2.8,25.7075,1.3,25.0,2.25,9.8,136.0,CENTRO,23
0.42,62.0,1.6666666666666667,2.7,26.105,1.15,24.0,2.2,10.9,157.0,CENTRO,0
0.44,59.0,1.6,2.8,26.502499999999998,1.0,22.0,2.4,5.3,129.0,CENTRO,1
0.41,61.0,1.8,2.7,26.9,1.3,22.0,2.2,8.0,128.0,CENTRO,2
0.4,60.0,1.8,3.1,27.2975,1.2,21.0,2.1,5.6,143.0,CENTRO,3
0.42,48.0,1.8166666666666667,3.0,27.695,1.2,14.0,2.2,2.3,360.0,CENTRO,4
0.53,29.0,1.8333333333333333,3.25,28.092499999999998,1.3,18.0,3.9,3.2,353.0,CENTRO,5
0.61,15.0,1.85,4.55,28.49,1.2,32.0,4.1,2.3,166.0,CENTRO,6
0.86,7.0,1.8666666666666667,5.95,31.08,1.2,35.0,4.0,1.0,212.0,CENTRO,7
0.98,13.0,1.8833333333333333,6.5,28.07,1.25,43.0,4.6,1.2,46.0,CENTRO,8
1.0,25.0,1.9,7.05,44.12,1.3,48.0,6.5,1.7,44.0,CENTRO,9
1.1,34.0,1.9,7.0,33.51,1.3,50.0,4.9,5.4,9.0,CENTRO,10
0.75,56.0,1.8,6.3,40.86,1.2833333333333334,64.0,4.0,10.4,41.0,CENTRO,11
0.6,62.0,1.8,5.75,46.19,1.2666666666666666,60.0,5.4,15.5,78.0,CENTRO,12
0.58,62.0,1.8142857142857143,4.8,40.91,1.25,47.0,5.0,16.3,82.0,CENTRO,13
0.56,60.0,1.8285714285714285,3.9,34.17,1.2333333333333334,45.0,3.1,18.4,76.0,CENTRO,14
0.55,65.0,1.8428571428571427,3.3,37.6,1.2166666666666666,53.0,3.1,17.4,81.0,CENTRO,15
0.55,64.0,1.8571428571428572,3.1,43.08,1.2,46.0,5.2,14.9,109.0,CENTRO,16
0.53,64.0,1.8714285714285714,2.9,32.89,1.2,44.0,3.1,15.7,111.0,CENTRO,17
0.54,71.0,1.8857142857142857,3.2,35.62,1.3,39.0,2.5,15.3,107.0,CENTRO,18
0.55,63.0,1.9,3.5,28.19,1.3,36.0,3.4,14.3,99.0,CENTRO,19
0.54,61.0,1.8,3.6,29.206666666666667,1.28,36.0,6.8,11.6,112.0,CENTRO,20
0.54,59.0,1.8,3.3,30.223333333333333,1.26,39.0,4.9,8.9,121.0,CENTRO,21
0.54,56.0,1.9,3.1,31.24,1.24,34.0,3.5,8.8,109.0,CENTRO,22
0.52,54.0,1.8,2.8,33.10727272727273,1.22,30.0,2.5,11.0,124.0,CENTRO,23
0.53,50.0,1.8,2.7,34.974545454545456,1.2,25.0,2.3,9.7,96.0,CENTRO,0
0.55,45.0,1.8333333333333333,2.8,36.841818181818184,1.2,29.0,2.2,8.4,53.0,CENTRO,1
0.55,43.0,1.8666666666666667,2.7,38.70909090909091,1.3,30.0,2.3,7.1,63.0,CENTRO,2
0.55,44.0,1.9,3.1,22.252,1.3,26.0,2.2,6.6,72.0,CENTRO,3
0.57,43.0,1.9,3.0,22.89,1.25,31.0,2.3,4.5,11.0,CENTRO,4
0.6,25.0,1.8,3.25,44.31090909090909,1.2,31.0,2.2,4.5,34.0,CENTRO,5
0.63,35.0,1.8,4.55,46.17818181818182,1.3,41.0,2.4,4.9,79.0,CENTRO,6
0.71,34.0,1.8111111111111111,5.95,48.04545454545455,1.3,45.0,2.4,5.2,99.0,CENTRO,7
0.78,28.0,1.8222222222222222,6.5,49.912727272727274,1.2,42.0,3.1,6.0,35.0,CENTRO,8
0.97,23.0,1.8333333333333333,7.05,51.78,1.2,62.0,2.9,7.4,26.0,CENTRO,9
0.85,27.0,1.8444444444444443,7.0,47.07,1.25,71.0,2.8,8.2,41.0,CENTRO,10
0.7,29.0,1.8555555555555556,6.3,44.17,1.3,58.0,2.5,7.8,42.0,CENTRO,11
0.69,35.0,1.8666666666666667,5.75,44.61,1.3,60.0,2.5,8.7,63.0,CENTRO,12
0.65,42.0,1.8777777777777778,4.8,37.71,1.2,46.0,2.6,8.7,78.0,CENTRO,13
0.63,48.0,1.8888888888888888,3.9,34.7,1.3,38.0,2.4,9.6,53.0,CENTRO,14
0.62,45.0,1.9,3.3,28.86,1.3,38.0,2.3,8.7,53.0,CENTRO,15
0.69,40.0,1.8,3.1,27.983333333333334,1.2666666666666666,26.0,2.5,8.5,59.0,CENTRO,16
0.72,34.0,1.8,2.9,27.106666666666666,1.2333333333333334,34.0,2.3,9.1,80.0,CENTRO,17
0.69,37.0,1.8038461538461539,3.2,26.23,1.2,42.0,2.5,7.5,95.0,CENTRO,18
0.68,36.0,1.8076923076923077,3.5,26.674347826086958,1.2,26.0,2.2,4.8,86.0,CENTRO,19
0.69,28.0,1.8115384615384615,3.6,27.118695652173916,1.22,16.0,2.4,8.6,13.0,CENTRO,20
0.69,24.0,1.8153846153846154,3.3,27.56304347826087,1.24,21.0,2.3,8.2,8.0,CENTRO,21
0.64,30.0,1.6,3.1,28.007391304347827,1.26,22.0,2.1,5.9,80.0,CENTRO,22
0.56,42.0,1.6,2.8,18.87,1.28,12.0,2.1,6.8,107.0,CENTRO,23
0.59,39.0,1.6,2.7,18.81,1.3,12.0,2.2,7.2,82.0,CENTRO,0
0.54,43.0,1.6,2.8,19.35,1.3,25.0,2.2,7.3,107.0,CENTRO,1
1.0,31.0,1.69375,2.7,20.58,1.25,8.0,2.5,7.4,22.0,CENTRO,2
1.23,31.0,1.8,3.1,22.252,1.2,15.0,3.0,8.4,18.0,CENTRO,3
0.58,45.0,1.7266666666666668,3.0,22.89,1.3,22.0,2.5,7.3,56.0,CENTRO,4
0.73,38.0,1.8,3.25,23.005000000000003,1.2,12.0,2.2,9.2,16.0,CENTRO,5
0.64,39.0,2.2,4.55,23.381666666666668,1.3,13.0,2.2,9.6,10.0,CENTRO,6
0.64,36.0,3.4,5.95,24.314999999999998,1.3,11.0,2.2666666666666666,7.6,7.0,CENTRO,7
0.7,28.0,5.1,6.5,26.27,1.2666666666666666,11.0,2.3333333333333335,8.0,16.0,CENTRO,8
0.81,26.0,5.5,7.05,28.94,1.2333333333333334,10.0,2.4,8.0,16.0,CENTRO,9
0.87,31.0,4.9,7.0,30.36,1.2,9.0,2.466666666666667,8.2,4.0,CENTRO,10
0.9,33.0,4.05,6.3,31.595,1.3,14.0,2.533333333333333,7.1,13.0,CENTRO,11
0.95,28.0,3.1,5.75,31.630000000000003,1.2,20.0,2.6,8.3,21.0,CENTRO,12
0.78,22.0,2.2,4.8,34.67260869565218,1.3,18.0,3.2,7.0,44.0,CENTRO,13
0.74,32.0,2.0,3.9,35.116956521739134,1.3,25.0,7.7,7.5,81.0,CENTRO,14
0.71,37.0,1.8846153846153846,3.3,35.56130434782609,1.25,45.0,6.6,5.1,74.0,CENTRO,15
0.69,38.0,1.8884615384615384,3.1,36.00565217391305,1.2,48.0,3.8,3.4,84.0,CENTRO,16
0.67,37.0,1.8923076923076922,2.9,36.45,1.3,41.0,3.0,4.8,79.0,CENTRO,17
0.66,36.0,1.896153846153846,3.2,36.81177777777778,1.2,26.0,2.5,6.0,84.0,CENTRO,18
0.66,35.0,1.9,3.5,37.17355555555556,1.3,20.0,2.6,5.6,108.0,CENTRO,19
0.66,35.0,1.8,3.6,37.535333333333334,1.3,17.0,2.8,5.2,115.0,CENTRO,20
0.58,50.0,1.8,3.3,37.897111111111116,1.2,21.0,2.4,6.2,126.0,CENTRO,21
0.55,44.0,1.7923076923076924,3.1,18.11,1.3,13.0,2.2,7.0,151.0,CENTRO,22
0.54,48.0,1.7846153846153847,2.8,18.87,1.2,10.0,2.2,7.3,140.0,CENTRO,23
0.54,39.0,1.776923076923077,2.7,18.81,1.3,8.0,2.3,7.8,135.0,CENTRO,0
0.54,44.0,1.7692307692307692,2.8,19.35,1.2,7.0,2.2,5.8,139.0,CENTRO,1
0.54,42.0,1.69375,2.7,20.58,1.3,10.0,2.2,3.6,83.0,CENTRO,2
0.57,33.0,1.8,3.1,22.252,1.3,9.0,2.6,4.5,30.0,CENTRO,3
0.57,28.0,1.7266666666666668,3.0,22.89,1.2,20.0,3.5,6.2,50.0,CENTRO,4
0.6,20.0,1.8,3.25,23.005000000000003,1.2,16.0,3.3,5.8,61.0,CENTRO,5
0.62,23.0,1.7307692307692308,4.55,23.381666666666668,1.3,17.0,2.6,6.1,72.0,CENTRO,6
0.7,14.0,1.723076923076923,5.95,24.314999999999998,1.3,19.0,2.2,5.0,70.0,CENTRO,7
0.81,11.0,1.7153846153846153,6.5,26.27,1.2,10.0,2.2,4.0,43.0,CENTRO,8
0.84,14.0,1.7076923076923076,7.05,28.94,1.2,12.0,2.4,2.6,24.0,CENTRO,9
0.88,17.0,1.7,7.0,30.36,1.225,12.0,2.3,3.4,29.0,CENTRO,10
0.82,19.0,1.8,6.3,31.595,1.25,16.0,2.7,4.3,20.0,CENTRO,11
0.81,23.0,1.8166666666666667,5.75,31.630000000000003,1.2750000000000001,29.0,3.3,6.9,36.0,CENTRO,12
0.77,27.0,1.8333333333333333,4.8,29.5,1.3,32.0,2.5,7.6,61.0,CENTRO,13
0.76,32.0,1.85,3.9,25.7,1.3,17.0,2.4,8.4,60.0,CENTRO,14
0.77,32.0,1.8666666666666667,3.3,24.59,1.2,20.0,2.3,8.3,60.0,CENTRO,15
0.76,33.0,1.8833333333333333,3.1,21.97,1.3,15.0,2.4,9.1,57.0,CENTRO,16
0.77,31.0,1.9,2.9,20.11,1.2,14.0,2.3,8.8,72.0,CENTRO,17
0.76,28.0,1.8,3.2,19.44,1.3,14.0,2.3,7.7,69.0,CENTRO,18
0.74,28.0,1.8,3.5,18.34,1.2,12.0,2.5,7.7,62.0,CENTRO,19
0.73,24.0,1.7,3.6,18.425,1.2,10.0,2.7,7.6,37.0,CENTRO,20
0.75,23.0,1.8,3.3,18.445,1.19,22.0,2.8,6.7,37.0,CENTRO,21
0.75,22.0,1.7,3.1,18.11,1.18,20.0,3.1,5.1,25.0,CENTRO,22
0.7,22.0,1.8,2.8,18.87,1.17,20.0,2.7,3.7,23.0,CENTRO,23
0.69,22.0,1.7,2.7,18.81,1.16,14.0,2.4,4.9,354.0,CENTRO,0
0.72,19.0,1.8,2.8,19.35,4.4,11.0,2.3,4.5,20.0,CENTRO,1
0.71,21.0,1.7,2.7,20.58,1.1400000000000001,20.0,2.3,2.4,339.0,CENTRO,2
0.79,21.0,1.7,3.1,22.252,1.1300000000000001,16.0,2.2,1.3,242.0,CENTRO,3
0.79,20.0,1.8,3.0,22.89,1.12,23.0,2.3,1.6,356.0,CENTRO,4
0.84,13.0,1.7,3.25,23.005000000000003,1.11,24.0,2.2,1.4,290.0,CENTRO,5
0.93,9.0,1.7,4.55,23.381666666666668,1.1,19.0,2.2,1.3,245.0,CENTRO,6
1.13,9.0,1.725,5.95,24.314999999999998,1.2,25.0,2.3,1.7,177.0,CENTRO,7
1.04,6.0,1.75,6.5,26.27,1.1,33.0,2.3,2.2,239.0,CENTRO,8
1.01,14.0,1.7750000000000001,7.05,28.94,1.2,37.0,2.35,4.3,238.0,CENTRO,9
0.98,20.0,1.8,7.0,51.282888888888884,1.2,32.0,2.4,3.4,335.0,CENTRO,10
0.92,32.0,1.7,6.3,51.644666666666666,1.225,33.0,2.4,4.2,13.0,CENTRO,11
0.94,53.0,1.9,5.75,52.00644444444444,1.25,38.0,2.7,4.5,17.0,CENTRO,12
1.29,72.0,1.9,4.8,52.368222222222215,1.2750000000000001,34.0,3.0,6.6,48.0,CENTRO,13
1.15,70.0,1.9,3.9,52.73,1.3,66.0,6.0,6.9,42.0,CENTRO,14
0.97,85.0,1.9,3.3,49.4,1.3,75.0,6.9,7.5,39.0,CENTRO,15
0.87,80.0,1.9,3.1,37.22,1.2866666666666666,60.0,6.9,8.0,56.0,CENTRO,16
0.82,72.0,1.9,2.9,47.26,1.2733333333333334,51.0,6.1,8.9,75.0,CENTRO,17
0.86,60.0,1.9,3.2,46.936499999999995,1.26,38.0,4.5,9.4,82.0,CENTRO,18
0.79,56.0,1.9,3.5,46.613,1.2466666666666668,33.0,3.9,10.4,76.0,CENTRO,19
0.78,31.0,1.9,3.6,46.2895,5.1,31.0,5.2,10.4,84.0,CENTRO,20
0.77,53.0,1.9,3.3,45.966,4.8,22.0,5.2,7.0,101.0,CENTRO,21
0.75,53.0,1.9,3.1,18.11,4.7,25.0,5.5,6.1,97.0,CENTRO,22
0.78,45.0,1.85,2.8,18.87,4.65,29.0,4.3,4.7,65.0,CENTRO,23
0.89,34.0,1.8,2.7,18.81,4.4,25.0,4.3,3.5,12.0,CENTRO,0
0.85,35.0,1.8,2.8,19.35,4.4,34.0,3.7,2.5,30.0,CENTRO,1
0.8,27.0,1.7666666666666666,2.7,20.58,1.1533333333333333,29.0,2.9,4.6,38.0,CENTRO,2
0.8,22.0,1.7333333333333334,3.1,22.252,1.1400000000000001,28.0,2.7,2.2,360.0,CENTRO,3
0.87,14.0,1.7,3.0,22.89,1.1266666666666667,19.0,3.0,4.4,66.0,CENTRO,4
0.78,21.0,1.7,3.25,23.005000000000003,1.1133333333333335,25.0,3.0,3.7,26.0,CENTRO,5
0.97,22.0,1.8,4.55,23.381666666666668,1.1,20.0,2.6,4.1,79.0,CENTRO,6
1.03,22.0,1.8,5.95,24.314999999999998,1.1,17.0,2.6,4.4,77.0,CENTRO,7
0.9,14.0,1.7,6.5,26.27,1.1333333333333333,23.0,2.7,2.4,116.0,CENTRO,8
1.06,15.0,1.7,7.05,42.083999999999996,1.1666666666666667,30.0,2.7,3.3,144.0,CENTRO,9
0.94,29.0,1.75,7.0,41.7605,1.2,35.0,3.1,5.6,109.0,CENTRO,10
0.86,38.0,1.8,6.3,41.437,1.1,35.0,3.1,7.3,71.0,CENTRO,11
0.88,48.0,1.8,5.75,41.1135,1.2,36.0,2.9,8.6,71.0,CENTRO,12
0.81,57.0,1.8499999999999999,4.8,40.79,1.2,43.0,3.3,8.8,73.0,CENTRO,13
0.79,44.0,1.9,3.9,40.58272727272727,1.1500000000000001,34.0,3.0,8.5,84.0,CENTRO,14
0.7,47.0,1.8,3.3,40.375454545454545,1.1,31.0,2.6,10.2,126.0,CENTRO,15
0.71,53.0,1.8,3.1,40.168181818181814,1.1,21.0,2.4,12.2,141.0,CENTRO,16
0.7,44.0,1.8499999999999999,2.9,39.96090909090909,1.2,26.0,2.3,10.3,151.0,CENTRO,17
0.71,42.0,1.9,3.2,19.44,1.2,22.0,2.2,12.1,136.0,CENTRO,18
0.72,39.0,1.8,3.5,18.34,1.1666666666666667,21.0,2.2,11.4,146.0,CENTRO,19
0.73,39.0,1.7,3.6,18.425,1.1333333333333333,18.0,2.1,8.6,142.0,CENTRO,20
0.75,36.0,1.8,3.3,18.445,1.1,13.0,2.1,6.9,120.0,CENTRO,21
0.81,32.0,1.8,3.1,18.11,1.2,17.0,2.2,4.3,54.0,CENTRO,22
0.96,18.0,1.7,2.8,18.87,1.2,25.0,2.5,5.7,3.0,CENTRO,23
0.93,11.0,1.7,2.7,18.81,1.1500000000000001,40.0,3.0,5.8,21.0,CENTRO,0
0.89,15.0,1.68,2.8,19.35,1.1,38.0,2.6,3.9,327.0,CENTRO,1
0.94,19.0,1.66,2.7,20.58,1.1,28.0,2.3,3.7,284.0,CENTRO,2
0.97,14.0,1.6400000000000001,3.1,22.252,1.1333333333333333,28.0,2.3,2.2,259.0,CENTRO,3
0.94,11.0,1.62,3.0,22.89,1.1666666666666667,25.0,2.5,2.6,250.0,CENTRO,4
0.92,12.0,1.6,3.25,23.005000000000003,1.2,30.0,2.7,2.6,241.0,CENTRO,5
0.91,12.0,1.6,4.55,23.381666666666668,1.1,25.0,2.7,1.8,204.0,CENTRO,6
1.04,8.0,1.7,5.95,37.059090909090905,1.1,26.0,2.5,2.9,163.0,CENTRO,7
1.18,14.0,1.7,6.5,36.85181818181818,1.125,37.0,3.0,4.5,154.0,CENTRO,8
1.25,18.0,1.675,7.05,36.64454545454545,1.15,44.0,6.4,5.4,142.0,CENTRO,9
1.07,26.0,1.6500000000000001,7.0,36.43727272727272,1.175,49.0,8.4,5.5,106.0,CENTRO,10
0.65,31.0,1.625,6.3,36.23,1.2,52.0,3.3,8.5,332.0,CENTRO,11
0.53,33.0,1.6,5.75,36.30571428571428,1.1,34.0,2.3,10.3,310.0,CENTRO,12
0.5,39.0,1.6,4.8,36.38142857142857,1.1,23.0,2.3,14.3,319.0,CENTRO,13
0.5,52.0,1.6333333333333333,3.9,36.457142857142856,1.125,28.0,2.1,12.7,312.0,CENTRO,14
0.5,56.0,1.6666666666666667,3.3,36.53285714285714,1.15,25.0,2.2,13.0,329.0,CENTRO,15
0.72,60.0,1.7,3.1,21.97,1.175,21.0,3.7,9.6,80.0,CENTRO,16
0.74,52.0,1.7,2.9,20.11,1.2,30.0,3.5,11.8,138.0,CENTRO,17
0.67,54.0,1.6500000000000001,3.2,19.44,1.1,29.0,2.9,15.6,131.0,CENTRO,18
0.65,51.0,1.6,3.5,18.34,1.1,28.0,2.5,11.3,127.0,CENTRO,19
0.66,50.0,1.7,3.6,18.425,1.0972222222222223,21.0,2.3,11.0,124.0,CENTRO,20
0.66,48.0,1.6,3.3,18.445,1.0944444444444446,21.0,2.5,8.9,137.0,CENTRO,21
0.66,46.0,1.6,3.1,18.11,1.0916666666666668,23.0,2.3,7.4,134.0,CENTRO,22
0.63,48.0,1.625,2.8,18.87,1.088888888888889,18.0,2.3,7.5,140.0,CENTRO,23
0.62,48.0,1.65,2.7,18.81,4.4,18.0,2.2666666666666666,7.2,133.0,CENTRO,0
0.61,48.0,1.675,2.8,19.35,4.4,14.0,2.2333333333333334,4.4,123.0,CENTRO,1
0.64,41.0,1.7,2.7,20.58,4.5,19.0,2.2,1.6,303.0,CENTRO,2
0.73,23.0,1.6,3.1,22.252,4.9,18.0,2.6,3.0,297.0,CENTRO,3
0.75,27.0,1.6,3.0,37.51714285714286,4.9,26.0,3.6,3.1,305.0,CENTRO,4
0.81,30.0,1.62,3.25,37.59285714285714,5.1,30.0,3.4,1.8,265.0,CENTRO,5
0.82,23.0,1.6400000000000001,4.55,37.668571428571425,6.8,32.0,3.8,1.9,224.0,CENTRO,6
0.91,12.0,1.66,5.95,37.744285714285716,9.2,28.0,7.9,3.0,229.0,CENTRO,7
1.05,17.0,1.68,6.5,37.82,11.5,41.0,7.4,3.3,231.0,CENTRO,8
1.12,44.0,1.7,7.05,41.81,12.5,49.0,6.5,2.0,13.0,CENTRO,9
1.47,51.0,1.6,7.0,25.59,11.9,47.0,6.8,5.5,1.0,CENTRO,10
1.02,58.0,1.7,6.3,12.03,10.1,70.0,6.5,4.8,30.0,CENTRO,11
0.88,86.0,1.7,5.75,14.64,8.6,61.0,4.3,7.5,65.0,CENTRO,12
0.74,78.0,1.6500000000000001,4.8,11.09,7.3,47.0,3.1,8.2,81.0,CENTRO,13
0.71,71.0,1.6,3.9,6.56,6.0,32.0,2.9,8.1,116.0,CENTRO,14
0.72,64.0,1.6,3.3,17.49,5.3,29.0,2.7,9.3,115.0,CENTRO,15
0.73,59.0,1.65,3.1,18.69,5.1,32.0,2.5,10.9,119.0,CENTRO,16
0.69,59.0,1.7,2.9,18.22,4.8,28.0,2.8,11.1,116.0,CENTRO,17
0.7,57.0,1.6,3.2,17.74,5.1,25.0,2.5,11.4,108.0,CENTRO,18
0.7,52.0,1.7,3.5,13.07,5.0,28.0,2.4,11.4,113.0,CENTRO,19
0.73,47.0,1.6,3.6,8.86,5.1,38.0,2.4,9.5,104.0,CENTRO,20
0.73,48.0,1.7,3.3,14.82,4.8,33.0,2.5,10.8,127.0,CENTRO,21
0.75,47.0,1.6,3.1,19.15,4.7,41.0,2.6,11.6,118.0,CENTRO,22
0.77,46.0,1.6,2.8,18.72,4.65,36.0,2.6,10.8,128.0,CENTRO,23
0.8,44.0,1.7,2.7,11.56,4.4,42.0,2.5,8.1,94.0,CENTRO,0
0.85,34.0,1.6,2.8,11.17,4.4,52.0,2.4,7.6,58.0,CENTRO,1
0.87,28.0,1.7,2.7,9.25,4.5,48.0,2.4,6.2,60.0,CENTRO,2
0.89,20.0,1.6,3.1,8.01,1.011111111111111,69.0,3.2,4.8,50.0,CENTRO,3
0.9,21.0,1.6,3.0,11.91,1.0083333333333333,68.0,4.0,4.5,72.0,CENTRO,4
0.89,27.0,1.6142857142857143,3.25,12.66,1.0055555555555555,64.0,3.1,3.9,102.0,CENTRO,5
0.93,26.0,1.6285714285714286,4.55,14.85,1.0027777777777778,66.0,2.8,1.6,85.0,CENTRO,6
0.99,17.0,1.6428571428571428,5.95,18.5,1.0,62.0,2.7,3.5,116.0,CENTRO,7
1.09,13.0,1.6571428571428573,6.5,6.86,1.1,69.0,2.8,2.6,226.0,CENTRO,8
1.14,23.0,1.6714285714285715,7.05,9.89,1.1,72.0,3.0,2.6,138.0,CENTRO,9
1.24,20.0,1.6857142857142857,7.0,18.89,1.0,82.0,5.3,5.7,62.0,CENTRO,10
1.16,45.0,1.7,6.3,13.62,1.1,107.0,7.1,7.7,37.0,CENTRO,11
1.09,60.0,1.7,5.75,10.06,1.1,106.0,7.6,7.7,44.0,CENTRO,12
1.05,79.0,1.9,4.8,18.19,1.0857142857142859,92.0,7.1,8.2,49.0,CENTRO,13
0.98,75.0,1.9,3.9,24.3,1.0714285714285714,96.0,4.4,9.2,77.0,CENTRO,14
0.94,56.0,1.7,3.3,10.0,1.0571428571428572,76.0,3.2,12.6,75.0,CENTRO,15
0.92,53.0,1.8,3.1,4.42,1.042857142857143,63.0,2.9,12.8,83.0,CENTRO,16
0.89,51.0,1.7,2.9,11.1,1.0285714285714287,60.0,2.7,12.3,123.0,CENTRO,17
0.91,44.0,1.8,3.2,11.65,1.0142857142857142,54.0,2.6,12.8,98.0,CENTRO,18
0.89,40.0,1.7,3.5,9.31,1.0,55.0,2.5,13.8,85.0,CENTRO,19
0.9,38.0,1.7,3.6,21.41,1.1,51.0,2.4,11.8,98.0,CENTRO,20
0.89,39.0,1.6500000000000001,3.3,16.94,1.1,49.0,2.5,11.6,108.0,CENTRO,21
0.93,36.0,1.6,3.1,9.79,1.7800000000000002,51.0,2.3,14.1,93.0,CENTRO,22
0.93,34.0,1.7,2.8,13.27,2.4600000000000004,59.0,2.4,13.4,90.0,CENTRO,23
0.92,35.0,1.6888888888888889,2.7,15.14,3.14,43.0,2.2,10.5,78.0,CENTRO,0
0.92,32.0,1.6777777777777778,2.8,15.56,3.8200000000000003,59.0,2.2,7.2,73.0,CENTRO,1
0.92,31.0,1.6666666666666667,2.7,6.97,4.5,48.0,2.1,7.2,71.0,CENTRO,2
0.93,27.0,1.6555555555555557,3.1,15.22,4.9,55.0,2.2,5.1,58.0,CENTRO,3
0.97,17.0,1.6444444444444444,3.0,11.86,4.9,53.0,2.8,4.3,61.0,CENTRO,4
0.95,22.0,1.6333333333333333,3.25,7.3,5.1,55.0,2.9,3.9,55.0,CENTRO,5
0.96,25.0,1.6222222222222222,4.55,18.55,6.8,52.0,2.5,5.1,103.0,CENTRO,6
1.06,19.0,1.6111111111111112,5.95,11.65,9.2,57.0,2.2,5.6,97.0,CENTRO,7
1.15,13.0,1.6,8.021621621621621,14.31,8.580000000000002,53.0,2.4,3.1,95.0,CENTRO,8
1.25,15.0,1.6,8.041216216216217,10.95,9.260000000000002,75.0,2.7,3.0,98.0,CENTRO,9
1.31,22.0,1.6,8.06081081081081,25.673333333333332,9.940000000000001,58.0,3.6,3.8,63.0,CENTRO,10
1.38,37.0,2.4000000000000004,8.080405405405406,40.39666666666667,10.620000000000001,77.0,6.6,5.8,62.0,CENTRO,11
1.47,76.0,3.2,8.1,55.12,11.3,96.0,7.6,5.3,64.0,CENTRO,12
1.44,104.0,3.8,14.5,55.28,18.3,92.0,8.1,6.6,98.0,CENTRO,13
1.35,122.0,3.3,10.2,50.03,13.4,91.0,5.5,7.5,96.0,CENTRO,14
1.25,105.0,3.2,7.8,42.34,11.0,83.0,3.7,9.9,78.0,CENTRO,15
1.19,96.0,3.1,6.8,38.23,9.9,67.0,3.5,10.0,68.0,CENTRO,16
1.13,80.0,3.0,7.2,37.28,10.2,63.0,4.8,12.0,66.0,CENTRO,17
1.1,71.0,2.7,6.7,37.53,9.5,68.0,6.8,10.0,90.0,CENTRO,18
1.07,68.0,2.5,7.1,37.31,9.5,58.0,14.8,9.8,94.0,CENTRO,19
1.09,41.0,2.3,7.5,35.84,9.8,62.0,5.4,9.8,88.0,CENTRO,20
1.07,41.0,2.1,5.3,35.34,7.5,55.0,3.2,8.1,98.0,CENTRO,21
1.06,44.0,2.1,3.9,34.16,6.0,52.0,2.9,8.3,103.0,CENTRO,22
1.01,45.0,2.0,2.7,33.54,4.8,44.0,3.3,8.1,138.0,CENTRO,23
1.0,46.0,2.0,2.5,32.57,4.5,41.0,2.9,5.5,114.0,CENTRO,0
1.06,39.0,2.0166666666666666,3.9,35.54,5.9,37.0,3.1,4.2,67.0,CENTRO,1
1.14,23.0,2.033333333333333,10.2,41.96,12.2,48.0,3.8,3.9,351.0,CENTRO,2
1.13,21.0,2.0500000000000003,8.4,41.01,10.3,62.0,3.3,1.0,265.0,CENTRO,3
1.24,18.0,2.066666666666667,10.1,44.33,12.0,54.0,3.5,2.3,252.0,CENTRO,4
1.21,22.0,2.0833333333333335,9.9,43.7,11.8,78.0,4.1,4.6,300.0,CENTRO,5
1.5,33.0,2.1,8.7,38.26,10.8,59.0,5.8,5.9,103.0,CENTRO,6
1.2,43.0,2.2,6.6,15.73,8.8,60.0,4.8,8.6,48.0,CENTRO,7
1.16,42.0,3.7,9.7,20.99,13.3,29.0,3.3,7.3,183.0,CENTRO,8
1.19,35.0,4.1,9.2,20.69,13.2,52.0,2.6,5.8,216.0,CENTRO,9
1.33,47.0,5.0,11.3,23.51,16.3,40.0,2.9,7.2,211.0,CENTRO,10
1.01,53.0,2.6,5.5,18.76,8.1,45.0,2.9,5.1,229.0,CENTRO,11
0.98,77.0,2.2,5.2,16.02,7.4,33.0,3.1,4.7,335.0,CENTRO,12
0.89,79.0,2.1,4.5,13.22,6.6,29.0,2.8,5.9,12.0,CENTRO,13
0.87,79.0,2.3,5.8,13.23,8.1,29.0,3.4,5.7,34.0,CENTRO,14
0.88,87.0,2.1,6.3,13.39,8.4,29.0,3.4,7.6,141.0,CENTRO,15
0.88,91.0,2.1,6.1,13.4,8.2,33.5,2.8,7.5,99.0,CENTRO,16
0.88,92.0,2.05,6.0,13.98,8.1,38.0,2.6,6.2,128.0,CENTRO,17
0.89,91.0,2.0,6.7,14.25,8.6,33.0,2.6,8.2,79.0,CENTRO,18
0.83,70.0,1.9,6.6,9.35,8.5,37.0,7.6,13.6,95.0,CENTRO,19
0.81,64.0,1.8,5.9,7.04,7.7,33.0,5.7,10.2,120.0,CENTRO,20
0.81,64.0,1.8,5.2,7.08,6.9,21.0,2.5,9.1,130.0,CENTRO,21
0.82,61.0,1.7,5.6,7.88,7.3,22.0,2.4,6.0,125.0,CENTRO,22
0.79,64.0,1.7,4.1,7.04,5.8,18.0,2.4,6.4,127.0,CENTRO,23
0.82,60.0,1.675,4.9,8.45,6.7,18.0,2.6,6.3,96.0,CENTRO,0
0.87,54.0,1.6500000000000001,4.4,16.49,6.2,22.0,2.6,5.0,137.0,CENTRO,1
0.9,54.0,1.625,3.9,20.26,5.6,39.0,2.7,5.7,84.0,CENTRO,2
0.94,48.0,1.6,4.3,24.18,6.0,39.0,2.5,3.0,39.0,CENTRO,3
1.02,41.0,1.7,4.2,32.92,6.0,37.0,2.5,3.1,50.0,CENTRO,4
1.06,27.0,1.7,8.2,38.14,9.9,45.0,2.7,2.0,246.0,CENTRO,5
1.05,22.0,2.6,11.5,27.02,14.1,57.0,4.0,2.1,242.0,CENTRO,6
1.08,19.0,5.1,17.9,20.18,23.0,57.0,4.7,3.2,237.0,CENTRO,7
1.29,21.0,8.0,17.4,32.71,25.3,51.0,3.9,1.9,35.0,CENTRO,8
1.42,28.0,8.4,17.8,36.69,26.2,70.0,3.9,3.3,252.0,CENTRO,9
1.34,51.0,6.2,16.4,36.35,22.6,78.0,4.0,3.6,38.0,CENTRO,10
1.27,79.0,4.5,15.5,33.96,19.9,76.0,4.2,3.8,6.0,CENTRO,11
1.5,102.0,4.0,20.7,34.11,24.7,78.0,6.6,5.0,68.0,CENTRO,12
1.5,121.0,2.9,17.0,35.21,19.8,83.0,7.2,6.9,96.0,CENTRO,13
1.16,139.0,2.1,10.0,27.65,12.0,85.0,4.0,7.0,59.0,CENTRO,14
0.94,96.0,2.0,6.1,15.11,8.0,55.0,3.0,7.5,84.0,CENTRO,15
0.92,98.0,2.0,5.8,15.47,7.7,39.0,3.1,9.0,89.0,CENTRO,16
0.98,113.0,1.9,7.2,24.15,9.0,37.0,6.7,9.1,99.0,CENTRO,17
0.9,88.0,1.8,5.6,14.75,7.4,47.0,3.4,8.7,146.0,CENTRO,18
0.85,71.0,1.7,4.5,12.21,6.2,31.0,2.9,9.4,160.0,CENTRO,19
0.87,64.0,1.6,5.4,13.94,7.0,27.0,2.5,8.1,140.0,CENTRO,20
0.95,54.0,1.6,8.1,14.51,9.8,26.0,2.4,5.6,93.0,CENTRO,21
0.93,52.0,1.7,6.9,14.52,8.6,30.0,2.4,3.3,108.0,CENTRO,22
1.0,40.0,1.6,9.4,15.66,11.0,28.0,2.5,2.4,303.0,CENTRO,23
1.22,22.0,1.8,20.1,25.14,21.9,29.0,3.4,5.5,345.0,CENTRO,0
1.39,24.0,1.7,13.7,28.83,15.5,62.0,3.2,2.0,325.0,CENTRO,1
1.2,19.0,1.7,14.9,31.14,16.6,53.0,3.0,1.1,322.0,CENTRO,2
1.18,13.0,1.8,16.8,31.02,18.6,53.0,3.0,0.9,285.0,CENTRO,3
1.23,14.0,1.7,15.5,32.2,17.2,51.0,2.9,1.1,254.0,CENTRO,4
1.16,18.0,1.7,12.5,27.97,14.2,51.0,2.9,2.6,310.0,CENTRO,5
1.17,17.0,1.8,11.6,34.81,13.4,46.0,2.7,1.1,256.0,CENTRO,6
1.3,9.0,5.4,18.3,31.36,23.7,50.0,2.9,1.4,226.0,CENTRO,7
1.34,20.0,7.8,16.2,35.53,24.0,58.0,4.3,5.3,148.0,CENTRO,8
1.29,27.0,7.4,14.7,33.51,22.0,65.0,6.6,7.4,107.0,CENTRO,9
1.04,44.0,3.6,8.5,21.88,12.1,100.0,3.4,9.5,57.0,CENTRO,10
0.97,54.0,2.5,5.4,18.21,7.9,116.0,3.1,10.6,40.0,CENTRO,11
1.0,55.0,2.3,4.9,21.28,7.2,70.0,3.1,9.8,40.0,CENTRO,12
1.05,59.0,2.2,4.4,27.86,6.6,59.0,3.2,8.7,79.0,CENTRO,13
1.21,63.0,2.1,4.8,42.45,6.9,56.0,3.3,9.5,83.0,CENTRO,14
1.18,61.0,2.3,5.8,35.07,8.1,61.0,3.1,11.1,45.0,CENTRO,15
1.17,59.0,2.1,4.8,37.12,6.9,63.0,3.1,13.1,77.0,CENTRO,16
1.21,52.0,2.0,4.1,42.56,6.0,66.0,3.6500000000000004,15.1,92.0,CENTRO,17
1.2,48.0,1.8,3.5,45.09,5.4,66.0,4.2,12.6,129.0,CENTRO,18
1.16,49.0,1.7,2.8,45.79,4.5,65.0,2.9,11.2,148.0,CENTRO,19
1.19,47.0,1.6,3.5,46.65,5.1,66.0,2.7,8.0,136.0,CENTRO,20
1.21,46.0,1.6,3.4,47.62,5.1,62.0,2.6,7.3,120.0,CENTRO,21
1.18,48.0,1.7,3.0,44.35,4.7,57.0,2.9,7.5,110.0,CENTRO,22
1.14,41.0,1.7,2.9,34.03,4.5,64.0,2.9,12.1,74.0,CENTRO,23
1.11,38.0,1.6,3.7,25.56,5.3,50.0,2.7,12.1,71.0,CENTRO,0
1.08,40.0,1.6,2.5,16.28,4.2,33.0,2.5,10.8,90.0,CENTRO,1
1.09,38.0,1.6166666666666667,1.9,18.55,3.6,20.0,2.3,9.9,84.0,CENTRO,2
1.08,40.0,1.6333333333333333,1.9,20.31,3.5,22.0,2.5,8.4,89.0,CENTRO,3
1.06,40.0,1.6500000000000001,1.8,13.71,3.4,22.0,3.0,7.8,78.0,CENTRO,4
1.13,48.0,1.6666666666666667,4.1,11.68,5.7,18.0,2.6,10.1,53.0,CENTRO,5
0.98,52.0,1.6833333333333333,3.9,9.96,5.6,23.0,2.3,10.2,59.0,CENTRO,6
1.01,51.0,1.7,4.3,9.25,6.0,17.0,2.2,8.0,12.0,CENTRO,7
1.04,46.0,1.7,7.3,8.89,9.0,12.0,2.2,5.3,26.0,CENTRO,8
0.99,54.0,1.8,4.9,5.89,6.7,11.0,2.166666666666667,9.3,70.0,CENTRO,9
1.02,57.0,2.0,4.3,4.18,6.3,12.0,2.1333333333333333,9.7,78.0,CENTRO,10
1.04,56.0,2.0,5.2,5.55,7.1,7.0,2.1,7.8,65.0,CENTRO,11
1.05,52.0,2.2,6.0,8.3,8.1,12.0,2.1,6.8,55.0,CENTRO,12
1.07,47.0,3.4,9.8,11.9,13.1,12.0,2.4,5.4,53.0,CENTRO,13
1.09,55.0,3.0,6.9,13.85,9.9,23.0,2.9,8.4,54.0,CENTRO,14
1.08,58.0,2.3,4.9,11.73,7.1,27.0,2.4,11.9,66.0,CENTRO,15
1.07,55.0,2.0,4.8,14.54,6.8,38.0,2.4,11.4,58.0,CENTRO,16
1.04,51.0,1.9,4.5,11.59,6.4,24.0,2.2,9.6,61.0,CENTRO,17
1.05,48.0,2.0,3.9,11.23,5.8,22.0,2.1,8.3,81.0,CENTRO,18
1.06,46.0,1.7,3.7,11.81,5.4,20.0,2.2,8.7,95.0,CENTRO,19
1.04,46.0,1.6,2.9,10.94,4.6,16.0,2.1,9.1,122.0,CENTRO,20
1.02,47.0,1.6,2.6,10.48,4.3,19.0,2.1,8.7,135.0,CENTRO,21
1.01,46.0,1.86,2.3,11.08,4.0,22.0,2.0,8.7,137.0,CENTRO,22
1.02,41.0,2.12,2.5,11.34,4.1,22.0,2.1,6.3,110.0,CENTRO,23
1.01,54.0,2.3800000000000003,2.1,11.74,3.8,24.0,2.1,6.1,113.0,CENTRO,0
0.99,48.0,2.64,1.7,12.05,3.3,22.0,2.066666666666667,8.2,86.0,CENTRO,1
0.98,47.0,1.69375,2.1,11.19,3.7,22.0,2.033333333333333,6.0,82.0,CENTRO,2
0.98,41.0,3.16,2.1,11.22,3.7,29.0,2.0,5.9,66.0,CENTRO,3
1.0,37.0,3.4200000000000004,5.7,11.94,7.3,25.0,2.7,5.1,55.0,CENTRO,4
0.99,40.0,3.68,4.0,11.3,5.6,26.0,2.3,3.0,66.0,CENTRO,5
1.07,32.0,3.9400000000000004,7.3,12.38,8.9,22.0,2.2,4.2,99.0,CENTRO,6
1.18,24.0,4.2,12.6,13.34,16.8,30.0,2.2,4.2,14.0,CENTRO,7
1.19,25.0,4.6,12.9,14.03,17.4,36.0,2.5,5.7,26.0,CENTRO,8
1.24,30.0,3.0,9.5,12.18,12.5,42.0,2.3,5.9,64.0,CENTRO,9
1.19,32.0,3.5,8.4,12.18,11.9,35.0,2.2,7.2,64.0,CENTRO,10
1.17,35.0,3.2,7.3,11.89,10.4,34.0,2.3,6.7,72.0,CENTRO,11
1.16,40.0,3.1,6.8,12.41,9.9,29.0,2.3,7.4,79.0,CENTRO,12
1.12,44.0,2.7,5.0,12.13,7.6,37.0,2.2,6.8,77.0,CENTRO,13
1.1,52.0,2.5,4.6,13.09,7.1,27.0,2.1,8.5,60.0,CENTRO,14
1.1,51.0,2.6,4.8,12.98,7.4,26.0,2.3,9.8,59.0,CENTRO,15
1.05,52.0,2.0,3.1,11.74,5.0,24.0,2.3,9.5,115.0,CENTRO,16
1.05,47.0,2.1,3.2,11.73,5.3,25.0,2.2,13.4,137.0,CENTRO,17
1.03,47.0,2.1,3.3,11.35,5.4,20.0,2.2,13.0,139.0,CENTRO,18
1.04,45.0,1.7,3.5,11.59,5.3,17.0,2.1,12.0,117.0,CENTRO,19
1.04,44.0,1.6,3.9,12.45,5.6,22.0,2.2,11.1,107.0,CENTRO,20
1.0,51.0,1.6,2.4,13.34,4.1,28.0,2.2,13.1,136.0,CENTRO,21
0.99,51.0,1.6333333333333333,2.3,13.89,3.9,26.0,2.25,9.0,132.0,CENTRO,22
1.05,43.0,1.6666666666666667,5.9,15.68,7.5,23.0,2.3,6.6,41.0,CENTRO,23
1.12,27.0,1.7,11.7,22.38,13.4,26.0,3.4,10.6,22.0,CENTRO,0
1.09,37.0,1.6,5.3,20.71,6.9,65.0,2.6,6.6,54.0,CENTRO,1
1.05,40.0,1.5,5.2,19.73,6.8,49.0,2.8,5.3,91.0,CENTRO,2
1.03,39.0,1.6,2.9,20.12,4.5,23.0,2.7,2.8,250.0,CENTRO,3
1.03,45.0,1.6,2.8,21.93,4.4,32.0,3.0,4.7,136.0,CENTRO,4
1.05,29.0,1.65,3.4,23.91,5.1,29.0,3.0,5.1,156.0,CENTRO,5
1.08,39.0,1.7,5.2,23.4,7.0,33.0,2.9499999999999997,2.4,77.0,CENTRO,6
1.15,21.0,3.3,9.3,22.01,12.6,37.0,2.9,3.1,44.0,CENTRO,7
1.45,29.0,5.3,13.0,24.39,18.2,43.0,2.7,3.5,13.0,CENTRO,8
1.55,34.0,6.7,12.0,26.65,18.7,50.0,3.7,3.2,32.0,CENTRO,9
1.57,53.0,6.5,14.1,29.6,20.6,48.0,4.4,3.9,51.0,CENTRO,10
1.87,61.0,5.5,18.6,36.17,24.1,55.0,5.1,4.8,43.0,CENTRO,11
1.62,82.0,3.7,16.1,35.14,19.8,78.0,6.1,7.2,86.0,CENTRO,12
1.33,112.0,2.3,11.7,33.34,14.0,77.0,5.5,7.7,69.0,CENTRO,13
1.29,117.0,2.0,8.8,28.47,10.8,64.0,3.8,8.1,75.0,CENTRO,14
1.17,88.0,2.0,5.9,25.04,7.9,57.0,5.7,11.4,85.0,CENTRO,15
1.13,72.0,1.9,5.0,21.2,6.9,53.0,3.9,10.6,128.0,CENTRO,16
1.14,57.0,1.8,5.2,21.45,6.9,36.0,3.0,9.8,119.0,CENTRO,17
1.04,57.0,1.9,4.7,14.63,6.6,32.0,2.6,13.6,146.0,CENTRO,18
1.02,60.0,1.8,7.2,8.75,9.0,34.0,2.3,8.4,225.0,CENTRO,19
1.18,49.0,1.8,10.9,12.76,12.7,30.0,2.7,4.5,342.0,CENTRO,20
1.29,52.0,1.6,9.6,9.81,11.3,37.0,3.4,3.2,222.0,CENTRO,21
1.18,38.0,1.7,12.8,11.65,14.5,25.0,2.8,2.0,129.0,CENTRO,22
1.25,39.0,1.6,13.8,11.66,15.4,30.0,2.6,4.8,62.0,CENTRO,23
1.18,42.0,1.6,14.1,9.05,15.7,29.0,3.6,4.2,167.0,CENTRO,0
0.99,53.0,1.5,5.9,7.04,7.5,37.0,2.5,4.8,149.0,CENTRO,1
0.94,57.0,1.5,3.7,5.98,5.3,13.0,2.8,7.4,130.0,CENTRO,2
0.98,45.0,1.5333333333333334,6.2,6.6,7.8,12.0,2.7,2.9,238.0,CENTRO,3
1.03,40.0,1.5666666666666667,9.2,9.72,10.8,14.0,3.2,5.8,231.0,CENTRO,4
1.05,37.0,1.6,9.7,8.72,11.3,31.0,2.9,2.4,289.0,CENTRO,5
1.16,25.0,2.4,13.4,10.1,15.8,15.0,2.6,1.6,269.0,CENTRO,6
1.35,14.0,8.0,21.8,13.49,29.7,31.0,2.7,1.6,293.0,CENTRO,7
1.41,20.0,11.5,22.5,14.37,33.9,46.0,3.1,0.9,31.0,CENTRO,8
1.42,32.0,10.8,21.7,13.39,32.5,48.0,3.3,2.8,34.0,CENTRO,9
1.34,57.0,7.2,19.6,12.97,26.8,45.0,3.6,3.2,47.0,CENTRO,10
1.21,69.0,4.1,14.5,11.86,18.6,46.0,3.3,3.9,39.0,CENTRO,11
1.09,70.0,2.7,9.0,15.42,11.7,48.0,2.9,15.3,32.0,CENTRO,12
1.02,59.0,2.3,5.3,10.78,7.6,130.0,2.6,16.4,23.0,CENTRO,13
1.02,69.0,2.2,4.8,10.02,7.0,42.0,2.5,14.7,32.0,CENTRO,14
1.04,66.0,2.2,4.3,12.87,6.4,30.0,2.5,14.8,22.0,CENTRO,15
1.05,66.0,2.0,4.0,15.12,6.1,28.0,2.4,14.3,20.0,CENTRO,16
1.07,56.0,1.8,4.5,16.13,6.3,27.0,2.4,14.5,135.0,CENTRO,17
1.12,49.0,1.9,6.8,13.28,8.6,40.0,2.3,7.5,149.0,CENTRO,18
1.06,55.0,1.6,4.6,13.41,6.3,22.0,2.3,11.3,145.0,CENTRO,19
1.04,57.0,1.6,3.7,12.98,5.4,31.0,2.4,10.2,140.0,CENTRO,20
1.05,57.0,1.575,3.0,14.66,4.6,27.0,3.0,11.1,144.0,CENTRO,21
1.04,59.0,1.55,2.5,12.27,4.1,30.0,2.4,10.4,144.0,CENTRO,22
1.02,59.0,1.525,2.3,11.42,3.9,25.0,2.2,7.4,128.0,CENTRO,23
1.04,59.0,1.5,1.8,11.49,3.4,26.0,2.2,6.8,109.0,CENTRO,0
1.05,55.0,1.5,1.9,12.03,3.5,21.0,2.1,6.1,96.0,CENTRO,1
1.05,52.0,1.5250000000000001,2.2,12.34,3.8,26.0,2.1,5.2,89.0,CENTRO,2
1.05,49.0,1.55,3.3,12.24,4.9,27.0,2.3,5.1,85.0,CENTRO,3
1.05,49.0,1.5750000000000002,1.5,12.27,3.2,21.0,2.2,6.6,117.0,CENTRO,4
1.04,47.0,1.6,1.8,12.87,3.3,19.0,2.1,6.1,116.0,CENTRO,5
1.03,50.0,1.6,2.5,11.51,4.1,25.0,2.1,5.6,107.0,CENTRO,6
1.09,43.0,1.8,5.4,13.02,7.3,26.0,2.1500000000000004,7.4,83.0,CENTRO,7
1.16,39.0,2.0,7.6,10.91,9.6,30.0,2.2,8.7,79.0,CENTRO,8
1.2,39.0,2.9,10.3,8.03,13.2,23.0,2.9,2.3,318.0,CENTRO,9
1.19,38.0,3.1,10.9,8.09,14.0,16.0,3.6,2.9,195.0,CENTRO,10
1.08,53.0,2.1,4.2,8.11,6.3,23.0,2.5,5.6,146.0,CENTRO,11
1.09,55.0,2.1,3.8,8.82,5.9,19.0,2.3,7.2,104.0,CENTRO,12
1.1,55.0,2.15,3.4,9.75,5.5,25.0,2.3,8.2,117.0,CENTRO,13
1.09,53.0,2.1999999999999997,3.1,10.0,5.2,26.0,2.2,12.0,140.0,CENTRO,14
1.08,55.0,2.25,3.3,10.41,5.3,21.0,2.2,13.1,139.0,CENTRO,15
1.09,56.0,2.3,3.6,10.32,5.8,21.0,2.1,12.4,154.0,CENTRO,16
1.05,56.0,1.9,3.0,9.45,4.9,27.0,2.1,13.1,150.0,CENTRO,17
1.07,55.0,2.0,3.9,9.93,5.8,17.0,2.2,12.4,149.0,CENTRO,18
1.08,49.0,1.8,3.9,9.98,5.7,21.0,2.1,11.6,152.0,CENTRO,19
1.08,48.0,1.6,3.7,9.82,5.3,23.0,2.1,10.6,155.0,CENTRO,20
1.05,50.0,1.6,2.7,9.61,4.3,17.0,2.1333333333333333,10.1,152.0,CENTRO,21
1.03,54.0,1.5,2.3,9.08,3.8,15.0,2.166666666666667,9.4,144.0,CENTRO,22
1.04,52.0,1.6,3.1,9.34,4.7,16.0,2.2,7.8,94.0,CENTRO,23
1.02,48.5,1.55,3.6999999999999997,8.53,5.300000000000001,20.0,2.2,5.8,215.5,CENTRO,0
1.0,45.0,1.5,4.3,7.72,5.9,24.0,2.2,3.8,337.0,CENTRO,1
1.04,37.0,1.5,10.1,8.66,11.7,25.0,2.8,5.6,334.0,CENTRO,2
1.01,39.0,1.5,8.1,8.14,9.7,28.0,2.5,4.8,6.0,CENTRO,3
1.0,28.0,1.6,16.0,8.84,17.6,24.0,4.2,2.7,66.0,CENTRO,4
1.03,38.0,1.6,8.0,11.74,9.6,32.0,2.9,2.2,5.0,CENTRO,5
1.1,33.0,2.1,10.0,11.05,11.6,34.0,2.7,2.2,16.0,CENTRO,6
1.09,30.0,2.6,11.6,12.64,14.2,29.0,2.6,2.4,9.0,CENTRO,7
1.13,34.0,4.2,12.8,10.87,17.0,34.0,3.1,2.8,354.0,CENTRO,8
1.21,42.0,4.6,11.4,13.02,15.9,34.0,3.0,3.7,40.0,CENTRO,9
1.31,59.0,3.5,10.6,13.53,14.1,34.0,3.4,3.9,58.0,CENTRO,10
1.77,62.0,5.2,17.3,16.83,22.5,40.0,7.6,5.2,57.0,CENTRO,11
1.33,71.0,4.9,17.4,14.43,22.3,53.0,7.4,6.4,81.0,CENTRO,12
1.26,107.0,2.1,9.6,13.89,11.7,50.0,4.0,7.7,78.0,CENTRO,13
1.28,107.0,2.0,7.7,14.1,9.7,47.0,4.3,9.5,57.0,CENTRO,14
1.25,87.0,1.9,5.2,15.45,7.1,47.0,3.3,9.6,78.0,CENTRO,15
1.17,73.0,1.8,3.7,16.68,5.6,32.0,2.7,9.1,117.0,CENTRO,16
1.1,67.0,1.8,3.2,9.14,5.1,30.0,2.5,10.9,137.0,CENTRO,17
1.09,66.0,1.7,3.4,9.81,5.1,16.0,2.3,11.2,140.0,CENTRO,18
1.08,63.0,1.6,3.5,9.73,5.266666666666667,17.0,2.4,11.4,145.0,CENTRO,19
1.09,60.0,1.5,3.6,9.95,5.433333333333333,20.0,2.5,9.1,120.0,CENTRO,20
1.08,57.0,1.5,4.0,10.51,5.6,19.0,2.4,6.8,149.0,CENTRO,21
1.1,54.0,1.6,4.1,11.14,5.7,19.0,2.4,7.4,118.0,CENTRO,22
1.11,53.0,1.5,3.0,10.55,4.6,27.0,2.3499999999999996,6.9,97.0,CENTRO,23
1.09,53.0,1.5,2.8,9.31,4.3,31.0,2.3,7.6,75.0,CENTRO,0
1.1,47.0,1.5,6.4,8.93,8.0,25.0,3.4,7.6,30.0,CENTRO,1
1.09,38.0,1.5,6.1,9.09,7.7,30.0,3.0,5.9,43.0,CENTRO,2
1.16,36.0,1.6,10.9,10.55,12.5,19.0,5.6,4.2,67.0,CENTRO,3
1.14,30.0,1.6,10.9,11.12,12.5,29.0,6.4,4.0,52.0,CENTRO,4
1.15,31.0,1.5,9.6,11.6,11.1,25.0,4.2,2.5,79.0,CENTRO,5
1.2,22.0,1.6,8.6,11.61,10.2,28.0,3.0,1.7,282.0,CENTRO,6
1.4,18.0,2.8,11.9,12.03,14.7,24.0,2.8,3.3,23.0,CENTRO,7
1.55,26.0,5.2,12.5,13.22,17.7,31.0,2.9,4.1,8.0,CENTRO,8
1.31,27.0,4.6,9.2,16.42,13.7,40.0,3.0,4.7,359.0,CENTRO,9
1.42,46.0,4.7,11.7,20.35,16.4,45.0,3.3,4.1,30.0,CENTRO,10
1.7,52.0,6.1,17.7,28.43,23.9,49.0,4.1,7.1,45.0,CENTRO,11
1.38,64.0,5.3,17.1,26.92,22.3,73.0,6.6,8.3,67.0,CENTRO,12
1.27,83.0,2.6,9.1,24.49,11.7,61.0,5.1,9.1,82.0,CENTRO,13
1.25,88.0,2.1,7.1,20.74,9.2,54.0,3.8,8.4,71.0,CENTRO,14
1.22,93.0,2.0,6.7,20.02,8.6,45.0,4.8,9.1,56.0,CENTRO,15
1.23,96.0,1.8,5.3,20.01,7.1,38.0,3.4,10.5,67.0,CENTRO,16
1.16,86.0,1.7,3.9,17.46,5.6,34.0,3.1,10.6,115.0,CENTRO,17
1.11,75.0,1.6,3.1,13.68,4.7,23.0,2.6,10.7,147.0,CENTRO,18
1.07,68.0,1.5,2.9,11.61,4.4,24.0,2.4,9.9,154.0,CENTRO,19
1.09,59.0,1.5,3.9,11.45,5.4,23.0,2.3,7.9,138.0,CENTRO,20
1.15,49.0,1.5,4.6,13.44,6.2,33.0,2.6,10.8,102.0,CENTRO,21
1.13,39.0,1.5,2.6,10.47,4.2,31.0,2.5,9.8,82.0,CENTRO,22
1.14,36.0,1.5,3.7,10.37,5.3,26.0,2.4,9.5,65.0,CENTRO,23
1.14,34.0,1.5,3.6,10.27,5.1,27.76,2.8,9.0,54.0,CENTRO,0
1.12,33.0,1.5,3.8,9.74,5.4,24.69,3.6,8.0,53.0,CENTRO,1
1.11,30.0,1.5,4.5,9.53,6.1,21.85,3.7,5.7,34.0,CENTRO,2
1.12,23.0,1.6,9.0,11.68,10.5,29.83,4.4,5.0,34.0,CENTRO,3
1.11,20.0,1.7,10.1,14.54,11.8,29.46,5.5,3.8,73.0,CENTRO,4
1.14,16.0,1.6,12.5,15.55,14.1,33.64,5.3,5.0,63.0,CENTRO,5
1.18,22.0,1.4,8.3,15.94,9.6,34.25,4.5,4.0,53.0,CENTRO,6
1.22,21.0,1.6,8.7,16.07,10.3,33.38,3.5,2.6,85.0,CENTRO,7
1.26,27.0,2.3,6.1,20.8,8.3,39.15,3.4,3.0,61.0,CENTRO,8
1.26,35.0,2.7,5.6,22.58,8.2,37.59,3.6,3.6,28.0,CENTRO,9
1.33,41.0,4.3,9.3,23.93,13.7,43.86,5.3,5.0,96.0,CENTRO,10
1.4,46.0,6.2,15.1,27.12,21.3,52.22,12.2,7.0,93.0,CENTRO,11
1.31,73.0,3.3,12.2,24.7,15.4,45.75,10.3,7.4,70.0,CENTRO,12
1.22,93.0,1.9,7.2,21.94,9.1,43.56,6.9,8.3,89.0,CENTRO,13
1.19,89.0,1.5,4.6,19.3,6.1,35.48,5.1,9.0,85.0,CENTRO,14
1.14,80.0,1.5,3.9,19.79,5.4,37.19,10.2,11.8,74.0,CENTRO,15
1.09,68.0,1.5,2.8,15.85,4.3,30.66,4.4,12.0,121.0,CENTRO,16
1.07,63.0,1.5,2.3,12.15,3.8,23.66,2.9,11.9,127.0,CENTRO,17
1.06,69.0,1.5,2.4,11.6,3.9,22.22,2.5,12.1,127.0,CENTRO,18
1.07,62.0,1.5,2.8,11.57,4.3,23.41,2.5,10.8,149.0,CENTRO,19
1.09,39.0,1.5,3.6,13.66,5.1,22.31,2.5500000000000003,8.4,141.0,CENTRO,20
1.11,66.0,1.542857142857143,4.1,14.5,5.5,25.12,2.6,7.1,123.0,CENTRO,21
1.12,41.0,1.5857142857142856,3.8,14.03,5.3,26.56,2.6,7.3,100.0,CENTRO,22
1.11,45.0,1.6285714285714286,2.5,12.47,3.9,26.11,2.7,7.2,90.0,CENTRO,23
1.13,46.0,1.6714285714285715,2.9,13.19,4.4,27.39,2.5,7.3,63.0,CENTRO,0
1.15,43.0,1.7142857142857144,4.1,14.06,5.6,28.53,2.5,7.5,49.0,CENTRO,1
1.14,29.0,1.7571428571428571,7.6,15.42,9.1,30.64,3.6,5.3,38.0,CENTRO,2
1.15,9.0,1.8,13.3,17.23,15.0,34.78,6.8,3.5,39.0,CENTRO,3
1.17,14.0,2.2,15.4,18.92,17.6,41.55,9.5,3.9,56.0,CENTRO,4
1.28,19.0,1.5,13.1,18.65,14.6,40.2,6.4,3.1,42.0,CENTRO,5
1.48,22.0,2.1,14.8,20.07,16.9,44.92,4.2,2.3,18.0,CENTRO,6
1.56,11.0,6.6,16.8,20.46,23.4,49.67,4.1,3.0,19.0,CENTRO,7
1.62,16.0,11.0,16.3,22.21,27.4,54.56,4.0,3.1,60.0,CENTRO,8
1.7,26.0,10.4,18.3,24.3,28.6,58.92,4.5,3.4,49.0,CENTRO,9
1.84,29.0,14.5,26.9,31.19,41.4,84.81,8.0,5.0,68.0,CENTRO,10
1.68,53.0,7.0,19.4,28.42,26.4,68.405,10.2,6.5,61.0,CENTRO,11
1.42,78.0,3.3,12.6,25.24,15.8,52.0,12.0,7.4,56.0,CENTRO,12
1.33,97.0,1.9,7.4,23.35,9.3,63.0,13.8,7.9,60.0,CENTRO,13
1.27,82.0,2.0,6.0,19.27,8.0,52.0,7.5,10.7,68.0,CENTRO,14
1.17,64.0,2.1,4.8,14.42,6.9,34.0,3.8,11.4,79.0,CENTRO,15
1.17,60.0,2.0,4.4,15.74,6.4,30.0,3.5,12.7,85.0,CENTRO,16
1.15,62.0,1.7,3.6,15.18,5.3,27.0,3.3,10.6,128.0,CENTRO,17
1.13,60.0,1.7,4.0,15.04,5.7,25.0,3.5,10.0,145.0,CENTRO,18
1.13,57.0,1.6,3.7,15.56,5.2,25.0,3.2,8.8,155.0,CENTRO,19
1.16,52.0,1.5,5.1,16.27,6.6,21.0,3.0,8.0,124.0,CENTRO,20
1.16,50.0,1.5,4.5,16.87,6.0,25.0,3.0,7.0,110.0,CENTRO,21
1.18,48.0,1.5375,4.0,19.93,5.6,25.0,3.3,7.3,99.0,CENTRO,22
1.22,40.0,1.575,2.7,26.6,4.2,37.0,3.8,8.6,71.0,CENTRO,23
1.25,35.0,1.6125,2.6,29.31,4.0,45.0,3.7,8.4,58.0,CENTRO,0
1.25,34.0,1.6500000000000001,2.9,29.79,4.4,34.0,3.7,5.8,50.0,CENTRO,1
1.48,26.0,1.6875,6.1,34.52,7.6,39.0,4.9,5.1,35.0,CENTRO,2
1.56,25.0,1.725,5.7,35.71,7.2,46.0,7.0,4.5,71.0,CENTRO,3
1.56,22.0,1.7625,6.6,35.44,8.1,41.0,6.6,1.4,16.0,CENTRO,4
1.55,14.0,1.8,10.4,34.75,12.2,54.0,6.1,1.7,16.0,CENTRO,5
1.4,15.0,2.0,12.0,33.71,14.0,57.0,4.8,3.3,16.0,CENTRO,6
1.51,12.0,5.6,12.6,34.06,18.2,37.0,4.3,1.9,10.0,CENTRO,7
1.65,19.0,8.1,13.0,34.6,21.1,45.0,4.4,1.9,11.0,CENTRO,8
1.7,27.0,9.1,15.2,35.91,24.4,66.0,4.8,2.9,49.0,CENTRO,9
1.64,45.0,6.4,16.0,41.7,22.4,69.0,4.7,3.5,41.0,CENTRO,10
2.1,80.0,4.6,21.8,46.44,26.4,71.0,6.1,6.0,52.0,CENTRO,11
1.74,114.0,2.4,14.5,45.33,16.9,89.0,8.2,10.4,79.0,CENTRO,12
1.42,107.0,1.9,7.4,32.7,9.2,91.0,6.2,8.4,109.0,CENTRO,13
1.26,88.0,1.8,4.8,26.16,6.6,58.0,4.7,11.0,83.0,CENTRO,14
1.23,66.0,2.0,4.3,23.41,6.3,39.0,7.4,15.8,81.0,CENTRO,15
1.27,50.0,2.5,4.5,20.72,7.0,52.0,5.0,14.5,48.0,CENTRO,16
1.27,45.0,2.1,5.3,19.8,7.5,31.0,5.5,11.6,51.0,CENTRO,17
1.24,43.0,1.9,6.8,19.49,8.7,35.0,4.7,10.5,47.0,CENTRO,18
1.31,41.0,1.8,6.4,19.92,8.2,43.0,4.6,8.2,360.0,CENTRO,19
1.17,48.0,1.6,2.9,19.66,4.5,42.0,3.1,9.8,247.0,CENTRO,20
1.21,45.0,1.8,3.6,17.39,5.4,64.0,2.9,5.7,190.0,CENTRO,21
1.17,46.0,1.5,2.5,11.75,4.0,43.0,2.6,9.9,147.0,CENTRO,22
1.16,41.0,1.5,2.6,9.32,4.1,13.0,2.6,3.6,229.0,CENTRO,23
1.17,37.0,1.5142857142857142,4.1,8.82,5.6,12.0,2.5,4.9,182.0,CENTRO,0
1.11,55.0,1.5285714285714287,2.9,6.39,4.5,10.0,2.5,6.2,49.0,CENTRO,1
1.14,52.0,1.542857142857143,3.7,7.175,5.3,7.0,2.4,6.6,43.0,CENTRO,2
1.14,46.0,1.5571428571428572,4.5,7.96,6.1,8.0,2.4,4.3,239.0,CENTRO,3
1.13,46.0,1.5714285714285714,4.2,7.93,5.7,12.0,2.5500000000000003,3.9,215.0,CENTRO,4
1.16,41.0,1.5857142857142859,7.0,9.92,8.5,16.0,2.7,5.4,111.0,CENTRO,5
1.18,39.0,1.6,8.6,9.94,10.2,29.0,2.5,3.4,325.0,CENTRO,6
1.25,38.0,2.7,10.9,9.62,13.6,28.0,2.7,5.1,67.0,CENTRO,7
1.25,46.0,3.0,8.2,10.15,11.2,29.0,3.2,7.2,67.0,CENTRO,8
1.33,50.0,3.8,10.7,10.03,14.5,46.0,3.9,8.6,32.0,CENTRO,9
1.25,60.0,2.7,6.5,8.11,9.2,34.0,3.0,7.9,43.0,CENTRO,10
1.27,66.0,2.6,6.5,9.64,9.1,22.0,3.4,6.7,58.0,CENTRO,11
1.22,76.0,2.4,6.2,11.05,8.6,23.0,4.6,7.9,55.0,CENTRO,12
1.19,83.0,2.0,4.8,11.52,6.8,24.0,4.1,9.3,75.0,CENTRO,13
1.18,87.0,1.9,4.3,11.49,6.1,15.0,3.4,10.8,75.0,CENTRO,14
1.19,84.0,1.8,3.7,12.25,5.5,26.0,3.2,13.3,90.0,CENTRO,15
1.19,75.0,1.9,3.9,18.27,5.7,25.0,4.8,14.4,98.0,CENTRO,16
1.2,65.0,1.9,3.9,18.2,5.8,24.0,4.8,13.2,86.0,CENTRO,17
1.18,67.0,1.8,3.5,16.41,5.3,26.0,4.0,17.2,117.0,CENTRO,18
1.19,51.0,1.6,3.3,8.6,5.0,35.0,2.8,14.7,144.0,CENTRO,19
1.18,41.0,1.5,2.7,7.28,4.3,13.0,2.6,14.4,124.0,CENTRO,20
1.17,37.0,1.5,3.0,6.64,4.5,8.0,2.5,6.4,107.0,CENTRO,21
1.24,31.0,1.5125,7.8,10.12,9.3,13.0,3.1,5.6,64.0,CENTRO,22
1.23,22.0,1.5250000000000001,12.1,11.52,13.6,17.0,7.0,3.4,65.0,CENTRO,23
1.21,37.0,1.5375,6.7,10.64,8.2,21.0,5.4,7.9,84.0,CENTRO,0
1.17,55.0,1.55,2.6,9.0,4.1,19.0,3.5,7.9,112.0,CENTRO,1
1.16,38.0,1.5625,1.6,8.04,3.1,11.0,2.8,6.4,87.0,CENTRO,2
1.19,36.0,1.5750000000000002,5.7,8.909999999999998,7.3,9.0,3.1,5.5,58.0,CENTRO,3
1.18,47.0,1.5875000000000001,5.6,9.78,7.2,22.0,3.7,6.1,33.0,CENTRO,4
1.24,32.0,1.6,10.0,14.51,11.6,20.0,4.8,6.1,31.0,CENTRO,5
1.31,19.0,2.0,15.0,15.97,16.9,20.0,5.2,3.8,25.0,CENTRO,6
1.42,16.0,6.3,16.2,15.59,22.5,30.0,4.7,2.4,17.0,CENTRO,7
1.41,24.0,7.2,13.8,15.67,20.9,34.0,5.3,2.9,18.0,CENTRO,8
1.42,28.0,7.2,15.1,19.05,22.3,35.0,5.7,3.1,13.0,CENTRO,9
1.39,42.0,4.8,9.5,15.64,14.3,37.0,5.3,5.1,95.0,CENTRO,10
1.29,55.0,2.7,5.5,13.16,8.2,39.0,3.9,8.3,61.0,CENTRO,11
1.24,54.0,2.3,3.8,12.17,6.1,22.0,3.4,10.6,72.0,CENTRO,12
1.18,53.0,2.0,2.6,11.36,4.6,23.0,3.0,12.3,139.0,CENTRO,13
1.19,55.0,2.0,2.3,11.22,4.3,15.0,3.0,10.2,142.0,CENTRO,14
1.18,58.0,1.9,2.7,10.92,4.6,15.0,2.8,11.1,148.0,CENTRO,15
1.19,60.0,1.9,2.9,10.22,4.8,11.0,2.8,12.6,136.0,CENTRO,16
1.19,59.0,1.85,2.7,10.49,4.5,8.0,2.85,14.6,135.0,CENTRO,17
1.19,57.0,1.8,2.9,10.76,4.7,9.0,2.9,13.7,147.0,CENTRO,18
1.18,56.0,1.6,2.5,11.03,4.2,13.0,2.9,14.9,149.0,CENTRO,19
1.17,53.0,1.5,2.5,11.3,4.1,22.0,2.8,12.1,138.0,CENTRO,20
1.19,49.0,1.5,3.0,11.76,4.6,19.0,2.7,10.6,113.0,CENTRO,21
1.19,49.0,1.5777777777777777,2.9,11.78,4.4,10.0,2.8,9.7,108.0,CENTRO,22
1.18,49.0,1.6555555555555557,2.0,11.8,3.5,11.0,2.7,9.8,115.0,CENTRO,23
1.18,47.0,1.7333333333333334,1.7,11.82,3.2,17.0,2.7,8.5,95.0,CENTRO,0
1.2,41.0,1.8111111111111111,3.0,12.38,4.5,14.0,2.9,7.0,67.0,CENTRO,1
1.22,35.0,1.888888888888889,4.6,13.270000000000001,6.1,11.0,3.3,4.7,62.0,CENTRO,2
1.22,35.0,1.9666666666666668,3.9,14.16,5.4,22.0,3.3,3.6,59.0,CENTRO,3
1.22,33.0,2.0444444444444447,4.6,15.203333333333333,6.2,11.0,3.4,4.2,70.0,CENTRO,4
1.24,32.0,2.1222222222222222,6.6,16.246666666666666,8.1,14.0,3.5,3.0,68.0,CENTRO,5
1.31,19.0,2.2,13.2,17.29,15.3,21.0,4.3,2.3,10.0,CENTRO,6
1.4,18.0,4.3,13.1,20.12,17.4,30.0,3.7,2.0,329.0,CENTRO,7
1.47,24.0,7.5,13.3,21.79,20.7,37.0,4.0,4.2,73.0,CENTRO,8
1.71,28.0,15.6,21.2,27.6,36.8,42.0,10.0,6.1,70.0,CENTRO,9
1.69,50.0,8.1,19.4,25.39,27.5,61.0,10.9,4.7,97.0,CENTRO,10
1.74,61.0,5.8,20.5,26.3,26.4,55.0,5.9,5.9,87.0,CENTRO,11
1.77,98.0,4.2,18.8,27.47,23.0,65.0,5.2,6.7,86.0,CENTRO,12
1.53,111.0,2.2,10.8,23.25,13.0,62.0,4.7,7.1,85.0,CENTRO,13
1.48,103.0,1.9,9.5,22.77,11.4,40.0,4.9,11.9,106.0,CENTRO,14
1.39,87.0,1.9,7.4,19.29,9.3,49.0,3.9,7.8,127.0,CENTRO,15
1.34,72.0,1.6,6.5,20.82,8.2,40.0,3.7,11.7,70.0,CENTRO,16
1.32,55.0,2.0,6.3,17.18,8.3,72.0,2.8,13.0,233.0,CENTRO,17
1.29,59.0,2.0,7.5,8.27,9.5,47.0,2.5,8.3,231.0,CENTRO,18
1.28,58.0,1.8,7.4,7.58,9.2,9.0,2.5,5.5,249.0,CENTRO,19
1.36,47.0,1.9,11.1,9.32,13.0,11.0,2.9,4.4,269.0,CENTRO,20
1.43,34.0,1.6,13.1,11.98,14.7,18.0,3.0,3.9,119.0,CENTRO,21
1.39,32.0,1.6,10.6,10.54,12.1,36.0,2.7,2.9,219.0,CENTRO,22
1.49,25.0,1.5666666666666667,13.7,14.27,15.3,23.0,2.9,2.5,266.0,CENTRO,23
1.33,31.0,1.5333333333333334,9.5,12.24,11.1,28.0,2.8,2.5,334.0,CENTRO,0
1.21,45.0,1.5,4.5,8.62,6.0,16.0,2.4,2.2,89.0,CENTRO,1
1.2,48.0,1.5,4.9,8.775,6.4,5.0,2.5,4.9,28.0,CENTRO,2
1.23,47.0,1.54,4.7,8.93,6.2,11.0,2.8,5.5,27.0,CENTRO,3
1.2,52.0,1.58,2.3,6.65,3.8,18.0,2.5,4.0,323.0,CENTRO,4
1.2,54.0,1.6199999999999999,2.4,6.81,3.9,6.0,2.3,3.6,354.0,CENTRO,5
1.22,53.0,1.66,3.2,6.97,4.8,10.0,2.3,7.9,16.0,CENTRO,6
1.42,46.0,1.7,7.7,8.21,9.4,11.0,2.6,3.3,89.0,CENTRO,7
1.44,26.0,2.2,14.0,11.99,16.2,18.0,3.2,1.8,149.0,CENTRO,8
1.41,46.0,3.7,10.8,11.24,14.5,23.0,3.1,1.2,205.0,CENTRO,9
1.45,44.0,4.7,11.4,11.48,16.1,14.0,3.1,4.3,91.0,CENTRO,10
1.37,50.0,3.6,7.5,11.77,11.1,25.0,2.9,8.8,36.0,CENTRO,11
1.34,55.0,2.4,6.0,12.73,8.4,29.0,2.9,10.2,67.0,CENTRO,12
1.3,55.0,2.4,6.3,12.71,8.7,30.0,3.0,9.6,63.0,CENTRO,13
1.34,47.0,1.9,6.9,16.38,8.8,30.0,3.3,11.8,100.0,CENTRO,14
1.28,44.0,1.9,4.7,7.56,6.5,25.0,2.7,9.3,138.0,CENTRO,15
1.26,48.0,1.8666666666666667,3.8,7.086666666666666,5.7,3.0,2.6,8.9,120.0,CENTRO,16
1.24,50.0,1.8333333333333333,3.3,6.613333333333333,5.1,4.0,2.5,9.3,141.0,CENTRO,17
1.25,48.0,1.8,3.6,6.14,5.4,7.0,2.5,9.5,127.0,CENTRO,18
1.26,45.0,1.7,4.1,7.885,5.8,6.0,2.4499999999999997,11.9,128.0,CENTRO,19
1.25,47.0,1.5,3.4,9.63,4.9,12.0,2.4,11.5,128.0,CENTRO,20
1.25,47.0,1.5,3.2,9.85,4.8,12.0,2.4,9.5,124.0,CENTRO,21
1.25,51.0,1.53,3.4,9.39,4.9,15.0,2.3499999999999996,6.8,109.0,CENTRO,22
1.23,51.0,1.56,2.7,8.66,4.3,20.0,2.3,5.4,112.0,CENTRO,23
1.22,50.0,1.59,2.4,7.66,4.0,10.0,2.4,4.0,92.0,CENTRO,0
1.19,53.0,1.62,1.9,7.1,3.4,8.0,2.3,5.8,102.0,CENTRO,1
1.22,51.0,1.69375,2.3,6.86,3.8,10.0,2.4,6.5,71.0,CENTRO,2
1.28,44.0,1.68,4.1,9.7,5.7,10.0,2.6,4.9,57.0,CENTRO,3
1.26,40.0,1.71,3.6,11.31,5.1,14.0,2.5,5.0,63.0,CENTRO,4
1.27,33.0,1.74,4.1,11.83,5.7,13.0,2.5,2.9,69.0,CENTRO,5
1.28,32.0,1.77,5.0,11.13,6.5,24.0,2.4,4.1,71.0,CENTRO,6
1.3,29.0,1.8,6.7,11.12,8.4,18.0,2.4,4.8,72.0,CENTRO,7
1.28,35.0,1.9,5.2,9.89,7.1,24.0,2.3,7.7,82.0,CENTRO,8
1.29,39.0,2.3,5.1,8.48,7.3,24.0,2.4,8.1,76.0,CENTRO,9
1.31,38.0,2.5,5.2,7.47,7.7,21.0,2.4,8.8,76.0,CENTRO,10
1.31,40.0,2.5,4.1,6.29,6.5,14.0,2.85,10.4,63.0,CENTRO,11
1.3,46.0,2.4,4.2,14.549999999999999,6.5,12.0,3.3,11.3,60.0,CENTRO,12
1.31,49.0,2.3,4.2,22.81,6.4,28.0,3.7,11.8,66.0,CENTRO,13
1.28,49.0,1.8,3.4,9.28,5.2,27.0,2.7,9.0,100.0,CENTRO,14
1.26,47.0,1.8,2.7,9.71,4.5,14.0,2.6,7.4,140.0,CENTRO,15
1.27,48.0,1.7666666666666666,2.6,10.84,4.4,13.0,2.6,7.7,144.0,CENTRO,16
1.26,51.0,1.7333333333333334,2.6,10.36,4.4,10.0,2.5,8.3,105.0,CENTRO,17
1.25,51.0,1.7,2.4,9.88,4.2,13.0,2.6,8.6,128.0,CENTRO,18
1.25,50.0,1.6,2.5,9.27,4.1,17.0,2.4,11.4,130.0,CENTRO,19
1.27,48.0,1.5,3.1,10.71,4.7,20.0,2.6,7.9,145.0,CENTRO,20
1.28,51.0,1.5,3.1,10.93,4.7,17.0,2.5,7.3,149.0,CENTRO,21
1.25,52.0,1.511111111111111,2.8,9.08,4.3,13.0,2.4,5.7,137.0,CENTRO,22
1.23,44.0,1.5222222222222221,2.5,7.91,4.1,17.0,2.3,5.0,130.0,CENTRO,23
1.23,57.0,1.5333333333333334,1.9,8.24,3.5,13.0,2.3,9.1,93.0,CENTRO,0
1.21,51.0,1.5444444444444445,1.6,8.26,3.2,16.0,2.1,8.6,107.0,CENTRO,1
1.21,46.0,1.5555555555555556,1.2,8.16,2.7,14.0,2.1,9.0,69.0,CENTRO,2
1.2,47.0,1.5666666666666667,1.0,6.73,2.6,18.0,2.2,8.8,81.0,CENTRO,3
1.21,46.0,1.577777777777778,1.1,6.51,2.6,16.0,2.2,7.9,74.0,CENTRO,4
1.21,46.0,1.588888888888889,1.9,6.16,3.4,8.0,2.1,7.4,79.0,CENTRO,5
1.24,30.0,1.6,4.2,6.7,5.7,7.0,2.1,7.3,90.0,CENTRO,6
1.32,37.0,2.3,7.8,7.4,10.1,16.0,2.3,6.8,72.0,CENTRO,7
1.37,30.0,3.0,9.5,7.0,12.5,19.0,2.3,6.1,61.0,CENTRO,8
1.38,32.0,3.3,7.3,7.7,10.6,14.0,2.4,8.3,75.0,CENTRO,9
1.35,35.0,3.0,6.0,8.13,8.9,11.0,2.4,7.8,72.0,CENTRO,10
1.27,40.0,2.3,3.6,7.36,5.9,24.0,2.3,7.3,148.0,CENTRO,11
1.24,43.0,2.0,3.0,7.21,5.0,21.0,2.3,10.6,143.0,CENTRO,12
1.25,47.0,2.1,3.1,7.45,5.2,13.0,2.333333333333333,12.0,140.0,CENTRO,13
1.2,48.0,2.1,2.3,7.02,4.3,16.0,2.3666666666666667,13.5,148.0,CENTRO,14
1.21,46.0,2.25,3.0,6.87,5.1,13.0,2.4,12.2,143.0,CENTRO,15
1.25,43.0,2.4,3.3,7.23,5.7,13.0,2.3,10.1,131.0,CENTRO,16
1.33,37.0,2.3,5.7,7.27,7.9,17.0,2.4,10.6,146.0,CENTRO,17
1.21,47.0,2.0,2.9,6.55,4.8,17.0,2.3,19.1,148.0,CENTRO,18
1.2,50.0,1.7,2.7,4.56,4.4,28.0,2.2,15.6,154.0,CENTRO,19
1.25,41.0,1.6,4.0,5.91,5.7,20.0,2.3,8.0,83.0,CENTRO,20
1.21,45.0,1.5,2.6,5.21,4.1,7.0,2.2,9.6,90.0,CENTRO,21
1.2,48.0,1.5,2.2,5.21,3.8,11.0,2.2,8.7,92.0,CENTRO,22
1.24,41.0,1.5333333333333334,4.7,6.34,6.2,17.0,2.3,11.1,66.0,CENTRO,23
1.34,32.0,1.5666666666666667,7.8,8.37,9.4,13.0,2.6,7.0,16.0,CENTRO,0
1.3,25.0,1.6,8.7,8.78,10.3,14.0,3.8,3.8,19.0,CENTRO,1
1.29,26.0,1.5,7.3,10.825,8.9,11.0,4.3,2.8,25.0,CENTRO,2
1.28,26.0,1.5,6.0,12.87,7.5,21.0,3.6,3.2,339.0,CENTRO,3
1.28,26.0,1.55,6.3,12.56,7.9,21.0,3.6,4.6,340.0,CENTRO,4
1.27,28.0,1.6,5.6,15.9,7.2,27.0,2.9,4.3,14.0,CENTRO,5
1.28,24.0,1.7,7.9,9.07,9.6,25.0,3.5,4.1,69.0,CENTRO,6
1.35,22.0,2.3,9.9,9.51,12.2,13.0,3.4,2.9,3.0,CENTRO,7
1.62,18.0,3.8,13.7,10.9,17.5,24.0,3.5,5.6,8.0,CENTRO,8
1.53,20.0,3.8,13.0,12.43,16.7,29.0,3.1,4.5,349.0,CENTRO,9
1.39,30.0,4.0,8.7,12.35,12.6,33.0,2.8,3.0,89.0,CENTRO,10
1.43,40.0,4.9,9.6,13.98,14.5,25.0,3.2,4.0,79.0,CENTRO,11
1.5,59.0,3.8,10.2,19.07,13.9,33.0,5.1,5.6,100.0,CENTRO,12
1.36,78.0,2.3,5.8,16.48,8.2,43.0,3.4,7.1,62.0,CENTRO,13
1.35,85.0,2.1,5.6,16.53,7.7,28.0,3.2,8.3,74.0,CENTRO,14
1.35,132.0,2.0,5.2,16.01,7.1,33.0,3.1,9.1,67.0,CENTRO,15
1.34,85.0,2.0,5.0,15.31,7.0,24.0,2.9,9.6,83.0,CENTRO,16
1.31,52.0,1.9,4.1,15.36,6.0,23.0,2.9,12.7,141.0,CENTRO,17
1.3,76.0,1.8,3.8,15.23,5.6,31.0,2.8,9.5,134.0,CENTRO,18
1.29,46.0,1.7,3.6,13.44,5.3,27.0,2.7,9.2,111.0,CENTRO,19
1.29,43.0,1.6,3.9,12.42,5.6,25.0,2.6,6.1,124.0,CENTRO,20
1.31,44.0,1.5,4.8,12.49,6.4,23.0,2.6,4.4,102.0,CENTRO,21
1.36,43.0,1.6,5.9,12.17,7.5,22.0,2.7,4.2,78.0,CENTRO,22
1.31,48.0,1.5,4.0,11.69,5.6,23.0,2.7,5.8,90.0,CENTRO,23
1.27,38.0,1.5,2.7,11.21,4.2,27.0,2.4,8.6,68.0,CENTRO,0
1.29,37.0,1.55,3.3,10.73,4.9,14.0,2.6,7.4,52.0,CENTRO,1
1.33,32.0,1.6,4.9,13.174999999999999,6.5,16.0,3.2,5.9,43.0,CENTRO,2
1.3,29.0,1.5,4.2,15.62,5.7,38.0,3.1,6.3,58.0,CENTRO,3
1.26,33.0,1.5,2.4,15.35,4.0,32.0,2.6,6.7,64.0,CENTRO,4
1.28,28.0,1.6500000000000001,3.3,15.51,4.8,20.0,2.6,5.1,55.0,CENTRO,5
1.3,24.0,1.8,5.6,9.76,7.4,25.0,2.5,5.3,72.0,CENTRO,6
1.42,17.0,3.1,9.4,11.08,12.5,15.0,2.3,5.0,64.0,CENTRO,7
1.43,21.0,3.6,8.2,12.62,11.7,22.0,2.5,5.8,68.0,CENTRO,8
1.49,22.0,5.4,9.8,15.71,15.2,17.0,3.0,4.2,47.0,CENTRO,9
1.56,24.0,6.1,11.5,19.28,17.5,42.0,3.2,4.9,9.0,CENTRO,10
1.56,37.0,4.9,10.6,20.66,15.4,55.0,3.5,7.3,7.0,CENTRO,11
1.44,53.0,2.9,6.1,16.78,8.9,45.0,3.1,7.8,64.0,CENTRO,12
1.38,52.0,2.4,4.9,16.35,7.3,29.0,2.9,9.2,59.0,CENTRO,13
1.35,50.0,2.3,3.8,15.59,6.0,32.0,2.9,8.9,65.0,CENTRO,14
1.3,52.0,1.9,2.5,13.57,4.3,24.0,2.7,9.6,117.0,CENTRO,15
1.27,49.0,2.0,2.3,12.94,4.3,18.0,2.6,13.0,133.0,CENTRO,16
1.29,49.0,2.0,2.8,12.67,4.8,24.0,2.6,12.6,130.0,CENTRO,17
1.31,49.0,1.95,3.6,12.98,5.6,22.0,2.6750000000000003,13.0,143.0,CENTRO,18
1.31,46.0,1.9,3.4,12.39,5.3,23.0,2.75,10.2,148.0,CENTRO,19
1.32,41.0,1.6,4.3,12.74,5.9,16.0,2.825,11.0,123.0,CENTRO,20
1.28,39.0,1.6,2.6,12.72,4.3,21.0,2.9,15.8,100.0,CENTRO,21
1.3,43.0,1.55,6.7,9.52,8.3,29.0,4.3,10.1,55.0,CENTRO,22
1.29,44.0,1.5,4.6,9.06,6.1,22.0,2.9,9.3,65.0,CENTRO,23
1.28,40.0,1.5,4.3,8.53,5.9,17.0,8.7,9.2,61.0,CENTRO,0
1.28,34.0,1.6,3.6,10.32,5.2,20.0,8.0,7.5,66.0,CENTRO,1
1.28,33.0,1.5,3.6,12.58,5.1,21.0,5.2,7.9,76.0,CENTRO,2
1.3,30.0,1.5,5.3,12.23,6.8,19.0,4.3,6.7,48.0,CENTRO,3
1.35,27.0,1.5333333333333334,4.8,10.82,6.4,28.0,3.5,4.7,72.0,CENTRO,4
1.32,28.0,1.5666666666666667,2.8,7.18,4.3,14.0,2.7,4.0,85.0,CENTRO,5
1.32,25.0,1.6,4.3,5.81,5.9,6.0,2.5,4.4,84.0,CENTRO,6
1.39,20.0,2.2,6.8,8.65,9.0,10.0,2.5,7.0,94.0,CENTRO,7
1.47,20.0,3.8,8.4,8.87,12.2,10.0,2.9,6.4,78.0,CENTRO,8
1.47,24.0,4.3,7.4,10.35,11.7,23.0,5.2,7.6,70.0,CENTRO,9
1.44,27.0,3.9,5.7,7.18,9.6,15.0,3.2,7.4,68.0,CENTRO,10
1.44,29.0,3.9,4.7,7.43,8.6,8.0,2.9,9.8,63.0,CENTRO,11
1.42,39.0,3.2,4.9,7.575,8.1,5.0,2.9,8.5,61.0,CENTRO,12
1.39,45.0,2.4,3.9,7.72,6.2,6.0,2.8,8.7,70.0,CENTRO,13
1.36,50.0,2.2,3.0,7.865,5.1,7.0,2.6,8.3,75.0,CENTRO,14
1.33,47.0,2.1,2.7,8.01,4.8,10.0,2.5,9.3,115.0,CENTRO,15
1.3,53.0,1.9,2.2,8.39,4.2,19.0,2.5,8.2,108.0,CENTRO,16
1.32,69.0,2.2,2.7,9.22,4.8,10.0,2.4,8.5,125.0,CENTRO,17
1.32,37.0,2.0,3.2,11.4275,5.1,9.0,2.6,10.5,147.0,CENTRO,18
1.32,42.0,1.7,3.2,13.635000000000002,4.8,13.0,2.6,10.3,130.0,CENTRO,19
1.33,21.0,1.5,3.7,15.842500000000001,5.3,16.0,2.6500000000000004,8.1,115.0,CENTRO,20
1.35,23.0,1.6,4.0,18.05,5.6,26.0,2.7,6.5,116.0,CENTRO,21
1.34,49.0,1.5,2.8,19.88,4.3,22.0,2.8,5.8,100.0,CENTRO,22
1.36,28.0,1.5,2.6,21.39,4.1,29.0,2.7,6.9,94.0,CENTRO,23
1.33,35.0,1.52,1.8,22.34,3.3,38.0,2.7,6.5,111.0,CENTRO,0
1.34,33.0,1.54,2.3,23.91,3.9,31.0,2.6,5.3,54.0,CENTRO,1
1.35,26.0,1.56,4.2,24.44,5.8,31.0,2.9,6.2,30.0,CENTRO,2
1.35,28.0,1.58,3.5,26.63,5.1,30.0,2.9,4.2,38.0,CENTRO,3
1.35,29.0,1.6,2.2,28.490000000000002,3.8,30.0,2.8,5.7,55.0,CENTRO,4
1.36,24.0,1.6,4.4,30.35,6.1,43.0,2.9,5.6,39.0,CENTRO,5
1.41,19.0,1.9,7.0,29.44,9.0,54.0,2.8,4.7,48.0,CENTRO,6
1.55,13.0,4.5,11.4,33.92,15.9,58.0,3.7,4.4,53.0,CENTRO,7
1.68,17.0,7.5,12.0,36.74,19.5,62.0,4.2,3.8,56.0,CENTRO,8
1.72,20.0,8.8,12.7,37.77,21.5,67.0,4.6,4.5,45.0,CENTRO,9
1.81,26.0,7.8,14.4,38.81,22.1,72.0,4.8,5.9,64.0,CENTRO,10
1.67,37.0,5.9,11.2,35.27,17.1,82.0,5.0,7.2,72.0,CENTRO,11
1.58,55.0,3.0,7.5,33.05,10.5,64.0,4.2,7.9,54.0,CENTRO,12
1.51,63.0,2.5,6.1,31.06,8.6,51.0,3.7,7.7,58.0,CENTRO,13
1.49,69.0,2.2,5.6,32.05,7.9,53.0,4.1,7.3,92.0,CENTRO,14
1.5,83.0,1.9,5.2,34.61,7.1,56.0,4.6,7.0,88.0,CENTRO,15
1.49,75.0,2.0,5.2,30.94,7.2,45.0,3.6,9.6,86.0,CENTRO,16
1.42,57.0,2.0,3.9,26.29,5.9,45.0,3.2,13.4,113.0,CENTRO,17
1.47,50.0,2.1,5.4,27.66,7.6,44.0,3.2,10.3,92.0,CENTRO,18
1.53,49.0,2.0,5.3,32.16,7.3,46.0,3.6,9.4,105.0,CENTRO,19
1.66,49.0,1.8,4.7,30.32,6.5,49.0,3.4,10.6,115.0,CENTRO,20
1.54,37.0,1.8,4.2,30.1,6.0,44.0,3.1,14.7,97.0,CENTRO,21
1.49,31.0,1.75,3.5,27.87,5.3,57.0,3.3,9.8,110.0,CENTRO,22
1.41,33.0,1.7,1.6,26.42,3.4,52.0,3.0,8.2,129.0,CENTRO,23
1.42,29.0,1.6,2.5,26.56,4.1,37.0,3.0,8.9,79.0,CENTRO,0
1.44,25.0,1.6,4.1,25.69,5.7,36.0,3.25,6.2,61.0,CENTRO,1
1.42,24.0,1.7,5.3,26.22,7.0,37.0,3.5,6.0,45.0,CENTRO,2
1.41,26.0,1.7,3.5,26.45,5.2,45.0,3.2,6.2,67.0,CENTRO,3
1.44,23.0,1.7333333333333334,4.8,25.13,6.5,49.0,3.1,3.4,74.0,CENTRO,4
1.46,21.0,1.7666666666666666,6.1,23.74,7.9,45.0,3.1,4.5,45.0,CENTRO,5
1.49,19.0,1.8,7.8,23.67,9.6,33.0,2.9,3.3,96.0,CENTRO,6
1.62,18.0,2.4,9.0,26.02,11.3,39.0,3.0,4.8,78.0,CENTRO,7
1.78,26.0,3.7,8.5,19.62,12.2,33.0,3.2,6.9,41.0,CENTRO,8
1.7,25.0,6.9,11.5,21.78,18.4,33.0,3.6,5.5,108.0,CENTRO,9
1.62,33.0,4.7,9.3,22.69,13.9,39.0,3.6,7.7,69.0,CENTRO,10
1.51,47.0,3.3,6.6,23.05,9.9,54.0,4.0,7.6,97.0,CENTRO,11
1.49,62.0,2.6,5.8,25.16,8.3,49.0,4.0,8.6,67.0,CENTRO,12
1.48,78.0,2.0,5.0,26.12,7.0,48.0,3.5,8.3,82.0,CENTRO,13
1.49,95.0,1.9,5.0,27.98,6.8,41.0,3.3,7.9,91.0,CENTRO,14
1.5,87.0,1.9,4.7,27.51,6.5,43.0,3.2,9.3,102.0,CENTRO,15
1.43,61.0,1.8499999999999999,3.4,25.36,5.2,46.0,3.1,12.4,137.0,CENTRO,16
1.41,57.0,1.8,2.9,26.24,4.7,34.0,3.2,12.2,146.0,CENTRO,17
1.41,58.0,1.75,3.5,30.19,5.4,42.0,4.7,11.6,113.0,CENTRO,18
1.45,49.0,1.7,4.7,20.78,6.4,41.0,5.4,12.7,57.0,CENTRO,19
1.42,46.0,1.7,4.9,18.19,6.6,28.0,3.4,14.3,117.0,CENTRO,20
1.27,59.0,2.2,4.3,12.58,6.4,33.0,2.6,23.4,157.0,CENTRO,21
1.27,59.0,1.7,6.1,7.83,7.8,89.0,2.5,9.2,119.0,CENTRO,22
1.42,49.0,1.6,10.1,12.87,11.8,20.0,2.8,6.7,59.0,CENTRO,23
1.55,37.0,1.8,15.7,14.46,17.5,25.0,6.8,5.1,123.0,CENTRO,0
1.44,41.0,1.6,11.2,13.17,12.8,31.0,4.2,2.2,252.0,CENTRO,1
1.53,38.0,1.6,12.4,15.69,14.0,23.0,5.1,4.0,23.0,CENTRO,2
1.55,31.0,1.625,13.3,16.31,15.0,34.0,4.1,0.9,264.0,CENTRO,3
1.51,30.0,1.65,11.2,15.76,12.7,32.0,4.1,1.6,321.0,CENTRO,4
1.46,31.0,1.675,8.3,15.97,9.9,29.0,3.2,1.5,294.0,CENTRO,5
1.54,19.0,1.7,13.5,17.09,15.2,36.0,3.4,1.8,294.0,CENTRO,6
1.64,17.0,4.1,17.8,17.99,21.8,24.0,5.0,1.5,188.0,CENTRO,7
1.68,27.0,7.2,16.7,18.2,23.9,39.0,6.7,5.4,142.0,CENTRO,8
1.54,46.0,4.6,11.5,15.28,16.1,39.0,10.0,5.3,107.0,CENTRO,9
1.45,54.0,3.7,9.5,14.25,13.2,34.0,9.9,5.9,106.0,CENTRO,10
1.42,64.0,3.0,7.8,13.49,10.8,27.0,6.8,5.8,75.0,CENTRO,11
1.39,73.0,2.2,5.5,14.33,7.7,31.0,5.7,7.3,55.0,CENTRO,12
1.36,75.0,2.0,4.0,13.86,5.9,27.0,5.2,7.9,42.0,CENTRO,13
1.39,87.0,1.9,4.2,15.23,6.0,27.0,4.0,10.4,81.0,CENTRO,14
1.34,75.0,1.9,3.2,13.17,5.1,27.0,3.1,13.2,81.0,CENTRO,15
1.32,72.0,1.8,2.8,12.62,4.6,18.0,4.0,12.3,111.0,CENTRO,16
1.29,70.0,1.6,2.6,13.81,4.3,22.0,5.5,11.0,161.0,CENTRO,17
1.31,66.0,1.6,2.6,13.67,4.3,22.0,4.9,10.4,146.0,CENTRO,18
1.37,60.0,1.7,3.7,12.02,5.4,22.0,3.2,12.9,100.0,CENTRO,19
1.36,60.0,1.6,3.2,11.53,4.8,25.0,3.8,12.4,109.0,CENTRO,20
1.36,59.0,1.5,3.1,11.33,4.7,18.0,5.6,12.6,137.0,CENTRO,21
1.34,56.0,1.5,2.3,8.99,3.9,24.0,2.9,8.4,134.0,CENTRO,22
1.38,52.0,1.55,3.4,9.83,5.0,17.0,2.8,6.3,102.0,CENTRO,23
1.5,40.0,1.6,10.2,13.37,11.8,20.0,5.5,5.8,55.0,CENTRO,0
1.46,36.0,1.6,10.9,12.94,12.5,24.0,7.8,3.6,44.0,CENTRO,1
1.45,30.0,1.6333333333333333,12.1,13.46,13.7,22.0,6.7,1.8,26.0,CENTRO,2
1.47,27.0,1.6666666666666667,13.9,13.6,15.5,30.0,6.1,2.6,323.0,CENTRO,3
1.49,26.0,1.7,10.4,12.59,12.1,38.0,4.6,1.4,173.0,CENTRO,4
1.58,23.0,1.6,9.5,13.05,11.1,29.0,3.9,1.0,250.0,CENTRO,5
2.34,11.0,3.3,21.5,17.73,24.8,31.0,4.0,2.3,20.0,CENTRO,6
2.23,12.0,11.2,23.8,20.5,34.9,42.0,6.5,3.4,21.0,CENTRO,7
2.21,22.0,12.8,21.8,21.45,34.6,56.0,8.9,3.2,31.0,CENTRO,8
2.09,33.0,10.2,21.4,22.21,31.5,65.0,8.8,3.4,6.0,CENTRO,9
2.33,46.0,8.5,22.0,22.97,30.5,58.0,8.5,5.5,48.0,CENTRO,10
1.78,64.0,5.0,16.3,19.44,21.2,71.0,9.0,6.5,48.0,CENTRO,11
1.63,77.0,3.5,12.9,18.28,16.4,62.0,12.0,8.1,55.0,CENTRO,12
1.52,94.0,2.1,7.4,15.47,9.6,49.0,8.9,9.3,55.0,CENTRO,13
1.47,88.0,2.0,5.7,13.13,7.6,45.0,5.9,10.8,78.0,CENTRO,14
1.35,67.0,2.1,3.6,9.3,5.6,29.0,3.6,11.1,134.0,CENTRO,15
1.33,66.0,2.1,3.6,9.03,5.7,17.0,2.9,12.4,133.0,CENTRO,16
1.33,63.0,2.0,3.7,9.28,5.7,13.0,2.8,12.1,121.0,CENTRO,17
1.32,63.0,1.9,4.1,8.97,6.0,13.0,2.7,11.8,145.0,CENTRO,18
1.31,60.0,1.7,4.0,8.29,5.7,12.0,2.6,11.6,132.0,CENTRO,19
1.34,57.0,1.6,5.1,9.17,6.8,16.0,2.6,9.0,125.0,CENTRO,20
1.33,56.0,1.5,3.8,9.21,5.4,19.0,2.6666666666666665,7.0,145.0,CENTRO,21
1.39,50.0,1.6,6.5,10.11,8.1,13.0,2.7333333333333334,5.1,118.0,CENTRO,22
1.39,43.0,1.5,4.0,12.02,5.6,17.0,2.8,7.1,74.0,CENTRO,23
1.4,36.0,1.6,3.5,12.25,5.2,24.0,2.8,6.4,60.0,CENTRO,0
1.41,33.0,1.6,4.3,13.75,5.9,25.0,3.5,6.4,55.0,CENTRO,1
1.41,32.0,1.625,3.6,13.75,5.2,25.0,4.2,6.0,68.0,CENTRO,2
1.43,25.0,1.65,7.3,14.46,8.9,24.0,4.9,4.8,59.0,CENTRO,3
1.44,22.0,1.675,8.6,15.27,10.2,29.0,6.3,2.6,96.0,CENTRO,4
1.46,20.0,1.7,8.1,15.76,9.8,29.0,5.1,0.9,31.0,CENTRO,5
1.61,13.0,3.1,13.2,17.67,16.2,25.0,4.1,0.9,26.0,CENTRO,6
1.98,13.0,6.3,14.5,17.66,20.8,50.0,4.3,0.9,7.0,CENTRO,7
1.96,20.0,8.9,13.5,18.38,22.4,44.0,5.2,3.1,6.0,CENTRO,8
1.77,29.0,7.5,13.4,20.51,20.9,45.0,4.7,5.1,358.0,CENTRO,9
1.86,46.0,6.5,15.6,22.51,22.1,49.0,4.8,4.9,30.0,CENTRO,10
1.87,61.0,5.5,15.9,24.11,21.4,51.0,6.7,6.4,55.0,CENTRO,11
1.68,87.0,3.4,12.5,23.79,15.9,65.0,8.7,7.1,57.0,CENTRO,12
1.63,124.0,2.6,10.8,24.38,13.3,61.0,8.0,7.8,75.0,CENTRO,13
1.67,138.0,2.0,8.6,25.54,10.5,56.0,5.7,8.4,85.0,CENTRO,14
1.63,126.0,2.1,8.2,22.76,10.3,59.0,5.8,9.7,55.0,CENTRO,15
1.55,110.0,1.9,6.1,19.3,7.9,52.0,4.9,11.2,103.0,CENTRO,16
1.43,90.0,1.9,5.3,13.53,7.2,39.0,3.6,8.8,162.0,CENTRO,17
1.39,72.0,2.0,7.5,9.5,9.5,32.0,2.9,6.0,61.0,CENTRO,18
1.38,57.0,1.7,6.2,10.81,7.8,21.0,3.0,7.9,152.0,CENTRO,19
1.38,56.0,1.6,6.0,11.57,7.6,25.0,2.8,5.5,141.0,CENTRO,20
1.55,60.0,1.5,12.5,14.33,14.1,21.0,2.9,1.3,200.0,CENTRO,21
1.53,42.0,1.7,11.7,15.09,13.4,23.0,2.9,4.3,107.0,CENTRO,22
1.58,43.0,1.6,12.1,19.37,13.8,25.0,3.4,3.1,157.0,CENTRO,23
1.45,46.0,1.5,4.2,18.35,5.8,38.0,3.0,3.4,85.0,CENTRO,0
1.44,42.0,1.5,4.0,19.33,5.6,29.0,2.9,2.6,39.0,CENTRO,1
1.48,38.0,1.6,6.1,22.11,7.8,24.0,4.0,5.8,32.0,CENTRO,2
1.52,32.0,1.6,8.3,37.2,9.9,40.0,3.8,5.2,16.0,CENTRO,3
1.5,35.0,1.9333333333333333,7.3,46.36,8.9,62.0,5.2,2.9,89.0,CENTRO,4
1.53,30.0,2.2666666666666666,7.3,30.59,8.9,70.0,5.0,1.5,316.0,CENTRO,5
1.74,22.0,2.6,12.4,23.87,15.0,47.0,5.2,3.8,71.0,CENTRO,6
1.65,13.0,5.9,15.9,24.25,21.8,36.0,7.2,4.5,62.0,CENTRO,7
1.75,17.0,8.2,15.0,26.32,23.1,45.0,8.5,3.8,68.0,CENTRO,8
1.95,20.0,11.1,16.4,28.34,27.6,50.0,10.8,2.9,62.0,CENTRO,9
1.99,36.0,9.7,18.4,31.84,28.0,69.0,10.2,6.1,76.0,CENTRO,10
1.84,65.0,4.0,13.3,33.36,17.2,76.0,8.6,7.5,74.0,CENTRO,11
1.71,84.0,2.6,10.2,31.82,12.8,66.0,9.0,8.6,87.0,CENTRO,12
1.62,89.0,2.2,7.5,28.68,9.8,62.0,9.2,8.3,83.0,CENTRO,13
1.63,82.0,2.0,6.4,26.99,8.4,60.0,5.5,9.1,97.0,CENTRO,14
1.6,80.0,2.1,6.5,25.47,8.6,53.0,4.7,10.7,95.0,CENTRO,15
1.67,79.0,2.3,7.9,26.95,10.3,42.0,4.4,10.8,70.0,CENTRO,16
1.6,69.0,2.2,6.4,24.28,8.6,46.0,4.3,10.4,78.0,CENTRO,17
1.52,69.0,1.9,4.7,21.21,6.5,46.0,3.7,13.1,141.0,CENTRO,18
1.48,61.0,1.8,5.2,19.15,6.9,40.0,3.3,9.8,121.0,CENTRO,19
1.46,54.0,1.7,5.0,17.39,6.7,34.0,3.0,8.4,128.0,CENTRO,20
1.5,48.0,1.5,4.0,20.27,5.6,28.0,3.1,9.1,126.0,CENTRO,21
1.48,47.0,1.6,3.1,20.32,4.8,23.0,3.1,6.9,110.0,CENTRO,22
1.58,39.0,1.6,5.5,26.69,7.2,31.0,3.0,7.2,70.0,CENTRO,23
1.5,39.0,1.55,2.4,27.69,4.0,41.0,3.0,7.5,60.0,CENTRO,0
1.49,36.0,1.5,3.8,29.0,5.4,37.0,3.2,6.3,46.0,CENTRO,1
1.53,30.0,1.6,7.1,31.83,8.7,36.0,4.0,5.9,23.0,CENTRO,2
1.53,26.0,1.6,8.0,33.06,9.6,61.0,4.2,7.9,21.0,CENTRO,3
1.49,33.0,1.6333333333333333,3.8,33.34,5.4,50.0,4.5,8.9,72.0,CENTRO,4
1.49,33.0,1.6666666666666667,2.8,31.64,4.4,51.0,4.0,7.9,64.0,CENTRO,5
1.53,28.0,1.7,5.1,35.23,6.8,39.0,4.6,7.6,62.0,CENTRO,6
1.59,26.0,2.3,7.2,34.33,9.6,47.0,4.0,8.4,83.0,CENTRO,7
1.66,27.0,2.7,8.0,31.78,10.7,49.0,3.9,8.6,77.0,CENTRO,8
1.68,28.0,2.7,8.1,34.42,10.8,41.0,3.8,8.9,73.0,CENTRO,9
1.7,32.0,3.0,6.9,38.18,10.0,52.0,3.6,9.7,97.0,CENTRO,10
1.71,34.0,3.2,6.9,34.85,10.1,53.0,3.7,6.2,106.0,CENTRO,11
1.56,47.0,2.1,2.9,36.01,5.1,51.0,3.8,11.4,142.0,CENTRO,12
1.52,50.0,2.1,2.7,29.73,4.8,46.0,3.3,12.0,137.0,CENTRO,13
1.51,49.0,2.1999999999999997,2.7,23.41,4.8,40.0,3.1,13.6,135.0,CENTRO,14
1.52,45.0,2.3,3.0,26.43,5.3,28.0,2.9,14.6,145.0,CENTRO,15
1.53,46.0,2.0,3.1,28.22,5.1,32.0,3.0,13.5,128.0,CENTRO,16
1.58,47.0,2.4,4.6,29.5,7.0,36.0,3.1,11.1,106.0,CENTRO,17
1.57,47.0,2.1,4.3,35.0,6.4,40.0,3.1,10.1,117.0,CENTRO,18
1.53,47.0,1.7,3.0,35.62,4.7,53.0,3.0,9.9,130.0,CENTRO,19
1.52,46.0,1.5,2.9,28.95,4.5,56.0,2.9,9.4,143.0,CENTRO,20
1.46,47.0,1.6,2.2,22.97,3.8,45.0,2.9,9.9,159.0,CENTRO,21
1.47,45.0,1.5,2.3,22.87,3.9,31.0,2.8,7.8,112.0,CENTRO,22
1.47,45.0,1.5,2.3,23.37,3.9,26.0,2.8,7.6,130.0,CENTRO,23
1.48,40.0,1.6,2.1,22.85,3.7,37.0,2.6,3.9,130.0,CENTRO,0
1.5,37.0,1.5,2.8,23.09,4.4,24.0,2.7,2.9,157.0,CENTRO,1
1.49,34.0,1.5,3.3,23.616666666666667,4.8,20.0,2.6,5.1,104.0,CENTRO,2
1.51,29.0,1.6,4.9,24.143333333333334,6.6,21.0,2.7,4.0,26.0,CENTRO,3
1.55,20.0,1.7,11.6,24.67,13.2,29.0,3.6,3.6,82.0,CENTRO,4
1.54,23.0,1.6,10.5,24.23,12.1,33.0,4.1,2.8,149.0,CENTRO,5
1.63,16.0,2.2,14.0,26.88,16.3,43.0,3.8,2.8,295.0,CENTRO,6
2.36,16.0,6.9,17.6,23.56,24.5,49.0,5.1,2.9,16.0,CENTRO,7
1.89,23.0,9.2,16.2,21.1,25.4,41.0,4.5,4.9,21.0,CENTRO,8
1.95,34.0,8.3,15.0,21.04,23.3,52.0,6.1,6.8,23.0,CENTRO,9
1.85,48.0,4.9,11.3,21.87,16.2,49.0,6.6,7.0,21.0,CENTRO,10
1.71,62.0,4.1,10.2,23.69,14.2,51.0,6.5,7.9,73.0,CENTRO,11
1.57,84.0,2.2,5.1,23.73,7.2,50.0,9.3,8.4,86.0,CENTRO,12
1.55,82.0,2.1,4.8,25.78,6.8,39.0,10.5,8.8,74.0,CENTRO,13
1.54,77.0,2.0,4.4,22.49,6.4,40.0,7.3,8.8,78.0,CENTRO,14
1.59,93.0,2.0,5.0,24.5,7.0,39.0,4.9,9.7,73.0,CENTRO,15
1.57,140.0,1.8,3.9,26.93,5.8,39.0,4.3,12.6,138.0,CENTRO,16
1.51,91.0,1.7,4.0,20.77,5.7,42.0,3.7,10.6,143.0,CENTRO,17
1.51,65.0,1.7,3.8,17.89,5.5,30.0,3.3,12.3,147.0,CENTRO,18
1.56,68.0,1.9000000000000001,5.7,20.439999999999998,7.4,18.0,3.2,8.5,136.0,CENTRO,19
1.67,54.0,2.1,5.7,22.99,7.8,26.0,3.6,7.3,130.0,CENTRO,20
1.8,58.0,1.9,4.9,25.08,6.7,26.0,3.3,6.7,126.0,CENTRO,21
1.69,50.0,1.8,4.9,15.33,6.6,30.0,2.8,4.2,104.0,CENTRO,22
1.52,58.0,1.6,3.3,15.82,4.9,26.0,2.7,4.6,95.0,CENTRO,23
1.58,51.0,1.5,5.2,18.87,6.8,23.0,2.8,5.8,39.0,CENTRO,0
1.52,43.0,1.5,3.4,17.34,4.9,31.0,2.7,5.5,74.0,CENTRO,1
1.53,47.0,1.54,3.5,17.36,5.0,25.0,2.8,4.4,31.0,CENTRO,2
1.49,45.0,1.58,2.2,16.57,3.8,24.0,2.6,5.8,60.0,CENTRO,3
1.47,41.0,1.6199999999999999,2.6,16.52,4.2,26.0,2.8,5.0,21.0,CENTRO,4
1.47,35.0,1.66,2.9,16.26,4.4,22.0,2.7,6.0,40.0,CENTRO,5
1.51,27.0,1.7,6.6,18.39,8.3,25.0,3.2,6.3,13.0,CENTRO,6
1.57,28.0,2.3,6.8,18.74,9.1,35.0,3.3,3.7,3.0,CENTRO,7
1.58,32.0,2.9,6.3,19.88,9.2,38.0,4.1,5.7,135.0,CENTRO,8
1.51,41.0,2.1,3.3,16.61,5.4,37.0,3.0,8.1,122.0,CENTRO,9
1.56,42.0,2.8,5.0,18.48,7.8,32.0,3.3,7.2,95.0,CENTRO,10
1.58,47.0,2.6,6.0,21.84,8.5,34.0,4.2,5.5,76.0,CENTRO,11
1.5,54.0,2.0,2.9,16.89,5.0,38.0,3.1,8.2,84.0,CENTRO,12
1.46,53.0,1.9,2.0,15.69,3.9,24.0,2.9,11.0,127.0,CENTRO,13
1.46,55.0,1.8,2.1,16.34,3.9,25.0,2.8,10.8,133.0,CENTRO,14
1.6,58.0,2.2,2.5,17.44,4.7,23.0,2.8,13.6,138.0,CENTRO,15
1.53,62.0,1.9,2.7,17.47,4.7,23.0,3.5,13.0,140.0,CENTRO,16
1.46,58.0,1.7,2.2,17.5,3.9,32.0,2.8,15.2,140.0,CENTRO,17
1.48,56.0,1.6,3.0,16.65,4.6,26.0,2.8,12.8,121.0,CENTRO,18
1.48,55.0,1.6,3.0,15.17,4.7,29.0,2.6999999999999997,10.3,138.0,CENTRO,19
1.52,53.0,1.5,4.2,17.19,5.8,27.0,2.6,9.2,137.0,CENTRO,20
1.51,54.0,1.5,2.1,15.98,3.7,32.0,2.5,5.0,108.0,CENTRO,21
1.49,57.0,1.52,2.1,13.09,3.7,30.0,2.8,8.0,101.0,CENTRO,22
1.46,59.0,1.54,1.7,11.43,3.3,13.0,2.6,9.1,99.0,CENTRO,23
1.46,55.0,1.56,1.4,11.74,3.0,17.0,2.5,8.1,114.0,CENTRO,0
1.47,48.0,1.58,1.5,11.38,3.1,20.0,2.5,7.7,75.0,CENTRO,1
1.46,44.0,1.69375,1.1,12.88,2.6,17.0,2.7,9.3,88.0,CENTRO,2
1.47,40.0,1.6199999999999999,1.2,14.93,2.7,21.0,2.9,8.1,88.0,CENTRO,3
1.48,39.0,1.64,1.0,11.9,2.6,13.0,2.7,7.7,95.0,CENTRO,4
1.47,44.0,1.66,1.0,11.78,2.6,16.0,2.5,9.3,102.0,CENTRO,5
1.48,41.0,1.68,1.7,12.604,3.3,9.0,2.5,5.6,62.0,CENTRO,6
1.52,31.0,1.7,3.4,13.427999999999999,5.1,10.0,2.5500000000000003,5.3,47.0,CENTRO,7
1.52,39.0,1.8,2.8,14.252,4.6,7.0,2.6,6.2,95.0,CENTRO,8
1.5,51.0,1.6,1.7,15.076,3.4,16.0,2.7,9.8,136.0,CENTRO,9
1.52,52.0,1.9,2.2,15.9,4.1,20.0,2.7,10.5,119.0,CENTRO,10
1.49,55.0,1.7,1.5,14.65,3.2,19.0,2.6,9.6,109.0,CENTRO,11
1.51,60.0,1.8,2.2,15.206666666666667,4.0,15.0,2.8,6.8,61.0,CENTRO,12
1.53,67.0,1.7,2.4,15.763333333333334,4.2,17.0,3.0,7.5,63.0,CENTRO,13
1.5,62.0,1.6,1.8,16.32,3.4,20.0,2.7,7.8,99.0,CENTRO,14
1.49,57.0,1.6,1.6,15.83,3.2,16.0,2.6,11.6,143.0,CENTRO,15
1.5,55.0,1.65,1.6,16.96,3.3,18.0,2.6,11.4,167.0,CENTRO,16
1.53,52.0,1.7,2.4,18.84,4.1,29.0,2.7,4.9,179.0,CENTRO,17
1.55,46.0,1.7,3.2,18.59,5.0,23.0,2.7,4.9,144.0,CENTRO,18
1.61,42.0,1.6,4.4,20.65,6.0,24.0,2.8,5.3,139.0,CENTRO,19
1.52,48.0,1.5,2.9,18.41,4.4,28.0,2.6,11.6,152.0,CENTRO,20
1.47,56.0,1.5,2.3,13.52,3.8,25.0,2.5,7.9,120.0,CENTRO,21
1.55,46.0,1.55,5.4,13.13,7.0,21.0,2.6,7.1,64.0,CENTRO,22
1.52,41.0,1.6,7.8,10.85,9.4,19.0,6.3,6.5,29.0,CENTRO,23
1.45,49.0,1.6,4.2,8.72,5.8,27.0,5.9,3.6,48.0,CENTRO,0
1.42,54.0,1.5,1.8,8.35,3.4,14.0,3.3,8.0,109.0,CENTRO,1
1.45,48.0,1.5,4.1,9.95,5.7,10.0,3.0,7.4,81.0,CENTRO,2
1.52,39.0,1.55,6.2,11.99,7.7,15.0,3.8,5.4,51.0,CENTRO,3
1.5,32.0,1.6,8.1,15.39,9.7,24.0,6.0,4.7,9.0,CENTRO,4
1.51,33.0,1.6,6.7,15.78,8.4,27.0,4.7,3.5,223.0,CENTRO,5
1.46,45.0,1.5,3.0,11.87,4.6,29.0,3.6,6.9,135.0,CENTRO,6
1.53,40.0,2.2,5.7,13.37,7.9,19.0,3.0,5.2,71.0,CENTRO,7
1.68,29.0,4.4,9.7,17.36,14.0,26.0,2.9,3.6,71.0,CENTRO,8
1.73,34.0,5.0,9.6,18.67,14.7,37.0,3.6,4.8,50.0,CENTRO,9
1.76,37.0,6.6,10.9,23.76,17.4,38.0,9.4,7.3,39.0,CENTRO,10
1.69,49.0,3.5,7.6,24.07,11.1,52.0,5.8,8.8,73.0,CENTRO,11
1.62,61.0,2.2,5.1,21.14,7.4,39.0,4.0,8.9,65.0,CENTRO,12
1.61,67.0,2.1,4.2,19.17,6.2,27.0,3.4,7.7,66.0,CENTRO,13
1.56,61.0,2.0,3.2,17.37,5.1,26.0,3.0,9.1,121.0,CENTRO,14
1.53,56.0,1.9,2.8,17.14,4.7,23.0,2.9,14.2,133.0,CENTRO,15
1.54,56.0,2.0,2.8,20.66,4.7,22.0,2.8,15.2,130.0,CENTRO,16
1.53,57.0,1.9,2.7,21.93,4.6,30.0,2.9,15.9,124.0,CENTRO,17
1.53,54.0,1.7,3.5,21.64,5.2,26.0,2.8,13.9,129.0,CENTRO,18
1.55,52.0,1.6,3.9,21.52,5.6,30.0,2.9,9.8,126.0,CENTRO,19
1.56,48.0,1.6,3.7,22.25,5.4,30.0,2.8,9.2,130.0,CENTRO,20
1.49,46.0,1.55,2.8,15.03,4.4,23.0,2.6,15.2,91.0,CENTRO,21
1.48,45.0,1.5,1.9,13.86,3.4,25.0,2.4,10.2,122.0,CENTRO,22
1.47,45.0,1.5,2.0,14.1,3.6,9.0,2.5,9.7,117.0,CENTRO,23
1.5,37.0,1.55,4.2,14.34,5.8,21.0,3.0,9.2,52.0,CENTRO,0
1.5,37.0,1.6,5.9,14.65,7.5,18.0,4.6,8.4,27.0,CENTRO,1
1.85,40.0,1.5,3.4,12.22,4.9,26.0,4.1,6.1,8.0,CENTRO,2
1.59,42.0,1.5,2.9,10.47,4.5,20.0,3.3,8.9,13.0,CENTRO,3
1.67,41.0,1.5333333333333334,3.0,7.14,4.5,22.0,3.3,6.9,92.0,CENTRO,4
1.57,44.0,1.5666666666666667,3.5,7.05,5.1,22.0,3.2,6.9,74.0,CENTRO,5
1.55,44.0,1.6,3.0,6.01,4.6,21.0,2.9,9.4,41.0,CENTRO,6
1.71,38.0,2.0,5.9,4.95,7.9,16.0,3.0,5.3,30.0,CENTRO,7
1.9,33.0,2.0,7.8,5.94,9.8,7.0,2.8,5.3,21.0,CENTRO,8
1.95,33.0,2.4,8.9,7.02,11.2,4.0,2.8,6.0,9.0,CENTRO,9
2.18,28.0,4.0,12.5,8.1,16.5,9.0,3.3,2.5,53.0,CENTRO,10
1.63,48.0,2.6,5.9,4.83,8.5,7.0,2.6,6.5,90.0,CENTRO,11
1.62,52.0,2.4,5.2,4.72,7.7,11.0,2.6,5.6,63.0,CENTRO,12
1.64,44.0,2.4,6.1,6.39,8.5,8.0,2.5,7.9,78.0,CENTRO,13
1.64,51.0,3.1,6.0,9.04,9.1,11.0,2.7,7.7,66.0,CENTRO,14
1.59,59.0,2.3,4.5,11.69,6.8,16.0,2.9,6.8,77.0,CENTRO,15
1.57,68.0,2.0,4.4,12.32,6.4,16.0,3.0,5.6,104.0,CENTRO,16
1.59,62.0,2.8,8.8,12.29,11.6,17.0,6.9,5.6,83.0,CENTRO,17
1.61,69.0,2.1,7.5,10.55,9.5,23.0,5.2,5.9,104.0,CENTRO,18
1.6,62.0,1.7,5.7,9.58,7.4,20.0,2.9,6.2,112.0,CENTRO,19
1.54,49.0,1.5,3.8,13.94,5.4,16.0,2.8,8.2,137.0,CENTRO,20
1.5,50.0,1.5,2.6,13.56,4.2,17.0,2.7,9.9,135.0,CENTRO,21
1.49,53.0,1.5444444444444445,2.4,13.546865671641791,4.0,17.0,3.3,7.1,120.0,CENTRO,22
1.48,48.0,1.5888888888888888,2.6,13.533731343283582,4.2,15.0,4.0,4.5,102.0,CENTRO,23
1.52,43.0,1.6333333333333333,3.3,13.520597014925373,4.8,19.0,3.6,2.6,59.0,CENTRO,0
1.48,45.0,1.6777777777777778,2.2,13.507462686567164,3.8,24.0,3.2,4.1,112.0,CENTRO,1
1.46,48.0,1.722222222222222,1.3,20.58,2.9,12.0,2.7,5.3,108.0,CENTRO,2
1.46,46.0,1.7666666666666666,1.4,22.252,2.9,7.0,2.8,4.9,118.0,CENTRO,3
1.45,48.0,1.8111111111111111,1.6,22.89,3.0999999999999996,8.0,2.8,4.9,69.0,CENTRO,4
1.47,43.0,1.8555555555555554,1.8,23.005000000000003,3.3,16.0,2.7,3.3,73.0,CENTRO,5
1.54,27.0,1.9,6.7,23.381666666666668,8.6,21.0,2.6,2.6,124.0,CENTRO,6
1.69,16.0,4.3,11.8,24.314999999999998,16.2,18.0,2.7,1.7,169.0,CENTRO,7
1.77,26.0,5.8,12.0,26.27,17.8,27.0,3.4,2.3,61.0,CENTRO,8
2.19,30.0,6.0,17.2,28.94,23.1,30.0,7.0,2.0,62.0,CENTRO,9
2.1,40.0,5.7,18.0,30.36,23.7,54.0,6.1,3.3,5.0,CENTRO,10
1.75,64.0,3.0,7.7,31.595,10.7,78.0,4.5,7.3,95.0,CENTRO,11
1.57,60.0,2.0,3.6,31.630000000000003,5.6,40.0,3.1,8.8,102.0,CENTRO,12
1.53,53.0,2.0,2.6,29.5,4.7,14.0,2.8,13.4,142.0,CENTRO,13
1.53,56.0,1.95,2.5,25.7,4.6,13.0,2.7,12.8,147.0,CENTRO,14
1.51,56.0,1.9,2.6,24.59,4.6,17.0,2.7,12.1,133.0,CENTRO,15
1.5,53.0,1.85,2.7,21.97,4.7,21.0,2.666666666666667,12.3,134.0,CENTRO,16
1.52,52.0,1.8,2.7,20.11,4.7,13.0,2.6333333333333333,14.3,142.0,CENTRO,17
1.53,49.0,1.75,3.1,19.44,5.1,13.0,2.6,13.5,131.0,CENTRO,18
1.53,46.0,1.7,2.8,18.34,4.5,21.0,2.6,11.4,126.0,CENTRO,19
1.53,41.0,1.5,2.6,18.445,4.2,16.0,2.6,5.3,110.0,CENTRO,21
1.54,38.0,1.5,3.0,18.11,4.6,21.0,2.5,5.2,118.0,CENTRO,22
1.57,32.0,1.5333333333333334,4.2,18.87,5.7,14.0,2.5,2.7,118.0,CENTRO,23
1.61,30.0,1.5666666666666667,4.9,18.81,6.5,15.0,2.6999999999999997,2.1,148.0,CENTRO,0
1.65,20.0,1.6,8.8,19.35,10.4,13.0,2.9,1.1,282.0,CENTRO,1
1.73,17.0,1.6,11.1,20.58,12.7,27.0,3.1,2.6,6.0,CENTRO,2
1.86,20.0,1.6500000000000001,9.8,22.252,11.4,40.0,3.0,5.4,28.0,CENTRO,3
1.61,24.0,1.7,8.1,22.89,9.7,40.0,3.0,8.0,53.0,CENTRO,4
1.56,28.0,1.75,6.5,23.005000000000003,8.1,32.0,3.6,5.7,89.0,CENTRO,5
1.58,27.0,1.8,5.9,23.381666666666668,7.7,20.0,3.8,4.2,199.0,CENTRO,6
1.62,22.0,3.0,8.5,24.314999999999998,11.5,23.0,4.8,3.1,189.0,CENTRO,7
1.75,17.0,5.1,11.8,26.27,16.9,34.0,5.0,6.5,82.0,CENTRO,8
1.73,24.0,3.8,8.9,28.94,12.6,46.0,4.0,7.4,92.0,CENTRO,9
1.93,36.0,3.2,6.8,30.36,9.9,43.0,8.5,6.9,102.0,CENTRO,10
1.85,47.0,2.8,5.5,31.595,8.3,46.0,7.4,7.9,73.0,CENTRO,11
1.6,49.0,2.2,3.6,31.630000000000003,5.7,34.0,3.7,10.7,91.0,CENTRO,12
1.55,54.0,2.1,2.8,29.5,4.8,30.0,4.7,7.7,169.0,CENTRO,13
1.55,61.0,2.1,3.7,25.7,5.8,31.0,7.3,9.8,135.0,CENTRO,14
1.55,61.0,2.1500000000000004,4.3,24.59,6.4,27.0,5.3,10.4,131.0,CENTRO,15
1.57,59.0,2.2,5.6,21.97,7.8,30.0,3.6,8.5,148.0,CENTRO,16
1.59,53.0,2.1,6.8,20.11,9.0,31.0,3.0,9.9,135.0,CENTRO,17
1.63,55.0,2.0,8.9,19.44,10.9,25.0,2.8,7.6,107.0,CENTRO,18
1.59,50.0,1.8,8.2,18.34,10.0,33.0,3.1,7.9,85.0,CENTRO,19
1.52,47.0,1.6,7.6,18.425,9.2,36.0,5.6,8.2,94.0,CENTRO,20
1.52,43.0,1.5,6.3,18.445,7.9,25.0,6.2,4.5,111.0,CENTRO,21
1.61,34.0,1.7,8.6,18.11,10.3,22.0,6.1,1.6,61.0,CENTRO,22
1.74,25.0,1.6,12.8,18.87,14.3,28.0,5.2,3.4,9.0,CENTRO,23
1.59,49.0,1.5,3.9,18.81,5.5,41.0,3.7,14.0,352.0,CENTRO,0
1.45,52.0,1.5,1.4,19.35,3.0,148.0,2.5,8.2,255.0,CENTRO,1
1.47,46.0,1.5250000000000001,1.8,20.58,3.4,39.0,2.4,5.5,214.0,CENTRO,2
1.47,42.0,1.55,2.1,22.252,3.7,13.0,2.4,4.7,236.0,CENTRO,3
1.69,30.0,1.5750000000000002,8.2,22.89,9.7,10.0,2.5,4.2,53.0,CENTRO,4
1.74,20.0,1.6,9.2,23.005000000000003,10.7,22.0,2.5,1.6,256.0,CENTRO,5
1.78,17.0,2.1,8.5,23.381666666666668,10.5,19.0,2.6,1.4,270.0,CENTRO,6
1.82,16.0,5.5,12.3,24.314999999999998,17.8,17.0,2.9,3.6,251.0,CENTRO,7
1.91,18.0,9.8,15.6,26.27,25.3,37.0,4.8,3.7,227.0,CENTRO,8
1.85,30.0,7.5,13.0,28.94,20.5,54.0,5.0,4.7,359.0,CENTRO,9
1.73,43.0,4.3,8.7,30.36,13.0,38.0,4.0,5.5,40.0,CENTRO,10
1.6,51.0,3.2,6.1,31.595,9.3,26.0,3.4,10.6,35.0,CENTRO,11
1.52,59.0,2.6,4.6,31.630000000000003,7.2,25.0,3.9,9.0,62.0,CENTRO,12
1.5,69.0,2.2,4.0,29.5,6.2,13.0,3.5,8.7,99.0,CENTRO,13
1.52,66.0,2.0,4.0,25.7,6.1,16.0,3.3,14.9,95.0,CENTRO,14
1.5,61.0,2.0,3.7,24.59,5.7,19.0,5.1,13.7,135.0,CENTRO,15
1.51,60.0,1.95,3.4,21.97,5.4,9.0,3.5,11.9,133.0,CENTRO,16
1.49,62.0,1.9,2.9,20.11,4.8,11.0,3.0,8.9,122.0,CENTRO,17
1.52,58.0,2.0,4.0,19.44,6.0,15.0,2.7,8.9,83.0,CENTRO,18
1.53,54.0,1.8,4.6,18.34,6.4,12.0,2.8,9.8,103.0,CENTRO,19
1.52,54.0,1.6,3.9,18.425,5.5,16.0,2.6,8.8,127.0,CENTRO,20
1.5,52.0,1.5,3.3,18.445,4.9,13.0,2.5,8.7,130.0,CENTRO,21
1.52,50.0,1.5,3.3,18.11,4.9,12.0,2.4,6.7,101.0,CENTRO,22
1.5,50.0,1.5125,2.8,18.87,4.3,12.0,2.5,7.9,124.0,CENTRO,23
1.47,51.0,1.5250000000000001,2.3,18.81,3.8,17.0,2.3,7.8,116.0,CENTRO,0
1.46,50.0,1.5375,2.1,19.35,3.6,16.0,2.3,5.5,103.0,CENTRO,1
1.49,45.0,1.55,3.8,20.58,5.4,12.0,2.4,2.5,82.0,CENTRO,2
1.49,41.0,1.5625,3.4,22.252,4.9,12.0,2.4,1.1,102.0,CENTRO,3
1.75,31.0,1.5750000000000002,9.3,22.89,10.8,12.0,2.6,3.1,28.0,CENTRO,4
2.05,26.0,1.5875000000000001,12.0,23.005000000000003,13.6,25.0,2.8,1.9,318.0,CENTRO,5
1.72,22.0,1.6,9.8,23.381666666666668,11.5,39.0,2.6,0.9,217.0,CENTRO,6
1.78,18.0,3.1,12.2,24.314999999999998,15.2,26.0,2.7,1.5,288.0,CENTRO,7
1.76,27.0,4.4,11.3,26.27,15.7,36.0,3.0,2.3,359.0,CENTRO,8
1.96,39.0,4.0,10.6,28.94,14.6,37.0,3.7,7.6,32.0,CENTRO,9
1.7,46.0,2.3,7.2,30.36,9.5,34.0,3.2,9.9,15.0,CENTRO,10
1.57,64.0,2.1,5.0,31.595,7.1,20.0,2.6,4.5,292.0,CENTRO,11
1.56,71.0,2.1,4.6,31.630000000000003,6.6,11.0,2.6,4.0,340.0,CENTRO,12
1.61,52.0,2.2,6.2,29.5,8.4,11.0,2.8,4.4,251.0,CENTRO,13
1.59,76.0,2.2,4.6,25.7,6.7,12.0,2.8,5.3,288.0,CENTRO,14
1.56,88.0,1.7,3.3,24.59,5.1,15.0,2.7,4.8,351.0,CENTRO,15
1.69,65.0,1.9,4.4,21.97,6.4,22.0,2.9,6.5,55.0,CENTRO,16
1.58,57.0,2.3,6.7,20.11,8.9,24.0,4.4,8.0,71.0,CENTRO,17
1.53,56.0,1.9,4.8,19.44,6.7,14.0,4.3,4.9,103.0,CENTRO,18
1.56,48.0,1.9,6.3,18.34,8.2,13.0,4.0,3.2,64.0,CENTRO,19
1.71,50.0,1.6,7.6,18.425,9.2,15.0,3.1,4.1,118.0,CENTRO,20
1.71,42.0,1.5,8.3,18.445,9.9,27.0,2.8,3.2,159.0,CENTRO,21
1.78,44.0,1.5,7.9,18.11,9.4,24.0,2.9,5.1,119.0,CENTRO,22
1.73,61.0,1.5125,6.0,18.87,7.6,23.0,3.2,9.8,96.0,CENTRO,23
1.61,61.0,1.5250000000000001,3.6,18.81,5.1,26.0,3.1,6.6,123.0,CENTRO,0
1.59,55.0,1.5375,2.6,19.35,4.2,18.0,3.4,5.8,110.0,CENTRO,1
1.59,45.0,1.55,2.5,20.58,4.0,13.0,2.9,5.1,79.0,CENTRO,2
1.58,46.0,1.5625,2.5,22.252,4.1,14.0,2.8,4.6,51.0,CENTRO,3
1.71,39.0,1.5750000000000002,5.4,22.89,7.0,22.0,2.7,3.2,30.0,CENTRO,4
1.68,37.0,1.5875000000000001,4.7,23.005000000000003,6.3,24.0,2.6,1.3,226.0,CENTRO,5
1.78,28.0,1.6,11.1,23.381666666666668,12.7,18.0,3.5,1.7,304.0,CENTRO,6
1.71,29.0,1.8,7.4,24.314999999999998,9.2,22.0,3.5,1.5,189.0,CENTRO,7
1.9,23.0,6.0,14.3,26.27,20.2,27.0,3.8,3.8,55.0,CENTRO,8
1.94,29.0,6.8,13.5,28.94,20.2,51.0,4.7,2.0,204.0,CENTRO,9
1.89,52.0,3.4,7.5,30.36,10.9,49.0,5.3,5.1,10.0,CENTRO,10
1.67,64.0,2.0,3.1,31.595,5.0,29.0,3.8,7.3,23.0,CENTRO,11
1.57,65.0,1.7,3.9,31.630000000000003,5.6,15.0,3.6,4.2,137.0,CENTRO,12
1.6,71.0,1.8,3.9,29.5,5.7,16.0,3.7,6.1,188.0,CENTRO,13
1.58,80.0,1.6,2.8,25.7,4.4,18.0,3.3,7.8,158.0,CENTRO,14
1.59,85.0,1.5,3.0,24.59,4.6,21.0,3.2,6.7,142.0,CENTRO,15
1.6,77.0,1.6,2.8,21.97,4.5,16.0,3.1,6.9,147.0,CENTRO,16
1.56,72.0,1.5,2.3,20.11,3.9,17.0,3.8,9.6,153.0,CENTRO,17
1.51,67.0,1.6,2.0,19.44,3.6,17.0,5.1,9.2,156.0,CENTRO,18
1.55,48.0,1.7,3.5,18.34,5.2,21.0,3.3,14.0,97.0,CENTRO,19
1.58,42.0,1.5,3.2,18.425,4.8,21.0,2.6,11.1,78.0,CENTRO,20
1.58,42.0,1.5,2.6,18.445,4.2,5.0,2.4,6.6,121.0,CENTRO,21
1.57,42.0,1.6,2.6,18.11,4.2,2.0,2.3,3.1,166.0,CENTRO,22
1.6,41.0,1.5,2.7,18.87,4.1,5.0,2.3,4.4,145.0,CENTRO,23
1.58,38.5,1.5,2.55,18.81,4.0,4.5,2.3,3.5500000000000003,117.5,CENTRO,0
1.56,36.0,1.5,2.4,19.35,3.9,4.0,2.3,2.7,90.0,CENTRO,1
1.54,37.0,1.5,2.1,20.58,3.6,6.0,2.3,3.2,104.0,CENTRO,2
1.55,31.0,1.5,2.0,22.252,3.5,3.0,2.2,1.2,79.0,CENTRO,3
1.56,28.0,1.6,2.3,22.89,4.0,3.0,2.3,1.0,175.0,CENTRO,4
1.57,26.0,1.5,2.8,23.005000000000003,4.4,6.0,2.3,0.9,180.0,CENTRO,5
1.63,16.0,2.1,6.3,23.381666666666668,8.5,8.0,2.5,1.5,222.0,CENTRO,6
1.74,15.0,5.5,9.5,11.852537313432837,15.0,18.0,2.7,3.1,229.0,CENTRO,7
1.77,23.0,5.8,9.4,11.839402985074628,15.3,18.0,2.9,2.4,16.0,CENTRO,8
2.07,18.0,10.8,14.4,11.826268656716419,25.1,32.0,3.5,3.6,56.0,CENTRO,9
1.86,31.0,5.2,9.5,11.81313432835821,14.7,50.0,3.7,5.0,40.0,CENTRO,10
1.75,44.0,3.8,7.8,11.8,11.6,27.0,4.4,6.2,44.0,CENTRO,11
1.7,56.0,2.9,7.3,11.6,10.2,26.0,4.9,7.1,72.0,CENTRO,12
1.68,65.0,2.3,5.0,10.04,7.4,29.0,3.6,7.7,90.0,CENTRO,13
1.67,75.0,2.0,4.1,10.99,6.0,24.0,3.1,8.1,78.0,CENTRO,14
1.66,68.0,2.0,4.2,11.4,6.2,21.0,3.1,9.3,77.0,CENTRO,15
1.65,58.0,2.1,3.7,12.46,5.8,23.0,3.0,9.3,113.0,CENTRO,16
1.61,57.0,1.9,3.0,12.79,4.9,22.0,2.9,6.9,143.0,CENTRO,17
1.65,51.0,1.9,3.7,13.2,5.5,17.0,2.7,8.2,146.0,CENTRO,18
1.6,49.0,1.7,2.5,11.45,4.3,13.0,2.6,8.2,147.0,CENTRO,19
1.64,36.0,1.7,4.0,8.69,5.8,16.0,2.5,10.5,108.0,CENTRO,20
1.59,30.0,1.6,2.2,4.44,3.9,15.0,2.4,13.4,95.0,CENTRO,21
1.6,27.0,1.6,1.6,4.44,3.3,9.0,2.4,8.9,102.0,CENTRO,22
1.58,31.0,1.6,1.5,3.92,3.1,5.0,2.3000000000000003,6.3,117.0,CENTRO,23
1.54,32.0,1.6,1.1,4.0633333333333335,2.8,3.0,2.2,7.4,147.0,CENTRO,0
1.54,34.0,1.6,0.5,4.206666666666666,2.1,2.0,2.3,5.9,87.0,CENTRO,1
1.6,24.0,1.7,3.4,4.35,5.1,4.0,2.4,6.6,71.0,CENTRO,2
1.58,25.0,1.5,2.4,7.78,4.0,6.0,2.4,5.2,62.0,CENTRO,3
1.59,23.0,1.5,2.9,8.825,4.4,8.0,2.7,4.0,65.0,CENTRO,4
1.59,24.0,1.6,2.6,9.87,4.3,21.0,2.6,4.0,73.0,CENTRO,5
1.61,19.0,1.7,4.2,10.32,5.9,13.0,2.5,1.8,93.0,CENTRO,6
1.68,15.0,2.6,6.1,11.04,8.6,12.0,2.5,1.8,103.0,CENTRO,7
1.75,16.0,4.8,6.5,11.0,11.3,16.0,2.5500000000000003,4.4,61.0,CENTRO,8
1.82,18.0,5.4,7.4,10.99,12.7,25.0,2.6,7.9,78.0,CENTRO,9
1.74,27.0,3.3,5.4,10.77,8.6,28.0,2.7,5.7,94.0,CENTRO,10
1.73,34.0,2.9,5.0,11.91,7.8,23.0,3.7,6.6,109.0,CENTRO,11
1.68,44.0,2.5,4.1,13.81,6.6,24.0,11.9,6.2,86.0,CENTRO,12
1.65,47.0,2.1,2.7,9.84,4.8,23.0,4.4,6.9,91.0,CENTRO,13
1.63,42.0,2.0,2.5,7.71,4.5,15.0,3.1,7.0,120.0,CENTRO,14
1.63,39.0,2.3,2.6,5.5,4.9,14.0,2.7,7.5,77.0,CENTRO,15
1.63,36.0,2.3,2.3,4.6,4.6,9.0,2.6,9.8,90.0,CENTRO,16
1.62,35.0,2.2,2.4,4.36,4.6,5.0,2.4,9.7,136.0,CENTRO,17
1.62,35.0,2.1,2.2,4.54,4.3,6.0,2.4,9.5,151.0,CENTRO,18
1.61,35.0,1.9,2.1,4.57,4.0,6.0,2.3499999999999996,11.1,140.0,CENTRO,19
1.61,34.0,1.6,2.1,5.05,3.8,7.0,2.3,10.9,128.0,CENTRO,20
1.6,31.0,1.5,1.8,4.99,3.7,9.0,2.3,8.7,120.0,CENTRO,21
1.61,26.0,1.5,1.5,5.39,3.8,8.0,2.25,6.3,116.0,CENTRO,22
1.58,25.0,1.6,1.2,4.8,2.9,6.0,2.2,10.6,124.0,CENTRO,23
1.56,25.0,1.6,0.9,6.384285714285714,2.6,4.0,2.3,9.3,141.0,CENTRO,0
1.56,25.0,1.5,0.6,7.968571428571429,2.1,3.0,2.2,8.9,128.0,CENTRO,1
1.58,23.0,1.5,1.5,9.552857142857142,3.1,2.0,2.3,6.0,102.0,CENTRO,2
1.63,14.0,1.8,3.9,11.137142857142857,5.6,2.0,2.6,5.5,63.0,CENTRO,3
1.65,16.0,1.6,2.6,12.721428571428572,4.2,6.0,2.6,3.4,100.0,CENTRO,4
1.69,12.0,1.6,4.3,14.305714285714286,5.9,11.0,3.0,2.5,70.0,CENTRO,5
1.69,8.0,2.1,5.9,15.89,7.9,29.0,2.9,2.6,89.0,CENTRO,6
1.74,9.0,3.8,6.5,16.66,10.2,28.0,2.7,2.9,86.0,CENTRO,7
1.92,8.0,10.8,8.5,20.15,19.3,37.0,3.4,4.4,58.0,CENTRO,8
2.02,14.0,8.7,8.6,21.11,17.3,49.0,3.4,4.9,39.0,CENTRO,9
1.9,17.0,8.5,9.2,21.04,17.7,45.0,5.8,7.1,62.0,CENTRO,10
1.77,31.0,4.5,5.7,16.87,10.1,45.0,5.3,9.7,78.0,CENTRO,11
1.71,40.0,3.0,4.0,12.57,7.0,33.0,3.9,9.3,59.0,CENTRO,12
1.7,52.0,2.2,3.3,12.03,5.4,25.0,3.0,9.0,77.0,CENTRO,13
1.66,56.0,2.1,2.7,9.69,4.8,20.0,2.8,9.2,85.0,CENTRO,14
1.65,43.0,2.1,2.3,7.12,4.4,15.0,2.6,9.1,81.0,CENTRO,15
1.65,42.0,2.3,2.6,6.593333333333334,4.9,6.0,2.4,10.0,93.0,CENTRO,16
1.63,42.0,2.2,2.3,6.066666666666666,4.5,5.0,2.5,10.2,142.0,CENTRO,17
1.63,46.0,2.1,2.0,5.54,4.1,8.0,2.4,11.0,152.0,CENTRO,18
1.61,41.0,1.9,1.7,5.48,3.6,10.0,2.4,10.3,155.0,CENTRO,19
1.61,44.0,1.7,2.0,5.93,3.7,10.0,2.3,9.1,148.0,CENTRO,20
1.63,38.0,1.6,2.2,5.78,3.9,8.0,2.3,9.4,132.0,CENTRO,21
1.64,38.0,1.6,2.4,6.58,4.1,12.0,2.25,7.3,106.0,CENTRO,22
1.61,40.0,1.5,1.4,6.81,3.0,7.0,2.2,10.6,124.0,CENTRO,23
1.61,35.0,1.5,1.2,7.11,2.8,4.0,2.2,9.5,105.0,CENTRO,0
1.6,33.0,1.5333333333333334,0.9,7.41,2.6,10.0,2.3,7.5,112.0,CENTRO,1
1.6,53.0,1.5666666666666667,1.1,7.37,2.7,15.0,2.3,5.6,77.0,CENTRO,2
1.61,45.0,1.6,1.3,9.553333333333333,3.0,6.0,2.35,6.8,61.0,CENTRO,3
1.61,35.0,1.6,1.6,11.736666666666666,3.2,9.0,2.4,5.1,57.0,CENTRO,4
1.66,38.0,1.95,2.8,13.92,4.4,20.0,2.4,3.9,57.0,CENTRO,5
1.72,35.0,2.3,5.6,13.5,7.8,24.0,2.5,4.5,61.0,CENTRO,6
1.78,54.0,7.5,6.9,15.83,14.4,33.0,3.0,3.9,73.0,CENTRO,7
2.05,38.0,6.9,6.8,18.47,13.7,34.0,2.8,4.7,34.0,CENTRO,8
2.05,45.0,7.8,7.4,19.17,15.2,43.0,2.9,4.9,44.0,CENTRO,9
2.02,43.0,5.7,8.2,20.44,13.9,53.0,3.1,4.4,50.0,CENTRO,10
2.01,55.0,4.5,9.9,22.53,14.4,49.0,3.6,5.9,34.0,CENTRO,11
1.91,74.0,2.8,7.3,20.35,10.1,52.0,4.6,8.2,66.0,CENTRO,12
1.76,64.0,2.1,3.8,14.01,5.9,39.0,3.0,10.2,81.0,CENTRO,13
1.69,46.0,2.1,2.6,9.46,4.7,29.0,2.6,12.1,90.0,CENTRO,14
1.64,42.0,2.0,1.8,7.77,3.8,16.0,2.7,11.4,152.0,CENTRO,15
1.66,38.0,2.1,1.8,6.79,3.9,20.0,2.5,11.8,138.0,CENTRO,16
1.67,38.0,2.2,2.1,6.42,4.2,8.0,2.5,11.2,151.0,CENTRO,17
1.67,37.0,2.1,2.3,6.255,4.4,6.0,2.4499999999999997,11.6,148.0,CENTRO,18
1.66,34.0,1.8,1.9,6.09,3.7,8.0,2.4,12.3,149.0,CENTRO,19
1.66,31.0,1.6,2.1,6.21,3.7,8.0,2.4,10.3,142.0,CENTRO,20
1.67,25.0,1.6,2.4,7.92,4.0,9.0,2.5,9.0,117.0,CENTRO,21
1.65,24.0,1.55,1.4,9.31,3.1,13.0,2.4,11.1,131.0,CENTRO,22
1.64,24.0,1.5,0.8,9.44,2.4,17.0,2.4,12.0,142.0,CENTRO,23
1.63,23.0,1.5,0.7,7.69,2.2,14.0,2.2,12.1,127.0,CENTRO,0
1.63,22.0,1.5250000000000001,0.6,7.96,2.1,17.0,2.3,8.4,131.0,CENTRO,1
1.63,20.0,1.55,0.7,8.28,2.2,15.0,2.2,6.3,98.0,CENTRO,2
1.64,18.0,1.5750000000000002,0.9,9.34,2.5,7.0,2.3,6.1,80.0,CENTRO,3
1.65,17.0,1.6,1.3,10.4,3.0,6.0,2.3,7.2,55.0,CENTRO,4
1.66,12.0,2.0,2.9,11.46,5.0,19.0,2.4,6.6,62.0,CENTRO,5
1.72,8.0,3.4,4.9,13.13,8.3,22.0,2.5,5.3,64.0,CENTRO,6
1.86,7.0,6.8,6.6,18.35,13.4,22.0,2.8,5.1,34.0,CENTRO,7
1.93,9.0,7.3,6.5,19.67,13.8,41.0,3.0,5.4,53.0,CENTRO,8
1.9,11.0,9.6,6.7,18.54,16.2,44.0,4.9,7.3,67.0,CENTRO,9
1.85,19.0,6.6,5.8,17.9,12.4,51.0,4.8,7.1,78.0,CENTRO,10
1.85,30.0,5.4,7.1,19.05,12.4,41.0,10.3,7.6,36.0,CENTRO,11
1.79,40.0,3.2,4.4,15.05,7.7,39.0,6.4,11.1,76.0,CENTRO,12
1.77,42.0,2.6,3.4,12.43,6.0,25.0,5.1,10.5,66.0,CENTRO,13
1.72,37.0,2.2,2.3,10.24,4.6,25.0,3.1,12.6,89.0,CENTRO,14
1.68,34.0,2.1,1.7,7.67,3.8,19.0,2.7,11.8,133.0,CENTRO,15
1.69,35.0,2.3,2.0,7.9,4.3,13.0,2.7,12.2,143.0,CENTRO,16
1.69,36.0,2.1,1.9,8.4,4.0,13.0,2.5,12.5,142.0,CENTRO,17
1.7,30.0,2.1,2.4,8.16,4.6,13.0,2.5,12.7,126.0,CENTRO,18
1.69,26.0,1.9,2.1,8.05,4.0,12.0,2.6,10.1,147.0,CENTRO,19
1.69,29.0,1.6,2.0,8.85,3.7,12.0,2.4,9.8,152.0,CENTRO,20
1.7,26.0,1.6,2.5,8.74,4.2,10.0,2.5,11.1,122.0,CENTRO,21
1.66,25.0,1.55,1.0,7.55,2.7,14.0,2.4,13.8,112.0,CENTRO,22
1.66,23.0,1.5,0.9,7.65,2.6,15.0,2.4,12.2,149.0,CENTRO,23
1.66,20.0,1.5,0.7,7.46,2.2,11.0,2.3,10.3,146.0,CENTRO,0
1.66,19.0,1.6,0.8,7.9,2.4,11.0,2.4,6.9,118.0,CENTRO,1
1.67,17.0,1.5,1.3,8.605,2.9,8.0,2.3,5.8,50.0,CENTRO,2
1.67,16.0,1.6,1.3,9.31,3.0,16.0,2.3,7.6,65.0,CENTRO,3
1.69,10.0,2.6,3.9,14.05,6.6,18.0,2.7,5.9,44.0,CENTRO,4
1.7,11.0,2.0,3.3,10.27,5.2,25.0,2.7,7.4,62.0,CENTRO,5
1.72,9.0,2.3,4.1,10.96,6.4,22.0,2.5,5.7,69.0,CENTRO,6
1.8,8.0,8.6,5.3,12.19,13.9,24.0,4.0,5.8,60.0,CENTRO,7
1.86,11.0,8.5,5.6,12.24,14.1,35.0,3.6,4.5,31.0,CENTRO,8
1.84,18.0,5.9,5.0,11.45,10.9,24.0,4.1,5.1,69.0,CENTRO,9
1.85,29.0,4.6,5.3,11.0,9.9,22.0,3.4,5.9,71.0,CENTRO,10
1.81,43.0,2.8,4.2,10.65,7.0,22.0,2.8,6.8,80.0,CENTRO,11
1.77,53.0,2.2,3.6,10.82,5.8,14.0,2.8,9.3,84.0,CENTRO,12
1.75,59.0,2.1,3.3,10.74,5.4,17.0,3.05,10.2,67.0,CENTRO,13
1.76,61.0,2.1,3.2,11.15,5.3,19.0,3.3,10.8,70.0,CENTRO,14
1.77,67.0,2.0,3.2,12.82,5.2,26.0,6.1,12.1,83.0,CENTRO,15
1.76,61.0,1.9,2.7,14.53,4.6,33.0,10.4,13.1,101.0,CENTRO,16
1.7,48.0,1.9,1.9,10.66,3.8,35.0,6.4,11.2,122.0,CENTRO,17
1.68,43.0,1.8,1.7,7.28,3.5,20.0,4.6,10.7,138.0,CENTRO,18
1.65,41.0,1.7,1.8,6.71,3.5,8.0,4.2,11.6,143.0,CENTRO,19
1.67,38.0,1.6,2.3,6.42,4.0,12.0,2.9,10.3,122.0,CENTRO,20
1.69,36.0,1.6,2.4,7.09,4.1,16.0,2.8,8.3,143.0,CENTRO,21
1.74,34.0,1.5833333333333335,2.8,7.84,4.4,12.0,2.5,7.9,121.0,CENTRO,22
1.69,35.0,1.5666666666666667,1.8,6.45,3.4,12.0,2.5,8.6,140.0,CENTRO,23
1.67,36.0,1.55,1.2,5.35,2.9,8.0,2.4499999999999997,8.2,135.0,CENTRO,0
1.69,39.0,1.5333333333333334,1.4,6.02,3.0,10.0,2.4,8.0,116.0,CENTRO,1
1.68,38.0,1.5166666666666666,1.0,5.83,2.6,23.0,2.4,8.3,116.0,CENTRO,2
1.67,36.0,1.5,0.8,5.56,2.4,11.0,2.3,8.3,132.0,CENTRO,3
1.67,34.0,1.6,0.6,5.09,2.0,13.0,2.4,7.8,125.0,CENTRO,4
1.68,32.0,1.5,1.1,5.27,2.7,9.0,2.5,5.1,78.0,CENTRO,5
1.75,18.0,1.8,5.9,8.04,7.7,9.0,2.9,4.0,58.0,CENTRO,6
1.81,15.0,3.4,7.6,8.76,11.0,21.0,3.5,2.2,20.0,CENTRO,7
1.88,20.0,5.3,7.4,10.26,12.7,27.0,4.1,3.4,30.0,CENTRO,8
2.37,31.0,5.2,8.4,12.26,13.6,33.0,4.7,4.3,37.0,CENTRO,9
2.08,39.0,4.2,7.0,10.53,11.2,38.0,6.3,6.5,39.0,CENTRO,10
1.76,58.0,2.1,2.9,8.55,4.9,27.0,3.9,6.5,57.0,CENTRO,11
1.75,67.0,1.8,2.3,8.26,4.1,14.0,3.0,7.2,96.0,CENTRO,12
1.74,68.0,1.8,2.5,8.4,4.3,18.0,3.4,7.3,72.0,CENTRO,13
1.73,65.0,1.9,2.6,8.41,4.5,16.0,4.2,8.1,89.0,CENTRO,14
1.73,70.0,1.8,2.8,9.21,4.6,15.0,5.1,8.5,81.0,CENTRO,15
1.73,74.0,1.7,2.4,9.04,4.2,14.0,4.3,8.5,74.0,CENTRO,16
1.72,72.0,1.6,1.7,8.84,3.4,17.0,3.6,7.9,79.0,CENTRO,17
1.7,62.0,1.6,1.4,7.83,3.0,14.0,3.3,8.0,107.0,CENTRO,18
1.7,53.0,1.5666666666666667,1.3,7.05,2.9,16.0,2.8,8.9,152.0,CENTRO,19
1.71,49.0,1.5333333333333334,1.6,7.55,3.2,10.0,2.6,9.0,157.0,CENTRO,20
1.73,43.0,1.5,1.8,7.91,3.3,12.0,2.5,10.5,151.0,CENTRO,21
1.7,38.0,1.6,1.3,6.72,2.9,7.0,2.5,10.5,151.0,CENTRO,22
1.72,36.0,1.5,2.0,6.765,3.7,5.0,2.4,7.9,116.0,CENTRO,23
1.69,37.0,1.5,1.3,6.81,2.9,13.0,2.4,9.5,128.0,CENTRO,0
1.68,36.0,1.55,1.0,6.37,2.6,14.0,2.5,7.2,114.0,CENTRO,1
1.71,30.0,1.6,2.3,7.13,3.9,11.0,2.6,5.9,44.0,CENTRO,2
1.75,16.0,2.1,7.8,10.72,9.9,19.0,5.7,4.7,26.0,CENTRO,3
1.78,14.0,1.6,8.1,10.31,9.8,30.0,3.2,2.8,18.0,CENTRO,4
1.96,19.0,1.8,5.4,10.25,7.3,15.0,3.0,1.8,337.0,CENTRO,5
2.25,13.0,2.6,7.6,11.82,10.1,22.0,3.1,0.9,310.0,CENTRO,6
2.29,9.0,8.5,10.9,12.55,19.4,25.0,3.7,2.1,340.0,CENTRO,7
2.08,17.0,7.9,9.7,11.64,17.6,37.0,3.8,4.1,8.0,CENTRO,8
2.12,26.0,8.1,11.8,13.28,19.9,39.0,4.6,4.7,18.0,CENTRO,9
1.97,42.0,4.2,8.5,14.48,12.7,60.0,4.3,3.9,34.0,CENTRO,10
2.31,50.0,6.2,16.7,22.01,22.9,62.0,10.1,5.8,93.0,CENTRO,11
1.94,82.0,2.7,8.9,15.27,11.5,83.0,7.5,6.5,87.0,CENTRO,12
1.9,98.0,1.9,5.5,13.04,7.4,47.0,4.6,8.2,77.0,CENTRO,13
1.84,90.0,1.9,4.3,12.76,6.2,32.0,6.5,11.5,83.0,CENTRO,15
1.85,85.0,1.8,3.7,11.67,5.5,29.0,4.7,11.5,94.0,CENTRO,16
1.85,73.0,1.9,3.5,10.49,5.3,27.0,3.5,11.7,154.0,CENTRO,17
1.82,74.0,1.7,3.0,10.36,4.7,26.0,3.3,10.9,153.0,CENTRO,18
1.78,60.0,1.6,2.8,10.81,4.5,24.0,3.1,11.4,148.0,CENTRO,19
1.79,57.0,1.5,2.5,11.34,4.1,15.0,3.1,11.3,146.0,CENTRO,20
1.79,54.0,1.5,2.2,10.91,3.8,19.0,2.9,12.1,138.0,CENTRO,21
1.77,46.0,1.5,1.7,10.0,3.3,23.0,2.7,10.3,131.0,CENTRO,22
1.78,36.0,1.5,2.7,13.11,4.3,16.0,3.0,8.9,100.0,CENTRO,23
1.75,31.0,1.5,2.2,13.98,3.8,14.0,2.9,4.8,56.0,CENTRO,0
1.75,22.0,1.9,6.6,16.29,8.5,21.0,3.9,5.3,34.0,CENTRO,1
1.74,23.0,1.6,4.9,14.44,6.5,25.0,3.5,5.9,24.0,CENTRO,2
1.78,14.0,1.8,8.8,17.31,10.6,28.0,4.1,4.0,42.0,CENTRO,3
1.84,11.0,2.0,9.6,18.89,11.6,40.0,4.9,2.0,19.0,CENTRO,4
1.89,12.0,1.6,8.1,19.33,9.7,46.0,3.3,1.7,318.0,CENTRO,5
1.88,13.0,2.0,7.3,18.5,9.3,35.0,3.2,3.9,355.0,CENTRO,6
2.39,8.0,7.5,11.0,21.36,18.5,29.0,3.7,1.4,353.0,CENTRO,7
2.25,10.0,10.0,11.8,21.64,21.8,53.0,4.1,1.7,86.0,CENTRO,8
2.51,17.0,14.3,16.4,24.46,30.6,59.0,5.4,4.2,55.0,CENTRO,9
2.66,26.0,12.9,22.9,31.12,35.7,79.0,10.4,4.5,53.0,CENTRO,10
2.5,45.0,7.6,24.6,34.75,32.2,101.0,13.2,6.6,62.0,CENTRO,11
2.21,89.0,3.3,15.3,29.39,18.6,114.0,12.2,7.3,62.0,CENTRO,12
2.04,108.0,2.2,9.1,24.44,11.2,93.0,7.4,6.8,86.0,CENTRO,13
2.03,96.0,1.8,7.2,22.25,9.0,80.0,5.0,7.0,100.0,CENTRO,14
1.89,44.0,2.2,5.3,15.53,7.4,60.0,3.7,7.5,28.0,CENTRO,15
1.9,56.0,2.1,5.5,16.71,7.6,43.0,4.2,6.1,55.0,CENTRO,16
1.96,85.0,2.0,5.4,19.39,7.4,36.0,3.7,9.0,138.0,CENTRO,17
1.9,68.0,1.8,3.6,18.07,5.3,47.0,3.5,10.8,161.0,CENTRO,18
1.83,52.0,1.6,2.4,15.7,4.0,37.0,3.3,9.5,161.0,CENTRO,19
1.79,48.0,1.6,3.1,18.22,4.7,36.0,2.9,18.1,352.0,CENTRO,20
1.75,47.0,1.6,2.4,8.41,4.1,104.0,2.5,12.0,284.0,CENTRO,21
1.76,44.0,1.5,2.4,4.69,4.0,23.0,2.4,6.6,213.0,CENTRO,22
1.77,40.0,1.6,3.7,4.96,5.4,17.333333333333332,2.5,5.2,203.0,CENTRO,23
1.78,34.0,1.6,5.0,6.49,6.6,11.666666666666668,2.7,3.7,217.0,CENTRO,0
1.79,27.0,1.7,5.5,6.555000000000001,7.2,6.0,2.8,1.2,252.0,CENTRO,1
1.78,27.0,1.8,5.9,6.62,7.5,17.0,3.3,1.6,244.0,CENTRO,2
1.76,26.0,1.9,5.2,7.7,6.9,11.0,3.7,2.8,233.0,CENTRO,3
1.82,16.0,2.0,8.7,8.84,10.7,14.0,3.7,2.9,283.0,CENTRO,4
2.19,7.0,8.5,15.4,13.58,23.9,23.0,3.6,4.9,115.0,CENTRO,5
2.0,26.0,3.9,8.7,12.48,12.6,46.0,4.1,7.2,79.0,CENTRO,6
1.9,28.0,2.9,8.6,11.59,11.5,41.0,3.0,4.2,149.0,CENTRO,7
1.93,30.0,3.8,7.8,11.66,11.6,31.0,2.8,3.8,197.0,CENTRO,8
1.85,39.0,2.9,5.3,9.85,8.2,27.0,2.7,3.1,249.0,CENTRO,9
1.78,54.0,2.2,3.3,7.76,5.4,22.0,2.7,4.2,280.0,CENTRO,10
1.76,61.0,2.2,3.4,7.92,5.6,12.0,2.6,4.0,165.0,CENTRO,11
1.89,67.0,2.5,5.6,10.43,8.1,12.0,2.8,13.1,23.0,CENTRO,12
1.82,64.0,2.2,3.5,9.35,5.7,22.0,2.7,12.8,15.0,CENTRO,13
1.81,72.0,2.1,4.3,10.68,6.4,18.0,3.3,11.2,47.0,CENTRO,14
1.81,70.0,1.9,3.0,11.77,4.9,22.0,2.9,13.2,83.0,CENTRO,15
1.8,59.0,2.0,2.6,12.44,4.6,21.0,2.6,13.1,107.0,CENTRO,16
1.79,55.0,1.9,2.4,14.14,4.3,18.0,2.6,15.3,106.0,CENTRO,17
1.84,44.0,1.9,3.3,14.28,5.2,28.0,2.8,17.9,121.0,CENTRO,18
1.81,46.0,1.8,2.5,9.37,4.3,54.0,2.5,15.1,136.0,CENTRO,19
1.8,45.0,1.6,2.6,8.44,4.3,14.0,2.4,7.3,148.0,CENTRO,20
1.82,42.0,1.5,2.9,8.52,4.5,10.0,2.4,4.1,98.0,CENTRO,21
1.89,34.0,1.6,5.0,9.49,6.7,10.0,2.425,5.8,105.0,CENTRO,22
1.9,31.0,1.6,5.6,10.94,7.2,15.0,2.45,3.3,80.0,CENTRO,23
1.92,28.0,1.6,6.0,12.035,7.6,10.0,2.475,6.7,74.0,CENTRO,0
1.86,32.0,1.6,3.8,13.13,5.5,26.0,2.5,4.7,52.0,CENTRO,1
1.84,34.0,1.5,2.7,11.55,4.4,20.0,2.5,4.0,47.0,CENTRO,2
1.8,36.0,1.5,2.0,14.26,3.6,23.0,2.7,6.6,73.0,CENTRO,3
1.76,39.0,1.5,1.0,12.5,2.6,20.0,2.5,5.5,96.0,CENTRO,4
1.78,37.0,1.5,1.4,11.15,3.0,19.0,2.4,7.7,96.0,CENTRO,5
1.84,28.0,1.7,4.8,13.39,6.6,25.0,2.4,5.8,64.0,CENTRO,6
1.94,24.0,2.1,7.2,12.44,9.3,26.0,2.5999999999999996,7.5,87.0,CENTRO,7
1.94,22.0,3.0,11.4,7.33,14.4,14.0,2.8,4.3,123.0,CENTRO,8
1.94,32.0,2.1,5.4,6.43,7.6,13.0,2.5,2.2,30.0,CENTRO,9
2.13,22.0,5.9,10.8,8.79,16.7,19.0,2.7,3.7,48.0,CENTRO,10
2.47,22.0,8.6,14.3,13.32,23.0,27.0,3.2,3.3,62.0,CENTRO,11
2.2,29.0,8.4,14.6,17.95,23.0,35.0,6.5,7.2,69.0,CENTRO,12
2.09,35.0,6.0,10.8,16.66,16.8,33.0,5.8,9.3,75.0,CENTRO,13
1.97,47.0,4.1,7.3,16.27,11.4,29.0,6.0,11.4,71.0,CENTRO,14
1.94,49.0,2.5,5.3,16.3,7.8,30.0,4.1,12.3,69.0,CENTRO,15
1.84,42.0,2.2,3.1,8.03,5.3,24.0,3.0,16.6,133.0,CENTRO,16
1.85,40.0,1.9,3.4,6.48,5.3,29.0,2.7,8.9,148.0,CENTRO,17
1.84,39.0,2.0,3.2,6.57,5.1,29.0,2.5,8.9,113.0,CENTRO,18
1.86,37.0,1.9,4.1,7.11,6.0,29.0,2.5,5.9,108.0,CENTRO,19
1.9,32.0,1.7,5.7,8.12,7.4,29.473684210526315,2.4,6.0,102.0,CENTRO,20
2.04,18.0,1.8,9.9,9.87,11.8,29.94736842105263,2.4,1.3,101.0,CENTRO,21
2.16,9.0,2.7,13.1,12.25,15.8,30.42105263157895,2.5,2.3,131.0,CENTRO,22
2.21,6.0,3.1,13.4,13.28,16.5,30.894736842105264,2.5,1.5,82.0,CENTRO,23
2.21,6.0,4.7,16.1,17.15,20.8,34.665,2.4,3.1,32.0,CENTRO,0
1.98,16.0,1.8,7.6,11.54,9.5,33.0,2.3,2.9,172.0,CENTRO,1
1.93,14.0,1.6,5.9,10.2,7.5,34.39,2.4,1.1,354.0,CENTRO,2
1.95,12.0,1.7,7.7,11.51,9.4,37.1,2.4,1.5,88.0,CENTRO,3
1.89,16.0,1.6,5.2,10.69,6.8,37.5,2.5,1.2,175.0,CENTRO,4
1.93,13.0,1.8,6.3,11.66,8.1,37.84,2.4,1.3,209.0,CENTRO,5
2.03,9.0,2.9,8.7,13.48,11.6,39.0,2.5,1.4,129.0,CENTRO,6
2.19,8.0,11.4,11.9,14.79,23.2,41.14,2.7,1.4,113.0,CENTRO,7
2.23,15.0,13.2,14.7,16.74,27.9,46.504999999999995,4.5,4.3,26.0,CENTRO,8
2.25,26.0,10.8,14.3,16.81,25.1,55.0,7.5,6.1,63.0,CENTRO,9
1.98,49.0,3.3,6.8,10.25,10.0,36.10526315789474,3.8,9.0,68.0,CENTRO,10
1.9,57.0,2.4,4.1,9.72,6.5,36.578947368421055,3.1,11.0,67.0,CENTRO,11
1.88,68.0,2.3,4.7,9.97,6.9,37.05263157894737,4.6,11.2,66.0,CENTRO,12
1.86,81.0,2.1,4.6,11.97,6.7,37.526315789473685,6.7,11.6,71.0,CENTRO,13
1.83,80.0,2.0,4.1,11.35,6.1,38.0,6.2,11.2,85.0,CENTRO,14
1.83,80.0,2.0,4.1,11.77,6.1,35.0,6.1,11.1,77.0,CENTRO,15
1.82,79.0,1.9,3.7,13.94,5.6,38.0,7.3,10.6,88.0,CENTRO,16
1.81,81.0,2.0,3.9,10.48,5.8,35.0,5.5,10.2,89.0,CENTRO,17
1.8,73.0,1.8,3.5,8.99,5.3,36.0,4.3,9.3,130.0,CENTRO,18
1.79,69.0,1.7,3.0,8.34,4.7,25.0,3.5,9.4,144.0,CENTRO,19
1.8,64.0,1.7,3.5,8.82,5.2,28.0,3.4,7.5,157.0,CENTRO,20
1.86,56.0,1.5,4.8,10.1,6.4,25.0,3.0,6.7,139.0,CENTRO,21
1.84,57.0,1.5,3.7,10.37,5.3,27.0,3.0,6.1,118.0,CENTRO,22
1.86,54.0,1.5222222222222221,3.9,10.81,5.5,28.0,2.7,5.1,106.0,CENTRO,23
1.83,55.0,1.5444444444444445,3.2,8.96,4.8,22.0,2.6,4.8,102.0,CENTRO,0
1.81,55.0,1.5666666666666667,3.0,8.65,4.6,21.0,2.6,5.3,110.0,CENTRO,1
1.83,48.0,1.5888888888888888,3.5,10.46,5.1,23.0,3.7,6.1,84.0,CENTRO,2
1.83,44.0,1.6111111111111112,3.5,9.47,5.1,24.0,3.9,3.0,359.0,CENTRO,3
1.79,52.0,1.6333333333333333,1.6,8.63,3.2,29.0,2.9,7.7,95.0,CENTRO,4
1.78,52.0,1.6555555555555554,1.6,8.82,3.2,17.0,2.6,8.2,112.0,CENTRO,5
1.79,50.0,1.6777777777777778,2.0,9.15,3.6,17.0,2.4,9.1,137.0,CENTRO,6
1.84,47.0,1.7,3.7,9.25,5.4,16.0,2.4,7.2,120.0,CENTRO,7
1.84,49.0,2.1,4.1,8.9,6.3,16.0,2.5,8.8,134.0,CENTRO,8
1.79,61.0,2.0,2.8,8.74,4.8,24.0,2.6,7.4,146.0,CENTRO,9
1.77,72.0,1.9,2.4,9.6,4.4,20.0,2.8,7.5,112.0,CENTRO,10
1.79,82.0,2.1,2.9,11.17,4.9,17.0,3.0,6.7,67.0,CENTRO,11
1.82,85.0,2.2,5.0,13.31,7.2,21.0,4.8,7.0,47.0,CENTRO,12
1.84,92.0,2.3,6.8,14.67,9.1,27.0,7.4,8.0,63.0,CENTRO,13
1.83,102.0,2.0,5.6,14.91,7.7,29.0,5.8,7.9,60.0,CENTRO,14
1.83,110.0,1.8,5.0,15.51,6.8,36.0,5.2,8.7,81.0,CENTRO,15
1.8,106.0,1.8,3.8,14.26,5.5,39.0,3.7,10.0,100.0,CENTRO,16
1.8,98.0,1.7000000000000002,3.8,14.29,5.5,31.0,3.3,9.8,87.0,CENTRO,17
1.8,90.0,1.6,3.2,13.36,4.9,32.0,3.1,8.8,117.0,CENTRO,18
1.8,85.0,1.5,2.9,14.13,4.5,23.0,3.0,9.3,133.0,CENTRO,19
1.79,83.0,1.5,2.5,14.52,4.1,25.0,3.3,7.4,165.0,CENTRO,20
1.83,80.0,1.509090909090909,3.4,16.17,5.0,25.0,3.9,7.9,149.0,CENTRO,21
1.8,81.0,1.5181818181818183,2.7,16.67,4.3,30.0,5.0,8.0,153.0,CENTRO,22
1.86,75.0,1.5272727272727273,3.7,18.24,5.3,30.0,5.0,6.5,108.0,CENTRO,23
1.85,72.0,1.5363636363636364,3.4,17.91,4.9,32.0,4.7,5.3,124.0,CENTRO,0
1.82,55.0,1.6,3.4,13.78,5.0,27.0,3.2,11.0,85.0,CENTRO,1
1.81,51.0,1.69375,2.3,11.01,3.8,23.0,3.7,7.7,117.0,CENTRO,2
1.78,58.0,1.5636363636363637,1.0,9.46,2.7,22.0,2.9,7.2,137.0,CENTRO,3
1.79,59.0,1.5727272727272728,0.8,9.88,2.4,15.0,2.6,7.5,113.0,CENTRO,4
1.79,59.0,1.5818181818181818,0.8,9.46,2.5,21.0,2.5,6.0,108.0,CENTRO,5
1.79,57.0,1.590909090909091,1.1,10.33,2.7,27.0,2.5,2.7,205.0,CENTRO,6
1.83,53.0,1.6,2.6,10.54,4.3,22.0,2.65,1.9,51.0,CENTRO,7
1.85,57.0,1.9,3.4,10.72,5.3,15.0,2.8,3.9,92.0,CENTRO,8
1.82,63.0,2.3,4.4,10.58,6.7,18.0,4.7,3.8,66.0,CENTRO,9
1.84,64.0,3.0,7.5,13.19,10.5,22.0,9.0,5.1,60.0,CENTRO,10
1.86,77.0,2.5,6.5,15.92,9.0,27.0,7.5,6.0,40.0,CENTRO,11
1.85,85.0,2.1,4.8,15.92,7.0,30.0,6.0,6.7,52.0,CENTRO,12
1.84,90.0,1.9,3.5,14.55,5.4,30.0,5.0,7.7,56.0,CENTRO,13
1.81,96.0,1.8,3.3,15.45,5.1,30.0,5.5,8.5,33.0,CENTRO,14
1.81,100.0,1.6,2.6,14.88,4.2,26.0,3.9,7.7,113.0,CENTRO,15
1.81,101.0,1.6,2.4,14.49,4.1,19.0,3.0,10.8,99.0,CENTRO,16
1.77,92.0,1.5666666666666667,1.9,12.57,3.6,29.0,2.9,8.8,102.0,CENTRO,17
1.77,84.0,1.5333333333333334,2.1,12.87,3.7,31.0,3.6,10.8,140.0,CENTRO,18
1.77,84.0,1.5,2.2,14.68,3.7,23.0,6.0,9.7,156.0,CENTRO,19
1.79,82.0,1.5,2.7,16.41,4.3,27.0,6.7,8.4,150.0,CENTRO,20
1.85,72.0,1.5,4.3,16.87,5.9,28.0,5.9,8.4,142.0,CENTRO,21
1.84,66.0,1.5,3.8,14.17,5.3,28.0,4.0,8.2,138.0,CENTRO,22
1.8,62.0,1.5,2.8,11.35,4.4,17.0,3.7,8.5,97.0,CENTRO,23
1.81,59.0,1.5,2.5,11.26,4.1,23.0,2.8,8.2,91.0,CENTRO,0
1.77,60.0,1.5,1.2,9.89,2.8,26.0,2.6,6.7,142.0,CENTRO,1
1.78,57.0,1.5,1.1,9.88,2.7,18.0,2.5,8.1,136.0,CENTRO,2
1.82,49.0,1.5,1.9,10.38,3.5,22.0,2.5,8.4,66.0,CENTRO,3
1.85,38.0,1.5,4.8,11.1,6.4,17.0,3.0,5.6,54.0,CENTRO,4
1.87,30.0,1.5,7.5,12.46,9.1,27.0,4.2,2.4,10.0,CENTRO,5
1.97,26.0,1.6,8.9,12.84,10.6,23.0,3.4,4.8,10.0,CENTRO,6
2.3,18.0,4.2,13.5,14.98,17.7,33.0,3.2,4.9,31.0,CENTRO,7
2.43,19.0,9.6,15.2,19.12,24.7,46.0,4.4,4.8,39.0,CENTRO,8
2.23,23.0,12.2,17.4,20.44,29.6,57.0,8.7,5.9,49.0,CENTRO,9
2.12,40.0,7.4,14.4,20.79,21.8,62.0,11.2,7.1,35.0,CENTRO,10
1.96,63.0,2.4,5.1,13.63,7.5,50.0,4.4,10.0,67.0,CENTRO,11
1.9,59.0,2.1,3.6,11.87,5.7,26.0,3.0,12.2,89.0,CENTRO,12
1.88,57.0,2.0,3.2,11.01,5.2,30.0,2.7,12.2,98.0,CENTRO,13
1.86,56.0,2.0,2.5,10.65,4.4,24.0,2.7,10.0,126.0,CENTRO,14
1.86,59.0,1.9,2.2,11.42,4.2,20.0,2.5,10.4,115.0,CENTRO,15
1.88,57.0,2.0,2.7,13.1,4.7,25.0,2.6,11.0,115.0,CENTRO,16
1.88,56.0,2.0,2.9,11.33,4.9,26.0,2.5,13.1,105.0,CENTRO,17
1.88,54.0,1.9,3.3,11.02,5.2,21.0,2.6,11.6,123.0,CENTRO,18
1.85,54.0,1.7,2.7,10.62,4.5,16.0,2.5,12.2,139.0,CENTRO,19
1.86,53.0,1.5,2.7,10.95,4.3,20.0,2.5,9.2,148.0,CENTRO,20
1.85,51.0,1.5,3.0,11.13,4.6,20.0,2.4499999999999997,8.9,153.0,CENTRO,21
1.84,52.0,1.5,2.3,10.83,3.9,22.0,2.4,6.0,156.0,CENTRO,22
1.86,47.0,1.5,2.7,10.63,4.2,20.0,2.4,6.7,133.0,CENTRO,23
1.81,41.0,1.5,1.1,6.84,2.7,20.0,2.5,9.5,145.0,CENTRO,0
1.82,34.0,1.5,1.1,6.32,2.6,14.0,2.5,7.8,120.0,CENTRO,1
1.83,29.0,1.5,0.9,6.23,2.6,10.0,2.4,7.2,81.0,CENTRO,2
1.83,27.0,1.5,0.9,6.14,2.6,13.0,2.4,7.2,73.0,CENTRO,3
1.84,23.0,1.5,1.1,5.87,2.7,9.0,2.3,7.4,62.0,CENTRO,4
1.85,21.0,1.6,1.8,6.31,3.4,9.0,2.4,5.1,61.0,CENTRO,5
1.88,17.0,1.7,4.3,7.11,6.0,10.0,2.3,4.9,73.0,CENTRO,6
1.94,16.0,2.6,5.3,7.42,7.8,13.0,2.4,5.3,94.0,CENTRO,7
1.98,17.0,5.2,6.5,9.45,11.6,14.0,2.8,5.0,72.0,CENTRO,8
2.06,19.0,7.9,7.8,13.33,15.6,23.0,3.9,5.5,50.0,CENTRO,9
2.02,25.0,7.1,8.9,14.36,16.0,27.0,5.9,6.6,32.0,CENTRO,10
1.97,38.0,3.9,6.0,12.68,9.9,27.0,4.3,8.6,51.0,CENTRO,11
1.91,45.0,2.3,2.9,9.99,5.2,25.0,3.0,10.9,86.0,CENTRO,12
1.87,42.0,2.2,2.1,7.85,4.3,15.0,2.6,11.9,114.0,CENTRO,13
1.88,41.0,2.1,2.1,8.2,4.3,15.0,2.5,12.6,106.0,CENTRO,14
1.9,37.0,2.3,2.2,7.78,4.5,22.0,2.5,13.4,98.0,CENTRO,15
1.87,39.0,1.9,1.7,7.45,3.6,16.0,2.4,13.3,124.0,CENTRO,16
1.89,39.0,2.0,2.0,7.52,4.1,11.0,2.4,14.6,132.0,CENTRO,17
1.88,41.0,2.0,2.4,7.74,4.3,11.0,2.5,14.1,141.0,CENTRO,18
1.87,36.0,1.7,2.2,6.94,3.9,10.0,2.4,13.0,147.0,CENTRO,19
1.86,31.0,1.6,2.3,6.05,3.9,10.0,2.4,11.7,134.0,CENTRO,20
1.89,26.0,1.6,3.0,6.43,4.6,14.0,2.6,11.0,87.0,CENTRO,21
1.88,26.0,1.6,2.0,5.05,3.6,9.0,2.5,8.9,105.0,CENTRO,22
1.85,25.0,1.5,1.1,4.73,2.7,7.0,2.4,10.0,137.0,CENTRO,23
1.84,25.0,1.5,0.8,4.49,2.3,8.0,2.3,10.6,143.0,CENTRO,0
1.85,23.0,1.5,0.9,4.73,2.4,6.0,2.3,8.1,114.0,CENTRO,1
1.85,23.0,1.5,0.7,4.81,2.3,6.0,2.4,6.9,119.0,CENTRO,2
1.85,21.0,1.5,0.8,4.99,2.3,4.0,2.4,7.4,89.0,CENTRO,3
1.85,18.0,1.5,1.0,5.17,2.6,3.3333333333333335,2.3,7.4,64.0,CENTRO,4
1.86,16.0,1.6,1.9,5.5,3.5,2.6666666666666665,2.2,7.1,84.0,CENTRO,5
1.91,10.0,2.0,4.6,6.976666666666667,6.6,2.0,2.3,6.5,78.0,CENTRO,6
1.99,8.0,4.2,6.0,8.453333333333333,10.2,9.0,2.4,5.8,77.0,CENTRO,7
2.06,10.0,5.9,5.6,9.93,11.4,16.0,2.5,6.1,75.0,CENTRO,8
2.13,10.0,11.6,7.4,14.35,18.9,22.0,4.5,5.3,63.0,CENTRO,9
2.08,18.0,6.8,7.0,14.45,13.7,30.0,5.4,6.7,80.0,CENTRO,10
2.01,30.0,3.1,4.3,9.18,7.5,28.0,3.3,8.9,79.0,CENTRO,11
2.0,39.0,2.6,4.9,12.13,7.5,28.0,3.3,7.7,85.0,CENTRO,12
1.99,53.0,2.1,3.7,13.21,5.8,25.0,3.0,6.8,85.0,CENTRO,13
1.95,50.0,2.0,2.9,10.27,4.9,25.0,2.6,8.0,99.0,CENTRO,14
1.93,45.0,2.1,2.7,8.92,4.7,10.0,2.5,8.0,112.0,CENTRO,15
1.89,40.0,2.0,2.0,7.67,4.0,10.0,2.5,10.6,138.0,CENTRO,16
1.93,41.0,2.1,2.3,7.515000000000001,4.4,7.0,2.4499999999999997,10.9,140.0,CENTRO,17
1.92,40.0,1.9,2.5,7.36,4.4,10.0,2.4,10.7,145.0,CENTRO,18
1.91,39.0,1.7,2.4,7.55,4.1,13.0,2.5,9.8,142.0,CENTRO,19
1.9,33.0,1.5,2.4,7.32,4.0,16.0,2.4,9.0,135.0,CENTRO,20
1.91,29.0,1.5,2.6,7.6,4.2,10.0,2.4,8.4,136.0,CENTRO,21
1.95,23.0,1.6,3.1,8.65,4.7,17.0,2.3,8.6,86.0,CENTRO,22
1.89,22.0,1.5,1.8,6.27,3.3,13.0,2.4,6.7,115.0,CENTRO,23
1.9,19.0,1.5,1.6,6.48,3.2,17.0,2.4,7.6,99.0,CENTRO,0
1.89,20.0,1.5,1.3,8.956666666666667,2.8,6.0,2.3,8.4,103.0,CENTRO,1
1.9,14.0,1.8,2.4,11.433333333333334,4.1,6.0,2.4,7.0,46.0,CENTRO,2
1.89,15.0,1.6,1.8,13.91,3.4,17.0,2.5,7.1,71.0,CENTRO,3
1.88,16.0,1.5,1.3,13.72,2.9,28.0,2.3,6.2,89.0,CENTRO,4
1.9,13.0,1.6,2.4,7.8,4.0,10.0,2.3,6.5,90.0,CENTRO,5
1.94,9.0,2.2,4.6,9.06,6.8,21.0,2.45,6.7,84.0,CENTRO,6
2.03,7.0,6.2,5.8,12.705000000000002,12.0,11.0,2.6,5.1,61.0,CENTRO,7
2.12,7.0,12.9,6.9,16.35,19.7,26.0,4.5,3.9,29.0,CENTRO,8
2.22,14.0,9.9,8.1,17.47,17.9,38.0,4.2,4.0,26.0,CENTRO,9
2.29,26.0,7.0,10.2,20.66,17.2,39.0,3.7,5.2,56.0,CENTRO,10
2.37,42.0,5.6,12.4,23.75,18.0,48.0,5.6,7.1,47.0,CENTRO,11
2.2,58.0,3.7,10.9,21.87,14.5,62.0,6.7,8.6,58.0,CENTRO,12
2.12,75.0,2.6,7.7,17.95,10.3,49.0,4.1,9.7,76.0,CENTRO,13
2.09,82.0,2.0,5.3,18.31,7.3,42.0,3.6,11.8,71.0,CENTRO,14
2.03,62.0,2.1,4.1,14.64,6.2,43.0,3.3,13.3,75.0,CENTRO,15
1.96,46.0,2.0,2.9,10.05,4.9,32.0,2.9,13.0,117.0,CENTRO,16
1.97,40.0,2.1,3.0,9.54,5.1,18.0,2.7,10.8,107.0,CENTRO,17
1.96,40.0,1.9,3.1,9.46,4.9,17.0,2.6,10.7,137.0,CENTRO,18
1.93,42.0,1.7,2.5,9.17,4.2,17.0,2.5,7.5,143.0,CENTRO,19
1.97,36.0,1.6,4.0,9.47,5.6,17.0,2.4,7.6,121.0,CENTRO,20
1.95,31.0,1.6,4.1,9.67,5.7,16.0,2.5,12.2,99.0,CENTRO,21
1.91,35.0,1.5,3.8,6.13,5.4,38.0,2.5,13.4,104.0,CENTRO,22
1.9,35.0,1.5,2.5,4.35,4.0,23.0,2.4499999999999997,9.5,136.0,CENTRO,23
1.86,41.0,1.5166666666666666,1.4,2.25,3.0,11.0,2.4,8.0,153.0,CENTRO,0
1.91,31.0,1.5333333333333334,3.7,4.39,5.1,6.0,2.6,2.8,269.0,CENTRO,1
1.95,27.0,1.55,4.3,5.425,5.7,5.0,2.5,2.7,322.0,CENTRO,2
1.97,24.0,1.5666666666666667,4.7,6.46,6.3,12.0,2.4,4.7,56.0,CENTRO,3
1.9,29.0,1.5833333333333335,5.4,4.67,6.9,12.0,2.7,7.1,96.0,CENTRO,4
1.97,21.0,1.6,8.3,6.44,9.9,9.0,3.7,2.2,316.0,CENTRO,5
2.24,18.0,2.3,8.9,7.31,11.2,19.0,3.3,2.2,291.0,CENTRO,6
2.29,12.0,6.5,12.9,9.98,19.4,26.0,3.7,4.0,303.0,CENTRO,7
2.26,18.0,8.6,12.4,10.96,21.0,34.0,5.0,3.6,14.0,CENTRO,8
2.19,20.0,11.8,13.7,13.53,25.5,33.0,12.5,4.1,99.0,CENTRO,9
2.22,30.0,8.3,13.0,11.24,21.3,34.0,12.7,5.2,86.0,CENTRO,10
2.14,46.0,3.8,8.3,10.14,12.1,32.0,6.3,5.6,90.0,CENTRO,11
2.1,54.0,3.4,8.0,15.87,11.3,29.0,5.9,9.3,84.0,CENTRO,12
2.08,74.0,2.2,5.8,17.08,8.0,35.0,4.3,9.8,67.0,CENTRO,13
2.06,66.0,2.1,4.7,10.96,6.8,34.0,3.7,10.3,66.0,CENTRO,14
2.02,57.0,2.1,3.9,8.98,6.0,27.0,3.0,12.3,78.0,CENTRO,15
1.99,51.0,2.066666666666667,3.0,8.32,5.1,22.0,2.8,12.2,122.0,CENTRO,16
1.97,43.0,2.033333333333333,2.7,9.24,4.8,11.0,2.6,13.2,131.0,CENTRO,17
1.97,40.0,2.0,2.9,9.18,4.9,10.0,2.5,12.0,129.0,CENTRO,18
2.01,36.0,1.9,3.6,8.81,5.5,19.0,2.5,12.5,102.0,CENTRO,19
1.96,32.0,1.7,2.7,9.79,4.4,16.0,2.6,15.2,118.0,CENTRO,20
1.93,33.0,1.5,2.1,7.0,3.6,28.0,2.5,12.8,119.0,CENTRO,21
2.02,26.0,1.8,5.9,9.22,7.7,14.0,2.5,9.6,57.0,CENTRO,22
2.02,26.0,1.6,5.9,9.78,7.6,17.0,3.4,9.1,61.0,CENTRO,23
1.97,27.0,1.5,3.4,7.42,4.9,25.0,2.8,8.5,60.0,CENTRO,0
1.95,28.0,1.5,2.8,7.0,4.3,14.0,2.8,6.4,80.0,CENTRO,1
1.96,20.0,2.0,6.2,8.52,8.1,4.0,3.0,5.6,33.0,CENTRO,2
1.96,15.0,1.9,8.1,10.04,10.0,19.0,3.4,5.6,32.0,CENTRO,3
1.95,15.0,1.7,7.0,9.93,8.7,25.0,3.6,3.3,48.0,CENTRO,4
1.98,15.0,1.8,6.4,10.26,8.2,6.0,3.6,3.4,27.0,CENTRO,5
2.02,7.0,3.4,8.3,10.59,11.7,26.0,4.0,5.3,78.0,CENTRO,6
2.06,8.0,3.5,6.3,8.75,9.8,18.0,3.0,4.9,78.0,CENTRO,7
2.09,11.0,4.2,5.6,9.65,9.7,17.0,2.7,5.5,76.0,CENTRO,8
2.13,13.0,6.9,6.7,10.54,13.6,27.0,3.1,5.8,67.0,CENTRO,9
2.16,12.0,10.2,8.9,14.2,19.1,21.0,6.2,7.1,58.0,CENTRO,10
2.13,23.0,5.7,7.9,14.81,13.6,41.0,6.1,7.0,36.0,CENTRO,11
2.0677777777777777,23.11111111111111,5.177777777777778,7.266666666666667,14.237857142857143,12.444444444444445,37.333333333333336,5.611111111111111,6.955555555555556,46.333333333333336,CENTRO,12
2.0055555555555555,23.22222222222222,4.655555555555556,6.633333333333334,13.665714285714285,11.28888888888889,33.666666666666664,5.122222222222222,6.911111111111111,56.666666666666664,CENTRO,13
1.9433333333333334,23.333333333333332,4.133333333333334,6.0,13.093571428571428,10.133333333333333,30.0,4.633333333333333,6.866666666666666,67.0,CENTRO,14
1.8811111111111112,23.444444444444443,3.611111111111111,5.366666666666667,12.521428571428572,8.977777777777778,26.333333333333332,4.144444444444444,6.822222222222222,77.33333333333333,CENTRO,15
1.818888888888889,23.555555555555557,3.088888888888889,4.733333333333333,21.97,7.822222222222223,22.666666666666664,3.6555555555555554,6.777777777777778,87.66666666666667,CENTRO,16
1.7566666666666666,23.666666666666668,2.566666666666667,4.1,20.11,6.666666666666668,18.999999999999996,3.1666666666666665,6.733333333333333,98.0,CENTRO,17
1.6944444444444444,23.77777777777778,2.0444444444444447,3.466666666666667,19.44,5.511111111111113,15.33333333333333,2.6777777777777776,6.688888888888888,108.33333333333334,CENTRO,18
1.6322222222222222,23.88888888888889,1.5222222222222226,2.8333333333333335,18.34,4.355555555555557,11.666666666666664,2.1888888888888887,6.644444444444444,118.66666666666667,CENTRO,19
1.57,24.0,1.0,2.2,18.425,3.2,8.0,1.7,6.6,129.0,CENTRO,20
2.17,31.0,1.2,3.3,9.088571428571427,4.6,9.0,2.5,9.1,139.0,CENTRO,21
2.16,23.0,1.4,3.3,8.51642857142857,4.7,7.0,2.6,10.1,96.0,CENTRO,22
2.1,19.0,1.1,1.7,7.944285714285713,2.9,22.0,2.6,10.1,105.0,CENTRO,23
2.1,17.0,1.2,1.7,7.3721428571428556,3.0,14.0,2.5,8.5,81.0,CENTRO,0
2.08,14.0,1.2,1.8,6.8,3.1,21.0,2.4,7.9,56.0,CENTRO,1
2.08,11.0,1.7,3.4,7.94,5.1,26.0,2.5,5.0,41.0,CENTRO,2
2.24,9.0,1.2,4.3,9.31,5.6,12.0,2.7,3.4,15.0,CENTRO,3
2.36,8.0,1.2,4.7,9.985000000000001,5.9,6.0,2.6,2.0,213.0,CENTRO,4
2.25,6.0,2.2,6.0,10.66,8.2,15.0,3.0,5.9,72.0,CENTRO,5
2.14,8.0,1.3,4.0,10.445,5.3,7.0,2.9,3.2,99.0,CENTRO,6
2.17,8.0,3.1,4.7,10.23,7.8,22.0,2.7,3.2,38.0,CENTRO,7
2.24,7.0,7.1,6.2,12.6,13.2,14.0,3.4,4.8,24.0,CENTRO,8
2.47,13.0,7.7,7.0,18.94,14.7,43.0,3.8,4.5,59.0,CENTRO,9
2.38,24.0,6.9,9.0,24.98,15.9,39.0,5.6,5.2,80.0,CENTRO,10
2.38,42.0,4.3,9.5,25.3,13.8,47.0,7.7,6.5,73.0,CENTRO,11
2.31,64.0,2.7,8.1,24.73,10.7,33.0,8.2,8.5,82.0,CENTRO,12
2.21,78.0,1.7,5.6,21.69,7.3,40.0,6.6,8.9,64.0,CENTRO,13
2.18,71.0,1.5,3.4,18.85,4.8,33.0,5.9,11.8,81.0,CENTRO,14
2.14,51.0,1.4,2.2,13.77,3.6,27.0,3.3,13.0,69.0,CENTRO,15
2.11,43.0,1.4,1.9,12.52,3.3,15.0,2.9,12.4,103.0,CENTRO,16
2.08,44.0,1.3,1.6,12.675,2.9,11.0,2.8,12.6,148.0,CENTRO,17
2.1,46.0,1.3,1.7,12.83,3.0,13.0,2.6,13.3,144.0,CENTRO,18
2.11,40.0,1.1,1.8,12.985000000000001,3.0,13.0,2.6,9.7,139.0,CENTRO,19
2.1,37.0,1.1,1.9,13.14,3.1,22.0,2.5,8.3,154.0,CENTRO,20
2.09,34.0,1.2666666666666668,2.1,12.78,3.2,16.0,2.5,8.0,144.0,CENTRO,21
2.09,32.0,1.4333333333333333,1.9,12.59,3.1,20.0,2.6,8.2,132.0,CENTRO,22
2.15,19.0,1.6,5.5,11.615,7.2,11.0,4.0,9.2,57.0,CENTRO,23
2.13,17.0,1.1,3.5,10.64,4.7,26.0,3.8,4.9,68.0,CENTRO,0
2.07,19.0,1.1,1.8,9.26,3.0,27.0,3.0,6.9,63.0,CENTRO,1
2.09,12.0,1.7,4.1,9.89,5.9,18.0,3.5,6.3,45.0,CENTRO,2
2.06,13.0,1.4,2.4,8.23,3.8,31.0,3.3,6.5,79.0,CENTRO,3
2.07,12.0,1.3,2.7,8.86,4.0,5.0,3.0,3.8,110.0,CENTRO,4
2.09,10.0,1.3,4.0,9.49,5.4,13.0,3.2,4.8,97.0,CENTRO,5
2.12,6.0,2.3,5.8,8.76,8.1,21.0,3.1,4.8,100.0,CENTRO,6
2.19,7.0,5.6,6.3,12.033333333333333,11.9,4.0,3.7,1.5,53.0,CENTRO,7
2.36,9.0,9.9,7.5,15.306666666666665,17.4,13.0,4.4,3.4,15.0,CENTRO,8
2.42,16.0,8.6,8.2,18.58,16.8,23.0,3.7,5.4,31.0,CENTRO,9
2.46,28.0,6.7,10.8,21.85,17.5,34.0,3.8,5.7,56.0,CENTRO,10
2.52,40.0,6.5,14.4,23.77,20.9,44.0,7.4,6.3,46.0,CENTRO,11
2.2825,36.0,12.025,13.0,23.11357142857143,24.75,40.90909090909091,6.6125,5.85,58.125,CENTRO,12
2.045,32.0,17.55,11.600000000000001,22.457142857142856,28.6,37.81818181818182,5.825,5.3999999999999995,70.25,CENTRO,13
1.8075,28.0,23.075,10.200000000000001,21.800714285714285,32.45,34.72727272727273,5.0375,4.95,82.375,CENTRO,14
1.57,24.0,28.6,8.8,21.144285714285715,36.300000000000004,31.636363636363637,4.25,4.5,94.5,CENTRO,15
1.3325,20.0,34.125,7.400000000000001,21.97,40.150000000000006,49.5,3.4625,4.05,106.625,CENTRO,16
1.0950000000000002,15.999999999999998,39.65,6.000000000000002,20.11,44.0,43.0,2.675,3.6,118.75,CENTRO,17
0.8575000000000002,11.999999999999998,45.175000000000004,4.600000000000001,19.44,47.85,22.363636363636363,1.8874999999999997,3.15,130.875,CENTRO,18
0.62,8.0,50.7,3.2,18.34,51.7,19.272727272727273,1.1,2.7,143.0,CENTRO,19
2.07,39.0,6.9,4.3,18.425,11.2,16.18181818181818,2.9,9.0,126.0,CENTRO,20
2.09,40.0,3.0,4.3,17.205714285714286,7.2,13.09090909090909,2.6,9.3,141.0,CENTRO,21
2.1,29.0,2.8,3.2,16.549285714285716,6.0,10.0,2.7,12.3,100.0,CENTRO,22
2.06,21.0,2.4,2.1,15.892857142857144,4.6,24.0,2.5,12.5,84.0,CENTRO,23
2.06,20.0,2.0,2.1,15.236428571428572,4.2,20.0,2.6,9.1,83.0,CENTRO,0
2.06,18.0,1.7,2.0,14.58,3.8,16.0,2.6,7.2,59.0,CENTRO,1
2.06,18.0,1.6,1.8,14.93,3.5,16.0,2.5,6.4,49.0,CENTRO,2
2.07,17.0,1.4,2.5,15.6,3.9,26.0,2.6,4.8,57.0,CENTRO,3
2.07,15.0,1.8,3.2,16.26,5.0,26.0,2.6,4.3,65.0,CENTRO,4
2.14,7.0,2.6,7.5,19.195,10.0,17.0,4.0,3.3,53.0,CENTRO,5
2.35,7.0,2.7,8.3,22.13,11.1,29.0,3.4,3.4,34.0,CENTRO,6
2.39,9.0,4.1,7.4,21.64,11.4,52.0,3.1,4.5,79.0,CENTRO,7
2.31,10.0,7.1,7.6,20.83,14.7,35.0,3.2,5.5,78.0,CENTRO,8
2.4,14.0,10.1,9.7,26.09,19.8,32.0,5.7,3.8,75.0,CENTRO,9
2.44,28.0,7.5,12.3,27.88,19.8,41.0,5.7,5.3,68.0,CENTRO,10
2.49,51.0,4.7,14.1,30.86,18.8,53.0,9.2,7.5,57.0,CENTRO,11
2.33,67.0,2.3,8.6,26.16,10.8,55.0,6.4,9.1,42.0,CENTRO,12
2.19,57.0,2.3,6.7,23.23,9.0,57.0,6.4,8.5,51.0,CENTRO,13
2.14,59.0,1.6,4.4,20.08,6.1,55.0,4.5,9.6,99.0,CENTRO,14
2.11,51.0,1.5,3.1,17.26,4.6,40.0,3.3,8.2,80.0,CENTRO,15
2.13,53.0,1.5,3.4,18.99,4.8,20.0,4.1,11.2,88.0,CENTRO,16
2.15,45.0,1.6,4.5,22.63,6.1,30.0,6.3,11.1,92.0,CENTRO,17
2.13,40.0,1.5,3.7,20.04,5.2,37.0,5.8,10.4,107.0,CENTRO,18
2.09,39.0,1.3,3.5,19.8,4.8,42.0,5.9,9.3,151.0,CENTRO,19
2.06,36.0,1.1,2.9,17.74,4.1,36.0,4.7,8.9,142.0,CENTRO,20
2.08,34.0,1.1,3.2,16.57,4.3,30.0,3.2,9.9,138.0,CENTRO,21
2.1,32.0,1.1500000000000001,3.8,17.6,4.9,32.0,2.9,9.7,129.0,CENTRO,22
2.11,24.0,1.2,3.1,21.36,4.2,33.0,3.5,11.5,89.0,CENTRO,23
2.07,26.0,1.25,1.7,19.81,2.9,39.0,2.9,8.3,106.0,CENTRO,0
2.1,19.0,1.3,4.1,21.27,5.5,34.0,3.5,7.7,59.0,CENTRO,1
2.08,23.0,1.1,2.9,18.91,4.0,35.0,3.9,7.8,62.0,CENTRO,2
2.09,19.0,1.7,6.4,17.23,8.1,29.0,5.7,5.4,67.0,CENTRO,3
2.1,17.0,1.4,7.4,18.4,8.7,31.0,7.0,4.7,42.0,CENTRO,4
2.08,23.0,1.1,3.2,15.96,4.4,32.0,4.3,5.4,78.0,CENTRO,5
2.12,15.0,1.7,8.5,18.09,10.2,22.0,4.1,4.2,40.0,CENTRO,6
2.28,13.0,3.8,10.5,19.14,14.3,32.0,3.4,3.9,11.0,CENTRO,7
2.44,16.0,7.8,12.0,20.37,19.8,39.0,3.5,5.1,35.0,CENTRO,8
2.59,26.0,6.5,11.0,19.98,17.5,45.0,3.7,5.3,28.0,CENTRO,9
2.59,36.0,4.3,10.4,20.7,14.7,55.0,4.1,5.0,65.0,CENTRO,10
2.55,36.0,4.3,12.5,21.95,16.8,57.0,4.1,4.4,58.0,CENTRO,11
2.47,56.0,3.6,11.8,22.16,15.4,54.0,4.8,4.9,57.0,CENTRO,12
2.19,76.0,1.9,6.8,18.07,8.7,54.0,6.2,9.0,79.0,CENTRO,13
2.16,68.0,1.7,6.1,15.39,7.8,47.0,6.3,11.8,85.0,CENTRO,14
2.15,75.0,1.5,4.7,17.83,6.3,49.0,11.5,11.9,77.0,CENTRO,15
2.11,54.0,1.6,3.8,16.34,5.3,44.0,6.8,10.4,118.0,CENTRO,16
2.12,47.0,1.7,4.4,14.88,6.1,34.0,4.2,7.9,145.0,CENTRO,17
2.15,42.0,1.4,7.5,18.11,8.9,31.0,4.0,8.2,330.0,CENTRO,19
2.15,36.0,1.3,4.3,14.34,5.6,46.0,2.7,12.1,347.0,CENTRO,20
2.14,36.0,1.1,4.5,6.37,5.6,42.0,2.6,4.7,280.0,CENTRO,21
2.09,39.0,1.4,3.5,5.15,4.9,12.0,2.6,4.9,172.0,CENTRO,22
2.06,39.0,1.1,2.7,5.41,3.9,11.0,2.4,2.8,252.0,CENTRO,23
2.09,30.0,1.2,4.0,4.5,5.2,8.0,2.5,1.7,214.0,CENTRO,0
2.09,33.0,1.1,3.6,4.77,4.8,6.0,2.5,2.3,256.0,CENTRO,1
2.28,19.0,1.3,9.4,10.85,10.8,7.0,2.4,2.3,16.0,CENTRO,2
2.57,6.0,4.4,17.8,16.93,22.2,17.0,2.7,1.8,145.0,CENTRO,3
2.56,11.0,1.9,14.9,13.68,16.7,44.0,3.2,3.3,79.0,CENTRO,4
2.46,11.0,1.7,12.6,11.22,14.2,32.0,2.9,2.3,202.0,CENTRO,5
2.32,7.0,2.7,12.6,10.91,15.3,32.0,3.0,1.8,238.0,CENTRO,6
2.49,7.0,11.3,14.3,13.26,25.6,29.0,3.9,2.8,219.0,CENTRO,7
2.54,14.0,9.7,13.8,13.93,23.5,35.0,5.1,2.1,267.0,CENTRO,8
2.65,24.0,9.2,16.5,14.68,25.7,36.0,5.3,3.4,36.0,CENTRO,9
2.93,32.0,10.9,21.3,19.25,32.1,44.0,6.1,4.9,53.0,CENTRO,10
2.6,44.0,5.6,13.4,15.46,19.0,63.0,5.9,7.7,35.0,CENTRO,11
2.37,53.0,4.8,14.0,18.31,18.8,50.0,8.5,7.7,70.0,CENTRO,12
2.31,65.0,3.2,10.9,15.91,14.0,54.0,5.0,10.7,81.0,CENTRO,13
2.19,64.0,2.2,6.7,16.92,8.9,41.0,6.4,11.7,69.0,CENTRO,14
2.16,64.0,1.8,5.0,19.88,6.8,48.0,7.8,12.5,73.0,CENTRO,15
2.14,55.0,1.8,3.8,17.86,5.6,52.0,4.7,11.1,80.0,CENTRO,16
2.12,46.0,1.9,3.6,14.26,5.5,34.0,3.7,11.9,88.0,CENTRO,17
2.13,44.0,1.7,4.0,15.18,5.7,30.0,3.9,12.4,101.0,CENTRO,18
2.12,38.0,1.5,3.5,14.07,5.0,37.0,4.5,14.6,104.0,CENTRO,19
2.13,31.0,1.2,2.6,9.82,3.9,33.0,3.0,12.2,127.0,CENTRO,20
2.12,32.0,1.1,2.4,8.3,3.5,23.0,2.7,11.6,131.0,CENTRO,21
2.09,32.0,1.1,1.7,6.39,3.0,10.0,2.6,13.5,142.0,CENTRO,22
2.08,31.0,1.3333333333333335,1.5,7.708536585365853,2.6,4.0,2.5,13.8,131.0,CENTRO,23
2.1,28.0,1.5666666666666667,1.7,9.027073170731708,2.9,3.0,2.5,5.7,73.0,CENTRO,0
2.13,16.0,1.8,6.5,10.345609756097561,8.4,6.0,3.1,6.1,30.0,CENTRO,1
2.2,14.0,1.4,7.2,11.664146341463415,8.6,12.0,3.1,6.0,19.0,CENTRO,2
2.1,22.0,1.1,2.2,22.252,3.4,21.0,2.7,6.5,76.0,CENTRO,3
2.09,21.0,1.3,3.1,22.89,4.4,11.0,2.8,5.9,67.0,CENTRO,4
2.1,21.0,1.2,2.4,23.005000000000003,3.7,8.0,2.6,5.0,66.0,CENTRO,5
2.14,14.0,1.6,6.5,23.381666666666668,8.0,10.0,2.6,4.9,67.0,CENTRO,6
2.26,6.0,8.7,11.4,24.314999999999998,20.0,16.0,5.7,5.4,72.0,CENTRO,7
2.36,9.0,7.9,10.1,26.27,17.9,38.0,4.8,4.1,76.0,CENTRO,8
2.38,17.0,6.4,7.8,28.94,14.2,28.0,3.8,5.1,66.0,CENTRO,9
2.36,24.0,5.3,7.0,30.36,12.2,33.0,3.2,6.3,75.0,CENTRO,10
2.23,33.0,3.0,5.8,31.595,8.8,29.0,3.4,5.6,43.0,CENTRO,11
2.28,37.0,3.1,7.9,31.630000000000003,11.0,17.0,4.1,5.6,5.0,CENTRO,12
2.23,45.0,2.0,5.0,29.5,7.1,30.0,3.3,7.9,71.0,CENTRO,13
2.2,41.0,1.9,3.9,25.7,5.9,21.0,2.9,9.6,91.0,CENTRO,14
2.23,32.0,2.2,4.4,24.59,6.7,15.0,2.7,10.8,90.0,CENTRO,15
2.22,29.0,2.1,4.6,21.97,6.7,18.0,2.6,9.4,93.0,CENTRO,16
2.17,32.0,2.0,3.2,20.11,5.1,12.0,2.6,10.2,125.0,CENTRO,17
2.18,29.0,1.9,3.5,19.44,5.3,13.0,2.5,10.2,128.0,CENTRO,18
2.2,28.0,1.6,3.8,18.34,5.3,19.0,2.5,9.4,151.0,CENTRO,19
2.19,25.0,1.3,3.4,18.425,4.7,25.0,2.6,10.7,141.0,CENTRO,20
2.15,26.0,1.2,2.3,18.445,3.6,24.0,2.4,12.3,127.0,CENTRO,21
2.12,27.0,1.1,1.5,18.11,2.7,18.0,2.5,12.0,134.0,CENTRO,22
2.11,26.0,1.1,1.4,18.87,2.6,40.0,2.3,11.3,121.0,CENTRO,23
2.17,18.0,1.3,4.5,18.81,5.9,31.0,2.4,6.8,66.0,CENTRO,0
2.18,15.0,1.2,5.1,19.35,6.4,48.0,2.8,5.1,40.0,CENTRO,1
2.13,20.0,1.3,2.5,20.58,3.9,47.0,2.7,2.4,40.0,CENTRO,2
2.17,14.0,1.4,6.0,22.252,7.4,34.0,2.6,4.0,18.0,CENTRO,3
2.19,11.0,1.8,7.9,22.89,9.8,49.0,3.2,2.1,42.5,CENTRO,4
2.16,16.0,1.2,3.7,23.005000000000003,4.9,59.0,2.9,5.6,67.0,CENTRO,5
2.18,14.0,1.5,4.3,23.381666666666668,5.8,117.0,2.6,5.6,74.0,CENTRO,6
2.0987500000000003,14.75,8.825,5.35,24.314999999999998,13.4625,118.8,2.825,5.324999999999999,70.75,CENTRO,7
2.0175,15.5,16.15,6.3999999999999995,26.27,21.125,120.6,3.0500000000000003,5.05,67.5,CENTRO,8
1.93625,16.25,23.475,7.449999999999999,28.94,28.7875,122.4,3.2750000000000004,4.7749999999999995,64.25,CENTRO,9
1.855,17.0,30.8,8.5,30.36,36.45,124.2,3.5000000000000004,4.5,61.0,CENTRO,10
1.7737500000000002,17.75,38.125,9.549999999999999,55.17585365853659,44.112500000000004,66.0,3.725,4.225,57.75,CENTRO,11
1.6925000000000001,18.5,45.45,10.6,56.49439024390244,51.775,127.8,3.95,3.95,54.5,CENTRO,12
1.61125,19.25,52.775,11.649999999999999,57.81292682926829,59.4375,129.6,4.175000000000001,3.675,51.25,CENTRO,13
1.53,20.0,60.1,12.7,59.13146341463415,67.1,131.4,4.4,3.4,48.0,CENTRO,14
2.58,67.0,2.5,10.9,60.45,13.4,133.2,4.6,5.9,65.0,CENTRO,15
2.64,50.0,2.1,13.7,62.67,15.7,135.0,2.6,2.8,261.0,CENTRO,16
2.4,32.0,2.1,9.3,28.51,11.3,116.0,2.6,4.2,218.0,CENTRO,17
2.32,33.0,2.0,6.4,16.41,8.5,24.0,2.4,2.3,225.0,CENTRO,18
2.38,26.0,1.7,8.3,18.34,9.9,33.0,2.5,2.5,234.0,CENTRO,19
2.39,19.0,1.6,9.5,17.17,11.0,26.0,2.7,2.9,212.0,CENTRO,20
2.37,16.0,1.5,8.3,22.825,9.7,13.0,2.5,1.9,322.0,CENTRO,21
2.43,14.0,1.5,8.1,28.48,9.6,34.0,2.4,3.1,94.0,CENTRO,22
2.39,14.0,1.6,7.2,31.53,8.7,35.0,2.5,4.0,123.0,CENTRO,23
2.17,20.0,1.3,3.2,27.3,4.5,55.0,2.4,2.5,189.0,CENTRO,0
2.21,15.0,1.4,5.5,31.64,6.9,47.0,2.4,1.4,272.0,CENTRO,1
2.34,9.0,1.7,8.3,32.72,10.0,73.0,2.5,1.7,205.0,CENTRO,2
2.25,11.0,1.5,6.1,19.12,7.6,54.0,2.6,1.1,199.0,CENTRO,3
2.19,13.0,1.4,4.3,16.27,5.7,31.0,2.5,3.0,230.0,CENTRO,4
2.14,15.0,1.4,3.3,12.73,4.7,27.0,2.5,1.9,185.0,CENTRO,5
2.16,11.0,1.5,4.1,13.16,5.6,31.0,2.525,1.0,161.0,CENTRO,6
2.24,10.0,3.3,6.1,13.52,9.3,25.0,2.5500000000000003,1.0,220.0,CENTRO,7
2.32,12.0,5.1,7.2,23.33,12.3,26.0,2.575,1.6,270.0,CENTRO,8
2.29,21.0,4.1,6.7,30.17,10.8,54.0,2.6,2.1,8.0,CENTRO,9
2.3,31.0,3.5,6.9,30.43,10.4,54.0,2.7,2.8,14.0,CENTRO,10
2.31,48.0,3.1,7.2,27.37,10.4,58.0,2.8,3.7,57.0,CENTRO,11
2.29,70.0,2.7,7.2,19.93,9.9,42.0,3.1,5.7,83.0,CENTRO,12
2.34,98.0,2.0,6.0,25.17,8.0,36.0,3.4,9.1,60.0,CENTRO,13
2.21,79.0,2.0,3.5,18.75,5.5,43.0,2.8,9.4,78.0,CENTRO,14
2.12,58.0,1.9,2.3,13.96,4.3,27.0,2.7,11.6,124.0,CENTRO,15
2.07,52.0,1.2,1.8,10.22,3.0,18.0,2.6,13.8,147.0,CENTRO,16
2.11,52.0,1.2,1.9,16.785,3.2,11.0,2.6,14.6,136.0,CENTRO,17
2.09,43.0,1.1500000000000001,1.9,23.35,3.1,27.0,2.55,13.9,139.0,CENTRO,18
2.1,36.0,1.1,1.7,28.74,2.9,44.0,2.5,13.5,143.0,CENTRO,19
2.11,31.0,1.0,1.9,29.04,3.1,51.0,2.5,12.0,139.0,CENTRO,20
2.09,29.0,1.1,1.5,28.14,2.7,61.0,2.466666666666667,9.4,157.0,CENTRO,21
2.1,28.0,1.1,1.7,28.47,2.9,57.0,2.433333333333333,6.6,100.0,CENTRO,22
2.08,29.0,1.0,1.3,28.0,2.4,51.0,2.4,7.4,119.0,CENTRO,23
2.14,23.0,1.1,3.5,29.6,4.7,56.0,2.5,5.9,58.0,CENTRO,0
2.11,21.0,1.0,2.9,28.55,4.0,56.0,2.6,4.9,49.0,CENTRO,1
2.09,21.0,1.0,2.4,27.52,3.5,55.0,2.5,4.9,44.0,CENTRO,2
2.11,12.0,1.7,6.1,28.16,7.7,48.0,3.1,4.4,48.0,CENTRO,3
2.1,11.0,1.4,5.6,25.69,6.9,36.0,3.6,3.6,54.0,CENTRO,4
2.15,10.0,1.3,6.3,27.06,7.5,31.0,3.4,3.7,78.0,CENTRO,5
2.16,8.0,2.3,7.5,26.83,9.9,52.0,3.4,4.6,80.0,CENTRO,6
2.22,7.0,5.6,8.6,27.15,14.2,60.0,3.6,2.3,71.0,CENTRO,7
2.46,9.0,13.0,9.5,29.03,22.5,43.0,4.1,4.6,85.0,CENTRO,8
2.65,13.0,13.9,11.5,31.82,25.4,51.0,4.5,5.9,104.0,CENTRO,9
2.6,24.0,8.0,10.7,31.16,18.6,88.0,4.1,8.2,87.0,CENTRO,10
2.3,41.0,3.3,6.7,26.28,10.0,72.0,3.5,9.8,69.0,CENTRO,11
2.22,56.0,2.1,5.4,21.21,7.5,50.0,3.4,13.6,90.0,CENTRO,12
2.15,59.0,1.5,3.7,16.93,5.2,38.0,3.1,12.5,127.0,CENTRO,13
2.2,56.0,1.3,4.7,21.34,6.0,32.0,2.9,10.6,137.0,CENTRO,14
2.22,53.0,1.3,5.4,22.34,6.7,44.0,2.8,9.3,157.0,CENTRO,15
2.26,44.0,2.4,7.4,16.2,9.8,44.0,2.8,6.4,235.0,CENTRO,16
2.37,36.0,2.7,12.4,11.05,15.1,30.0,2.9,5.7,200.0,CENTRO,17
2.39,33.0,3.0,9.0,18.62,12.1,29.0,2.8,5.1,165.0,CENTRO,18
2.22,37.0,1.6,4.9,19.91,6.5,47.0,2.6,6.6,123.0,CENTRO,19
2.15,32.0,1.1,3.6,16.38,4.8,33.0,2.6,7.4,121.0,CENTRO,20
2.22,26.0,1.1,6.0,17.56,7.2,14.0,2.5,4.4,55.0,CENTRO,21
2.27,16.0,1.3,7.7,18.74,9.0,36.0,2.4,3.2,63.0,CENTRO,22
2.28,13.0,1.2,8.3,18.87,9.5,33.0,2.6,2.1,153.0,CENTRO,23
2.29,10.0,2.0,10.9,24.61,12.9,34.0,2.7,2.8,8.0,CENTRO,0
2.21,15.0,1.3,6.1,22.08,7.4,47.0,2.9,5.3,27.0,CENTRO,1
2.12,17.0,1.2,3.5,22.97,4.7,43.0,2.6,5.2,19.0,CENTRO,2
2.1,17.0,1.2,3.3,23.16,4.5,54.0,2.7,4.9,28.0,CENTRO,3
2.08,13.0,1.4,4.9,22.89,6.3,60.0,2.7,4.9,23.0,CENTRO,4
2.08,15.0,1.3,3.3,22.31,4.7,43.0,3.6,5.8,36.0,CENTRO,5
2.14,7.0,6.5,8.2,26.0,14.6,45.0,4.5,5.5,15.0,CENTRO,6
2.23,6.0,6.8,8.1,27.4,14.9,77.0,3.8,4.6,39.0,CENTRO,7
2.33,7.0,8.5,8.4,29.64,16.9,70.0,4.1,4.3,74.0,CENTRO,8
2.43,9.0,12.6,8.8,33.36,21.4,86.0,4.4,3.9,50.0,CENTRO,9
2.48,13.0,12.7,9.5,35.26,22.2,103.0,4.6,6.6,75.0,CENTRO,10
2.47,22.0,9.7,10.8,36.82,20.4,96.0,6.2,7.3,63.0,CENTRO,11
2.45,46.0,5.0,11.5,38.3,16.5,85.0,7.1,7.5,69.0,CENTRO,12
2.41,63.0,2.9,10.4,38.14,13.3,88.0,5.2,8.2,61.0,CENTRO,13
2.42,75.0,1.6,8.9,39.73,10.5,68.0,4.4,7.7,81.0,CENTRO,14
2.43,54.0,1.6,8.8,35.91,10.3,94.0,3.1,6.6,81.0,CENTRO,15
2.39,46.0,1.8,7.7,29.959999999999997,9.5,80.0,2.9,8.1,99.0,CENTRO,16
2.23,43.0,1.4,4.4,24.01,5.8,60.0,2.8,9.1,113.0,CENTRO,17
2.28,29.0,1.5,5.9,23.11,7.4,39.0,2.7,7.4,122.0,CENTRO,18
2.22,32.0,1.5,4.3,22.89,5.8,37.0,2.6,7.2,110.0,CENTRO,19
2.21,29.0,1.2,4.2,23.46,5.4,43.0,2.6,6.0,106.0,CENTRO,20
2.23,27.0,1.1,4.6,23.24,5.8,34.0,2.5,7.0,87.0,CENTRO,21
2.2,26.0,1.1,3.5,23.42,4.7,38.0,2.6,5.1,90.0,CENTRO,22
2.28,20.0,1.2,5.9,23.8,7.1,44.0,2.6,4.2,66.0,CENTRO,23
2.3449999999999998,16.0,2.8000000000000003,8.25,27.165,11.1,64.0,2.6999999999999997,3.85,63.5,CENTRO,0
2.41,12.0,4.4,10.6,30.53,15.1,84.0,2.8,3.5,61.0,CENTRO,1
2.17,17.0,1.4,5.6,27.04,7.1,69.0,2.9,4.2,7.0,CENTRO,2
2.15,16.0,1.3,6.4,26.81,7.7,62.0,3.1,4.7,9.0,CENTRO,3
2.18,11.0,1.5,9.0,29.96,10.5,56.0,3.7,3.9,13.0,CENTRO,4
2.17,16.0,1.1,6.2,27.88,7.4,39.0,3.2,3.5,83.0,CENTRO,5
2.19,15.0,1.3,6.7,26.12,8.1,44.0,2.9,3.0,84.0,CENTRO,6
2.32,8.0,6.9,10.7,27.66,17.6,54.0,3.1,2.9,56.0,CENTRO,7
2.49,11.0,12.1,11.3,31.53,23.4,41.0,4.3,4.7,79.0,CENTRO,8
2.52,16.0,12.7,12.5,34.45,25.1,57.0,5.4,6.4,87.0,CENTRO,9
2.5,28.0,8.1,13.3,36.43,21.3,64.0,6.6,6.9,95.0,CENTRO,10
2.49,50.0,4.1,12.7,38.13,16.8,66.0,5.6,7.3,84.0,CENTRO,11
2.47,70.0,2.7,10.6,36.92,13.4,81.0,4.7,8.5,69.0,CENTRO,12
2.39,90.0,1.8,7.8,36.49,9.7,87.0,4.3,9.2,64.0,CENTRO,13
2.36,85.0,1.8,7.1,34.26,8.8,71.0,3.7,11.0,58.0,CENTRO,14
2.29,77.0,1.6,5.1,30.32,6.8,70.0,4.0,12.2,63.0,CENTRO,15
2.22,71.0,1.5,3.5,26.99,5.0,60.0,3.7,11.3,103.0,CENTRO,16
2.21,64.0,1.4,3.7,26.18,5.0,43.0,3.4,11.5,137.0,CENTRO,17
2.22,58.0,1.4,3.9,27.76,5.2,49.0,3.0,12.3,152.0,CENTRO,18
2.19,47.0,1.3,3.4,22.71,4.7,57.0,2.9,12.2,143.0,CENTRO,19
2.16,42.0,1.1,2.9,20.3,4.0,45.0,2.8,11.2,139.0,CENTRO,20
2.17,35.0,1.2,3.0,20.15,4.2,34.0,2.7,10.5,146.0,CENTRO,21
2.16,32.0,1.1,3.0,20.65,4.2,29.0,2.6,6.2,131.0,CENTRO,22
2.11,36.0,1.1,1.9,19.96,3.0,36.0,2.6,7.2,138.0,CENTRO,23
2.11,34.0,1.1857142857142857,1.5,22.01,2.6,32.0,2.566666666666667,8.5,136.0,CENTRO,0
2.13,30.0,1.2714285714285716,1.7,24.74,2.8,37.0,2.533333333333333,7.6,76.0,CENTRO,1
2.14,28.0,1.3571428571428572,1.6,26.28,2.7,34.0,2.5,6.3,75.0,CENTRO,2
2.14,17.0,1.4428571428571428,1.6,27.782500000000002,2.7,27.0,2.6,6.6,79.0,CENTRO,3
2.14,4.0,1.5285714285714285,2.5,29.285,3.7,32.0,2.6,6.2,62.0,CENTRO,4
2.14,4.0,1.6142857142857143,2.4,30.7875,3.6,30.0,2.6333333333333333,6.0,76.0,CENTRO,5
2.18,4.0,1.7,4.2,32.29,6.0,52.0,2.666666666666667,5.5,59.0,CENTRO,6
2.24,4.333333333333333,3.4,7.6,33.06,11.0,70.0,2.7,5.8,46.0,CENTRO,7
2.32,4.666666666666667,5.1,9.0,36.07,14.1,59.0,3.4,6.5,77.0,CENTRO,8
2.39,5.0,7.6,10.9,39.84,18.5,74.0,5.0,5.3,68.0,CENTRO,9
2.41,4.0,6.4,10.7,41.81,17.2,95.0,8.9,4.9,61.0,CENTRO,10
2.44,4.0,5.2,10.9,43.03,16.1,95.0,9.4,4.6,88.0,CENTRO,11
2.43,4.0,3.6,12.0,45.85,15.5,98.0,8.4,5.5,71.0,CENTRO,12
2.43,4.285714285714286,3.0,14.9,46.8,17.8,100.0,10.8,4.9,43.0,CENTRO,13
2.43,4.571428571428571,2.1,13.2,44.3,15.3,96.0,10.0,5.8,34.0,CENTRO,14
2.39,4.857142857142857,1.8,11.8,39.29,13.5,91.0,9.1,7.0,44.0,CENTRO,15
2.35,5.142857142857143,1.5,6.1,34.91,7.5,77.0,4.3,6.6,69.0,CENTRO,16
2.27,5.428571428571429,1.5,4.7,30.43,6.1,66.0,3.5,8.6,109.0,CENTRO,17
2.2,5.714285714285714,1.4,4.0,25.8,5.4,57.0,3.0,7.1,153.0,CENTRO,18
2.2,6.0,1.2,3.8,27.81,5.1,51.0,2.9,7.6,150.0,CENTRO,19
2.21,4.0,1.2,4.4,28.28,5.6,38.0,2.8,7.4,153.0,CENTRO,20
2.19,4.0,1.1,4.1,27.77,5.3,54.0,2.8,7.7,146.0,CENTRO,21
2.15,5.0,1.1,2.8,28.54,4.0,57.0,2.7,8.6,139.0,CENTRO,22
2.13,4.0,1.2,2.7,28.77,3.9,63.0,2.7,8.9,92.0,CENTRO,23
2.12,4.0,1.2,1.9,26.91,3.1,77.0,2.5,9.6,94.0,CENTRO,0
2.13,4.0,1.1,2.0,27.2,3.3,72.0,2.6,8.3,108.0,CENTRO,1
2.12,4.101818181818182,1.1,1.9,26.48,3.1,64.0,2.6,8.2,81.0,CENTRO,2
2.12,4.203636363636364,1.4,1.8,27.66,3.0,64.0,2.566666666666667,6.3,73.0,CENTRO,3
2.13,4.305454545454546,1.7,1.8,23.05,3.5,52.0,2.533333333333333,5.5,60.0,CENTRO,4
2.14,4.407272727272727,1.9,2.8,24.14,4.7,54.0,2.5,4.5,60.0,CENTRO,5
2.17,14.0,2.8,5.4,24.74,8.3,49.0,2.5,3.7,66.0,CENTRO,6
2.26,11.0,6.3,7.9,26.22,14.1,55.0,2.9,2.6,9.0,CENTRO,7
2.4,11.0,5.5,6.6,28.55,12.1,63.0,2.8,3.8,9.0,CENTRO,8
2.42,15.0,5.8,7.3,30.3,13.0,72.0,2.9,5.7,20.0,CENTRO,9
2.53,22.0,5.2,9.0,33.11,14.1,65.0,2.8,4.9,17.0,CENTRO,10
2.53,31.0,4.4,10.8,37.86,15.1,70.0,3.4,7.9,34.0,CENTRO,11
2.46,39.0,3.7,12.8,42.13,16.5,86.0,7.2,7.1,29.0,CENTRO,12
2.42,47.0,2.5,11.4,41.68,13.9,100.0,9.6,9.0,62.0,CENTRO,13
2.35,52.0,1.7,6.6,37.54,8.4,90.0,4.7,9.4,56.0,CENTRO,14
2.22,52.0,1.9,4.1,28.14,6.0,75.0,3.4,13.2,88.0,CENTRO,15
2.18,51.5,2.0,3.1,21.53,5.1,62.0,2.9,11.5,125.0,CENTRO,16
2.15,48.0,1.7,2.7,18.63,4.5,41.0,2.8,11.4,136.0,CENTRO,17
2.15,43.0,1.9,3.4,15.65,5.3,34.0,2.9,12.8,136.0,CENTRO,18
2.13,37.0,1.6,3.3,15.53,4.9,29.0,2.8,11.0,152.0,CENTRO,19
2.11,33.0,1.4,2.9,14.89,4.3,29.0,2.8,10.1,161.0,CENTRO,20
2.14,31.0,1.4,3.3,16.26,4.7,29.0,2.7,8.5,168.0,CENTRO,21
2.14,30.0,1.3666666666666667,3.3,16.74,4.7,33.0,2.7,6.3,165.0,CENTRO,22
2.17,26.0,1.3333333333333333,3.7,17.33,5.0,32.0,2.6,7.5,96.0,CENTRO,23
2.15,25.0,1.3,2.1,15.85,3.4,39.0,2.6,8.4,100.0,CENTRO,0
2.15,23.0,1.3,2.2,17.21,3.6,22.0,2.7,6.7,86.0,CENTRO,1
2.14,23.0,1.4,2.2,18.38,3.5,28.0,2.6,5.8,71.0,CENTRO,2
2.17,18.0,1.5,5.3,20.49,6.8,28.0,3.0,5.7,30.0,CENTRO,3
2.22,17.0,1.7,7.6,24.99,9.2,29.0,3.7,5.0,29.0,CENTRO,4
2.21,17.0,1.6,6.5,24.69,8.1,53.0,4.0,3.9,97.0,CENTRO,5
2.25,14.0,1.4,6.0,22.61,7.4,39.0,3.2,2.4,146.0,CENTRO,6
2.32,11.0,2.9,8.2,23.8,11.1,47.0,3.2,2.2,315.0,CENTRO,7
2.4,11.0,7.5,11.0,28.97,18.5,44.0,6.7,2.7,251.0,CENTRO,8
2.36,15.0,4.9,8.1,26.38,13.0,71.0,4.9,4.0,30.0,CENTRO,9
2.4,22.0,4.4,9.8,26.47,14.2,62.0,3.9,3.7,33.0,CENTRO,10
2.54,31.0,3.3,10.6,26.01,13.9,56.0,3.7,5.5,22.0,CENTRO,11
2.56,39.0,3.2,12.9,27.76,16.0,62.0,4.6,5.4,64.0,CENTRO,12
2.38,47.0,2.7,11.9,26.04,14.6,74.0,9.9,9.4,63.0,CENTRO,13
2.29,52.0,1.6,6.0,21.47,7.6,63.0,4.1,13.2,68.0,CENTRO,14
2.22,52.0,1.5,4.3,18.46,5.8,61.0,4.4,12.8,89.0,CENTRO,15
2.14,51.5,1.4,2.5,15.88,3.9,44.0,3.4,13.6,130.0,CENTRO,16
2.11,48.0,1.4,2.0,13.82,3.4,30.0,3.1,14.1,130.0,CENTRO,17
2.09,43.0,1.5,2.2,12.39,3.6,30.0,2.8,13.1,134.0,CENTRO,18
2.08,37.0,1.4,2.3,11.13,3.7,18.0,2.8,10.9,158.0,CENTRO,19
2.09,33.0,1.4,3.2,9.66,4.6,17.0,2.6,8.9,153.0,CENTRO,20
2.16,31.0,1.2,5.1,12.37,6.3,18.0,2.7,5.9,158.0,CENTRO,21
2.16,30.0,1.2,3.5,12.55,4.7,26.0,2.6,4.0,177.0,CENTRO,22
2.14,26.0,1.25,3.7,12.31,5.0,24.0,2.6,2.1,142.0,CENTRO,23
2.2,25.0,1.3,4.6,15.88,5.9,19.0,2.8,5.7,52.0,CENTRO,0
2.16,23.0,1.7,5.3,15.32,6.9,28.0,3.1,5.8,35.0,CENTRO,1
2.18,23.0,4.1,8.2,17.22,12.3,35.0,6.5,5.2,38.0,CENTRO,2
2.18,18.0,2.4,8.4,15.45,10.7,31.0,8.0,4.3,23.0,CENTRO,3
2.2,17.0,2.2,10.6,17.29,12.7,34.0,7.1,1.5,4.0,CENTRO,4
2.27,17.0,1.7,10.1,18.98,11.8,33.0,4.2,1.1,289.0,CENTRO,5
2.35,14.0,1.4,5.9,18.37,7.2,37.0,3.6,3.4,27.0,CENTRO,6
2.35,11.0,2.0,5.5,19.15,7.4,37.0,3.6,3.1,349.0,CENTRO,7
2.27,11.0,2.7,4.6,22.59,7.3,39.0,4.3,3.8,358.0,CENTRO,8
2.32,15.0,3.1,5.7,25.3,8.8,50.0,5.0,4.1,355.0,CENTRO,9
2.31,22.0,2.6,6.1,26.79,8.6,52.0,5.1,5.1,47.0,CENTRO,10
2.47,31.0,5.3,11.9,36.11,17.2,58.0,9.0,5.9,31.0,CENTRO,11
2.31,39.0,4.3,12.5,34.74,16.7,78.0,16.7,7.9,70.0,CENTRO,12
2.36,47.0,1.5,5.7,22.14,7.1,59.0,6.7,10.6,66.0,CENTRO,13
2.26,52.0,1.4,3.6,18.23,5.0,56.0,4.9,10.9,85.0,CENTRO,14
2.16,52.0,1.4,2.5,13.45,3.8,40.0,4.7,11.8,110.0,CENTRO,15
2.1,51.5,1.3,1.9,10.84,3.2,30.0,3.5,13.2,130.0,CENTRO,16
2.09,48.0,1.3,1.6,9.45,2.8,16.0,3.0,12.7,125.0,CENTRO,17
2.1,43.0,1.2666666666666666,1.8,9.52,3.1,13.0,2.8,12.0,143.0,CENTRO,18
2.08,37.0,1.2333333333333334,1.9,7.66,3.2,21.0,2.7,13.1,130.0,CENTRO,19
2.09,33.0,1.2,2.3,7.45,3.6,13.0,2.7,10.4,131.0,CENTRO,20
2.12,31.0,1.2,2.9,8.61,4.1,16.0,2.8,10.7,122.0,CENTRO,21
2.11,30.0,1.1,2.6,8.46,3.8,15.0,2.6,6.7,128.0,CENTRO,22
2.13,26.0,1.1,3.2,9.26,4.3,11.0,2.6,3.4,107.0,CENTRO,23
2.2,25.0,1.25,4.6,12.62,5.9,16.0,2.7,5.4,43.0,CENTRO,0
2.15,23.0,1.4,4.4,11.43,5.8,25.0,3.0,4.4,32.0,CENTRO,1
2.17,23.0,3.0,11.5,14.325,14.5,10.0,7.1,6.5,23.0,CENTRO,2
2.18,18.0,2.1,7.8,17.22,9.9,33.0,6.4,6.1,23.0,CENTRO,3
2.2,17.0,2.9,9.4,18.94,12.3,40.0,7.3,3.9,48.0,CENTRO,4
2.27,17.0,1.6,8.1,21.38,9.6,33.0,5.1,2.1,31.0,CENTRO,5
2.31,14.0,3.0,9.2,21.54,12.2,38.0,4.2,1.9,75.0,CENTRO,6
2.37,11.0,4.2,8.8,23.81,13.0,38.0,4.1,2.6,55.0,CENTRO,7
2.49,11.0,6.1,8.1,25.94,14.1,47.0,4.2,3.5,29.0,CENTRO,8
2.54,15.0,6.7,8.8,26.18,15.4,39.0,4.7,4.3,19.0,CENTRO,9
2.56,22.0,5.7,10.9,28.64,16.6,38.0,4.2,4.9,48.0,CENTRO,10
2.63,31.0,7.7,15.5,31.07,23.2,48.0,6.3,7.4,65.0,CENTRO,11
2.48,39.0,5.3,16.9,31.97,22.2,76.0,13.3,7.0,48.0,CENTRO,12
2.44,47.0,2.4,11.0,25.72,13.4,72.0,9.0,9.2,57.0,CENTRO,13
2.35,52.0,1.6,6.5,24.76,8.1,61.0,7.4,11.6,77.0,CENTRO,14
2.22,52.0,1.6,3.6,18.29,5.1,57.0,4.2,11.9,122.0,CENTRO,15
2.2,51.5,1.9,3.4,15.11,5.3,36.0,3.4,11.9,107.0,CENTRO,16
2.19,48.0,2.0,3.4,13.35,5.4,23.0,3.1,13.4,124.0,CENTRO,17
2.18,43.0,1.9,2.9,12.72,4.8,26.0,2.9,12.8,137.0,CENTRO,18
2.16,37.0,1.4,2.6,12.2,4.1,21.0,2.9,11.7,131.0,CENTRO,19
2.17,33.0,1.3,3.0,12.92,4.3,16.0,2.8499999999999996,9.7,157.0,CENTRO,20
2.16,31.0,1.2,3.3,12.86,4.5,24.0,2.8,8.1,153.0,CENTRO,21
2.16,30.0,1.2,2.6,12.66,3.8,23.0,3.0,8.8,136.0,CENTRO,22
2.17,26.0,1.1,1.8,20.01,3.0,25.0,2.9,12.3,94.0,CENTRO,23
2.16,25.0,1.1,1.3,19.39,2.5,48.0,2.8,10.3,101.0,CENTRO,0
2.16,23.0,1.2,1.3,20.61,2.5,41.0,2.8,7.1,103.0,CENTRO,1
2.17,23.0,1.1,1.2,24.12,2.4,35.0,2.75,8.1,65.0,CENTRO,2
2.17,18.0,1.1,1.1,22.44,2.3,34.0,2.7,7.8,62.0,CENTRO,3
2.17,17.0,3.8,1.1,21.35,4.9,27.0,2.6,5.5,59.0,CENTRO,4
2.18,17.0,2.2,1.8,20.7,4.0,28.0,2.7,3.9,42.0,CENTRO,5
2.24,14.0,3.4,7.3,22.24,10.7,43.0,3.0,4.5,58.0,CENTRO,6
2.35,11.0,9.3,8.2,22.89,17.5,36.0,4.4,4.4,31.0,CENTRO,7
2.38,11.0,8.8,7.7,22.23,16.5,31.0,4.7,5.2,80.0,CENTRO,8
2.46,15.0,6.5,7.4,25.71,13.9,43.0,5.1,4.2,33.0,CENTRO,9
2.56,22.0,5.0,9.1,28.75,14.1,54.0,4.1,5.3,70.0,CENTRO,10
2.6,31.0,4.7,12.3,35.47,16.9,81.0,5.8,6.9,67.0,CENTRO,11
2.49,39.0,3.3,12.3,36.35,15.5,69.0,10.2,7.6,64.0,CENTRO,12
2.41,47.0,2.1,8.2,31.9,10.3,63.0,8.3,8.8,62.0,CENTRO,13
2.34,52.0,1.9,5.8,27.86,7.7,58.0,6.7,10.0,79.0,CENTRO,14
2.3,52.0,1.7,3.8,26.25,5.5,42.0,3.9,10.6,77.0,CENTRO,15
2.29,51.5,1.6,3.4,24.71,5.0,40.0,3.3,11.3,101.0,CENTRO,16
2.24,48.0,1.5,2.9,21.77,4.4,38.0,3.2,11.6,139.0,CENTRO,17
2.24,43.0,1.5,2.7,19.55,4.2,34.0,2.9,11.2,147.0,CENTRO,18
2.21,37.0,1.4,2.6,18.68,4.0,28.0,2.9,11.3,146.0,CENTRO,19
2.21,33.0,1.3,2.9,18.04,4.2,29.0,2.8,9.4,149.0,CENTRO,20
2.19,31.0,1.2,2.5,17.7,3.8,23.0,2.8,10.0,144.0,CENTRO,21
2.19,30.0,1.1,2.0,18.2,3.2,23.0,2.7,9.6,130.0,CENTRO,22
2.19,26.0,1.1,2.2,18.87,3.3,25.0,2.7,9.0,98.0,CENTRO,23
2.18,25.0,1.0666666666666667,1.5,19.5,2.7,40.0,2.75,6.7,123.0,CENTRO,0
2.19,23.0,1.0333333333333334,1.4,21.0,2.6,28.0,2.8,6.8,94.0,CENTRO,1
2.19,23.0,1.0,1.2,21.44,2.3,28.0,2.6,7.0,99.0,CENTRO,2
2.19,18.0,1.1,1.5,22.7,2.6,27.0,2.7,6.7,66.0,CENTRO,3
2.2,17.0,1.1,1.3,22.915,2.5,23.0,2.6,7.1,69.0,CENTRO,4
2.21,17.0,1.2,2.2,23.13,3.5,41.0,2.6,5.5,69.0,CENTRO,5
2.24,14.0,1.5,4.4,23.51,5.9,43.0,3.1500000000000004,5.6,57.0,CENTRO,6
2.37,11.0,3.4,8.4,24.04,11.8,32.0,3.7,5.7,70.0,CENTRO,7
2.45,11.0,6.3,9.5,24.47,15.8,33.0,5.3,5.1,70.0,CENTRO,8
2.58,15.0,9.1,11.1,28.12,20.1,39.0,7.4,5.7,68.0,CENTRO,9
2.62,22.0,7.4,11.7,30.96,19.0,56.0,7.1,6.7,57.0,CENTRO,10
2.51,31.0,4.8,10.7,31.61,15.5,64.0,8.4,8.8,60.0,CENTRO,11
2.41,39.0,2.9,8.3,31.59,11.2,59.0,7.3,9.4,72.0,CENTRO,12
2.41,47.0,2.0,6.9,33.39,8.9,53.0,6.9,10.3,68.0,CENTRO,13
2.41,52.0,1.9,7.0,33.59,8.8,58.0,6.0,10.1,55.0,CENTRO,14
2.36,52.0,1.6,4.4,27.99,6.0,64.0,4.9,10.5,78.0,CENTRO,15
2.27,51.5,1.5,2.9,23.56,4.4,53.0,3.6,11.3,129.0,CENTRO,16
2.28,48.0,1.7,2.9,21.64,4.6,34.0,3.0,11.2,153.0,CENTRO,17
2.27,43.0,1.6,3.0,19.4,4.7,33.0,3.0,11.4,153.0,CENTRO,18
2.23,37.0,1.4,2.7,17.6,4.1,29.0,2.8,8.7,154.0,CENTRO,19
2.22,33.0,1.2,2.5,17.08,3.8,27.0,2.8,8.5,145.0,CENTRO,20
2.22,31.0,1.1,2.3,17.38,3.5,29.0,2.7666666666666666,7.7,146.0,CENTRO,21
2.2,30.0,1.1,1.7,17.23,2.8,23.0,2.7333333333333334,9.6,133.0,CENTRO,22
2.19,26.0,1.175,1.3,16.7,2.5,23.0,2.7,10.4,129.0,CENTRO,23
2.18,25.0,1.25,1.2,17.24,2.3,25.0,2.7,9.6,121.0,CENTRO,0
2.21,23.0,1.325,1.6,22.14,2.7,23.0,3.0,7.4,48.0,CENTRO,1
2.21,23.0,1.4,4.1,27.31,5.5,37.0,3.3,6.1,51.0,CENTRO,2
2.21,18.0,1.1,1.4,25.84,2.5,42.0,2.8,6.3,55.0,CENTRO,3
2.23,17.0,1.5,3.6,25.58,5.1,36.0,3.4,5.6,68.0,CENTRO,4
2.24,17.0,1.2,2.8,24.47,4.0,30.0,3.1,5.9,95.0,CENTRO,5
2.27,14.0,1.4,4.4,24.93,5.8,29.0,2.8,5.6,69.0,CENTRO,6
2.35,11.0,3.5,7.6,27.1,11.1,31.0,3.2,4.2,81.0,CENTRO,7
2.46,11.0,7.1,9.0,30.18,16.1,31.0,4.6,4.6,82.0,CENTRO,8
2.55,15.0,8.3,10.2,34.19,18.5,45.0,5.5,6.1,84.0,CENTRO,9
2.56,22.0,5.7,10.1,39.27,15.8,54.0,6.3,5.2,70.0,CENTRO,10
2.57,31.0,3.2,9.9,38.79,13.1,72.0,5.2,6.3,81.0,CENTRO,11
2.48,39.0,1.7,6.9,36.14,8.6,69.0,4.1,8.3,74.0,CENTRO,12
2.44,47.0,1.5,5.1,33.65,6.6,70.0,3.7,11.1,72.0,CENTRO,13
2.35,52.0,1.5,3.7,27.45,5.2,61.0,3.5,9.7,77.0,CENTRO,14
2.27,52.0,1.4,2.4,21.56,3.8,47.0,3.4,10.8,137.0,CENTRO,15
2.26,51.5,1.5,2.8,19.93,4.3,42.0,3.3,10.1,113.0,CENTRO,16
2.24,48.0,1.5,2.6,18.62,4.1,40.0,3.0,12.7,132.0,CENTRO,17
2.25,43.0,1.6,3.2,15.92,4.7,29.0,2.8,12.4,145.0,CENTRO,18
2.24,37.0,1.3,2.7,14.65,3.9,32.0,2.8,11.4,147.0,CENTRO,19
2.21,33.0,1.1,2.2,13.57,3.4,26.0,2.9,10.1,152.0,CENTRO,20
2.23,31.0,1.2,2.7,13.74,3.9,28.0,2.8,10.2,146.0,CENTRO,21
2.22,30.0,1.1,2.1,15.3825,3.3,28.0,2.9,9.8,142.0,CENTRO,22
2.2,26.0,1.1,2.1,17.025,3.2,23.0,2.9,11.0,121.0,CENTRO,23
2.23,25.0,1.1,2.2,18.6675,3.4,33.35,2.8,6.3,69.0,CENTRO,0
2.22,23.0,1.0,1.6,20.31,2.8,43.86,2.8,7.4,57.0,CENTRO,1
2.24,23.0,1.1,1.4,23.41,2.6,53.11,2.95,8.0,43.0,CENTRO,2
2.25,18.0,1.3,3.6,22.43,4.9,48.88,3.1,7.0,21.0,CENTRO,3
2.27,17.0,1.8,7.6,25.87,9.3,50.29,5.2,6.3,20.0,CENTRO,4
2.29,17.0,2.9,7.1,22.98,9.9,47.16,7.0,6.0,34.0,CENTRO,5
2.29,14.0,2.8,6.0,20.71,8.8,49.5,7.3,5.6,86.0,CENTRO,6
2.38,11.0,4.8,8.3,22.99,13.0,57.97,5.3,3.6,90.0,CENTRO,7
2.49,11.0,6.8,8.6,26.4,15.4,67.44,5.3,3.5,44.0,CENTRO,8
2.57,15.0,6.3,8.8,27.83,15.1,78.08,4.8,4.3,42.0,CENTRO,9
2.65,22.0,4.5,11.3,27.76,15.8,86.82,4.3,4.3,347.0,CENTRO,10
3.03,31.0,5.5,20.0,37.66,25.5,78.72,6.8,6.2,50.0,CENTRO,11
2.83,39.0,2.9,16.3,38.75,19.2,74.87,9.8,8.1,90.0,CENTRO,12
2.53,47.0,1.6,7.6,28.22,9.3,70.87,5.3,10.5,82.0,CENTRO,13
2.39,52.0,1.8,6.1,24.81,7.9,57.16,5.1,11.6,60.0,CENTRO,14
2.4,52.0,1.7,5.7,28.91,7.4,44.37,11.5,13.3,76.0,CENTRO,15
2.33,51.5,1.7,3.9,20.42,5.6,42.38,8.8,14.1,92.0,CENTRO,16
2.28,48.0,1.6,2.6,16.17,4.2,40.41,4.1,11.6,145.0,CENTRO,17
2.29,43.0,1.7,3.0,16.3,4.7,37.88,3.2,14.4,144.0,CENTRO,18
2.24,37.0,1.4,2.6,14.23,4.0,35.94,3.0,10.7,158.0,CENTRO,19
2.24,33.0,1.2,3.5,12.75,4.8,32.65,2.9,9.0,155.0,CENTRO,20
2.28,31.0,1.3,3.3,15.56,4.6,29.68,2.9,12.2,107.0,CENTRO,21
2.26,30.0,1.3,2.8,12.9,4.1,26.06,3.06,9.0,116.0,CENTRO,22
2.25,26.0,1.2,1.9,15.33,3.2,33.8,3.22,12.0,128.0,CENTRO,23
2.25,25.0,1.1,1.6,14.88,2.9,35.025,3.38,9.5,133.0,CENTRO,0
2.25,23.0,1.2,1.6,12.98,2.9,36.25,3.54,7.5,58.0,CENTRO,1
2.27,23.0,1.6,4.2,15.24,5.8,41.69,3.7,7.8,49.0,CENTRO,2
2.28,18.0,2.2,4.0,21.35,6.2,43.06,3.4,7.0,49.0,CENTRO,3
2.29,17.0,2.3,4.7,18.51,7.0,53.84,4.8,5.5,46.0,CENTRO,4
2.32,17.0,2.5,5.6,11.48,8.0,50.55,4.9,4.3,28.0,CENTRO,5
2.37,14.0,1.9,6.2,12.67,8.1,41.97,3.6,2.6,47.0,CENTRO,6
2.55,11.0,3.1,5.9,13.96,9.0,48.68,3.3,3.1,17.0,CENTRO,7
2.47,11.0,4.5,5.3,15.04,9.9,58.66,3.5,5.0,182.0,CENTRO,8
2.46,15.0,4.6,5.7,18.36,10.3,61.91,3.5,3.5,347.0,CENTRO,9
2.56,22.0,4.9,8.8,21.13,13.7,62.48,3.85,5.0,36.0,CENTRO,10
2.84,31.0,4.6,12.7,26.06,17.3,93.0,4.2,6.3,47.0,CENTRO,11
2.74,39.0,3.9,14.6,27.59,18.5,90.69,10.3,7.6,47.0,CENTRO,12
2.52,47.0,1.9,8.0,24.96,9.8,64.83,6.8,10.4,62.0,CENTRO,13
2.34,52.0,1.5,3.6,17.68,5.1,56.72,4.7,13.3,83.0,CENTRO,14
2.24,52.0,1.5,2.0,11.97,3.5,66.06,3.3,14.0,127.0,CENTRO,15
2.2,51.5,1.4666666666666666,1.6,11.53,3.0,47.6,2.8,11.8,139.0,CENTRO,16
2.18,48.0,1.4333333333333333,1.4,8.43,2.9,34.6,2.7,13.2,141.0,CENTRO,17
2.17,43.0,1.4,1.6,7.18,2.9,42.11,2.7,14.9,151.0,CENTRO,18
2.2,37.0,1.4,2.2,8.57,3.6,36.19,2.8,13.9,146.0,CENTRO,19
2.24,33.0,1.3,2.2,9.9,3.5,25.95,2.8,11.8,151.0,CENTRO,20
2.27,31.0,1.2,2.8,11.44,4.1,48.92,2.75,8.1,160.0,CENTRO,21
2.29,30.0,1.1,3.4,11.77,4.6,36.57,2.7,5.1,136.0,CENTRO,22
2.3,26.0,1.2,2.0,13.14,3.3,35.02,2.7,9.0,97.0,CENTRO,23
2.28,25.0,1.2,1.7,12.84,2.9,34.33,2.8,9.1,104.0,CENTRO,0
2.31,23.0,1.9,3.3,15.08,5.1,29.52,2.9,7.8,53.0,CENTRO,1
2.38,23.0,5.4,7.8,20.04,13.2,34.39,6.4,6.0,19.0,CENTRO,2
2.43,18.0,2.9,6.8,20.46,9.7,42.77,4.4,5.4,25.0,CENTRO,3
2.38,17.0,3.3,6.2,19.2,9.5,38.6,5.1,5.4,67.0,CENTRO,4
2.51,17.0,6.2,8.1,24.5,14.3,31.09,6.6,3.1,43.0,CENTRO,5
2.54,14.0,3.1,8.2,26.72,11.3,33.38,4.6,3.7,21.0,CENTRO,6
2.54,11.0,4.8,7.6,24.22,12.3,33.61,4.3,5.3,46.0,CENTRO,7
2.66,11.0,3.0,4.8,24.72,7.8,35.19,4.3,4.1,27.0,CENTRO,8
2.53,15.0,3.1,4.2,30.45,7.3,38.45,4.1,3.3,44.0,CENTRO,9
2.44,22.0,3.4,5.0,28.48,8.4,50.41,4.1,5.7,6.0,CENTRO,10
2.69,31.0,2.6,7.0,29.89,9.6,65.96,4.9,6.4,17.0,CENTRO,11
2.68,39.0,3.8,13.3,36.0,17.1,68.2,13.9,8.6,45.0,CENTRO,12
2.45,47.0,2.5,8.0,25.37,10.4,55.83,11.0,9.9,60.0,CENTRO,13
2.35,52.0,1.5,2.7,18.22,4.1,45.33,5.0,12.7,84.0,CENTRO,14
2.27,52.0,1.4,1.7,14.54,3.1,31.59,3.9,13.9,94.0,CENTRO,15
2.25,51.5,1.5,1.4,12.74,2.9,27.87,3.1,14.1,96.0,CENTRO,16
2.21,48.0,1.4,1.1,10.23,2.4,25.76,2.8,13.5,119.0,CENTRO,17
2.19,43.0,1.3,0.9,7.06,2.2,25.51,2.7,12.3,140.0,CENTRO,18
2.19,37.0,1.3,1.3,6.18,2.6,26.47,2.6,11.4,143.0,CENTRO,19
2.23,33.0,1.2,2.5,7.56,3.8,24.36,2.6,7.7,156.0,CENTRO,20
2.26,31.0,1.1,3.1,8.6,4.3,26.72,2.8,7.2,147.0,CENTRO,21
2.28,30.0,1.2,2.3,13.25,3.5,25.36,3.6,9.6,125.0,CENTRO,22
2.26,26.0,1.2,1.3,15.61,2.6,41.38,3.0,9.2,111.0,CENTRO,23
2.27,25.0,1.3,1.6,16.61,2.9,33.41,2.9,6.6,91.0,CENTRO,0
2.32,23.0,2.3,5.9,19.82,8.2,39.49,4.1,5.2,23.0,CENTRO,1
2.39,23.0,2.4,7.5,23.56,9.9,55.09,5.1,6.4,6.0,CENTRO,2
2.38,18.0,1.6,6.6,22.28,8.2,46.77,3.6,5.2,16.0,CENTRO,3
2.46,17.0,2.5,8.5,23.7,11.0,45.54,3.8,4.5,63.0,CENTRO,4
2.44,17.0,4.5,9.7,25.12,14.2,56.31,4.0,3.3,16.0,CENTRO,5
2.46,14.0,4.1,9.2,22.47,13.3,56.64,3.5,1.1,349.0,CENTRO,6
2.59,11.0,7.0,8.6,23.61,15.6,50.2,3.8,1.5,311.0,CENTRO,7
2.69,11.0,9.2,8.3,24.02,17.4,43.8,4.5,3.8,351.0,CENTRO,8
2.65,15.0,8.1,10.1,25.11,18.2,48.09,4.9,3.8,25.0,CENTRO,9
2.69,22.0,5.6,11.8,27.8,17.4,48.53,5.9,4.0,23.0,CENTRO,10
3.02,31.0,5.2,15.8,33.44,21.0,54.58,7.4,6.1,28.0,CENTRO,11
2.66,39.0,4.1,15.4,32.55,19.5,71.39,13.2,8.2,50.0,CENTRO,12
2.51,47.0,1.7,7.2,22.74,8.9,50.17,4.9,12.3,67.0,CENTRO,13
2.4,52.0,1.6,4.7,18.83,6.2,39.35,6.7,13.8,90.0,CENTRO,14
2.3,52.0,1.5,2.9,15.51,4.4,32.42,6.0,12.6,121.0,CENTRO,15
2.27,51.5,1.8,2.7,13.49,4.5,30.32,3.1,12.8,117.0,CENTRO,16
2.22,48.0,1.6,2.0,11.06,3.6,25.95,2.7,11.2,145.0,CENTRO,17
2.21,43.0,1.6,2.5,10.26,4.1,20.65,2.6,13.8,143.0,CENTRO,18
2.24,37.0,1.5,2.8,10.9,4.2,18.63,2.7,11.7,151.0,CENTRO,19
2.26,33.0,1.3,3.5,11.47,4.8,21.05,2.7,9.2,155.0,CENTRO,20
2.26,31.0,1.2,3.2,11.77,4.4,24.58,2.6,8.5,151.0,CENTRO,21
2.32,30.0,1.2,4.2,16.73,5.4,51.71,2.9,6.0,92.0,CENTRO,22
2.3,26.0,1.2,2.7,19.43,3.9,50.93,3.0,5.9,85.0,CENTRO,23
2.28,25.0,1.2,2.5,18.33,3.7,29.0,3.0,5.9,74.0,CENTRO,0
2.28,23.0,1.2,2.0,19.31,3.2,25.0,3.1,7.1,57.0,CENTRO,1
2.31,23.0,1.3,3.4,25.0,4.6,32.0,3.2,7.5,52.0,CENTRO,2
2.32,18.0,1.3,2.4,26.35,3.7,44.0,3.4,7.4,58.0,CENTRO,3
2.34,17.0,2.3,5.5,27.51,7.8,39.0,4.3,5.8,59.0,CENTRO,4
2.41,17.0,2.5,7.5,29.94,10.1,39.0,4.5,4.0,37.0,CENTRO,5
2.54,14.0,6.8,9.7,32.87,16.5,58.0,4.2,2.1,26.0,CENTRO,6
2.69,11.0,10.9,9.4,33.53,20.3,58.0,4.8,4.2,35.0,CENTRO,7
2.85,31.592727272727274,9.4,8.9,31.43,18.3,69.0,5.5,3.7,17.0,CENTRO,8
2.85,31.694545454545455,8.5,10.9,34.62,19.4,62.0,5.3,5.3,13.0,CENTRO,9
3.11,31.796363636363637,7.0,14.0,38.39,21.0,76.0,5.5,4.2,6.0,CENTRO,10
2.95,31.89818181818182,7.0,17.2,40.77,24.2,91.0,8.5,5.9,44.0,CENTRO,11
2.58,32.0,4.0,14.3,37.1,18.3,99.0,11.0,8.3,58.0,CENTRO,12
1.84,82.0,2.1,8.0,31.82,10.1,69.0,6.5,11.0,64.0,CENTRO,13
1.7,71.0,1.7,4.2,24.69,5.9,69.0,4.4,13.0,88.0,CENTRO,14
1.62,55.0,1.7,2.5,21.53,4.2,51.0,3.1,13.4,149.0,CENTRO,15
1.61,53.0,1.6333333333333333,2.8,21.06,4.5,34.0,2.9,12.7,132.0,CENTRO,16
1.57,53.0,1.5666666666666667,3.0,18.03,4.6,24.0,2.8,12.8,138.0,CENTRO,17
1.57,53.0,1.5,2.9,19.67,4.4,28.0,2.8,13.4,152.0,CENTRO,18
1.58,50.0,1.6,2.7,17.88,4.3,27.0,2.7,12.4,151.0,CENTRO,19
1.6,43.0,1.3,2.5,19.12,3.8,26.0,2.9,11.3,151.0,CENTRO,20
1.63,37.0,1.3,3.5,19.85,4.7,23.0,2.9,9.0,144.0,CENTRO,21
1.63,36.0,1.2,2.9,18.93,4.1,25.0,2.8,7.5,117.0,CENTRO,22
1.66,28.0,1.3,1.9,29.57,3.2,32.0,3.1,8.6,72.0,CENTRO,23
1.66,25.0,1.2,1.4,32.21,2.6,42.0,3.1,8.2,91.0,CENTRO,0
1.66,23.0,1.3,1.5,31.8,2.7,39.0,3.0,8.3,72.0,CENTRO,1
1.65,22.0,1.2,1.3,26.43,2.6,34.0,3.0,9.6,65.0,CENTRO,2
1.64,22.0,1.2,1.4,23.13,2.6,39.0,2.9,7.8,50.0,CENTRO,3
1.66,21.0,1.3,1.5,24.2,2.7,29.0,2.7,7.1,47.0,CENTRO,4
1.67,18.0,1.3,2.5,25.8,3.9,30.0,2.6,5.6,43.0,CENTRO,5
1.72,6.0,8.3,9.0,32.92,17.2,42.0,7.3,3.4,19.0,CENTRO,6
2.02,9.0,4.3,7.0,37.54,11.3,50.0,5.0,4.3,6.0,CENTRO,7
2.1,12.0,6.3,7.0,39.4,13.3,57.0,3.8,6.1,23.0,CENTRO,8
2.0,14.0,7.1,7.6,43.81,14.7,68.0,4.2,7.3,72.0,CENTRO,9
1.91,21.0,5.1,7.2,45.1,12.2,76.0,5.0,6.6,68.0,CENTRO,10
1.79,38.0,2.7,4.7,41.69,7.3,66.0,4.7,6.9,92.0,CENTRO,11
1.79,47.0,2.3,4.4,41.05,6.7,60.0,4.7,6.8,58.0,CENTRO,12
1.81,56.0,2.0,4.1,38.79,6.1,55.0,3.9,8.5,59.0,CENTRO,13
1.78,60.0,1.8,3.8,35.55,5.6,57.0,3.7,8.8,54.0,CENTRO,14
1.75,58.0,1.6,2.8,31.45,4.4,49.0,3.3,10.0,73.0,CENTRO,15
1.71,54.0,1.5,2.1,27.81,3.6,46.0,3.1,10.8,136.0,CENTRO,16
1.71,51.0,1.5,2.3,27.4,3.8,37.0,3.0,11.2,143.0,CENTRO,17
1.7,47.0,1.45,2.2,27.77,3.7,36.0,2.9,13.1,138.0,CENTRO,18
1.7,43.0,1.4,2.2,27.07,3.6,36.0,2.9,13.0,145.0,CENTRO,19
1.71,39.0,1.3,2.1,27.05,3.4,38.0,2.8,11.6,152.0,CENTRO,20
1.71,35.0,1.4,2.5,27.29,4.0,43.0,2.8,12.2,140.0,CENTRO,21
1.7,25.0,2.3,1.5,33.79,3.8,42.0,2.7,13.1,98.0,CENTRO,22
1.69,24.0,1.7,0.9,33.98,2.7,68.0,2.7,11.2,113.0,CENTRO,23
1.69,24.0,1.5,0.8,34.8,2.2,59.0,2.75,8.8,106.0,CENTRO,0
1.69,23.0,1.4,0.8,34.91,2.2,60.0,2.8,7.6,124.0,CENTRO,1
1.68,22.0,1.2,0.8666666666666667,34.66,2.0,58.0,2.7,7.4,111.0,CENTRO,2
1.68,22.0,1.3,0.9333333333333333,33.34,2.1,65.0,2.7,7.5,70.0,CENTRO,3
1.69,20.0,1.3,1.0,32.71,2.3,60.0,2.8,6.2,57.0,CENTRO,4
1.7,17.0,1.8499999999999999,1.9,31.9,3.2,58.0,2.7,6.5,57.0,CENTRO,5
1.73,11.0,2.4,4.4,32.41,6.8,49.0,2.8,3.5,30.0,CENTRO,6
1.82,8.0,4.8,6.9,34.59,11.7,52.0,3.3,3.2,34.0,CENTRO,7
1.92,10.0,8.9,7.1,37.3,16.0,48.0,4.8,3.7,25.0,CENTRO,8
2.01,16.0,6.3,7.5,39.81,13.7,60.0,4.4,4.0,9.0,CENTRO,9
2.04,30.0,4.1,7.6,41.96,11.7,73.0,3.7,4.6,47.0,CENTRO,10
1.99,39.0,5.2,10.4,47.69,15.6,80.0,8.0,8.0,67.0,CENTRO,11
1.88,60.0,2.0,5.0,41.2,6.9,81.0,5.2,8.2,76.0,CENTRO,12
1.83,56.0,1.9,4.0,37.04,5.9,73.0,4.9,8.5,62.0,CENTRO,13
1.77,48.0,1.7,2.4,30.82,4.2,62.0,3.6,10.8,75.0,CENTRO,14
1.73,44.0,1.6,1.7,26.16,3.3,44.0,3.0,9.8,121.0,CENTRO,15
1.73,39.0,1.8,2.3,23.55,4.1,37.0,3.1,12.1,99.0,CENTRO,16
1.72,35.0,1.8,1.8,21.8,3.6,41.0,2.9,12.7,146.0,CENTRO,17
1.7,33.0,1.7,2.0,20.71,3.8,38.0,2.8,14.7,139.0,CENTRO,18
1.69,33.0,1.5,2.2,23.04,3.8,35.0,2.7,14.1,138.0,CENTRO,19
1.7,32.0,1.4,2.2,26.68,3.5,48.0,2.7,12.6,143.0,CENTRO,20
1.74,25.0,1.4,1.8,33.32,3.2,43.0,2.8,17.7,104.0,CENTRO,21
1.75,19.0,1.35,1.3,29.8,2.7,102.0,2.7,14.4,98.0,CENTRO,22
1.74,20.0,1.3,1.0,27.99,2.4,63.0,2.7,10.1,101.0,CENTRO,23
1.73,21.0,1.3,0.8,26.63,2.0,39.0,2.5,10.6,93.0,CENTRO,0
1.73,19.0,1.2666666666666666,0.8,26.43,2.0,42.0,2.7,9.7,80.0,CENTRO,1
1.71,20.0,1.2333333333333334,0.7,26.44,1.9,43.0,2.6,9.0,85.0,CENTRO,2
1.72,19.0,1.2,0.7,32.99,1.9,42.0,2.5,7.7,73.0,CENTRO,3
1.72,18.0,1.2,0.8,34.71,2.1,46.0,2.7,8.6,69.0,CENTRO,4
1.73,16.0,1.3,1.7,30.74,3.0,40.0,2.6,6.3,58.0,CENTRO,5
1.78,8.0,2.4,5.7,32.95,8.1,44.0,3.1,4.4,36.0,CENTRO,6
1.9,7.0,5.0,6.7,35.21,11.7,60.0,3.6,4.8,66.0,CENTRO,7
1.94,7.0,8.1,6.8,37.18,14.9,63.0,4.4,5.7,81.0,CENTRO,8
2.07,13.0,8.7,7.7,42.18,16.4,67.0,6.6,4.0,53.0,CENTRO,9
2.13,26.0,4.8,7.1,46.31,11.9,71.0,4.6,4.8,66.0,CENTRO,10
2.16,47.0,3.5,8.7,48.91,12.1,82.0,4.2,5.0,36.0,CENTRO,11
2.23,67.0,3.1,11.9,51.97,15.1,90.0,6.6,7.6,67.0,CENTRO,12
2.01,81.0,2.2,8.7,46.41,10.9,107.0,9.4,9.4,72.0,CENTRO,13
1.86,64.0,2.0,5.1,37.62,7.1,91.0,5.6,10.8,63.0,CENTRO,14
1.81,53.0,1.7,3.1,37.65,4.8,70.0,7.5,14.8,75.0,CENTRO,15
1.77,55.0,1.6,3.1,38.69,4.7,74.0,13.9,12.4,86.0,CENTRO,16
1.78,46.0,1.6,3.0,35.96,4.7,65.0,8.9,13.2,105.0,CENTRO,17
1.8,39.0,1.8,3.1,26.68,4.9,59.0,3.7,15.2,144.0,CENTRO,18
1.81,33.0,1.6,3.9,21.71,5.4,54.0,3.1,8.7,145.0,CENTRO,19
1.85,28.0,1.5,5.9,23.63,7.3,36.0,3.0,5.9,134.0,CENTRO,20
1.9,23.0,1.4,6.3,27.8,7.7,39.0,3.2,5.8,112.0,CENTRO,21
1.76,26.0,1.4,1.7,36.22,3.1,40.0,3.2,12.6,148.0,CENTRO,22
1.76,24.0,1.3,1.7,35.14,3.0,61.0,2.9,8.8,134.0,CENTRO,23
1.76,20.0,1.3,1.1,31.16,2.4,70.65,2.8,10.2,86.0,CENTRO,0
1.76,18.0,1.3,0.9,27.18,2.1,67.37,2.8,11.0,75.0,CENTRO,1
1.76,17.0,1.3,1.2,27.19,2.6,65.69,4.3,11.1,76.0,CENTRO,2
1.76,17.0,1.3,1.2,28.25,2.5,77.17,4.0,8.9,93.0,CENTRO,3
1.76,19.0,1.2,0.8,30.48,2.0,82.51,3.3,6.0,76.0,CENTRO,4
1.76,17.0,1.3,1.4,26.02,2.7,76.78,2.9,6.6,58.0,CENTRO,5
1.8,14.0,1.5,2.8,25.7,4.3,87.84,2.8,6.8,62.0,CENTRO,6
1.83,12.0,2.1,3.9,25.51,5.9,96.19,2.7,6.7,52.0,CENTRO,7
1.9,12.0,3.0,4.4,27.36,7.5,103.22,2.8,6.7,58.0,CENTRO,8
1.92,13.0,4.1,4.9,30.74,9.0,118.71,3.1,5.9,67.0,CENTRO,9
1.98,13.0,7.0,7.8,38.72,14.7,117.61,5.3,5.4,44.0,CENTRO,10
1.99,23.0,5.4,7.2,38.97,12.5,121.14,5.8,6.3,43.0,CENTRO,11
1.98,34.0,4.2,8.2,44.28,12.3,134.27,7.0,7.8,91.0,CENTRO,12
1.96,55.0,2.5,6.0,47.76,8.4,122.91,7.5,8.1,67.0,CENTRO,13
1.93,78.0,1.6,4.1,48.94,5.7,103.88,6.6,7.0,96.0,CENTRO,14
1.91,73.0,1.5,3.2,44.1,4.6,102.27,4.6,6.7,165.0,CENTRO,15
1.86,55.0,1.4,2.5,37.94,3.8,104.96,3.9,7.3,211.0,CENTRO,16
1.8,48.0,1.4,1.8,25.87,3.1,96.73,2.9,10.9,203.0,CENTRO,17
1.86,41.0,1.4,3.6,20.16,5.0,112.52,2.6,3.3,263.0,CENTRO,18
2.01,30.0,1.5,6.9,21.12,8.3,59.77,2.6,2.5,145.0,CENTRO,19
2.04,26.0,1.5,6.7,26.24,8.1,61.34,2.566666666666667,7.4,87.0,CENTRO,20
2.2,16.0,1.5,9.8,27.69,11.3,72.12,2.533333333333333,3.8,8.0,CENTRO,21
2.22,17.0,1.5,8.2,28.51,9.7,100.49,2.5,2.4,5.0,CENTRO,22
2.11,16.0,1.4,8.2,27.4,9.5,91.38,2.7,5.0,87.0,CENTRO,23
2.04,18.0,1.4,6.5,27.91,7.9,81.54,2.5,4.9,61.0,CENTRO,0
1.96,10.0,2.2,8.9,32.99,11.1,74.12,2.9,4.2,45.0,CENTRO,1
1.93,9.0,3.0,9.4,32.1,12.4,69.26,3.4,4.4,45.0,CENTRO,2
1.91,12.0,1.8,7.7,26.57,9.4,73.69,3.6,3.4,24.0,CENTRO,3
1.87,12.0,1.7,6.6,24.37,8.2,75.55,3.4,2.1,48.0,CENTRO,4
1.88,10.0,1.7,6.5,28.74,8.3,64.14,3.9,1.3,52.0,CENTRO,5
1.89,8.0,1.6,5.9,32.43,7.5,62.56,3.3,2.6,5.0,CENTRO,6
1.9,7.0,2.2,5.9,34.25,8.1,64.95,3.1,1.2,69.0,CENTRO,7
1.93,7.0,3.2,5.7,33.79,8.9,71.1,3.0,1.0,10.0,CENTRO,8
2.0,8.0,4.3,5.7,33.53,9.9,79.06,2.8,2.4,32.0,CENTRO,9
2.03,10.0,4.4,5.7,36.86,10.1,100.09,2.8,2.0,20.0,CENTRO,10
2.01,17.0,3.8,4.9,37.14,8.7,103.96,2.8666666666666667,2.4,52.0,CENTRO,11
2.02,24.0,3.2,5.8,38.17,9.0,107.22,2.933333333333333,2.7,48.0,CENTRO,12
2.28,32.0,3.8,7.6,43.68,11.3,105.64,3.0,3.6,66.0,CENTRO,13
2.29,50.0,3.8,10.6,52.68,14.5,105.86,5.4,5.7,86.0,CENTRO,14
2.12,73.0,2.1,6.4,46.2,8.5,97.34,5.5,8.5,81.0,CENTRO,15
2.11,78.0,1.6,4.6,47.38,6.2,90.18,4.2,8.2,81.0,CENTRO,16
2.05,72.0,1.4,3.4,34.81,4.7,58.6,3.4,8.1,95.0,CENTRO,17
1.92,59.0,1.4,1.8,31.99,3.1,41.47,3.2,9.1,143.0,CENTRO,18
1.94,44.0,1.4,1.8,29.69,3.1,39.06,3.1,7.0,130.0,CENTRO,19
1.9,36.0,1.3,2.0,31.79,3.3,47.2,3.0,4.1,158.0,CENTRO,20
1.95,31.0,1.4,2.5,33.41,3.9,47.47,2.9,4.6,123.0,CENTRO,21
1.87,30.0,1.4,1.5,27.1,2.8,48.37,2.8,12.7,143.0,CENTRO,22
1.8,29.0,1.3,0.7,23.47,2.0,48.46,2.6,8.9,148.0,CENTRO,23
1.81,25.0,1.4,0.7,22.78,2.0,49.2,2.6,5.6,128.0,CENTRO,0
1.81,22.0,1.3,0.7,21.39,2.0,60.7,2.5,6.6,102.0,CENTRO,1
1.81,18.0,1.4,1.0,21.53,2.4,59.21,2.5,6.7,73.0,CENTRO,2
1.81,14.0,1.5,1.3,19.68,2.7,57.37,2.6999999999999997,6.5,63.0,CENTRO,3
1.83,10.0,1.8,2.5,17.65,4.3,51.19,2.9,4.3,59.0,CENTRO,4
1.85,8.0,1.8,2.7,18.12,4.5,60.65,3.1,2.4,52.0,CENTRO,5
1.91,5.0,3.8,3.7,20.34,7.6,66.75,3.2,2.9,63.0,CENTRO,6
2.0,6.0,5.6,3.8,21.16,9.4,71.41,3.4,3.5,64.0,CENTRO,7
2.14,6.0,6.8,4.1,25.69,11.0,68.51,3.8,3.1,42.0,CENTRO,8
2.12,11.0,5.7,3.7,29.58,9.3,66.56,3.8,3.6,19.0,CENTRO,9
1.99,20.0,3.6,3.4,32.0,7.0,66.48,3.7,4.4,349.0,CENTRO,10
2.11,32.0,3.0,4.5,31.7,7.5,67.66,3.8,4.7,12.0,CENTRO,11
2.1,34.0,3.5,6.5,35.41,10.0,70.24,6.2,6.6,80.0,CENTRO,12
1.98,63.0,1.7,3.4,31.11,5.0,80.28,5.4,7.7,104.0,CENTRO,13
1.91,52.0,1.6,2.2,30.17,3.9,97.7,4.7,11.3,76.0,CENTRO,14
1.87,44.0,1.5,2.2,29.6,3.7,79.79,8.1,12.1,118.0,CENTRO,15
1.89,37.0,1.6,2.1,27.17,3.7,83.93,6.3,9.9,141.0,CENTRO,16
1.88,37.0,1.5,2.0,25.73,3.5,64.87,4.4,10.4,137.0,CENTRO,17
1.91,36.0,1.5,2.6,25.44,4.1,60.19,3.9,10.2,144.0,CENTRO,18
1.9,37.0,1.4,2.4,26.58,3.8,60.05,4.3,8.5,154.0,CENTRO,19
1.93,31.0,1.4,2.7,30.76,4.0,72.93,4.3,4.3,112.0,CENTRO,20
1.98,21.0,1.4,4.5,30.19,5.9,80.53,3.8,2.8,157.0,CENTRO,21
1.99,18.0,1.3,4.7,28.73,6.1,62.09,3.6,3.0,102.0,CENTRO,22
2.0,20.0,1.4,3.9,29.49,5.3,52.36,3.4,3.1,88.0,CENTRO,23
2.02,20.0,1.3,3.2,29.03,4.5,55.83,3.1,2.5,86.0,CENTRO,0
1.88,23.0,1.3,1.8,27.28,3.1,56.28,3.0,3.4,51.0,CENTRO,1
1.87,18.0,1.5,2.5,25.3,4.0,55.33,3.2,5.6,50.0,CENTRO,2
1.95,11.0,1.5,4.1,25.19,5.5,51.05,3.9,5.6,20.0,CENTRO,3
1.92,10.0,1.4,3.6,22.36,5.0,48.0,3.6,5.7,27.0,CENTRO,4
1.95,9.0,1.4,3.5,19.43,4.8,48.13,3.4,3.2,26.0,CENTRO,5
1.96,8.0,1.7,3.8,19.75,5.5,55.53,3.4,1.5,4.0,CENTRO,6
1.98,7.0,3.3,3.9,19.97,7.2,58.33,3.5500000000000003,1.2,241.0,CENTRO,7
2.08,8.0,4.8,4.5,22.02,9.3,71.3,3.7,2.3,315.0,CENTRO,8
2.36,10.0,6.4,5.4,28.35,11.8,74.95,3.9,2.9,280.0,CENTRO,9
2.5,14.0,7.2,7.6,36.35,14.7,77.03,5.3,3.6,319.0,CENTRO,10
2.28,20.0,4.8,7.0,29.3,11.7,82.43,4.8,3.2,23.0,CENTRO,11
2.2,41.0,3.2,6.8,31.41,9.9,99.54,5.3,6.3,78.0,CENTRO,12
2.09,70.0,1.7,4.6,29.5,6.3,83.49,4.6,9.0,91.0,CENTRO,13
1.96,62.0,1.5,2.6,24.55,4.0,82.64,3.6,9.1,126.0,CENTRO,14
1.93,62.0,1.5,2.1,23.41,3.6,78.28,4.1,9.6,157.0,CENTRO,15
1.94,60.0,1.5,2.4,23.88,3.9,69.08,4.3,11.9,146.0,CENTRO,16
1.89,47.0,1.6,1.7,19.44,3.2,65.11,3.4,11.9,148.0,CENTRO,17
1.94,45.0,1.5,2.3,17.91,3.8,66.02,3.0,12.1,145.0,CENTRO,18
1.93,42.0,1.4,2.2,18.26,3.5,61.54,2.9,9.9,142.0,CENTRO,19
1.88,34.0,1.3,1.5,17.07,2.8,69.87,2.7,8.5,155.0,CENTRO,20
1.87,33.0,1.3,1.3,17.19,2.6,69.84,2.6,5.6,162.0,CENTRO,21
1.92,27.0,1.3499999999999999,2.6,17.43,3.8,65.11,2.7,2.7,57.0,CENTRO,22
1.99,19.0,1.4,3.7,18.87,5.0,66.81,2.6,2.9,58.0,CENTRO,23
2.02,17.0,1.3,4.0,19.46,5.3,63.58,2.8,3.2,94.0,CENTRO,0
1.84,23.0,1.3,1.2,12.74,2.4,67.03,2.7,5.2,125.0,CENTRO,1
1.84,24.0,1.3,1.0,12.04,2.2,64.97,2.6,5.4,73.0,CENTRO,2
1.88,14.0,1.7,3.4,18.34,5.1,63.51,4.8,7.5,45.0,CENTRO,3
1.9,13.0,1.7,3.3,22.21,4.9,59.16,5.0,5.6,37.0,CENTRO,4
1.9,9.0,1.8,3.7,18.46,5.5,46.31,4.3,4.5,31.0,CENTRO,5
1.97,7.0,2.3,4.2,17.95,6.4,49.14,4.2,2.3,46.0,CENTRO,6
2.1,6.0,4.0,4.3,18.05,8.2,51.71,3.8,1.1,251.0,CENTRO,7
2.24,8.0,6.6,4.7,20.89,11.3,61.77,3.7,3.9,44.0,CENTRO,8
2.32,17.0,5.0,5.1,25.81,10.0,85.63,4.8,3.3,41.0,CENTRO,9
2.34,31.0,3.7,6.1,27.45,9.8,116.6,5.3,4.0,19.0,CENTRO,10
2.52,43.0,3.9,9.0,33.02,12.8,93.95,5.9,6.7,42.0,CENTRO,11
2.27,61.0,2.6,7.0,34.23,9.6,89.24,8.0,9.2,73.0,CENTRO,12
1.98,63.0,1.6,2.6,21.11,4.2,80.28,5.1,11.4,77.0,CENTRO,13
1.93,57.0,1.4,2.1,22.99,3.5,68.44,8.7,11.4,88.0,CENTRO,14
1.92,36.0,1.5,1.7,13.87,3.2,60.63,5.0,8.3,142.0,CENTRO,15
1.9,35.0,1.5,1.5,12.52,3.0,59.54,3.4,8.7,146.0,CENTRO,16
1.94,36.0,1.7,2.2,13.06,3.9,46.01,3.0,7.5,153.0,CENTRO,17
1.95,36.0,1.5,2.2,14.22,3.7,41.9,3.0,6.9,160.0,CENTRO,18
1.95,36.0,1.4,2.2,14.52,3.6,42.45,2.8,6.4,141.0,CENTRO,19
2.0,33.0,1.4,3.0,15.41,4.4,37.25,2.9,4.9,119.0,CENTRO,20
1.99,31.0,1.3,3.0,17.22,4.2,38.23,2.9,2.9,122.0,CENTRO,21
1.97,32.0,1.3,2.1,14.76,3.4,38.8,2.7,2.2,148.0,CENTRO,22
1.93,27.0,1.3,1.8,14.13,3.1,45.77,2.8,8.0,113.0,CENTRO,23
1.87,24.0,1.3,0.8,10.83,2.0,53.33,2.6,9.4,121.0,CENTRO,0
1.86,21.0,1.325,0.6,9.66,1.9,30.24,2.6,6.6,65.0,CENTRO,1
1.84,19.0,1.3499999999999999,0.5,8.81,1.6,28.21,2.5,8.0,64.0,CENTRO,2
1.85,19.0,1.375,0.5,8.58,1.7,46.2,2.6,5.8,63.0,CENTRO,3
1.87,14.0,1.4,1.6,8.64,3.0,50.07,2.8,5.4,16.0,CENTRO,4
1.92,8.0,1.8,2.8,10.64,4.6,47.97,5.1,4.9,41.0,CENTRO,5
1.96,6.0,3.2,3.4,10.83,6.5,51.71,5.2,3.6,61.0,CENTRO,6
2.06,6.0,6.2,3.8,14.53,10.0,48.49,5.5,2.1,31.0,CENTRO,7
2.31,8.0,6.9,4.5,16.84,11.4,61.88,4.3,2.7,41.0,CENTRO,8
2.36,14.0,5.6,4.8,17.6,10.3,64.59,4.1,3.9,21.0,CENTRO,9
2.41,26.0,4.3,5.8,19.03,10.0,68.3,4.6,4.2,26.0,CENTRO,10
2.36,43.0,3.0,5.8,21.37,8.7,86.07,4.9,6.4,33.0,CENTRO,11
2.2,57.0,2.1,5.1,22.96,7.2,86.22,6.7,7.3,61.0,CENTRO,12
2.0,63.0,1.5,2.2,19.45,3.7,50.98,12.1,10.2,75.0,CENTRO,13
1.95,57.0,1.5,1.6,17.82,3.1,52.8,15.0,12.5,78.0,CENTRO,14
1.91,43.0,1.5333333333333334,1.1,14.34,2.6,35.26,9.3,14.3,91.0,CENTRO,15
1.9,37.0,1.5666666666666667,1.2,10.62,2.6,32.42,5.0,10.6,104.0,CENTRO,16
1.94,34.0,1.6,1.4,9.99,3.1,33.25,3.4,8.1,158.0,CENTRO,17
1.93,32.0,1.5,1.5,10.76,3.0,32.68,3.2,7.5,164.0,CENTRO,18
1.9,30.0,1.4,1.2,9.68,2.6,36.19,2.9,8.3,163.0,CENTRO,19
1.94,27.0,1.3,1.9,13.97,3.2,36.93,2.9,7.3,155.0,CENTRO,20
1.92,26.0,1.3,1.5,11.22,2.8,37.56,2.8,8.9,120.0,CENTRO,21
1.9,23.0,1.3166666666666667,1.0,8.61,2.3,31.35,2.7,11.3,127.0,CENTRO,22
1.86,25.0,1.3333333333333333,1.08,6.84,1.6,33.61,2.7,11.6,144.0,CENTRO,23
1.86,24.0,1.35,1.16,5.78,1.5,28.0,2.6,10.2,131.0,CENTRO,0
1.86,22.0,1.3666666666666667,1.24,6.04,1.6,24.29,2.6,8.9,124.0,CENTRO,1
1.86,23.0,1.3833333333333333,1.3199999999999998,5.64,1.5,21.47,2.5,6.4,116.0,CENTRO,2
1.89,17.0,1.4,1.4,7.29,2.8,20.54,3.0,4.2,29.0,CENTRO,3
1.91,12.0,1.6,2.5,10.33,4.1,21.77,3.7,5.3,33.0,CENTRO,4
2.01,6.0,2.3,4.0,18.0,6.3,33.79,3.5,4.6,27.0,CENTRO,5
2.18,8.0,1.7,3.4,12.57,5.1,29.42,3.2,4.4,41.0,CENTRO,6
2.24,7.0,3.2,3.6,12.25,6.7,46.07,3.2,1.7,9.0,CENTRO,7
2.29,11.0,5.6,4.0,14.03,9.6,57.28,4.0,3.5,6.0,CENTRO,8
2.23,18.0,4.2,3.9,13.27,8.1,57.28,4.2,4.9,10.0,CENTRO,9
2.14,30.0,2.6,3.3,12.92,6.0,59.07,4.0,5.4,15.0,CENTRO,10
2.26,40.0,3.0,5.4,17.46,8.4,60.61,4.4,6.0,38.0,CENTRO,11
2.09,47.0,2.3,3.8,16.5,6.1,60.17,7.1,7.2,55.0,CENTRO,12
2.06,67.0,1.5,2.4,14.09,3.9,49.44,5.7,8.6,107.0,CENTRO,13
2.0,65.0,1.5,1.9,11.73,3.4,44.17,4.4,7.0,74.0,CENTRO,14
1.98,61.0,1.5999999999999999,2.1,10.86,3.6,37.9,4.1,9.5,68.0,CENTRO,15
1.99,50.0,1.7,2.2,10.63,3.9,27.17,4.0,11.5,80.0,CENTRO,16
1.96,53.0,1.5,1.8,9.77,3.3,23.25,3.8,10.3,90.0,CENTRO,17
1.98,46.0,1.5,1.9,10.2,3.4,24.77,3.4,9.5,117.0,CENTRO,18
1.95,38.0,1.4,1.6,10.93,3.0,21.81,4.4,7.7,162.0,CENTRO,19
1.98,34.0,1.3,2.0,12.72,3.2,31.59,4.9,6.7,147.0,CENTRO,20
1.94,32.0,1.3,1.5,11.76,2.8,37.09,4.9,5.5,148.0,CENTRO,21
1.97,29.0,1.25,1.8,12.1,3.1,27.77,4.2,4.3,115.0,CENTRO,22
1.96,29.0,1.2,1.5,11.07,2.7,17.05,4.0,2.6,144.0,CENTRO,23
1.99,23.0,1.3,2.1,11.23,3.4,14.89,4.0,1.2,282.0,CENTRO,0
2.03,20.0,1.4,3.5,11.47,4.9,15.05,3.6,5.0,125.0,CENTRO,1
1.93,26.0,1.3,2.0,10.76,3.2,13.45,3.2,7.0,65.0,CENTRO,2
1.93,18.0,1.4,2.2,10.22,3.6,18.94,4.2,7.1,6.0,CENTRO,3
2.01,17.0,1.3,2.1,10.29,3.4,27.8,6.8,4.3,323.0,CENTRO,4
1.98,21.0,1.3,2.0,10.98,3.3,49.01,7.7,3.3,278.0,CENTRO,5
2.0,15.0,1.4,3.2,13.51,4.5,29.93,7.1,1.9,16.0,CENTRO,6
2.04,14.0,1.7,3.6,13.77,5.3,34.23,5.3,2.8,235.0,CENTRO,7
2.16,13.0,3.5,4.8,15.89,8.3,43.76,5.2,2.1,224.0,CENTRO,8
2.24,22.0,3.7,5.9,21.68,9.5,40.23,9.2,4.8,288.0,CENTRO,9
2.14,33.0,2.0,3.7,18.3,5.8,41.7,5.1,6.0,25.0,CENTRO,10
2.06,39.0,1.7,3.1,19.37,4.8,56.85,4.3,5.0,17.0,CENTRO,11
2.07,50.0,1.5,2.8,19.75,4.3,54.39,3.8,5.3,253.0,CENTRO,12
2.07,55.0,1.5,2.8,19.57,4.2,38.84,3.5,8.5,193.0,CENTRO,13
2.06,38.0,1.7,2.2,9.36,3.7,32.78,2.7,3.8,211.0,CENTRO,14
2.19,30.0,1.9,3.2,9.24,5.1,36.94,2.6,2.3,228.0,CENTRO,15
2.13,38.0,1.9,2.8,11.76,4.7,33.06,2.7,3.6,213.0,CENTRO,16
2.11,45.0,1.5,2.6,15.11,4.2,25.49,3.1,4.6,295.0,CENTRO,17
2.11,49.0,1.4,2.4,13.99,3.9,27.52,2.7,3.6,338.0,CENTRO,18
2.17,42.0,1.4,3.0,15.18,4.3,24.57,2.8,8.2,16.0,CENTRO,19
2.05,25.0,1.375,2.3,9.66,3.6,28.53,2.6,4.6,237.0,CENTRO,20
2.02,23.0,1.35,1.9,8.78,3.3,25.09,2.5,3.5,230.0,CENTRO,21
2.06,24.0,1.325,2.4,10.82,3.8,25.39,2.6,6.8,307.0,CENTRO,22
2.03,24.0,1.3,1.9,9.61,3.2,22.42,2.5,5.3,285.0,CENTRO,23
1.86,40.0,1.2,0.3,5.18,1.5,23.55,2.6,10.8,290.0,CENTRO,0
1.84,42.0,1.3,0.0,5.17,1.3,25.28,2.5,15.5,276.0,CENTRO,1
1.82,46.0,1.32,0.02,4.35,1.34,31.86,2.5,13.6,280.0,CENTRO,2
1.82,46.0,1.34,0.04,4.39,1.3800000000000001,33.32,2.4,15.1,278.0,CENTRO,3
1.84,48.0,1.3599999999999999,0.060000000000000005,4.4,1.42,36.1,2.5,15.6,279.0,CENTRO,4
1.85,46.0,1.38,0.08,4.32,1.46,32.54,2.5,15.0,274.0,CENTRO,5
1.85,45.0,1.4,0.1,3.595,1.5,40.58,2.475,19.1,277.0,CENTRO,6
1.9,49.0,1.1,0.0,2.87,1.1,43.21,2.4499999999999997,21.7,274.0,CENTRO,7
1.9,47.0,1.0,0.1,2.8400000000000003,1.1,52.12,2.425,22.0,275.0,CENTRO,8
1.9,44.0,1.0,0.1,2.81,1.1,78.67,2.4,19.6,275.0,CENTRO,9
1.9,41.0,1.0,0.3,2.7800000000000002,1.3,67.24,2.4,21.4,274.0,CENTRO,10
1.94,37.0,1.5,0.4,2.75,1.9,69.7,2.42,18.3,270.0,CENTRO,11
1.97,34.0,1.0,0.7,2.72,1.6,58.14,2.44,11.1,259.0,CENTRO,12
2.01,32.0,1.1,1.0,2.8550000000000004,2.0,50.12,2.46,8.1,199.0,CENTRO,13
1.98,35.0,1.1,0.6,2.99,1.6,18.17,2.48,9.1,158.0,CENTRO,14
2.02,32.0,1.1,0.6,2.94,1.6,18.41,2.5,9.7,138.0,CENTRO,15
2.03,33.0,1.1,0.7,4.28,1.8,23.8,2.4,5.9,103.0,CENTRO,16
2.1,22.0,1.3,3.5,11.59,4.8,34.15,2.5,5.8,21.0,CENTRO,17
2.1665,21.714285714285715,1.6666666666666667,3.4857142857142858,11.716666666666667,5.147619047619047,27.37,2.715,5.87,23.25,CENTRO,18
2.233,21.428571428571427,2.033333333333333,3.4714285714285715,11.843333333333334,5.495238095238095,38.17,2.93,5.9399999999999995,25.5,CENTRO,19
2.2995,21.142857142857142,2.4,3.4571428571428573,11.97,5.8428571428571425,20.23,3.145,6.01,27.75,CENTRO,20
2.366,20.857142857142858,2.7666666666666666,3.442857142857143,12.096666666666666,6.190476190476191,17.8,3.36,6.08,30.0,CENTRO,21
2.29,30.0,1.6,3.1,18.11,4.7,23.28,2.9,6.0,125.0,CENTRO,22
2.29,26.0,1.6,2.8,18.87,4.65,21.7,2.9,5.6,115.0,CENTRO,23
2.28,25.0,1.6,2.7,18.81,4.4,16.52,2.95,5.4,109.0,CENTRO,0
2.26,23.0,1.6,2.8,19.35,4.4,22.51,3.0,4.9,102.0,CENTRO,1
2.28,23.0,1.69375,2.7,20.58,4.5,17.02,3.1,4.7,84.0,CENTRO,2
2.28,18.0,1.8,3.1,22.252,4.9,16.26,3.2,4.0,79.0,CENTRO,3
2.27,17.0,1.7266666666666668,3.0,22.89,4.9,15.71,3.2,3.7,86.0,CENTRO,4
2.32,17.0,1.8,3.25,23.005000000000003,5.1,11.74,3.2,3.2,109.5,CENTRO,5
2.35,14.0,2.2,4.55,23.381666666666668,6.8,11.49,3.2333333333333334,2.8,115.0,CENTRO,6
2.42,11.0,3.4,5.95,24.314999999999998,9.2,11.24,3.4,2.9,130.0,CENTRO,7
2.54,11.0,5.1,6.5,26.27,11.5,10.13,3.8,3.3,119.0,CENTRO,8
3.164,15.0,5.5,7.05,28.94,12.5,6.46,5.9399999999999995,6.92,57.0,CENTRO,9
3.2305,17.142857142857142,7.533333333333333,3.257142857142857,13.743333333333334,10.709523809523809,6.34,6.154999999999999,6.99,59.25,CENTRO,10
3.297,16.857142857142858,7.9,3.242857142857143,13.87,11.057142857142857,7.055,6.37,7.0600000000000005,61.5,CENTRO,11
3.3635,16.571428571428573,8.266666666666667,3.2285714285714286,13.996666666666666,11.404761904761905,7.77,6.585,7.13,63.75,CENTRO,12
3.43,16.285714285714285,8.633333333333333,3.2142857142857144,14.123333333333333,11.752380952380951,7.699047619047619,6.8,7.2,66.0,CENTRO,13
2.62,16.0,9.0,3.2,14.25,12.1,7.628095238095238,2.4,5.9,64.0,CENTRO,14
2.39,41.0,9.5,2.4,14.32,11.9,7.557142857142857,2.2,8.9,68.0,CENTRO,15
2.31,65.0,8.0,2.3,21.54,10.3,7.486190476190476,5.8,10.5,83.0,CENTRO,16
2.25,49.0,6.6,1.8,14.81,8.4,43.0,3.3,8.5,78.0,CENTRO,17
2.22,47.0,5.3,1.6,15.15,6.9,41.47,2.6,9.2,77.0,CENTRO,18
2.2,48.0,4.5,1.5,15.26,6.0,39.0,2.5,9.0,99.0,CENTRO,19
2.2,45.0,3.9,1.4,15.6,5.3,36.0,2.4,4.8,144.0,CENTRO,20
2.18,51.0,2.9,1.2,14.44,4.1,36.0,2.4,1.4,247.0,CENTRO,21
2.24,38.0,2.5,1.4,14.78,4.0,34.0,2.425,2.0,19.0,CENTRO,22
2.13,50.0,2.2,0.8,14.84,3.0,33.8,2.45,3.9,67.0,CENTRO,23
2.14,39.0,2.0,0.7,13.74,2.7,34.665,2.475,2.2,20.0,CENTRO,0
2.1,44.0,2.0,0.7,13.75,2.6,33.0,2.5,4.8,54.0,CENTRO,1
2.11,39.0,2.5,1.6,16.54,4.2,34.39,2.3,4.5,44.0,CENTRO,2
2.18,30.0,2.7,4.9,22.33,7.7,37.1,2.6,4.3,16.0,CENTRO,3
2.16,32.0,3.1,3.1,20.915,6.3,37.5,2.6,4.6,360.0,CENTRO,4
2.21,28.0,1.4,3.6,19.5,5.1,6.563809523809524,2.5,2.8,32.0,CENTRO,5
2.15,37.0,1.3,2.4,17.42,3.8,6.492857142857143,2.5,4.8,60.0,CENTRO,6
2.28,25.0,2.0,4.3,13.72,6.2,6.421904761904762,2.6,2.7,38.0,CENTRO,7
2.51,24.0,5.5,5.8,17.31,11.2,6.350952380952381,2.7,2.5,28.0,CENTRO,8
2.6,28.0,7.2,6.1,18.465999999999998,13.3,6.28,3.6,5.3,13.0,CENTRO,9
2.45,30.0,4.4,5.2,19.622,9.6,5.36,3.2,5.8,6.0,CENTRO,10
2.43,33.0,2.7,4.6,20.778,7.3,7.43,2.9,6.3,34.0,CENTRO,11
2.35,35.0,2.1,3.7,21.934,5.7,19.99,2.9,7.9,70.0,CENTRO,12
2.27,48.0,1.6,2.6,23.09,4.2,20.615,2.7,7.0,64.0,CENTRO,13
2.24,38.0,1.5,2.5,20.21,4.0,21.24,2.8,8.1,69.0,CENTRO,14
2.22,44.0,1.6,2.1,18.12,3.7,21.88,2.6,10.6,87.0,CENTRO,15
2.21,40.0,1.7,2.2,14.5,3.9,31.98,2.6,11.0,91.0,CENTRO,16
2.18,27.0,1.4,1.9,10.4,3.3,23.33,2.5,7.9,131.0,CENTRO,17
2.17,36.0,1.4,1.8,8.51,3.1,22.41,2.5,7.3,145.0,CENTRO,18
2.21,41.0,1.3,2.4,9.49,3.7,23.29,2.433333333333333,8.3,99.0,CENTRO,19
2.25,38.0,1.2,3.4,10.38,4.6,23.39,2.3666666666666667,4.6,67.0,CENTRO,20
2.2,30.0,1.2,2.5,11.09,3.7,20.2,2.3,4.9,90.0,CENTRO,21
2.03,32.0,1.0,0.4,3.92,1.4,20.13,2.5,11.8,148.0,CENTRO,22
2.02,48.0,1.1,0.2,3.24,1.3,19.56,2.4,6.4,155.0,CENTRO,23
2.04,35.0,1.1,0.9,4.17,2.0,15.706666666666665,2.5,2.8,99.0,CENTRO,0
2.18,23.0,1.2,4.0,8.36,5.2,11.853333333333332,2.4,4.4,39.0,CENTRO,1
2.13,27.0,1.0,2.9,11.59,4.0,8.0,2.5,3.0,36.0,CENTRO,2
2.11,29.0,1.1,2.8,14.819999999999999,4.0,6.0,2.5,1.5,19.0,CENTRO,3
2.09,24.0,1.1,2.8,18.049999999999997,4.0,18.0,2.6,0.9,9.0,CENTRO,4
2.1,19.0,1.1,3.2,21.279999999999998,4.3,11.0,2.6,1.2,17.0,CENTRO,5
2.13,19.0,1.6,2.7,24.509999999999998,4.4,12.0,2.7,0.9,337.0,CENTRO,6
2.29,22.0,1.8,3.3,27.74,5.1,34.0,2.6,1.1,349.0,CENTRO,7
2.44,15.0,3.7,5.7,26.05,9.4,34.0,2.7,1.2,47.0,CENTRO,8
2.47,11.0,3.1,5.3,26.38,8.5,32.0,2.7,1.1,30.0,CENTRO,9
2.54,21.0,4.4,5.8,27.16,10.2,32.0,2.8,2.4,14.0,CENTRO,10
2.67,25.0,5.3,6.1,32.59,11.3,39.0,2.7,3.6,353.0,CENTRO,11
2.49,30.0,3.3,5.5,26.66,8.9,49.0,2.7,5.9,48.0,CENTRO,12
2.31,40.0,1.8,3.3,18.65,5.2,38.0,2.6,6.2,78.0,CENTRO,13
2.15,34.0,1.5,1.4,13.07,2.9,24.0,2.6,9.3,126.0,CENTRO,14
2.11,42.0,1.4,1.0,12.285,2.3,7.0,2.575,8.4,125.0,CENTRO,15
2.12,43.0,1.3,1.1,11.5,2.4,10.0,2.55,5.9,113.0,CENTRO,16
2.15,39.0,1.4,1.2,10.715,2.7,9.0,2.525,6.4,129.0,CENTRO,17
2.13,40.0,1.4,1.1,9.93,2.5,17.0,2.5,9.8,149.0,CENTRO,18
2.13,33.0,1.2,1.3,9.02,2.5,4.0,2.5,10.3,128.0,CENTRO,19
2.14,27.0,1.2,1.5,8.11,2.8,5.0,2.4499999999999997,8.9,84.0,CENTRO,20
2.13,30.0,1.1,1.4,7.2,2.5,3.0,2.4,7.8,99.0,CENTRO,21
2.06,35.0,1.0,0.6,6.29,1.6,5.0,2.5,8.2,141.0,CENTRO,22
2.06,26.0,1.0,0.6,6.79,1.5,7.0,2.5,6.5,110.0,CENTRO,23
2.06,33.0,1.1,0.6,7.550000000000001,1.6,6.0,2.6,5.3,89.0,CENTRO,0
2.05,26.0,1.1,0.8,8.31,1.9,4.5,2.6999999999999997,5.4,49.0,CENTRO,1
2.08,21.0,1.2,2.7,9.085,4.0,3.0,2.8,5.2,9.0,CENTRO,2
2.08,24.0,1.0,1.3,9.86,2.5,13.0,2.8,5.0,51.0,CENTRO,3
2.05,25.0,1.1,0.9,10.625,2.0,9.0,2.5,2.9,61.0,CENTRO,4
2.09,21.0,1.2,2.3,11.39,3.5,6.5,2.7,1.7,26.0,CENTRO,5
2.15,27.0,1.3,3.1,12.834,4.4,4.0,3.0,1.2,51.0,CENTRO,6
2.33,18.0,2.3,4.0,14.278,6.3,8.0,2.8,1.4,2.0,CENTRO,7
2.47,23.0,4.1,4.2,15.722,8.3,12.0,2.7,3.5,36.0,CENTRO,8
2.48,14.0,4.9,4.6,17.166,9.5,13.0,3.4,2.5,89.0,CENTRO,9
2.48,27.0,3.4,4.3,18.61,7.7,43.0,3.3,3.4,32.0,CENTRO,10
2.63,20.0,5.5,5.9,21.695,11.4,27.0,4.0,5.1,76.0,CENTRO,11
2.43,28.0,2.5,4.1,24.78,6.7,44.0,3.8,3.5,8.0,CENTRO,12
2.44,43.0,2.2,4.8,25.94,7.0,26.0,3.4,3.2,49.0,CENTRO,13
2.45,81.0,1.6,5.0,30.73,6.6,45.0,3.7,3.9,75.0,CENTRO,14
2.44,94.0,1.4,4.2,32.55,5.5,58.0,3.7,5.7,64.0,CENTRO,15
2.32,88.0,1.1,2.2,23.51,3.4,40.0,2.9,7.1,102.0,CENTRO,16
2.21,69.0,1.2,1.4,14.7,2.7,27.0,2.8,8.7,125.0,CENTRO,17
2.2,43.0,1.3,1.7,14.745,3.0,7.0,2.7,8.8,132.0,CENTRO,18
2.21,40.0,1.2,1.9,14.79,3.2,16.0,2.6,6.7,133.0,CENTRO,19
2.22,34.0,1.1,1.9,16.365000000000002,3.2,11.0,2.6,4.4,137.0,CENTRO,20
2.24,34.0,1.1,2.4,17.94,3.6,23.0,2.566666666666667,3.3,156.0,CENTRO,21
2.23,25.0,1.1,2.0,18.75,3.2,26.0,2.533333333333333,1.5,145.0,CENTRO,22
2.16,27.0,1.1,1.2,18.39,2.3,21.0,2.5,1.1,124.0,CENTRO,23
2.09,33.0,1.1,0.5,18.326666666666668,1.6,14.31,2.6,5.5,88.0,CENTRO,0
2.13,30.0,1.1,1.2,18.263333333333332,2.4,15.66,2.6,4.7,61.0,CENTRO,1
2.13,28.0,1.1,0.9,18.2,2.0,26.16,2.6666666666666665,2.0,19.0,CENTRO,2
2.14,26.0,1.5,2.4,18.06,3.9,19.7,2.7333333333333334,3.0,359.0,CENTRO,3
2.17,18.0,1.6,2.7,17.75,4.3,17.17,2.8,1.6,31.0,CENTRO,4
2.17,23.0,1.5,2.6,17.44,4.1,20.72,3.1,2.1,63.0,CENTRO,5
2.23,20.0,2.5,3.1,19.87,5.5,26.69,3.0,1.5,330.0,CENTRO,6
2.35,21.0,5.1,3.1,21.9,8.1,26.16,2.9,2.4,337.0,CENTRO,7
2.43,16.0,5.5,3.2,23.11,8.7,29.01,2.7,4.2,22.0,CENTRO,8
2.58,21.0,5.9,3.8,26.44,9.7,46.33,2.8,4.4,50.0,CENTRO,9
2.58,25.0,5.4,4.6,33.94,10.0,42.68,2.8,5.4,72.0,CENTRO,10
2.56,39.0,3.3,5.0,37.45,8.3,66.48,2.7,4.4,34.0,CENTRO,11
2.57,54.0,2.5,5.1,39.54,7.6,55.83,3.0,7.8,53.0,CENTRO,12
2.43,68.0,1.7,4.1,36.51,5.8,52.95,3.6,7.2,67.0,CENTRO,13
2.33,72.0,1.5,2.5,28.96,4.0,58.54,4.0,8.5,57.0,CENTRO,14
2.27,81.0,1.5,2.8,28.7,4.3,58.8,4.5,7.2,42.0,CENTRO,15
2.26,73.0,1.5,3.5,26.69,5.0,41.98,5.0,6.0,74.0,CENTRO,16
2.33,100.0,1.3,2.8,29.09,4.1,30.02,4.0,5.8,91.0,CENTRO,17
2.37,96.0,1.2,2.4,27.643333333333334,3.6,27.26,3.1,3.9,79.0,CENTRO,18
2.42,89.0,1.1,3.5,26.196666666666665,4.7,31.04,3.3,3.2,78.0,CENTRO,19
2.3,42.0,1.1,2.8,24.75,4.0,35.77,3.3,3.4,225.0,CENTRO,20
2.27,58.0,1.2,2.8,19.61,4.0,35.65,3.1,1.9,278.0,CENTRO,21
2.3,76.0,1.1,1.3,30.22,2.5,36.81,2.9,5.8,116.0,CENTRO,22
2.29,58.0,1.1,1.4,28.24,2.5,35.13,2.7,1.8,128.0,CENTRO,23
2.2550000000000003,40.0,1.3,1.8,24.134999999999998,3.1,40.935,2.65,3.4000000000000004,92.0,CENTRO,0
2.22,22.0,1.5,2.2,20.03,3.7,46.74,2.6,5.0,56.0,CENTRO,1
2.19,19.0,2.3,2.4,20.58,4.7,51.64,2.6,2.8,57.0,CENTRO,2
2.21,14.0,2.7,2.6,22.97,5.3,53.63,2.58,1.2,182.0,CENTRO,3
2.25,13.0,2.0,2.5,22.72,4.5,47.13,2.56,5.1,25.0,CENTRO,4
2.24,21.0,1.3,1.3,15.54,2.6,38.54,2.54,10.1,2.0,CENTRO,5
2.11,41.0,1.1,0.5,5.39,1.7,13.44,2.52,5.9,284.0,CENTRO,6
2.15,37.0,1.1,1.1,4.14,2.3,9.04,2.5,5.1,242.0,CENTRO,7
2.13,45.0,1.1,1.3,4.33,2.4,10.43,2.5,7.8,269.0,CENTRO,8
2.16,43.0,1.3,1.5,4.36,2.7,11.17,2.6,10.3,284.0,CENTRO,9
2.33,40.0,1.7,2.8,6.55,4.5,16.51,2.6,7.0,309.0,CENTRO,10
2.42,39.0,2.0,3.5,11.03,5.4,28.43,2.8,5.9,11.0,CENTRO,11
2.36,53.0,1.5,2.4,8.86,4.0,23.32,2.9,5.8,59.0,CENTRO,12
2.19,58.0,1.4,1.5,6.85,2.9,22.95,2.8,9.0,28.0,CENTRO,13
2.23,66.0,1.2,1.1,5.49,2.3,16.89,2.9,9.0,44.0,CENTRO,14
2.17,64.0,1.4,1.3,6.03,2.6,18.06,2.9,9.6,37.0,CENTRO,15
2.16,68.0,1.2,0.9,6.28,2.1,18.05,2.8,8.4,35.0,CENTRO,16
2.15,55.0,1.2,0.8,6.64,2.0,16.58,2.7,9.4,15.0,CENTRO,17
2.12,47.0,1.1500000000000001,0.9,7.3,2.1,16.62,2.8,8.4,24.0,CENTRO,18
2.2,47.0,1.1,0.7,7.4,1.8,17.58,2.7,5.5,6.0,CENTRO,19
2.125,39.5,17.200000000000003,1.125,8.015,17.975,19.08833333333333,2.7,4.675,10.75,CENTRO,20
2.05,32.0,33.300000000000004,1.55,8.63,34.150000000000006,20.596666666666664,2.7,3.85,15.5,CENTRO,21
1.9749999999999999,24.5,49.400000000000006,1.975,9.245,50.325,22.105,2.7,3.0250000000000004,20.25,CENTRO,22
1.9,17.0,65.5,2.4,9.86,66.5,23.613333333333333,2.7,2.2,25.0,CENTRO,23
2.37,35.0,1.0,1.4,10.475,2.3,25.121666666666666,2.7,7.9,78.0,CENTRO,0
2.3,20.0,1.0,3.1,11.09,4.1,26.63,2.8,2.9,351.0,CENTRO,1
2.32,15.0,1.0333333333333334,3.4,12.31,4.5,27.07,3.0,3.3,324.0,CENTRO,2
2.48,18.0,1.0666666666666667,2.4,13.82,3.6,31.22,3.0,1.3,343.0,CENTRO,3
2.41,14.0,1.1,2.7,13.46,3.9,29.83,2.9,1.9,274.0,CENTRO,4
2.37,13.0,1.1,2.8,13.92,3.9,32.54,2.8,2.9,326.0,CENTRO,5
2.43,8.0,1.5,3.6,16.16,5.0,38.74,2.7,3.0,29.0,CENTRO,6
2.65,8.0,1.7,3.3,20.1,5.0,42.79,2.7,0.9,266.0,CENTRO,7
2.47,19.0,2.3,3.2,19.03,5.4,46.66,3.4,3.1,286.0,CENTRO,8
2.46,26.0,2.1,2.8,23.17,4.8,54.17,3.4,3.6,8.0,CENTRO,9
2.38,41.0,1.6,2.8,21.19,4.5,51.82,4.4,4.1,82.0,CENTRO,10
2.34,49.0,1.5,2.3,21.33,3.7,45.53,3.9,5.5,21.0,CENTRO,11
2.42,60.0,1.2,1.5,18.33,2.7,36.48,3.8,5.6,38.0,CENTRO,12
2.26,54.0,1.1,0.6,12.98,1.7,23.01,3.3,6.8,67.0,CENTRO,13
2.19,51.0,1.0,0.5666666666666667,10.29,1.5,20.8,3.1,7.4,25.0,CENTRO,14
2.17,54.0,1.0,0.5333333333333333,8.74,1.4,18.22,3.0,7.1,33.0,CENTRO,15
2.14,58.0,1.1,0.5,9.0,1.6,17.29,2.9,7.7,16.0,CENTRO,16
2.16,57.0,1.1,0.8,10.25,1.9,21.04,3.0,9.5,72.0,CENTRO,17
2.18,53.0,1.0,0.9,11.49,2.0,22.37,2.9,9.3,100.0,CENTRO,18
2.2,44.0,1.1,0.9,9.71,2.0,23.52,2.7,12.6,95.0,CENTRO,19
2.19,41.0,1.0,0.8,9.92,1.8,22.33,2.8,12.0,125.0,CENTRO,20
2.16,48.0,1.0,0.6,9.3,1.6,15.8,2.7,6.5,116.0,CENTRO,21
2.17,45.0,1.0333333333333334,0.7,9.27,1.7,15.33,2.6,4.8,118.0,CENTRO,22
2.17,43.0,1.0666666666666667,0.7,9.77,1.7,16.64,2.5,4.6,65.0,CENTRO,23
2.16,38.0,1.1,0.6,9.36,1.6,16.08,2.5,3.6,70.0,CENTRO,0
2.16,38.0,1.1,0.5,9.34,1.6,15.04,2.5500000000000003,0.9,93.0,CENTRO,1
2.18,30.0,1.2,0.9,9.98,2.2,17.1,2.6,1.1,217.0,CENTRO,2
2.17,29.0,1.3,1.0,10.39,2.2,17.16,2.6500000000000004,1.0,195.0,CENTRO,3
2.17,26.0,1.3,1.1,11.79,2.5,21.88,2.7,1.2,268.0,CENTRO,4
2.29,15.0,1.7,2.6,13.99,4.3,28.03,2.9,0.9,245.0,CENTRO,5
2.67,8.0,2.4,3.9,17.85,6.2,41.51,3.0,3.2,248.0,CENTRO,6
2.53,13.0,4.1,4.0,18.43,8.2,46.82,3.4,2.4,254.0,CENTRO,7
2.51,16.0,3.4,3.9,19.61,7.3,58.11,3.7,3.7,250.0,CENTRO,8
2.38,30.0,2.5,3.3,16.92,5.8,53.93,4.1,3.5,359.0,CENTRO,9
2.6,30.0,3.3,4.9,22.64,8.2,67.13,3.9,2.9,33.0,CENTRO,10
2.6,46.0,2.3,4.0,20.65,6.3,56.06,3.9,4.6,358.0,CENTRO,11
2.37,58.0,2.1,3.4,16.36,5.5,48.25,5.8,5.8,109.0,CENTRO,12
2.22,82.0,1.8,1.4,13.61,3.3,34.12,3.3,7.8,76.0,CENTRO,13
2.21,82.0,1.8,2.1,14.77,3.8,43.56,4.1,9.2,67.0,CENTRO,14
2.17,73.0,2.7,2.1,12.35,4.8,37.33,4.0,10.4,78.0,CENTRO,15
2.16,68.0,2.5,1.5,11.55,4.0,33.26,3.5,9.8,91.0,CENTRO,16
2.18,69.0,1.7,1.2,12.11,2.9,30.3,3.3,10.7,78.0,CENTRO,17
2.18,54.0,1.4,1.2,10.29,2.6,26.22,3.1,12.5,98.0,CENTRO,18
2.17,53.0,1.1,1.0,9.94,2.1,24.78,4.8,10.8,110.0,CENTRO,19
2.19,48.0,1.1,1.3,10.79,2.5,23.64,6.7,9.7,105.0,CENTRO,20
2.16,44.0,1.1142857142857143,1.0,9.75,2.1,20.2,4.6,7.7,128.0,CENTRO,21
2.14,43.0,1.1285714285714286,0.7,8.98,1.7,19.89,3.4,7.2,140.0,CENTRO,22
2.13,42.0,1.1428571428571428,0.5,8.81,1.7,16.33,3.8,6.3,145.0,CENTRO,23
2.1,46.0,1.1571428571428573,0.5,7.94,1.4,15.7,2.9,6.5,149.0,CENTRO,0
2.1,44.0,1.1714285714285715,0.5,8.01,1.4,15.54,2.8,4.1,138.0,CENTRO,1
2.11,37.0,1.1857142857142857,0.5,8.2,1.5,15.67,2.8,2.0,186.0,CENTRO,2
2.16,26.0,1.2,1.3,10.78,2.6,22.6,2.6,1.7,301.0,CENTRO,3
2.3,19.0,1.3,2.2,14.68,3.6,35.28,2.8,3.7,45.0,CENTRO,4
2.32,6.0,1.5,3.0,14.98,4.4,35.14,2.9,2.0,214.0,CENTRO,5
2.31,11.0,2.1,2.9,15.07,5.0,34.53,2.8,1.3,275.0,CENTRO,6
2.46,7.0,3.7,3.1,16.56,6.9,45.78,3.0,1.1,237.0,CENTRO,7
2.5,13.0,3.6,3.6,18.96,7.2,52.53,3.5,2.1,42.0,CENTRO,8
2.64,18.0,4.5,4.8,20.71,9.4,62.35,3.8,2.9,58.0,CENTRO,9
2.76,23.0,5.2,7.1,30.71,12.3,86.82,5.1,3.6,30.0,CENTRO,10
2.62,43.0,2.7,5.3,26.79,7.9,84.32,6.2,6.3,71.0,CENTRO,11
2.52,67.0,1.7,4.2,30.44,6.0,90.19,4.6,8.0,76.0,CENTRO,12
2.35,68.0,1.6,2.6,21.32,4.1,57.67,4.0,9.8,64.0,CENTRO,13
2.27,71.0,1.4,1.6,19.12,3.0,61.46,4.5,11.4,65.0,CENTRO,14
2.23,62.0,1.5,1.6,18.54,3.1,65.88,3.9,11.6,79.0,CENTRO,15
2.23,55.0,1.6,1.35,21.5,3.2,117.51,3.2,12.1,89.0,CENTRO,16
2.22,54.0,1.4,1.1,15.75,2.6,48.55,3.1,12.6,95.0,CENTRO,17
2.22,49.0,1.2,1.3,14.88,2.6,43.46,3.2,11.5,91.0,CENTRO,18
2.22,45.0,1.1,1.0,13.74,2.2,30.42,3.9,10.9,100.0,CENTRO,19
2.21,39.0,1.1,1.0,11.81,2.2,25.07,3.3,9.6,105.0,CENTRO,20
2.2,35.0,1.1166666666666667,0.7999999999999999,11.07,2.1,22.27,2.9,7.5,141.0,CENTRO,21
2.17,35.0,1.1333333333333333,0.6,10.19,1.6,21.01,2.6,7.2,146.0,CENTRO,22
2.16,33.0,1.1500000000000001,0.7666666666666666,9.29,1.5,18.52,2.6,6.9,134.0,CENTRO,23
2.15,27.0,1.1666666666666667,0.9333333333333333,8.58,1.3,19.56,2.575,7.9,135.0,CENTRO,0
2.15,24.0,1.1833333333333333,1.0999999999999999,8.88,1.3,20.17,2.55,7.6,90.0,CENTRO,1
2.17,16.0,1.2,1.2666666666666666,8.92,1.5,21.01,2.525,7.3,64.0,CENTRO,2
2.17,13.0,1.3,1.4333333333333333,8.9,1.6,20.07,2.5,4.9,59.0,CENTRO,3
2.2,7.0,2.7,1.6,13.16,4.3,31.83,3.2,4.2,52.0,CENTRO,4
2.22,6.0,2.9,1.8,17.59,4.7,36.43,3.5,3.2,75.0,CENTRO,5
2.29,6.0,4.2,1.7,16.7,6.0,40.59,3.4,3.8,62.0,CENTRO,6
2.34,7.0,4.1,1.8,16.99,6.0,41.14,3.1,2.6,112.0,CENTRO,7
2.54,8.0,5.1,2.2,21.92,7.3,49.94,3.1,1.7,65.0,CENTRO,8
2.76,12.0,5.2,3.1,28.94,8.3,69.38,3.1999999999999997,4.4,27.0,CENTRO,9
2.73,21.0,3.6,3.9,32.24,7.5,71.96,3.3,5.0,66.0,CENTRO,10
2.63,26.0,3.2,4.3,37.41,7.4,108.38,3.6,8.7,35.0,CENTRO,11
2.47,40.0,2.4,4.6,42.38,7.0,144.55,5.6,8.9,55.0,CENTRO,12
2.36,62.0,1.6,2.4,29.8,4.0,56.17,5.6,11.0,78.0,CENTRO,13
2.29,57.0,1.5,1.3,29.15,2.7,58.2,5.8,11.9,107.0,CENTRO,14
2.24,44.0,1.3,0.9,18.86,2.2,40.86,3.6,11.6,112.0,CENTRO,15
2.26,35.0,1.5,0.9,18.63,2.3,43.0,3.1,13.3,93.0,CENTRO,16
2.25,32.0,1.4,0.8,16.32,2.2,39.32,2.9,13.4,96.0,CENTRO,17
2.26,29.0,1.5,0.9,15.03,2.3,31.75,3.0,12.3,95.0,CENTRO,18
2.24,29.0,1.3,0.8,14.88,2.1,32.72,2.8,11.9,91.0,CENTRO,19
2.22,28.0,1.2,0.7,13.34,1.8,35.61,2.9,11.4,93.0,CENTRO,20
2.21,27.0,1.2,0.6,14.14,1.7,29.22,2.7,8.1,136.0,CENTRO,21
2.2,27.0,1.22,0.7,15.44,1.6,29.82,2.8,8.4,137.0,CENTRO,22
2.21,24.0,1.24,0.7999999999999999,14.86,1.5,28.02,2.8,8.2,92.0,CENTRO,23
2.2,21.0,1.26,0.9,14.24,1.4,29.14,2.7,6.1,113.0,CENTRO,0
2.19,21.0,1.28,1.0,13.39,1.2,27.18,2.7,8.6,113.0,CENTRO,1
2.21,16.0,1.3,1.0999999999999999,12.7,1.5,27.21,3.0,6.8,59.0,CENTRO,2
2.22,7.0,2.5,1.2,13.1,3.7,32.52,3.3,6.8,54.0,CENTRO,3
2.21,10.0,1.8,0.8,12.41,2.5,31.16,3.9,6.4,61.0,CENTRO,4
2.22,6.0,2.4,1.0,17.92,3.5,37.92,4.3,5.4,61.0,CENTRO,5
2.26,5.0,2.9,1.4,22.24,4.3,42.83,4.4,4.8,35.0,CENTRO,6
2.35,5.0,4.8,1.5,21.74,6.3,53.8,5.0,4.9,53.0,CENTRO,7
2.43,6.0,3.6,1.4,19.35,4.9,57.81,4.3,5.3,75.0,CENTRO,8
2.58,11.0,5.0,2.0,29.32,7.1,77.16,5.3,5.2,55.0,CENTRO,9
2.59,14.0,4.5,2.8,35.86,7.3,85.2,5.7,7.1,55.0,CENTRO,10
2.44,25.0,3.1,2.5,29.58,5.6,70.89,7.0,7.7,58.0,CENTRO,11
2.37,40.0,1.5,1.2,22.79,2.7,62.03,4.2,10.5,54.0,CENTRO,12
2.31,33.0,1.5,0.8,18.78,2.2,44.02,3.6,12.4,90.0,CENTRO,13
2.27,35.0,1.4,0.6,18.55,1.9,40.84,3.2,12.9,99.0,CENTRO,14
2.28,33.0,1.4,0.7,18.57,2.0,49.97,3.0,13.9,90.0,CENTRO,15
2.29,31.0,1.45,0.7,18.57,2.1,48.17,3.1,11.9,111.0,CENTRO,16
2.28,29.0,1.5,0.65,19.18,2.0,46.02,3.0,15.4,94.0,CENTRO,17
2.27,26.0,1.5,0.6,18.11,2.1,35.56,2.8,12.2,98.0,CENTRO,18
2.26,24.0,1.3,0.55,16.984285714285715,1.9,34.072857142857146,2.8,12.2,98.0,CENTRO,19
2.23,21.0,1.2,0.5,15.858571428571429,1.7,32.58571428571429,2.7,10.8,103.0,CENTRO,20
2.21,23.0,1.2,0.5,14.732857142857142,1.5,31.09857142857143,2.8,11.2,117.0,CENTRO,21
2.23,18.0,1.22,0.5,13.607142857142858,1.6,29.611428571428572,2.8,10.0,96.0,CENTRO,22
2.2,17.0,1.24,0.5285714285714286,12.481428571428571,1.4,28.124285714285715,2.7,10.1,138.0,CENTRO,23
2.2,16.0,1.26,0.5571428571428572,11.355714285714287,1.3,26.637142857142855,2.7,8.4,125.0,CENTRO,0
2.21,15.0,1.28,0.5857142857142857,10.23,1.3,25.15,2.65,8.1,119.0,CENTRO,1
2.2,12.0,1.3,0.6142857142857142,10.06,1.5,24.58,2.6,7.7,59.0,CENTRO,2
2.2,11.0,1.5,0.6428571428571428,9.9,1.7,24.11,2.6,7.8,58.0,CENTRO,3
2.22,10.0,1.6,0.6714285714285714,11.14,2.0,28.22,2.7,6.4,47.0,CENTRO,4
2.22,10.0,1.6,0.7,11.82,2.2,28.9,2.9,5.0,53.0,CENTRO,5
2.29,6.0,2.5,1.2,12.81,3.6,33.37,2.8,4.2,61.0,CENTRO,6
2.34,5.0,2.6,1.2,13.29,3.9,32.29,3.1,5.2,71.0,CENTRO,7
2.44,9.0,2.8,1.3,15.22,4.1,40.46,3.0,6.2,83.0,CENTRO,8
2.48,11.0,3.7,1.6,20.53,5.3,51.48,3.5,7.0,68.0,CENTRO,9
2.41,19.0,2.3,1.3,18.05,3.6,45.45,3.4,7.5,69.0,CENTRO,10
2.35,28.0,1.6,1.0,17.41,2.7,42.08,3.1,9.1,76.0,CENTRO,11
2.31,31.0,1.5,0.8,17.15,2.2,40.17,2.9,8.7,68.0,CENTRO,12
2.26,31.0,1.4,0.5,16.33,1.8,32.67,2.8,10.5,128.0,CENTRO,13
2.29,31.0,1.5,0.6,15.61,2.0,38.67,2.8,12.6,103.0,CENTRO,14
2.29,28.0,1.5,0.6,12.44,2.0,38.66,2.95,14.9,92.0,CENTRO,15
2.3,27.0,1.4749999999999999,0.7,16.21,2.2,73.18,3.1,14.9,89.0,CENTRO,16
2.29,23.0,1.45,0.7,11.19,2.2,34.52,2.9,13.1,99.0,CENTRO,17
2.27,23.0,1.4249999999999998,0.6,10.54,2.1,31.02,2.9,11.9,104.0,CENTRO,18
2.27,21.0,1.4,0.7,10.04142857142857,2.1,29.012857142857143,2.8,13.2,108.0,CENTRO,19
2.25,20.0,1.2,0.6,9.542857142857143,1.7,27.005714285714284,2.7,10.8,149.0,CENTRO,20
2.24,19.0,1.1,0.6,9.044285714285714,1.7,24.998571428571427,2.7,11.2,139.0,CENTRO,21
2.24,20.0,1.2,0.62,8.545714285714284,1.6,22.99142857142857,2.65,8.5,130.0,CENTRO,22
2.25,19.0,1.2,0.64,8.047142857142857,1.6,20.98428571428571,2.6,9.9,100.0,CENTRO,23
2.21,20.0,1.1,0.6599999999999999,7.548571428571428,1.4,18.977142857142855,2.7,11.6,121.0,CENTRO,0
2.2,21.0,1.1,0.6799999999999999,7.05,1.1,16.97,2.7,10.0,113.0,CENTRO,1
2.25,16.0,1.2,0.7,8.35,1.8,22.31,2.65,5.6,41.0,CENTRO,2
2.23,16.0,1.2,0.7,7.71,1.6,19.87,2.6,6.3,47.0,CENTRO,3
2.23,16.0,1.1,0.7,7.59,1.6,18.24,2.7,6.1,51.0,CENTRO,4
2.24,13.0,1.3,0.7,7.48,1.9,18.95,2.7,4.2,53.0,CENTRO,5
2.27,10.0,1.4,1.3,7.74,2.7,20.59,2.7333333333333334,4.1,48.0,CENTRO,6
2.32,10.0,1.5,1.2,7.84,2.8,23.53,2.7666666666666666,5.5,76.0,CENTRO,7
2.44,10.0,2.7,1.7,12.65,4.4,46.35,2.8,5.6,80.0,CENTRO,8
2.44,11.0,3.1,1.8,16.19,4.9,47.25,3.4,6.0,57.0,CENTRO,9
2.38,21.0,2.3,1.4,14.14,3.7,37.79,4.1,6.0,65.0,CENTRO,10
2.32,28.0,1.7,1.1,11.65,2.9,30.28,3.5,8.6,42.0,CENTRO,11
2.28,30.0,1.4,0.6,9.05,1.9,35.72,3.0,10.8,104.0,CENTRO,12
2.25,32.0,1.4,0.7066666666666667,7.77,1.7,25.48,2.9,12.7,129.0,CENTRO,13
2.24,32.0,1.3,0.8133333333333334,6.38,1.6,21.26,2.9,13.1,140.0,CENTRO,14
2.23,32.0,1.3,0.92,6.61,1.6,16.82,2.8,12.9,145.0,CENTRO,15
2.28,33.0,1.2,1.0266666666666666,10.04,1.5,23.76,2.8,13.4,140.0,CENTRO,16
2.35,32.0,1.3,2.9,7.17,1.6,18.0,2.7,11.8,122.0,CENTRO,17
2.34,30.0,1.4,3.2,5.88,1.6,16.59,2.6,11.0,124.0,CENTRO,18
2.33,29.0,1.2,3.5,7.93,1.575,18.62,2.7,10.0,123.0,CENTRO,19
2.29,28.0,1.2,3.6,8.91,1.55,20.71,2.7,11.5,150.0,CENTRO,20
2.32,26.0,1.1500000000000001,3.3,10.07,1.525,22.93,2.6,11.0,143.0,CENTRO,21
2.26,27.0,1.1,3.1,8.0,1.5,20.83,2.5,12.6,148.0,CENTRO,22
2.28,26.0,1.2,1.7733333333333334,8.24,1.5,22.59,2.7,10.8,132.0,CENTRO,23
2.22,29.0,1.2,1.8800000000000001,7.08,1.3,20.22,2.7,13.3,142.0,CENTRO,0
2.21,31.0,1.3,1.9866666666666668,5.98,1.2,17.74,2.5,9.1,122.0,CENTRO,1
2.22,28.0,1.4,2.0933333333333337,6.13,1.6,18.28,2.7,6.2,43.0,CENTRO,2
2.23,15.0,1.5,2.2,8.39,3.7,24.82,3.8,6.7,23.0,CENTRO,3
2.24,14.0,1.3,2.4,10.95,3.8,33.8,4.2,4.6,10.0,CENTRO,4
2.34,19.0,1.2,1.3,9.76,2.6,27.89,3.0,3.6,358.0,CENTRO,5
2.33,13.0,1.4,2.2,11.37,3.6,31.47,3.0,4.3,44.0,CENTRO,6
2.38,13.0,1.5,2.0,12.1,3.4,34.41,3.1,4.2,19.0,CENTRO,7
2.8,18.0,1.9,1.9,14.33,3.8,40.39,3.5,4.6,18.0,CENTRO,8
2.79,23.0,2.4,2.4,20.74,4.8,49.7,4.2,4.9,20.0,CENTRO,9
2.67,30.0,2.3,2.7,24.36,5.0,55.41,4.4,6.1,20.0,CENTRO,10
2.38,35.0,2.4,2.8,20.59,5.2,48.6,7.7,7.6,47.0,CENTRO,11
2.29,46.0,1.5,1.0,12.25,2.4,31.44,5.0,6.0,58.0,CENTRO,12
2.25,43.0,1.4,0.5,9.34,1.7,23.53,3.7,8.8,96.0,CENTRO,13
2.23,40.0,1.4,0.53,7.9,1.4,21.97,3.1,10.4,126.0,CENTRO,14
2.22,37.0,1.3,0.56,8.93,1.4,32.28,3.0,15.4,136.0,CENTRO,15
2.22,35.0,1.4,0.59,10.04,1.5,34.74,2.8,15.3,142.0,CENTRO,16
2.2,37.0,1.5,0.62,9.15,1.5,36.41,2.8,17.2,141.0,CENTRO,17
2.19,40.0,1.3,3.2,7.74,1.3,34.04,2.7,14.2,133.0,CENTRO,18
2.21,36.0,1.3,0.68,9.53,1.4,32.8,2.8,11.2,141.0,CENTRO,19
2.24,32.0,1.2,0.7100000000000001,11.13,1.6,33.31,2.8,8.7,117.0,CENTRO,20
2.25,31.0,1.2,0.7400000000000001,11.33,1.5,33.45,2.7,7.9,148.0,CENTRO,21
2.23,33.0,1.3,0.77,8.29,1.5,27.84,2.7,10.0,154.0,CENTRO,22
2.22,31.0,1.3,0.8,6.79,2.0,20.47,2.8,9.4,121.0,CENTRO,23
2.24,32.0,1.2,0.9,6.01,2.1,20.39,2.8,6.9,61.0,CENTRO,0
2.2,35.0,1.2,1.4500000000000002,4.95,1.4,14.28,2.7,9.3,105.0,CENTRO,1
2.25,22.0,1.5,2.0,7.7,3.4,23.51,3.8,6.3,31.0,CENTRO,2
2.26,14.0,2.0,3.0,9.67,4.9,29.89,5.3,6.5,29.0,CENTRO,3
2.26,7.0,3.3,4.1,10.4,7.4,34.28,11.5,4.5,55.0,CENTRO,4
2.37,12.0,1.7,3.2,9.33,4.9,31.42,7.7,4.0,7.0,CENTRO,5
2.4,11.0,1.5,3.1,11.03,4.6,33.24,4.3,3.2,10.0,CENTRO,6
2.67,9.0,2.6,3.6,11.14,6.2,32.47,4.3,3.3,14.0,CENTRO,7
3.13,14.0,3.8,3.8,15.93,7.5,46.9,5.4,4.2,25.0,CENTRO,8
3.13,16.0,5.7,5.0,21.09,10.7,65.62,6.9,4.2,13.0,CENTRO,9
2.84,18.0,7.0,5.8,27.46,12.8,93.31,16.6,7.4,41.0,CENTRO,10
2.7983333333333333,20.166666666666668,18.516666666666666,4.916666666666666,27.312941176470588,23.433333333333334,86.93071428571429,14.750000000000002,8.0,57.166666666666664,CENTRO,11
2.7566666666666664,22.333333333333332,30.03333333333333,4.033333333333333,27.16588235294118,34.06666666666666,80.55142857142857,12.9,8.6,73.33333333333333,CENTRO,12
2.715,24.5,41.55,3.1499999999999995,27.018823529411765,44.699999999999996,74.17214285714286,11.05,9.2,89.5,CENTRO,13
2.6733333333333333,26.666666666666668,53.06666666666666,2.266666666666666,26.871764705882352,55.33333333333333,67.79285714285714,9.200000000000001,9.8,105.66666666666666,CENTRO,14
2.6316666666666664,28.833333333333332,64.58333333333333,1.3833333333333329,24.59,65.96666666666667,54.0,7.35,10.4,121.83333333333333,CENTRO,15
2.59,31.0,76.1,0.5,21.97,76.6,49.5,5.5,11.0,138.0,CENTRO,16
2.42,34.0,1.0,0.9,20.11,1.8,43.0,3.4,13.3,110.0,CENTRO,17
2.39,34.0,1.0,0.7,19.44,1.6,41.47,3.1,14.7,135.0,CENTRO,18
2.37,30.0,1.0,0.7,18.34,1.5,39.0,3.0,14.7,134.0,CENTRO,19
2.36,28.0,1.0,0.6,18.425,1.5,29.517142857142858,2.9,12.4,145.0,CENTRO,20
2.34,27.0,1.0,0.55,18.445,1.45,23.137857142857143,2.8,11.7,145.0,CENTRO,21
2.31,28.0,1.0,0.5,18.11,1.4,16.75857142857143,2.7,10.3,158.0,CENTRO,22
2.29,29.0,1.0,0.24999999999999997,25.54823529411765,1.1,10.379285714285716,2.6,9.5,159.0,CENTRO,23
2.28,29.0,1.0,0.0,25.401176470588236,1.0,4.0,2.7,7.1,121.0,CENTRO,0
2.32,24.0,1.0,0.6,25.254117647058823,1.6,6.0,2.6,5.5,54.0,CENTRO,1
2.34,10.0,1.6,2.3,25.107058823529414,3.9,8.0,4.7,5.7,31.0,CENTRO,2
2.34,9.0,1.9,2.3,24.96,4.2,41.0,6.0,4.4,25.0,CENTRO,3
2.38,7.0,2.0,2.7,24.55,4.6,32.0,6.5,4.7,9.0,CENTRO,4
2.37,6.0,1.8,2.5,18.85,4.3,36.0,4.4,4.9,11.0,CENTRO,5
2.54,7.0,1.5,2.2,17.58,3.8,36.0,3.4,4.0,14.0,CENTRO,6
2.56,6.0,2.9,2.6,19.77,5.5,36.0,3.3,4.6,51.0,CENTRO,7
2.61,9.0,4.9,2.8,25.89,7.7,42.0,4.9,4.4,51.0,CENTRO,8
2.79,15.0,3.3,2.9,31.88,6.2,73.0,5.3,5.2,17.0,CENTRO,9
2.84,20.0,3.1,3.0,40.77,6.1,65.0,5.3,6.1,45.0,CENTRO,10
2.69,28.0,2.7,3.5,40.97,6.2,72.0,5.1,5.8,39.0,CENTRO,11
2.69,49.0,1.7,3.4,38.87,5.2,66.0,4.4,6.3,67.0,CENTRO,12
2.64,71.0,1.4,3.6,36.48,5.0,60.0,5.8,7.0,58.0,CENTRO,13
2.54,86.0,1.2,2.4,28.13,3.7,66.0,5.8,7.3,73.0,CENTRO,14
2.45,65.0,1.3,1.2,19.03,2.4,58.0,3.9,8.0,77.0,CENTRO,15
2.37,44.0,1.2,0.6,12.24,1.8,38.0,3.2,12.1,125.0,CENTRO,16
2.37,36.0,1.3,0.6,10.65,1.9,23.0,3.1,11.2,129.0,CENTRO,17
2.34,32.0,1.3,0.6,10.61,1.8,13.0,3.0,11.3,134.0,CENTRO,18
2.33,30.0,1.3,0.5,15.58,1.7,25.0,2.8,12.0,151.0,CENTRO,19
2.32,27.0,1.2,0.3,21.07,1.5,40.0,2.9,13.5,152.0,CENTRO,20
2.32,26.0,1.2,0.6,22.84,1.7,44.0,2.9,14.6,140.0,CENTRO,21
2.3,25.0,1.2,0.3,22.73,1.5,40.0,2.8,13.3,142.0,CENTRO,22
2.33,23.0,1.2,0.7,22.28,1.9,42.0,2.7,5.3,88.0,CENTRO,23
2.31,23.0,1.2,0.5,21.8,1.7,28.0,2.7,5.9,113.0,CENTRO,0
2.28,26.0,1.3,0.1,19.0,1.4,32.0,2.8,7.0,107.0,CENTRO,1
2.28,25.0,1.3,0.2,18.12,1.5,27.0,2.8,5.7,60.0,CENTRO,2
2.3,12.0,1.8,2.0,20.42,3.8,22.0,3.9,4.5,29.0,CENTRO,3
2.35,11.0,1.5,2.0,23.45,3.6,30.0,3.9,6.0,39.0,CENTRO,4
2.37,9.0,2.7,2.4,27.8,5.1,36.0,4.9,4.2,49.0,CENTRO,5
2.41,7.0,1.7,2.3,27.77,4.1,41.0,5.1,3.4,93.0,CENTRO,6
2.48,6.0,2.5,2.5,29.32,5.0,47.0,4.1,3.7,92.0,CENTRO,7
2.61,7.0,4.2,2.6,31.14,6.8,69.0,4.5,3.4,80.0,CENTRO,8
2.68,8.0,4.1,2.9,34.94,7.0,52.0,4.7,4.7,76.0,CENTRO,9
2.72,14.0,3.9,3.3,40.57,7.2,63.0,5.1,3.9,94.0,CENTRO,10
2.79,34.0,2.4,3.7,45.92,6.1,69.0,4.7,4.5,65.0,CENTRO,11
2.88,50.0,2.1,4.5,48.17,6.6,76.0,5.4,6.3,39.0,CENTRO,12
2.75,74.0,1.8,4.9,47.82,6.7,83.0,8.9,7.6,70.0,CENTRO,13
2.63,112.0,1.3,2.0,40.39,3.3,91.0,5.2,7.8,67.0,CENTRO,14
2.54,87.0,1.4,1.3,33.94,2.7,76.0,4.0,9.0,81.0,CENTRO,15
2.4,51.0,1.5,0.6,21.42,2.0,61.0,3.4,12.3,143.0,CENTRO,16
2.38,38.0,1.5,0.6,17.69,1.9,36.0,3.1,11.5,129.0,CENTRO,17
2.36,34.0,1.5,0.5,14.57,1.9,29.0,3.1,11.5,116.0,CENTRO,18
2.33,30.0,1.5,0.4,14.91,1.9,20.0,3.0,11.8,128.0,CENTRO,19
2.35,23.0,1.5,0.6,18.44,2.0,29.0,2.9,10.4,149.0,CENTRO,20
2.34,20.0,1.5,0.7,20.13,2.1,39.0,2.9,10.4,147.0,CENTRO,21
2.3,22.0,1.5,0.2,19.27,1.7,44.0,2.8,10.1,143.0,CENTRO,22
2.35,18.0,1.5,0.7,21.02,2.2,43.0,2.7,7.4,50.0,CENTRO,23
2.34,19.0,1.5,0.1,21.89,1.6,43.0,2.7,8.0,61.0,CENTRO,0
2.35,15.0,1.6,0.6,22.47,2.1,45.0,2.8,5.2,62.0,CENTRO,1
2.35,13.0,1.8,1.0,24.07,2.8,41.0,3.3,6.1,42.0,CENTRO,2
2.36,12.0,2.1,1.0,24.16,3.1,47.0,3.7,5.7,43.0,CENTRO,3
2.42,8.0,2.2,1.9,27.65,4.1,52.0,4.7,4.3,20.0,CENTRO,4
2.5,7.0,2.1,2.0,30.38,4.1,54.0,3.5,4.2,50.0,CENTRO,5
2.49,5.0,3.1,2.0,30.62,5.2,48.0,3.9,4.3,65.0,CENTRO,6
2.58,5.0,3.4,2.1,31.38,5.6,69.0,3.8,4.3,25.0,CENTRO,7
2.61,9.0,3.2,1.9,31.96,5.2,56.0,3.4,3.4,27.0,CENTRO,8
2.67,12.0,3.4,2.1,34.96,5.5,46.0,3.4,4.2,360.0,CENTRO,9
2.77,20.0,2.9,2.5,37.43,5.5,63.0,3.5,5.0,53.0,CENTRO,10
2.76,35.0,2.4,3.1,40.72,5.4,69.0,3.6,5.1,22.0,CENTRO,11
2.84,44.0,2.6,4.2,46.85,6.8,77.0,4.9,7.6,63.0,CENTRO,12
2.67,73.0,1.9,3.5,46.71,5.3,98.0,6.3,8.7,69.0,CENTRO,13
2.57,80.0,1.6,2.0,44.27,3.7,94.0,5.8,10.8,69.0,CENTRO,14
2.56,84.0,1.5,1.4,44.67,2.9,79.0,8.0,12.4,87.0,CENTRO,15
2.45,60.0,1.6,0.8,32.13,2.5,84.0,5.5,12.8,124.0,CENTRO,16
2.41,39.0,1.9,0.6,20.77,2.4,47.0,3.6,13.0,123.0,CENTRO,17
2.41,32.0,1.9,0.7,18.24,2.6,45.0,3.1,10.5,117.0,CENTRO,18
2.36,31.0,1.8,0.2,15.17,2.0,24.0,2.9,10.6,130.0,CENTRO,19
2.4,29.0,1.8,0.7,15.76,2.5,19.0,2.8,6.4,145.0,CENTRO,20
2.4,27.0,1.7,0.8,16.04,2.6,27.0,2.9,5.5,161.0,CENTRO,21
2.39,26.0,1.7,0.8,14.94,2.5,25.0,2.9,6.1,142.0,CENTRO,22
2.38,21.0,1.7,0.5,14.74,2.2,24.0,2.7,8.4,81.0,CENTRO,23
2.38,21.0,1.9,0.2,14.27,2.1,31.0,2.8,5.9,90.0,CENTRO,0
2.39,14.0,1.9,1.1,15.82,3.1,27.0,3.6,6.3,42.0,CENTRO,1
2.42,8.0,2.2,1.9,17.98,4.2,27.0,4.7,5.9,28.0,CENTRO,2
2.54,8.0,1.7,1.9,20.0,3.7,32.0,3.8,3.8,7.0,CENTRO,3
2.61,6.0,1.6,2.0,20.4,3.7,25.0,3.2,1.9,29.0,CENTRO,4
2.65,6.0,1.8,2.1,20.318571428571428,3.9,39.0,3.2,3.8,16.0,CENTRO,5
2.84,6.0,3.0,2.3,20.237142857142857,5.3,34.0,3.2333333333333334,4.0,25.0,CENTRO,6
2.68,8.5,3.0,2.0,20.155714285714286,5.0,36.0,3.2666666666666666,3.9,344.0,CENTRO,7
2.66,11.0,3.2,1.8,20.074285714285715,5.0,40.0,3.3,5.3,338.0,CENTRO,8
2.69,14.0,3.4,2.1,28.94,5.5,45.0,3.8,6.6,351.0,CENTRO,9
2.67,24.0,2.8,2.5,30.36,5.3,65.0,4.0,4.9,1.0,CENTRO,10
2.79,40.0,2.2,2.7,31.595,4.9,71.0,3.9,5.3,34.0,CENTRO,11
2.7,52.0,2.0,2.4,31.630000000000003,4.4,68.0,4.0,6.7,38.0,CENTRO,12
2.62,59.0,2.2,4.1,29.5,6.4,65.0,11.0,7.7,57.0,CENTRO,13
2.53,63.0,1.7,2.1,25.7,3.9,76.0,6.1,10.8,82.0,CENTRO,14
2.49,61.0,1.6,1.2,24.59,2.8,52.0,4.7,13.3,80.0,CENTRO,15
2.5,58.0,1.4,1.1,21.97,2.4,47.0,8.2,14.4,83.0,CENTRO,16
2.46,59.0,1.2,0.8,20.11,2.0,61.0,4.7,11.6,138.0,CENTRO,17
2.42,44.0,1.2,0.7,19.44,1.9,41.0,3.5,11.5,147.0,CENTRO,18
2.43,49.0,1.2,0.7,18.34,1.8,25.0,3.5,9.5,145.0,CENTRO,19
2.47,38.0,1.2,1.1,18.425,2.3,26.0,3.2,7.9,120.0,CENTRO,20
2.42,32.0,1.1,1.0,18.445,2.1,34.0,3.2,6.1,129.0,CENTRO,21
2.38,34.0,1.3,0.5,18.11,1.7,22.0,3.1,6.3,101.0,CENTRO,22
2.38,31.0,1.2,0.5,18.87,1.6,22.0,3.0,5.0,122.0,CENTRO,23
2.39,24.0,1.7,0.5,18.81,2.2,28.0,3.1,7.4,76.0,CENTRO,0
2.39,21.0,2.1,0.7,19.35,2.8,26.0,3.2,6.5,72.0,CENTRO,1
2.43,12.0,2.0,1.5,20.58,3.5,27.0,4.6,5.4,69.0,CENTRO,2
2.46,8.0,1.8,2.1,22.252,3.9,34.0,4.4,4.6,16.0,CENTRO,3
2.52,7.0,1.5,2.4,22.89,3.9,29.0,3.8,2.7,46.0,CENTRO,4
2.59,7.0,1.3,2.3,23.005000000000003,3.6,29.0,3.9,1.2,49.0,CENTRO,5
2.69,7.0,1.4,2.2,23.381666666666668,3.7,38.0,3.5,1.4,11.0,CENTRO,6
2.67,6.0,2.9,2.7,24.314999999999998,5.6,22.0,4.0,2.3,246.0,CENTRO,7
2.66,11.0,3.7,2.6,26.27,6.4,44.0,6.1,1.9,293.0,CENTRO,8
2.62,18.0,2.3,2.1,28.94,4.4,48.0,5.9,2.7,336.0,CENTRO,9
2.68,24.0,2.5,2.9,30.36,5.5,51.0,6.5,4.3,25.0,CENTRO,10
2.99,40.0,2.1,3.5,31.595,5.5,55.0,6.5,6.4,27.0,CENTRO,11
2.71,59.0,1.7,3.4,31.630000000000003,5.1,68.0,7.6,8.1,64.0,CENTRO,12
2.66,81.0,1.4,2.3,29.5,3.6,79.0,5.6,11.0,79.0,CENTRO,13
2.52,77.0,1.3,1.5,25.7,2.7,56.0,4.4,11.8,80.0,CENTRO,14
2.43,66.0,1.3,0.9,24.59,2.2,48.0,5.9,12.6,84.0,CENTRO,15
2.38,50.0,1.4,0.6,21.97,1.9,43.0,4.7,13.8,101.0,CENTRO,16
2.36,50.0,1.3,0.2,20.11,1.5,21.0,3.8,10.9,133.0,CENTRO,17
2.37,48.0,1.4,0.2,17.305714285714288,1.6,11.0,3.7,11.2,134.0,CENTRO,18
2.41,38.0,1.5,0.6,17.224285714285713,2.0,22.0,3.6,10.8,101.0,CENTRO,19
2.42,31.0,1.5,0.7,17.142857142857142,2.1,13.0,3.7,8.2,117.0,CENTRO,20
2.42,30.0,1.4,0.6,17.06142857142857,1.9,7.0,3.1,7.2,161.0,CENTRO,21
2.42,30.0,1.5,0.6,16.98,2.0,20.0,2.9,6.5,124.0,CENTRO,22
2.41,24.0,1.3,0.2,13.28,1.5,23.0,2.9,11.7,97.0,CENTRO,23
2.41,21.0,1.3,0.2,12.24,1.5,24.0,2.95,8.9,87.0,CENTRO,0
2.45,15.0,1.4,0.7,13.59,2.1,24.666666666666668,3.0,9.3,62.0,CENTRO,1
2.44,15.0,1.3,0.6,14.45,1.9,25.333333333333332,3.1,6.1,56.0,CENTRO,2
2.42,16.0,1.3,0.5,15.97,1.7,26.0,3.1,5.4,56.0,CENTRO,3
2.43,11.0,1.7,1.6,18.94,3.3,13.0,4.9,5.0,70.0,CENTRO,4
2.44,9.0,1.7,2.0,21.91,3.6,37.0,5.3,1.3,151.0,CENTRO,5
2.56,11.0,1.4,1.5,22.150000000000002,2.9,2.0,4.8,2.2,14.0,CENTRO,6
2.6,10.0,1.5,1.4,22.39,2.9,24.0,3.7,2.2,1.0,CENTRO,7
2.56,15.0,1.7,1.1,20.71,2.9,25.0,4.0,2.8,354.0,CENTRO,8
2.57,22.0,2.0,1.6,27.43,3.6,27.5,5.3,2.6,242.0,CENTRO,9
2.61,38.0,1.6,1.3,24.17,2.9,30.0,5.0,4.5,23.0,CENTRO,10
2.91,52.0,1.6,2.0,26.965000000000003,3.6,24.0,4.8,6.9,27.0,CENTRO,11
2.56,58.0,1.7,2.2,29.76,3.9,33.0,7.4,7.9,56.0,CENTRO,12
2.49,57.0,1.5,1.2,29.38,2.7,49.0,7.8,11.2,68.0,CENTRO,13
2.56,57.0,1.4,0.7,28.959999999999997,2.0,9.0,11.9,13.2,78.0,CENTRO,14
2.55,49.0,1.4,0.5,28.54,1.8,32.0,15.6,13.4,90.0,CENTRO,15
2.49,40.0,1.4,0.1,26.0525,1.5,5.0,4.6,12.5,99.0,CENTRO,16
2.46,41.0,1.3,0.2,23.564999999999998,1.5,17.0,4.9,12.2,105.0,CENTRO,17
2.46,39.0,1.9,0.2,21.0775,2.1,3.0,7.2,11.4,102.0,CENTRO,18
2.45,33.0,1.9,0.2,18.59,2.1,6.5,7.1,10.8,107.0,CENTRO,19
2.44,29.0,1.3,0.5,17.06,1.7,10.0,4.3,6.8,136.0,CENTRO,20
2.44,27.0,1.2,0.5,15.17,1.7,13.5,3.6,7.2,116.0,CENTRO,21
2.48,23.0,1.2,0.9,15.55,2.1,17.0,4.0,4.3,156.0,CENTRO,22
2.48,23.0,1.2,0.8,14.89,2.0,9.5,3.1,6.4,81.0,CENTRO,23
2.44,22.0,1.3,0.8,14.425,2.0,2.0,3.0,7.1,59.0,CENTRO,0
2.45,12.0,1.5,2.1,13.96,3.6,22.0,4.6,6.6,25.0,CENTRO,1
2.43,11.0,1.7,2.0,14.48,3.6,20.0,4.9,5.3,38.0,CENTRO,2
2.46,8.0,1.9,2.3,14.965,4.2,7.0,6.3,3.0,43.0,CENTRO,3
2.51,13.0,1.2,1.2,15.450000000000001,2.4,9.0,4.2,1.8,52.0,CENTRO,4
2.57,12.0,1.2,1.3,15.935,2.6,6.0,3.9,2.3,39.0,CENTRO,5
2.59,6.0,1.8,2.5,16.42,4.3,6.0,4.3,2.6,58.0,CENTRO,6
2.84,6.0,2.7,2.5,16.905,5.2,6.0,4.2,3.9,18.0,CENTRO,7
2.68,12.0,2.6,2.0,17.39,4.6,20.0,4.8,3.3,27.0,CENTRO,8
2.76,18.0,2.9,2.4,19.115,5.3,2.0,6.1,4.8,11.0,CENTRO,9
2.82,31.0,2.1,2.2,20.84,4.4,3.0,6.1,6.0,22.0,CENTRO,10
2.79,42.0,1.9,2.6,22.564999999999998,4.5,16.0,5.8,5.6,25.0,CENTRO,11
2.68,49.0,2.0,3.4,24.29,5.4,35.0,8.9,8.0,53.0,CENTRO,12
2.52,51.0,1.6,1.7,16.57,3.4,19.5,6.8,11.5,79.0,CENTRO,13
2.48,46.0,1.5,0.9,15.124,2.4,4.0,4.6,11.45,92.0,CENTRO,14
2.46,42.0,1.5,0.8,13.678,2.2,4.0,8.9,11.4,105.0,CENTRO,15
2.46,32.0,1.4749999999999999,0.7,12.232,2.1,11.0,4.8,9.9,116.0,CENTRO,16
2.44,32.0,1.45,0.6,10.786,1.9,7.0,4.4,9.3,133.0,CENTRO,17
2.45,31.0,1.4249999999999998,0.7,9.34,2.1,6.5,5.3,9.4,109.0,CENTRO,18
2.42,29.0,1.4,0.7,9.29,2.0,6.0,3.4,8.1,122.0,CENTRO,19
2.43,26.0,1.3,0.8428571428571429,9.24,1.9,5.875,3.2,7.6,122.0,CENTRO,20
2.44,24.0,1.2,0.9857142857142857,9.4,1.9,5.75,3.5,7.3,137.0,CENTRO,21
2.42,26.0,1.2,1.1285714285714286,9.44,1.5,5.625,2.9,8.7,155.0,CENTRO,22
2.41,27.0,1.3,1.2714285714285714,8.75,1.4,5.5,2.9,8.4,143.0,CENTRO,23
2.4,26.0,1.2,1.4142857142857141,8.36,1.3,5.375,2.8,7.0,115.0,CENTRO,0
2.39,26.0,1.2,1.5571428571428572,8.11,1.2,5.25,2.8,6.7,121.0,CENTRO,1
2.53,15.0,1.4,1.7,13.02,3.1,5.125,3.0,4.4,18.0,CENTRO,2
3.17,6.0,2.4,3.0,14.04,5.4,5.0,3.2,2.4,41.0,CENTRO,3
4.13,7.0,3.8,3.0,15.06,6.8,7.0,3.2,1.3,48.0,CENTRO,4
3.79,5.0,3.2,3.0500000000000003,16.08,6.2,6.0,3.25,2.7,18.0,CENTRO,5
3.65,5.0,4.1,3.1,17.1,7.2,16.0,3.3,1.8,22.0,CENTRO,6
3.48,5.0,4.6,3.2,18.12,7.8,5.0,4.2,1.7,25.0,CENTRO,7
2.88,7.0,5.5,3.0,19.14,8.5,13.0,5.3,2.4,233.0,CENTRO,8
3.07,12.0,6.4,4.3,20.16,10.6,14.0,7.1,1.0,278.0,CENTRO,9
3.13,22.0,3.5,4.3,21.18,7.9,27.0,7.5,4.3,26.0,CENTRO,10
2.83,29.0,2.4,3.7,17.54,6.2,40.0,8.3,4.7,48.0,CENTRO,11
2.6,47.0,1.6,1.7,14.23,3.3,53.0,6.1,5.5,93.0,CENTRO,12
2.56,65.0,1.4,1.1,14.57,2.5,40.666666666666664,4.4,7.7,104.0,CENTRO,13
2.48,64.0,1.4,0.7,15.6,2.0,28.333333333333332,3.5,9.7,86.0,CENTRO,14
2.48,59.0,3.2,0.8,16.14,3.9,16.0,3.4,10.9,81.0,CENTRO,15
2.48,60.0,3.0,0.9,16.68,4.0,26.0,5.0,11.8,85.0,CENTRO,16
2.49,64.0,2.3,1.0,20.12,3.4,26.0,10.0,11.7,81.0,CENTRO,17
2.5,50.0,2.0,1.0,18.903333333333332,3.1,6.0,8.0,11.7,98.0,CENTRO,18
2.48,48.0,1.6,0.85,17.686666666666667,2.7,2.0,11.9,9.5,114.0,CENTRO,19
2.48,40.0,1.5,0.7,16.47,2.2,3.769230769230769,5.9,7.8,151.0,CENTRO,20
2.51,35.0,1.5,0.9,14.98,2.4,5.538461538461538,3.4,7.5,140.0,CENTRO,21
2.48,37.0,2.1,0.7,14.04,2.1,7.3076923076923075,3.0,4.8,132.0,CENTRO,22
2.51,37.0,2.7,0.8,16.83,3.4,9.076923076923077,3.7,5.5,100.0,CENTRO,23
2.46,38.0,2.1,0.74,14.24,2.6,34.665,3.5,4.5,152.0,CENTRO,0
2.43,39.0,1.6,0.68,12.79,1.7,33.0,3.0,3.8,159.0,CENTRO,1
2.44,37.0,1.4,0.62,12.6,1.5,34.39,2.9,3.8,112.0,CENTRO,2
2.45,33.0,1.4,0.5599999999999999,13.02,1.7,37.1,2.8,3.7,86.0,CENTRO,3
2.47,33.0,1.5,0.5,14.15,1.9,17.923076923076923,3.4,2.1,155.0,CENTRO,4
2.46,26.0,1.5,0.8,13.76,2.2,19.692307692307693,3.4,2.1,218.0,CENTRO,5
2.55,16.0,2.2,2.0,15.85,4.2,21.46153846153846,3.5,1.1,228.0,CENTRO,6
2.71,7.0,3.6,3.5,21.98,7.1,23.23076923076923,4.8,1.5,244.0,CENTRO,7
3.22,11.0,5.3,4.3,23.853333333333335,9.6,25.0,6.2,2.2,348.0,CENTRO,8
3.56,19.0,3.8,4.8,25.726666666666667,8.6,31.0,7.5,1.9,355.0,CENTRO,9
3.21,31.0,2.8,4.2,27.6,7.0,45.0,8.0,3.4,33.0,CENTRO,10
2.72,38.0,2.5,3.3,22.22,5.8,32.0,9.2,5.5,61.0,CENTRO,11
2.67,59.0,1.8,2.0,21.88,3.9,43.0,5.7,5.8,77.0,CENTRO,12
2.58,65.0,1.6,1.1,18.76,2.9,22.0,4.6,8.5,70.0,CENTRO,13
2.55,64.0,1.6,0.9,18.48,2.7,17.0,3.9,8.6,59.0,CENTRO,14
2.54,73.0,1.55,0.8,19.51,2.5,12.0,4.1,8.6,93.0,CENTRO,15
2.54,68.0,1.5,0.9,19.66,2.5,7.0,5.1,9.0,94.0,CENTRO,16
2.5,60.0,1.6,0.7,19.81,2.2,9.5,4.7,8.5,128.0,CENTRO,17
2.54,48.0,1.6,0.9,17.96,2.6,12.0,4.1,7.3,160.0,CENTRO,18
2.48,43.0,1.5,0.5,16.11,2.0,6.0,3.2,8.2,158.0,CENTRO,19
2.5,40.0,1.5,0.6,14.26,2.1,6.2,3.0,7.1,150.0,CENTRO,20
2.5,38.0,1.5,0.6,14.56,2.1,6.4,2.9,6.3,121.0,CENTRO,21
2.51,36.0,1.5,0.7,15.13,2.2,6.6,2.7,4.3,143.0,CENTRO,22
2.49,37.0,1.5,0.5,15.09,2.0,6.8,2.8,4.0,126.0,CENTRO,23
2.495,34.5,1.5,0.5,15.280000000000001,2.0,34.665,2.75,2.5,189.0,CENTRO,0
2.5,32.0,1.5,0.5,15.47,2.0,7.2,2.7,1.0,252.0,CENTRO,1
2.51,26.0,1.5,1.2,16.23,2.7,7.4,2.8,0.9,253.0,CENTRO,2
2.5,25.0,1.5,1.0,18.25,2.6,7.6,3.4,1.8,221.0,CENTRO,3
2.49,27.0,1.5,1.0,20.31,2.6,7.8,4.4,4.1,222.0,CENTRO,4
2.49,26.0,1.5,1.3,20.41,2.8,8.0,5.2,1.8,237.0,CENTRO,5
2.59,16.0,1.7,2.5,20.509999999999998,4.1,13.0,4.6,1.8,226.0,CENTRO,6
2.74,8.0,3.9,4.2,20.61,8.0,7.0,5.3,1.2,239.0,CENTRO,7
2.84,12.0,4.0,4.2,20.71,8.2,16.0,6.2,1.8,230.0,CENTRO,8
2.77,22.0,2.9,3.6,28.94,6.5,15.0,5.3,3.6,234.0,CENTRO,9
2.67,36.0,2.1,2.9,30.36,4.9,5.0,4.8,2.8,262.0,CENTRO,10
2.65,56.0,1.7,2.1,21.009999999999998,3.8,16.0,4.2,4.8,61.0,CENTRO,11
2.77,77.0,1.6,2.4,21.11,4.0,36.0,4.7,6.7,85.0,CENTRO,12
2.7,104.0,1.5,1.7,21.21,3.2,22.0,4.2,8.0,79.0,CENTRO,13
2.58,94.0,1.5,1.4,21.31,2.9,39.0,3.6,11.7,66.0,CENTRO,14
2.55,93.0,1.5,1.5,21.41,3.0,46.0,3.9,10.8,77.0,CENTRO,15
2.51,89.0,1.5,1.5,19.28,3.1,40.0,5.5,8.8,66.0,CENTRO,16
2.5,86.0,1.5,1.6,19.8,3.2,24.0,7.4,9.0,73.0,CENTRO,17
2.53,80.0,1.5,2.0,20.86,3.6,36.0,9.3,10.2,89.0,CENTRO,18
2.54,74.0,1.511111111111111,1.7,19.83,3.2,35.0,7.0,8.9,103.0,CENTRO,19
2.56,62.0,1.5222222222222221,1.7,18.88,3.2,14.0,6.2,6.3,136.0,CENTRO,20
2.52,54.0,1.5333333333333334,1.2,17.93,2.7,31.0,5.2,6.8,136.0,CENTRO,21
2.49,50.0,1.5444444444444445,0.9,15.93,2.4,20.0,3.2,7.6,132.0,CENTRO,22
2.47,51.0,1.5555555555555556,0.6,19.19333333333333,2.0,16.0,2.9,7.2,130.0,CENTRO,23
2.47,49.0,1.5666666666666667,1.0666666666666667,22.456666666666667,1.8,12.0,3.0,5.1,99.0,CENTRO,0
2.44,48.0,1.577777777777778,1.5333333333333332,25.72,1.5,11.0,2.9,3.2,112.0,CENTRO,1
2.62,29.0,1.588888888888889,2.0,28.98333333333333,3.6,5.0,3.4,3.7,45.0,CENTRO,2
2.91,9.0,1.6,4.1,32.24666666666666,5.7,24.0,3.7,1.5,346.0,CENTRO,3
2.85,6.0,2.3,4.3,35.51,6.6,41.0,4.2,1.6,10.0,CENTRO,4
2.94,5.0,3.1,4.3,36.817499999999995,7.4,38.0,4.8,3.5,38.0,CENTRO,5
2.84,6.0,3.4,3.9,38.125,7.3,37.0,5.0,1.0,10.0,CENTRO,6
3.05,5.0,5.5,4.0,39.4325,9.4,31.0,4.3,0.9,274.0,CENTRO,7
3.21,10.0,4.5,4.1,40.74,8.6,56.0,6.3,1.4,26.0,CENTRO,8
3.15,19.0,4.2,5.1,37.57,9.3,58.0,6.6,3.7,15.0,CENTRO,9
3.13,34.0,3.2,6.0,41.24,9.1,40.0,6.9,2.7,56.0,CENTRO,10
3.43,48.0,2.9,7.8,44.91,10.7,43.0,8.1,3.1,37.0,CENTRO,11
3.18,63.0,2.9,8.5,48.58,11.4,104.0,13.1,8.0,53.0,CENTRO,12
2.87,95.0,1.6,3.8,35.83,5.4,99.0,6.8,9.9,77.0,CENTRO,13
2.72,100.0,1.5,2.1,29.01,3.7,46.0,5.8,9.5,59.0,CENTRO,14
2.65,95.0,1.5,1.6,25.48,3.1,38.0,6.4,9.8,65.0,CENTRO,15
2.61,78.0,1.4833333333333334,1.3,20.81,2.8,35.0,5.0,9.8,75.0,CENTRO,16
2.55,64.0,1.4666666666666666,1.1,17.28,2.6,22.0,3.4,10.7,108.0,CENTRO,17
2.55,55.0,1.45,1.0,16.91,2.5,36.0,3.4,9.6,123.0,CENTRO,18
2.56,46.0,1.4333333333333333,1.1,18.23,2.7,11.0,4.9,12.6,102.0,CENTRO,19
2.54,43.0,1.4166666666666665,1.0,19.55,2.5,20.0,5.2,8.5,137.0,CENTRO,20
2.5,43.0,1.4,0.8,17.44,2.2,19.0,3.4,7.9,135.0,CENTRO,21
2.5,42.0,1.5,0.7,16.296666666666667,2.2,14.0,3.1,7.9,133.0,CENTRO,22
2.52,36.0,1.5,0.6,15.153333333333334,2.0,13.0,3.1,6.2,93.0,CENTRO,23
2.48,35.0,1.4,0.8999999999999999,14.01,1.6,21.0,3.2,7.9,108.0,CENTRO,0
2.49,29.0,1.4,1.2,14.216,1.6,8.0,3.1,8.2,75.0,CENTRO,1
2.49,26.0,1.4333333333333333,1.4999999999999998,14.421999999999999,1.5,4.0,3.0,7.3,76.0,CENTRO,2
2.49,23.0,1.4666666666666666,1.7999999999999998,14.628,1.6,11.0,2.9,6.8,56.0,CENTRO,3
2.49,21.0,1.5,2.0999999999999996,14.834,1.8,2.0,2.9,4.4,42.0,CENTRO,4
2.57,7.0,2.1,2.4,15.04,4.5,2.5,3.2,5.4,4.0,CENTRO,5
2.64,5.0,3.9,2.7,17.686666666666667,6.6,3.0,4.4,5.0,47.0,CENTRO,6
2.7,6.0,4.5,2.7,20.333333333333332,7.2,15.0,6.2,3.1,67.0,CENTRO,7
2.91,7.0,5.9,3.0,22.98,8.9,31.0,5.4,3.6,65.0,CENTRO,8
3.09,12.0,5.0,3.5,26.37,8.5,41.0,5.7,3.3,22.0,CENTRO,9
3.26,22.0,3.2,4.0,25.47,7.3,30.0,6.2,4.8,17.0,CENTRO,10
3.12,23.0,5.1,6.1,32.37,11.2,34.0,13.6,5.3,61.0,CENTRO,11
2.88,56.0,2.2,4.5,29.67,6.7,72.0,11.0,6.9,60.0,CENTRO,12
2.74,71.0,1.5,2.3,25.26,3.8,31.0,6.1,9.3,60.0,CENTRO,13
2.65,69.0,1.5,1.2,22.49,2.7,27.0,4.6,10.8,67.0,CENTRO,14
2.63,78.0,1.4666666666666666,1.2,21.674999999999997,2.7,22.0,8.3,10.9,73.0,CENTRO,15
2.55,73.0,1.4333333333333333,0.8,20.86,2.1,23.0,8.3,10.8,79.0,CENTRO,16
2.55,68.0,1.4,0.8,21.05,2.2,25.0,6.8,11.7,87.0,CENTRO,17
2.51,58.0,1.4,0.7,17.49,2.0,22.0,5.3,10.8,109.0,CENTRO,18
2.55,54.0,1.4076923076923076,0.9,18.41,2.3,22.0,9.7,10.4,102.0,CENTRO,19
2.52,46.0,1.4153846153846152,0.8,15.23,2.0,21.0,5.7,10.1,125.0,CENTRO,20
2.53,41.0,1.423076923076923,1.1,17.28,2.5,27.0,4.2,7.4,131.0,CENTRO,21
2.51,37.0,1.4307692307692308,1.1,14.95,2.4,22.0,4.2,7.9,136.0,CENTRO,22
2.51,36.0,1.6,0.6,12.995,1.9,12.0,5.6,10.8,97.0,CENTRO,23
2.51,28.0,1.6,0.625,11.04,1.6,23.0,4.7,10.0,97.0,CENTRO,0
2.5,25.0,1.6,0.65,8.88,1.5,24.0,3.3,8.0,100.0,CENTRO,1
2.49,23.0,1.69375,0.675,7.9,1.4,18.0,3.0,6.0,95.0,CENTRO,2
2.5,21.0,1.4692307692307691,0.7000000000000001,8.095,1.5,5.0,2.8,7.2,68.0,CENTRO,3
2.5,20.0,1.476923076923077,0.725,8.29,1.5,4.5,2.8,6.2,64.0,CENTRO,4
2.52,17.0,1.4846153846153847,0.75,15.25,1.6,4.0,2.7666666666666666,5.5,84.0,CENTRO,5
2.55,16.0,1.4923076923076923,0.775,11.92,1.6,3.5,2.7333333333333334,3.3,76.0,CENTRO,6
2.56,13.0,1.5,0.8,13.82,2.2,3.0,2.7,1.3,73.0,CENTRO,7
2.65,14.0,1.8,1.0,15.72,2.9,7.0,2.7,3.2,69.0,CENTRO,8
2.68,12.0,3.8,2.3,17.62,6.1,2.0,5.4,3.1,31.0,CENTRO,9
2.76,23.0,2.6,2.3,19.52,4.9,23.0,5.8,4.3,14.0,CENTRO,10
2.95,36.0,2.0,2.7,21.42,4.8,28.0,5.1,6.1,22.0,CENTRO,11
2.64,50.0,1.7,2.6,23.32,4.3,60.0,8.4,6.7,48.0,CENTRO,12
2.63,53.0,1.7,2.4,21.56,4.1,38.0,9.0,7.0,53.0,CENTRO,13
2.69,59.0,1.5,1.4,20.78,2.9,30.0,8.1,8.5,100.0,CENTRO,14
2.68,63.0,1.4,0.6,23.6,1.9,35.0,6.9,9.2,93.0,CENTRO,15
2.59,38.0,1.6,1.2,15.89,2.9,30.0,4.8,13.7,70.0,CENTRO,16
2.58,3.0,1.6,1.2,11.87,2.8,32.0,3.4,13.5,75.0,CENTRO,17
2.58,4.0,1.5,0.6,11.98,2.0,15.0,3.0,13.9,103.0,CENTRO,18
1.46,4.0,29.9,0.7333333333333333,11.641428571428571,30.15,12.5,1.85,7.3,110.5,CENTRO,19
0.34,4.0,58.3,0.8666666666666667,11.302857142857142,58.3,10.0,0.7,0.7,118.0,CENTRO,20
2.76,4.0,16.0,1.0,10.964285714285714,17.0,9.0,3.7,9.2,97.0,CENTRO,21
2.64,4.0,1.0,1.0,10.625714285714286,2.0,8.0,2.9,10.2,120.0,CENTRO,22
2.6,4.0,1.1,0.9,10.287142857142857,2.0,7.0,2.8,8.3,138.0,CENTRO,23
2.58,4.0,1.1,0.9,9.948571428571428,2.0500000000000003,7.0,2.6,8.7,137.0,CENTRO,0
2.57,4.0,1.2,0.95,9.61,2.1,7.0,2.6,5.6,118.0,CENTRO,1
2.58,4.0,1.3,1.0,9.89,2.3,7.0,2.575,5.3,92.0,CENTRO,2
2.57,4.0,1.4,1.0,9.92,2.4,7.0,2.55,3.1,126.0,CENTRO,3
2.56,17.0,1.4,1.1500000000000001,9.89,2.5,7.0,2.525,4.8,143.0,CENTRO,4
2.58,17.0,1.5,1.3,9.95,2.8,7.0,2.5,1.4,211.0,CENTRO,5
2.64,14.0,1.6,2.6,13.365,4.3,7.0,2.7,0.9,244.0,CENTRO,6
2.98,11.0,2.7,4.1,16.78,6.8,3.0,3.3,0.9,90.0,CENTRO,7
3.0,11.0,3.7,4.3,20.195,8.0,7.0,3.8,1.9,105.0,CENTRO,8
3.2,15.0,4.0,4.9,23.61,9.0,34.0,4.7,3.2,46.0,CENTRO,9
3.58,22.0,3.6,5.7,23.605,9.3,29.0,6.3,4.1,23.0,CENTRO,10
3.05,31.0,2.8,4.7,23.6,7.6,80.0,9.3,6.2,48.0,CENTRO,11
2.7,39.0,2.0,3.2,19.94,5.1,71.0,5.9,8.1,45.0,CENTRO,12
2.62,47.0,1.7,2.1,14.22,3.8,25.0,4.1,9.0,84.0,CENTRO,13
2.61,52.0,1.5,1.9,14.54,3.5,18.0,3.4,9.5,137.0,CENTRO,14
2.61,52.0,1.5,1.7,14.245,3.2,11.0,3.2,9.0,150.0,CENTRO,15
2.61,51.5,1.5333333333333334,1.7,13.95,3.2,10.0,3.1,8.0,141.0,CENTRO,16
2.62,48.0,1.5666666666666667,1.8,13.655,3.4,10.0,3.4,6.9,168.0,CENTRO,17
2.63,43.0,1.6,1.9,13.36,3.4,9.0,5.2,7.5,160.0,CENTRO,18
2.62,37.0,1.2,1.7,13.065,3.0,12.0,6.2,6.9,158.0,CENTRO,19
2.63,33.0,1.0,1.5,12.77,2.7,8.0,5.7,8.4,140.0,CENTRO,20
2.63,31.0,1.0,1.2,12.475,2.3,4.0,3.6,10.8,112.0,CENTRO,21
2.59,30.0,1.0125,0.8,12.18,1.8,14.0,3.3,4.8,152.0,CENTRO,22
2.58,26.0,1.0250000000000001,0.6,12.67,1.6,16.0,3.9,6.7,124.0,CENTRO,23
2.57,25.0,1.0375,0.75,11.27,1.4,12.0,3.7,6.3,126.0,CENTRO,0
2.56,23.0,1.05,0.9,11.544285714285714,1.3,9.0,3.4,7.0,121.0,CENTRO,1
2.57,23.0,1.0625,1.05,11.818571428571428,1.4,7.0,3.8,7.4,91.0,CENTRO,2
2.57,18.0,1.0750000000000002,1.2,12.092857142857142,1.5,7.0,4.0,7.6,80.0,CENTRO,3
2.57,17.0,1.0875000000000001,1.35,12.367142857142857,1.5,7.0,3.4,5.8,64.0,CENTRO,4
2.61,17.0,1.1,1.5,12.641428571428571,2.6,16.333333333333332,3.3,3.3,47.0,CENTRO,5
2.7,14.0,1.1,2.3,12.915714285714285,3.5,25.666666666666668,3.3,1.5,235.0,CENTRO,6
2.78,11.0,2.2,2.4,13.19,4.6,35.0,3.1,1.4,242.0,CENTRO,7
2.81,11.0,2.4,2.6,15.13,5.0,2.0,3.5,2.0,229.0,CENTRO,8
2.97,15.0,1.9,2.2,17.07,4.1,14.0,3.7,3.6,5.0,CENTRO,9
3.02,22.0,1.5,2.5,19.01,4.1,23.0,3.4,3.8,19.5,CENTRO,10
2.8,31.0,1.3,1.5,15.17,2.8,22.0,3.3,5.4,34.0,CENTRO,11
2.67,39.0,1.2,1.2,10.11,2.4,40.0,3.9,6.6,54.0,CENTRO,12
2.66,47.0,1.1,1.0,9.13,2.2,14.0,4.2,7.4,47.0,CENTRO,13
2.61,52.0,1.2,1.1,7.82,2.4,11.0,5.1,7.6,57.0,CENTRO,14
2.63,52.0,1.1,0.9,10.49,2.0,15.0,3.7,8.8,91.0,CENTRO,15
2.63,51.5,1.1,0.8,9.2,1.9,25.0,3.0,9.3,96.0,CENTRO,16
2.61,48.0,1.0666666666666667,0.7,7.05,1.7,19.0,2.9,10.6,109.0,CENTRO,17
2.61,43.0,1.0333333333333334,0.8,6.33,1.8,11.0,2.8,9.6,102.0,CENTRO,18
2.61,37.0,1.0,0.6,7.015,1.6,6.0,3.4,7.3,162.0,CENTRO,19
2.66,33.0,1.1,1.0,7.7,2.0,2.0,3.2,10.4,99.0,CENTRO,20
2.63,31.0,1.0,0.5,8.385,1.5,11.0,3.0,9.8,153.0,CENTRO,21
2.64,30.0,1.0,0.5,9.07,1.5,11.0,2.8,5.7,124.0,CENTRO,22
2.61,26.0,1.1,0.5499999999999999,9.754999999999999,1.5999999999999999,7.0,2.7,4.3,138.0,CENTRO,23
2.62,25.0,1.2,0.6,10.44,1.7,8.555555555555555,2.6,1.0,257.0,CENTRO,0
2.65,23.0,1.2,0.9,10.09,2.2,10.11111111111111,2.6,0.9,282.0,CENTRO,1
2.63,23.0,1.2999999999999998,0.9,10.65,2.1,11.666666666666666,2.7,0.9,121.0,CENTRO,2
2.63,18.0,1.4,1.0,9.8,2.4,13.222222222222223,2.6,0.9,246.0,CENTRO,3
2.63,17.0,1.4,1.0,8.6,2.3,14.777777777777779,2.6,1.02,207.0,CENTRO,4
2.67,17.0,1.55,1.5,9.7,2.9,16.333333333333332,2.5,1.1400000000000001,204.0,CENTRO,5
2.69,14.0,1.7,1.7,8.87,3.4,17.88888888888889,2.7,1.26,258.0,CENTRO,6
2.96,11.0,4.1,2.0,11.92,6.1,19.444444444444446,2.7,1.3800000000000001,267.0,CENTRO,7
3.31,11.0,8.2,3.1,18.62,11.2,21.0,2.9,1.5,231.0,CENTRO,8
3.11,15.0,5.2,3.7,17.32,8.9,41.0,4.0,2.5,19.0,CENTRO,9
3.07,22.0,3.3,4.2,19.08,7.5,22.0,6.6,4.9,97.0,CENTRO,10
3.07,31.0,1.8,3.9,20.24,5.6,21.0,7.0,5.9,114.0,CENTRO,11
2.76,39.0,1.1,1.2,18.42,2.4,51.0,5.1,7.6,91.0,CENTRO,12
2.67,47.0,1.0,0.7,15.91,1.8,20.0,4.2,6.3,119.0,CENTRO,13
2.64,52.0,1.0,0.6,15.57,1.6,19.0,3.8,8.3,80.0,CENTRO,14
2.65,52.0,1.0357142857142858,0.6,16.596,1.7,15.0,4.4,9.6,86.0,CENTRO,15
2.67,51.5,1.0714285714285714,0.7,17.622,1.8,16.0,5.3,10.0,94.0,CENTRO,16
2.66,48.0,1.1071428571428572,0.6,18.648,1.7,28.0,6.3,9.1,113.0,CENTRO,17
2.67,43.0,1.1428571428571428,0.8,19.674,1.8,23.0,6.0,8.6,129.0,CENTRO,18
2.65,37.0,1.7,0.7,20.7,1.7,32.0,4.5,7.0,157.0,CENTRO,19
2.68,33.0,1.6,0.9,19.168,2.0,7.0,3.3,6.1,151.0,CENTRO,20
2.74,31.0,1.6,1.3,17.636,2.4,12.0,3.0,5.4,135.0,CENTRO,21
2.68,30.0,1.6,0.9,16.104,1.9,9.0,2.9,3.9,149.0,CENTRO,22
2.61,26.0,1.6,1.2666666666666666,14.572,1.4,3.0,2.7,6.5,156.0,CENTRO,23
2.61,25.0,1.3571428571428572,1.6333333333333333,13.04,1.1,4.0,2.8,7.6,120.0,CENTRO,0
2.61,23.0,1.3928571428571428,2.0,13.36,1.3,5.0,2.7,4.9,118.0,CENTRO,1
2.6,23.0,1.4285714285714286,2.3666666666666667,12.7,1.3,6.0,2.7,1.9,177.0,CENTRO,2
2.62,18.0,1.4642857142857142,2.7333333333333334,12.92,1.4,7.0,2.8000000000000003,1.9,29.0,CENTRO,3
2.81,17.0,1.5,3.1,22.78,4.5,8.0,2.9,1.2,346.0,CENTRO,4
2.75,17.0,1.3,2.4,22.637500000000003,3.8,9.0,3.0,0.9,228.0,CENTRO,5
2.87,14.0,1.6,2.8,22.495,4.4,11.0,3.1,0.9,304.0,CENTRO,6
2.99,11.0,3.3,3.7,22.352500000000003,6.9,12.0,3.4,0.9,231.0,CENTRO,7
2.99,11.0,2.7,3.5,22.21,6.2,25.0,5.2,1.95,236.0,CENTRO,8
3.72,15.0,5.1,6.6,31.675,11.7,31.0,5.2,3.0,38.0,CENTRO,9
3.91,22.0,3.1,6.5,41.14,9.6,64.0,7.9,5.9,19.0,CENTRO,10
3.09,31.0,2.1,5.1,34.12,7.1,65.0,9.9,6.8,55.0,CENTRO,11
2.98,39.0,1.1,2.5,29.47,3.7,98.0,6.6,7.1,77.0,CENTRO,12
2.79,47.0,1.1,1.2,21.22,2.3,33.0,4.3,9.2,98.0,CENTRO,13
2.71,52.0,1.0,0.8,16.48,1.8,28.0,3.6,10.9,126.0,CENTRO,14
2.69,52.0,1.0,0.7,14.79,1.7,15.0,3.3,10.2,120.0,CENTRO,15
2.68,51.5,1.1,0.6,12.21,1.6,13.5,3.0,9.7,135.0,CENTRO,16
2.69,48.0,1.1,0.6,11.53,1.7,12.0,2.9,9.2,149.0,CENTRO,17
2.7,43.0,1.0,0.8,11.88,1.9,10.5,2.9,9.6,114.0,CENTRO,18
2.68,37.0,1.0,0.7,12.34,1.8,9.0,2.8499999999999996,9.4,125.0,CENTRO,19
2.71,33.0,1.0333333333333334,1.0,13.79,2.0,7.500000000000001,2.8,6.5,153.0,CENTRO,20
2.69,31.0,1.0666666666666667,0.7,15.63642857142857,1.8,6.0,2.8,5.1,151.0,CENTRO,21
2.7,30.0,1.1,0.7,17.482857142857142,1.8,10.0,2.9,2.8,135.0,CENTRO,22
2.79,26.0,1.0,1.5,19.329285714285714,2.5,2.0,2.9,6.3,68.0,CENTRO,23
2.74,25.0,1.0,0.9,21.175714285714285,1.9,3.0,3.1,6.7,86.0,CENTRO,0
2.69,23.0,1.2,1.6,19.35,2.7,10.0,3.6,5.0,4.0,CENTRO,1
2.71,23.0,1.2,2.1,20.58,3.4,7.0,4.3,5.8,24.0,CENTRO,2
2.72,18.0,1.6,2.1,22.252,3.8,9.0,6.6,4.3,53.0,CENTRO,3
2.74,17.0,1.2,1.6,22.89,2.8,13.0,5.0,2.5,64.0,CENTRO,4
2.77,17.0,1.6,2.4,23.005000000000003,4.0,11.0,5.0,0.9,43.0,CENTRO,5
2.86,14.0,2.2,2.3,32.254285714285714,4.6,6.0,5.1,2.3,72.0,CENTRO,6
3.02,11.0,4.3,2.5,34.10071428571428,6.8,6.0,5.0,1.3,71.0,CENTRO,7
3.16,11.0,5.1,2.9,35.94714285714286,8.0,29.0,5.3,3.1,57.0,CENTRO,8
3.23,15.0,3.7,3.5,37.793571428571425,7.3,23.0,5.1,3.9,44.0,CENTRO,9
3.46,22.0,2.4,3.9,39.64,6.3,69.0,4.8,4.2,34.0,CENTRO,10
3.38,31.0,1.7,4.0,41.56,5.7,55.0,4.6,4.7,22.0,CENTRO,11
3.15,39.0,1.6,3.8,42.94,5.4,95.0,4.9,5.4,43.0,CENTRO,12
3.01,47.0,1.5,4.0,40.8,5.4,50.0,9.4,7.0,84.0,CENTRO,13
2.95,52.0,1.1,2.3,39.12,3.4,62.0,7.8,8.6,86.0,CENTRO,14
2.9,52.0,1.1,1.4,39.00666666666667,2.5,32.0,6.0,9.6,86.0,CENTRO,15
2.88,51.5,1.0,1.2,38.89333333333333,2.3,36.0,5.7,9.1,101.0,CENTRO,16
2.86,48.0,1.0,1.1,38.78,2.1,49.0,5.0,9.0,157.0,CENTRO,17
2.82,43.0,1.1,0.9,31.6,2.0,15.0,4.8,8.5,157.0,CENTRO,18
2.8,37.0,1.0,1.0,24.42,2.1,27.0,3.8,8.3,140.0,CENTRO,19
2.78,33.0,1.1,1.1,22.84,2.2,27.0,3.3,7.2,136.0,CENTRO,20
2.73,31.0,1.0,0.8,22.006666666666668,1.8,15.0,3.1,7.0,145.0,CENTRO,21
2.71,30.0,1.1,0.6,21.173333333333332,1.7,8.0,3.1,6.3,146.0,CENTRO,22
2.75,26.0,1.0,0.9,20.34,1.9,11.0,3.0,7.6,79.0,CENTRO,23
2.7,25.0,1.0,0.5,19.506666666666668,1.5,9.0,2.9,6.8,66.0,CENTRO,0
2.72,23.0,1.0999999999999999,0.6,18.673333333333332,1.6,3.0,2.9,3.7,35.0,CENTRO,1
2.71,23.0,1.2,0.5,17.84,1.5,3.0,2.8,5.8,57.0,CENTRO,2
2.71,18.0,1.2999999999999998,1.2,19.7,1.4,3.0,2.9,4.1,52.0,CENTRO,3
2.73,17.0,1.4,1.9,29.216666666666665,3.3,3.0,4.0,4.8,16.0,CENTRO,4
2.79,17.0,2.0,2.5,38.733333333333334,4.5,8.0,4.8,3.4,18.0,CENTRO,5
2.86,14.0,1.5,2.3,48.25,3.8,73.0,3.8,1.0,58.0,CENTRO,6
3.0,11.0,2.3,2.5,35.86,4.8,49.0,3.4,3.8,45.0,CENTRO,7
3.1,11.0,2.0,1.9,34.725,4.0,3.0,3.3,4.3,28.0,CENTRO,8
3.07,15.0,2.4,1.9,33.59,4.4,36.0,3.2,3.5,19.0,CENTRO,9
3.08,22.0,2.0,2.0,36.550000000000004,4.0,29.0,3.4,3.6,59.0,CENTRO,10
3.11,31.0,1.5,2.5,39.51,4.1,27.0,3.5,5.1,56.0,CENTRO,11
3.23,39.0,1.5,3.4,42.47,4.9,79.0,5.5,6.6,46.0,CENTRO,12
3.0,47.0,1.6,3.8,39.68,5.3,55.0,9.1,7.2,55.0,CENTRO,13
2.9,52.0,1.3,1.9,36.48,3.2,51.0,9.2,8.8,75.0,CENTRO,14
2.87,52.0,1.1,1.2,35.775,2.3,32.0,13.1,10.5,79.0,CENTRO,15
2.82,51.5,1.0,0.9,35.07,2.0,58.0,9.2,10.7,89.0,CENTRO,16
2.77,48.0,1.0,0.6,33.18,1.7,21.0,4.5,10.4,115.0,CENTRO,17
2.76,43.0,1.0250000000000001,0.55,31.29,1.4,18.0,3.5,9.8,152.0,CENTRO,18
2.78,37.0,1.05,0.5,29.400000000000002,1.6,10.0,3.1,7.8,154.0,CENTRO,19
2.86,33.0,1.0750000000000002,0.9,27.51,1.9,10.0,3.0,6.0,153.0,CENTRO,20
2.96,31.0,1.1,0.9,25.62,2.1,12.0,3.1,4.6,135.0,CENTRO,21
2.96,30.0,1.1,0.8,23.73,1.9,20.0,3.0,7.5,101.0,CENTRO,22
2.84,26.0,1.0,0.7833333333333333,21.84,1.3,26.0,2.8,9.7,107.0,CENTRO,23
2.81,25.0,1.1,0.7666666666666667,21.414,1.5,17.0,2.8,8.1,69.0,CENTRO,0
2.82,23.0,1.0,0.75,20.988,1.5,9.0,2.9,8.6,74.0,CENTRO,1
2.79,23.0,1.0,0.7333333333333333,20.562,1.4,12.0,2.8,5.3,67.0,CENTRO,2
2.76,18.0,1.0999999999999999,0.7166666666666667,20.136,1.2,16.0,2.7,5.4,69.0,CENTRO,3
2.75,17.0,1.2,0.7,19.71,1.9,24.0,2.9,4.0,68.0,CENTRO,4
2.88,17.0,2.0,1.9,21.53666666666667,3.8,21.0,3.4,3.4,30.0,CENTRO,5
2.92,14.0,1.6,1.8,23.363333333333333,3.4,24.0,3.3,3.9,40.0,CENTRO,6
2.93,11.0,1.1,1.0,25.19,2.1,20.0,3.1,2.8,11.0,CENTRO,7
2.88,11.0,1.5,1.0,27.016666666666666,2.4,17.0,3.0,3.0,10.0,CENTRO,8
2.96,15.0,2.0,1.5,28.843333333333334,3.6,16.0,3.4,4.6,57.0,CENTRO,9
3.02,22.0,2.2,2.0,30.67,4.2,32.0,4.2,5.3,116.0,CENTRO,10
3.07,31.0,1.7,2.3,34.44,3.9,29.0,4.8,6.0,93.0,CENTRO,11
3.01,39.0,1.7,3.2,38.21,4.8,68.0,8.4,5.9,77.0,CENTRO,12
2.9,47.0,1.2,1.7,36.004,2.9,34.0,8.3,6.8,80.0,CENTRO,13
2.88,52.0,1.1,0.9,33.798,2.0,16.0,5.0,7.8,82.0,CENTRO,14
2.84,52.0,1.1,0.9,31.592,2.0,33.0,7.5,9.2,63.0,CENTRO,15
2.83,51.5,1.0,0.8,29.386,1.8,26.0,9.4,9.2,68.0,CENTRO,16
2.8,48.0,1.1,0.5,27.18,1.5,28.0,5.5,10.3,73.0,CENTRO,17
2.81,43.0,1.0,0.5,26.259999999999998,1.5,23.0,4.1,9.5,109.0,CENTRO,18
2.78,37.0,1.0,0.5,25.34,1.4,15.0,3.6,8.0,157.0,CENTRO,19
2.81,33.0,1.02,0.5,24.419999999999998,1.6,7.0,3.5,7.4,128.0,CENTRO,20
2.83,31.0,1.04,0.8,23.5,1.8,10.0,3.2,6.1,134.0,CENTRO,21
2.78,30.0,1.06,0.5,22.58,1.5,14.0,3.2,5.9,116.0,CENTRO,22
2.8,26.0,1.08,0.6,21.66,1.6,13.0,3.9,5.7,95.0,CENTRO,23
2.76,25.0,1.1,0.5,20.74,1.6,28.0,4.6,8.0,57.0,CENTRO,0
2.8,23.0,1.4,1.7,21.244,3.1,23.0,5.3,4.3,24.0,CENTRO,1
2.83,23.0,1.3,1.7,21.747999999999998,3.1,24.0,4.4,4.1,20.0,CENTRO,2
2.8,18.0,1.4,1.45,22.252,2.75,25.0,4.5,3.2,60.0,CENTRO,3
2.79,17.0,1.1,1.2,22.756,2.4,28.0,4.5,3.8,75.0,CENTRO,4
2.8,17.0,1.6,2.0,23.005000000000003,3.6,41.0,5.8,2.4,67.0,CENTRO,5
2.88,14.0,2.3,2.5,23.381666666666668,4.8,32.0,6.2,2.2,57.0,CENTRO,6
3.02,11.0,2.8,2.5,24.314999999999998,5.3,49.0,4.9,3.9,56.0,CENTRO,7
3.21,11.0,4.2,2.7,26.27,6.9,58.0,5.8,3.6,56.0,CENTRO,8
3.27,15.0,3.3,3.1,28.94,6.4,80.0,6.8,4.0,19.0,CENTRO,9
3.3,22.0,2.1,3.0,30.36,5.2,70.0,5.8,4.4,3.0,CENTRO,10
3.3,31.0,1.6,3.0,31.595,4.6,51.0,5.6,4.7,38.0,CENTRO,11
3.19,39.0,1.5,3.6,31.630000000000003,5.1,75.0,6.4,5.5,57.0,CENTRO,12
3.09,47.0,1.4,3.7,29.5,5.0,75.0,7.9,6.6,45.0,CENTRO,13
2.99,52.0,1.3,2.9,25.7,4.3,71.0,8.6,7.1,79.0,CENTRO,14
3.0130000000000003,52.0,1.395,2.9899999999999998,24.59,4.4799999999999995,71.5,8.53,6.984999999999999,80.1,CENTRO,15
3.036,51.5,1.49,3.08,21.97,4.66,72.0,8.459999999999999,6.869999999999999,81.2,CENTRO,16
3.059,48.0,1.585,3.17,20.11,4.84,72.5,8.39,6.755,82.3,CENTRO,17
3.0820000000000003,43.0,1.6800000000000002,3.26,19.44,5.02,73.0,8.32,6.64,83.4,CENTRO,18
2.25,37.0,1.7,3.5,18.34,5.0,39.0,3.1,8.0,121.0,CENTRO,19
2.2649999999999997,33.0,1.6,3.6,18.425,5.1,36.0,3.0,7.3,124.0,CENTRO,20
2.27,31.0,1.6,3.3,18.445,4.8,36.0,2.9,6.7,126.0,CENTRO,21
2.29,30.0,1.6,3.1,18.11,4.7,34.0,2.9,6.0,125.0,CENTRO,22
2.29,26.0,1.6,2.8,18.87,4.65,33.8,2.9,5.6,115.0,CENTRO,23
2.28,25.0,1.6,2.7,18.81,4.4,34.665,2.95,5.4,109.0,CENTRO,0
2.26,23.0,1.6,2.8,19.35,4.4,33.0,3.0,4.9,102.0,CENTRO,1
2.28,23.0,1.69375,2.7,20.58,4.5,34.39,3.1,4.7,84.0,CENTRO,2
2.28,18.0,1.8,3.1,22.252,4.9,37.1,3.2,4.0,79.0,CENTRO,3
2.27,17.0,1.7266666666666668,3.0,22.89,4.9,37.5,3.2,3.7,86.0,CENTRO,4
2.32,17.0,1.8,3.25,23.005000000000003,5.1,37.84,3.2,3.2,109.5,CENTRO,5
3.358,4.0,2.8200000000000003,4.34,23.381666666666668,7.180000000000001,79.0,7.48,5.26,96.6,CENTRO,6
3.3810000000000002,4.0,2.915,4.43,36.364000000000004,7.36,79.5,7.41,5.145,97.7,CENTRO,7
3.4040000000000004,4.0,3.0100000000000002,4.5200000000000005,36.868,7.54,80.0,7.34,5.029999999999999,98.8,CENTRO,8
3.427,4.0,3.105,4.61,37.372,7.720000000000001,80.5,7.2700000000000005,4.915,99.9,CENTRO,9
3.45,4.0,3.2,4.7,37.876000000000005,7.9,81.0,7.2,4.8,101.0,CENTRO,10
3.36,4.0,2.2,4.4,38.38,6.7,94.0,7.3,6.5,90.0,CENTRO,11
3.29,4.0,1.4,3.9,37.05,5.4,92.0,7.5,6.4,62.0,CENTRO,12
3.19,4.006451612903226,1.1,2.3,37.56,3.5,84.0,6.2,8.8,81.0,CENTRO,13
3.09,4.012903225806451,1.0,1.6,34.79,2.7,79.0,4.8,9.7,77.0,CENTRO,14
2.9,4.019354838709678,1.0,0.9,22.63,1.9,77.0,4.1,10.8,150.0,CENTRO,15
2.89,4.025806451612903,1.1,1.0,20.64,2.0,47.0,3.7,10.2,157.0,CENTRO,16
2.92,48.0,1.1,0.9,21.37,2.0,38.0,3.4,10.7,148.0,CENTRO,17
2.92,43.0,1.0,1.0,22.42,2.1,50.0,3.4,10.7,148.0,CENTRO,18
2.81,37.0,1.1,0.6,17.35,1.7,36.0,3.3,10.8,159.0,CENTRO,19
2.89,33.0,1.1,1.3,17.96,2.4,27.0,3.1,6.6,92.0,CENTRO,20
2.83,31.0,1.0,0.6,19.25,1.7,29.0,3.0,7.0,122.0,CENTRO,21
2.94,30.0,1.0,1.5,20.6,2.6,34.0,2.9,3.4,100.0,CENTRO,22
2.9,26.0,1.2,2.7,35.2,3.9,38.0,4.1,10.0,27.0,CENTRO,23
3.04,25.0,1.0,0.9,21.51,1.9,80.0,3.7,9.8,4.0,CENTRO,0
2.94,23.0,1.0,0.6,20.21,1.7,97.0,3.4,6.7,31.0,CENTRO,1
2.86,23.0,1.8666666666666667,1.6,25.49,2.7,57.0,4.3,7.1,69.0,CENTRO,2
2.78,18.0,2.7333333333333334,1.7666666666666668,28.87,1.2,61.0,3.9,6.7,79.0,CENTRO,3
2.79,17.0,3.6,1.9333333333333333,27.93,3.9,60.0,4.0,6.5,77.0,CENTRO,4
2.83,17.0,3.1,2.1,31.69,5.1,47.0,5.1,3.7,8.0,CENTRO,5
2.91,14.0,2.1,3.6,40.2,5.7,65.0,7.7,2.4,21.0,CENTRO,6
2.99,11.0,2.5,3.0,39.16,5.5,86.0,6.7,1.8,61.0,CENTRO,7
3.03,11.0,3.0,3.1,39.85,6.0,71.0,7.2,1.2,29.0,CENTRO,8
3.2,15.0,3.5,3.6,44.7,7.2,76.0,8.1,3.6,31.0,CENTRO,9
3.4,22.0,2.3,3.6,47.53,5.9,96.0,6.9,9.0,29.0,CENTRO,10
2.98,31.0,1.6,1.7,42.48,3.3,122.0,5.7,9.1,37.0,CENTRO,11
3.02,39.0,1.8,2.8,44.79,4.6,91.0,7.8,7.7,92.0,CENTRO,12
2.99,47.0,1.5,2.1,42.9,3.6,101.0,8.0,6.5,111.0,CENTRO,13
2.95,52.0,1.3,1.6,42.18,3.0,83.0,6.6,5.0,135.0,CENTRO,14
2.96,52.0,1.2,1.1,40.44,2.3,79.0,4.5,4.6,134.0,CENTRO,15
3.04,51.5,1.3,1.8,41.73,3.1,83.0,4.2,7.3,116.0,CENTRO,16
3.03,48.0,1.3,1.4,43.19,2.7,75.0,3.6,5.4,168.0,CENTRO,17
2.96,43.0,1.4,1.0,42.53,2.4,66.0,4.3,6.4,150.0,CENTRO,18
2.95,37.0,1.3,1.2,43.67,2.5,78.0,6.0,4.2,166.0,CENTRO,19
2.99,33.0,1.3,1.3,43.76,2.7,74.0,5.6,4.3,159.0,CENTRO,20
3.01,31.0,1.2,1.2,45.93,2.5,70.0,4.6,4.2,114.0,CENTRO,21
3.04,30.0,1.2,1.5,43.99,2.8,75.0,3.8,1.6,136.0,CENTRO,22
2.95,26.0,1.3,0.8,41.04,2.1,72.0,3.6,5.0,123.0,CENTRO,23
2.89,25.0,1.2,0.5,37.65,1.7,62.0,3.5,5.2,86.0,CENTRO,0
2.84,23.0,1.2,0.5,34.29,1.6,68.0,3.5,6.9,78.0,CENTRO,1
2.84,23.0,1.3,0.7,33.95,1.9,63.0,3.6,4.8,60.0,CENTRO,2
2.87,18.0,2.0,1.4,35.53,3.4,69.0,4.2,4.6,63.0,CENTRO,3
2.89,17.0,1.7,1.3,36.07,3.0,71.0,5.1,5.3,62.0,CENTRO,4
2.87,17.0,1.6,1.1,35.7,2.7,65.0,4.2,3.9,49.0,CENTRO,5
2.95,14.0,3.2,2.5,39.16,5.7,63.0,7.9,3.8,49.0,CENTRO,6
3.09,11.0,3.5,2.7,41.48,6.1,76.0,6.9,2.8,58.0,CENTRO,7
3.28,11.0,3.6,2.7,43.09,6.3,87.0,5.6,3.2,54.0,CENTRO,8
3.31,15.0,2.7,2.6,44.78,5.3,107.0,5.1,3.1,59.0,CENTRO,9
3.27,22.0,2.3,2.8,51.34,5.1,102.0,5.3,5.1,31.0,CENTRO,10
3.37,31.0,1.8,3.4,54.63,5.2,118.0,5.2,5.2,43.0,CENTRO,11
3.29,39.0,1.8,3.8,59.31,5.6,131.0,6.7,7.8,64.0,CENTRO,12
3.11,47.0,1.4,3.0,56.44,4.4,132.0,10.2,8.2,71.0,CENTRO,13
3.07,52.0,1.1,1.6,53.98,2.8,119.0,6.5,7.9,73.0,CENTRO,14
2.99,52.0,1.1,1.9,44.16,3.1,130.0,5.7,9.7,2.0,CENTRO,15
2.89,51.5,1.2,1.3,17.37,2.6,129.0,3.3,10.1,241.0,CENTRO,16
3.03,48.0,1.4,2.4,18.18,3.8,47.0,3.2,9.0,259.0,CENTRO,17
3.04,43.0,1.4,2.3,16.79,3.6,32.0,3.1,5.3,231.0,CENTRO,18
3.1,37.0,1.3,2.9,18.25,4.2,27.0,3.2,1.3,272.0,CENTRO,19
3.26,33.0,1.7,4.4,21.98,6.2,44.0,3.3,1.8,227.0,CENTRO,20
3.11,31.0,1.4,3.2,22.29,4.5,48.0,3.5,0.9,268.0,CENTRO,21
3.25,30.0,1.8,4.3,26.84,6.1,43.0,3.8,2.0,205.0,CENTRO,22
3.26,26.0,2.0,3.9,27.75,6.0,57.0,4.0,1.0,346.0,CENTRO,23
3.4,25.0,3.0,4.2,27.3,7.1,50.0,3.7,1.4,80.0,CENTRO,0
3.07,23.0,1.5,3.3,27.89,4.8,46.0,4.0,4.3,64.0,CENTRO,1
3.05,23.0,1.2,2.4,25.68,3.7,62.0,3.5,3.9,45.0,CENTRO,2
2.85,18.0,1.1,1.0,19.41,2.1,43.0,3.9,4.8,75.0,CENTRO,3
2.9,17.0,1.4,1.5,23.68,3.0,24.0,4.2,3.2,37.0,CENTRO,4
2.93,17.0,1.7,2.0,21.87,3.7,32.0,4.3,2.9,21.0,CENTRO,5
2.99,14.0,2.1,2.1,21.27,4.3,36.0,4.7,1.6,36.0,CENTRO,6
3.09,11.0,3.9,2.3,24.61,6.2,39.0,4.4,1.4,24.0,CENTRO,7
3.16,11.0,3.9,2.2,22.91,6.1,43.0,4.7,1.6,71.0,CENTRO,8
3.26,15.0,4.4,2.4,24.12,6.8,40.0,4.8,4.7,84.0,CENTRO,9
3.22,22.0,4.6,2.7,25.64,7.2,62.0,8.2,5.1,69.0,CENTRO,10
3.17,31.0,2.7,2.9,27.46,5.5,81.0,6.9,5.8,25.0,CENTRO,11
3.11,39.0,2.0,3.0,36.34,5.0,56.0,8.0,7.9,40.0,CENTRO,12
2.98,47.0,1.3,1.2,35.72,2.5,61.0,6.1,11.0,76.0,CENTRO,13
2.93,52.0,1.2,0.9,37.1,2.1,42.0,6.3,12.1,82.0,CENTRO,14
2.91,52.0,1.2,0.8,27.07,2.0,44.0,4.6,11.6,89.0,CENTRO,15
2.89,51.5,1.4,0.8,27.17912087912088,2.1,25.0,4.9,10.8,131.0,CENTRO,16
2.88,48.0,1.4,0.7,27.28824175824176,2.1,20.0,4.3,9.3,162.0,CENTRO,17
2.92,43.0,1.5,1.1,27.397362637362637,2.5,40.0,4.0,8.6,123.0,CENTRO,18
2.94,37.0,1.3,1.1,27.506483516483517,2.4,32.0,3.1,8.7,106.0,CENTRO,19
2.94,33.0,1.2,0.8,18.425,2.1,25.0,3.0,5.3,157.0,CENTRO,20
2.89,31.0,1.2,0.6,18.445,1.8,21.0,2.8,6.8,114.0,CENTRO,21
2.88,30.0,1.2,0.6,18.11,1.8,14.0,2.8,3.2,44.0,CENTRO,22
2.92,26.0,1.3,1.1,18.87,2.4,3.0,2.95,4.7,90.0,CENTRO,23
3.35,25.0,2.8,2.6,18.81,5.3,3.6666666666666665,3.1,4.8,21.0,CENTRO,0
2.95,23.0,1.5,1.3,19.35,2.8,4.333333333333333,3.1,4.9,74.0,CENTRO,1
2.89,23.0,1.5,1.1,20.58,2.5,5.0,3.3,5.8,49.0,CENTRO,2
2.97,18.0,2.4,2.2,22.252,4.6,7.0,4.2,5.4,37.0,CENTRO,3
2.98,17.0,2.3,2.2,22.89,4.6,36.0,3.4,4.7,14.0,CENTRO,4
2.92,17.0,3.0,1.7,23.005000000000003,4.7,30.333333333333332,5.4,4.1,70.0,CENTRO,5
2.93,14.0,1.8,1.0,23.381666666666668,2.8,24.666666666666668,3.8,2.7,120.0,CENTRO,6
2.98,11.0,1.9,1.5,24.314999999999998,3.4,19.0,3.3,3.8,109.0,CENTRO,7
3.0,11.0,2.1,1.5,26.27,3.6,13.333333333333334,3.2,5.2,110.0,CENTRO,8
3.03,15.0,2.4,1.8,28.94,4.1,7.666666666666668,3.1,7.2,76.0,CENTRO,9
3.31,22.0,2.2,1.3,30.36,3.5,2.0,2.9,4.6,358.0,CENTRO,10
3.19,31.0,2.8,1.5,31.595,4.3,38.0,2.9,6.8,17.0,CENTRO,11
2.98,39.0,2.3,1.4,31.630000000000003,3.8,35.25,2.7,6.6,15.0,CENTRO,12
3.02,47.0,2.0,1.5,29.5,3.5,32.5,2.9,10.5,99.0,CENTRO,13
2.93,52.0,1.6,0.8,25.7,2.4,29.75,2.8,7.1,112.0,CENTRO,14
3.04,52.0,1.6,1.4,24.59,3.0,27.0,2.6,4.9,54.0,CENTRO,15
3.01,51.5,1.3,1.3,21.97,2.7,49.5,2.6,5.5,71.0,CENTRO,16
2.96,48.0,1.4,1.0,20.11,2.3,43.0,2.7,6.0,85.0,CENTRO,17
2.98,43.0,1.4,1.2,19.44,2.6,41.47,2.7,4.6,69.0,CENTRO,18
2.91,37.0,1.1,0.7,18.34,1.9,16.0,2.75,2.5,100.0,CENTRO,19
2.98,33.0,1.1,1.2,18.425,2.4,13.25,2.8,5.7,103.0,CENTRO,20
2.98,31.0,1.1,1.1,18.445,2.3,10.5,2.7,8.1,79.0,CENTRO,21
2.96,30.0,1.2,1.4,18.11,2.7,7.749999999999999,4.5,5.8,57.0,CENTRO,22
3.0,26.0,1.2,1.4,18.87,2.7,5.0,6.5,3.1,75.0,CENTRO,23
3.01,25.0,1.1,1.2,18.81,2.4,9.0,4.0,4.8,89.0,CENTRO,0
2.87,23.0,1.1,0.5,19.35,1.6,8.909090909090908,3.8,5.1,73.0,CENTRO,1
2.87,23.0,1.1,0.4,20.58,1.5,8.818181818181818,3.3,6.6,71.0,CENTRO,2
2.87,18.0,1.1,0.6,22.252,1.7,8.727272727272727,2.9,3.3,40.0,CENTRO,3
2.87,17.0,1.5,1.3,22.89,2.7,8.636363636363637,3.2,3.4,56.0,CENTRO,4
2.91,17.0,1.2,2.0,23.005000000000003,3.3,37.84,3.2,1.9,25.0,CENTRO,5
2.92,14.0,1.2,1.6,23.381666666666668,2.8,39.0,2.9,2.2,77.0,CENTRO,6
2.98,11.0,1.3,1.8,24.314999999999998,3.2,8.363636363636363,3.0,4.6,96.0,CENTRO,7
2.94,11.0,1.2,1.0,26.27,2.2,8.272727272727273,2.8,4.9,67.0,CENTRO,8
2.95,15.0,1.4,1.0,28.94,2.4,8.181818181818182,2.7,2.9,56.0,CENTRO,9
2.93,22.0,1.5,1.0,30.36,2.5,8.090909090909092,2.8,3.4,46.0,CENTRO,10
2.97,31.0,1.5,1.0,31.595,2.5,8.0,2.9,7.7,73.0,CENTRO,11
2.98,39.0,1.4,1.0,31.630000000000003,2.4,11.0,2.6,7.1,82.0,CENTRO,12
3.0,47.0,1.9,1.6,29.5,3.5,12.847826086956522,3.1,6.1,56.0,CENTRO,13
2.97,52.0,2.8,2.0,25.7,4.8,14.695652173913043,4.8,5.3,53.0,CENTRO,14
2.98,52.0,2.1,2.5,24.59,4.6,16.543478260869566,5.7,4.7,42.0,CENTRO,15
3.04,51.5,1.5,1.3,21.97,2.8,18.391304347826086,3.6,5.1,19.0,CENTRO,16
3.03,48.0,1.7,1.8,20.11,3.5,43.0,3.9,6.9,48.0,CENTRO,17
2.97,43.0,1.5,1.7,19.44,3.1,41.47,3.8,7.6,60.0,CENTRO,18
2.99,37.0,1.4,1.1,18.34,2.5,39.0,3.5,6.1,67.0,CENTRO,19
3.01,33.0,1.3,1.4,18.425,2.8,36.0,3.3,4.8,74.0,CENTRO,20
3.04,31.0,1.3,1.3,18.445,2.6,36.0,3.2,6.2,89.0,CENTRO,21
2.97,30.0,1.3,0.9,18.11,2.2,34.0,3.2,3.9,96.0,CENTRO,22
2.86,26.0,1.2,0.3,18.87,1.5,33.8,3.0,5.1,101.0,CENTRO,23
2.84,25.0,1.1,0.3,18.81,1.4,34.665,2.8,6.2,113.0,CENTRO,0
2.81,23.0,1.1333333333333333,0.19999999999999998,19.35,1.3333333333333333,33.0,2.8,7.5,145.0,CENTRO,1
2.81,23.0,1.1666666666666667,0.09999999999999999,20.58,1.2666666666666666,34.39,2.7,6.4,132.0,CENTRO,2
2.83,18.0,1.2,0.0,22.252,1.2,37.1,2.7,3.4,60.0,CENTRO,3
2.97,17.0,1.3,1.4,22.89,2.7,37.5,2.8,3.7,28.0,CENTRO,4
2.97,17.0,1.5,2.2,23.005000000000003,3.6,37.84,2.9,3.5,17.0,CENTRO,5
3.04,14.0,2.8,2.5,23.381666666666668,5.3,39.0,3.4,1.4,321.0,CENTRO,6
3.26,11.0,4.7,2.3,24.314999999999998,7.0,41.14,3.0,0.8,3.0,CENTRO,7
3.5,11.0,6.7,2.8,26.27,9.5,46.504999999999995,3.2,2.4,27.0,CENTRO,8
3.59,15.0,6.5,3.0,28.94,9.5,55.0,3.0,3.9,62.0,CENTRO,9
3.27,22.0,3.9,2.9,30.36,6.8,62.0,3.6,5.0,55.0,CENTRO,10
3.2,31.0,3.6,2.8,31.595,6.4,66.0,4.1,5.7,59.0,CENTRO,11
3.15,39.0,3.6,3.8,31.630000000000003,7.3,68.0,6.3,6.1,12.0,CENTRO,12
3.09,47.0,1.8,2.4,29.5,4.1,62.0,5.0,4.2,356.0,CENTRO,13
2.97,52.0,1.2,0.9,25.7,2.2,58.0,3.6,5.0,101.0,CENTRO,14
2.93,52.0,1.2,0.7,24.59,1.9,54.0,3.2,7.9,110.0,CENTRO,15
2.94,51.5,1.3,0.7,21.97,2.0,49.5,2.9,7.1,159.0,CENTRO,16
2.99,48.0,1.5,1.1,20.11,2.6,43.0,2.9,6.7,147.0,CENTRO,17
3.01,43.0,2.5,1.2,19.44,3.8,41.47,2.7,6.1,139.0,CENTRO,18
2.96,4.974193548387097,1.9,0.9,18.34,2.8,39.0,2.7,7.0,132.0,CENTRO,19
2.95,4.980645161290322,1.5,0.9,18.425,2.4,36.0,2.6,5.8,117.0,CENTRO,20
2.95,4.987096774193549,1.4,1.0,18.445,2.3,36.0,2.6,3.0,113.0,CENTRO,21
2.98,4.993548387096774,1.4,1.4,18.11,2.8,34.0,2.7,1.0,190.0,CENTRO,22
3.09,5.0,1.4,2.0,18.87,3.4,33.8,2.7,0.8,186.0,CENTRO,23
3.15,4.0,1.2,1.9,18.81,3.2,34.665,2.65,1.7,80.0,CENTRO,0
3.09,4.0,1.2,2.0,19.35,3.2,33.0,2.6,2.3,360.0,CENTRO,1
2.98,4.0,1.2,1.4,20.58,2.6,34.39,2.7,3.1,54.0,CENTRO,2
2.93,4.017543859649122,2.1,0.7,22.252,2.8,37.1,2.6,2.7,27.0,CENTRO,3
2.92,4.035087719298246,2.0,0.9,22.89,2.9,37.5,2.6,2.3,23.0,CENTRO,4
2.93,4.052631578947368,1.6,1.1,23.005000000000003,2.7,37.84,2.7,3.3,64.0,CENTRO,5
2.99,4.0701754385964914,1.7,1.5,36.56351648351648,3.2,88.60869565217392,2.7,3.7,87.0,CENTRO,6
3.1,11.0,2.4,1.6,36.67263736263736,4.0,90.45652173913044,2.75,4.1,105.0,CENTRO,7
3.23,11.0,3.4,1.7,36.78175824175824,5.0,92.30434782608695,2.8,4.3,79.0,CENTRO,8
3.32,15.0,4.4,1.7,36.89087912087912,6.2,94.15217391304348,2.9,5.2,81.0,CENTRO,9
3.36,22.0,5.2,2.2,37.0,7.5,96.0,3.6,5.8,62.0,CENTRO,10
3.33,31.0,4.8,3.2,31.0,8.0,119.0,5.8,5.1,65.0,CENTRO,11
3.31,39.0,2.9,3.9,39.0,6.8,111.0,5.4,6.0,74.0,CENTRO,12
3.23,47.0,1.6,2.8,30.0,4.3,75.0,4.8,7.8,92.0,CENTRO,13
3.2,52.0,1.4,3.0,30.0,4.4,79.0,4.6,7.2,71.0,CENTRO,14
3.17,52.0,1.1,1.8,24.0,3.0,97.0,3.5,6.9,120.0,CENTRO,15
3.21,51.5,1.1,1.8,24.0,3.0,90.0,2.9,4.4,112.0,CENTRO,16
3.23,48.0,1.2,2.0,12.0,3.3,52.0,2.7,6.7,125.0,CENTRO,17
3.12,43.0,1.3,1.5,13.0,2.8,69.0,2.7,6.4,134.0,CENTRO,18
3.04,37.0,1.1,1.0,13.0,2.2,52.0,2.65,7.0,125.0,CENTRO,19
3.05,33.0,1.0,1.1,16.0,2.2,56.0,2.6,8.4,134.0,CENTRO,20
2.99,31.0,1.1,0.9,15.0,2.0,43.0,2.7,3.5,136.0,CENTRO,21
3.05,30.0,2.1,1.2,15.0,3.4,55.0,2.6,2.4,21.0,CENTRO,22
3.02,26.0,1.6,1.1,14.5,2.7,57.0,2.6,3.9,45.0,CENTRO,23
2.94,25.0,1.5,0.5,14.0,2.0,73.0,2.6500000000000004,5.4,76.0,CENTRO,0
2.93,23.0,1.5,1.0,19.0,2.4,80.0,2.7,4.8,55.0,CENTRO,1
2.92,23.0,1.4,0.5,31.0,1.8,84.0,2.7,6.8,60.0,CENTRO,2
2.91,18.0,1.3,0.3,22.0,1.6,67.0,2.8,7.0,60.0,CENTRO,3
2.9,17.0,1.2,0.2,17.0,1.4,47.0,2.7,6.4,73.0,CENTRO,4
2.91,17.0,1.2,0.5,16.0,1.6,67.0,2.7,5.8,83.0,CENTRO,5
2.93,14.0,1.3,0.9,18.0,2.2,65.0,3.066666666666667,5.6,59.0,CENTRO,6
3.05,11.0,2.0,1.7,20.0,3.6,72.0,3.433333333333333,4.6,67.0,CENTRO,7
3.19,11.0,4.4,2.0,26.0,6.5,100.0,3.8,3.6,68.0,CENTRO,8
3.36,15.0,4.0,2.2,29.0,6.2,112.0,3.4,4.7,32.0,CENTRO,9
3.36,22.0,4.3,2.3,29.0,6.6,108.0,3.4,5.4,83.0,CENTRO,10
3.3,31.0,4.2,2.5,34.0,6.7,105.0,4.6,5.0,47.0,CENTRO,11
3.29,39.0,2.1,2.3,33.0,4.4,101.0,3.9,4.3,12.0,CENTRO,12
3.29,47.0,1.6,3.1,36.08,4.7,123.0,3.8,6.1,62.0,CENTRO,13
2.33,52.0,1.6,2.7,35.78,4.4,77.0,3.9,5.8,25.0,CENTRO,14
1.74,52.0,1.3,1.6,34.938,3.0,31.0,3.7,4.4,345.0,CENTRO,15
1.88,51.5,1.4,2.5,34.096000000000004,3.9,23.0,5.2,3.7,352.0,CENTRO,16
1.95,48.0,1.5,3.6,33.254,5.1,26.0,5.4,1.3,255.0,CENTRO,17
2.03,43.0,1.6,4.5,32.412,6.0,38.0,5.7,3.8,52.0,CENTRO,18
1.97,37.0,1.2,3.0,31.57,4.2,47.0,3.9,5.4,63.0,CENTRO,19
1.98,33.0,1.4,2.0,17.1,3.4,23.0,2.9,5.8,35.0,CENTRO,20
1.73,31.0,1.2,1.7,13.41,2.9,15.0,2.7,6.4,16.0,CENTRO,21
1.84,30.0,1.2,1.4,9.82,2.6,11.333333333333332,2.7,7.1,58.0,CENTRO,22
1.73,26.0,1.1,1.0,8.58,2.1,7.666666666666666,2.5,4.9,66.0,CENTRO,23
1.72,25.0,1.2,1.3,8.84,2.6,4.0,2.7,6.3,90.0,CENTRO,0
1.68,23.0,1.5,1.5,9.1,3.1,4.2727272727272725,2.8,4.6,85.0,CENTRO,1
1.76,23.0,1.2,1.5,8.96,2.7,4.545454545454546,2.7,6.3,84.0,CENTRO,2
1.71,18.0,2.8,2.5,13.81,5.3,4.818181818181818,3.5,4.6,103.0,CENTRO,3
1.64,17.0,2.3,2.3,14.25,4.7,5.090909090909091,3.8,6.2,104.0,CENTRO,4
1.7,17.0,2.2,2.1,12.22,4.3,37.84,3.6,8.9,98.0,CENTRO,5
1.77,14.0,1.7,1.9,10.09,3.6,39.0,3.0,9.1,114.0,CENTRO,6
1.75,4.9298245614035086,2.2,2.2,9.75,4.5,5.909090909090909,3.0,4.8,129.0,CENTRO,7
1.78,4.947368421052632,3.2,2.0,11.48,5.3,6.181818181818182,3.2,5.6,113.0,CENTRO,8
1.91,4.964912280701754,5.6,1.9,14.31,7.5,6.454545454545454,3.7,5.9,103.0,CENTRO,9
1.89,4.982456140350878,5.7,2.0,21.67,7.7,6.7272727272727275,4.5,6.1,116.0,CENTRO,10
2.07,5.0,7.6,2.0,20.54714285714286,9.6,7.0,4.3,5.0,116.0,CENTRO,11
2.24,7.0,5.7,2.4,19.424285714285716,8.0,9.0,3.9,4.4,88.0,CENTRO,12
2.02,9.0,4.3,2.5,18.301428571428573,6.9,14.0,3.5,4.3,120.0,CENTRO,13
2.0,9.0,4.5,2.9,17.17857142857143,7.4,13.0,3.7,3.3,126.0,CENTRO,14
1.94,12.0,3.2,2.8,16.055714285714288,6.0,10.0,3.3,3.4,117.0,CENTRO,15
1.93,12.0,3.4,2.9,14.932857142857143,6.3,3.0,3.7,4.8,105.0,CENTRO,16
1.84,12.0,2.5,2.4,13.81,4.9,26.0,3.5,6.8,67.0,CENTRO,17
1.78,11.0,1.9,2.1,10.95,4.0,31.0,3.0,6.5,47.0,CENTRO,18
1.73,11.0,1.6,1.8,12.015,3.5,2.0,2.8,4.8,51.0,CENTRO,19
1.81,6.0,2.2,2.4,13.08,4.6,2.0,2.7,4.5,85.0,CENTRO,20
1.74,8.0,1.9,2.2,12.51,4.0,2.0,2.8,3.9,73.0,CENTRO,21
1.66,13.0,1.5,1.4,9.85,2.9,2.0,2.8,5.7,46.0,CENTRO,22
1.82,14.0,1.4,1.4,9.68,2.8,2.0,2.6,6.8,91.0,CENTRO,23
1.68,12.0,2.3,1.7,9.51,3.9,27.0,2.9,6.1,96.0,CENTRO,0
1.65,9.0,2.0,2.1,10.985,4.1,6.0,2.9,4.7,109.0,CENTRO,1
1.67,7.0,3.1,2.4,12.46,5.5,7.545454545454546,3.7,2.6,136.0,CENTRO,2
1.65,6.0,2.5,2.4,17.41,4.9,9.090909090909092,3.7,1.2,112.0,CENTRO,3
1.65,6.0,1.5,2.1,12.84,3.7,10.636363636363637,3.2,0.9,165.0,CENTRO,4
1.68,5.0,1.9,2.3,14.02,4.3,12.181818181818182,3.0,1.4,144.0,CENTRO,5
1.79,5.0,7.2,2.3,23.47,9.5,39.0,3.5,1.9,106.0,CENTRO,6
1.96,5.0,7.9,2.35,20.07,10.1,41.14,3.4,1.8,68.0,CENTRO,7
2.19,6.0,7.4,2.4,19.79,9.8,16.81818181818182,3.0,1.6,56.0,CENTRO,8
2.65,7.0,9.8,2.7,30.95,12.5,18.363636363636363,3.1,2.4,34.0,CENTRO,9
2.66,9.0,6.8,2.8,23.08,9.6,19.90909090909091,3.0,2.1,64.0,CENTRO,10
2.43,8.0,6.3,3.3,28.87,9.7,21.454545454545453,3.2,2.5,105.0,CENTRO,11
2.24,10.0,5.7,3.8,28.87666666666667,9.5,23.0,3.5,2.2,118.0,CENTRO,12
2.22,10.0,4.7,4.0,28.883333333333333,8.6,25.0,4.8,3.2,121.0,CENTRO,13
2.08,18.0,2.5,2.9,28.89,5.4,55.0,5.7,2.1,44.0,CENTRO,14
2.03,25.0,1.6,2.2,27.9175,3.9,10.0,3.4,2.9,24.0,CENTRO,15
2.15,12.0,3.2,3.8,26.945,7.0,28.0,3.6,2.5,108.0,CENTRO,16
2.16,11.0,2.6,3.9,25.9725,6.6,16.0,3.6,2.3,134.0,CENTRO,17
2.14,8.0,2.8,3.9,25.0,6.8,36.0,3.3,3.5,157.0,CENTRO,18
1.97,12.0,1.6,3.4,23.48,5.0,27.0,3.0,5.1,132.0,CENTRO,19
2.11,8.0,1.8,4.1,20.955,5.9,18.0,3.0,3.9,110.0,CENTRO,20
1.95,5.0,2.9,3.1,18.43,6.0,32.0,3.2,3.6,36.0,CENTRO,21
1.87,5.0,2.5,2.8,17.506666666666668,5.2,7.0,3.2,2.7,26.0,CENTRO,22
1.82,5.0,1.9,2.8,16.583333333333332,4.7,6.0,3.0,1.9,354.0,CENTRO,23
1.86,6.0,1.9,2.9,15.66,4.8,71.85,3.2,2.5,10.0,CENTRO,0
1.83,7.0,1.4,2.4,12.94,3.9,63.26,3.1,1.9,74.0,CENTRO,1
1.95,5.0,2.1,2.6,19.14,4.7,67.94,3.1,1.3,71.0,CENTRO,2
2.09,5.0,2.3,2.6,23.63,4.8,64.36,2.9,1.0,41.0,CENTRO,3
2.08,5.0,2.7,1.9,22.69,4.6,67.68,2.9,0.9,290.0,CENTRO,4
1.98,5.25,3.6,2.0,21.57,5.7,71.16,2.8,1.0,264.0,CENTRO,5
2.0,5.5,4.6,2.1,22.9,6.6,80.08,2.9,1.1,278.0,CENTRO,6
2.1,5.75,5.9,2.1,20.88,8.0,95.89,2.9,1.0,326.0,CENTRO,7
2.22,6.0,7.0,2.6,19.88,9.6,96.14,3.1,0.9,13.0,CENTRO,8
2.3,7.0,6.8,3.2,32.57,10.0,115.4,3.8,1.1,10.0,CENTRO,9
2.37,9.0,6.6,3.8,36.4,10.4,122.91,4.1,1.3,77.0,CENTRO,10
2.52,18.0,6.9,5.7,43.31,12.5,139.76,4.8,3.1,52.0,CENTRO,11
2.13,23.0,4.3,5.4,45.22,9.6,138.7,6.3,4.7,72.0,CENTRO,12
1.94,45.0,2.1,2.9,31.26,4.9,101.55,4.8,7.2,92.0,CENTRO,13
1.92,62.0,1.7,2.0,29.33,3.8,82.88,3.9,6.3,94.0,CENTRO,14
1.85,64.0,1.6,1.6,28.3,3.3,80.31,3.5,6.5,102.0,CENTRO,15
1.73,57.0,1.5,1.0,24.21,2.5,88.79,3.4,7.3,98.0,CENTRO,16
1.74,57.0,1.5,0.9,27.83,2.5,82.87,3.2,8.1,86.0,CENTRO,17
1.77,52.0,1.5,1.2,31.65,2.7,86.21,3.2,7.6,101.0,CENTRO,18
1.75,49.0,1.5,0.9,33.19,2.5,95.28,3.1,7.7,130.0,CENTRO,19
1.81,44.0,1.5,1.3,32.81,2.8,76.86,2.9,5.6,118.0,CENTRO,20
1.81,41.0,1.5,1.1,31.47,2.6,71.21,2.9,4.4,121.0,CENTRO,21
1.78,37.0,1.5,1.1,28.1,2.6,67.48,2.7,1.7,184.0,CENTRO,22
1.85,25.0,1.7,1.5,26.38,3.1,58.6,2.7,1.1,267.0,CENTRO,23
1.96,14.0,1.5,2.2,28.0,3.7,100.73,2.65,1.7,220.0,CENTRO,0
2.0,9.0,1.7,2.6,26.68,4.3,94.4,2.6,0.9,200.0,CENTRO,1
2.08,6.0,1.8,3.0,29.76,4.9,97.01,2.7,0.9,280.0,CENTRO,2
2.15,5.0,2.2,2.7,29.45,4.9,87.9,2.6,1.0,177.0,CENTRO,3
2.1,6.0,2.0,2.5,27.3,4.5,97.55,2.6,1.3,229.0,CENTRO,4
1.88,10.0,1.5,1.9,22.79,3.4,79.18,2.7,2.3,225.0,CENTRO,5
1.81,13.0,1.5,1.6,21.76,3.0,82.13,3.0,2.5,243.0,CENTRO,6
1.81,11.0,1.6,1.9,21.03,3.4,71.59,3.1,2.7,250.0,CENTRO,7
1.79,17.0,1.6,1.6,19.67,3.3,62.85,3.7,3.4,239.0,CENTRO,8
1.89,18.0,2.1,2.0,21.06,4.1,78.36,4.3,1.8,215.0,CENTRO,9
2.24,29.0,1.8,2.3,25.31,4.2,98.6,5.4,1.3,31.0,CENTRO,10
2.15,38.0,2.3,3.6,30.84,5.9,108.9,9.3,3.1,53.0,CENTRO,11
1.86,55.0,1.7,2.8,27.58,4.5,100.82,8.6,4.7,86.0,CENTRO,12
1.78,73.0,1.4,1.8,27.85,3.2,76.98,6.9,4.9,80.0,CENTRO,13
1.87,74.0,1.4,1.3,28.54,2.7,83.77,4.5,7.0,17.0,CENTRO,14
1.79,66.0,1.4,1.5,25.16,2.9,64.52,5.5,7.0,61.0,CENTRO,15
1.75,65.0,1.3,0.8,19.64,2.0,74.84,3.7,7.2,109.0,CENTRO,16
1.8,51.0,1.3,1.2,19.61,2.5,75.55,3.4,7.7,41.0,CENTRO,17
1.93,46.0,1.3,1.2,21.63,2.6,83.41,3.6,4.3,360.0,CENTRO,18
1.8,48.0,1.3,1.4,20.02,2.7,91.7,3.0,2.4,225.0,CENTRO,19
1.85,39.0,1.3,1.3,21.61,2.6,78.48,3.0,3.3,279.0,CENTRO,20
1.89,29.0,1.2,2.0,20.8,3.3,80.28,2.9,3.2,231.0,CENTRO,21
1.98,22.0,1.3,2.4,21.38,3.7,65.74,2.9,2.1,254.0,CENTRO,22
2.01,17.0,1.3,2.8,24.01,4.1,76.77,3.15,1.6,332.0,CENTRO,23
1.92,22.0,1.4,2.7,24.35,4.1,88.17,3.4,7.7,33.0,CENTRO,0
1.71,33.0,1.2,1.0,14.68,2.3,66.64,3.0,8.0,35.0,CENTRO,1
1.7,29.0,1.2,0.6,13.48,1.8,74.32,2.6,2.8,88.0,CENTRO,2
1.71,22.0,1.1,0.8,13.53,2.0,71.33,2.6,1.7,144.0,CENTRO,3
1.78,15.0,1.2,1.8,16.65,3.1,95.46,2.8,3.0,62.0,CENTRO,4
1.73,28.0,1.1,0.9,14.26,2.0,78.34,2.7,5.4,37.0,CENTRO,5
1.85,22.0,1.3,1.4,14.58,2.7,92.46,2.6,2.7,174.0,CENTRO,6
1.98,16.0,2.0,2.4,13.91,4.5,68.73,2.5,2.2,185.0,CENTRO,7
2.11,8.0,3.4,3.5,13.01,6.8,51.96,2.6,1.9,245.0,CENTRO,8
2.04,16.0,2.1,2.9,13.03,5.0,72.05,2.5,4.6,141.0,CENTRO,9
2.0,20.0,2.1,2.7,13.43,4.8,84.23,2.6,2.2,38.0,CENTRO,10
2.07,21.0,2.7,3.4,21.19,6.1,97.02,3.0,3.0,48.0,CENTRO,11
2.08,30.0,2.0,2.6,24.82,4.6,90.97,3.3,2.8,284.0,CENTRO,12
2.01,31.0,1.8,2.7,23.92,4.5,101.2,3.1,5.1,245.0,CENTRO,13
1.98,38.0,1.6,2.1,20.41,3.7,96.24,3.1,6.4,210.0,CENTRO,14
1.91,33.0,1.5,1.4,11.99,2.8,76.58,2.7,6.4,238.0,CENTRO,15
1.91,29.0,1.7,1.7,12.31,3.4,57.86,2.6,3.1,206.0,CENTRO,16
1.9,30.0,1.5,1.9,12.02,3.4,71.93,2.6,5.6,46.0,CENTRO,17
2.09,15.0,2.0,3.2,11.21,5.1,67.65,2.566666666666667,2.9,153.0,CENTRO,18
2.01,24.0,1.3,2.0,11.17,3.3,75.53,2.533333333333333,2.0,85.0,CENTRO,19
2.05,19.0,1.2,2.3,11.34,3.5,68.37,2.5,1.2,216.0,CENTRO,20
1.91,21.0,1.3,1.9,10.74,3.2,69.93,2.5,2.9,345.0,CENTRO,21
1.8,21.0,1.2,1.2,8.79,2.4,62.14,2.466666666666667,1.0,164.0,CENTRO,22
1.78,19.0,1.3,0.9,9.03,2.3,60.17,2.433333333333333,0.9,254.0,CENTRO,23
1.73,24.0,1.1,0.8,9.12,1.9,54.61,2.4,1.1,307.0,CENTRO,0
1.7,30.0,1.2,0.5,9.5,1.6,58.68,2.5,2.6,218.0,CENTRO,1
1.69,29.0,1.2,0.3,8.61,1.5,52.61,2.5,1.0,245.0,CENTRO,2
1.7,25.0,1.1,0.5,9.73,1.5,72.7,2.4,1.4,268.0,CENTRO,3
1.75,17.0,1.5,0.8,10.57,2.2,65.65,2.5,0.9,233.0,CENTRO,4
1.77,12.0,1.2,1.1,9.98,2.4,64.88,2.5,0.9,167.0,CENTRO,5
1.98,8.0,1.7,1.8,10.21,3.5,59.69,2.5500000000000003,0.9,280.0,CENTRO,6
2.15,6.0,4.3,2.5,11.42,6.8,69.75,2.6,1.95,236.5,CENTRO,7
2.27,7.0,4.7,3.2,12.61,7.9,47.41,2.7,3.0,193.0,CENTRO,8
2.04,12.0,2.4,2.9,12.88,5.3,65.36,2.7,1.1,275.0,CENTRO,9
2.2,13.0,3.4,3.5,16.44,6.9,76.56,2.65,1.0,72.0,CENTRO,10
1.99,22.0,2.2,2.2,12.17,4.4,71.52,2.6,4.3,341.0,CENTRO,11
1.81,32.0,1.4,0.9,8.02,2.3,89.15,2.5,1.7,302.0,CENTRO,12
1.78,35.0,1.4,0.9,6.51,2.4,67.19,2.6,1.9,247.0,CENTRO,13
1.83,42.0,1.4,1.0,10.36,2.4,82.52,2.6,2.8,288.0,CENTRO,14
1.8,41.0,1.3,1.0,10.87,2.3,71.64,2.8000000000000003,5.1,332.0,CENTRO,15
1.77,40.0,1.4,0.7,10.0,2.1,56.48,3.0,4.2,308.0,CENTRO,16
1.79,41.0,1.4,1.0,12.14,2.4,80.74,3.2,3.2,227.0,CENTRO,17
1.91,35.0,1.4,1.6,13.24,3.0,80.37,3.4,2.3,331.0,CENTRO,18
1.91,19.0,2.2,3.1,18.21,5.3,83.58,3.6,5.8,49.0,CENTRO,19
1.99,19.0,1.3,2.3,18.38,3.6,81.79,2.9,4.3,220.0,CENTRO,20
1.92,17.0,1.2,1.9,17.22,3.2,68.01,2.6,1.7,193.0,CENTRO,21
1.96,14.0,1.3,2.0,18.87,3.4,64.03,2.6,1.8,233.0,CENTRO,22
2.0,11.0,1.3,1.9,21.49,3.1,83.99,2.6999999999999997,1.5,168.0,CENTRO,23
1.87,19.0,1.2,1.5,19.77,2.8,29.0,2.8,3.0,223.0,CENTRO,0
1.87,18.0,1.1,1.6,19.72,2.8,25.0,3.0,1.9,287.0,CENTRO,1
1.93,14.0,1.4,1.9,20.22,3.4,35.0,2.9,3.0,235.0,CENTRO,2
1.75,24.0,1.1,0.9,17.61,2.0,41.0,3.3,2.3,272.0,CENTRO,3
1.85,13.0,1.3,1.7,19.33,3.1,32.0,3.1,1.1,254.0,CENTRO,4
1.8,17.0,1.2,1.2,19.04,2.4,38.0,3.2,1.2,328.0,CENTRO,5
1.81,15.0,1.2,1.2,18.27,2.4,39.0,3.1,1.2,295.0,CENTRO,6
1.91,8.0,1.8,2.4,18.56,4.2,32.0,3.5,1.5,347.0,CENTRO,7
1.88,10.0,1.8,2.4,17.94,4.2,38.0,3.9,1.9,273.0,CENTRO,8
1.96,12.0,2.4,2.3,18.87,4.7,41.0,3.9,2.0,317.0,CENTRO,9
1.98,27.0,2.1,2.4,23.1,4.6,42.0,5.0,2.7,242.0,CENTRO,10
1.97,47.0,1.6,2.3,26.01,4.0,50.0,4.3,5.8,58.0,CENTRO,11
1.81,62.0,1.3,1.0,21.11,2.2,49.0,3.6,5.6,31.0,CENTRO,12
1.77,68.0,1.2,1.1,22.54,2.3,39.0,4.4,5.9,79.0,CENTRO,13
1.74,69.0,1.3,1.4,23.25,2.7,37.0,5.4,5.6,100.0,CENTRO,14
1.75,71.0,1.3,1.3,23.58,2.6,36.0,4.9,5.4,55.0,CENTRO,15
1.78,71.0,1.2,1.0,26.68,2.3,39.0,4.0,7.1,103.0,CENTRO,16
1.78,65.0,1.2,1.0,18.18,2.2,37.0,3.2,8.4,94.0,CENTRO,17
1.79,54.0,1.2,1.1,17.16,2.4,34.0,2.9,8.3,99.0,CENTRO,18
1.76,49.0,1.2,0.7,16.21,2.0,33.0,2.8,6.2,147.0,CENTRO,19
1.77,45.0,1.2,0.8,16.69,2.0,23.0,2.8,5.6,119.0,CENTRO,20
1.81,36.0,1.2,1.1,16.05,2.3,24.0,2.9,4.7,17.0,CENTRO,21
1.84,18.0,1.3,2.7,17.72,4.0,25.0,3.0,5.4,316.0,CENTRO,22
1.77,29.0,1.2,0.8,17.16,2.0,32.0,2.9,4.4,115.0,CENTRO,23
1.76,32.0,1.2,0.6,18.46,1.7,25.0,2.9,4.2,56.0,CENTRO,0
1.69,41.0,1.2,0.2,13.21,1.4,25.0,2.8,6.8,225.0,CENTRO,1
1.69,37.0,1.1,0.2,10.72,1.3,23.0,2.7,1.2,220.0,CENTRO,2
1.7,30.0,1.2,0.3,11.54,1.5,28.0,2.6,1.0,210.0,CENTRO,3
1.71,28.0,1.1,0.5,12.03,1.6,28.0,2.7,0.9,252.0,CENTRO,4
1.72,24.0,1.2,0.6,12.73,1.7,21.0,2.6,1.0,221.0,CENTRO,5
1.84,14.0,1.5,1.4,14.665000000000001,2.9,13.0,2.7,1.0,177.0,CENTRO,6
2.08,7.0,3.0,2.7,16.6,5.7,32.0,3.0,1.8,266.0,CENTRO,7
2.31,7.0,6.8,2.8,18.99,9.6,46.0,3.2,1.0,237.0,CENTRO,8
2.25,12.0,4.1,3.3,21.18,7.4,54.0,3.9,1.9,262.0,CENTRO,9
2.46,27.0,2.7,3.5,24.33,6.2,45.0,4.7,5.1,22.0,CENTRO,10
1.96,35.0,1.5,1.7,19.7,3.1,53.0,3.2,12.3,13.0,CENTRO,11
1.82,38.0,1.3,1.0,9.48,2.3,55.0,2.8,7.3,328.0,CENTRO,12
1.94,32.0,1.6,1.7,7.4,3.4,23.0,2.7,4.5,215.0,CENTRO,13
1.89,35.0,1.7,1.8,8.54,3.5,18.0,2.7,6.2,225.0,CENTRO,14
1.8,49.0,1.4,1.2,10.0,2.6,19.0,2.9,5.0,54.0,CENTRO,15
1.94,62.0,1.3,1.2,9.44,2.4,23.0,2.9,6.7,29.0,CENTRO,16
1.83,47.0,1.3,1.1,10.14,2.3,28.0,2.8,9.1,10.0,CENTRO,17
1.86,38.0,1.25,1.4,10.29,2.7,32.0,2.6,7.5,240.0,CENTRO,18
1.88,32.0,1.2,1.7,10.92,3.0,24.0,2.6,5.2,262.0,CENTRO,19
1.85,33.0,1.2,1.5,14.8,2.8,29.0,2.7,8.6,13.0,CENTRO,20
1.96,30.0,1.1,1.9,14.89,3.1,37.0,2.6,4.1,130.0,CENTRO,21
1.86,27.0,1.2,1.6,15.35,2.8,27.0,2.7,2.6,224.0,CENTRO,22
1.88,25.0,1.2,1.5,15.98,2.8,33.0,2.6,1.2,208.0,CENTRO,23
1.89,23.0,1.1,1.6,15.89,2.6333333333333333,32.0,2.6,2.5,235.0,CENTRO,0
1.88,20.0,1.1,1.6,17.05,2.4666666666666663,35.0,2.7,2.2,233.0,CENTRO,1
1.81,24.0,1.15,1.1,14.8,2.3,36.0,2.6,2.6,291.0,CENTRO,2
1.96,12.0,1.2,2.3,24.97,3.6,25.0,2.7,1.3,234.0,CENTRO,3
2.16,9.0,1.3,2.7,25.89,4.0,50.0,2.6,1.4,123.0,CENTRO,4
1.98,10.0,1.3,2.6,21.64,3.9,52.0,2.9,0.9,183.0,CENTRO,5
1.99,7.0,1.9,2.7,22.69,4.6,46.0,3.0,1.5,226.0,CENTRO,6
2.14,6.0,3.9,2.8,22.78,6.7,48.0,3.0,1.5,276.0,CENTRO,7
2.29,8.0,4.6,3.3,26.86,8.0,58.0,2.9,2.3,343.0,CENTRO,8
2.36,13.0,3.2,3.3,26.49,6.5,75.0,3.0,6.1,26.0,CENTRO,9
2.04,23.0,1.9,2.3,20.26,4.3,69.0,2.8,5.3,337.0,CENTRO,10
2.14,24.0,2.2,3.0,24.13,5.2,39.0,2.9,4.4,305.0,CENTRO,11
1.87,40.0,1.5,1.5,19.7,3.0,48.0,2.9,6.6,336.0,CENTRO,12
2.0,34.0,1.8,1.9,15.27,3.7,31.0,2.7,5.5,243.0,CENTRO,13
2.02,36.0,2.1,3.1,21.51,5.3,30.0,2.8,6.1,242.0,CENTRO,14
1.92,44.0,1.9,2.4,20.28,4.3,41.0,2.9,5.2,238.0,CENTRO,15
1.9,49.0,1.8,2.0,17.51,3.8,41.0,2.9,3.8,217.0,CENTRO,16
1.91,42.0,2.0,2.2,15.41,4.2,32.0,2.7,1.4,227.0,CENTRO,17
1.88,41.0,2.0,2.1,14.21,4.0,26.0,2.8,3.7,25.0,CENTRO,18
2.08,29.0,2.1,3.0,16.29,5.1,29.0,2.7,7.4,21.0,CENTRO,19
1.94,32.0,2.0,2.2,12.92,4.2,43.0,2.7,5.0,237.0,CENTRO,20
1.86,31.0,2.0,2.4,15.76,4.5,32.0,2.9,6.6,97.0,CENTRO,21
1.85,31.0,1.8,1.8,14.96,3.6,27.0,2.8,3.2,225.0,CENTRO,22
1.87,30.0,1.5,1.9,16.51,3.4,26.0,2.7,5.5,230.0,CENTRO,23
1.87,30.0,1.3,1.6,15.0,2.8,26.0,2.9,2.5,258.0,CENTRO,0
1.86,28.0,1.1,1.4,13.16,2.6,27.0,3.1,3.1,229.0,CENTRO,1
1.83,28.0,1.1,1.1,12.52,2.3,28.0,3.5,2.6,235.0,CENTRO,2
1.98,21.0,1.12,2.0,20.73,3.1,24.0,3.1,4.2,336.0,CENTRO,3
1.91,27.0,1.1400000000000001,1.3,21.1,2.4,40.0,2.7,5.1,235.0,CENTRO,4
1.87,24.0,1.16,1.4,19.88,2.7,38.0,2.8,4.7,239.0,CENTRO,5
1.88,20.0,1.18,1.5,19.04,2.7,37.0,2.8,1.7,229.0,CENTRO,6
1.95,18.0,1.2,2.0,17.07,3.3,34.0,3.1,1.1,258.0,CENTRO,7
2.43,10.0,4.1,4.1,23.36,8.2,29.0,3.1,1.8,359.0,CENTRO,8
2.61,32.0,1.7,2.7,22.82,4.5,46.0,3.05,4.8,48.0,CENTRO,9
2.08,50.0,1.2,1.5,23.75,2.8,50.0,3.0,4.9,87.0,CENTRO,10
2.04,65.0,1.1,1.7,28.03,2.8,45.0,3.0,3.5,112.0,CENTRO,11
2.05,81.0,1.1,1.5,30.79,2.7,48.0,2.8,3.7,181.0,CENTRO,12
1.94,82.0,1.1333333333333333,1.1,27.77,2.2,46.0,2.9,5.8,27.0,CENTRO,13
1.89,71.0,1.1666666666666667,0.8,25.21,2.0,41.0,2.8,8.1,24.0,CENTRO,14
1.87,62.0,1.2,1.1,25.88,2.2,39.0,3.1,8.3,45.0,CENTRO,15
1.92,59.0,1.1,0.8,26.89,2.0,43.0,2.9,8.2,13.0,CENTRO,16
1.87,55.0,1.1,0.9,26.97,2.0,42.0,2.9,9.4,14.0,CENTRO,17
1.86,52.0,1.1153846153846154,1.1,25.88,2.25,40.0,3.025,5.4,24.0,CENTRO,18
1.98,44.0,1.1307692307692307,1.3,28.77,2.5,45.0,3.15,2.0,95.0,CENTRO,19
2.01,41.0,1.1461538461538463,1.7,34.1,2.9,43.0,3.275,3.2,53.0,CENTRO,20
2.01,46.0,1.1615384615384616,1.5,34.17,2.7,44.0,3.4,4.8,36.0,CENTRO,21
1.97,45.0,1.6,1.8,35.63,2.9,50.0,3.6,3.8,33.0,CENTRO,22
1.95,44.0,1.6,1.5,33.78,2.7,44.0,3.4,3.1,125.0,CENTRO,23
1.96,38.0,1.6,1.4,33.56,2.6,43.0,2.9,2.3,195.0,CENTRO,0
2.05,29.0,1.6,1.7,34.09,2.9,43.0,2.8,1.9,350.0,CENTRO,1
2.08,30.0,1.2384615384615385,1.7,33.88,2.9,50.0,2.6,1.0,248.0,CENTRO,2
1.95,31.0,1.2538461538461538,1.2,29.19,2.4,49.0,2.7,0.9,242.0,CENTRO,3
2.09,22.0,1.2692307692307694,2.0,33.49,3.1,42.0,2.7,1.1,184.0,CENTRO,4
2.11,16.0,1.2846153846153847,2.6,40.96,3.8,46.0,3.4,2.4,232.0,CENTRO,5
2.06,14.0,1.3,3.2,49.95,4.4,62.0,7.0,3.2,259.0,CENTRO,6
2.25,7.0,1.8,3.8,45.44,5.5,70.0,4.4,1.6,238.0,CENTRO,7
2.65,17.0,2.0,3.6,41.74,5.5,68.0,3.8,1.7,185.0,CENTRO,8
2.17,47.0,1.3,1.8,36.6,3.2,67.0,3.8,2.6,63.0,CENTRO,9
2.05,61.0,1.2,1.3,35.2,2.6,49.0,3.4,3.0,33.0,CENTRO,10
2.02,71.0,1.2,1.2,36.85,2.5,40.0,3.3,3.4,343.0,CENTRO,11
1.92,81.0,1.1,0.8,35.26,1.9,39.0,3.1,4.8,336.0,CENTRO,12
1.88,80.0,1.1,0.6,34.84,1.6,39.0,2.9,7.9,31.0,CENTRO,13
1.93,81.0,1.0916666666666668,0.6,34.88,1.6,44.0,3.0,5.9,12.0,CENTRO,14
1.93,73.0,1.0833333333333335,0.6333333333333333,33.82,1.6666666666666667,44.0,2.9,8.7,24.0,CENTRO,15
1.89,70.0,1.075,0.6666666666666666,33.94,1.7333333333333334,48.0,3.0,8.2,17.0,CENTRO,16
1.91,65.0,1.0666666666666667,0.7,34.08,1.8,47.0,2.9,8.7,17.0,CENTRO,17
1.94,60.0,1.9,0.8,34.13,1.9,50.0,3.0,7.9,23.0,CENTRO,18
1.95,55.0,1.7,1.0,35.37,2.1,47.0,3.1,7.8,23.0,CENTRO,19
2.03,53.0,1.6,1.3,36.76,2.4,46.0,2.9,6.7,44.0,CENTRO,20
2.12,51.0,1.0333333333333334,1.5,39.75,2.6,53.0,2.9,4.8,69.0,CENTRO,21
2.09,40.0,1.025,2.4,39.89,3.5,54.0,3.4,3.9,130.0,CENTRO,22
2.06,38.0,1.0166666666666666,1.8,38.1,2.9,46.0,3.3,2.7,202.0,CENTRO,23
2.04,40.0,1.0083333333333333,1.4,36.64,2.5,40.0,3.1,1.1,244.0,CENTRO,0
1.96,44.0,1.0,1.0,39.27333333333333,2.1,28.0,2.9,2.3,254.0,CENTRO,1
2.03,32.0,1.1,1.8,41.906666666666666,2.9,24.0,3.6,3.0,232.0,CENTRO,2
2.03,27.0,1.1,2.1,44.54,3.3,51.0,3.9,3.4,251.0,CENTRO,3
2.0,25.0,1.2333333333333334,1.9,45.1,3.1,68.0,4.7,2.9,227.0,CENTRO,4
1.98,26.0,1.3666666666666667,1.6,41.31,2.7,53.0,3.9,1.7,254.0,CENTRO,5
2.09,17.0,1.5,2.8,42.34,4.4,50.0,3.4,1.6,302.0,CENTRO,6
2.31,10.0,2.6,3.8,47.54,6.3,59.0,3.2,2.3,279.0,CENTRO,7
2.31,15.0,3.1,4.3,45.47,7.4,82.0,4.0,4.7,308.0,CENTRO,8
2.38,24.0,2.8,4.0,48.36,6.9,83.0,3.9,4.0,11.0,CENTRO,9
2.21,40.0,1.8,3.4,45.88,5.1,83.0,4.1,3.2,43.0,CENTRO,10
2.07,57.0,1.3,2.1,42.37,3.4,74.0,3.9,6.7,16.0,CENTRO,11
1.95,68.0,1.1,1.0,37.86,2.2,57.0,3.8,6.8,328.0,CENTRO,12
1.92,71.0,1.1,0.8,37.51,2.0,44.0,3.4,8.3,348.0,CENTRO,13
1.9,70.0,1.15,0.8,37.47,1.9,46.0,3.2,9.1,359.0,CENTRO,14
2.0,72.0,1.2,1.4,38.86,2.6,46.0,3.7,10.1,20.0,CENTRO,15
1.99,70.0,1.1,1.5,39.26,2.7,64.0,3.6,9.4,18.0,CENTRO,16
1.92,66.0,1.1,1.4,38.21,2.6,60.0,3.4,6.8,358.0,CENTRO,17
2.09,50.0,1.2,2.3,36.97,3.5,59.0,3.8,9.8,28.0,CENTRO,18
2.26,41.0,1.1,2.9,37.36,4.0,70.0,4.8,5.4,52.0,CENTRO,19
2.12,35.0,1.2,3.5,37.78,4.6,67.0,6.1,6.0,82.0,CENTRO,20
2.01,34.0,1.1,3.1,36.91,4.2,62.0,4.6,4.5,134.0,CENTRO,21
2.03,31.0,1.2,2.9,37.7,4.2,57.0,3.8,3.0,211.0,CENTRO,22
1.99,33.0,1.0,2.3,34.8,3.5,47.0,3.7,3.4,227.0,CENTRO,23
2.05,27.0,1.0,2.9,41.01,4.0,45.0,6.6,3.8,229.0,CENTRO,0
1.97,28.0,1.0,2.2,39.38,3.4,54.0,6.0,3.5,241.0,CENTRO,1
1.95,23.0,1.1,2.6,41.49,3.8,60.0,5.2,3.5,235.0,CENTRO,2
1.91,23.0,1.0,3.1,40.52,4.2,68.0,6.1,4.8,235.0,CENTRO,3
1.89,27.0,1.1,2.3,37.95,3.4,63.0,5.5,2.5,220.0,CENTRO,4
1.9,24.0,1.1,2.5,37.44,3.6,53.0,4.7,3.0,248.0,CENTRO,5
1.89,23.0,1.1,2.9,35.63,4.0,59.0,4.7,1.9,241.0,CENTRO,6
2.15,10.0,3.0,4.2,36.53,7.2,55.0,5.35,1.5,268.0,CENTRO,7
2.26,11.0,4.0,4.5,36.59,8.4,66.0,6.0,4.3,228.0,CENTRO,8
2.24,18.0,3.5,4.5,38.51,7.9,71.0,6.2,4.7,264.0,CENTRO,9
2.5,24.0,3.8,5.4,42.89,9.2,81.0,5.4,1.7,324.0,CENTRO,10
2.1,44.0,1.7,3.5,37.72,5.2,90.0,4.6,1.5,48.0,CENTRO,11
1.99,63.0,1.3,2.4,33.77,3.8,88.0,4.1,3.7,141.0,CENTRO,12
2.03,71.0,1.2,2.6,34.91,3.8,60.0,4.0,3.8,129.0,CENTRO,13
1.88,71.0,1.1,1.2,29.92,2.4,62.0,3.2,6.3,8.0,CENTRO,14
1.89,66.0,1.1,1.4,26.17,2.5,50.0,3.2,9.5,6.0,CENTRO,15
1.8,60.0,1.1,1.1,19.95,2.3,45.0,2.9,9.7,353.0,CENTRO,16
1.93,54.0,1.1,1.7,21.09,2.9,35.0,3.4,8.7,43.0,CENTRO,17
1.94,46.0,1.2,2.1,22.23,3.3,52.0,3.3,6.7,59.0,CENTRO,18
1.95,46.0,1.0,2.6,23.1,3.8,45.0,3.9,4.7,83.0,CENTRO,19
2.06,76.0,1.0,2.2,33.59,3.3,43.0,3.3,5.0,122.0,CENTRO,20
2.08,56.0,1.0,2.6,34.7,3.8,55.0,3.1,1.6,21.0,CENTRO,21
2.34,20.0,1.1,4.2,32.47,5.4,57.0,3.5,2.4,251.0,CENTRO,22
2.09,35.0,1.0,2.8,29.3,3.9,56.0,3.3,3.3,234.0,CENTRO,23
2.06,27.0,1.0,2.9,29.84,4.0,46.0,4.3,3.8,233.0,CENTRO,0
1.93,40.0,1.0,1.9,30.21,3.0,47.0,6.0,4.8,226.0,CENTRO,1
1.89,41.0,1.0,1.6,29.560000000000002,2.7,46.0,5.8,4.3,227.0,CENTRO,2
1.86,42.0,1.0,1.4,28.91,2.5,45.0,5.6,3.4,226.0,CENTRO,3
1.88,35.0,1.1,1.9,30.31,3.0,54.0,5.8,4.5,229.0,CENTRO,4
1.88,28.0,1.0,2.7,31.74,3.8,63.0,5.9,3.0,261.0,CENTRO,5
1.93,19.0,1.2,3.7,31.55,5.0,69.0,6.3,2.8,244.0,CENTRO,6
2.07,13.0,1.9,4.6,31.85,6.5,67.0,6.6,3.9,225.0,CENTRO,7
2.27,10.0,4.8,5.1,35.62,9.9,81.0,7.5,4.1,226.0,CENTRO,8
2.22,17.0,3.6,5.0,34.1,8.6,95.0,6.4,4.1,220.0,CENTRO,9
2.16,27.0,2.7,5.1,36.75,7.8,88.0,7.5,3.9,245.0,CENTRO,10
2.1,46.0,1.8,4.2,33.7,5.9,89.0,5.7,3.2,26.0,CENTRO,11
2.15,63.0,1.4,3.6,32.27,5.0,83.0,4.5,3.9,23.0,CENTRO,12
2.04,80.0,1.1,2.3,31.53,3.5,64.0,4.0,3.7,331.0,CENTRO,13
2.13,98.0,1.1,3.0,35.52,4.2,59.0,5.6,4.9,44.0,CENTRO,14
2.15,119.0,1.05,3.2,38.83,4.3,74.0,6.4,6.0,88.0,CENTRO,15
2.06,129.0,1.0,2.2,34.15,3.4,79.0,4.2,8.2,106.0,CENTRO,16
2.04,128.0,1.0,2.1,32.98,3.2,77.0,3.8,7.2,99.0,CENTRO,17
2.1,115.0,1.1,2.2,32.13,3.4,82.0,3.6,8.0,106.0,CENTRO,18
2.09,111.0,1.0,1.9,32.34,3.0,76.0,3.8,7.2,129.0,CENTRO,19
2.0,102.0,1.0,1.3,35.26,2.4,64.0,5.1,7.3,159.0,CENTRO,20
1.97,85.0,1.01,1.3,31.84,2.4,59.0,4.5,2.8,124.0,CENTRO,21
1.97,83.0,1.02,1.2,30.77,2.3,52.0,4.1,4.0,107.0,CENTRO,22
1.95,85.0,1.03,0.9,30.36,2.0,52.0,4.0,4.7,117.0,CENTRO,23
2.07,66.0,1.04,1.8,32.91,3.0,41.0,3.5,2.7,211.0,CENTRO,0
2.08,51.0,1.6,2.1,34.8,3.2,51.0,3.7,2.1,227.0,CENTRO,1
2.03,48.0,1.06,2.2,35.12,3.3,57.0,4.9,3.6,233.0,CENTRO,2
1.99,47.0,1.07,2.1,35.24,3.2,62.0,6.7,3.7,234.0,CENTRO,3
1.95,46.0,1.08,1.9,34.38,3.0,60.0,6.8,3.8,225.0,CENTRO,4
1.94,48.0,1.09,1.8,33.37,2.8,65.0,6.7,3.2,237.0,CENTRO,5
2.01,36.0,1.1,2.7,33.9,3.9,61.0,6.6,2.8,232.0,CENTRO,6
2.15,20.0,1.6,5.0,36.72,6.6,60.0,7.7,3.6,243.0,CENTRO,7
2.4,13.0,4.4,6.3,41.55,10.6,76.0,9.2,4.1,238.0,CENTRO,8
2.35,21.0,3.7,6.2,41.91,9.9,104.0,8.4,3.6,244.0,CENTRO,9
2.34,42.0,2.0,5.8,46.28,7.8,105.0,6.7,1.7,319.0,CENTRO,10
2.6,58.0,2.0,7.1,57.1,9.1,96.0,8.5,3.9,70.0,CENTRO,11
2.6,78.0,1.6,7.0,59.81,8.5,96.0,8.0,7.0,96.0,CENTRO,12
2.27,108.0,1.2,3.6,53.28,4.8,98.0,6.4,8.0,75.0,CENTRO,13
2.05,103.0,1.1,1.8,43.52,2.9,93.0,6.7,7.8,69.0,CENTRO,14
2.0,79.0,1.1,1.4,35.23,2.5,72.0,4.7,10.5,79.0,CENTRO,15
1.97,68.0,1.0,1.3,30.91,2.4,63.0,3.8,10.7,83.0,CENTRO,16
1.96,61.0,1.0,1.1,28.28,2.2,54.0,3.4,9.2,105.0,CENTRO,17
1.98,56.0,1.05,1.1,28.02,2.1,46.0,3.3,7.9,147.0,CENTRO,18
2.0,48.0,1.1,1.2,28.12,2.3,46.0,3.2,7.9,145.0,CENTRO,19
2.01,46.0,1.0,1.3,29.29,2.3,46.0,2.9,6.6,131.0,CENTRO,20
1.99,45.0,1.0,1.0,29.91,2.1,44.5,2.9,5.9,139.0,CENTRO,21
1.96,46.0,1.0166666666666666,0.9,28.71,1.9,43.0,2.875,6.2,134.0,CENTRO,22
1.93,48.0,1.0333333333333334,0.6,29.21,1.6,40.0,2.8499999999999996,6.7,130.0,CENTRO,23
1.93,49.0,1.05,0.6,29.01,1.6,39.0,2.8249999999999997,6.3,81.0,CENTRO,0
1.93,48.0,1.0666666666666667,0.5,28.01,1.5,39.0,2.8,4.8,101.0,CENTRO,1
1.95,39.0,1.0833333333333335,0.8,32.02,1.8,43.0,2.8,3.6,54.0,CENTRO,2
1.96,25.0,1.1,2.1,35.0,3.2,50.0,3.4,2.9,45.0,CENTRO,3
1.93,32.0,1.0,0.8,28.47,1.8,60.0,3.0,2.0,106.0,CENTRO,4
1.96,28.0,1.0,0.9,40.25,2.0,48.0,3.1,1.7,99.0,CENTRO,5
2.04,13.0,1.5,2.5,52.03,4.0,91.0,3.0,2.1,109.0,CENTRO,6
2.28,5.0,3.4,4.0,34.61,7.4,83.0,3.1,2.0,26.0,CENTRO,7
2.48,7.0,4.4,4.5,34.41,8.9,68.0,3.3,2.5,8.0,CENTRO,8
2.52,10.0,3.8,4.5,43.46,8.3,83.0,3.8,2.3,41.0,CENTRO,9
2.63,20.0,3.0,4.6,51.86,7.7,91.0,4.2,1.9,338.0,CENTRO,10
2.54,28.0,3.5,5.9,57.88,9.4,108.0,6.7,5.2,71.0,CENTRO,11
2.27,44.0,2.3,5.4,49.88,7.7,112.0,10.6,6.9,69.0,CENTRO,12
2.16,50.0,1.8,4.4,41.93,6.2,95.0,9.0,6.2,84.0,CENTRO,13
2.16,91.0,1.1,2.2,42.49,3.4,75.0,5.0,6.9,96.0,CENTRO,14
2.11,100.0,1.1,2.1,47.69,3.3,81.0,5.8,7.4,78.0,CENTRO,15
2.12,98.0,1.075,1.9,55.22,3.1,96.0,9.6,8.1,61.0,CENTRO,16
2.1,79.0,1.05,1.7,45.13,2.8,89.0,6.3,8.4,69.0,CENTRO,17
2.08,64.0,1.025,1.4,39.34,2.5,75.0,4.1,8.3,86.0,CENTRO,18
2.06,61.0,1.0,1.3,42.61,2.3,57.0,3.9,7.5,142.0,CENTRO,19
2.06,56.0,1.0,1.1,46.25,2.1,62.0,4.0,7.3,135.0,CENTRO,20
2.05,54.0,1.025,1.0,44.14,2.0,68.0,3.7,6.4,131.0,CENTRO,21
2.06,51.0,1.05,1.0,43.11,2.1,59.0,3.5,4.0,117.0,CENTRO,22
2.09,44.0,1.075,1.4,41.41,2.5,63.0,3.1,2.7,193.0,CENTRO,23
2.1,44.0,1.0999999999999999,1.4,40.8,2.5,56.0,3.0,1.8,239.0,CENTRO,0
2.11,40.0,1.125,1.6,42.77,2.7,54.0,3.4,3.3,231.0,CENTRO,1
2.08,37.0,1.15,1.8,43.69,2.8,62.0,4.6,3.8,236.0,CENTRO,2
2.07,29.0,1.175,2.3,41.79,3.4,60.0,4.1,2.1,270.0,CENTRO,3
2.15,14.0,1.2,3.3,45.27,4.6,63.0,3.5,2.1,243.0,CENTRO,4
2.02,30.0,1.0,1.7,39.65,2.9,71.0,3.9,1.6,271.0,CENTRO,5
2.05,27.0,1.0,2.1,40.61,3.3,55.0,5.3,0.9,293.0,CENTRO,6
2.39,6.0,3.2,3.9,44.33,7.0,64.0,4.0,1.3,274.0,CENTRO,7
2.64,7.0,5.4,3.9,43.49,9.3,73.0,4.1,1.1,240.0,CENTRO,8
2.49,13.0,4.3,3.8,52.37,8.2,79.0,3.9,4.6,3.0,CENTRO,9
2.42,22.0,2.9,3.5,50.09,6.5,121.0,3.5,4.8,350.0,CENTRO,10
2.43,39.0,2.1,4.3,53.03,6.4,108.0,3.8,3.9,32.0,CENTRO,11
2.69,52.0,2.0,5.5,60.87,7.5,108.0,5.1,4.5,27.0,CENTRO,12
2.44,80.0,1.7,5.2,59.85,6.9,123.0,9.7,6.9,69.0,CENTRO,13
2.41,132.0,1.1,3.0,58.88,4.1,113.0,5.6,7.7,82.0,CENTRO,14
2.36,139.0,1.1,2.3,59.12,3.5,107.0,4.9,8.6,68.0,CENTRO,15
2.26,128.0,1.0,2.1,54.98,3.3,104.0,4.7,7.9,64.0,CENTRO,16
2.12,101.0,1.1,1.6,45.29,2.7,88.0,4.3,7.6,89.0,CENTRO,17
2.06,85.0,1.0,0.9,38.51,2.0,70.0,3.5,7.9,148.0,CENTRO,18
2.25,62.0,1.1,1.1,40.52,2.2,54.0,3.2,7.0,151.0,CENTRO,19
2.3,50.0,1.1,1.2,50.35,2.2,61.0,3.0,7.1,140.0,CENTRO,20
2.2,42.0,1.0,1.0,44.03,2.1,57.0,2.8,4.7,145.0,CENTRO,21
2.19,43.0,1.0,1.8,36.36,2.9,49.0,2.8,1.4,226.0,CENTRO,22
2.24,42.0,1.0250000000000001,1.9,40.07,3.1,51.0,3.0,1.5,212.0,CENTRO,23
2.26,42.0,1.05,2.1,47.55,3.3,55.0,4.4,1.0,252.0,CENTRO,0
2.24,37.0,1.0750000000000002,2.4,47.44,3.5,58.0,4.6,2.1,247.0,CENTRO,1
2.21,35.0,1.1,2.6,45.59,3.8,65.0,6.0,3.0,260.0,CENTRO,2
2.37,5.0,2.0,3.6,45.07,5.6,64.0,3.9,1.5,355.0,CENTRO,3
2.22,4.0,1.9,3.1,36.75,5.1,75.0,3.4,0.9,318.0,CENTRO,4
2.32,5.0,1.9,3.1,40.16,4.9,67.0,3.2,0.9,307.0,CENTRO,5
2.2,6.0,1.4,2.6,37.66,4.0,65.0,3.0,1.6,319.0,CENTRO,6
2.2,5.0,2.0,2.3,36.59,4.2,58.0,2.9,0.9,297.0,CENTRO,7
2.26,9.0,2.3,2.6,40.11,4.9,54.0,3.0,1.1,230.0,CENTRO,8
2.18,27.0,1.7,2.8,38.97,4.5,64.0,4.8,1.0,246.0,CENTRO,9
2.21,40.0,1.7,3.1,40.97,4.8,62.0,5.4,1.1,72.0,CENTRO,10
2.18,57.0,1.5,2.8,39.38,4.2,66.0,5.6,1.1,66.0,CENTRO,11
2.2,77.0,1.2,3.2,37.86,4.4,70.0,6.2,1.0,116.0,CENTRO,12
2.39,86.0,1.4,5.5,51.22,6.9,68.0,12.3,5.0,105.0,CENTRO,13
2.31,144.0,1.0,3.0,50.07,4.1,96.0,8.1,6.7,88.0,CENTRO,14
2.17,148.0,1.0,1.8,45.87,2.9,88.0,5.7,5.5,90.0,CENTRO,15
2.07,123.0,1.0,1.4,39.44,2.5,75.0,4.2,7.6,81.0,CENTRO,16
2.04,108.0,1.0,1.2,37.55,2.3,66.0,3.8,8.1,75.0,CENTRO,17
2.02,97.0,1.0,1.1,34.64,2.1,60.0,3.4,6.9,101.0,CENTRO,18
2.06,87.0,1.0,1.2,34.91,2.2,51.0,3.2,4.9,96.0,CENTRO,19
2.11,77.0,1.0,1.5,33.59,2.6,51.0,3.1,4.9,83.0,CENTRO,20
2.1,68.0,1.0,1.7,29.63,2.8,52.0,3.1,4.2,67.0,CENTRO,21
2.18,51.0,1.0,2.3,30.9,3.4,42.0,2.9,1.4,185.0,CENTRO,22
2.17,44.0,1.0,2.3,29.15,3.4,37.0,2.9,1.4,253.0,CENTRO,23
2.12,42.0,1.0,2.3,30.49,3.4,38.0,3.5,3.3,226.0,CENTRO,0
2.08,37.0,1.0,2.1,30.36,3.1,36.0,3.9,2.6,247.0,CENTRO,1
2.11,31.0,1.02,2.3000000000000003,28.97,3.34,48.0,3.5,1.5,254.0,CENTRO,2
2.01,32.0,1.04,2.5,27.27,3.58,56.0,3.4,1.2,247.0,CENTRO,3
2.0,29.0,1.06,2.7,28.25,3.82,48.0,3.6,2.8,243.0,CENTRO,4
1.91,30.0,1.08,2.9,23.07,4.06,55.0,4.2,2.6,247.0,CENTRO,5
1.93,25.0,1.1,3.1,21.55,4.3,52.0,5.1,4.5,237.0,CENTRO,6
2.17,12.0,3.1,4.9,22.24,8.0,59.0,4.9,2.0,242.0,CENTRO,7
2.24,12.0,4.0,5.2,23.43,9.1,74.0,5.3,4.3,228.0,CENTRO,8
2.34,22.0,3.9,4.9,32.92,8.8,85.0,4.8,6.1,14.0,CENTRO,9
2.28,35.0,1.5,2.0,37.27,3.5,147.0,3.7,10.6,56.0,CENTRO,10
2.11,25.0,1.4,1.4,30.64,2.8,172.0,3.0,14.6,38.0,CENTRO,11
2.13,27.0,1.3,1.2,31.34,2.5,145.0,2.9,12.8,25.0,CENTRO,12
2.06,28.0,1.3,1.5,25.15,2.9,184.0,2.9,8.2,60.0,CENTRO,13
1.96,32.0,1.7,1.6,24.5,3.3,130.0,2.95,9.9,60.0,CENTRO,14
2.15,35.0,1.8,1.9,22.91,3.7,151.0,3.0,9.1,58.0,CENTRO,15
2.15,29.0,2.4,2.4,22.62,4.8,140.0,3.0,11.3,31.0,CENTRO,16
2.11,30.0,1.5,1.9,19.82,3.4,130.0,3.0058823529411764,10.5,34.0,CENTRO,17
2.1018749999999997,30.5,1.49375,1.90625,15.34,3.4,126.125,3.011764705882353,10.3,54.25,CENTRO,18
2.09375,31.0,1.4875,1.9124999999999999,13.03,3.4,122.25,3.0176470588235293,10.1,74.5,CENTRO,19
2.085625,31.5,1.48125,1.91875,12.5,3.4,118.375,3.023529411764706,9.9,94.75,CENTRO,20
2.0774999999999997,32.0,1.4749999999999999,1.925,15.38,3.4,114.5,2.9,9.7,115.0,CENTRO,21
2.29,30.0,1.6,3.1,14.26,4.7,34.0,2.9,6.0,125.0,CENTRO,22
2.29,26.0,1.6,2.8,16.24,4.65,33.8,2.9,5.6,115.0,CENTRO,23
2.28,25.0,1.6,2.7,14.21,4.4,34.665,2.95,5.4,109.0,CENTRO,0
2.26,23.0,1.6,2.8,14.287500000000001,4.4,33.0,3.0,4.9,102.0,CENTRO,1
2.28,23.0,1.69375,2.7,14.365,4.5,34.39,3.1,4.7,84.0,CENTRO,2
2.28,18.0,1.8,3.1,14.4425,4.9,37.1,3.2,4.0,79.0,CENTRO,3
2.27,17.0,1.7266666666666668,3.0,14.52,4.9,37.5,3.2,3.7,86.0,CENTRO,4
2.0124999999999997,36.0,1.4249999999999998,1.975,23.005000000000003,3.4,83.5,3.0764705882352943,8.1,277.0,CENTRO,5
2.004375,36.5,1.41875,1.98125,23.381666666666668,3.4,79.625,3.0823529411764707,7.8999999999999995,297.25,CENTRO,6
1.9962499999999999,37.0,1.4124999999999999,1.9875,24.314999999999998,3.4,75.75,3.088235294117647,7.699999999999999,317.5,CENTRO,7
1.988125,37.5,1.40625,1.99375,26.27,3.4,71.875,3.0941176470588236,7.5,337.75,CENTRO,8
1.98,38.0,1.4,2.0,28.94,3.4,68.0,3.1,7.3,358.0,CENTRO,9
1.99,40.0,1.5,1.8,30.36,3.3,67.0,3.5,7.3,10.0,CENTRO,10
1.93,42.0,1.6,2.1,31.595,3.7,48.0,6.5,6.0,30.0,CENTRO,11
1.91,44.0,1.6,2.7,15.139999999999999,4.3,45.0,9.0,6.0,52.0,CENTRO,12
1.97,56.0,1.3,1.8,15.2175,3.2,65.0,4.7,7.4,17.0,CENTRO,13
1.94,58.0,1.4,2.4,15.295,3.8,53.0,7.9,7.0,53.0,CENTRO,14
1.92,58.0,1.2,1.7,15.372499999999999,2.9,57.0,5.9,5.9,55.0,CENTRO,15
1.93,58.0,1.2,1.7,15.45,2.9,43.0,5.0,5.6,29.0,CENTRO,16
1.91,51.0,1.3,2.5,14.13,3.8,46.0,7.9,5.2,38.0,CENTRO,17
1.9,49.0,1.1,2.1,12.77,3.3,48.0,5.4,4.0,65.0,CENTRO,18
1.92,40.0,1.1,2.5,14.0,3.6,43.0,4.6,5.5,89.0,CENTRO,19
2.05,46.0,1.0,2.8,19.41,3.9,41.0,3.2,2.3,136.0,CENTRO,20
1.99,56.0,1.0,1.8,19.71,2.9,43.0,3.4,3.7,136.0,CENTRO,21
1.9,58.0,1.0,1.0,17.52,2.1,39.0,4.0,3.3,106.0,CENTRO,22
1.91,47.0,1.0,1.2,12.88,2.2,39.0,3.4,1.1,215.0,CENTRO,23
2.02,33.0,1.0,2.4,17.48,3.5,31.0,3.2,2.5,219.0,CENTRO,0
2.02,31.0,1.1,3.1,24.58,4.2,43.0,3.8,3.7,228.0,CENTRO,1
2.01,27.0,1.0,3.6,25.66,4.7,57.0,3.7,4.1,228.0,CENTRO,2
1.97,33.0,1.0,2.9,28.18,4.0,67.0,4.3,4.3,230.0,CENTRO,3
1.96,36.0,1.0,2.3,26.87,3.4,60.0,4.4,3.3,230.0,CENTRO,4
1.96,37.0,1.0,2.1,23.83,3.2,54.0,4.2,2.7,254.0,CENTRO,5
2.05,25.0,1.2,3.5,27.26,4.7,47.0,4.0,4.0,227.0,CENTRO,6
2.22,12.0,2.0,5.3,31.8,7.2,64.0,4.2,2.7,245.0,CENTRO,7
2.31,14.0,3.8,5.5,27.27,9.3,71.0,5.2,2.2,232.0,CENTRO,8
2.45,20.0,4.3,5.9,33.57,10.2,81.0,4.8,1.6,47.0,CENTRO,9
2.29,35.0,2.7,4.9,26.77,7.7,95.0,4.0,3.9,76.0,CENTRO,10
2.2,52.0,2.0,4.3,26.08,6.3,77.0,3.7,6.5,71.0,CENTRO,11
2.06,67.0,1.4,2.8,25.14,4.3,76.0,4.0,7.3,68.0,CENTRO,12
1.99,73.0,1.0,1.6,22.955000000000002,2.7,62.0,4.3,7.7,72.0,CENTRO,13
1.95,77.0,1.1,1.4,20.77,2.6,52.0,3.7,7.3,81.0,CENTRO,14
1.96,73.0,1.1,1.4,19.54,2.6,90.0,3.5,7.2,69.0,CENTRO,15
1.98,67.0,1.05,1.3,18.92,2.4,47.0,3.2,6.7,97.0,CENTRO,16
1.95,63.0,1.0,1.2,16.81,2.2,43.0,3.1,8.2,105.0,CENTRO,17
1.96,58.0,1.0,1.5,14.59,2.6,42.0,3.0,7.4,87.0,CENTRO,18
2.01,49.0,1.0250000000000001,2.1,14.47,3.2,41.0,3.1,7.2,101.0,CENTRO,19
1.98,46.0,1.05,1.8,14.47,2.9,43.0,3.8,5.1,110.0,CENTRO,20
1.97,45.0,1.0750000000000002,1.7,16.89,2.7,40.0,3.0,1.8,120.0,CENTRO,21
1.98,42.0,1.1,1.8,15.12,2.9,35.0,2.9,1.1,89.0,CENTRO,22
1.92,45.0,1.0,1.1,13.47,2.1,31.0,2.8,1.4,356.0,CENTRO,23
2.065,27.0,1.5,3.35,21.904999999999998,4.8500000000000005,34.0,2.95,1.15,304.5,CENTRO,0
2.21,9.0,2.0,5.6,30.34,7.6,37.0,3.1,0.9,253.0,CENTRO,1
2.22,9.0,2.3,5.2,34.2,7.5,74.0,3.2,1.0,248.0,CENTRO,2
2.06,12.0,1.1,4.4,25.14,5.5,67.0,3.3,0.9,226.0,CENTRO,3
2.06,12.0,1.1,4.5,29.36,5.6,56.0,3.3,1.4,244.0,CENTRO,4
2.08,8.0,1.2,4.8,30.79,6.1,66.0,3.4,0.9,270.0,CENTRO,5
2.15,6.0,2.0,4.8,27.85,6.8,80.0,3.4,1.1,271.0,CENTRO,6
2.38,5.0,5.6,4.9,30.63,10.5,79.0,3.95,1.3,254.0,CENTRO,7
2.57,8.0,7.2,5.4,35.3,12.6,80.0,4.5,0.9,225.0,CENTRO,8
2.61,16.0,6.1,6.5,44.74,12.6,86.0,4.9,1.0,23.0,CENTRO,9
2.86,22.0,6.4,8.4,56.99,14.7,111.0,9.8,0.9,33.0,CENTRO,10
2.87,31.0,5.1,9.5,66.45,14.6,150.0,16.8,2.2,37.0,CENTRO,11
2.33,54.0,2.3,6.1,40.8,8.4,148.0,9.9,4.7,81.0,CENTRO,12
2.13,73.0,1.4,3.4,29.42,4.8,93.0,5.0,7.8,74.0,CENTRO,13
2.1,83.0,1.2,2.4,24.74,3.7,113.0,4.2,9.5,72.0,CENTRO,14
2.03,82.0,1.2,2.4,23.95,3.7,73.0,7.4,11.0,73.0,CENTRO,15
1.98,75.0,1.2,1.9,21.94,3.1,78.0,8.0,10.5,92.0,CENTRO,16
1.94,71.0,1.1,1.6,14.58,2.7,64.0,7.9,12.4,99.0,CENTRO,17
1.95,64.0,1.0,1.7,11.49,2.8,47.0,6.7,11.1,93.0,CENTRO,18
2.0,54.0,1.0,2.0,12.98,3.1,45.0,3.7,7.7,117.0,CENTRO,19
2.02,49.0,1.02,2.1,15.22,3.1,33.0,3.5,3.4,145.0,CENTRO,20
2.0,48.0,1.04,1.8,14.68,2.8,37.0,3.5,3.6,135.0,CENTRO,21
2.06,40.0,1.06,2.4,18.6,3.5,31.0,3.4,6.6,80.0,CENTRO,22
2.04,41.0,1.08,2.2,19.47,3.3000000000000003,37.5,3.2,4.199999999999999,126.5,CENTRO,23
2.02,42.0,1.1,2.0,20.34,3.1,44.0,3.0,1.8,173.0,CENTRO,0
1.91,58.0,1.0,0.7,14.9,1.6,39.0,3.0,4.3,135.0,CENTRO,1
1.9,55.0,1.0,0.6,13.1,1.5,32.0,2.9,2.2,99.0,CENTRO,2
1.92,57.0,1.0333333333333334,0.6,15.15,1.6,31.0,2.8,3.0,38.0,CENTRO,3
2.0,39.0,1.0666666666666667,2.4,22.94,3.5,33.0,3.5,4.0,354.0,CENTRO,4
2.35,18.0,1.1,4.4,26.61,5.6,57.0,3.2,2.6,35.0,CENTRO,5
3.16,8.0,2.6,5.7,39.21,8.3,63.0,3.5,0.9,29.0,CENTRO,6
2.66,7.0,4.3,5.2,31.68,9.5,78.0,3.8,1.5,214.0,CENTRO,7
2.53,9.0,5.8,5.1,31.05,10.9,66.0,4.7,1.2,240.0,CENTRO,8
2.78,16.0,5.4,6.0,45.95,11.4,80.0,5.9,1.1,184.0,CENTRO,9
2.5,33.0,3.5,5.9,38.04,9.4,203.0,7.6,4.7,56.0,CENTRO,10
2.41,54.0,1.6,3.9,26.71,5.5,80.0,6.2,7.6,79.0,CENTRO,11
2.14,66.0,1.2,2.2,23.9,3.4,104.0,7.8,10.8,76.0,CENTRO,12
2.08,65.0,1.1,1.7,21.94,2.9,70.0,9.3,12.2,77.0,CENTRO,13
1.99,66.0,1.1,1.5,24.3,2.6,79.0,8.3,13.4,95.0,CENTRO,14
1.95,52.0,1.2,1.4,17.66,2.7,114.0,5.4,13.9,103.0,CENTRO,15
1.95,46.0,1.2,1.2,14.05,2.5,54.0,3.5,15.0,99.0,CENTRO,16
1.97,39.0,1.1500000000000001,1.2,12.11,2.5,55.0,3.1,15.2,102.0,CENTRO,17
2.0,35.0,1.1,1.4,12.17,2.6,49.0,3.1,13.0,101.0,CENTRO,18
1.98,36.0,1.0,1.4,12.8,2.5,39.0,2.9,11.9,109.0,CENTRO,19
1.97,36.0,1.0,1.2,14.16,2.2,33.0,2.9,9.5,146.0,CENTRO,20
1.95,37.0,1.02,1.0,13.04,2.0,31.0,2.8,9.8,142.0,CENTRO,21
1.94,37.0,1.04,0.9,14.35,1.9,30.0,2.7,8.0,147.0,CENTRO,22
2.01,35.0,1.06,1.4,19.38,2.4,28.0,2.8,7.1,105.0,CENTRO,23
2.04,37.0,1.08,1.4,18.21,2.4,37.0,2.8,4.4,81.0,CENTRO,0
2.06,32.0,1.1,1.9,31.07,3.0,33.0,3.7,3.7,16.0,CENTRO,1
2.01,29.0,1.0,2.6,28.59,3.6,62.0,4.5,4.8,32.0,CENTRO,2
2.01,17.0,1.1,4.2,25.6,5.3,45.0,5.6,2.8,332.0,CENTRO,3
2.1,27.0,1.0,2.6,23.29,3.6,52.0,4.0,1.5,310.0,CENTRO,4
2.1,17.0,1.0,3.1,33.39,4.2,44.0,4.0,3.2,233.0,CENTRO,5
2.08,14.0,1.55,3.2,30.43,4.3,67.0,4.2,2.9,237.0,CENTRO,6
2.17,7.0,2.1,4.0,29.83,6.1,57.0,3.9,2.1,246.0,CENTRO,7
2.32,10.0,4.1,4.3,32.37,8.4,72.0,5.5,1.7,255.0,CENTRO,8
2.55,18.0,4.0,4.9,41.55,8.9,83.0,5.5,2.6,28.0,CENTRO,9
2.42,34.0,2.3,4.3,46.1,6.6,109.0,5.8500000000000005,2.8,356.0,CENTRO,10
2.7,52.0,1.7,4.6,48.76,6.3,91.0,6.2,3.8,8.0,CENTRO,11
2.61,57.0,1.6,4.6,45.29,6.2,84.0,6.7,5.5,18.0,CENTRO,12
2.29,61.0,1.6,4.5,39.94,6.1,89.0,7.4,6.1,59.0,CENTRO,13
2.27,91.0,1.1,3.1,41.4,4.2,80.0,5.9,7.4,61.0,CENTRO,14
2.19,108.0,1.0,2.0,40.0,3.1,72.0,7.1,7.8,59.0,CENTRO,15
2.03,82.0,1.0,1.1,30.59,2.1,73.0,3.9,10.7,144.0,CENTRO,16
2.0,74.0,1.03,0.8,25.36,1.8,49.0,3.6,9.8,155.0,CENTRO,17
2.03,68.0,1.06,0.9,24.04,1.9,34.0,3.4,8.0,151.0,CENTRO,18
2.07,59.0,1.09,1.4,25.33,2.4,36.0,3.2,7.4,129.0,CENTRO,19
2.08,49.0,1.12,1.5,26.72,2.6,39.0,3.0,6.3,123.0,CENTRO,20
2.08,44.0,1.6,1.6,27.3,2.6,39.0,2.9,5.4,102.0,CENTRO,21
2.07,42.0,1.18,1.2,26.43,2.2,38.0,2.9,9.4,81.0,CENTRO,22
2.0,41.0,1.21,0.7,19.62,1.6,58.0,2.8499999999999996,7.0,89.0,CENTRO,23
1.99,41.0,1.24,0.6,22.91,1.5,35.0,2.8,8.7,122.0,CENTRO,0
2.02,38.0,1.27,0.6,22.43,1.6,31.0,2.9,6.4,49.0,CENTRO,1
2.07,17.0,1.3,3.0,30.03,4.4,36.0,3.2,6.1,38.0,CENTRO,2
2.05,16.0,1.1,3.0,26.92,4.1,49.0,3.6,4.7,33.0,CENTRO,3
2.01,23.0,1.0,1.8,37.03,2.8,48.0,3.5,1.5,267.0,CENTRO,4
2.05,21.0,1.0,1.2,32.79,2.3,45.0,3.1,1.0,254.0,CENTRO,5
2.12,13.0,1.0333333333333334,2.3,32.09,3.4,40.0,3.0,1.7,256.0,CENTRO,6
2.13,18.0,1.0666666666666667,1.9,32.75,2.9,49.0,3.1,3.7,318.0,CENTRO,7
2.12,22.0,1.1,1.4,39.15,2.6,45.0,3.0,4.1,330.0,CENTRO,8
2.13,26.0,1.1,1.4,39.61,2.5,57.0,3.0,3.5,286.0,CENTRO,9
2.14,34.0,1.3,1.2,38.27,2.6,57.0,3.3,4.2,339.0,CENTRO,10
2.19,49.0,1.2,1.4,37.64,2.5,55.0,3.4,4.9,24.0,CENTRO,11
2.48,61.0,1.3,2.7,41.84,4.1,63.0,4.7,6.4,33.0,CENTRO,12
2.21,81.0,1.1,1.7,42.63,2.8,75.0,4.5,8.6,86.0,CENTRO,13
2.09,75.0,1.0,1.0,33.86,2.0,60.0,4.5,13.6,89.0,CENTRO,14
2.0,62.0,1.0,0.7,28.72,1.7,56.0,5.6,14.2,122.0,CENTRO,15
1.95,52.0,1.02,0.6,24.71,1.4,51.0,3.4,11.7,122.0,CENTRO,16
1.97,47.0,1.04,0.5,23.68,1.5,35.0,2.9,12.3,103.0,CENTRO,17
2.01,45.0,1.06,0.6,22.08,1.5,37.0,3.0,11.9,97.0,CENTRO,18
2.04,41.0,1.08,0.7,21.93,1.7,34.0,3.2,10.3,101.0,CENTRO,19
2.02,41.0,1.6,0.7,21.62,1.6,36.0,3.2,8.1,127.0,CENTRO,20
2.0,45.0,1.6,0.65,14.96,1.6,29.0,3.5,7.9,128.0,CENTRO,21
1.99,46.0,1.6,0.6,17.01,1.65,24.0,3.0,5.4,130.0,CENTRO,22
2.0,48.0,1.6,0.55,17.61,1.7,21.0,2.8,2.5,126.0,CENTRO,23
1.98,50.0,1.6,0.5,14.97,1.4,27.0,2.8,3.8,98.0,CENTRO,0
2.03,46.0,1.6,0.8,20.32,1.7,26.0,3.9,4.1,53.0,CENTRO,1
2.04,31.0,1.22,2.1,24.7,3.1,27.0,5.0,4.0,1.0,CENTRO,2
2.09,29.0,1.24,2.0,24.37,3.1,51.0,4.9,3.9,317.0,CENTRO,3
2.16,29.0,1.26,1.6,21.27,2.7,42.0,3.3,2.6,306.0,CENTRO,4
2.37,22.0,1.28,2.7,27.06,3.8,39.0,3.2,2.9,21.0,CENTRO,5
4.17,14.0,1.3,3.4,31.84,4.8,46.0,3.6,1.1,277.0,CENTRO,6
2.38,6.0,3.3,3.9,27.06,7.1,55.0,3.7,2.0,248.0,CENTRO,7
2.56,8.0,5.9,4.1,29.4,10.0,57.0,4.5,3.2,242.0,CENTRO,8
2.84,18.0,3.9,4.7,36.18,8.6,77.0,4.9,2.6,20.0,CENTRO,9
2.45,33.0,2.1,4.0,30.79,6.1,86.0,5.1,3.0,340.0,CENTRO,10
2.31,49.0,1.5,2.8,31.58,4.3,65.0,4.5,3.9,67.0,CENTRO,11
2.49,53.0,1.8,4.6,37.1,6.3,76.0,7.5,5.9,93.0,CENTRO,12
2.36,79.0,1.1,3.1,39.06,4.3,81.0,5.0,8.5,82.0,CENTRO,13
2.2,82.0,1.1,1.9,31.93,3.0,84.0,3.9,10.0,61.0,CENTRO,14
2.04,75.0,1.0,1.1,25.95,2.1,92.0,3.6,10.1,99.0,CENTRO,15
1.99,72.0,1.0,0.9,25.09,1.9,50.0,3.3,9.9,134.0,CENTRO,16
2.0,67.0,1.075,0.8,23.49,1.8,52.0,3.0,10.5,134.0,CENTRO,17
2.05,55.0,1.1500000000000001,1.1,27.95,2.2,36.0,3.1,10.4,98.0,CENTRO,18
2.09,41.0,1.225,1.8,20.15,2.8,43.0,3.1,7.9,117.0,CENTRO,19
2.06,42.0,1.3,1.5,19.53,2.6,35.0,2.9,6.0,142.0,CENTRO,20
1.99,46.0,1.375,0.9,20.46,1.9,31.0,2.8,7.0,127.0,CENTRO,21
1.95,46.0,1.4500000000000002,0.7,18.91,1.7,34.0,2.8,6.4,129.0,CENTRO,22
1.95,45.0,1.5250000000000001,0.7,17.42,1.5,33.0,2.7,3.4,112.0,CENTRO,23
2.07,29.0,1.6,2.4,24.45,3.9,32.0,3.0,3.1,353.0,CENTRO,0
2.24,11.0,1.4,4.6,37.93,6.1,42.0,3.6,2.6,336.0,CENTRO,1
2.18,12.0,1.0,4.0,33.0,5.1,69.0,3.7,2.3,315.0,CENTRO,2
2.37,12.0,1.0,3.9,36.5,5.0,57.0,4.2,1.7,256.0,CENTRO,3
2.11,12.0,1.1333333333333333,3.9,34.62,5.0,61.0,4.0,2.8,271.0,CENTRO,4
2.12,14.0,1.2666666666666666,3.1,39.31,4.2,65.0,3.5,1.0,290.0,CENTRO,5
2.21,8.0,1.4,3.7,44.82,5.1,65.0,3.6,0.9,184.0,CENTRO,6
2.43,4.0,5.1,4.2,39.0,9.3,68.0,3.6,0.9,288.0,CENTRO,7
2.79,7.0,10.3,4.6,42.96,14.9,83.0,4.5,1.4,267.0,CENTRO,8
2.42,17.0,3.7,4.9,36.26,8.6,84.0,5.1,2.2,285.0,CENTRO,9
2.65,29.0,3.1,5.6,53.18,8.7,79.0,5.9,3.7,24.0,CENTRO,10
2.63,41.0,2.4,5.7,51.98,8.1,115.0,8.0,4.3,59.0,CENTRO,11
2.23,56.0,1.6,3.9,39.53,5.6,112.0,8.2,5.7,103.0,CENTRO,12
2.2,78.0,1.1,2.7,33.84,3.9,81.0,5.1,5.8,77.0,CENTRO,13
2.26,97.0,1.0,3.0,46.62,4.1,70.0,15.4,7.4,61.0,CENTRO,14
2.17,101.0,1.0,2.0,47.95,3.1,96.0,17.1,9.8,66.0,CENTRO,15
2.1,88.0,1.0066666666666666,2.0,40.35,3.0,108.0,9.3,11.2,72.0,CENTRO,16
2.11,86.0,1.0133333333333334,1.9,38.67,2.9,90.0,7.0,10.6,77.0,CENTRO,17
2.09,78.0,1.02,1.7,33.85,2.7,65.0,5.4,9.1,103.0,CENTRO,18
2.15,74.0,1.0266666666666666,1.7,31.43,2.8,47.0,4.2,6.8,135.0,CENTRO,19
2.17,65.0,1.6,2.0,33.0,3.0,47.0,3.9,4.9,112.0,CENTRO,20
2.14,66.0,1.6,1.6,34.78,2.6,50.0,3.7,3.3,150.0,CENTRO,21
2.23,51.0,1.6,2.6,33.55,3.6,46.0,3.5,1.4,182.0,CENTRO,22
2.11,57.0,1.6,1.3,31.64,2.3,46.0,3.5,2.6,103.0,CENTRO,23
2.11,55.0,1.6,1.0,35.09,2.0,38.0,3.3,2.3,83.0,CENTRO,0
2.16,37.0,1.6,2.4,33.07,3.4,39.0,3.9,1.4,255.0,CENTRO,1
2.16,38.0,1.0733333333333335,2.2,35.97,3.3,54.0,4.0,3.7,232.0,CENTRO,2
2.15,36.0,1.08,2.3,38.45,3.3,52.0,3.9,1.6,235.0,CENTRO,3
2.18,32.0,1.0866666666666667,2.7,43.95,3.8,63.0,3.7,2.3,241.0,CENTRO,4
2.14,34.0,1.0933333333333335,2.7,47.95,3.8,65.0,3.9,3.6,229.0,CENTRO,5
2.16,28.0,1.1,3.6,43.09,4.7,71.0,4.1,1.9,257.0,CENTRO,6
2.36,11.0,2.0,5.8,45.01,7.8,66.0,4.4,3.0,229.0,CENTRO,7
2.57,9.0,4.3,6.4,43.81,10.6,81.0,5.2,2.0,258.0,CENTRO,8
2.63,16.0,4.7,6.2,45.75,10.9,95.0,4.9,2.3,224.0,CENTRO,9
2.54,29.0,3.1,6.1,50.71,9.2,94.0,6.3,2.9,281.0,CENTRO,10
2.61,45.0,1.8,5.5,58.51,7.3,91.0,5.1,3.4,86.0,CENTRO,11
2.44,70.0,1.2,3.5,54.73,4.7,90.0,4.9,3.2,46.0,CENTRO,12
2.32,77.0,1.1,2.2,39.73,3.4,78.0,5.7,6.8,41.0,CENTRO,13
2.13,84.0,1.0,1.8,39.73,2.8,72.0,5.5,8.4,83.0,CENTRO,14
2.13,98.0,1.0,1.6,39.9,2.6,71.0,3.8,8.5,86.0,CENTRO,15
2.13,93.0,1.0,1.7,36.37,2.7,72.0,3.8,9.3,103.0,CENTRO,16
2.15,98.0,1.0,1.7,37.65,2.7,70.0,4.5,8.6,88.0,CENTRO,17
2.16,88.0,1.0,1.85,37.56,2.9,65.0,5.2,7.3,109.0,CENTRO,18
2.22,82.0,1.0,2.0,41.39,3.1,63.0,4.6,6.1,141.0,CENTRO,19
2.21,71.0,1.0,2.1,41.2,3.1,59.0,5.0,2.3,177.0,CENTRO,20
2.34,63.0,1.0,2.9,43.38,3.9,58.0,4.1,2.3,146.0,CENTRO,21
2.45,52.0,1.0,3.8,44.69,4.8,59.0,3.6,1.9,154.0,CENTRO,22
2.32,58.0,1.0,2.4,43.12,3.4,57.0,3.6,1.3,345.0,CENTRO,23
2.27,54.0,1.0,2.2,41.72,3.2,47.0,3.55,1.8,109.0,CENTRO,0
2.14,62.0,1.0,1.1,42.053333333333335,2.1,28.0,3.5,3.2,206.0,CENTRO,1
2.2,49.0,1.24,1.62,42.38666666666666,2.8600000000000003,40.0,3.8,3.4,228.0,CENTRO,2
2.16,53.0,1.4800000000000002,2.14,42.72,3.62,58.0,3.7,2.4,233.0,CENTRO,3
2.18,44.0,1.7200000000000002,2.66,44.44,4.38,56.0,4.3,4.3,242.0,CENTRO,4
2.18,34.0,1.9600000000000002,3.18,47.8,5.140000000000001,81.0,4.5,1.9,233.0,CENTRO,5
2.18,31.0,2.2,3.7,41.71,5.9,75.0,4.3,3.6,229.0,CENTRO,6
2.31,25.0,2.4,4.3,40.02,6.6,61.0,4.2,3.0,255.0,CENTRO,7
2.47,16.0,3.1,5.5,42.23,8.5,58.0,4.8,3.6,227.0,CENTRO,8
2.47,24.0,2.8,5.2,40.03,8.0,71.0,4.8,2.9,245.0,CENTRO,9
2.39,40.0,2.1,5.2,43.06,7.3,76.0,5.6,3.5,227.0,CENTRO,10
2.41,69.0,1.4,3.7,47.83,5.1,93.0,5.7,3.6,18.0,CENTRO,11
2.35,79.0,1.1,2.0,40.32,3.1,78.0,4.5,5.7,10.0,CENTRO,12
2.22,92.0,1.0,1.5,40.85,2.6,60.0,4.0,5.9,347.0,CENTRO,13
2.1,83.0,1.0,2.0,36.91,3.1,62.0,6.2,6.1,40.0,CENTRO,14
2.05,80.0,1.0,1.5,28.98,2.6,69.0,4.4,5.5,10.0,CENTRO,15
2.1,81.0,1.0,1.3,27.73,2.3,48.0,3.4,5.0,21.0,CENTRO,16
2.07,76.0,1.0,1.5,29.12,2.6,48.0,3.3,6.2,42.0,CENTRO,17
2.08,59.0,1.1,2.0,27.06,3.0,61.0,3.2,5.6,14.0,CENTRO,18
2.11,43.0,1.0,2.9,24.6,3.9,52.0,5.1,5.6,41.0,CENTRO,19
2.15,37.0,1.0,2.7,26.95,3.8,48.0,3.6,2.1,56.0,CENTRO,20
2.28,24.0,1.05,3.8,27.43,4.9,43.0,3.4,1.7,228.0,CENTRO,21
2.32,20.0,1.1,4.1,27.836666666666666,5.3,32.0,3.2,2.3,251.0,CENTRO,22
2.27,22.0,1.0,3.7,28.243333333333332,4.8,27.0,3.1,1.5,230.0,CENTRO,23
2.2,31.0,1.0,2.5,28.65,3.5,33.0,3.9,3.2,239.0,CENTRO,0
2.23,30.0,1.0666666666666667,2.9,37.51,3.9,39.0,6.3,4.4,227.0,CENTRO,1
2.12,41.0,1.1333333333333333,1.9,34.36,2.9,52.0,7.3,5.6,230.0,CENTRO,2
2.08,41.0,1.2,1.8,29.61,2.9,55.0,6.2,4.3,242.0,CENTRO,3
2.05,42.0,1.2666666666666666,1.5,28.76,2.6,51.0,6.2,4.6,245.0,CENTRO,4
2.06,36.0,1.3333333333333333,2.0,30.43,3.1,45.0,5.0,5.8,233.0,CENTRO,5
2.18,19.0,1.4,4.0,28.3,5.3,52.0,4.5,2.2,268.0,CENTRO,6
2.57,6.0,5.2,5.4,35.89,10.6,62.0,3.6,1.8,272.0,CENTRO,7
2.8,7.0,8.4,5.5,38.92,14.0,75.0,4.7,2.7,241.0,CENTRO,8
2.36,21.0,2.7,4.7,29.03,7.4,100.0,6.5,5.5,223.0,CENTRO,9
2.67,26.0,3.5,6.4,38.01,9.9,81.0,6.1,2.7,326.0,CENTRO,10
2.77,37.0,2.9,7.3,49.31,10.2,99.0,12.0,4.1,109.0,CENTRO,11
2.31,64.0,1.4,3.9,36.35,5.2,99.0,6.9,4.3,37.0,CENTRO,12
2.3,88.0,1.1,3.2,38.4,4.4,69.0,4.7,3.9,8.0,CENTRO,13
2.3,105.0,1.0,3.1,39.56,4.2,77.0,4.4,4.4,61.0,CENTRO,14
2.26,113.0,1.0,3.1,38.05,4.1,74.0,5.9,5.3,146.0,CENTRO,15
2.19,118.0,1.0333333333333334,2.9,37.5,3.9,81.0,5.0,5.0,177.0,CENTRO,16
2.2,114.0,1.0666666666666667,3.1,36.53,4.2,75.0,4.4,5.8,158.0,CENTRO,17
2.38,86.0,1.1,4.7,37.27,5.8,74.0,3.8,4.5,173.0,CENTRO,18
2.4,87.0,1.0,4.4,37.76,5.5,70.0,3.7,3.2,167.0,CENTRO,19
2.5,61.0,1.1,5.4,39.4,6.6,65.0,3.5,1.4,241.0,CENTRO,20
2.54,43.0,1.0,5.2,38.67,6.3,65.0,3.5,3.3,234.0,CENTRO,21
2.63,25.0,1.0,6.2,48.09,7.3,61.0,6.7,3.6,235.0,CENTRO,22
2.46,28.0,1.0285714285714285,5.7,48.43,6.8,77.0,8.0,3.7,226.0,CENTRO,23
2.35,29.0,1.0571428571428572,5.2,39.17,6.3,81.0,8.1,2.5,251.0,CENTRO,0
2.23,37.0,1.0857142857142856,3.9,38.37,4.9,72.0,7.9,5.9,228.0,CENTRO,1
2.12,44.0,1.1142857142857143,2.7,33.06,3.7,70.0,8.0,6.9,234.0,CENTRO,2
2.08,44.0,1.1428571428571428,2.3,32.89,3.4,67.0,7.3,5.4,225.0,CENTRO,3
2.04,43.0,1.1714285714285715,2.2,28.51,3.3,72.0,7.6,3.3,249.0,CENTRO,4
2.23,25.0,1.2,4.1,35.91,5.3,56.0,5.5,1.1,351.0,CENTRO,5
2.52,7.0,2.2,6.1,41.31,8.3,63.0,4.2,1.1,299.0,CENTRO,6
2.46,7.0,3.3,6.0,45.01,9.2,86.0,5.0,1.9,283.0,CENTRO,7
2.55,10.0,4.4,5.7,41.46,10.1,102.0,5.7,1.1,326.0,CENTRO,8
2.67,17.0,5.2,6.6,42.42,11.7,87.0,6.5,2.0,191.0,CENTRO,9
2.25,36.0,1.9,4.5,31.64,6.4,125.0,6.1,3.6,244.0,CENTRO,10
2.2,55.0,1.4,3.6,32.42,4.9,63.0,5.9,3.8,90.0,CENTRO,11
2.37,66.0,1.5,5.4,36.33,6.9,69.0,6.6,5.1,126.0,CENTRO,12
2.56,67.0,1.4,7.2,54.05,8.6,81.0,11.9,5.6,96.0,CENTRO,13
2.12,65.82,1.9,2.8,37.85,4.7,108.0,4.5,4.5,2.0,CENTRO,14
2.01,64.64,4.1,2.4,35.69,6.4,77.0,3.8,3.4,2.0,CENTRO,15
1.93,63.46,5.9,2.1,34.56,8.0,63.0,3.5,2.3,29.0,CENTRO,16
1.9,62.28,4.4,2.0,34.96,6.4,71.0,3.9,6.4,102.0,CENTRO,17
2.01,43.0,2.6,2.4,34.3,5.0,67.0,3.5,4.5,153.0,CENTRO,18
2.1,37.0,1.3,3.7,33.39,5.0,52.0,3.5,2.2,189.0,CENTRO,19
2.18,33.0,1.1,3.3,39.19,4.4,54.0,4.1,1.1,23.0,CENTRO,20
2.33,31.0,1.1,3.6,45.71,4.8,54.0,4.2,0.9,337.0,CENTRO,21
2.57,30.0,1.05,5.8,50.73,7.0,57.0,4.0,0.9,252.0,CENTRO,22
2.51,26.0,1.0,5.0,51.65,6.1,61.0,5.1,1.6,250.0,CENTRO,23
2.33,25.0,1.0,3.4,40.04,4.4,65.0,6.1,2.4,264.0,CENTRO,0
2.26,23.0,1.0,2.9,37.99,3.9,51.0,6.7,3.3,241.0,CENTRO,1
2.12,23.0,1.0,1.8,36.74,2.8,55.0,7.8,3.4,228.0,CENTRO,2
2.07,18.0,1.0,1.7,34.4,2.7,51.0,8.1,3.1,252.0,CENTRO,3
2.04,17.0,1.0,1.7,29.94,2.7,45.0,8.2,2.8,246.0,CENTRO,4
2.02,17.0,1.0,1.8,31.14,2.7,57.0,7.8,5.5,229.0,CENTRO,5
2.02,14.0,1.0,1.9,26.89,2.9,52.0,6.4,3.1,264.0,CENTRO,6
2.42,11.0,1.6,5.0,36.73,6.6,48.0,6.0,1.6,339.0,CENTRO,7
2.35,11.0,1.7,4.4,33.74,6.1,81.0,6.9,1.2,27.0,CENTRO,8
2.15,15.0,1.4,2.8,29.5,4.3,60.0,7.6,4.2,236.0,CENTRO,9
2.09,22.0,1.1,2.1,27.98,3.3,52.0,6.5,2.6,241.0,CENTRO,10
2.1,31.0,1.1,2.4,29.13,3.6,36.0,6.5,2.1,154.0,CENTRO,11
2.39,39.0,1.4,5.3,50.184999999999995,6.7,38.0,11.3,3.8,13.0,CENTRO,12
2.68,47.0,1.2,7.1,71.24,8.3,74.0,16.8,7.2,50.0,CENTRO,13
2.24,52.0,1.0,2.8,46.54,3.7,115.0,5.9,7.6,87.0,CENTRO,14
2.06,52.0,1.0,1.7,38.52,2.7,67.0,4.1,7.7,71.0,CENTRO,15
1.97,51.5,1.0,1.3,31.19,2.3,61.0,3.7,8.1,107.0,CENTRO,16
1.92,48.0,1.0,1.1,28.65,2.0,50.0,4.0,8.6,148.0,CENTRO,17
1.95,43.0,1.0,1.3,29.01,2.3,43.0,4.1,6.8,147.0,CENTRO,18
2.0,37.0,1.0,1.7,33.22,2.7,41.0,3.6,5.0,128.0,CENTRO,19
2.24,33.0,1.0,3.4,40.82,4.5,41.0,3.5,1.7,181.0,CENTRO,20
2.18,31.0,1.0,2.5,41.67,3.5,55.0,3.5,3.2,172.0,CENTRO,21
2.16,30.0,1.0,2.2,35.7,3.1,46.0,3.3,1.3,302.0,CENTRO,22
2.36,26.0,1.0,3.7,37.49,4.7,38.0,3.6,4.1,20.0,CENTRO,23
2.29,25.0,1.1,3.3,33.9,4.4,58.0,3.4,2.4,346.0,CENTRO,0
2.31,23.0,1.0,3.7,42.72,4.7,56.0,3.6,1.3,309.0,CENTRO,1
2.37,23.0,1.0,3.8,39.77,4.8,58.0,3.8,0.9,258.0,CENTRO,2
2.31,18.0,1.0,3.5,39.23,4.5,58.0,5.3,1.9,241.0,CENTRO,3
2.18,17.0,1.0,2.6,35.82,3.6,53.0,6.7,1.2,245.0,CENTRO,4
2.18,17.0,1.0,2.5,36.22,3.5,55.0,5.7,0.9,210.0,CENTRO,5
2.44,14.0,1.7,3.8,37.78,5.5,51.0,4.2,1.1,220.0,CENTRO,6
2.48,11.0,4.8,5.1,36.63,9.9,54.0,6.8,4.2,240.0,CENTRO,7
2.58,11.0,6.2,5.6,31.99,11.7,78.0,7.6,3.6,232.0,CENTRO,8
2.4,15.0,3.5,4.8,32.02,8.2,91.0,8.6,3.8,236.0,CENTRO,9
2.56,22.0,3.1,5.5,35.94,8.6,85.0,8.1,2.4,48.0,CENTRO,10
3.76,12.719999999999999,3.1,10.7,73.87,13.8,93.0,13.1,3.9,38.0,CENTRO,11
3.07,11.54,2.0,9.5,71.93,11.5,167.0,13.3,4.8,49.0,CENTRO,12
2.41,10.36,1.1,4.2,44.66,5.4,149.0,6.4,6.7,67.0,CENTRO,13
2.19,9.18,1.0,2.1,40.12,3.1,79.0,4.5,9.3,77.0,CENTRO,14
2.06,8.0,1.0,1.8,34.84,2.8,86.0,3.9,11.5,95.0,CENTRO,15
2.02,16.0,1.0,1.7,34.12,2.7,78.0,5.0,11.5,96.0,CENTRO,16
2.0,14.0,1.0,1.7,32.76,2.7,67.0,5.6,12.5,93.0,CENTRO,17
2.02,13.0,1.0,1.9,25.74,2.9,63.0,7.2,11.8,98.0,CENTRO,18
2.07,12.0,1.0,2.3,28.51,3.3,49.0,4.6,6.1,138.0,CENTRO,19
2.09,13.0,1.0,2.0,27.43,3.0,42.0,4.2,5.0,131.0,CENTRO,20
2.16,13.0,1.0,2.4,30.71,3.5,42.0,4.3,3.0,140.0,CENTRO,21
2.12,14.0,1.0,1.8,30.58,2.8,45.0,4.6,4.4,112.0,CENTRO,22
2.17,16.0,1.0,1.9,31.04,2.9,38.0,3.9,2.4,96.0,CENTRO,23
2.22,17.0,1.05,1.8,28.33,2.8,39.0,4.4,1.4,267.0,CENTRO,0
2.21,17.0,1.1,2.1,32.98,3.2,43.0,3.9,2.5,15.0,CENTRO,1
2.18,16.0,1.3,2.4,35.53,3.7,43.0,4.5,4.6,49.0,CENTRO,2
2.25,15.0,3.1,3.0,43.98,6.1,57.0,5.7,4.3,56.0,CENTRO,3
2.22,15.0,1.3,2.4,41.95,3.7,72.0,5.4,1.8,95.0,CENTRO,4
2.24,16.0,1.2,2.8,41.89,4.1,61.0,4.9,1.3,195.0,CENTRO,5
2.29,16.0,1.6,3.6,41.4,5.2,65.0,8.4,4.4,230.0,CENTRO,6
2.4,15.0,3.1,4.4,38.17,7.6,65.0,11.2,5.6,231.0,CENTRO,7
2.43,14.0,2.9,4.5,39.84,7.4,81.0,11.5,6.3,233.0,CENTRO,8
2.54,15.0,3.4,4.9,35.7,8.3,83.0,9.8,4.8,223.0,CENTRO,9
2.51,16.0,2.8,4.5,44.62,7.3,84.0,9.4,2.3,217.0,CENTRO,10
2.55,15.0,4.4,4.9,54.53,9.2,88.0,10.8,4.9,62.0,CENTRO,11
2.3,17.0,1.1,1.7,50.41,2.9,111.0,6.0,9.4,87.0,CENTRO,12
2.2,18.0,1.0,1.1,40.09,2.2,90.0,4.7,10.2,84.0,CENTRO,13
2.14,18.0,1.0,0.9,38.28,1.9,60.0,4.0,8.7,80.0,CENTRO,14
2.16,17.0,1.0166666666666666,1.2,42.47,2.2,70.0,3.9,9.0,84.0,CENTRO,15
2.17,17.0,1.0333333333333332,1.3,38.02,2.3,87.0,3.5,8.1,79.0,CENTRO,16
2.18,17.0,1.05,1.3,38.88,2.4,83.0,3.4,9.2,113.0,CENTRO,17
2.16,17.333333333333332,1.0666666666666667,1.2,39.43,2.2,55.0,3.4,7.8,149.0,CENTRO,18
2.14,17.666666666666668,1.7,1.1,34.54,2.0,52.0,3.1,7.0,152.0,CENTRO,19
2.19,18.0,1.6,1.5,33.004999999999995,2.5,35.0,3.0,5.7,128.0,CENTRO,20
2.16,18.0,1.6,1.1,31.47,2.1,42.0,2.9,7.1,135.0,CENTRO,21
2.17,19.0,1.1333333333333333,1.1,35.09,2.1,46.0,2.9,7.0,110.0,CENTRO,22
2.14,20.0,1.15,0.8,34.0,1.8,39.0,3.9,7.6,108.0,CENTRO,23
2.15,20.0,1.1666666666666665,0.7,30.12,1.5,46.0,3.0,4.4,87.0,CENTRO,0
2.16,20.0,1.1833333333333333,0.7,28.75,1.6,46.0,2.9,4.6,60.0,CENTRO,1
2.19,19.0,1.2,1.1,28.77,2.2,41.0,3.0,5.7,49.0,CENTRO,2
2.19,18.0,1.8,1.6,25.6,3.4,43.0,4.2,5.0,79.0,CENTRO,3
2.18,19.0,1.0,1.1,25.82,2.0,36.0,3.6,3.8,105.0,CENTRO,4
2.21,18.0,1.1,1.3,29.49,2.4,31.0,3.3,2.0,173.0,CENTRO,5
2.26,18.0,1.3,1.6,31.29,2.9,34.0,3.1,0.9,226.0,CENTRO,6
2.41,17.0,2.6,2.2,31.02,4.8,36.0,3.2,1.4,286.0,CENTRO,7
2.58,15.0,4.7,2.9,38.53,7.6,54.0,5.1,2.8,247.0,CENTRO,8
2.61,14.0,4.1,3.2,41.88,7.3,72.0,6.7,2.7,10.0,CENTRO,9
2.55,17.0,2.2,2.9,36.3,5.1,79.0,4.6,4.1,1.0,CENTRO,10
2.53,19.0,1.6,3.2,39.3,4.8,68.0,4.5,3.5,18.0,CENTRO,11
2.6,18.0,1.5,4.4,48.11,5.9,64.0,5.8,5.4,112.0,CENTRO,12
2.52,29.0,1.1,3.0,47.5,4.1,82.0,4.7,7.2,84.0,CENTRO,13
2.37,27.0,1.0,2.2,48.09,3.2,75.0,4.8,6.2,91.0,CENTRO,14
2.27,23.0,1.0,1.8,44.3,2.9,83.0,5.3,5.6,123.0,CENTRO,15
2.23,20.0,1.0266666666666666,1.6,41.81,2.6,75.0,4.3,8.1,97.0,CENTRO,16
2.18,17.0,1.0533333333333332,1.5,41.74,2.5,90.0,3.7,8.8,101.0,CENTRO,17
2.16,15.0,1.08,1.4,35.71,2.4,61.0,3.5,8.3,150.0,CENTRO,18
2.16,14.0,1.1066666666666667,1.3,38.05,2.3,50.0,3.2,8.1,149.0,CENTRO,19
2.19,13.0,1.6,1.5,37.72,2.6,52.0,3.2,6.1,127.0,CENTRO,20
2.21,13.0,1.6,1.6,36.49,2.6,46.0,3.0,4.0,113.0,CENTRO,21
2.25,13.0,1.6,1.7,38.52,2.7,43.0,3.0,2.9,134.0,CENTRO,22
2.33,14.0,1.6,2.2,38.8975,3.2,37.0,2.8,2.3,193.0,CENTRO,23
2.32,15.0,1.6,2.3,39.275,3.3,22.0,3.2,4.2,213.0,CENTRO,0
2.28,17.0,1.6,2.4,39.6525,3.4,21.0,4.6,5.3,229.0,CENTRO,1
2.27,17.0,1.2933333333333332,2.5,40.03,3.6,56.0,4.5,2.8,248.0,CENTRO,2
2.28,17.0,1.3199999999999998,2.4,41.49,3.4,58.0,4.6,4.0,230.0,CENTRO,3
2.2,16.666666666666668,1.3466666666666667,2.1,39.31,3.1,70.0,6.3,3.2,249.0,CENTRO,4
2.24,16.333333333333332,1.3733333333333333,2.5,42.15,3.6,68.0,5.5,2.6,237.0,CENTRO,5
2.47,16.0,1.4,4.8,43.23,6.2,80.0,4.2,1.4,239.0,CENTRO,6
2.54,14.0,3.2,5.2,41.46,8.3,83.0,4.8,1.2,254.0,CENTRO,7
2.91,11.0,7.0,5.7,45.22,12.6,81.0,6.4,1.8,283.0,CENTRO,8
2.8,10.0,4.8,5.9,43.36,10.7,103.0,7.7,3.1,224.0,CENTRO,9
2.5,13.0,2.3,4.9,37.59,7.1,97.0,7.7,3.2,211.0,CENTRO,10
2.46,14.0,1.8,4.8,38.59,6.7,93.0,7.4,2.8,280.0,CENTRO,11
2.45,19.0,1.4,4.7,39.33,6.0,93.0,6.0,3.9,46.0,CENTRO,12
2.55,16.0,1.2,5.8,43.83,7.0,99.0,7.9,4.0,67.0,CENTRO,13
2.4,12.0,1.0,4.0,47.26,5.1,87.0,7.4,7.0,94.0,CENTRO,14
2.17,10.0,1.4,2.2,44.1,3.6,108.0,4.4,7.6,83.0,CENTRO,15
2.05,8.0,2.0,2.0,31.9,3.9,88.0,4.2,7.8,83.0,CENTRO,16
2.05,6.0,2.1,2.1,32.6,4.3,77.0,3.9,8.8,84.0,CENTRO,17
2.16,6.0,2.0,3.1,27.92,5.1,61.0,3.8,9.4,102.0,CENTRO,18
2.14,5.0,1.5,3.3,32.71,4.8,59.0,3.7,9.7,83.0,CENTRO,19
2.21,5.0,1.6,3.8,34.18,5.5,65.0,3.7,8.2,105.0,CENTRO,20
2.09,5.0,1.6,2.6,32.88,4.3,62.0,4.0,8.1,45.0,CENTRO,21
2.01,5.166666666666667,1.5,2.5,30.3,4.1,84.0,3.4,6.2,21.0,CENTRO,22
2.01,5.333333333333333,1.5,1.9,28.28,3.4,104.0,3.3,6.9,32.0,CENTRO,23
2.09,5.5,1.4,1.9,27.93,3.3,117.0,3.3,5.1,48.0,CENTRO,0
2.11,5.666666666666667,1.3,2.7,25.51,4.0,95.0,4.9,3.5,102.0,CENTRO,1
2.1,5.833333333333333,1.3,3.2,30.3,4.4,93.0,8.4,6.1,124.0,CENTRO,2
2.04,6.0,1.0,1.3,20.73,2.4,88.0,3.6,6.9,133.0,CENTRO,3
2.12,9.0,1.0,2.2,24.37,3.2,76.0,5.4,6.1,137.0,CENTRO,4
2.19,11.0,1.1500000000000001,2.4,28.3,3.5,83.0,4.6,5.8,104.0,CENTRO,5
2.25,12.0,1.3,4.0,29.1,5.3,79.0,5.4,4.9,107.0,CENTRO,6
2.22,13.0,1.0,2.5,25.33,3.6,95.0,3.2,6.8,51.0,CENTRO,7
2.38,14.0,1.2,3.0,26.32,4.2,93.0,3.2,5.0,68.0,CENTRO,8
2.41,15.0,1.3,2.7,28.91,4.0,105.0,3.3,11.2,23.0,CENTRO,9
2.39,16.0,1.5,2.6,37.78,4.1,131.0,3.4,10.1,27.0,CENTRO,10
2.35,17.0,1.3,2.1,36.6,3.5,142.0,3.2,13.2,19.0,CENTRO,11
2.31,18.0,1.2,1.9,31.21,3.1,138.0,3.3,11.9,24.0,CENTRO,12
2.26,19.0,1.1,2.0,30.45,3.2,124.0,3.2,11.0,29.0,CENTRO,13
2.29,19.0,1.2,2.4,32.09,3.6,93.0,3.3,8.9,56.0,CENTRO,14
2.42,18.0,1.8,3.4,34.53,5.3,111.0,4.1,7.7,59.0,CENTRO,15
2.44,17.0,1.8,3.7,38.82,5.5,108.0,5.0,6.9,64.0,CENTRO,16
2.39,18.0,1.3,2.8,31.71,4.1,120.0,3.7,6.2,33.0,CENTRO,17
2.5,18.0,1.6,4.5,35.88,6.1,91.0,4.6,5.7,63.0,CENTRO,18
2.51,16.0,1.7,5.8,37.74,7.5,83.0,8.2,3.4,87.0,CENTRO,19
2.53,15.0,2.3,5.4,39.95,7.8,73.0,9.2,6.3,67.0,CENTRO,20
2.45,16.0,1.1,3.8,35.07,4.9,84.0,6.5,6.8,66.0,CENTRO,21
2.45,17.0,1.1,3.5,44.23,4.6,66.0,3.6,4.8,44.0,CENTRO,22
2.29,18.0,1.0,1.5,30.99,2.5,63.0,3.3,5.4,112.0,CENTRO,23
2.24,19.0,1.0,1.1,32.49,2.0,50.0,3.1,5.4,123.0,CENTRO,0
2.21,20.0,1.1500000000000001,0.9,29.69,1.9,42.0,2.9,5.9,117.0,CENTRO,1
2.33,19.0,1.3,3.0,38.2,4.2,44.0,3.8,4.7,71.0,CENTRO,2
2.46,16.0,3.4,4.6,47.96,8.0,60.0,4.8,3.1,23.0,CENTRO,3
2.48,15.0,1.7,4.3,47.6,6.0,95.0,3.6,1.4,4.0,CENTRO,4
2.48,16.0,1.2,3.9,40.77,5.1,74.0,3.2,1.1,353.0,CENTRO,5
2.48,16.0,1.6,3.8,47.54,5.4,64.0,3.1,0.9,355.0,CENTRO,6
2.63,15.0,3.9,4.1,49.24,7.9,94.0,3.2,1.8,64.0,CENTRO,7
2.65,13.0,4.4,3.7,38.39,8.0,97.0,3.3,2.1,113.0,CENTRO,8
2.7,13.0,4.4,4.4,49.07,8.8,64.0,5.6,2.4,19.0,CENTRO,9
2.61,15.0,2.4,4.3,53.15,6.7,95.0,6.1,3.7,22.0,CENTRO,10
2.6,18.0,1.8,4.1,45.73,5.9,93.0,5.6,3.7,19.0,CENTRO,11
2.67,20.0,2.6,6.5,57.94,9.0,84.0,10.2,5.6,41.0,CENTRO,12
2.68,20.0,1.7,6.6,67.23,8.4,103.0,13.6,5.3,43.0,CENTRO,13
2.63,21.0,1.2,5.0,61.73,6.2,102.0,10.5,6.1,71.0,CENTRO,14
2.42,23.0,1.0,2.6,48.62,3.7,98.0,5.7,7.7,69.0,CENTRO,15
2.31,21.0,1.0,1.6,40.1,2.7,80.0,4.0,6.2,80.0,CENTRO,16
2.23,20.0,1.25,1.0,35.93,2.1,60.0,3.4,6.9,125.0,CENTRO,17
2.23,20.0,1.5,1.0,35.06,2.6,51.0,3.2,8.1,146.0,CENTRO,18
2.27,19.0,1.9,1.3,34.56,3.2,45.0,3.1,8.5,123.0,CENTRO,19
2.36,19.0,1.9,1.9,32.5,3.7,40.0,2.9,5.6,102.0,CENTRO,20
2.31,20.0,2.0666666666666664,1.5,33.6,3.3,35.0,3.0,5.4,119.0,CENTRO,21
2.28,20.0,2.2333333333333334,1.2,26.26,3.1,32.0,2.9,4.7,107.0,CENTRO,22
2.66,19.0,2.4,3.7,36.97,6.1,40.0,3.0,2.8,23.0,CENTRO,23
2.59,16.0,2.2,4.2,47.68,6.4,63.0,3.8,3.0,357.0,CENTRO,0
2.56,16.0,2.0,3.4,41.77,5.4,67.0,3.6,1.7,290.0,CENTRO,1
2.52,16.0,2.0,3.2,40.29,5.2,65.0,3.1,3.6,322.0,CENTRO,2
2.43,17.0,2.057142857142857,2.8,33.79,4.7,57.0,3.1,2.7,6.0,CENTRO,3
2.39,16.0,2.1142857142857143,3.0,39.39,5.0,53.0,3.7,2.7,63.0,CENTRO,4
2.42,16.0,2.1714285714285713,2.8,39.27,4.8,49.0,3.3,1.8,323.0,CENTRO,5
2.47,16.0,2.2285714285714286,2.4,39.92,4.4,48.0,3.0,3.7,330.0,CENTRO,6
2.46,15.0,2.2857142857142856,2.3,44.43,4.3,52.0,2.9,3.2,315.0,CENTRO,7
2.46,16.0,2.342857142857143,2.1,48.14,4.1,61.0,3.0,3.7,312.0,CENTRO,8
2.55,16.0,2.4,2.3,51.8,4.6,61.0,3.4,2.7,7.0,CENTRO,9
2.67,17.0,2.2,2.7,57.3,4.8,90.0,3.4,3.1,36.0,CENTRO,10
2.63,20.0,1.9,2.8,56.89,4.7,95.0,4.0,3.0,42.0,CENTRO,11
2.68,21.0,1.6,3.5,55.32,5.0,80.0,4.4,4.3,83.0,CENTRO,12
2.72,19.0,1.6,4.7,58.0,6.3,78.0,8.3,4.9,71.0,CENTRO,13
2.53,16.0,1.5,4.3,49.9,5.9,90.0,10.9,6.6,71.0,CENTRO,14
2.37,14.0,1.5,2.8,47.44,4.2,76.0,6.9,6.3,86.0,CENTRO,15
2.45,16.0,1.4,2.1,50.68,3.4,63.0,4.4,7.3,83.0,CENTRO,16
2.39,15.0,1.4,1.9,49.64,3.2,77.0,4.0,8.6,81.0,CENTRO,17
2.34,13.0,1.2,1.7,37.04,2.9,75.0,3.5,7.2,117.0,CENTRO,18
2.35,11.0,1.2,1.8,37.3,3.1,70.0,3.3,6.7,121.0,CENTRO,19
2.35,11.0,1.4,1.8,39.09,3.2,59.0,3.1,6.5,104.0,CENTRO,20
2.39,10.0,1.2,2.1,37.31,3.4,53.0,3.0,3.2,65.0,CENTRO,21
2.55,10.0,1.2,2.7,39.230000000000004,4.0,43.0,3.0,2.2,314.0,CENTRO,22
2.55,10.0,1.3,3.2,41.15,4.5,53.0,3.2,4.7,36.0,CENTRO,23
2.33,10.25,1.7,2.6,32.48,4.3,58.0,3.4,5.1,16.0,CENTRO,0
2.36,10.5,1.4,2.9,39.22,4.3,44.0,3.5,3.4,359.0,CENTRO,1
2.38,10.75,1.2,2.7,42.23,4.0,50.0,3.2,3.5,19.0,CENTRO,2
2.4,11.0,1.0,2.1,42.9,3.2,50.0,2.9,1.8,359.0,CENTRO,3
2.44,11.0,1.1,2.5,34.5,3.7,44.0,3.0,1.7,6.0,CENTRO,4
2.55,12.0,1.4,2.7,41.04,4.1,52.0,3.2,2.4,339.0,CENTRO,5
2.6,11.0,2.8,4.5,45.905,7.3,57.0,5.2,2.3,232.0,CENTRO,6
2.77,10.0,6.3,4.5,50.77,10.8,92.0,7.2,3.5,231.0,CENTRO,7
2.89,8.0,7.6,4.25,49.05,12.1,98.0,8.6,4.5,240.0,CENTRO,8
3.06,8.0,5.2,4.0,56.88,9.2,114.0,6.1,2.7,326.0,CENTRO,9
3.17,10.0,4.2,4.6,56.02,8.8,127.0,4.6,4.6,22.0,CENTRO,10
3.04,11.0,3.2,5.5,65.04,8.7,125.0,4.9,5.0,87.0,CENTRO,11
2.79,10.0,3.6,6.4,65.2,10.0,159.0,9.7,7.6,49.0,CENTRO,12
2.58,10.0,1.9,5.8,60.56,7.7,154.0,17.2,6.6,39.0,CENTRO,13
2.55,11.0,1.3,4.3,55.13,5.6,95.0,11.3,7.4,77.0,CENTRO,14
2.45,12.0,1.1,2.6,51.7,3.7,108.0,6.2,7.8,78.0,CENTRO,15
2.41,11.0,1.0,2.3,48.63,3.5,85.0,4.8,9.1,58.0,CENTRO,16
2.28,10.0,1.0,1.7,39.0,2.8,74.0,3.9,8.3,158.0,CENTRO,17
2.25,8.0,1.1,1.8,26.98,3.0,58.0,3.5,6.7,153.0,CENTRO,18
2.28,7.0,1.1,2.2,24.46,3.3,41.0,3.2,6.8,126.0,CENTRO,19
2.31,6.0,1.1333333333333333,2.3,31.73,3.5,38.0,3.1,5.2,139.0,CENTRO,20
2.36,6.0,1.1666666666666667,2.6,25.19,3.8,39.0,3.1,2.8,138.0,CENTRO,21
2.44,6.0,1.2,3.0,29.17,4.2,37.0,2.9,1.6,355.0,CENTRO,22
2.37,6.5,1.4,2.1,32.71,3.5,37.0,3.1,5.1,69.0,CENTRO,23
2.31,7.0,1.1,1.5,29.54,2.7,47.0,3.0,1.6,205.0,CENTRO,0
2.26,8.0,1.0,0.9,26.01,2.0,28.0,2.9,2.9,32.0,CENTRO,1
2.28,10.0,1.3,1.4,30.565,2.7,29.0,3.0,5.5,46.0,CENTRO,2
2.31,10.0,1.6,2.1,35.12,3.7,39.0,4.1,5.1,45.0,CENTRO,3
2.26,11.0,1.0,0.7,38.72,1.8,42.0,3.5,5.1,78.0,CENTRO,4
2.26,12.0,1.0,0.8,37.458,1.8,25.0,3.0,4.0,99.0,CENTRO,5
2.3,12.0,1.1,1.4,36.196,2.6,23.0,3.0,3.6,101.0,CENTRO,6
2.39,12.0,1.3,1.9,34.934,3.2,32.0,3.1,4.7,105.0,CENTRO,7
2.47,11.0,3.8,2.5,33.672,6.3,28.0,3.1,3.7,85.0,CENTRO,8
2.53,10.0,3.2,2.5,32.41,5.7,42.0,3.8,2.8,99.0,CENTRO,9
2.53,11.0,2.4,2.4,37.97,4.8,50.0,4.0,4.9,100.0,CENTRO,10
2.46,12.0,1.9,2.4,43.53,4.3,234.0,4.4,6.1,62.0,CENTRO,11
2.39,12.0,1.4,1.8,43.43,3.1,60.0,3.9,7.2,79.0,CENTRO,12
2.34,11.0,1.4,2.0,39.79,3.4,43.0,4.5,7.2,63.0,CENTRO,13
2.3,10.0,1.2,1.6,32.27,2.9,66.0,4.3,7.1,68.0,CENTRO,14
2.25,13.0,1.1,1.0,32.66,2.1,44.0,3.4,7.5,115.0,CENTRO,15
2.2,24.0,1.1,0.8,32.03,1.9,44.0,3.3,8.5,150.0,CENTRO,16
2.2,11.0,1.0875000000000001,1.0,24.13,2.1,47.0,2.9,9.0,139.0,CENTRO,17
2.24,8.0,1.075,1.5,29.29,2.7,39.0,3.1,8.0,126.0,CENTRO,18
2.26,7.0,1.0625,1.8,31.01,2.9,40.0,2.8,8.0,137.0,CENTRO,19
2.27,6.0,1.05,1.8,29.48,3.0,34.0,2.9,6.5,141.0,CENTRO,20
2.25,6.0,1.0375,1.3,27.95,2.5,36.0,2.8,10.1,106.0,CENTRO,21
2.22,6.0,1.025,0.9,26.86,2.1,58.0,2.7,10.4,96.0,CENTRO,22
2.2,7.0,1.0125,0.7,31.62,1.8,38.0,2.7,11.0,126.0,CENTRO,23
2.21,8.0,1.0,0.6,24.42,1.6,28.0,2.6,9.2,112.0,CENTRO,0
2.23,9.0,1.0,0.6,20.72,1.5,26.0,2.8,8.2,78.0,CENTRO,1
2.25,10.0,1.18,0.675,19.84,1.5,24.0,2.7,7.3,76.0,CENTRO,2
2.27,11.0,1.3599999999999999,0.75,20.735,1.55,23.0,2.8,6.2,66.0,CENTRO,3
2.26,12.0,1.54,0.8250000000000001,21.63,1.6,52.0,2.8,6.7,83.0,CENTRO,4
2.29,12.0,1.72,0.9,25.02,2.0,26.0,2.7,5.2,63.0,CENTRO,5
2.37,12.0,1.9,2.6,25.61,4.5,26.0,3.4,5.6,50.0,CENTRO,6
2.41,11.0,1.5,2.3,22.97,3.8,41.0,3.7,3.9,84.0,CENTRO,7
2.51,9.0,2.0,2.6,30.85,4.7,35.0,3.1,3.7,73.0,CENTRO,8
2.6,8.0,3.2,3.0,33.32,6.2,36.0,4.0,3.1,10.0,CENTRO,9
2.72,8.0,2.3,2.8,35.79,5.1,52.0,3.4,3.9,10.0,CENTRO,10
2.74,10.0,2.2,2.8,38.28,5.0,55.0,3.8,5.4,23.0,CENTRO,11
2.47,10.0,1.7,2.2,35.57,3.9,58.0,3.9,8.4,58.0,CENTRO,12
2.34,12.0,1.4,1.3,27.19,2.7,49.0,3.3,9.9,77.0,CENTRO,13
2.3,12.0,1.5,1.4,28.56,2.9,55.0,3.1,11.6,80.0,CENTRO,14
2.24,12.0,1.4,1.0,30.38,2.4,51.0,3.0,12.1,97.0,CENTRO,15
2.2,14.0,1.3,0.8,23.05,2.1,51.0,3.0,10.9,128.0,CENTRO,16
2.21,11.0,1.3,0.8,23.78,2.1,35.0,2.8,10.1,148.0,CENTRO,17
2.24,12.0,1.2,1.1,29.01,2.4,34.0,2.8,9.2,154.0,CENTRO,18
2.31,8.0,1.3,1.9,19.01,3.2,32.0,2.7,8.7,142.0,CENTRO,19
2.3,7.0,1.3,1.7,26.76,3.0,33.0,2.8,8.2,134.0,CENTRO,20
2.27,6.0,1.2666666666666666,1.4,28.72,2.7,35.0,3.2,7.1,126.0,CENTRO,21
2.27,6.0,1.2333333333333334,1.4,25.76,2.6,35.0,3.0,7.9,100.0,CENTRO,22
2.25,6.0,1.2,0.8,25.21,2.0,35.0,2.8,11.4,136.0,CENTRO,23
2.25,7.0,1.2,0.7,20.11,1.9,33.0,2.8,7.7,122.0,CENTRO,0
2.27,7.0,1.1,0.6,14.47,1.7,26.0,2.7,6.0,98.0,CENTRO,1
2.3,8.0,1.1,0.6,17.64,1.7,26.0,2.6,4.8,79.0,CENTRO,2
2.3,10.0,1.125,0.5,21.4,1.5,24.0,2.7,6.8,102.0,CENTRO,3
2.32,11.0,1.15,0.6,14.81,1.7,21.0,2.7,7.1,71.0,CENTRO,4
2.36,11.0,1.175,1.1,18.59,2.2,24.0,2.7333333333333334,5.7,56.0,CENTRO,5
2.43,11.0,1.2,1.6,23.849999999999998,2.8,27.0,2.7666666666666666,2.5,43.0,CENTRO,6
2.59,10.5,2.1,2.3,29.11,4.5,29.0,2.8,0.9,172.0,CENTRO,7
2.62,10.0,3.3,2.8,34.37,6.2,50.0,3.0,1.4,228.0,CENTRO,8
2.67,10.0,3.0,2.6,34.39,5.6,46.0,3.4,3.9,321.0,CENTRO,9
2.66,10.0,2.7,2.9,36.03,5.5,51.0,3.6,4.0,337.0,CENTRO,10
2.77,9.6,3.5,3.8,40.09,7.2,53.0,4.3,5.0,17.0,CENTRO,11
2.74,9.2,2.6,4.3,45.16,6.9,68.0,5.9,5.5,25.0,CENTRO,12
2.49,8.8,1.5,1.9,33.97,3.4,82.0,4.1,5.9,83.0,CENTRO,13
2.4,8.4,1.5,1.6,24.61,3.1,46.0,3.5,7.0,87.0,CENTRO,14
2.34,8.0,1.6,1.7,30.72,3.3,66.0,3.3,8.3,72.0,CENTRO,15
2.35,7.0,1.7,1.9,27.27,3.6,47.0,3.1,9.2,68.0,CENTRO,16
2.31,6.0,1.6,1.5,26.31,3.1,62.0,2.9,8.2,137.0,CENTRO,17
2.32,6.0,1.5,1.6,27.13,3.1,34.0,2.8,8.1,146.0,CENTRO,18
2.34,6.0,1.5,1.7,30.7,3.033333333333333,32.0,2.8,7.4,147.0,CENTRO,19
2.35,6.25,1.4666666666666666,1.6,28.48,2.966666666666667,35.0,2.7,6.1,129.0,CENTRO,20
2.35,6.5,1.4333333333333333,1.5,29.27,2.9,31.0,2.8,5.3,121.0,CENTRO,21
2.32,6.75,1.4,1.2,24.2,2.6,28.0,2.7,5.5,122.0,CENTRO,22
2.37,7.0,1.5,1.3,30.46,2.7,31.0,2.7,2.7,76.0,CENTRO,23
2.37,8.0,1.5,1.1,23.69,2.7,26.0,2.75,2.2,196.0,CENTRO,0
2.47,9.0,1.9,2.2,27.276666666666667,3.8,22.0,2.8,1.4,339.0,CENTRO,1
2.55,9.0,2.3,3.6,30.863333333333337,5.9,33.0,2.9,2.2,296.0,CENTRO,2
2.54,9.0,2.3,3.1,34.45,5.4,49.0,3.1,3.3,331.0,CENTRO,3
2.47,9.5,2.1,2.1,30.47,4.3,44.0,2.8,1.1,315.0,CENTRO,4
2.5,10.0,2.4,2.4,32.585,4.8,36.0,2.8,0.9,326.0,CENTRO,5
2.81,9.0,3.6,2.6,34.7,6.1,48.0,3.0,0.9,2.0,CENTRO,6
2.81,9.0,5.2,2.9,37.13,8.0,48.0,3.1,3.2,323.0,CENTRO,7
2.86,7.0,5.2,2.9,47.88,8.0,63.0,2.9,4.1,298.0,CENTRO,8
2.91,7.0,5.4,3.7,53.17,9.1,92.0,3.3,3.1,315.0,CENTRO,9
2.95,8.0,4.2,4.4,56.52,8.6,103.0,3.5,3.8,33.0,CENTRO,10
2.83,10.0,3.2,4.2,57.7,7.4,136.0,3.8,3.7,29.0,CENTRO,11
2.85,10.0,2.7,4.1,50.27,6.7,101.0,4.6,4.5,38.0,CENTRO,12
2.81,10.0,2.3,4.2,49.11,6.5,106.0,5.3,4.4,58.0,CENTRO,13
2.71,8.0,2.4,5.4,54.1,7.8,95.0,7.7,6.1,59.0,CENTRO,14
2.53,7.0,2.3,4.4,41.9,6.7,106.0,10.5,7.7,84.0,CENTRO,15
2.5,7.0,2.3,3.4,46.1,5.6,90.0,5.1,6.9,74.0,CENTRO,16
2.46,6.0,2.4,3.5,44.66,5.9,93.0,9.2,10.2,85.0,CENTRO,17
2.42,6.0,2.4,3.1,39.99,5.4,101.0,8.8,10.2,93.0,CENTRO,18
2.41,6.0,2.433333333333333,2.8,46.93,5.1,79.0,8.5,8.2,119.0,CENTRO,19
2.41,5.0,2.466666666666667,2.6,40.06,5.0,62.0,5.2,6.5,129.0,CENTRO,20
2.37,5.0,2.5,2.2,30.63,4.6,51.0,4.3,6.4,139.0,CENTRO,21
2.32,5.0,2.5,1.8,30.66,4.2,44.0,3.6,10.9,92.0,CENTRO,22
2.29,5.166666666666667,2.475,1.3,29.2,3.8,50.0,3.7,9.0,95.0,CENTRO,23
2.3,5.333333333333333,2.4499999999999997,1.3,19.08,3.7,33.0,3.4,10.9,83.0,CENTRO,0
2.29,5.5,2.425,1.0,26.75,3.5,35.0,3.4,9.3,97.0,CENTRO,1
2.28,5.666666666666667,2.4,0.8,19.49,3.1,36.0,3.0,7.2,126.0,CENTRO,2
2.27,5.833333333333333,2.3,0.7,16.15,3.1,21.0,2.9,7.0,125.0,CENTRO,3
2.43,6.0,2.4,1.5,23.985,3.9,18.0,3.1,10.2,37.0,CENTRO,4
2.47,6.0,2.4,1.7,31.82,4.1,59.0,3.4,9.3,83.0,CENTRO,5
2.49,7.0,3.4,2.5,25.7,5.9,62.0,3.6,9.5,97.0,CENTRO,6
2.51,7.0,4.2,2.6,28.08,6.7,66.0,5.8,8.6,103.0,CENTRO,7
2.48,7.0,3.8,2.2,26.44,6.0,62.0,5.9,7.7,119.0,CENTRO,8
2.68,4.0,5.4,2.0,28.69,7.4,52.0,5.9,4.2,136.0,CENTRO,9
2.9,5.0,6.1,2.4,42.05,8.5,61.0,6.3,5.9,96.0,CENTRO,10
2.95,6.0,6.5,2.7,42.45,9.2,112.0,6.4,5.6,71.0,CENTRO,11
2.88,6.0,7.3,3.1,42.63,10.4,88.0,8.5,4.9,69.0,CENTRO,12
2.8,6.0,6.2,3.0,50.3,9.2,94.0,8.6,4.3,48.0,CENTRO,13
2.77,7.0,4.2,3.0,45.89,7.2,82.0,6.6,4.1,124.0,CENTRO,14
2.96,9.0,5.3,3.9,53.73,9.2,62.0,6.9,5.0,80.0,CENTRO,15
2.9,9.0,4.3,3.4,50.93,7.7,64.0,5.4,5.1,85.0,CENTRO,16
2.78,9.0,2.9,2.5,39.47,5.4,57.0,3.8,6.9,90.0,CENTRO,17
2.68,14.0,2.5,2.1,38.89,4.6,47.0,4.1,6.0,91.0,CENTRO,18
2.69,14.0,2.4,2.4,35.62,4.7,43.0,3.3,4.6,88.0,CENTRO,19
2.71,14.0,2.4,2.2,36.93,4.5,42.0,3.1,5.4,72.0,CENTRO,20
2.69,14.166666666666666,2.3499999999999996,2.2,34.43666666666667,4.5,36.0,3.0,5.8,47.0,CENTRO,21
2.64,14.333333333333334,2.3,1.8,31.94333333333333,4.1,33.0,2.9,5.1,65.0,CENTRO,22
2.56,14.5,2.2,0.9,29.45,3.1,36.0,2.9,4.9,97.0,CENTRO,23
2.6,14.666666666666666,2.2,1.2,27.733333333333334,3.5,21.0,2.8666666666666667,3.2,106.0,CENTRO,0
2.59,14.833333333333334,2.2,1.2,26.016666666666666,3.5,32.0,2.833333333333333,4.8,119.0,CENTRO,1
2.56,15.0,2.3,0.9,24.3,3.2,25.0,2.8,4.7,110.0,CENTRO,2
2.55,14.0,2.2,0.9,25.89,3.2,28.0,2.9,3.4,140.0,CENTRO,3
2.58,14.0,2.2,1.3,34.343333333333334,3.5,32.0,2.8,2.3,88.0,CENTRO,4
2.67,14.0,2.4,2.7,42.79666666666667,5.0,33.0,2.9,2.8,280.0,CENTRO,5
2.71,13.333333333333334,2.3,2.9,51.25,5.2,61.0,3.0,1.7,259.0,CENTRO,6
2.78,12.666666666666666,2.6,2.6,51.52,5.2,63.0,3.1,2.6,229.0,CENTRO,7
3.01,12.0,4.7,3.4,60.395,8.1,61.0,4.5,2.7,232.0,CENTRO,8
2.99,12.0,4.6,3.8,69.27,8.4,101.0,5.0,2.3,282.0,CENTRO,9
3.04,13.0,4.4,4.6,69.84,9.0,95.0,5.4,3.2,48.0,CENTRO,10
3.26,13.0,5.9,7.0,76.91,12.8,90.0,8.5,3.5,65.0,CENTRO,11
3.34,11.0,6.3,8.4,82.12,14.7,119.0,18.9,4.8,70.0,CENTRO,12
3.1,11.0,3.1,5.6,70.54,8.7,127.0,12.5,7.0,88.0,CENTRO,13
3.06,14.0,2.4,3.6,71.0,5.9,103.0,6.1,8.2,74.0,CENTRO,14
2.89,15.0,2.3,2.7,62.79,5.0,97.0,5.1,9.7,64.0,CENTRO,15
2.81,13.0,2.3,2.3,56.02,4.6,83.0,4.9,9.0,61.0,CENTRO,16
2.6,10.0,2.3,1.4,40.91,3.8,76.0,3.8,8.0,119.0,CENTRO,17
2.64,8.0,2.3,1.5,34.31,3.8,47.0,3.5,6.2,113.0,CENTRO,18
2.64,7.0,2.4,2.0,37.73,4.4,39.0,3.3,7.8,87.0,CENTRO,19
2.72,6.0,1.6,2.9,34.699999999999996,4.4,41.0,3.3,3.7,341.0,CENTRO,20
2.58,6.0,1.4,2.8,31.67,4.1,53.0,3.4,4.3,110.0,CENTRO,21
2.63,6.0,2.0,2.9,36.25,4.9,31.0,3.7,5.0,46.0,CENTRO,22
2.5,6.25,3.1,2.8,40.83,5.8,51.0,4.0,5.3,9.0,CENTRO,23
2.53,6.5,2.5,2.5,31.12,5.0,42.0,4.6,4.4,18.0,CENTRO,0
2.52,6.75,2.2,1.5,30.1,3.7,39.0,3.3,4.1,28.0,CENTRO,1
2.52,7.0,2.4,2.1,32.91,4.5,38.0,3.4,4.5,44.0,CENTRO,2
2.51,8.0,1.9,0.8,36.51,2.7,46.0,3.2,5.1,60.0,CENTRO,3
2.52,9.0,1.6,0.9,35.355000000000004,2.6,36.0,3.0,4.2,89.0,CENTRO,4
2.52,10.0,1.5,1.1,34.2,2.5,36.0,3.1,3.6,54.0,CENTRO,5
2.55,11.0,1.4,1.5,36.54,2.9,38.0,3.0,2.9,353.0,CENTRO,6
2.67,11.0,2.2,2.3,38.88,4.4,39.0,3.0,2.3,31.0,CENTRO,7
2.8,9.0,4.1,2.6,35.79,6.7,45.0,3.1,2.1,22.0,CENTRO,8
2.91,9.0,3.7,2.7,44.38,6.4,51.0,3.2,3.3,16.0,CENTRO,9
2.81,9.0,3.1,2.5,43.7,5.6,55.0,3.3,4.7,9.0,CENTRO,10
3.08,10.0,3.1,3.8,49.52,6.9,66.0,3.7,5.2,17.0,CENTRO,11
3.03,9.0,3.2,5.1,61.0,8.2,83.0,7.3,7.4,83.0,CENTRO,12
2.84,9.0,1.6,4.0,56.97,5.6,99.0,5.9,7.5,71.0,CENTRO,13
2.83,9.0,1.6,5.2,60.86,6.8,85.0,9.7,7.9,49.0,CENTRO,14
2.67,8.5,1.4,3.9,53.16,5.3,97.0,9.0,7.9,44.0,CENTRO,15
2.57,8.0,1.4,3.0,49.95,4.3,87.0,6.0,8.1,81.0,CENTRO,16
2.51,7.0,1.5,2.5,43.07,4.0,76.0,3.8,10.5,80.0,CENTRO,17
2.55,6.0,1.3,2.3,44.53,3.6,65.0,3.4,7.9,133.0,CENTRO,18
2.65,6.0,1.3,2.9,48.7,4.2,53.0,3.3,6.8,118.0,CENTRO,19
2.58,6.0,1.3,2.4,44.22,3.6,57.0,3.3,6.4,123.0,CENTRO,20
2.74,6.2,1.6,3.7,43.35,5.3,51.0,3.2,8.2,80.0,CENTRO,21
2.44,6.4,1.4,1.5,31.78,2.8,60.0,3.5,15.1,79.0,CENTRO,22
2.53,6.6,1.7,2.2,30.43,3.9,57.0,4.2,11.5,55.0,CENTRO,23
2.54,6.8,1.8,2.6,29.6,4.4,68.0,4.3,9.5,13.0,CENTRO,0
2.48,7.0,1.3,2.0,29.33,3.2,81.0,3.8,8.3,32.0,CENTRO,1
2.51,6.0,1.2,2.1,41.16,3.3,66.0,3.7,7.2,18.0,CENTRO,2
2.7,8.0,1.2,1.7,31.39,2.9,58.0,3.7,5.5,43.0,CENTRO,3
2.9,9.0,1.2,1.8,25.98,3.0,54.0,3.55,8.3,45.0,CENTRO,4
2.57,9.0,1.7,2.1,28.64,3.8,39.0,3.4,7.5,51.0,CENTRO,5
2.72,8.0,3.8,2.1,39.03,5.9,46.0,4.1,7.7,83.0,CENTRO,6
2.67,8.0,2.9,2.0,37.52,4.9,62.0,3.8,8.3,83.0,CENTRO,7
2.8,8.0,4.3,2.0,38.82,6.2,54.0,3.8,6.9,85.0,CENTRO,8
2.97,7.0,6.5,1.9,42.05,8.4,63.0,4.9,5.7,92.0,CENTRO,9
2.94,6.0,10.1,2.0,59.02,12.0,69.0,6.0,5.7,84.0,CENTRO,10
3.05,6.0,9.4,2.2,57.73,11.6,86.0,4.6,6.0,73.0,CENTRO,11
2.92,6.0,6.4,2.2,59.31,8.6,94.0,4.0,7.5,87.0,CENTRO,12
2.86,6.333333333333333,5.9,2.3,52.67,8.2,83.0,3.9,6.6,82.0,CENTRO,13
2.8,6.666666666666667,6.0,2.3,46.2,8.2,79.0,6.1,7.5,63.0,CENTRO,14
2.92,7.0,5.2,2.4,47.61,7.6,78.0,4.3,7.3,83.0,CENTRO,15
2.84,7.0,7.2,2.5,54.73,9.7,79.0,6.7,6.0,69.0,CENTRO,16
2.72,7.0,7.5,2.7,50.42,10.2,86.0,9.4,6.0,83.0,CENTRO,17
2.72,7.5,5.3,2.6,43.25,8.0,78.0,6.0,7.1,77.0,CENTRO,18
2.74,8.0,5.3,2.6,42.3,7.9,68.0,7.3,6.2,43.0,CENTRO,19
2.66,9.0,2.4,2.4,37.85,4.9,62.0,4.4,7.7,20.0,CENTRO,20
2.66,11.0,2.8,2.4,42.15,5.2,52.0,3.7,7.4,48.0,CENTRO,21
2.89,11.0,3.4,2.3,43.22,5.6,52.0,3.4,5.7,38.0,CENTRO,22
2.73,12.0,2.8,2.2,40.99,5.0,52.0,3.2,5.0,52.0,CENTRO,23
2.88,12.0,3.1,2.2,37.339999999999996,5.2,35.0,3.3,6.1,71.0,CENTRO,0
2.69,14.0,1.6,1.9,33.69,3.4,46.0,3.1,6.2,72.0,CENTRO,1
2.61,15.0,1.7,2.1,33.26285714285714,3.9,25.0,3.0,4.4,68.0,CENTRO,2
2.91,15.0,1.6,1.9,32.83571428571428,3.5,25.0,2.9,2.8,86.0,CENTRO,3
2.93,16.0,1.2,1.8,32.40857142857143,3.1,35.0,3.1,4.7,56.0,CENTRO,4
2.98,17.0,1.1,1.7,31.98142857142857,2.9,34.0,3.1,3.2,65.0,CENTRO,5
2.72,16.0,3.3,2.3,31.55428571428571,5.5,33.0,4.1,4.1,129.0,CENTRO,6
2.69,14.0,4.1,2.5,31.127142857142857,6.6,37.0,4.3,4.1,90.0,CENTRO,7
2.81,13.0,6.1,2.6,30.7,8.8,46.0,4.8,3.5,128.0,CENTRO,8
2.9,7.0,7.6,2.5,35.5,10.1,42.0,6.4,4.2,112.0,CENTRO,9
3.0,6.0,8.3,3.1,46.29,11.4,53.0,7.2,3.6,81.0,CENTRO,10
2.83,7.0,8.1,3.4,43.23,11.5,70.0,13.0,4.3,98.0,CENTRO,11
2.89,8.0,4.6,3.8,48.62,8.3,71.0,9.7,5.4,74.0,CENTRO,12
2.84,11.0,3.0,4.0,51.6,7.0,77.0,8.3,6.0,124.0,CENTRO,13
2.81,23.0,2.5,4.1,53.57,6.6,69.0,8.9,5.8,130.0,CENTRO,14
2.68,28.0,1.8,3.1,42.12,4.8,72.0,7.5,5.5,140.0,CENTRO,15
2.61,18.0,1.4,2.7,29.48,4.1,62.0,5.8,5.9,110.0,CENTRO,16
2.67,18.0,1.4,2.9,44.42,4.3,67.0,4.9,8.2,79.0,CENTRO,17
2.79,18.0,1.2,3.6,44.37,4.9,68.0,4.0,8.0,73.0,CENTRO,18
2.83,20.0,1.1,3.7,53.06,4.9,65.0,3.6,7.7,111.0,CENTRO,19
2.71,19.0,1.1,2.7,53.07,3.9,61.0,3.6,7.5,113.0,CENTRO,20
2.68,19.0,1.4,2.4,46.65,3.8,55.0,3.75,8.3,91.0,CENTRO,21
2.66,19.0,1.4,3.6,35.6,5.0,54.0,3.9,4.7,64.0,CENTRO,22
2.57,18.0,1.3,2.9,35.1,4.3,47.0,4.5,4.2,78.0,CENTRO,23
2.53,19.0,1.0,1.4,37.28666666666667,2.5,42.0,3.4,3.6,58.0,CENTRO,0
2.77,18.0,2.0,4.5,39.47333333333333,6.5,34.0,3.7,2.7,303.0,CENTRO,1
2.78,17.0,1.3,4.0,41.66,5.3,59.0,3.3,1.5,242.0,CENTRO,2
2.72,17.0,2.4,4.2,43.99,6.6,45.0,4.7,3.3,249.0,CENTRO,3
2.5814285714285714,15.142857142857142,3.471428571428571,4.0285714285714285,45.117714285714285,7.5,42.0,5.371428571428572,3.071428571428571,244.14285714285714,CENTRO,4
2.442857142857143,13.285714285714286,4.542857142857143,3.857142857142857,46.245428571428576,8.4,39.0,6.042857142857143,2.8428571428571425,239.28571428571428,CENTRO,5
2.3042857142857143,11.428571428571429,5.614285714285714,3.685714285714286,47.37314285714286,9.3,36.0,6.714285714285714,2.6142857142857143,234.42857142857142,CENTRO,6
2.165714285714286,9.571428571428571,6.685714285714285,3.5142857142857142,48.50085714285714,10.200000000000001,33.0,7.385714285714286,2.3857142857142857,229.57142857142858,CENTRO,7
2.027142857142857,7.714285714285714,7.757142857142857,3.342857142857143,26.27,11.1,30.0,8.057142857142857,2.157142857142857,224.71428571428572,CENTRO,8
1.8885714285714286,5.857142857142857,8.828571428571427,3.1714285714285713,28.94,12.0,27.0,8.72857142857143,1.9285714285714284,219.85714285714286,CENTRO,9
1.75,4.0,9.9,3.0,30.36,12.9,24.0,9.4,1.7,215.0,CENTRO,10
3.18,7.0,7.4,5.8,31.595,13.1,57.0,11.4,4.3,49.0,CENTRO,11
3.29,8.0,4.6,6.5,31.630000000000003,11.1,90.0,8.6,4.8,50.0,CENTRO,12
2.82,10.0,2.5,2.9,29.5,5.4,112.0,5.1,7.4,43.0,CENTRO,13
2.6,13.0,2.1,1.9,25.7,4.1,67.0,4.5,8.0,51.0,CENTRO,14
2.56,13.0,2.2,2.4,24.59,4.6,61.0,5.1,7.8,153.0,CENTRO,15
2.59,12.0,2.9,3.0,21.97,5.9,64.0,4.1,11.0,63.0,CENTRO,16
2.55,12.0,2.6,3.0,20.11,5.6,207.0,3.6,10.1,44.0,CENTRO,17
2.66,12.0,2.0,2.8,19.44,4.8,101.0,3.9,9.1,57.0,CENTRO,18
2.68,13.0,2.0,3.7,18.34,5.8,72.0,4.4,8.8,87.0,CENTRO,19
2.6,13.0,2.1,4.2,18.425,6.3,61.0,7.7,7.8,112.0,CENTRO,20
2.61,13.0,2.0,4.1,18.445,6.0,43.0,7.1,5.6,134.0,CENTRO,21
2.79,13.5,2.3,4.5,18.11,6.9,31.0,4.8,4.0,147.0,CENTRO,22
2.63,14.0,2.0,4.2,18.87,6.1,39.0,5.2,5.3,107.0,CENTRO,23
2.54,15.0,1.6,3.3,18.81,5.0,39.0,5.6,4.9,126.0,CENTRO,0
2.48,17.0,1.7,2.9,19.35,4.6,25.0,6.2,5.2,105.0,CENTRO,1
2.57,18.0,1.6,2.2,20.58,3.9,24.0,4.4,1.8,8.0,CENTRO,2
2.67,19.0,1.6,1.3,22.252,3.0,43.0,4.0,2.5,91.0,CENTRO,3
2.53,19.0,1.6500000000000001,2.5,22.89,4.1,25.0,4.1,1.9,154.0,CENTRO,4
2.49,19.0,1.7,2.7,23.005000000000003,4.3,24.0,5.5,4.4,136.0,CENTRO,5
2.51,20.0,1.75,2.2,23.381666666666668,3.9,31.0,4.5,3.5,78.0,CENTRO,6
2.65,20.0,1.8,3.2,24.314999999999998,5.0,35.0,3.9,4.5,84.0,CENTRO,7
2.66,18.0,3.4,4.2,26.27,7.5,34.0,6.6,3.3,114.0,CENTRO,8
2.79,17.0,3.6,3.9,28.94,7.5,45.0,7.9,2.6,65.0,CENTRO,9
2.84,13.0,3.8,4.1,78.94914285714285,8.0,36.0,7.3,5.0,84.0,CENTRO,10
2.88,13.0,4.0,4.9,80.07685714285714,8.9,35.0,10.4,3.9,3.0,CENTRO,11
2.96,16.0,4.2,6.0,81.20457142857143,10.3,50.0,13.0,4.2,90.0,CENTRO,12
2.98,15.0,3.9,6.7,82.3322857142857,10.6,72.0,16.4,6.2,52.0,CENTRO,13
2.82,17.0,2.0,4.3,83.46,6.2,90.0,8.6,6.9,88.0,CENTRO,14
2.77,19.0,2.9,5.4,83.11999999999999,8.2,66.0,8.6,7.5,73.0,CENTRO,15
2.74,20.0,2.1,4.2,82.78,6.4,83.0,6.95,7.2,53.0,CENTRO,16
2.75,21.0,1.7,3.8,83.75611111111111,5.5,79.0,5.3,8.3,82.0,CENTRO,17
2.72,21.0,1.5,3.2,84.73222222222222,4.8,76.0,4.8,9.1,97.0,CENTRO,18
2.7,21.0,1.5,3.0,85.70833333333333,4.4,61.0,5.6,8.0,128.0,CENTRO,19
2.64,21.2,1.54,2.3,86.68444444444444,3.7,46.0,5.1,8.5,116.0,CENTRO,20
2.62,21.4,1.58,2.1,18.445,3.5,37.0,3.9,6.7,113.0,CENTRO,21
2.58,21.6,1.6199999999999999,1.6,18.11,3.0,33.0,3.5,6.4,111.0,CENTRO,22
2.59,21.8,1.66,1.7,18.87,3.1,26.0,3.4,4.2,93.0,CENTRO,23
2.54,22.0,1.7,1.1,18.81,2.8,25.0,3.3,3.9,93.0,CENTRO,0
2.59,22.0,2.5,1.6,19.35,4.2,22.0,3.2,1.3,153.0,CENTRO,1
2.51,22.0,2.5,0.9,20.58,3.4,24.0,3.2,3.9,129.0,CENTRO,2
2.56,23.0,2.2,1.3,22.252,3.5,23.0,3.1,1.7,194.0,CENTRO,3
2.75,21.0,2.5,3.8,22.89,6.3,28.0,4.3,2.2,221.0,CENTRO,4
2.81,19.0,3.2,4.5,23.005000000000003,7.7,56.0,6.8,2.2,235.0,CENTRO,5
2.78,19.0,2.2,4.3,96.44555555555556,6.5,72.0,8.5,2.0,266.0,CENTRO,6
2.83,19.0,3.5,4.2,97.42166666666667,7.7,70.0,6.8,1.0,255.0,CENTRO,7
3.02,17.0,6.9,4.3,98.39777777777778,11.2,67.0,8.6,1.8,243.0,CENTRO,8
3.16,14.0,7.7,5.5,99.37388888888889,13.2,74.0,13.7,3.3,292.0,CENTRO,9
3.24,13.0,6.4,6.5,100.35,12.9,112.0,10.4,3.9,12.0,CENTRO,10
2.95,16.0,2.6,4.7,90.03,7.3,105.0,7.4,3.6,14.0,CENTRO,11
2.94,20.0,2.2,5.1,89.70666666666666,7.4,65.0,7.7,4.2,14.0,CENTRO,12
3.15,19.0,2.6,7.1,89.38333333333334,9.7,64.0,10.6,5.5,82.0,CENTRO,13
3.08,21.0,1.6,5.3,89.06,6.9,135.0,7.1,6.3,82.0,CENTRO,14
2.9,22.0,1.5,3.7,90.05272727272728,5.1,77.0,5.5,7.2,69.0,CENTRO,15
2.78,23.0,1.3,2.7,91.04545454545455,4.0,72.0,5.0,7.6,74.0,CENTRO,16
2.74,24.0,1.3,2.4,92.03818181818183,3.7,62.0,5.0,7.0,61.0,CENTRO,17
2.81,24.0,1.475,2.8,93.03090909090909,4.1,60.0,4.6,6.2,88.0,CENTRO,18
2.94,22.0,1.65,3.6,18.34,4.9,57.0,4.0,2.1,116.0,CENTRO,19
2.91,21.0,1.825,3.6,18.425,4.8,68.0,3.8,2.2,123.0,CENTRO,20
3.34,19.0,2.0,6.8,96.00909090909092,8.9,46.0,3.6,1.7,220.0,CENTRO,21
3.38,17.0,2.5,6.9,97.00181818181818,9.4,65.0,3.5,1.1,220.0,CENTRO,22
3.28,17.0,1.7,6.5,97.99454545454546,8.2,53.0,4.1,2.1,245.0,CENTRO,23
3.3,17.0,2.5,7.05,98.98727272727272,9.5,77.5,7.0,2.35,253.5,CENTRO,0
3.32,17.0,3.3,7.6,99.98,10.8,102.0,9.9,2.6,262.0,CENTRO,1
3.2,17.0,2.1,6.9,98.62836065573771,9.1,94.0,9.4,3.1,247.0,CENTRO,2
3.18,17.0,3.0,6.0,97.27672131147541,9.0,92.0,9.0,2.4,246.0,CENTRO,3
3.08,18.0,1.9,5.8,95.92508196721312,7.7,90.0,9.8,1.8,264.0,CENTRO,4
2.97,19.0,1.5,5.3,94.57344262295082,6.8,84.0,8.9,2.6,247.0,CENTRO,5
2.85,20.0,1.2,3.3,23.381666666666668,4.6,79.0,7.5,1.7,305.0,CENTRO,6
2.82,21.0,1.2,3.8,24.314999999999998,5.0,57.0,9.1,2.5,300.0,CENTRO,7
2.86,20.0,1.8,4.4,26.27,6.2,60.0,11.0,2.0,266.0,CENTRO,8
2.93,19.0,2.3,4.0,28.94,6.3,64.0,12.4,2.8,304.0,CENTRO,9
3.05,21.0,1.7,3.2,30.36,4.9,66.0,11.2,2.7,63.0,CENTRO,10
3.12,22.0,1.8,3.7,31.595,5.4,60.0,9.6,4.3,55.0,CENTRO,11
2.78,23.0,1.2,1.3,31.630000000000003,2.6,57.0,7.1,7.1,22.0,CENTRO,12
2.61,23.0,1.4,2.1,29.5,3.5,18.0,8.4,7.0,69.0,CENTRO,13
2.54,21.0,1.2,1.4,25.7,2.6,29.0,6.2,7.5,89.0,CENTRO,14
2.53,20.0,1.2,1.6,24.59,2.9,28.0,6.9,7.5,72.0,CENTRO,15
2.54,20.0,1.2,1.4,21.97,2.7,27.0,5.2,8.5,97.0,CENTRO,16
2.54,19.0,1.2,1.2,20.11,2.4,39.0,3.8,9.2,98.0,CENTRO,17
2.57,19.0,1.1,1.3,19.44,2.5,34.0,3.5,8.7,114.0,CENTRO,18
2.65,19.0,1.1,1.7,18.34,3.0,30.0,3.5,7.7,99.0,CENTRO,19
2.63,20.0,1.1,1.5,18.425,2.7,42.0,3.6,5.0,106.0,CENTRO,20
2.65,20.0,1.2,1.8,18.445,3.0,24.0,3.7,3.9,154.0,CENTRO,21
2.56,21.0,1.2,1.1,18.11,2.3,23.0,3.6,4.8,143.0,CENTRO,22
2.61,20.0,1.2,1.6,18.87,2.8,26.0,3.6,5.4,101.0,CENTRO,23
2.7,20.0,1.2,2.8,18.81,4.0,21.0,3.7,5.8,67.0,CENTRO,0
2.67,19.0,1.2,2.4,19.35,3.6,28.0,5.2,4.3,5.0,CENTRO,1
2.59,19.0,1.2,2.6,20.58,3.8,28.0,6.3,3.7,98.0,CENTRO,2
2.56,20.0,1.1,0.8,22.252,1.9,29.0,3.9,6.9,74.0,CENTRO,3
2.55,21.0,1.1,0.6,22.89,1.7,23.0,3.5,6.2,72.0,CENTRO,4
2.54,22.0,1.2,0.5,23.005000000000003,1.7,21.0,3.5,7.0,100.0,CENTRO,5
2.54,23.0,1.2,0.6,23.381666666666668,1.7,21.0,3.3,4.6,113.0,CENTRO,6
2.77,20.0,2.7,4.9,24.314999999999998,7.7,21.0,6.8,4.5,30.0,CENTRO,7
2.99,15.0,4.5,5.8,26.27,10.3,54.0,6.9,2.7,349.0,CENTRO,8
2.96,5.0,4.7,5.9,28.94,10.6,61.0,10.2,6.0,55.0,CENTRO,9
2.8,15.0,1.8,3.4,30.36,5.2,73.0,6.4,6.9,67.0,CENTRO,10
2.77,15.0,1.6,3.0,31.595,4.6,42.0,5.8,6.8,66.0,CENTRO,11
2.74,18.0,1.5,2.5,31.630000000000003,4.0,46.0,5.2,6.3,83.0,CENTRO,12
2.7,17.0,1.3,1.9,29.5,3.1,56.0,4.6,8.8,77.0,CENTRO,13
2.64,18.0,1.1,1.4,25.7,2.7,51.0,4.8,11.0,64.0,CENTRO,14
2.63,33.0,1.3,1.8,24.59,3.1,54.0,4.9,11.7,67.0,CENTRO,15
2.74,17.0,1.4,2.2,21.97,3.5,78.0,6.8,12.8,90.0,CENTRO,16
2.91,15.0,1.3,2.0,20.11,3.3,72.0,5.8,12.8,99.0,CENTRO,17
3.01,15.0,1.2,1.9,19.44,3.1,56.0,5.3,12.5,106.0,CENTRO,18
2.89,14.0,1.2,2.0,18.34,3.2,54.0,4.3,12.2,93.0,CENTRO,19
2.79,14.0,1.1,1.7,18.425,2.9,53.0,3.8,9.5,109.0,CENTRO,20
2.77,14.0,1.1,1.6,18.445,2.8,40.0,3.3,5.8,124.0,CENTRO,21
2.72,14.333333333333334,1.1,1.5,18.11,2.6,35.0,3.2,4.2,131.0,CENTRO,22
2.68,14.666666666666666,1.1,1.0,18.87,2.2,31.0,3.1,4.3,138.0,CENTRO,23
2.66,15.0,1.1,0.9,18.81,2.0,27.0,3.0,2.5,122.0,CENTRO,0
2.64,15.0,1.1,0.8,19.35,1.9,28.0,2.9,2.5,75.0,CENTRO,1
2.67,16.0,1.1,0.8,20.58,1.9,37.0,3.0,5.2,57.0,CENTRO,2
2.68,15.0,1.1,1.6,22.252,2.7,39.0,3.1,3.2,28.0,CENTRO,3
2.65,16.0,1.1,0.7,22.89,1.8,39.0,3.1,3.8,46.0,CENTRO,4
2.82,15.0,1.1,1.9,23.005000000000003,3.0,30.0,3.0,2.8,27.0,CENTRO,5
2.82,15.0,1.1,1.9,23.381666666666668,3.1,50.0,3.2,2.1,269.0,CENTRO,6
2.89,14.0,2.4,4.5,24.314999999999998,6.9,44.0,5.1,3.1,234.0,CENTRO,7
3.1,12.0,5.5,4.7,26.27,10.2,82.0,7.7,1.3,261.0,CENTRO,8
3.31,6.0,6.8,5.7,28.94,12.4,88.0,7.0,2.1,29.0,CENTRO,9
3.51,6.0,7.6,7.1,22.93655737704918,14.6,93.0,6.6,4.5,22.0,CENTRO,10
3.35,6.0,6.3,7.2,21.584918032786884,13.4,146.0,15.5,6.4,69.0,CENTRO,11
3.04,11.0,2.4,4.5,20.23327868852459,6.8,132.0,8.4,7.4,79.0,CENTRO,12
2.91,56.0,1.4,2.4,18.881639344262293,3.8,81.0,5.8,8.9,56.0,CENTRO,13
2.81,63.0,1.2,1.5,17.53,2.7,71.0,5.4,10.8,55.0,CENTRO,14
2.79,54.0,1.3,1.7,15.34,3.0,66.0,4.2,10.2,82.0,CENTRO,15
2.78,51.0,1.3,1.3,13.38,2.6,57.0,3.5,9.7,111.0,CENTRO,16
2.8,47.0,1.2333333333333334,1.5,15.0,2.8,53.0,3.4,11.2,107.0,CENTRO,17
2.83,41.0,1.1666666666666667,1.9,12.76,3.3,107.0,3.3,11.6,83.0,CENTRO,18
2.89,36.0,1.1,2.2,11.65,3.4,71.0,3.2,8.0,107.0,CENTRO,19
2.9,33.0,1.1,2.3,11.07,3.5,43.0,3.1,5.4,135.0,CENTRO,20
2.81,38.0,1.125,1.5,11.48,2.7,40.0,2.9,4.7,141.0,CENTRO,21
2.77,41.0,1.15,1.0,9.9,2.1,40.0,2.9,3.5,126.0,CENTRO,22
2.77,38.0,1.175,1.1,9.92,2.3,33.0,3.0,3.3,65.0,CENTRO,23
2.85,26.0,1.2,2.5,13.35,3.8,35.0,3.6,3.9,328.0,CENTRO,0
3.03,11.0,1.3,4.2,18.62,5.5,46.0,3.7,4.5,346.0,CENTRO,1
2.92,26.0,1.1,2.0,21.22,3.2,68.0,3.5,3.9,45.0,CENTRO,2
2.92,13.0,1.2,3.6,20.01,4.8,60.0,3.6,2.3,17.0,CENTRO,3
3.38,11.0,1.3,3.6,20.1,4.9,56.0,3.5,1.3,9.0,CENTRO,4
3.64,6.0,1.2,3.7,23.43,4.8,49.0,3.6,0.9,293.0,CENTRO,5
3.06,10.0,1.3,2.9,18.12,4.1,52.0,3.3,1.8,308.0,CENTRO,6
3.05,6.0,4.7,3.7,25.7,8.4,51.0,3.5,1.1,267.0,CENTRO,7
3.34,5.0,10.6,4.3,37.65,14.9,83.0,4.3,1.5,256.0,CENTRO,8
3.41,9.0,8.6,5.0,34.05,13.6,121.0,5.8,2.7,273.0,CENTRO,9
3.33,21.0,4.0,4.9,23.65,8.8,117.0,5.6,3.1,21.0,CENTRO,10
3.24,37.0,2.4,4.0,22.53,6.3,79.0,5.3,4.4,51.0,CENTRO,11
3.39,33.0,3.6,6.3,34.78,9.8,71.0,11.9,6.8,78.0,CENTRO,12
3.16,52.0,2.0,4.7,30.19,6.6,100.0,10.1,7.0,69.0,CENTRO,13
3.0,68.0,1.4,2.4,21.87,3.8,81.0,5.8,7.5,57.0,CENTRO,14
2.94,75.0,1.3,2.1,17.75,3.3,66.0,4.5,8.2,64.0,CENTRO,15
2.83,71.0,1.1,1.2,14.1,2.4,72.0,4.0,9.4,155.0,CENTRO,16
2.84,57.0,1.2,1.3,12.09,2.6,46.0,3.6,9.4,142.0,CENTRO,17
2.89,42.0,1.3,2.0,11.21,3.3,42.0,3.8,7.4,117.0,CENTRO,18
2.92,31.0,1.2,2.4,11.21,3.6,53.0,5.1,8.4,97.0,CENTRO,19
3.04,22.0,1.4,3.3,11.29,4.7,53.0,4.0,3.4,119.0,CENTRO,20
3.1,16.0,1.3,3.5,13.87,4.8,46.0,3.2,1.7,221.0,CENTRO,21
3.24,8.0,3.4,4.5,18.08,7.8,53.0,3.4,2.6,300.0,CENTRO,22
3.04,19.0,1.7,3.1,18.31,4.9,61.0,3.4,3.9,18.0,CENTRO,23
2.9,14.0,1.3,3.0,13.86,4.2,56.0,3.6,3.2,323.0,CENTRO,0
2.96,19.0,1.4,2.3,12.32,3.6,43.0,3.5,4.8,336.0,CENTRO,1
2.99,16.0,1.4,2.4,16.02,3.8,39.0,3.2,4.7,357.0,CENTRO,2
2.95,15.0,1.5,2.3,19.01,3.9,44.0,3.3,3.2,339.0,CENTRO,3
3.02,8.0,1.5,2.4,20.16,3.9,50.0,3.2,1.0,323.5,CENTRO,4
2.95,10.0,1.6,2.3,17.2,3.7,42.0,3.1,2.3,308.0,CENTRO,5
2.85,18.0,1.4,1.3,23.4,2.6,39.0,3.0,3.6,274.0,CENTRO,6
3.09,5.0,5.3,3.6,34.47,8.9,39.0,3.4,3.2,248.0,CENTRO,7
3.33,6.0,8.4,4.0,57.45,12.4,87.0,3.9,4.7,241.0,CENTRO,8
3.32,10.0,6.5,4.0,58.14,10.5,133.0,4.0,3.9,261.0,CENTRO,9
3.17,21.0,3.4,3.7,45.22,7.1,109.0,4.3,3.0,278.0,CENTRO,10
3.33,28.0,3.6,5.3,68.97,8.9,101.0,4.8,3.6,333.0,CENTRO,11
3.11,45.0,1.8,3.1,34.56,5.0,124.0,4.4,4.4,98.0,CENTRO,12
3.1,43.0,2.1,4.2,31.34,6.3,72.0,7.8,7.2,72.0,CENTRO,13
3.01,66.0,1.4,2.8,26.48,4.2,104.0,6.8,7.1,63.0,CENTRO,14
2.88,69.0,1.5,2.1,19.71,3.6,67.0,4.4,8.6,76.0,CENTRO,15
2.86,59.0,2.2,3.3,18.97,5.4,69.0,4.1,10.7,80.0,CENTRO,16
2.85,56.0,1.4,2.1,16.47,3.4,92.0,3.7,9.8,93.0,CENTRO,17
2.91,41.0,1.3,2.5,14.17,3.8,85.0,3.7,8.4,102.0,CENTRO,18
3.03,23.0,1.4,3.4,13.52,4.7,55.0,4.2,7.1,114.0,CENTRO,19
3.07,17.0,1.6,3.8,16.0,5.5,46.0,3.8,3.7,113.0,CENTRO,20
3.21,9.0,2.0,4.5,24.65,6.5,98.0,3.5,1.6,122.0,CENTRO,21
3.04,18.0,1.6,3.1,13.39,4.8,173.0,3.4,1.4,142.0,CENTRO,22
2.94,25.0,1.6,2.0,11.31,3.7,41.0,3.1,1.8,105.0,CENTRO,23
2.92,25.0,1.7,1.9,10.38,3.5,36.0,3.2,2.4,41.0,CENTRO,0
2.93,26.0,1.8,2.3,15.57,3.9,36.0,4.4,5.1,55.0,CENTRO,1
2.96,6.0,1.9,4.2,19.93,6.1,42.0,4.2,2.3,9.0,CENTRO,2
2.95,8.0,1.8,3.3,15.03,5.0,55.0,3.5,3.3,5.0,CENTRO,3
3.04,9.0,1.8,2.9,15.75,4.7,47.0,3.1,1.9,272.0,CENTRO,4
3.24,10.0,2.05,2.5,15.27,4.3,42.0,3.1,1.5,253.0,CENTRO,5
3.11,6.0,2.3,3.7,19.82,6.0,41.0,3.5,2.1,272.0,CENTRO,6
3.05,6.0,3.8,4.3,24.34,8.1,51.0,4.2,4.0,237.0,CENTRO,7
3.26,7.0,6.3,4.3,22.02,10.5,71.0,4.5,3.3,237.0,CENTRO,8
3.47,7.0,9.1,4.8,26.24,13.9,76.0,5.1,4.3,229.0,CENTRO,9
3.31,13.0,6.0,4.6,25.34,10.6,92.0,4.8,3.5,241.0,CENTRO,10
3.28,19.0,4.1,4.3,35.17,8.4,79.0,5.6,4.0,18.0,CENTRO,11
3.36,27.0,3.4,4.9,35.43,8.4,83.0,5.6,5.7,24.0,CENTRO,12
3.01,48.0,1.8,2.3,18.63,4.2,95.0,4.5,7.4,69.0,CENTRO,13
2.93,54.0,1.6,1.6,15.05,3.2,58.0,4.2,8.0,89.0,CENTRO,14
2.9,49.0,1.8,1.7,35.81,3.5,51.0,3.6,9.2,81.0,CENTRO,15
3.0,40.0,2.2,2.3,14.12,4.4,268.0,3.4,9.8,87.0,CENTRO,16
2.96,39.0,2.0,2.0,12.63,4.0,76.0,3.3,9.5,111.0,CENTRO,17
2.98,31.0,1.9,2.7,12.77,4.6,58.0,3.3,8.5,109.0,CENTRO,18
3.14,21.0,1.9,3.4,11.49,5.2,49.0,3.5,6.2,121.0,CENTRO,19
3.05,23.0,1.8,3.0,11.09,4.8,43.0,3.2,6.3,105.0,CENTRO,20
3.03,21.0,1.7,3.0,11.67,4.7,42.0,3.5,4.2,127.0,CENTRO,21
2.9,31.0,1.6,1.5,8.49,3.2,35.0,3.1,6.4,139.0,CENTRO,22
2.95,27.0,1.7,2.0,9.01,3.7,26.0,3.1,3.6,80.0,CENTRO,23
2.94,33.0,1.6,1.9,9.62,3.6,25.0,3.3,5.7,72.0,CENTRO,0
2.93,25.0,1.7,2.0,10.04,3.7,36.0,3.0,3.2,322.0,CENTRO,1
2.88,29.0,1.6,1.2,7.71,2.9,35.0,2.9,4.0,48.0,CENTRO,2
2.86,26.0,1.6,0.9,6.94,2.6,28.0,2.8,2.2,14.0,CENTRO,3
2.87,28.0,1.5,1.0,10.2,2.7,26.0,2.8,3.8,86.0,CENTRO,4
2.88,23.0,1.6,1.6,18.5,3.1,34.0,3.3,3.6,111.0,CENTRO,5
2.91,19.0,1.5,1.5,17.79,3.1,36.0,3.2,1.4,171.0,CENTRO,6
3.06,11.0,2.5,2.6,24.64,5.1,37.0,3.8,2.3,235.0,CENTRO,7
3.18,8.0,4.5,3.6,30.31,8.1,57.0,5.2,2.6,266.0,CENTRO,8
3.13,14.0,5.7,3.4,26.8,9.2,79.0,6.1,2.7,331.0,CENTRO,9
3.18,19.0,3.6,3.4,27.04,7.0,94.0,5.5,3.9,43.0,CENTRO,10
3.77,17.0,6.2,5.1,42.76,11.2,59.0,7.7,5.5,28.0,CENTRO,11
3.4,25.0,5.5,5.8,45.07,11.3,93.0,10.7,5.7,53.0,CENTRO,12
3.15,44.0,2.2,3.9,29.85,6.1,102.0,7.4,4.6,11.0,CENTRO,13
3.03,58.0,1.3,1.9,20.38,3.2,70.0,5.3,6.5,53.0,CENTRO,14
2.96,56.0,1.1,1.3,15.81,2.5,59.0,4.2,7.5,75.0,CENTRO,15
2.88,48.0,1.1,0.8,11.39,1.9,55.0,3.5,9.7,133.0,CENTRO,16
2.86,42.0,1.0833333333333335,0.7,9.6,1.8,34.0,3.2,10.8,110.0,CENTRO,17
2.94,31.0,1.0666666666666667,1.5,11.36,2.6,38.0,3.3,9.9,87.0,CENTRO,18
2.97,26.0,1.05,1.7,10.67,2.9,46.0,3.2,7.1,118.0,CENTRO,19
3.03,23.0,1.0333333333333334,1.9,12.03,3.0,38.0,3.1,4.4,116.0,CENTRO,20
3.04,23.0,1.0166666666666666,1.7,14.32,2.8,32.0,2.9,2.9,127.0,CENTRO,21
2.99,26.0,1.0,1.3,13.4,2.4,30.0,3.0,3.5,125.0,CENTRO,22
2.98,26.0,1.1,1.3,11.81,2.4,27.0,2.9,4.8,90.0,CENTRO,23
2.98,25.0,1.0,1.1,13.43,2.1,32.0,2.9,3.6,76.0,CENTRO,0
3.01,18.0,1.2,2.0,15.64,3.2,38.0,3.2,6.6,35.0,CENTRO,1
3.0,8.0,2.6,3.2,20.33,5.8,50.0,5.1,5.3,30.0,CENTRO,2
3.02,8.0,1.9,3.2,20.66,5.1,57.0,5.8,4.6,7.0,CENTRO,3
3.04,18.0,1.0,1.8,19.1,2.9,55.0,3.8,4.2,6.0,CENTRO,4
3.08,17.0,1.1,1.4,16.49,2.5,39.0,3.3,1.0,222.0,CENTRO,5
3.14,12.0,1.0,1.8,16.89,2.9,38.0,3.2,0.9,217.0,CENTRO,6
3.15,6.0,1.3,2.4,18.46,3.7,41.0,3.2,0.9,222.0,CENTRO,7
3.2,8.0,2.3,2.6,23.16,4.9,43.0,5.2,1.0,284.0,CENTRO,8
3.21,16.0,2.7,2.6,21.22,5.2,49.0,5.3,3.0,330.0,CENTRO,9
3.06,28.0,1.6,1.6,18.26,3.2,46.0,4.9,3.3,337.0,CENTRO,10
3.09,36.0,1.5,1.9,20.71,3.3,42.0,4.7,3.9,21.0,CENTRO,11
3.34,42.0,1.8,3.2,26.59,5.0,40.0,5.4,4.1,60.0,CENTRO,12
3.44,43.0,2.1,5.3,39.07,7.4,61.0,10.3,6.6,85.0,CENTRO,13
3.19,74.0,1.2,2.6,33.04,3.8,83.0,7.7,6.5,90.0,CENTRO,14
3.14,87.0,1.1,2.1,30.1,3.2,62.0,6.5,6.9,71.0,CENTRO,15
3.02,70.0,1.1,1.6,24.71,2.7,71.0,5.4,7.6,71.0,CENTRO,16
3.0,60.0,1.05,1.3,21.35,2.5,63.0,4.1,8.5,69.0,CENTRO,17
2.96,58.0,1.0,1.0,19.37,2.0,59.0,3.6,8.1,124.0,CENTRO,18
2.97,47.0,1.0,1.1,17.0,2.2,43.0,3.4,8.5,113.0,CENTRO,19
3.07,25.0,1.1,2.3,25.57,3.4,42.0,3.3,2.8,30.0,CENTRO,20
3.05,26.0,1.0,1.7,21.41,2.8,50.0,3.2,1.4,313.0,CENTRO,21
3.08,22.0,1.1,1.8,21.14,2.8,38.0,3.1,2.0,338.0,CENTRO,22
3.24,12.0,1.7,3.1,28.23,4.9,41.0,3.7,4.6,29.0,CENTRO,23
3.03,19.0,1.0,1.6,18.64,2.7,62.0,3.4,4.2,359.0,CENTRO,0
3.03,9.0,1.2,3.0,19.18,4.3,41.0,3.6,3.0,306.0,CENTRO,1
3.08,11.0,1.1,2.6,23.78,3.8,46.0,3.3,4.9,347.0,CENTRO,2
3.03,7.0,1.5,3.1,19.96,4.6,52.0,3.9,3.6,27.0,CENTRO,3
3.03,9.0,1.1,2.4,17.53,3.6,52.0,3.5,2.7,18.0,CENTRO,4
3.02,10.0,1.1,1.9,16.63,3.1,45.0,3.1,2.2,334.0,CENTRO,5
3.25,7.0,1.25,2.0,21.96,3.2,38.0,3.1,1.7,319.0,CENTRO,6
3.24,7.0,1.4,2.1,26.25,3.5,36.0,3.0,2.7,300.0,CENTRO,7
3.39,7.0,5.1,3.0,28.8,8.0,45.0,3.4,2.5,263.0,CENTRO,8
3.25,13.0,2.6,2.4,29.74,5.0,80.0,3.3,3.2,323.0,CENTRO,9
3.36,14.0,5.7,3.6,38.37,9.3,66.0,3.9,2.8,57.0,CENTRO,10
3.53,23.0,4.4,4.6,43.87,9.0,95.0,4.7,3.5,22.0,CENTRO,11
3.77,25.0,4.6,7.0,53.06,11.5,109.0,8.2,5.3,82.0,CENTRO,12
3.39,48.0,2.3,5.3,48.04,7.6,115.0,8.3,5.7,86.0,CENTRO,13
3.46,71.0,1.4,4.5,48.66,5.8,86.0,5.3,6.6,80.0,CENTRO,14
3.33,73.0,1.5,4.5,44.06,6.0,100.0,4.6,9.2,67.0,CENTRO,15
3.23,65.0,1.6,4.2,38.27,5.8,127.0,4.0,9.5,59.0,CENTRO,16
3.18,71.0,1.2,2.9,31.85,4.1,115.0,3.7,7.2,95.0,CENTRO,17
3.04,67.0,1.1,2.0,27.88,3.1,78.0,3.5,7.7,104.0,CENTRO,18
3.06,51.0,1.1,2.2,24.62,3.3,63.0,3.3,7.9,126.0,CENTRO,19
3.05,40.0,1.1333333333333333,2.1,23.59,3.3,55.0,3.2,8.1,118.0,CENTRO,20
2.93,37.0,1.1666666666666667,1.0,20.15,2.2,47.0,3.1,10.1,140.0,CENTRO,21
3.05,31.0,1.2,1.8,21.41,3.1,45.0,3.0,4.7,182.0,CENTRO,22
3.31,16.0,1.4,4.1,26.38,5.4,35.0,3.3,3.7,231.0,CENTRO,23
3.5,7.0,1.5,5.9,38.93,7.4,52.0,4.0,1.7,251.0,CENTRO,0
3.38,8.0,1.6,4.1,34.27,5.7,80.0,3.6,1.9,70.0,CENTRO,1
3.25,5.0,1.7,3.3,30.59,5.0,70.0,3.1,1.2,344.0,CENTRO,2
3.19,3.0,1.9,3.1,23.32,4.9,72.0,3.1,1.0,305.0,CENTRO,3
3.24,4.0,1.7,2.8,25.04,4.5,49.0,3.05,1.6,301.0,CENTRO,4
3.14,6.0,1.2,2.5,30.14,3.8,50.0,3.0,3.4,295.0,CENTRO,5
3.31,4.0,2.8,3.3,33.13,6.2,60.0,3.1,2.9,260.0,CENTRO,6
3.4,5.0,4.1,3.8,36.44,7.9,78.0,3.3,2.0,212.0,CENTRO,7
3.8,6.0,8.4,4.2,38.85,12.6,95.0,3.5,1.7,339.0,CENTRO,8
3.96,10.0,8.3,5.1,42.58,13.4,110.0,4.3,3.2,93.0,CENTRO,9
3.9,20.0,4.3,5.2,42.57,9.5,115.0,4.6,5.8,62.0,CENTRO,10
3.62,32.0,2.8,5.1,39.53,7.9,130.0,4.9,5.7,75.0,CENTRO,11
3.55,38.0,3.1,6.3,41.23,9.4,112.0,7.3,4.5,88.0,CENTRO,12
3.44,56.0,1.7,5.4,37.66,7.2,117.0,8.1,5.9,123.0,CENTRO,13
3.14,67.0,1.2,2.4,28.99,3.6,114.0,5.6,8.9,82.0,CENTRO,14
2.99,47.0,1.8,2.5,23.8,4.3,90.0,4.7,8.5,59.0,CENTRO,15
2.96,43.0,1.9,2.3,22.21,4.2,107.0,4.4,8.6,54.0,CENTRO,16
3.05,35.0,1.6,2.3,20.46,3.9,80.0,3.9,9.1,30.0,CENTRO,17
3.06,22.0,1.9,3.2,19.5,5.1,81.0,3.9,9.7,23.0,CENTRO,18
3.12,17.0,1.9,3.4,22.19,5.4,68.0,3.5,9.9,57.0,CENTRO,19
3.03,24.0,1.5,2.0,19.82,3.5,92.0,3.5,8.1,99.0,CENTRO,20
2.94,30.0,1.5,1.0,18.46,2.5,49.0,3.2,9.6,119.0,CENTRO,21
2.94,30.0,1.45,0.9,17.64,2.3,44.0,3.0,9.3,129.0,CENTRO,22
2.93,31.0,1.4,0.8,17.93,2.0,37.0,2.9,9.8,139.0,CENTRO,23
2.94,32.0,1.3,0.6,17.07,1.9,38.0,2.8,7.6,147.0,CENTRO,0
2.96,33.0,1.3,0.5,16.74,1.7,38.0,2.8,6.7,121.0,CENTRO,1
2.96,35.0,1.2,0.5,18.37,1.6,37.0,2.9,6.0,122.0,CENTRO,2
2.97,36.0,1.1,0.5,21.18,1.5,39.0,3.0,5.6,94.0,CENTRO,3
2.99,34.0,1.1,0.5,16.32,1.5,39.0,2.9,6.1,83.0,CENTRO,4
3.0,33.0,1.05,0.5499999999999999,15.35,1.55,29.0,3.4,7.4,88.0,CENTRO,5
3.02,31.0,1.0,0.6,16.04,1.6,30.0,3.6,4.9,97.0,CENTRO,6
3.06,26.0,1.0,1.1,16.49,2.1,36.0,3.1,5.6,94.0,CENTRO,7
3.15,18.0,1.2,2.0,17.31,3.1,36.0,3.0,5.0,80.0,CENTRO,8
3.31,12.0,3.7,3.2,22.65,6.9,47.0,3.4,5.1,74.0,CENTRO,9
3.32,12.0,3.4,3.3,27.12,6.7,68.0,5.0,4.1,69.0,CENTRO,10
3.34,14.0,3.7,3.7,33.19,7.4,80.0,7.5,5.6,68.0,CENTRO,11
3.34,23.0,2.2,3.2,31.67,5.3,86.0,5.3,5.9,89.0,CENTRO,12
3.26,35.0,1.7,2.6,31.46,4.3,75.0,4.2,8.6,78.0,CENTRO,13
3.17,40.0,1.3,1.6,27.93,2.9,82.0,3.8,9.1,103.0,CENTRO,14
3.05,37.0,1.2,1.0,21.76,2.3,70.0,3.4,9.0,135.0,CENTRO,15
3.02,36.0,1.2,0.9,20.9,2.1,56.0,3.2,10.7,139.0,CENTRO,16
3.04,33.0,1.175,1.0,21.94,2.2,48.0,3.1,9.7,126.0,CENTRO,17
3.11,29.0,1.1500000000000001,1.5,21.89,2.7,54.0,3.0,8.4,119.0,CENTRO,18
3.15,25.0,1.125,1.7,22.63,2.9,53.0,3.0,8.6,125.0,CENTRO,19
3.14,25.0,1.1,1.5,21.77,2.6,50.0,2.9,7.5,107.0,CENTRO,20
3.12,26.0,1.1,1.3,20.84,2.4,47.0,2.8,6.7,111.0,CENTRO,21
3.06,30.0,1.0,0.7,19.63,1.8,40.0,2.9,7.2,131.0,CENTRO,22
3.07,30.0,1.0,0.6,18.29,1.7,32.0,2.8,4.1,121.0,CENTRO,23
3.09,27.0,1.1,0.7,18.81,1.8,36.0,2.8,4.0,88.0,CENTRO,0
3.06,29.0,1.0,0.5,17.94,1.5,39.0,2.85,3.5,91.0,CENTRO,1
3.08,27.0,1.0,0.6,17.44,1.6,35.0,2.9,5.0,72.0,CENTRO,2
3.16,11.0,1.5,2.4,27.03,3.9,38.0,4.0,5.1,76.0,CENTRO,3
3.14,15.0,1.1,1.4,24.78,2.5,60.0,3.7,4.4,75.0,CENTRO,4
3.17,4.0,2.5,2.9,29.54,5.4,48.0,6.1,4.0,69.0,CENTRO,5
3.21,4.0,2.4,2.7,31.7,5.2,56.0,6.8,2.3,57.0,CENTRO,6
3.3,4.0,3.2,2.9,33.87,6.2,66.0,4.9,1.8,19.0,CENTRO,7
3.4,4.5,3.6,2.9,31.72,6.5,70.0,4.3,3.8,68.0,CENTRO,8
3.39,5.0,4.6,3.15,34.42,7.6,69.0,4.6,4.1,66.0,CENTRO,9
3.37,6.0,4.4,3.4,32.24,7.7,82.0,5.2,4.1,22.0,CENTRO,10
3.44,9.0,3.3,3.0,37.6,6.3,64.0,4.7,5.2,21.0,CENTRO,11
3.38,11.0,4.2,3.3,41.19,7.5,84.0,6.8,5.4,59.0,CENTRO,12
3.36,17.0,4.1,3.4,30.97,7.4,145.0,5.6,5.8,84.0,CENTRO,13
3.35,27.0,1.8,3.0,32.83,4.8,99.0,4.9,6.5,84.0,CENTRO,14
3.34,22.0,4.8,4.5,36.29,9.2,74.0,5.2,7.0,47.0,CENTRO,15
3.27,20.0,4.1,3.5,27.24,7.6,97.0,4.1,8.1,62.0,CENTRO,16
3.52,19.0,2.0,2.9,32.91,4.9,77.0,3.7,7.7,80.0,CENTRO,17
3.52,12.0,2.4,3.6,31.91,6.0,83.0,3.5,5.5,63.0,CENTRO,18
3.6,6.0,2.4,3.8,30.38,6.2,83.0,3.4,4.5,63.0,CENTRO,19
3.84,4.0,4.6,3.8,37.54,8.4,80.0,3.3,3.2,23.0,CENTRO,20
3.81,3.0,5.1,3.7,41.66,8.8,122.0,3.2,1.3,302.0,CENTRO,21
3.81,4.0,4.7,3.8,38.47,8.5,110.0,3.2,1.0,281.0,CENTRO,22
4.02,4.0,7.8,4.0,45.27,11.8,71.0,3.3,1.6,302.0,CENTRO,23
4.24,4.0,10.2,4.3,52.5,14.5,77.0,3.5,2.0,344.0,CENTRO,0
3.99,3.0,7.8,4.3,49.29,12.0,94.0,3.4,1.7,333.0,CENTRO,1
3.82,4.0,5.5,3.8,43.18,9.2,106.0,3.3,0.9,223.0,CENTRO,2
3.46,7.0,2.1,2.9,33.93,5.0,83.0,3.2,2.3,43.0,CENTRO,3
3.18,16.0,1.1,1.1,30.73,2.2,54.0,3.1,4.1,79.0,CENTRO,4
3.14,17.0,1.0,0.8,24.59,1.9,50.0,3.1,3.1,94.0,CENTRO,5
3.18,14.0,1.0,1.0,24.05,2.0,38.0,3.0,2.0,84.0,CENTRO,6
3.23,11.0,2.85,1.2,25.66,2.3,41.0,3.0,0.9,156.0,CENTRO,7
3.54,5.0,4.7,2.7,36.6,7.4,43.0,3.7,1.0,215.0,CENTRO,8
3.69,6.0,5.8,3.4,39.34,9.1,71.0,4.8,2.3,218.0,CENTRO,9
3.62,8.0,3.8,2.9,31.23,6.7,81.0,4.0,3.0,93.0,CENTRO,10
3.49,13.0,4.5,3.1,33.05,7.7,61.0,3.5,4.5,73.0,CENTRO,11
3.31,26.0,2.1,2.3,28.05,4.4,93.0,3.5,6.3,70.0,CENTRO,12
3.24,28.0,2.3,2.2,31.53,4.4,69.0,3.4,9.3,78.0,CENTRO,13
3.18,32.0,1.4,1.3,26.21,2.6,72.0,3.3,9.8,86.0,CENTRO,14
3.14,32.0,1.3,1.3,25.7,2.7,50.0,3.2,7.8,134.0,CENTRO,15
3.1,34.0,1.3,1.1,26.3,2.4,58.0,3.2,8.2,144.0,CENTRO,16
3.11,33.0,1.2,1.3,27.25,2.5,50.0,3.0,9.1,142.0,CENTRO,17
3.15,31.0,1.2,1.6,28.84,2.8,45.0,2.9,9.8,136.0,CENTRO,18
3.24,26.0,1.25,2.3,30.22,3.5,49.0,2.9,7.4,124.0,CENTRO,19
3.34,17.0,1.3,3.1,30.1,4.4,57.0,3.0,3.0,90.0,CENTRO,20
3.74,6.0,3.7,4.5,36.09,8.2,52.0,3.1,2.1,316.0,CENTRO,21
3.83,4.0,5.0,5.1,47.61,10.0,70.0,3.4,3.5,344.0,CENTRO,22
3.37,16.0,1.7,3.0,33.47,4.7,87.0,3.2,5.6,60.0,CENTRO,23
3.14,22.0,1.1,1.1,17.99,2.3,54.0,2.9,5.6,109.0,CENTRO,0
3.15,18.0,1.1,1.2,15.78,2.4,46.0,2.9,6.7,50.0,CENTRO,1
3.1,15.0,1.2,1.3,20.85,2.6,37.0,3.0,5.6,33.0,CENTRO,2
3.16,5.0,1.5,2.6,22.98,4.1,47.0,3.4,3.3,347.0,CENTRO,3
3.18,11.0,1.1,1.7,23.02,2.9,52.0,3.2,2.2,15.0,CENTRO,4
3.2,10.0,1.1,1.8,22.89,2.9,49.0,3.1,1.7,2.0,CENTRO,5
3.19,10.0,1.0,1.7,21.39,2.8,47.0,3.0,1.6,22.0,CENTRO,6
3.23,6.0,1.0,2.2,21.51,3.4,47.0,3.0,0.9,54.0,CENTRO,7
3.25,7.0,1.5,2.1,23.78,3.6,47.0,3.45,0.9,237.0,CENTRO,8
3.45,7.0,3.9,2.9,36.17,6.8,48.0,3.9,1.1,239.0,CENTRO,9
3.53,10.0,5.6,3.3,34.25,8.9,80.0,4.1,2.5,24.0,CENTRO,10
3.53,18.0,3.5,3.8,39.31,7.2,69.0,4.0,3.7,35.0,CENTRO,11
3.6,28.0,3.6,5.0,49.62,8.6,84.0,4.4,5.2,74.0,CENTRO,12
3.57,45.0,2.4,4.9,49.83,7.2,108.0,4.2,5.7,68.0,CENTRO,13
3.53,63.0,1.6,4.2,50.21,5.8,103.0,4.0,5.7,95.0,CENTRO,14
3.4,72.0,1.4,3.7,44.54,5.1,103.0,3.8,6.7,74.0,CENTRO,15
3.28,65.0,1.6,3.9,38.5,5.5,99.0,3.5,7.7,71.0,CENTRO,16
3.25,67.0,1.2,2.6,35.01,3.8,94.0,3.5,8.2,79.0,CENTRO,17
3.23,40.0,1.3,3.3,31.8,4.6,90.0,4.6,7.7,52.0,CENTRO,18
3.47,20.0,1.5,5.2,39.8,6.7,84.0,6.0,3.7,40.0,CENTRO,19
3.7,9.0,2.3,6.2,42.77,8.5,116.0,4.8,2.2,343.0,CENTRO,20
3.97,5.0,3.5,6.6,53.67,10.2,89.0,4.5,1.3,298.0,CENTRO,21
3.74,6.0,2.4,5.8,41.17,8.2,98.0,4.2,2.4,232.0,CENTRO,22
3.65,10.0,1.6,4.8,37.61,6.5,75.0,4.0,3.4,233.0,CENTRO,23
3.7,9.0,1.6,4.6,39.16,6.3,77.0,3.9,4.0,235.0,CENTRO,0
3.53,16.0,1.5,3.9,38.87,5.3,71.0,4.8,5.9,233.0,CENTRO,1
3.48,16.0,1.4,3.7,38.41,5.1,81.0,4.4,3.6,251.0,CENTRO,2
3.36,22.0,1.2,2.9,35.17,4.1,75.0,4.2,3.7,235.0,CENTRO,3
3.33,24.0,1.1,2.6,33.25,3.8,81.0,4.4,2.3,327.0,CENTRO,4
3.29,23.0,1.1,2.8,33.95,3.9,65.0,4.8,3.6,235.0,CENTRO,5
3.31,10.0,1.3,4.7,41.65,6.0,89.0,5.6,1.7,211.0,CENTRO,6
3.24,17.0,1.2,3.6,30.8,4.9,125.0,6.2,2.9,247.0,CENTRO,7
3.27,20.0,1.3,3.0,27.6,4.3,69.0,6.6,1.3,253.0,CENTRO,8
3.44,17.0,2.1,3.7,30.13,5.8,61.0,7.4,1.9,190.0,CENTRO,9
3.56,31.0,1.9,3.2,31.87,5.1,67.0,7.3,7.0,88.0,CENTRO,10
3.19,30.0,1.2,1.8,26.44,3.1,84.0,5.2,8.9,58.0,CENTRO,11
3.06,37.0,1.2,1.0,22.06,2.3,105.0,4.5,9.6,38.0,CENTRO,12
3.04,43.0,1.1500000000000001,0.8,19.59,1.9,97.0,4.1,9.8,43.0,CENTRO,13
2.97,46.0,1.1,0.7,15.96,1.8,85.0,3.8,7.5,44.0,CENTRO,14
2.97,46.0,1.1,0.9,15.54,2.0,68.0,3.7,8.2,51.0,CENTRO,15
2.96,46.0,1.0857142857142859,1.1,16.08,2.3,72.0,4.0,8.7,47.0,CENTRO,16
3.12,42.0,1.0714285714285714,1.3,16.03,2.5,86.0,3.8,10.0,22.0,CENTRO,17
2.94,41.0,1.0571428571428572,1.3,16.42,2.4,95.0,3.1,10.9,18.0,CENTRO,18
3.01,34.0,1.042857142857143,1.9,21.42,3.1,90.0,3.1,5.9,43.0,CENTRO,19
3.05,36.0,1.0285714285714287,1.7,17.29,2.8,92.0,3.2,6.5,54.0,CENTRO,20
3.04,38.0,1.0142857142857142,1.6,16.49,2.7,103.0,3.4,7.0,60.0,CENTRO,21
3.08,39.0,1.0,1.6,15.91,2.7,109.0,3.7,7.7,61.0,CENTRO,22
3.18,41.0,1.0,1.3,15.57,2.4,104.0,5.1,6.0,37.0,CENTRO,23
3.5,34.0,1.1222222222222222,2.3,14.52,3.3,100.0,9.6,4.0,39.0,CENTRO,0
3.39,30.0,1.2444444444444445,2.2,14.87,3.3,91.0,6.7,0.9,296.0,CENTRO,1
3.22,29.0,1.3666666666666667,2.1,16.64,3.2,87.0,5.4,2.2,179.0,CENTRO,2
2.99,44.0,1.488888888888889,0.7,13.09,1.6,86.0,3.5,3.0,101.0,CENTRO,3
2.97,44.0,1.6111111111111112,0.6,11.61,1.5,83.0,3.2,4.4,115.0,CENTRO,4
2.97,46.0,1.7333333333333334,0.5,10.06,1.5,71.0,3.1,4.2,117.0,CENTRO,5
2.98,42.0,1.8555555555555556,0.8,9.89,1.75,62.0,3.1,1.0,11.0,CENTRO,6
3.04,34.0,1.9777777777777779,1.1,10.45,2.0,52.0,3.0,0.9,234.0,CENTRO,7
3.25,14.0,2.1,3.9,15.34,6.0,57.0,4.7,1.0,233.0,CENTRO,8
3.36,18.0,3.1,4.4,19.61,7.5,79.0,7.6,1.3,216.0,CENTRO,9
3.16,40.0,1.3,1.9,14.83,3.3,88.0,4.9,3.9,106.0,CENTRO,10
3.2,49.0,1.2,1.9,14.5,3.1,76.0,4.4,6.2,79.0,CENTRO,11
3.18,56.0,1.1,1.6,15.75,2.7,75.0,4.4,8.1,66.0,CENTRO,12
3.11,60.0,1.0,1.2,14.88,2.2,87.0,4.550000000000001,8.1,61.0,CENTRO,13
3.08,61.0,1.0,1.1,14.72,2.2,86.0,4.7,7.9,53.0,CENTRO,14
3.06,59.0,1.011111111111111,1.1,14.23,2.1,70.0,4.5,7.8,56.0,CENTRO,15
3.05,56.0,1.0222222222222221,1.0,13.3,1.9,71.0,3.5,9.6,86.0,CENTRO,16
3.04,53.0,1.0333333333333332,0.8,13.09,1.8,68.0,3.3,8.0,115.0,CENTRO,17
3.1,45.0,1.0444444444444445,1.2,13.5,2.2,61.0,3.3,8.7,93.0,CENTRO,18
3.14,43.0,1.7,1.5,14.46,2.4,62.0,3.2,6.9,112.0,CENTRO,19
3.17,41.0,1.6,1.5,13.94,2.5,60.0,3.1,6.3,125.0,CENTRO,20
3.17,39.0,1.6,1.2,12.98,2.4,52.0,3.1,5.5,136.0,CENTRO,21
3.11,41.0,1.6,0.9,10.24,1.8,50.0,3.0,8.1,155.0,CENTRO,22
3.13,39.0,1.6,0.9,9.47,1.8,42.0,3.1,5.5,122.0,CENTRO,23
3.14,38.0,1.6,0.8,9.43,1.7,40.0,3.0,6.6,105.0,CENTRO,0
3.11,41.0,1.6,0.5,9.73,1.4,39.0,3.0,9.6,89.0,CENTRO,1
3.13,34.0,1.69375,0.6,13.29,1.5,47.0,3.2,11.3,79.0,CENTRO,2
3.12,35.0,1.8,0.55,10.65,1.3,43.0,3.2,8.9,78.0,CENTRO,3
3.12,35.0,1.1555555555555554,0.5,11.01,1.4,29.0,3.0,7.7,65.0,CENTRO,4
3.14,33.0,1.1666666666666665,0.5,13.95,1.4,28.0,3.1,7.5,75.0,CENTRO,5
3.13,34.0,1.1777777777777778,0.6,9.95,1.5,25.0,3.2,9.0,81.0,CENTRO,6
3.19,28.0,1.1888888888888889,1.3,8.77,2.2,26.0,3.4,5.7,92.0,CENTRO,7
3.32,17.0,1.2,2.7,10.85,3.9,24.0,4.2,5.9,71.0,CENTRO,8
3.35,22.0,2.1,2.8,13.16,4.8,31.0,3.8,7.6,77.0,CENTRO,9
3.42,22.0,1.4,2.8,15.36,4.2,30.0,4.8,7.3,79.0,CENTRO,10
3.45,21.0,1.6,2.6,14.49,4.2,36.0,4.1,6.9,62.0,CENTRO,11
3.45,23.0,3.0,3.1,16.4,6.0,33.0,4.2,7.7,74.0,CENTRO,12
3.4,26.0,2.4,2.9,16.42,5.3,41.0,5.1,6.6,83.0,CENTRO,13
3.42,33.0,1.4,2.3,16.27,3.7,40.0,5.1,7.5,66.0,CENTRO,14
3.34,30.0,1.9,2.2,10.96,4.1,50.0,3.9,7.9,91.0,CENTRO,15
3.25,35.0,1.1,1.0,10.13,2.1,37.0,3.5,8.6,154.0,CENTRO,16
3.25,33.0,1.2,1.3,9.8,2.5,39.0,3.3,8.7,138.0,CENTRO,17
3.31,29.0,1.1,1.7,10.58,2.8,39.0,3.1,6.2,133.0,CENTRO,18
3.41,23.0,1.0,2.5,12.2,3.6,37.0,3.1,5.1,119.0,CENTRO,19
3.35,27.0,1.1,2.2,12.0,3.3,38.0,3.35,4.8,126.0,CENTRO,20
3.25,35.0,1.0,1.5,11.04,2.5,42.0,3.6,5.3,124.0,CENTRO,21
3.19,40.0,1.0,1.1,10.16,2.0,39.0,3.3,6.5,140.0,CENTRO,22
3.17,43.0,1.0142857142857142,0.9,10.77,1.8,43.0,3.4,11.5,115.0,CENTRO,23
3.15,45.0,1.0285714285714287,0.6,9.32,1.5,69.0,3.1,9.5,109.0,CENTRO,0
3.14,45.0,1.042857142857143,0.7,9.21,1.2,45.0,3.0,9.8,92.0,CENTRO,1
3.13,45.0,1.0571428571428572,0.8,9.81,1.1,43.0,3.0,8.5,112.0,CENTRO,2
3.12,43.0,1.0714285714285714,0.9,10.29,1.2,46.0,2.9,6.5,93.0,CENTRO,3
3.15,37.0,1.0857142857142859,1.0,13.35,1.9,43.0,2.9,5.0,65.0,CENTRO,4
3.22,21.0,1.1,2.9,20.32,4.0,47.0,3.5,5.4,21.0,CENTRO,5
3.3,15.0,1.2,4.0,25.29,5.2,48.0,5.3,3.9,51.0,CENTRO,6
3.39,9.0,1.8,4.7,27.79,6.5,64.0,5.4,3.8,51.0,CENTRO,7
3.61,7.0,4.6,5.6,34.69,10.1,68.0,5.6,4.3,36.0,CENTRO,8
3.66,12.0,4.6,5.3,29.02,9.9,99.0,5.8,5.4,58.0,CENTRO,9
3.69,14.0,5.2,6.2,36.91,11.3,90.0,6.3,6.0,46.0,CENTRO,10
3.53,19.0,3.1,5.1,35.65,8.1,100.0,7.6,6.7,51.0,CENTRO,11
3.47,25.0,3.0,4.9,41.72,8.0,96.0,8.9,6.8,25.0,CENTRO,12
3.41,36.0,1.5,3.2,33.5,4.7,109.0,7.4,7.1,47.0,CENTRO,13
3.38,39.0,1.1,2.1,19.5,3.2,79.0,4.9,4.7,114.0,CENTRO,14
3.34,38.0,1.2,1.9,14.9,3.1,63.0,4.1,6.0,94.0,CENTRO,15
3.36,36.0,1.4,2.3,15.19,3.8,51.0,3.8,6.6,84.0,CENTRO,16
3.33,37.0,1.2,2.1,13.54,3.3,61.0,3.5,6.6,120.0,CENTRO,17
3.33,36.0,1.0,1.7,12.62,2.8,48.0,3.3,4.4,126.0,CENTRO,18
3.54,20.0,1.1,3.8,13.49,4.9,46.0,3.2,1.8,116.0,CENTRO,19
3.6,14.0,1.2,4.2,14.5,5.4,51.0,3.2,0.9,119.0,CENTRO,20
3.58,14.0,1.2,3.9,15.03,5.1,52.0,3.15,0.9,104.0,CENTRO,21
3.41,24.0,1.0,2.7,14.18,3.8,52.0,3.1,1.8,128.0,CENTRO,22
3.32,30.0,1.0,1.9,12.68,2.9,46.0,3.1,3.2,85.0,CENTRO,23
3.3,28.0,1.0166666666666666,1.9,13.03,2.8,42.0,3.0,2.8,69.0,CENTRO,0
3.2,35.0,1.0333333333333334,0.8,10.3,1.7,42.0,2.9,5.1,69.0,CENTRO,1
3.19,31.0,1.05,0.8,10.59,1.7,31.0,2.9,3.8,31.0,CENTRO,2
3.3,13.0,1.0666666666666667,2.8,27.97,3.9,33.0,3.2,3.1,22.0,CENTRO,3
3.33,13.0,1.0833333333333335,3.0,24.29,4.0,64.0,3.2,3.0,351.0,CENTRO,4
3.28,15.0,1.1,2.9,35.55,4.0,60.0,3.3,2.3,339.0,CENTRO,5
3.39,24.0,1.0,1.2,27.08,2.2,70.0,3.1,2.0,285.0,CENTRO,6
3.37,19.0,1.0,2.1,22.88,3.2,53.0,3.1,1.7,1.0,CENTRO,7
3.44,8.0,1.7,3.5,31.86,5.2,51.0,3.3,2.2,77.0,CENTRO,8
3.52,14.0,2.4,2.7,32.1,5.1,74.0,3.4,2.5,204.0,CENTRO,9
3.66,13.0,2.9,3.5,35.07,6.4,76.0,3.4,2.5,334.0,CENTRO,10
3.8,15.0,4.0,4.5,40.64,8.4,82.0,3.9,4.2,345.0,CENTRO,11
3.62,24.0,2.9,4.2,34.27,7.1,98.0,4.8,5.5,352.0,CENTRO,12
3.45,34.0,1.6,3.0,25.21,4.6,88.0,4.5,5.0,43.0,CENTRO,13
3.33,43.0,1.1,1.4,16.54,2.5,64.0,3.8,5.5,74.0,CENTRO,14
3.3,40.0,1.3,1.4,14.0,2.7,53.0,3.5,6.7,101.0,CENTRO,15
3.34,38.0,1.1,1.2,12.81,2.4,49.0,3.3,7.2,139.0,CENTRO,16
3.38,34.0,1.4,1.7,13.21,3.2,43.0,3.2,5.6,106.0,CENTRO,17
3.44,27.0,1.2,2.5,12.91,3.6,51.0,3.2,5.2,79.0,CENTRO,18
3.74,10.0,1.8,4.4,18.41,6.2,56.0,3.1,1.6,135.0,CENTRO,19
3.84,7.0,2.5,4.5,18.46,7.0,130.0,3.0,0.9,227.0,CENTRO,20
3.72,7.0,1.9,4.1,15.08,6.0,91.0,2.9,0.9,251.0,CENTRO,21
3.57,11.0,1.1,3.2,14.21,4.4,46.0,2.9,0.9,287.0,CENTRO,22
3.79,7.0,3.2,4.1,20.44,7.2,43.0,3.2,4.4,33.0,CENTRO,23
3.43,12.0,1.1,3.4,17.74,4.6,66.0,3.9,5.2,357.0,CENTRO,0
3.42,19.0,1.0,2.5,14.81,3.5,54.0,3.9,4.9,323.0,CENTRO,1
3.35,24.0,1.0,1.8,14.98,2.7,50.0,3.2,4.4,355.0,CENTRO,2
3.37,16.0,1.0333333333333334,2.2,20.15,3.1,44.0,3.1,2.7,348.0,CENTRO,3
3.33,11.0,1.0666666666666667,2.6,22.15,3.6,48.0,3.0,1.9,31.0,CENTRO,4
3.39,7.0,1.1,3.3,23.09,4.4,48.0,2.9,1.2,350.0,CENTRO,5
3.81,11.0,1.0,3.0,30.59,4.0,52.0,3.0,2.3,349.0,CENTRO,6
3.91,12.0,1.1,2.5,37.89,3.6,62.0,3.0,4.1,1.0,CENTRO,7
3.86,9.0,2.8,2.9,41.31,5.7,64.0,3.1,2.5,278.0,CENTRO,8
4.0,8.0,5.5,3.4,44.82,8.8,73.0,3.3,2.2,259.0,CENTRO,9
3.96,15.0,3.4,3.2,45.16,6.6,90.0,3.5,2.7,272.0,CENTRO,10
4.06,16.0,4.7,4.6,56.46,9.3,83.0,5.1,3.3,316.0,CENTRO,11
4.18,22.0,4.5,6.6,66.4,11.1,106.0,6.3,4.1,360.0,CENTRO,12
3.69,45.0,1.7,4.0,39.61,5.7,125.0,5.7,6.4,29.0,CENTRO,13
3.38,51.0,1.1,1.6,19.72,2.7,84.0,4.5,6.6,102.0,CENTRO,14
3.35,52.0,1.2,1.8,19.35,3.0,53.0,3.8,6.5,75.0,CENTRO,15
3.26,45.0,1.1,1.1,17.39,2.2,61.0,3.6,7.2,114.0,CENTRO,16
3.28,41.0,1.1,1.3,15.36,2.4,52.0,3.5,7.5,139.0,CENTRO,17
3.4,33.0,1.0,2.3,14.46,3.4,40.0,3.4,4.9,121.0,CENTRO,18
3.5,26.0,1.1,3.1,14.71,4.3,51.0,3.2,4.6,123.0,CENTRO,19
3.69,13.0,1.2,4.4,17.17,5.7,45.0,3.3,1.8,90.0,CENTRO,20
3.73,8.0,1.3,4.5,19.52,5.9,48.0,3.2,1.0,269.0,CENTRO,21
3.53,17.0,1.1,3.1,16.55,4.2,40.0,3.1,3.6,22.0,CENTRO,22
3.35,27.0,1.0,1.5,15.48,2.5,43.0,3.0,4.9,95.0,CENTRO,23
3.4,18.0,1.0,2.0,14.41,3.0,43.0,3.0,1.5,273.0,CENTRO,0
3.42,16.0,1.1,2.3,13.34,3.3,31.0,3.0500000000000003,1.9,356.0,CENTRO,1
3.35,24.0,1.0,1.0,20.22,2.0,33.0,3.1,4.0,48.0,CENTRO,2
3.35,18.0,1.0,1.2,22.7,2.2,54.0,3.0,2.1,32.0,CENTRO,3
3.38,14.0,1.2750000000000001,1.5,17.96,2.5,37.0,2.9,0.9,89.0,CENTRO,4
3.39,17.0,1.55,1.3,15.09,2.2,34.0,3.0,1.0,318.0,CENTRO,5
3.37,16.0,1.8250000000000002,1.3,13.98,2.2,32.0,2.9,1.6,245.0,CENTRO,6
3.52,8.0,2.1,3.1,26.37,5.3,32.0,3.6,2.5,232.0,CENTRO,7
3.67,8.0,4.6,3.6,30.35,8.2,63.0,4.7,3.2,220.0,CENTRO,8
3.78,9.0,6.1,3.8,26.85,9.8,96.0,5.1,1.4,260.0,CENTRO,9
3.82,11.0,5.1,4.3,28.27,9.4,73.0,5.4,2.7,35.0,CENTRO,10
3.73,14.0,3.6,4.0,26.73,7.6,78.0,4.9,5.0,18.0,CENTRO,11
3.64,23.0,3.2,3.3,22.05,6.4,68.0,5.3,8.1,65.0,CENTRO,12
3.42,32.0,1.4,1.4,10.45,2.8,60.0,4.0,11.3,73.0,CENTRO,13
3.43,30.0,1.4,1.8,12.0,3.1,42.0,3.5,9.0,77.0,CENTRO,14
3.43,31.0,1.25,1.7,13.84,3.0,35.0,3.4,8.6,84.0,CENTRO,15
3.33,31.0,1.1,1.2,13.25,2.4,36.0,3.2,9.5,124.0,CENTRO,16
3.31,29.0,1.1,1.2,12.18,2.3,35.0,3.0,10.7,146.0,CENTRO,17
3.28,30.0,1.0,1.0,9.77,2.0,36.0,3.0,10.6,130.0,CENTRO,18
3.38,24.0,1.0,1.4,10.18,2.4,35.0,2.9,9.3,116.0,CENTRO,19
3.36,27.0,1.0,1.1,9.47,2.0,31.826,2.9,7.6,119.0,CENTRO,20
3.33,29.0,1.0,0.8,9.68,1.7,28.652,2.875,6.7,113.0,CENTRO,21
3.33,28.0,1.0,0.8,10.04,1.7,25.478,2.8499999999999996,6.7,113.0,CENTRO,22
3.3,30.0,1.0,0.6,7.9,1.5,22.304,2.8249999999999997,7.4,125.0,CENTRO,23
3.3,29.0,1.0,0.6,8.19,1.5,19.13,2.8,4.7,118.0,CENTRO,0
3.28,30.0,1.0,0.3,7.59,1.3,18.9,2.8,2.3,68.0,CENTRO,1
3.31,29.0,1.0,0.5,7.86,1.4,20.58,2.9,3.6,57.0,CENTRO,2
3.32,26.0,1.0,0.5,8.06,1.4,18.07,2.7,1.1,105.0,CENTRO,3
3.31,25.0,1.0,0.7,8.49,1.6,20.65,2.8,4.2,82.0,CENTRO,4
3.38,11.0,1.5,2.6,14.11,4.0,37.76,3.6,4.8,45.0,CENTRO,5
3.36,19.0,1.0,1.0,13.49,1.9,30.21,3.2,3.4,61.0,CENTRO,6
3.35,15.0,1.1,1.4,13.69,2.4,29.09,2.9,2.1,32.0,CENTRO,7
3.39,7.0,1.6,2.7,14.95,4.3,43.13,3.3,0.9,322.0,CENTRO,8
3.44,12.0,1.6,2.3,11.04,3.8,25.83,3.2,0.9,54.0,CENTRO,9
3.42,20.0,1.4,1.4,12.48,2.7,29.51,3.1,4.3,76.0,CENTRO,10
3.4,20.0,1.7,1.7,14.92,3.4,29.66,3.4,5.4,64.0,CENTRO,11
3.43,16.0,2.8,2.9,18.25,5.7,49.88,5.1,5.9,65.0,CENTRO,12
3.43,28.0,1.5,1.7,14.22,3.2,35.9,4.9,7.5,84.0,CENTRO,13
3.4,34.0,1.0,1.0,11.68,2.0,27.68,3.6,6.8,74.0,CENTRO,14
3.41,34.0,1.0,1.0,12.24,2.0,31.24,3.3,6.9,75.0,CENTRO,15
3.39,31.0,1.0,0.8,11.3,1.9,27.89,3.1,9.1,78.0,CENTRO,16
3.37,28.0,1.0,0.9,10.33,1.8,30.13,3.1,8.5,92.0,CENTRO,17
3.38,28.0,1.0,0.8,9.59,1.7,27.84,3.0,9.2,107.0,CENTRO,18
3.37,21.0,1.0,0.7,8.94,1.6,22.21,3.0,8.7,106.0,CENTRO,19
3.4,4.0,1.0,0.9,8.38,1.9,16.72,2.9,3.1,73.0,CENTRO,20
3.38,4.0,1.0,1.0,8.33,1.9,16.18,3.0,2.7,125.0,CENTRO,21
3.32,4.0,1.0,0.6,5.07,1.5,11.2,2.9,4.4,97.0,CENTRO,22
3.3,4.04,1.0,0.5,3.47,1.4,7.16,2.8,6.0,136.0,CENTRO,23
3.29,4.08,1.0,0.3,3.02,1.3,7.29,2.8,4.8,112.0,CENTRO,0
3.27,4.12,1.0,0.1,2.92,1.1,8.07,2.9,6.2,137.0,CENTRO,1
3.26,4.16,1.0333333333333332,0.38333333333333336,3.58,1.4166666666666667,10.27,2.7,4.7,111.0,CENTRO,2
3.24,18.0,1.0666666666666667,0.6666666666666666,3.688,1.7333333333333334,5.62,2.8,12.5,157.0,CENTRO,3
3.23,17.0,1.0999999999999999,0.95,3.7960000000000003,2.05,5.67,2.8,9.3,148.0,CENTRO,4
3.23,17.0,1.1333333333333333,1.2333333333333334,3.904,2.3666666666666667,5.81,2.9,9.0,151.0,CENTRO,5
3.25,14.0,1.1666666666666665,1.5166666666666666,4.0120000000000005,2.683333333333333,6.49,2.8,7.6,114.0,CENTRO,6
3.36,11.0,1.2,1.8,4.12,3.0,16.62,2.8,5.3,47.0,CENTRO,7
3.88,11.0,3.3,3.3,11.19,6.6,32.32,3.0,6.1,7.0,CENTRO,8
3.66,15.0,4.5,3.2,17.5,7.8,52.83,3.5,7.1,24.0,CENTRO,9
3.64,22.0,5.6,3.6,15.2,9.1,52.71,9.1,6.8,41.0,CENTRO,10
3.69,31.0,4.5,4.3,16.14,8.7,71.46,9.9,7.3,32.0,CENTRO,11
3.52,39.0,1.4,1.5,6.65,2.9,29.23,5.5,9.0,77.0,CENTRO,12
3.31,47.0,1.1,0.8,4.35,2.0,14.81,4.1,12.1,136.0,CENTRO,13
3.32,52.0,1.0,0.7,4.27,1.8,17.85,3.7,11.2,148.0,CENTRO,14
3.31,52.0,1.1,0.9,4.38,2.0,20.27,3.3,11.0,150.0,CENTRO,15
3.32,51.5,1.1,1.0,4.71,2.1,31.0,3.2,11.1,134.0,CENTRO,16
3.34,48.0,1.0,1.1,5.44,2.2,24.0,3.1,10.8,106.0,CENTRO,17
3.4,43.0,1.2,1.9,5.8,3.0,24.0,3.0,6.5,155.0,CENTRO,18
3.48,4.84,1.2,2.5,6.69,3.7,25.0,3.0,5.9,141.0,CENTRO,19
3.41,4.88,1.0,1.8,6.93,2.8,29.0,2.975,8.4,146.0,CENTRO,20
3.35,4.92,1.0,1.2,7.08,2.2,30.0,2.9499999999999997,9.2,139.0,CENTRO,21
3.32,4.96,1.05,0.9,7.48,1.8,25.0,2.925,8.1,123.0,CENTRO,22
3.36,5.0,1.1,1.6,8.33,2.7,23.0,2.9,3.4,54.0,CENTRO,23
3.36,4.0,1.0,1.3,8.72,2.3,24.0,3.0,4.3,48.0,CENTRO,0
3.35,4.0,1.0,1.1,8.94,2.0,25.0,2.9,3.0,41.0,CENTRO,1
3.34,4.0,1.0333333333333334,1.3,9.7,2.3,27.0,2.9,2.3,360.0,CENTRO,2
3.38,4.025,1.0666666666666667,2.2,24.19,3.2,25.0,3.1,4.2,351.0,CENTRO,3
3.43,4.05,1.1,1.9,46.49,3.0,48.0,3.0,1.0,284.0,CENTRO,4
3.49,4.075,1.1,2.0,32.56,3.1,73.0,3.0,1.7,302.0,CENTRO,5
3.41,4.1,1.0,2.0,19.42,3.1,50.0,3.033333333333333,2.8,293.0,CENTRO,6
3.44,11.0,1.4,2.1999999999999997,19.44,3.4,45.0,3.066666666666667,0.9,257.0,CENTRO,7
3.74,11.0,4.1,2.4,21.55,6.5,45.0,3.1,0.9,223.0,CENTRO,8
3.98,15.0,7.7,3.4,28.65,11.1,50.0,3.5,2.5,211.0,CENTRO,9
3.98,22.0,6.7,4.2,26.74,10.9,68.0,4.5,3.0,252.0,CENTRO,10
4.04,31.0,6.1,5.7,30.0,11.7,87.0,5.5,3.5,113.0,CENTRO,11
4.12,39.0,6.5,7.2,36.04,13.6,86.0,16.1,3.7,107.0,CENTRO,12
4.03,47.0,3.8,6.7,29.48,10.5,115.0,17.2,5.3,110.0,CENTRO,13
3.82,52.0,1.4,4.7,23.67,6.1,87.0,6.4,6.7,81.0,CENTRO,14
3.59,52.0,1.3,3.4,18.38,4.6,77.0,4.6,8.5,83.0,CENTRO,15
3.37,51.5,1.2,2.6,11.75,3.8,75.0,3.5,9.6,101.0,CENTRO,16
3.27,48.0,1.0,1.8,9.17,2.9,59.0,3.4,8.0,146.0,CENTRO,17
3.39,43.0,1.3,2.8,11.37,4.1,36.0,3.3,3.9,117.0,CENTRO,18
3.44,37.0,1.2,3.5,11.17,4.7,69.0,3.3,4.6,118.0,CENTRO,19
3.71,33.0,2.7,5.0,11.19,7.6,43.0,3.4,3.9,234.0,CENTRO,20
3.92,31.0,4.8,6.7,19.83,11.5,55.0,6.1,3.6,231.0,CENTRO,21
3.81,30.0,3.4,6.1,17.68,9.5,83.0,5.1,3.5,231.0,CENTRO,22
3.73,26.0,3.1,5.9,17.91,9.0,63.0,6.6,4.8,229.0,CENTRO,23
3.61,25.0,2.3,5.4,15.38,7.7,73.0,6.1,2.8,243.0,CENTRO,0
3.51,23.0,1.5,4.7,13.87,6.3,60.0,5.9,1.5,272.0,CENTRO,1
3.38,23.0,1.1,3.2,11.09,4.4,51.0,6.2,3.3,244.0,CENTRO,2
3.39,18.0,1.5,3.4,10.67,4.9,39.0,5.6,0.9,353.0,CENTRO,3
3.5,17.0,2.0,4.0,11.58,6.0,43.0,4.4,0.9,309.0,CENTRO,4
3.4,17.0,3.8,4.2,17.55,7.9,44.0,5.3,2.8,271.0,CENTRO,5
3.38,14.0,2.9,4.0,12.93,6.9,72.0,5.2,2.1,305.0,CENTRO,6
3.67,11.0,5.0,4.2,15.26,9.3,49.0,5.3,3.4,180.0,CENTRO,7
3.81,11.0,5.0,4.5,18.65,9.5,68.0,5.8,5.5,164.0,CENTRO,8
3.96,15.0,5.5,4.7,20.15,10.1,93.0,5.9,5.8,157.0,CENTRO,9
4.21,22.0,5.1,5.1,24.84,10.2,116.0,6.0,4.6,110.0,CENTRO,10
3.75,31.0,2.8,4.1,22.34,6.8,161.0,4.8,5.5,32.0,CENTRO,11
3.56,39.0,1.6,3.1,19.43,4.7,133.0,4.7,5.0,67.0,CENTRO,12
3.32,47.0,1.5,2.4,18.83,3.9,127.0,5.0,10.1,100.0,CENTRO,13
3.25,4.9,1.3,2.4,18.09,3.7,150.0,7.4,7.8,101.0,CENTRO,14
3.26,4.925,1.2,2.2,16.86,3.4,124.0,7.1,6.6,88.0,CENTRO,15
3.23,4.95,1.1,2.2,16.68,3.4,114.0,5.4,6.3,90.0,CENTRO,16
3.29,4.975,1.3,3.0,18.78,4.3,113.0,6.1,6.1,57.0,CENTRO,17
3.4,5.0,1.2,4.1,19.6,5.3,120.0,4.5,4.0,64.0,CENTRO,18
3.85,4.0,2.1,6.1,23.37,8.2,127.0,4.8,2.7,25.0,CENTRO,19
3.55,4.0,1.6,5.4,22.86,7.1,161.0,3.7,4.9,8.0,CENTRO,20
3.39,4.0,1.1,2.7,19.11,3.8,129.0,3.7,4.8,128.0,CENTRO,21
3.3,4.0,1.0,1.2,16.25,2.2,83.0,3.6,7.0,141.0,CENTRO,22
3.31,4.0,1.0,1.0,16.12,2.0,71.0,3.6,6.6,135.0,CENTRO,23
3.31,4.0,1.2666666666666666,1.5333333333333334,15.81,2.8,66.0,3.3,5.4,121.0,CENTRO,0
3.32,4.0,1.5333333333333334,2.066666666666667,19.33,3.6,61.0,3.2,4.4,155.0,CENTRO,1
3.43,4.0,1.8,2.6,17.23,4.4,62.0,3.2,1.1,220.0,CENTRO,2
3.49,4.0,2.066666666666667,3.1333333333333337,20.69,5.2,60.0,3.4,0.9,249.0,CENTRO,3
3.5450000000000004,4.0,2.3333333333333335,3.666666666666667,24.495,6.0,64.5,3.3000000000000003,0.9,261.0,CENTRO,4
3.6,4.0,2.6,4.2,28.3,6.8,69.0,3.2,0.9,273.0,CENTRO,5
3.7,4.0,2.5,4.8,31.61,7.3,79.0,3.3,0.9,265.0,CENTRO,6
3.74,4.0,4.6,4.5,29.79,9.1,81.0,3.4,0.9,241.0,CENTRO,7
4.03,5.0,9.2,4.5,31.71,13.7,98.0,4.0,1.7,241.0,CENTRO,8
4.05,6.0,8.0,5.3,38.41,13.4,121.0,6.2,2.1,264.0,CENTRO,9
3.98,7.0,5.2,6.2,41.6,11.4,134.0,7.4,1.5,13.0,CENTRO,10
4.09,8.0,3.4,7.0,39.84,10.4,138.0,7.5,2.3,32.0,CENTRO,11
4.44,9.0,5.7,11.0,61.26,16.6,118.0,12.2,2.8,42.0,CENTRO,12
4.27,34.0,3.9,11.0,59.85,14.9,168.0,15.6,3.9,12.0,CENTRO,13
4.08,6.0,2.4,10.4,53.44,12.8,60.0,15.6,3.6,60.0,CENTRO,14
4.0,7.0,1.4,7.6,42.42,9.0,92.0,11.8,3.7,108.0,CENTRO,15
3.79,6.0,1.0,4.5,33.15,5.5,124.0,5.9,4.8,81.0,CENTRO,16
3.65,7.0,1.0,2.2,20.01,3.2,108.0,4.5,5.6,90.0,CENTRO,17
3.54,6.0,1.2,2.5,16.93,3.6,77.0,3.8,4.6,121.0,CENTRO,18
3.67,5.0,1.1,3.8,19.72,4.9,59.0,3.7,3.3,95.0,CENTRO,19
4.15,5.0,2.4,6.4,26.2,8.8,88.0,3.5,0.9,240.0,CENTRO,20
4.19,5.0,3.2,6.3,28.85,9.5,103.0,3.4,1.0,256.0,CENTRO,21
4.16,5.1,2.4,6.5,27.25,8.9,79.0,3.3,2.1,246.0,CENTRO,22
4.14,5.2,2.3,5.8,29.91,8.1,72.0,3.3,3.2,251.0,CENTRO,23
4.07,5.3,1.7,6.5,35.55,8.2,77.0,4.0,4.3,230.0,CENTRO,0
4.04,5.4,4.1,7.2,40.49,11.3,90.0,5.7,2.8,247.0,CENTRO,1
3.94,23.0,2.8,7.1,41.38,9.9,114.0,6.8,1.4,296.0,CENTRO,2
4.0,5.6,3.0,6.5,37.63,9.5,109.0,5.8,2.1,230.0,CENTRO,3
3.75,5.7,1.1,4.6,34.0,5.7,96.0,6.3,3.2,234.0,CENTRO,4
3.68,5.8,1.0,4.0,32.81,5.1,84.0,6.5,1.6,272.0,CENTRO,5
3.82,5.9,1.8,5.6,36.03,7.3,81.0,6.2,3.4,233.0,CENTRO,6
3.72,6.0,3.3,5.5,38.42,8.8,93.0,8.1,4.5,246.0,CENTRO,7
4.12,5.0,10.4,5.6,37.06,16.0,136.0,7.2,1.7,264.0,CENTRO,8
4.49,6.0,11.1,5.9,45.0,17.0,124.0,6.6,1.9,131.0,CENTRO,9
4.65,6.0,6.8,6.6,52.9,13.4,150.0,6.5,2.8,65.0,CENTRO,10
4.23,6.0,2.3,5.2,43.71,7.5,139.0,8.5,2.5,114.0,CENTRO,11
4.11,5.8,1.7,5.7,45.54,7.5,100.0,8.8,2.7,76.0,CENTRO,12
4.36,5.6,2.4,9.5,63.63,11.8,112.0,18.7,6.6,83.0,CENTRO,13
3.97,5.4,1.3,6.2,56.86,7.4,155.0,18.0,6.8,87.0,CENTRO,14
3.72,5.2,1.0,4.3,49.78,5.4,132.0,15.1,6.9,78.0,CENTRO,15
3.54,5.0,1.0,2.8,35.23,3.9,113.0,7.3,7.4,101.0,CENTRO,16
3.56,4.0,1.05,2.9,33.25,3.9,79.0,5.3,8.1,95.0,CENTRO,17
3.63,4.0,1.1,3.2,29.15,4.3,79.0,4.6,8.2,96.0,CENTRO,18
3.67,4.0,1.2,3.6,30.26,4.8,71.0,4.3,7.3,95.0,CENTRO,19
3.7,4.1,1.3,3.4,30.3,4.7,74.0,4.2,6.9,83.0,CENTRO,20
4.1,4.2,1.4,3.2,32.335,4.6,62.0,3.8,6.0,81.0,CENTRO,21
3.73,4.3,1.6,4.0,34.37,5.6,90.0,3.7,5.9,26.0,CENTRO,22
3.58,4.4,1.3,3.1,33.35,4.4,79.0,3.6,6.3,16.0,CENTRO,23
3.75,25.0,1.2,2.6,30.63,3.8,68.0,3.7,6.7,36.0,CENTRO,0
3.57,4.6,1.3,3.5,30.77,4.8,61.0,4.2,4.1,41.0,CENTRO,1
3.56,4.7,1.8,3.5,31.66,5.2,62.0,4.3,3.0,15.0,CENTRO,2
3.61,4.8,1.5,3.2,30.68,4.8,71.0,4.5,2.6,41.0,CENTRO,3
3.53,4.9,1.3,2.0,29.23,3.2,68.0,4.2,5.4,74.0,CENTRO,4
3.57,5.0,1.1,1.4,28.55,2.5,57.0,4.4,3.7,104.0,CENTRO,5
3.59,4.0,1.2,2.1,26.66,3.2,51.0,5.1,2.9,90.0,CENTRO,6
3.65,4.0,1.3,2.4,24.88,3.7,53.0,4.6,4.6,70.0,CENTRO,7
3.79,4.0,1.9,2.9,22.35,4.8,52.0,4.1,5.1,33.0,CENTRO,8
3.76,4.0212765957446805,2.3,3.1,21.9,5.4,60.0,3.9,4.4,34.0,CENTRO,9
3.82,4.042553191489362,2.4,3.0,23.92,5.3,60.0,4.0,6.1,83.0,CENTRO,10
3.65,4.0638297872340425,1.7,2.1,23.93,3.8,93.0,3.7,6.5,66.0,CENTRO,11
3.69,4.085106382978723,2.1,2.3,22.29,4.5,104.0,4.5,7.2,83.0,CENTRO,12
3.81,47.0,2.1,2.4,19.2,4.5,69.0,4.1,6.2,80.0,CENTRO,13
3.93,52.0,3.0,3.0,20.46,6.0,66.0,4.3,4.4,98.0,CENTRO,14
3.87,52.0,2.2,2.7,20.86,4.9,84.0,4.2,6.4,67.0,CENTRO,15
3.72,51.5,1.6,2.3,16.49,3.9,79.0,3.7,7.8,41.0,CENTRO,16
3.68,48.0,1.6,2.3,15.22,3.8,65.0,3.4,7.8,53.0,CENTRO,17
3.73,43.0,1.75,2.6,19.49,4.2,58.0,3.5,8.5,85.0,CENTRO,18
3.73,37.0,1.9,2.7,20.07,4.6,65.0,4.3,8.2,100.0,CENTRO,19
3.74,33.0,1.8,2.9,19.02,4.6,54.0,4.8,7.3,91.0,CENTRO,20
3.62,31.0,1.3,2.7,14.98,4.0,50.0,4.2,7.5,95.0,CENTRO,21
3.57,30.0,1.2,2.4,13.41,3.6,58.0,4.0,7.6,94.0,CENTRO,22
3.57,26.0,1.1,2.2,11.57,3.4,46.0,3.9,7.8,118.0,CENTRO,23
3.55,25.0,1.0,1.5,11.63,2.5,39.0,3.3,5.8,124.0,CENTRO,0
3.5,23.0,1.0,1.5,10.46,2.4,28.0,3.1,6.7,93.0,CENTRO,1
3.51,23.0,1.0142857142857142,1.4,11.56,2.3,32.0,3.2,3.6,81.0,CENTRO,2
3.63,18.0,1.0285714285714287,2.0,13.39,2.9,33.0,3.4,3.4,99.0,CENTRO,3
3.53,17.0,1.042857142857143,2.0,14.24,2.9,32.0,3.5,1.8,163.0,CENTRO,4
3.47,17.0,1.0571428571428572,1.0,13.59,2.0,31.0,3.4,1.4,194.0,CENTRO,5
3.53,14.0,1.0714285714285714,1.7,21.6,2.6,32.0,3.3,1.4,223.0,CENTRO,6
3.59,11.0,1.0857142857142859,2.6,25.99,3.6,38.0,3.5,1.4,250.0,CENTRO,7
4.01,11.0,1.1,2.3,23.23,3.4,39.0,3.4,3.6,26.0,CENTRO,8
3.81,15.0,1.9,2.6,17.3,4.5,34.0,3.5,3.6,64.0,CENTRO,9
3.74,22.0,2.4,3.2,18.49,5.6,34.0,4.3,3.5,83.0,CENTRO,10
3.77,31.0,2.8,3.2,22.25,6.0,47.0,4.6,2.6,70.0,CENTRO,11
3.81,39.0,2.0,2.6,28.18,4.7,49.0,4.2,2.8,9.0,CENTRO,12
3.76,47.0,1.5,2.5,30.14,4.0,51.0,4.0,3.4,340.0,CENTRO,13
3.71,52.0,1.2,2.2,30.96,3.5,52.0,3.8,3.3,72.0,CENTRO,14
3.75,52.0,1.3,3.2,28.63,4.6,49.0,5.2,6.9,124.0,CENTRO,15
3.72,51.5,1.1,2.5,26.4,3.6,55.0,4.4,7.1,154.0,CENTRO,16
3.77,48.0,1.1,2.3,26.19,3.4,53.0,3.7,8.1,133.0,CENTRO,17
3.8,43.0,1.0,2.7,28.75,3.8,47.0,3.4,5.4,124.0,CENTRO,18
3.77,37.0,1.1,2.9,29.24,3.9,45.0,3.3,5.3,118.0,CENTRO,19
3.77,33.0,1.0,2.8,31.36,3.8,53.0,3.1,2.8,181.0,CENTRO,20
3.71,31.0,1.0,2.6,26.06,3.5,50.0,3.4,4.9,55.0,CENTRO,21
3.85,30.0,1.5,4.6,33.91,6.0,49.0,4.0,5.8,17.0,CENTRO,22
3.45,26.0,1.0,1.5,9.85,2.3,69.0,4.7,8.5,9.0,CENTRO,23
3.41,25.0,0.9,1.1,10.01,1.9,32.0,3.8,12.0,12.0,CENTRO,0
3.37,23.0,0.9,0.8,9.41,1.6,71.0,3.1,8.8,27.0,CENTRO,1
3.37,23.0,1.0,0.7,10.61,1.6,41.0,3.1,9.8,43.0,CENTRO,2
3.44,4.914893617021277,1.0,1.3,12.13,2.2,35.0,3.3,9.1,78.0,CENTRO,3
3.46,4.9361702127659575,0.9666666666666667,1.9,12.36,2.8,31.0,3.7,6.6,93.0,CENTRO,4
3.45,4.957446808510638,0.9333333333333333,1.0,9.45,1.8,28.0,3.4,6.3,72.0,CENTRO,5
3.55,4.9787234042553195,0.9,1.3,11.01,2.1,25.0,3.3,6.8,98.0,CENTRO,6
3.68,5.0,1.0,1.2,9.65,2.1,30.0,3.3,8.2,33.0,CENTRO,7
3.76,4.0,1.1,2.0,8.99,3.0,24.0,3.4,7.6,32.0,CENTRO,8
3.55,4.0,1.1,2.1,9.27,3.2,33.0,3.3,5.4,356.0,CENTRO,9
3.6,4.0,1.5,2.5,11.17,4.0,28.0,3.4,3.6,357.0,CENTRO,10
3.63,4.125,1.5,2.5,13.15,4.0,40.0,3.5,3.7,65.0,CENTRO,11
3.6,4.25,1.3,2.0,12.66,3.3,41.0,3.4,4.5,41.0,CENTRO,12
3.61,4.375,1.4,2.4,14.91,3.8,50.0,3.4,3.0,288.0,CENTRO,13
3.63,4.5,1.5,2.7,18.22,4.2,35.0,3.5,2.4,279.0,CENTRO,14
3.74,4.625,1.6,3.3,23.26,4.9,42.0,3.8,1.8,35.0,CENTRO,15
3.71,4.75,2.0,4.2,23.95,6.1,56.0,6.4,5.1,124.0,CENTRO,16
3.57,4.875,1.4,3.7,16.95,5.1,78.0,6.1,5.6,122.0,CENTRO,17
3.59,5.0,1.0,3.2,12.27,4.3,60.0,3.8,5.4,122.0,CENTRO,18
3.8,4.0,1.3,4.6,20.65,5.9,48.0,3.9,5.5,143.0,CENTRO,19
3.75,4.0,1.1,4.2,22.56,5.3,52.0,3.8,5.3,143.0,CENTRO,20
3.66,4.0,1.0,3.1,21.16,4.1,48.0,3.4,7.0,137.0,CENTRO,21
3.56,4.0,1.0,2.1,19.11,3.0,49.0,3.4,7.7,128.0,CENTRO,22
3.53,4.0,0.9666666666666667,1.7,18.55,2.6,43.0,3.3,7.0,125.0,CENTRO,23
3.5,4.0,0.9333333333333333,1.4000000000000001,17.395,2.3,38.0,3.3,6.6499999999999995,108.0,CENTRO,0
3.47,4.0,0.9,1.1,16.24,2.0,33.0,3.3,6.3,91.0,CENTRO,1
3.54,4.0,1.2,1.9,17.63,3.0,35.0,3.3,3.7,42.0,CENTRO,2
3.5,4.0,1.3,2.6,23.6,3.8,36.0,3.6,5.9,56.0,CENTRO,3
3.4,4.0085470085470085,0.9,2.2,12.97,3.1,49.0,6.2,5.7,23.0,CENTRO,4
3.39,4.017094017094017,1.0,1.5,10.11,2.4,30.0,6.6,2.3,16.0,CENTRO,5
3.42,4.0256410256410255,1.1,3.7,13.37,4.8,26.0,6.7,2.8,323.0,CENTRO,6
3.48,4.034188034188034,1.1,3.3,14.62,4.4,36.0,4.1,1.1,285.0,CENTRO,7
3.66,11.0,3.5,4.0,15.48,7.4,36.0,3.8,1.1,326.0,CENTRO,8
3.97,15.0,4.3,4.0,18.18,8.3,43.0,4.7,2.4,54.0,CENTRO,9
4.1,22.0,5.5,4.8,24.78,10.3,51.0,6.6,2.2,355.0,CENTRO,10
4.24,31.0,11.5,6.4,37.54,17.9,70.0,12.1,4.5,32.0,CENTRO,11
3.92,39.0,3.5,4.7,27.45,8.1,128.0,6.8,4.4,92.0,CENTRO,12
3.83,47.0,2.3,4.1,29.53,6.3,88.0,5.2,4.5,64.0,CENTRO,13
3.7,52.0,1.4,2.9,22.09,4.3,81.0,4.6,5.2,68.0,CENTRO,14
3.59,52.0,1.3,2.1,16.97,3.3,52.0,4.1,6.6,68.0,CENTRO,15
3.55,51.5,1.1,1.7,13.57,2.8,57.0,3.9,7.2,58.0,CENTRO,16
3.52,48.0,1.0,1.3,12.43,2.2,46.0,3.6,7.8,144.0,CENTRO,17
3.58,43.0,1.0,2.1,11.64,3.1,45.0,3.5,6.5,138.0,CENTRO,18
3.61,37.0,0.9500000000000001,2.3,9.94,3.2,48.0,3.4,6.4,148.0,CENTRO,19
3.53,33.0,0.9,1.7,9.27,2.6,32.0,3.3,6.8,142.0,CENTRO,20
3.46,31.0,0.9,1.1,8.62,1.9,28.0,3.3,8.6,146.0,CENTRO,21
3.71,30.0,1.2,3.1,13.64,4.3,28.0,3.2,5.5,204.0,CENTRO,22
3.79,26.0,1.9,5.0,20.1,7.0,40.0,4.1,3.4,224.0,CENTRO,23
3.84,25.0,3.1,5.1,23.18,8.2,58.0,5.4,2.7,250.0,CENTRO,0
3.87,23.0,5.6,4.9,27.75,10.5,54.0,5.7,3.1,260.0,CENTRO,1
3.99,23.0,9.1,5.0,37.89,14.2,72.0,6.0,1.8,263.0,CENTRO,2
3.7,18.0,2.8,4.6,27.8,7.4,98.0,5.2,2.0,273.0,CENTRO,3
3.62,17.0,1.0,4.0,25.25,5.0,71.0,4.8,1.6,269.0,CENTRO,4
3.68,17.0,2.6,4.2,28.49,6.8,65.0,4.2,0.9,264.0,CENTRO,5
3.75,14.0,3.4,4.0,28.42,7.4,69.0,3.8,1.7,264.0,CENTRO,6
3.79,11.0,3.4,4.0,26.56,7.4,72.0,3.6,1.0,259.0,CENTRO,7
3.94,11.0,5.2,3.9,25.74,9.1,63.0,4.3,3.4,249.0,CENTRO,8
4.32,15.0,9.3,4.8,28.76,14.1,73.0,6.7,4.3,281.0,CENTRO,9
4.14,22.0,7.7,6.0,32.59,13.7,86.0,8.2,4.7,249.0,CENTRO,10
4.52,31.0,12.7,7.9,45.14,20.6,109.0,8.4,3.3,15.0,CENTRO,11
3.93,39.0,2.8,3.8,30.44,6.6,196.0,5.9,9.7,49.0,CENTRO,12
3.65,47.0,1.3,2.6,19.08,3.9,134.0,8.0,8.1,103.0,CENTRO,13
3.65,52.0,1.3,2.8,18.65,4.1,95.0,8.9,6.2,71.0,CENTRO,14
3.59,52.0,1.6,2.8,15.98,4.4,102.0,4.5,7.4,43.0,CENTRO,15
3.61,51.5,1.0,2.2,14.14,3.2,106.0,5.3,7.4,73.0,CENTRO,16
3.56,48.0,1.0,2.4,12.2,3.4,71.0,5.8,10.6,22.0,CENTRO,17
3.6,43.0,1.05,3.1,12.57,4.1,72.0,4.1,8.9,56.0,CENTRO,18
3.62,37.0,1.1,4.2,12.16,5.3,98.0,4.8,10.0,86.0,CENTRO,19
3.53,33.0,1.0,3.5,12.02,4.5,93.0,5.7,8.9,70.0,CENTRO,20
3.48,31.0,1.0,2.7,11.29,3.6,85.0,8.5,8.6,62.0,CENTRO,21
3.45,30.0,0.9500000000000001,2.4,9.92,3.3,78.0,5.7,7.1,71.0,CENTRO,22
3.48,26.0,0.9,1.7,8.02,2.6,60.0,3.8,3.7,100.0,CENTRO,23
3.43,25.0,0.9,0.9,7.03,1.7,42.0,4.2,3.9,53.0,CENTRO,0
3.47,23.0,0.95,0.8,6.62,1.6,31.0,4.4,3.0,54.0,CENTRO,1
3.53,23.0,1.0,1.0,9.51,1.8,36.0,6.4,2.8,40.0,CENTRO,2
3.47,18.0,1.0,0.8,10.52,1.6,46.0,5.9,4.6,32.0,CENTRO,3
3.42,17.0,0.9,0.6,10.46,1.4,62.0,4.5,6.5,47.0,CENTRO,4
3.42,17.0,0.9,0.6,10.84,1.5,64.0,3.7,6.2,54.0,CENTRO,5
3.42,14.0,0.95,1.1,11.39,1.9,62.0,4.8,5.1,94.0,CENTRO,6
3.68,11.0,1.0,2.0,12.91,2.9,60.0,6.3,4.4,88.0,CENTRO,7
3.98,11.0,1.3,2.7,13.07,4.1,65.0,6.4,4.9,119.0,CENTRO,8
4.01,15.0,2.4,3.0,14.96,5.4,62.0,6.6,3.1,133.0,CENTRO,9
3.83,22.0,3.3,3.1,17.06,6.4,73.0,5.8,4.1,49.0,CENTRO,10
3.81,31.0,2.8,2.9,17.65,5.7,91.0,5.6,4.0,24.0,CENTRO,11
3.68,39.0,1.8,2.2,14.8,3.9,81.0,4.8,5.2,36.0,CENTRO,12
3.57,47.0,1.3,1.5,12.75,2.8,78.0,4.3,5.5,58.0,CENTRO,13
3.56,52.0,1.1,1.1,9.56,2.2,72.0,4.0,6.4,46.0,CENTRO,14
3.46,52.0,1.0,0.9,8.36,1.9,71.0,3.7,5.8,30.0,CENTRO,15
3.49,51.5,1.0,1.0,8.17,2.0,61.0,3.7,5.9,24.0,CENTRO,16
3.48,48.0,1.1,1.4,7.82,2.5,61.0,3.6,7.1,47.0,CENTRO,17
3.48,43.0,1.0,2.0,7.01,2.9,53.0,3.5,6.3,32.0,CENTRO,18
3.57,37.0,1.0,2.7,6.85,3.8,35.0,5.3,7.3,39.0,CENTRO,19
3.54,33.0,0.98,3.0,6.67,3.9,44.0,3.7,6.3,45.0,CENTRO,20
3.51,31.0,0.96,2.2,6.59,3.1,36.0,3.4,4.3,48.0,CENTRO,21
3.56,30.0,0.9400000000000001,3.6,10.5,4.6,32.0,5.6,3.5,72.0,CENTRO,22
3.66,26.0,0.92,2.1,7.85,3.0,56.0,3.9,5.4,26.0,CENTRO,23
3.53,25.0,0.9,1.2,6.74,2.1,40.0,4.0,5.8,30.0,CENTRO,0
3.67,23.0,0.9,1.1,8.17,2.0,26.0,6.0,5.2,73.0,CENTRO,1
3.73,23.0,0.9333333333333333,1.7,8.33,2.6,30.0,6.4,6.0,112.0,CENTRO,2
3.81,18.0,0.9666666666666667,1.1,8.68,2.0,31.0,5.6,7.5,98.0,CENTRO,3
3.69,17.0,1.0,1.5,7.13,2.4,33.0,4.8,6.3,100.0,CENTRO,4
3.61,17.0,1.0333333333333334,1.8,8.21,2.6,29.0,4.8,5.4,62.0,CENTRO,5
3.75,14.0,1.0666666666666667,1.8,8.9,2.6,28.0,5.5,4.4,112.0,CENTRO,6
3.95,11.0,1.1,3.2,10.44,4.3,24.0,6.5,4.2,126.0,CENTRO,7
3.75,11.0,2.8,4.2,11.81,7.0,32.0,6.9,5.2,149.0,CENTRO,8
3.76,15.0,3.0,3.8,12.5,6.8,33.0,8.4,4.4,117.0,CENTRO,9
3.94,22.0,2.7,3.4,14.83,6.0,38.0,7.4,5.0,96.0,CENTRO,10
3.78,31.0,4.4,3.1,13.14,7.5,50.0,5.5,5.6,25.0,CENTRO,11
3.65,39.0,1.6,2.1,14.54,3.7,51.0,5.0,5.7,29.0,CENTRO,12
3.6,47.0,1.6,2.5,15.31,4.1,51.0,9.9,6.7,83.0,CENTRO,13
3.53,52.0,1.4,2.2,14.67,3.5,52.0,8.6,6.4,82.0,CENTRO,14
3.56,52.0,1.1,1.9,15.64,3.1,45.0,4.5,7.8,56.0,CENTRO,15
3.58,51.5,1.0,2.1,17.7,3.2,50.0,4.4,8.6,78.0,CENTRO,16
3.58,48.0,1.0,2.1,17.25,3.2,60.0,4.4,8.0,72.0,CENTRO,17
3.6,43.0,0.975,2.4,14.94,3.4,61.0,4.3,7.9,120.0,CENTRO,18
3.7,37.0,0.9500000000000001,3.1,14.58,4.0,47.0,4.2,6.2,119.0,CENTRO,19
3.7,33.0,0.925,3.2,16.01,4.1,47.0,4.5,6.7,126.0,CENTRO,20
3.6,31.0,0.9,2.2,15.63,3.1,42.0,4.4,7.0,117.0,CENTRO,21
3.52,30.0,0.9,1.4,14.98,2.2,38.0,4.4,8.1,121.0,CENTRO,22
3.47,26.0,0.92,1.0,11.45,1.8,32.0,4.2,6.3,131.0,CENTRO,23
3.53,25.0,0.9400000000000001,1.3,15.4,2.1,7.0,4.0,4.4,106.0,CENTRO,0
3.57,23.0,0.96,1.6,19.35,2.5,21.0,3.7,2.4,78.0,CENTRO,1
3.57,23.0,0.98,1.8,13.53,2.6,34.0,3.5,0.9,239.0,CENTRO,2
3.65,18.0,1.0,3.4,17.8,4.4,32.0,3.7,3.1,344.0,CENTRO,3
4.3,17.0,2.5,5.4,37.89,7.9,38.0,4.7,3.2,21.0,CENTRO,4
4.19,17.0,1.4,5.1,27.91,6.5,78.0,6.0,3.3,45.0,CENTRO,5
4.38,14.0,1.1,4.7,28.58,5.7,63.0,14.3,3.4,71.0,CENTRO,6
3.89,11.0,2.4,4.7,22.82,7.1,54.0,7.0,1.5,178.0,CENTRO,7
4.11,11.0,3.6,4.5,24.02,8.1,54.0,6.3,0.9,225.0,CENTRO,8
4.19,15.0,7.3,5.0,27.11,12.3,55.0,9.1,2.9,262.0,CENTRO,9
4.25,22.0,8.4,5.9,45.02,14.3,66.0,10.1,3.7,277.0,CENTRO,10
3.65,31.0,1.5,2.7,15.94,4.2,117.0,5.9,4.8,343.0,CENTRO,11
3.6,39.0,1.1,1.9,18.0,3.1,40.0,4.8,4.8,19.0,CENTRO,12
3.58,47.0,1.0,1.6,18.1,2.6,54.0,4.4,3.3,114.0,CENTRO,13
3.67,52.0,1.2,2.4,23.64,3.6,52.0,5.6,4.1,77.0,CENTRO,14
3.7,52.0,1.3,2.9,24.27,4.2,56.0,6.2,6.0,110.0,CENTRO,15
3.72,51.5,1.3,3.4,24.95,4.7,66.0,8.4,5.3,78.0,CENTRO,16
3.67,48.0,1.0,3.1,19.35,4.1,64.0,6.6,6.0,116.0,CENTRO,17
3.71,43.0,1.0,3.2,21.5,4.2,53.0,4.9,4.7,98.0,CENTRO,18
3.86,37.0,1.0333333333333334,4.3,26.97,5.3,58.0,4.4,3.6,97.0,CENTRO,19
3.89,4.965811965811966,1.0666666666666667,4.4,29.21,5.4,70.0,7.4,3.4,90.0,CENTRO,20
3.93,4.9743589743589745,1.1,4.6,32.55,5.7,65.0,7.5,0.9,283.0,CENTRO,21
4.08,4.982905982905983,2.0,4.8,35.44,6.8,63.0,7.2,0.9,283.0,CENTRO,22
4.09,4.9914529914529915,2.0,4.7,40.08,6.6,70.0,6.1,1.9,139.0,CENTRO,23
3.89,5.0,1.0,3.6,32.75,4.5,73.0,4.6,1.4,148.0,CENTRO,0
3.91,4.0,1.0,3.7,32.61,4.6,53.0,4.3,0.9,34.0,CENTRO,1
3.76,4.0,0.9,3.0,26.69,3.8,56.0,4.5,1.1,237.0,CENTRO,2
3.99,4.0,1.2,4.0,31.71,5.2,41.0,4.5,2.2,243.0,CENTRO,3
4.17,4.076923076923077,4.1,4.5,49.63,8.6,51.0,6.2,2.1,281.0,CENTRO,4
4.0,4.153846153846154,1.1,4.1,35.57,5.2,78.0,7.2,0.9,284.0,CENTRO,5
3.99,4.230769230769231,1.2,4.1,36.07,5.4,60.0,7.4,1.4,261.0,CENTRO,6
3.94,4.3076923076923075,1.3,4.0,34.68,5.2,64.0,6.8,1.8,207.0,CENTRO,7
4.01,11.0,2.7,4.2,41.9,6.9,56.0,7.2,1.7,234.0,CENTRO,8
4.05,15.0,3.5,4.4,46.08,7.8,75.0,9.5,2.2,208.0,CENTRO,9
4.21,22.0,4.9,4.7,40.59,9.6,75.0,8.5,3.2,125.0,CENTRO,10
3.9,31.0,2.3,3.6,29.78,5.9,75.0,8.1,5.2,140.0,CENTRO,11
3.54,4.6923076923076925,1.0,1.3,15.11,2.4,69.0,4.9,4.6,228.0,CENTRO,12
3.44,4.769230769230769,0.9,0.5,10.14,1.3,87.0,3.6,9.3,336.0,CENTRO,13
3.42,4.846153846153846,0.9,0.52,7.56,1.2,119.0,3.3,14.3,341.0,CENTRO,14
3.41,4.923076923076923,0.9333333333333333,0.54,6.11,1.2,93.0,3.2,14.3,338.0,CENTRO,15
3.42,5.0,0.9666666666666667,0.5599999999999999,5.3,1.2666666666666666,63.0,3.3,12.5,334.0,CENTRO,16
3.41,4.0,1.0,0.58,4.85,1.3333333333333333,40.0,3.3,10.1,329.0,CENTRO,17
3.41,4.0,1.0333333333333334,0.6,4.75,1.4,32.0,3.75,7.1,309.0,CENTRO,18
3.58,4.0,1.0666666666666667,2.0,7.82,2.9,19.0,4.2,2.3,205.0,CENTRO,19
3.71,4.027777777777778,1.1,3.5,10.14,4.5,36.0,4.4,1.0,273.0,CENTRO,20
3.87,4.055555555555555,1.3,4.6,12.41,5.8,35.0,4.5,0.9,270.0,CENTRO,21
3.86,4.083333333333333,1.7,5.2,15.93,6.9,37.0,7.7,3.1,240.0,CENTRO,22
3.82,4.111111111111111,1.1,4.8,15.09,5.9,50.0,5.9,3.0,235.0,CENTRO,23
3.61,25.0,0.9,3.1,10.32,3.9,42.0,7.7,5.2,241.0,CENTRO,0
3.75,23.0,1.0,3.7,13.17,4.7,35.0,5.4,2.3,244.0,CENTRO,1
3.52,23.0,0.9,2.7,10.89,3.6,32.0,7.3,4.1,238.0,CENTRO,2
3.47,18.0,0.9,1.8,8.07,2.6,38.0,7.8,2.7,258.0,CENTRO,3
3.48,17.0,0.9500000000000001,1.7,9.05,2.6,35.0,7.1,2.9,227.0,CENTRO,4
3.47,17.0,1.0,1.7999999999999998,10.42,2.6999999999999997,39.0,8.0,3.2,238.0,CENTRO,5
3.46,14.0,1.05,1.9,10.13,2.8,34.0,7.5,5.4,232.0,CENTRO,6
3.53,11.0,1.1,2.9,10.72,4.0,44.0,7.3,2.5,251.0,CENTRO,7
3.78,11.0,3.5,4.8,15.36,8.2,45.0,7.9,2.6,280.0,CENTRO,8
3.93,15.0,6.8,5.0,17.14,11.7,78.0,8.3,4.4,243.0,CENTRO,9
3.95,22.0,5.7,5.1,17.89,10.8,79.0,8.3,5.3,211.0,CENTRO,10
4.09,31.0,4.8,4.9,17.6,9.7,84.0,7.1,2.9,32.0,CENTRO,11
3.83,39.0,2.8,4.4,15.3,7.2,92.0,7.0,3.3,77.0,CENTRO,12
3.8,47.0,2.8,4.8,19.27,7.6,62.0,15.0,4.4,78.0,CENTRO,13
3.69,52.0,1.4,3.2,17.07,4.6,63.0,6.0,5.2,98.0,CENTRO,14
3.65,52.0,1.2,3.0,17.66,4.2,78.0,5.0,6.5,73.0,CENTRO,15
3.6,51.5,1.1,2.6,10.81,3.7,81.0,5.2,6.7,83.0,CENTRO,16
3.7,48.0,1.1,3.5,11.99,4.6,46.0,4.1,6.9,104.0,CENTRO,17
3.77,43.0,1.0,4.4,10.76,5.4,74.0,4.5,6.6,94.0,CENTRO,18
3.93,37.0,1.4,6.2,11.26,7.5,56.0,9.4,4.7,133.0,CENTRO,19
3.89,33.0,1.2,5.5,10.66,6.6,48.0,6.8,1.1,117.0,CENTRO,20
3.67,31.0,0.9,3.1,9.51,4.0,38.0,5.1,4.1,91.0,CENTRO,21
3.6,30.0,0.9,2.4,8.77,3.2,35.0,4.9,2.9,93.0,CENTRO,22
3.71,26.0,1.1,2.5,7.48,3.5,31.0,4.4,2.0,332.0,CENTRO,23
4.0,25.0,2.0,5.8,14.79,7.8,31.0,4.4,2.3,256.0,CENTRO,0
3.98,23.0,1.6,3.2,28.62,4.9,47.0,10.4,4.0,231.0,CENTRO,1
3.74,23.0,1.8,1.0,21.74,1.2,89.0,11.0,6.0,234.0,CENTRO,2
3.69,18.0,15.7,15.4,21.82,14.8,62.0,10.9,3.3,230.0,CENTRO,3
3.61,17.0,15.7,15.4,15.4,14.8,62.0,7.9,3.8,230.0,CENTRO,4
3.61,17.0,15.9,15.6,17.1,15.0,44.0,8.3,4.3,239.0,CENTRO,5
3.6,14.0,16.0,15.8,18.3,15.1,60.0,8.6,2.1,351.0,CENTRO,6
3.66,11.0,16.1,15.8,16.48,15.2,62.0,8.9,4.5,232.0,CENTRO,7
3.9,11.0,16.1,15.9,18.52,15.2,68.0,9.9,2.6,267.0,CENTRO,8
4.27,15.0,16.2,15.9,27.94,15.3,84.0,12.4,3.2,265.0,CENTRO,9
4.24,22.0,16.3,16.0,22.69,15.3,132.0,9.8,3.6,235.0,CENTRO,10
3.9,31.0,16.3,16.0,16.77,15.275,105.0,7.2,4.1,195.0,CENTRO,11
3.9,39.0,16.25,15.95,18.58,15.25,83.0,6.1,3.1,62.0,CENTRO,12
4.17,47.0,16.2,15.9,27.26,15.225,133.0,7.6,4.1,29.0,CENTRO,13
4.14,52.0,16.2,15.9,29.53,15.2,68.0,12.7,3.2,119.0,CENTRO,14
4.03,52.0,16.175,15.905000000000001,24.68,15.2,68.0,15.3,4.6,59.0,CENTRO,15
3.88,51.5,16.150000000000002,15.91,22.7,15.216666666666667,91.0,12.4,4.1,39.0,CENTRO,16
3.97,48.0,16.125,15.915000000000001,26.14,15.233333333333333,82.0,7.0,4.1,103.0,CENTRO,17
4.33,43.0,16.1,15.92,43.87,15.25,79.0,5.4,1.5,175.0,CENTRO,18
4.87,37.0,16.1,3.5,41.2,15.266666666666667,345.0,5.4,1.2,264.0,CENTRO,19
4.8,33.0,16.2,3.6,51.43,15.283333333333333,258.0,5.3,0.9,260.0,CENTRO,20
4.71,31.0,16.2,3.3,39.9,15.3,330.0,5.7,2.5,235.0,CENTRO,21
4.98,30.0,16.183333333333334,3.1,61.33,15.3,134.0,9.3,1.8,278.0,CENTRO,22
4.82,26.0,16.166666666666668,2.8,48.07,15.283333333333333,225.0,8.0,1.6,256.0,CENTRO,23
4.55,25.0,16.150000000000002,2.7,49.93,15.266666666666667,109.0,8.7,2.9,234.0,CENTRO,0
4.21,23.0,16.133333333333333,2.8,37.03,15.25,96.0,9.7,3.6,222.0,CENTRO,1
4.08,23.0,16.116666666666667,2.7,35.18,15.233333333333333,85.0,10.4,3.5,241.0,CENTRO,2
4.01,18.0,16.1,3.1,32.82,15.216666666666667,73.0,10.1,2.8,254.0,CENTRO,3
3.93,17.0,16.1,3.0,31.7,15.2,67.0,10.3,3.3,244.0,CENTRO,4
3.9,17.0,16.125,3.25,28.76,15.3,67.0,7.8,2.0,260.0,CENTRO,5
3.93,14.0,16.15,15.98,32.2,15.3,57.0,8.6,2.4,242.0,CENTRO,6
3.96,11.0,16.175,15.985,30.26,15.285714285714286,75.0,9.5,2.5,254.0,CENTRO,7
4.11,11.0,16.2,15.99,27.54,15.271428571428572,95.0,8.9,3.4,258.0,CENTRO,8
4.35,15.0,16.2,15.995,29.55,15.257142857142858,86.0,10.4,2.3,8.0,CENTRO,9
4.35,22.0,16.3,16.0,34.22,15.242857142857142,108.0,8.7,1.6,70.0,CENTRO,10
4.14,31.0,16.3,16.0,34.09,15.228571428571428,110.0,8.8,1.7,64.0,CENTRO,11
4.21,39.0,16.25,15.95,52.6,15.214285714285714,106.0,9.6,2.7,357.0,CENTRO,12
4.3,47.0,16.2,15.9,62.4,15.2,105.0,15.6,3.0,85.0,CENTRO,13
4.29,52.0,16.2,15.9,58.3,15.2,105.0,14.0,5.4,87.0,CENTRO,14
4.05,5.888888888888888,16.166666666666668,15.866666666666667,36.68,15.174999999999999,128.0,6.4,5.6,96.0,CENTRO,15
3.98,5.916666666666666,16.133333333333333,15.833333333333334,27.69,15.149999999999999,136.0,5.7,6.7,84.0,CENTRO,16
3.99,5.944444444444445,16.1,15.8,21.25,15.125,136.0,5.6,8.0,81.0,CENTRO,17
4.21,5.972222222222222,16.1,15.8,18.55,15.1,100.0,5.3,4.8,79.0,CENTRO,18
4.46,6.0,16.106250000000003,15.833333333333334,15.81,15.1,73.0,4.9,1.9,124.0,CENTRO,19
4.58,4.0,16.1125,15.866666666666667,16.75,15.2,56.0,5.0,2.7,308.0,CENTRO,20
5.07,4.0,16.118750000000002,15.9,25.74,15.2,60.0,5.6,2.1,286.0,CENTRO,21
4.63,4.0,16.125,15.9,24.42,15.194117647058823,72.0,6.0,1.3,253.0,CENTRO,22
4.78,4.055555555555555,1.6,15.9,37.57,15.188235294117646,59.0,9.3,2.8,235.0,CENTRO,23
4.48,4.111111111111111,1.6,15.9,37.84,15.18235294117647,108.0,12.7,3.5,251.0,CENTRO,0
4.21,4.166666666666667,1.6,15.9,32.77,15.176470588235293,97.0,12.2,2.8,254.0,CENTRO,1
4.11,4.222222222222222,1.69375,2.7,26.4,4.5,79.0,6.8,1.4,262.0,CENTRO,2
4.09,18.0,1.8,3.1,28.2,4.9,57.0,6.0,1.7,290.0,CENTRO,3
4.03,17.0,1.7266666666666668,3.0,29.49,4.9,66.0,6.0,1.5,316.0,CENTRO,4
4.0,17.0,1.8,3.25,26.92,5.1,69.0,5.7,1.2,289.0,CENTRO,5
4.0,14.0,16.175,15.9,27.88,6.8,70.0,5.8,1.3,353.0,CENTRO,6
4.15,11.0,16.18125,15.9,37.37,9.2,71.0,6.7,0.9,332.0,CENTRO,7
4.31,11.0,16.1875,15.9,32.02,11.5,101.0,6.1,1.3,269.0,CENTRO,8
4.73,15.0,16.193749999999998,15.9,32.64,12.5,90.0,6.8,1.3,299.0,CENTRO,9
5.03,22.0,16.2,15.9,55.79,15.123529411764705,110.0,8.3,1.8,60.0,CENTRO,10
4.6,31.0,16.2,15.875,61.13,15.117647058823529,164.0,8.8,1.5,70.0,CENTRO,11
4.63,4.777777777777778,16.150000000000002,15.85,57.99,15.111764705882353,139.0,8.1,2.4,73.0,CENTRO,12
4.99,4.833333333333333,16.1,15.825000000000001,75.57,15.105882352941176,162.0,12.4,4.9,114.0,CENTRO,13
4.53,4.888888888888888,16.1,15.8,56.64,15.1,133.0,11.9,8.0,103.0,CENTRO,14
4.32,4.944444444444445,16.080000000000002,15.8,42.42,15.1,139.0,7.9,7.4,71.0,CENTRO,15
4.24,5.0,16.060000000000002,15.805555555555555,39.14,15.10909090909091,106.0,7.4,5.4,64.0,CENTRO,16
4.1,4.0,16.04,15.811111111111112,22.51,15.118181818181817,103.0,5.7,5.6,98.0,CENTRO,17
4.1,4.0,16.02,15.816666666666666,19.99,15.127272727272727,67.0,5.0,4.5,111.0,CENTRO,18
4.41,4.0,16.0,15.822222222222223,23.46,15.136363636363637,62.0,5.3,3.6,81.0,CENTRO,19
4.77,3.9047619047619047,16.0,3.6,33.51,5.1,69.0,7.2,2.9,337.0,CENTRO,20
4.65,3.8095238095238093,16.05,3.3,36.39,4.8,98.0,5.1,1.7,264.0,CENTRO,21
4.86,3.7142857142857144,16.1,3.1,35.63,15.163636363636362,91.0,5.1,2.8,245.0,CENTRO,22
4.99,3.619047619047619,16.1,2.8,49.66,15.172727272727272,86.0,6.6,1.9,263.0,CENTRO,23
4.89,25.0,16.080000000000002,2.7,49.13,15.181818181818182,115.0,6.2,1.7,268.0,CENTRO,0
4.77,23.0,16.060000000000002,2.8,45.5,15.19090909090909,104.0,5.4,1.3,337.0,CENTRO,1
5.29,23.0,16.04,2.7,60.75,15.2,94.0,4.9,1.7,296.0,CENTRO,2
4.62,18.0,16.02,3.1,52.87,15.2,113.0,4.5,1.7,300.0,CENTRO,3
4.55,17.0,16.0,3.0,52.95,14.515384615384615,91.0,4.2,1.4,293.0,CENTRO,4
4.51,17.0,16.0,15.877777777777778,43.87,13.83076923076923,94.0,4.0,1.3,291.0,CENTRO,5
4.39,14.0,16.033333333333335,15.883333333333333,49.81,13.146153846153846,92.0,4.4,2.0,302.0,CENTRO,6
4.47,11.0,16.066666666666666,15.88888888888889,69.2,12.461538461538462,123.0,5.1,2.6,233.0,CENTRO,7
4.47,11.0,16.1,15.894444444444444,43.04,11.5,165.0,6.1,4.3,228.0,CENTRO,8
4.57,15.0,16.2,15.9,33.35,12.5,98.0,8.0,4.6,235.0,CENTRO,9
4.164285714285715,22.0,14.842857142857142,14.557142857142857,31.96888888888889,11.9,90.85714285714286,7.3,4.285714285714286,217.42857142857142,CENTRO,10
3.758571428571429,31.0,13.485714285714286,13.214285714285715,30.58777777777778,10.1,83.71428571428571,6.6,3.971428571428571,199.85714285714286,CENTRO,11
3.352857142857143,2.380952380952381,12.128571428571428,11.871428571428572,29.206666666666667,9.038461538461538,76.57142857142857,5.9,3.657142857142857,182.28571428571428,CENTRO,12
2.947142857142857,2.2857142857142856,10.77142857142857,10.528571428571428,27.825555555555557,8.353846153846154,69.42857142857143,5.2,3.3428571428571425,164.71428571428572,CENTRO,13
2.5414285714285714,2.1904761904761907,9.414285714285713,9.185714285714287,26.444444444444446,7.6692307692307695,62.285714285714285,4.5,3.0285714285714285,147.14285714285714,CENTRO,14
2.1357142857142857,2.0952380952380953,8.057142857142857,7.842857142857143,25.063333333333336,6.984615384615385,55.14285714285714,3.8,2.714285714285714,129.57142857142856,CENTRO,15
1.73,2.0,6.7,6.5,23.682222222222222,6.3,48.0,3.1,2.4,112.0,CENTRO,16
4.08,4.0,16.0,15.7,22.301111111111112,15.0,94.0,6.5,7.6,148.0,CENTRO,17
4.03,4.0,16.0,15.7,20.92,15.0,78.0,5.4,8.0,140.0,CENTRO,18
4.02,4.0,16.016666666666666,15.75,18.05,15.1,66.0,4.9,6.3,119.0,CENTRO,19
3.92,4.04,16.033333333333335,15.8,12.53,15.1,52.0,4.3,7.7,130.0,CENTRO,20
3.86,4.08,16.05,15.807142857142857,10.77,15.12,45.0,4.0,7.4,135.0,CENTRO,21
3.95,4.12,16.066666666666666,15.814285714285715,12.41,15.139999999999999,34.0,3.9,4.8,158.0,CENTRO,22
4.17,4.16,16.083333333333336,15.821428571428571,16.78,15.16,38.0,3.7,2.4,201.0,CENTRO,23
4.31,25.0,16.1,15.82857142857143,18.25,15.18,50.0,3.6,2.1,224.0,CENTRO,0
4.7,23.0,16.1,2.8,34.33,15.2,45.0,4.1,2.7,228.0,CENTRO,1
4.64,23.0,16.11111111111111,2.7,42.95,15.2,90.0,4.5,2.8,237.0,CENTRO,2
4.52,18.0,16.122222222222224,3.1,46.99,15.191666666666666,101.0,5.2,3.4,231.0,CENTRO,3
4.48,17.0,16.133333333333333,3.0,52.16,15.183333333333332,109.0,5.3,2.7,238.0,CENTRO,4
4.41,17.0,16.144444444444446,3.25,46.28,15.174999999999999,116.0,4.9,1.4,277.0,CENTRO,5
4.34,14.0,16.155555555555555,15.871428571428572,45.52,15.166666666666666,97.0,4.5,1.2,262.0,CENTRO,6
4.34,11.0,16.166666666666668,15.878571428571428,44.54,9.2,100.0,4.1,0.9,302.0,CENTRO,7
4.43,11.0,16.177777777777777,15.885714285714286,42.5,11.5,116.0,4.1,1.0,180.0,CENTRO,8
4.69,15.0,16.18888888888889,15.892857142857142,41.17,12.5,113.0,4.3,1.0,293.0,CENTRO,9
4.79,22.0,16.2,15.9,44.99,15.133333333333333,103.0,6.3,3.2,71.0,CENTRO,10
4.31,31.0,16.2,15.866666666666667,29.87,15.125,132.0,8.5,6.6,58.0,CENTRO,11
4.05,39.0,16.150000000000002,15.833333333333334,19.38,15.116666666666665,76.0,9.0,8.5,61.0,CENTRO,12
4.01,47.0,16.1,15.8,20.56,15.108333333333333,67.0,21.6,11.5,65.0,CENTRO,13
4.0,52.0,16.1,15.8,22.83,15.1,74.0,20.6,11.2,64.0,CENTRO,14
3.93,52.0,16.0,15.75,22.33,15.1,78.0,14.6,9.8,107.0,CENTRO,15
3.93,4.84,16.0,15.7,27.07,15.0,53.0,11.5,10.7,107.0,CENTRO,16
3.93,4.88,16.025,15.7,25.04,15.0,61.0,9.9,10.7,115.0,CENTRO,17
3.95,4.92,16.05,15.75,24.6,15.05,52.0,8.7,7.0,119.0,CENTRO,18
4.04,4.96,16.075,15.8,25.61,15.1,45.0,6.8,5.3,133.0,CENTRO,19
4.13,5.0,16.1,15.8,34.23,15.1,48.0,4.9,7.3,81.0,CENTRO,20
4.15,4.0,16.1,15.807142857142857,40.33,15.10909090909091,61.0,4.2,6.3,86.0,CENTRO,21
4.03,4.0,16.066666666666666,15.814285714285715,33.88,15.118181818181817,60.0,4.5,7.6,89.0,CENTRO,22
4.04,4.0,16.033333333333335,15.821428571428571,29.59,15.127272727272727,47.0,4.2,6.7,59.0,CENTRO,23
3.99,5.0,16.0,15.82857142857143,24.96,15.136363636363637,45.0,3.6,5.8,85.0,CENTRO,0
3.98,4.0,16.0,2.8,25.25,4.4,43.0,3.3,3.9,58.0,CENTRO,1
3.98,4.0,16.016666666666666,2.7,24.69,4.5,44.0,3.3,3.0,104.0,CENTRO,2
3.98,4.0,16.033333333333335,3.1,25.21,15.163636363636362,43.0,3.2,1.7,336.0,CENTRO,3
4.07,4.011627906976744,16.05,3.0,29.62,15.172727272727272,35.0,3.1,2.6,237.0,CENTRO,4
4.07,4.023255813953488,16.066666666666666,3.25,31.06,15.181818181818182,40.0,3.1,1.6,218.0,CENTRO,5
4.04,4.034883720930233,16.083333333333336,15.871428571428572,29.78,15.19090909090909,44.0,3.1333333333333333,1.9,243.0,CENTRO,6
4.06,4.046511627906977,16.1,15.878571428571428,35.61,15.2,38.0,3.166666666666667,3.5,265.0,CENTRO,7
4.33,11.0,16.1,15.885714285714286,54.69,15.2,55.0,3.2,4.5,237.0,CENTRO,8
4.32,15.0,16.15,15.892857142857142,73.77,15.166666666666666,106.0,3.1,3.1,213.0,CENTRO,9
4.14,22.0,16.2,15.9,48.03,15.133333333333333,99.0,3.3,2.9,91.0,CENTRO,10
4.19,31.0,16.2,15.9,51.5,15.1,71.0,3.6,3.1,49.0,CENTRO,11
4.21,39.0,16.133333333333333,15.833333333333334,46.89,15.066666666666666,81.0,4.0,3.5,126.0,CENTRO,12
3.93,47.0,16.066666666666666,15.766666666666666,21.2,15.033333333333333,78.0,3.9,5.9,341.0,CENTRO,13
3.76,52.0,16.0,15.7,8.82,15.0,54.0,3.2,10.0,314.0,CENTRO,14
3.71,52.0,15.9,15.5,7.36,14.8,62.0,3.2,12.5,335.0,CENTRO,15
3.69,51.5,15.7,15.4,7.61,14.7,47.0,3.1,9.9,335.0,CENTRO,16
3.8,48.0,15.7,15.4,19.32,14.6,34.0,3.6,10.2,12.0,CENTRO,17
3.79,43.0,15.75,15.5,28.0,14.7,156.0,3.5,11.1,21.0,CENTRO,18
3.85,37.0,15.8,15.6,17.3,14.9,237.0,3.4,10.0,62.0,CENTRO,19
3.93,33.0,16.0,15.7,14.98,15.0,133.0,5.6,8.1,77.0,CENTRO,20
3.91,31.0,16.0,15.8,13.16,15.1,107.0,7.2,7.5,92.0,CENTRO,21
3.81,30.0,15.9,15.8,11.67,15.2,86.0,4.4,11.2,60.0,CENTRO,22
3.75,26.0,15.9,15.850000000000001,19.19,15.2,100.0,4.0,9.2,48.0,CENTRO,23
3.79,25.0,16.0,15.9,30.26,15.208333333333332,168.0,4.0,8.4,62.0,CENTRO,0
3.79,23.0,15.8,15.8,37.01,15.216666666666667,216.0,4.2,8.7,76.0,CENTRO,1
3.78,23.0,15.8,15.8,34.67,15.225,250.0,7.3,8.4,83.0,CENTRO,2
3.8,18.0,15.75,15.811111111111112,30.78,15.233333333333333,267.0,6.8,7.5,87.0,CENTRO,3
3.82,17.0,15.7,15.822222222222223,26.5,4.9,251.0,5.2,6.7,66.0,CENTRO,4
3.85,17.0,15.7,15.833333333333334,21.81,5.1,217.0,4.1,6.9,73.0,CENTRO,5
3.9,14.0,15.666666666666666,15.844444444444445,19.64,6.8,174.0,5.5,5.0,60.0,CENTRO,6
3.92,11.0,15.633333333333333,15.855555555555556,16.76,15.266666666666667,140.0,4.5,6.4,45.0,CENTRO,7
4.03,11.0,15.6,15.866666666666667,16.25,15.275,124.0,6.3,5.9,93.0,CENTRO,8
4.17,15.0,15.6,15.877777777777778,18.11,15.283333333333333,104.0,8.5,5.5,143.0,CENTRO,9
4.31,22.0,15.75,15.88888888888889,27.08,15.291666666666668,120.0,7.0,4.0,108.0,CENTRO,10
4.34,31.0,15.9,15.9,25.02,15.3,235.0,9.5,4.5,65.0,CENTRO,11
4.33,39.0,16.0,15.9,32.52,15.3,154.0,14.1,6.3,81.0,CENTRO,12
4.19,47.0,15.9,15.88,28.4,15.25,206.0,6.3,6.7,72.0,CENTRO,13
4.11,52.0,15.9,15.860000000000001,22.19,15.2,193.0,6.6,7.2,66.0,CENTRO,14
4.08,52.0,15.866666666666667,15.84,21.38,15.2,139.0,4.1,9.2,65.0,CENTRO,15
4.04,51.5,15.833333333333334,15.82,20.78,15.19,150.0,4.0,10.1,77.0,CENTRO,16
4.0,48.0,15.8,15.8,21.1,15.18,141.0,7.2,9.9,104.0,CENTRO,17
4.06,43.0,15.7,15.787500000000001,21.62,15.17,138.0,6.4,7.8,108.0,CENTRO,18
4.13,37.0,15.7,15.775,19.84,15.16,130.0,6.7,8.7,81.0,CENTRO,19
4.0,33.0,15.649999999999999,15.762500000000001,19.21,5.1,134.0,5.5,9.5,111.0,CENTRO,20
3.9,31.0,15.6,15.75,15.73,15.139999999999999,119.0,4.7,8.8,121.0,CENTRO,21
3.9,30.0,15.7,15.7375,14.8,15.129999999999999,88.0,4.2,8.3,128.0,CENTRO,22
3.87,26.0,15.6,15.725,13.77,15.12,84.0,3.9,7.9,143.0,CENTRO,23
3.86,25.0,15.6,15.7125,12.54,15.11,75.0,3.7,5.7,129.0,CENTRO,0
3.87,23.0,15.566666666666666,15.7,12.06,15.1,65.0,3.5,3.8,125.0,CENTRO,1
3.86,23.0,15.533333333333333,15.7,10.88,15.1,62.0,3.2,1.3,146.0,CENTRO,2
3.91,18.0,15.5,15.712499999999999,14.08,15.112499999999999,58.0,3.4,1.8,358.0,CENTRO,3
3.99,17.0,15.5,15.725,14.18,15.125,64.0,4.2,1.3,51.0,CENTRO,4
4.02,17.0,15.52,15.737499999999999,17.36,15.1375,57.0,3.6,1.4,320.0,CENTRO,5
4.05,14.0,15.54,15.75,20.95,15.15,67.0,3.6,1.5,264.0,CENTRO,6
4.2,11.0,15.56,15.7625,33.74,15.1625,80.0,5.4,2.2,261.0,CENTRO,7
4.6,11.0,15.58,15.775,40.0,15.174999999999999,128.0,5.7,1.6,284.0,CENTRO,8
4.74,15.0,15.6,15.7875,44.65,15.1875,162.0,7.0,2.0,26.0,CENTRO,9
4.74,22.0,15.9,15.8,56.81,15.2,207.0,8.4,3.0,253.0,CENTRO,10
4.78,31.0,16.0,15.8,56.76,15.2,275.0,10.0,3.6,52.0,CENTRO,11
4.64,39.0,16.0,15.9,46.69,15.166666666666666,208.0,8.5,2.7,37.0,CENTRO,12
5.1,47.0,15.95,15.85,54.55,15.133333333333333,162.0,13.9,4.1,52.0,CENTRO,13
5.36,52.0,15.9,15.8,86.55,15.1,177.0,33.5,6.2,68.0,CENTRO,14
4.37,52.0,15.9,15.766666666666667,32.65,15.1,275.0,16.0,7.4,74.0,CENTRO,15
4.31,51.5,15.85,15.733333333333333,27.76,15.114285714285714,159.0,16.5,7.5,78.0,CENTRO,16
4.18,48.0,15.8,15.7,22.84,15.128571428571428,137.0,18.1,6.6,70.0,CENTRO,17
4.4,43.0,15.7,15.733333333333333,24.64,15.142857142857142,128.0,9.5,8.6,35.0,CENTRO,18
4.4,37.0,15.8,15.766666666666667,16.93,15.157142857142857,162.0,5.4,6.6,53.0,CENTRO,19
4.23,33.0,15.8,15.8,14.6,15.17142857142857,107.0,5.3,6.2,116.0,CENTRO,20
4.06,31.0,15.7,15.8,11.0,15.185714285714285,73.0,4.5,3.3,86.0,CENTRO,21
4.04,30.0,15.7,15.787500000000001,10.67,15.2,50.0,4.1,2.7,82.0,CENTRO,22
4.05,26.0,15.6,15.775,9.81,15.1,47.0,4.0,1.1,235.0,CENTRO,23
4.09,25.0,15.6,15.762500000000001,9.76,15.1,46.0,3.9,0.9,231.0,CENTRO,0
4.28,23.0,15.575,15.75,14.25,15.2,40.0,4.3,2.2,190.0,CENTRO,1
4.12,23.0,15.549999999999999,15.7375,11.89,15.2,50.0,4.9,2.0,206.0,CENTRO,2
4.0,18.0,15.525,15.725,11.65,15.166666666666666,45.0,5.3,3.0,4.0,CENTRO,3
3.92,17.0,15.5,15.7125,10.13,15.133333333333333,46.0,5.6,4.8,107.0,CENTRO,4
4.0,17.0,15.5,15.7,9.04,15.1,43.0,7.2,4.0,139.0,CENTRO,5
4.13,14.0,15.6,15.8,9.09,15.2,41.0,5.3,1.9,132.0,CENTRO,6
4.2,11.0,15.6,15.8,11.03,15.2,40.0,6.3,5.2,108.0,CENTRO,7
4.07,11.0,15.7,15.825000000000001,15.54,15.225,57.0,9.6,4.3,118.0,CENTRO,8
4.3,15.0,15.7,15.850000000000001,19.54,15.25,76.0,5.9,4.3,114.0,CENTRO,9
4.47,22.0,15.8,15.875,23.04,15.275,106.0,5.8,5.6,115.0,CENTRO,10
4.3,31.0,16.0,15.9,20.95,15.3,120.0,7.3,5.2,76.0,CENTRO,11
4.09,39.0,16.0,15.9,14.38,15.3,103.0,4.5,5.1,52.0,CENTRO,12
4.05,4.953488372093023,15.95,15.866666666666667,16.29,15.2,82.0,6.9,4.8,24.0,CENTRO,13
4.07,4.965116279069767,15.9,15.833333333333334,16.41,15.2,94.0,10.4,5.0,118.0,CENTRO,14
4.06,4.976744186046512,16.0,15.8,15.92,15.205,86.0,6.0,5.6,77.0,CENTRO,15
4.08,4.988372093023256,15.9,15.8,19.96,15.209999999999999,85.0,4.4,7.3,67.0,CENTRO,16
4.04,5.0,15.9,15.805882352941177,19.63,15.215,121.0,4.0,9.1,90.0,CENTRO,17
4.04,5.0,15.8,15.811764705882354,12.52,15.219999999999999,152.0,4.0,7.5,120.0,CENTRO,18
4.14,5.0,15.8,15.81764705882353,13.21,5.0,63.0,4.1,6.3,121.0,CENTRO,19
4.05,4.0,15.75,15.823529411764707,15.62,5.1,70.0,3.9,6.6,119.0,CENTRO,20
3.95,5.0,15.7,3.3,20.14,4.8,77.0,3.8,7.0,131.0,CENTRO,21
3.89,4.0,15.6,3.1,21.41,4.7,90.0,3.7,7.8,144.0,CENTRO,22
3.87,4.0,15.7,2.8,18.66,4.65,98.0,3.8,6.5,140.0,CENTRO,23
4.18,4.0,15.9,2.7,19.13,4.4,85.0,3.7,1.0,245.0,CENTRO,0
4.21,5.2,15.8,2.8,23.48,4.4,79.0,3.8,0.9,237.0,CENTRO,1
4.2,6.4,15.8,2.7,31.23,4.5,86.0,4.0,1.1,251.0,CENTRO,2
4.12,7.6000000000000005,15.833333333333334,3.1,48.38,4.9,98.0,3.9,1.2,284.0,CENTRO,3
4.16,8.8,15.866666666666667,3.0,55.11,4.9,116.0,4.0,1.6,264.0,CENTRO,4
4.27,17.0,15.9,15.876470588235295,60.03,5.1,134.0,5.0,3.3,238.0,CENTRO,5
4.16,14.0,16.0,15.882352941176471,54.96,15.280000000000001,153.0,5.7,2.6,278.0,CENTRO,6
4.26,11.0,16.0,15.888235294117647,54.96,15.285,145.0,4.7,0.9,306.0,CENTRO,7
4.49,11.0,15.9,15.894117647058824,40.58,15.290000000000001,137.0,5.0,0.9,250.0,CENTRO,8
4.79,15.0,16.1,15.9,62.93,15.295,122.0,7.9,1.1,270.0,CENTRO,9
5.08,22.0,16.1,15.9,65.62,15.3,199.0,9.7,3.8,30.0,CENTRO,10
4.93,17.2,16.066666666666666,15.883333333333333,65.12,15.3,218.0,25.0,5.1,69.0,CENTRO,11
4.53,18.400000000000002,16.033333333333335,15.866666666666667,57.34,15.266666666666667,193.0,16.8,7.6,81.0,CENTRO,12
4.21,19.6,16.0,15.85,32.54,15.233333333333333,156.0,7.8,7.5,51.0,CENTRO,13
4.1,20.8,16.0,15.833333333333334,25.7,15.2,122.0,5.5,9.2,58.0,CENTRO,14
4.05,22.0,15.9,15.816666666666666,24.8,15.2,106.0,4.9,9.6,106.0,CENTRO,15
4.04,53.0,15.8,15.8,14.51,15.149999999999999,111.0,4.5,10.0,92.0,CENTRO,16
4.09,42.0,15.7,15.7,12.82,15.1,84.0,4.6,12.2,81.0,CENTRO,17
4.13,36.0,15.6,15.7,12.39,15.0,90.0,4.4,10.9,91.0,CENTRO,18
4.16,32.0,15.6,15.68,12.7,15.0,75.0,4.1,9.1,93.0,CENTRO,19
4.11,35.0,15.5,15.66,11.88,15.006666666666666,63.0,4.0,7.0,119.0,CENTRO,20
3.98,42.0,15.6,15.639999999999999,12.04,15.013333333333334,51.0,3.9,12.0,139.0,CENTRO,21
3.98,42.0,15.5,15.62,11.0,15.02,80.0,3.8,10.2,134.0,CENTRO,22
4.03,38.0,15.4,15.6,11.31,15.026666666666667,53.0,3.8,7.5,93.0,CENTRO,23
4.04,34.0,15.5,15.6,11.67,4.4,42.0,3.6,5.8,79.0,CENTRO,0
4.02,32.0,15.5,15.61111111111111,11.56,4.4,34.0,3.6,4.2,48.0,CENTRO,1
4.06,24.0,15.475,15.622222222222222,14.99,4.5,38.0,3.4,2.6,342.0,CENTRO,2
4.12,15.0,15.45,15.633333333333333,21.4,4.9,44.0,3.2,2.2,310.0,CENTRO,3
4.14,21.0,15.425,15.644444444444444,35.06,4.9,54.0,3.3,2.5,307.0,CENTRO,4
4.24,11.0,15.4,15.655555555555555,27.12,5.1,60.0,3.2,1.2,259.0,CENTRO,5
4.3,9.0,15.5,15.666666666666666,41.15,15.073333333333332,59.0,3.7,1.1,282.0,CENTRO,6
4.33,6.0,15.5,15.677777777777777,34.33,15.08,98.0,3.7,2.2,245.0,CENTRO,7
4.6,7.0,15.3,15.688888888888888,31.75,15.086666666666666,85.0,4.0,1.2,305.0,CENTRO,8
4.9,11.0,15.6,15.7,39.51,15.093333333333334,95.0,4.6,3.2,229.0,CENTRO,9
4.72,14.0,15.8,15.7,35.47,15.1,126.0,4.4,3.0,295.0,CENTRO,10
4.82,27.0,15.9,15.8,28.59,15.2,110.0,4.4,3.4,349.0,CENTRO,11
4.79,32.0,16.1,16.0,31.4,15.4,82.0,4.9,3.4,335.0,CENTRO,12
4.64,42.0,16.0,15.9,34.47,15.3,70.0,5.1,3.5,13.0,CENTRO,13
4.98,38.0,15.9,15.8,49.91,15.1,77.0,7.8,3.9,41.0,CENTRO,14
5.19,46.0,15.9,15.7,58.49,15.0,100.0,9.3,5.3,83.0,CENTRO,15
4.96,48.0,15.866666666666667,15.7,55.77,15.0,124.0,8.6,4.1,46.0,CENTRO,16
4.66,47.0,15.833333333333334,15.649999999999999,34.34,15.0125,135.0,8.0,3.0,51.0,CENTRO,17
4.73,35.0,15.8,15.6,26.28,15.025,86.0,5.1,2.1,73.0,CENTRO,18
4.76,22.0,15.8,15.6,21.42,15.0375,80.0,4.6,4.8,97.0,CENTRO,19
5.14,6.0,15.785714285714286,15.616666666666667,32.61,15.05,66.0,4.6,3.9,360.0,CENTRO,20
5.46,6.0,15.771428571428572,15.633333333333333,41.94,15.0625,100.0,4.3,3.0,293.0,CENTRO,21
5.26,6.0,15.757142857142858,15.65,43.03,15.075,104.0,4.0,2.8,245.0,CENTRO,22
5.7,11.0,15.742857142857142,15.666666666666666,64.73,15.0875,96.0,5.2,5.4,230.0,CENTRO,23
5.23,9.0,15.728571428571428,2.7,62.05,15.1,168.0,6.1,4.1,242.0,CENTRO,0
5.12,8.0,15.714285714285714,2.8,56.2,15.1,136.0,5.4,2.6,259.0,CENTRO,1
5.03,7.0,15.7,2.7,48.59,15.112499999999999,115.0,4.6,2.3,257.0,CENTRO,2
4.82,8.0,15.7,15.733333333333334,44.07,15.125,104.0,4.7,2.6,259.0,CENTRO,3
4.78,10.0,15.733333333333333,15.75,52.59,15.1375,84.0,5.5,2.5,254.0,CENTRO,4
4.65,9.0,15.766666666666667,15.766666666666667,51.28,15.15,105.0,5.6,4.1,239.0,CENTRO,5
4.62,7.0,15.8,15.783333333333333,48.27,15.1625,121.0,5.6,3.0,300.0,CENTRO,6
4.59,6.0,15.8,15.8,40.73,15.174999999999999,100.0,4.9,1.6,273.0,CENTRO,7
4.72,8.0,15.850000000000001,15.833333333333334,38.62,15.1875,81.0,5.4,2.7,285.0,CENTRO,8
5.03,8.0,15.9,15.866666666666667,42.4,15.2,92.0,5.6,2.2,227.0,CENTRO,9
5.07,13.0,16.0,15.9,44.55,15.2,116.0,8.6,3.0,139.0,CENTRO,10
5.13,20.0,16.1,15.9,43.46,15.3,133.0,9.1,6.6,61.0,CENTRO,11
4.56,40.0,16.2,16.0,33.74,15.3,149.0,9.2,10.1,110.0,CENTRO,12
4.41,48.0,16.2,16.0,30.43,15.4,200.0,6.0,8.7,62.0,CENTRO,13
4.39,45.0,16.3,15.988888888888889,18.78,15.4,270.0,4.6,11.9,38.0,CENTRO,14
4.34,42.0,16.2,15.977777777777778,14.82,15.366666666666667,194.0,5.9,9.4,87.0,CENTRO,15
4.27,42.0,16.3,15.966666666666667,12.52,15.333333333333334,97.0,4.3,9.5,69.0,CENTRO,16
4.27,42.0,16.2,15.955555555555556,11.21,15.3,87.0,3.9,7.3,56.0,CENTRO,17
4.37,29.0,16.1,15.944444444444445,12.59,15.3,66.0,4.8,4.4,80.0,CENTRO,18
4.42,18.0,16.1,15.933333333333334,13.38,15.287500000000001,55.0,6.2,3.9,76.0,CENTRO,19
4.47,19.0,16.2,15.922222222222222,14.55,15.275,60.0,4.6,2.1,132.0,CENTRO,20
4.53,26.0,16.1,15.911111111111111,13.37,15.262500000000001,55.0,4.3,3.9,123.0,CENTRO,21
4.4,37.0,16.1,15.9,13.95,15.25,50.0,4.3,1.7,340.0,CENTRO,22
4.63,26.0,16.05,15.88,14.45,15.2375,44.0,5.2,1.9,263.0,CENTRO,23
4.46,24.0,16.0,15.860000000000001,13.92,15.225,56.0,4.3,1.2,190.0,CENTRO,0
4.53,17.0,16.0,15.84,15.32,15.2125,41.0,4.1,0.9,176.0,CENTRO,1
4.43,20.0,15.95,15.82,13.79,15.2,41.0,4.2,1.6,250.0,CENTRO,2
4.68,11.0,15.9,15.8,26.44,15.2,44.0,5.2,1.1,224.0,CENTRO,3
4.48,15.0,15.9,15.8,29.56,15.212499999999999,77.0,9.1,3.7,227.0,CENTRO,4
4.34,20.0,15.92,15.82,23.91,15.225,83.0,8.8,3.5,259.0,CENTRO,5
4.26,24.0,15.96,15.860000000000001,17.96,15.25,65.0,7.0,3.2,233.0,CENTRO,7
4.33,14.0,15.98,15.88,19.68,15.2625,56.0,7.2,3.6,257.0,CENTRO,8
4.44,13.0,16.0,15.9,21.82,15.275,57.0,7.1,1.3,196.0,CENTRO,9
4.42,23.0,16.0,15.9,25.15,15.2875,66.0,10.0,1.6,30.0,CENTRO,10
4.53,28.0,16.05,15.950000000000001,28.06,15.3,72.0,8.9,2.8,101.0,CENTRO,11
4.43,40.0,16.1,16.0,22.62,15.3,74.0,6.6,4.5,52.0,CENTRO,12
4.31,50.0,16.2,16.0,14.01,15.4,58.0,6.3,5.7,85.0,CENTRO,13
4.33,65.0,16.1,15.983333333333333,13.89,15.4,48.0,5.2,6.4,85.0,CENTRO,14
4.32,68.0,16.1,15.966666666666667,16.54,15.375,60.0,6.1,7.3,79.0,CENTRO,15
4.33,71.0,16.066666666666666,15.95,15.33,15.35,52.0,6.2,7.0,90.0,CENTRO,16
4.35,69.0,16.033333333333335,15.933333333333334,14.53,15.325000000000001,53.0,5.5,6.4,98.0,CENTRO,17
4.42,60.0,16.0,15.916666666666666,17.08,15.3,47.0,4.7,4.0,141.0,CENTRO,18
4.47,47.0,15.9,15.9,19.82,15.3,57.0,4.6,3.6,104.0,CENTRO,19
4.4,46.0,16.0,15.9,18.47,15.266666666666667,57.0,4.3,3.8,83.0,CENTRO,20
4.51,31.0,15.9,15.88,22.16,15.233333333333333,51.0,5.3,1.1,323.0,CENTRO,21
4.46,27.0,15.9,15.860000000000001,18.72,15.2,52.0,4.8,0.9,295.0,CENTRO,22
4.71,11.0,15.866666666666667,15.84,25.61,15.2,48.0,4.9,3.2,314.0,CENTRO,23
4.76,7.0,15.833333333333334,15.82,26.41,15.188888888888888,61.0,4.8,2.6,301.0,CENTRO,0
4.63,12.0,15.8,15.8,24.4,15.177777777777777,61.0,4.7,1.2,260.0,CENTRO,1
4.62,13.0,15.8,15.8,35.6,15.166666666666666,54.0,5.8,3.0,243.0,CENTRO,2
4.48,14.0,15.7,15.811111111111112,31.89,15.155555555555555,83.0,6.9,2.4,251.0,CENTRO,3
4.42,15.0,15.7,15.822222222222223,33.73,15.144444444444444,83.0,8.3,2.1,263.0,CENTRO,4
4.34,20.0,15.666666666666666,15.833333333333334,29.92,15.133333333333333,73.0,8.7,3.2,256.0,CENTRO,5
4.32,22.0,15.633333333333333,15.844444444444445,28.01,15.122222222222222,68.0,7.1,1.7,242.0,CENTRO,6
4.39,14.0,15.6,15.855555555555556,25.81,15.11111111111111,70.0,6.0,2.5,235.0,CENTRO,7
4.59,6.0,15.6,15.866666666666667,24.81,15.1,72.0,6.2,2.6,238.0,CENTRO,8
5.03,6.0,15.7,15.877777777777778,29.89,15.2,93.0,7.1,1.9,264.0,CENTRO,9
5.01,11.0,15.8,15.88888888888889,26.52,15.2,109.0,7.1,1.9,249.0,CENTRO,10
4.88,24.0,16.1,15.9,28.77,15.3,103.0,8.8,2.0,64.0,CENTRO,11
4.95,38.0,16.2,16.0,30.55,15.3,120.0,10.1,2.8,60.0,CENTRO,12
4.88,34.0,16.2,16.0,36.55,15.325000000000001,89.0,21.3,6.6,54.0,CENTRO,13
4.72,50.0,16.0,15.983333333333333,29.78,15.350000000000001,132.0,10.0,8.3,69.0,CENTRO,14
4.63,52.0,16.1,15.966666666666667,27.19,15.375,99.0,9.4,11.4,69.0,CENTRO,15
4.46,62.0,16.2,15.95,21.73,15.4,116.0,6.7,10.1,124.0,CENTRO,16
4.39,58.0,16.2,15.933333333333334,17.5,15.3,84.0,5.6,8.1,127.0,CENTRO,17
4.46,48.0,16.1,15.916666666666666,20.24,15.3,58.0,4.8,6.2,133.0,CENTRO,18
4.54,34.0,16.0,15.9,16.91,15.280000000000001,65.0,4.3,5.5,125.0,CENTRO,19
4.55,31.0,15.9,15.9,17.11,15.26,53.0,4.1,3.8,127.0,CENTRO,20
4.58,26.0,16.1,15.887500000000001,18.68,15.24,42.0,4.0,2.3,65.0,CENTRO,21
4.8,19.0,16.0,15.875,23.98,15.219999999999999,43.0,4.1,3.3,55.0,CENTRO,22
4.47,30.0,15.9,15.8625,15.28,15.2,54.0,3.9,5.9,78.0,CENTRO,23
4.35,35.0,15.9,15.85,9.4,15.3,42.0,3.6,5.0,74.0,CENTRO,0
4.34,30.0,16.0,15.8375,11.01,15.3,29.0,3.7,5.0,28.0,CENTRO,1
4.42,22.0,16.0,15.825000000000001,20.63,15.2,33.0,3.7,5.0,356.0,CENTRO,2
4.4,21.0,15.8,15.8125,19.28,15.2,54.0,3.6,2.0,334.0,CENTRO,3
4.41,14.0,15.9,15.8,24.27,15.21111111111111,48.0,3.5,1.6,345.0,CENTRO,4
4.41,17.0,15.9,15.9,19.4,15.222222222222221,53.0,3.5,1.9,22.0,CENTRO,5
4.47,13.0,15.8,15.8,23.7,15.233333333333333,47.0,3.6999999999999997,0.9,239.0,CENTRO,6
4.55,8.0,15.9,15.9,27.56,15.244444444444444,49.0,3.9,2.5,254.0,CENTRO,7
4.86,10.0,15.8,15.8,46.8,15.255555555555556,61.0,4.1,2.2,236.0,CENTRO,8
5.16,9.0,15.8,15.9,49.09,15.266666666666667,106.0,4.6,2.7,234.0,CENTRO,9
4.79,10.0,15.9,15.92,40.75,15.277777777777779,119.0,4.8,3.0,231.0,CENTRO,10
4.53,23.0,16.0,15.94,31.63,15.28888888888889,99.0,4.2,4.4,356.0,CENTRO,11
4.56,24.0,16.1,15.96,35.86,15.3,68.0,4.5,5.9,349.0,CENTRO,12
4.73,33.0,16.2,15.98,43.96,15.3,77.0,4.4,5.0,342.0,CENTRO,13
5.38,29.0,16.2,16.0,75.65,15.285714285714286,91.0,6.0,6.2,55.0,CENTRO,14
5.07,31.0,16.1,16.0,71.86,15.271428571428572,158.0,6.3,7.5,67.0,CENTRO,15
4.85,37.0,16.1,15.95,62.67,15.257142857142858,142.0,5.5,6.5,63.0,CENTRO,16
4.69,42.0,15.9,15.9,49.84,15.242857142857142,128.0,4.4,7.0,60.0,CENTRO,17
4.74,29.0,16.0,15.9,37.01,15.228571428571428,114.0,4.1,4.0,76.0,CENTRO,18
4.91,13.0,16.1,15.866666666666667,33.45,15.214285714285714,98.0,3.9,1.9,66.0,CENTRO,19
4.81,14.0,16.0,15.833333333333334,30.7,15.2,86.0,3.5,1.7,82.0,CENTRO,20
5.51,5.0,15.9,15.8,40.83,15.2,72.0,3.7,2.2,273.0,CENTRO,21
5.64,5.0,15.9,15.8,48.89,15.188888888888888,87.0,3.7,2.0,251.0,CENTRO,22
5.25,6.0,15.8,15.808333333333334,58.34,15.177777777777777,97.0,3.6,4.5,232.0,CENTRO,23
5.16,7.0,15.8,15.816666666666668,68.3,15.166666666666666,117.0,3.7,3.0,260.0,CENTRO,0
5.03,6.0,15.7,15.825000000000001,67.81,15.155555555555555,121.0,4.0,3.9,234.0,CENTRO,1
4.78,10.0,15.7,15.833333333333334,60.85,15.144444444444444,115.0,3.9,2.4,263.0,CENTRO,2
4.8,7.0,15.9,3.1,56.8,15.133333333333333,88.0,3.8,2.2,249.0,CENTRO,3
4.71,8.0,15.8,3.0,54.0,15.122222222222222,79.0,3.7,2.5,273.0,CENTRO,4
4.7,5.0,15.8,3.25,59.58,15.11111111111111,86.0,4.0,3.2,253.0,CENTRO,5
4.79,5.0,15.850000000000001,15.866666666666667,61.55,15.1,103.0,4.1,1.7,330.0,CENTRO,6
5.09,5.0,15.9,15.875,63.55,15.1,100.0,3.9,2.1,327.0,CENTRO,7
5.28,5.5,15.950000000000001,15.883333333333335,56.0,15.15,102.0,4.0,2.0,328.0,CENTRO,8
6.06,6.0,16.0,15.891666666666667,60.66,15.2,109.0,4.8,2.3,23.0,CENTRO,9
6.36,7.0,16.1,15.9,69.86,15.2,147.0,4.9,2.5,7.0,CENTRO,10
5.85,13.0,16.2,15.9,64.28,15.3,167.0,6.6,5.1,100.0,CENTRO,11
5.2,22.0,16.2,16.0,45.3,15.3,168.0,10.8,6.1,109.0,CENTRO,12
4.9,33.0,16.3,16.0,29.59,15.285714285714286,134.0,10.1,7.4,137.0,CENTRO,13
4.3,46.0,16.3,15.98,8.93,15.271428571428572,140.0,3.5,12.9,331.0,CENTRO,14
4.31,42.0,16.25,15.96,7.98,15.257142857142858,99.0,3.6,11.2,332.0,CENTRO,15
4.32,42.0,16.2,15.94,9.22,15.242857142857142,56.0,3.5,5.0,341.0,CENTRO,16
4.5,38.0,16.150000000000002,15.92,11.19,15.228571428571428,58.0,3.9,7.0,110.0,CENTRO,17
5.09,13.0,16.1,15.9,16.05,15.214285714285714,72.0,4.1,3.6,106.0,CENTRO,18
5.14,20.0,16.0,15.9,28.15,15.2,79.0,5.7,4.2,115.0,CENTRO,19
5.19,37.0,16.0,15.88,78.25,15.3,92.0,5.0,5.7,95.0,CENTRO,20
4.86,24.0,15.8,15.860000000000001,32.45,15.2,121.0,4.5,2.2,63.0,CENTRO,21
5.11,4.0,15.8,15.84,29.84,15.2,62.0,5.9,4.2,4.0,CENTRO,22
5.1,4.0,15.7,15.82,25.73,15.207142857142857,90.0,5.5,1.9,331.0,CENTRO,23
4.85,13.0,15.8,15.8,24.5,15.214285714285714,71.0,4.6,1.0,160.0,CENTRO,0
4.94,14.0,15.7,15.8,20.18,15.221428571428572,53.0,4.6,0.9,246.0,CENTRO,1
4.83,13.0,15.6,15.81,21.85,15.228571428571428,45.0,4.7,1.8,232.0,CENTRO,2
4.52,28.0,15.7,15.82,56.8,4.9,79.0,5.2,13.2,21.0,CENTRO,3
4.31,33.0,15.6,15.83,65.82,4.9,720.0,5.5,11.9,60.0,CENTRO,4
4.23,35.0,15.5,15.84,23.16,5.1,715.0,5.4,9.6,44.0,CENTRO,5
4.19,35.0,15.5,4.55,13.18,6.8,234.0,5.5,10.6,36.0,CENTRO,6
4.25,33.0,15.6,15.860000000000001,11.72,9.2,135.0,4.8,9.3,33.0,CENTRO,7
4.28,31.0,15.6,15.870000000000001,13.48,15.271428571428572,101.0,3.6,8.9,25.0,CENTRO,8
4.56,24.0,15.666666666666666,15.88,18.33,15.278571428571428,113.0,4.2,6.7,61.0,CENTRO,9
4.47,17.0,15.733333333333334,15.89,21.59,15.285714285714286,151.0,6.1,6.5,149.0,CENTRO,10
4.45,24.0,15.8,15.9,24.9,15.292857142857143,162.0,4.7,6.6,147.0,CENTRO,11
4.38,27.0,15.9,15.9,19.58,15.3,249.0,7.3,6.3,92.0,CENTRO,12
4.32,36.0,15.8,15.883333333333333,15.69,15.3,145.0,4.5,6.1,54.0,CENTRO,13
4.36,39.0,15.7,15.866666666666667,15.36,15.275,117.0,4.2,4.7,73.0,CENTRO,14
4.37,39.0,15.7,15.85,14.98,15.25,119.0,4.5,5.9,37.0,CENTRO,15
4.37,33.0,15.649999999999999,15.833333333333334,15.83,15.225,109.0,7.1,4.9,88.0,CENTRO,16
4.37,31.0,15.6,15.816666666666666,14.78,15.2,102.0,7.8,4.6,58.0,CENTRO,17
4.33,29.0,15.5,15.8,14.8,15.2,96.0,5.1,3.4,120.0,CENTRO,18
4.38,26.0,15.5,15.8,15.33,15.185714285714285,81.0,3.8,4.9,67.0,CENTRO,19
4.5,15.0,15.55,15.783333333333333,23.93,15.17142857142857,81.0,5.9,5.3,59.0,CENTRO,20
4.41,22.0,15.6,15.766666666666667,23.76,15.157142857142857,91.0,5.2,4.7,118.0,CENTRO,21
4.22,40.0,15.6,15.75,11.15,15.142857142857142,77.0,3.5,6.7,155.0,CENTRO,22
4.2,41.0,15.65,15.733333333333333,10.4,15.128571428571428,54.0,3.8,7.9,148.0,CENTRO,23
4.31,29.0,15.7,15.716666666666667,12.29,15.114285714285714,44.0,3.7,1.4,207.0,CENTRO,0
4.71,9.0,15.7,15.7,41.33,15.1,49.0,5.2,2.8,227.0,CENTRO,1
4.68,7.0,15.5,15.7,46.2,15.1,90.0,4.9,2.3,229.0,CENTRO,2
4.61,9.0,15.5,15.712499999999999,35.61,15.112499999999999,84.0,4.0,0.9,289.0,CENTRO,3
4.67,6.0,15.475,15.725,38.21,15.125,72.0,4.3,1.8,243.0,CENTRO,4
4.65,6.0,15.45,15.737499999999999,38.06,15.1375,71.0,4.6,1.8,255.0,CENTRO,5
4.6,7.0,15.425,15.75,37.6,15.15,73.0,5.6,2.7,267.0,CENTRO,6
4.84,6.0,15.4,15.7625,57.48,15.1625,86.0,4.7,0.9,252.0,CENTRO,7
4.51,10.0,15.4,15.775,28.63,15.174999999999999,99.0,4.6,2.3,295.0,CENTRO,8
4.5,13.0,15.5,15.7875,26.06,15.1875,71.0,4.5,1.4,318.0,CENTRO,9
4.45,21.0,15.7,15.8,24.85,15.2,70.0,5.1,2.4,234.0,CENTRO,10
4.48,27.0,15.9,15.9,27.71,15.2,68.0,6.2,1.9,16.0,CENTRO,11
4.53,35.0,15.8,15.9,27.76,15.3,79.0,6.5,7.6,66.0,CENTRO,12
4.53,49.0,15.8,15.883333333333333,30.11,15.3,82.0,9.8,8.3,65.0,CENTRO,13
4.38,53.0,15.7,15.866666666666667,22.03,15.275,77.0,8.7,7.8,62.0,CENTRO,14
4.31,55.0,15.8,15.85,12.75,15.25,70.0,6.4,7.9,50.0,CENTRO,15
4.3,54.0,15.8,15.833333333333334,13.3,15.225,58.0,7.2,5.2,66.0,CENTRO,16
4.33,58.0,15.75,15.816666666666666,16.3,15.2,58.0,7.0,5.7,92.0,CENTRO,17
4.31,56.0,15.7,15.8,13.97,15.2,63.0,5.8,5.5,111.0,CENTRO,18
4.42,48.0,15.7,15.8,21.8,15.166666666666666,53.0,5.6,4.1,112.0,CENTRO,19
4.46,38.0,15.6,15.783333333333333,20.43,15.133333333333333,55.0,4.5,2.4,64.0,CENTRO,20
4.43,33.0,15.5,15.766666666666667,17.31,15.1,52.0,3.8,1.8,91.0,CENTRO,21
4.26,43.0,15.6,15.75,9.1,15.1,46.0,3.4,4.4,116.0,CENTRO,22
4.27,39.0,15.5,15.733333333333333,8.46,15.2,35.0,3.4,2.1,67.0,CENTRO,23
4.45,23.0,15.5,15.716666666666667,15.47,15.1,32.0,3.5,2.0,305.0,CENTRO,0
4.66,8.0,15.45,15.7,30.73,15.1,36.0,4.0,1.9,322.0,CENTRO,1
4.73,9.0,15.4,15.7,24.78,15.066666666666666,62.0,8.4,2.4,277.0,CENTRO,2
4.59,16.0,15.4,15.666666666666666,22.44,15.033333333333333,55.0,13.4,1.4,250.0,CENTRO,3
4.5,12.0,15.366666666666667,15.633333333333333,24.76,15.0,51.0,15.2,1.1,296.0,CENTRO,4
4.45,16.0,15.333333333333334,15.6,23.73,15.0,62.0,12.4,1.0,249.0,CENTRO,5
4.38,28.0,15.3,15.5,20.17,14.9,61.0,14.6,1.6,247.0,CENTRO,6
4.42,28.0,15.4,15.7,19.66,15.1,55.0,11.1,2.4,244.0,CENTRO,7
4.58,28.0,15.4,15.7,29.11,15.1,55.0,14.2,1.5,266.0,CENTRO,8
4.59,25.0,15.5,15.8,20.96,15.15,81.0,11.9,1.4,331.0,CENTRO,9
4.6,23.0,15.7,15.9,21.96,15.2,58.0,9.2,1.5,7.0,CENTRO,10
5.0,25.0,15.8,15.9,36.18,15.3,81.0,11.2,1.8,78.0,CENTRO,11
4.88,26.0,15.9,16.0,35.04,15.3,105.0,17.5,3.6,91.0,CENTRO,12
4.99,25.0,16.0,16.0,38.46,15.4,95.0,25.1,4.3,59.0,CENTRO,13
4.64,26.0,16.0,16.05,28.3,15.4,108.0,12.3,4.3,82.0,CENTRO,14
4.71,24.0,16.1,16.1,32.17,15.366666666666667,72.0,6.7,5.5,80.0,CENTRO,15
4.65,23.0,16.0,16.0,34.61,15.333333333333334,84.0,6.9,6.8,62.0,CENTRO,16
4.6,23.0,16.0,16.0,27.1,15.3,92.0,7.1,7.1,69.0,CENTRO,17
4.73,23.0,15.9,15.95,30.24,15.3,87.0,6.3,4.7,76.0,CENTRO,18
4.79,25.0,15.7,15.9,26.34,15.25,109.0,5.6,2.9,105.0,CENTRO,19
4.61,26.0,15.6,15.9,20.48,15.2,65.0,4.9,1.8,277.0,CENTRO,20
4.84,29.0,15.7,15.85,24.7,15.2,60.0,5.0,1.2,243.0,CENTRO,21
5.18,29.0,15.6,15.8,53.93,15.19,67.0,15.4,3.2,248.0,CENTRO,22
5.12,29.0,15.6,15.8,66.19,15.18,117.0,20.3,4.0,245.0,CENTRO,23
4.94,28.5,15.549999999999999,15.81,55.91,15.17,123.0,19.1,6.7,235.0,CENTRO,0
4.84,28.0,15.5,15.82,48.09,15.16,100.0,14.4,2.2,266.0,CENTRO,1
4.82,28.0,15.5,15.83,43.92,4.5,96.0,10.9,2.1,251.0,CENTRO,2
4.76,28.0,15.6,15.84,40.53,15.139999999999999,82.0,8.5,1.9,212.0,CENTRO,3
5.31,28.5,15.5,3.0,54.71,15.129999999999999,80.0,7.3,1.8,271.0,CENTRO,4
4.57,29.0,15.5,15.860000000000001,32.61,15.12,88.0,10.1,3.9,251.0,CENTRO,5
4.55,29.0,15.533333333333333,15.870000000000001,34.01,15.11,67.0,9.4,3.9,255.0,CENTRO,6
4.54,28.0,15.566666666666666,15.88,30.69,15.1,75.0,8.7,1.4,267.0,CENTRO,7
4.6,26.0,15.6,15.89,26.0,15.2,65.0,7.9,2.1,312.0,CENTRO,8
4.54,26.0,15.7,15.9,20.31,15.2,61.0,8.9,2.8,159.0,CENTRO,9
4.58,29.0,15.9,15.9,19.03,15.3,57.0,8.7,3.1,220.0,CENTRO,10
4.54,19.0,16.1,16.0,22.49,15.3,57.0,8.9,3.1,20.0,CENTRO,11
4.59,24.0,16.3,16.1,25.04,15.4,56.0,8.6,1.5,68.0,CENTRO,12
4.71,26.0,16.4,16.2,24.956923076923076,15.5,61.0,8.4,4.3,76.0,CENTRO,13
4.63,26.0,16.3,16.2,24.873846153846152,15.5,67.0,6.6,6.5,91.0,CENTRO,14
4.64,25.0,16.3,16.18,24.79076923076923,15.55,55.0,4.9,7.1,81.0,CENTRO,15
4.57,26.0,16.5,16.16,24.70769230769231,15.6,68.0,4.7,8.0,85.0,CENTRO,16
4.54,27.0,16.5,16.14,20.11,15.5,62.0,4.5,7.4,89.0,CENTRO,17
4.6,27.0,16.2,16.12,19.44,15.5,56.0,4.4,2.9,107.0,CENTRO,18
4.66,26.0,16.1,16.1,18.34,15.4,47.0,4.9,1.2,359.0,CENTRO,19
4.76,26.0,16.1,16.1,18.425,15.4,74.0,4.6,3.7,346.0,CENTRO,20
5.18,30.0,16.0,16.05,24.29230769230769,15.375,50.0,5.4,2.8,297.0,CENTRO,21
5.22,30.0,16.0,16.0,24.20923076923077,15.35,65.0,7.0,2.3,261.0,CENTRO,22
5.19,27.0,15.9,16.0,24.126153846153848,15.325000000000001,72.0,8.0,1.2,274.0,CENTRO,23
4.95,28.0,15.8,15.98,24.043076923076924,15.3,84.0,11.6,3.1,246.0,CENTRO,0
4.69,28.0,15.9,15.96,23.96,15.3,75.0,9.7,2.8,292.0,CENTRO,1
4.93,29.0,15.9,15.94,31.32,15.3125,57.0,6.5,1.2,246.0,CENTRO,2
4.79,28.0,15.85,15.92,25.79,15.325000000000001,60.0,6.7,0.9,325.0,CENTRO,3
4.73,30.0,15.8,15.9,25.26,15.3375,48.0,5.4,1.7,269.0,CENTRO,4
4.72,30.0,15.7,15.9,25.79,15.350000000000001,55.0,4.5,1.5,252.0,CENTRO,5
4.57,30.0,15.7,15.925,21.89,15.3625,48.0,6.2,1.5,249.0,CENTRO,6
4.64,28.5,15.75,15.950000000000001,25.76,15.375,55.0,7.1,0.9,280.0,CENTRO,7
4.97,27.0,15.8,15.975,37.22,15.387500000000001,64.0,8.0,0.9,271.0,CENTRO,8
5.37,29.0,16.0,16.0,45.96,15.4,121.0,10.3,0.9,211.0,CENTRO,9
5.1,26.0,16.0,16.0,51.31,15.4,144.0,13.0,1.9,94.0,CENTRO,10
5.34,23.0,16.1,16.1,39.65,15.450000000000001,119.0,11.0,3.6,350.0,CENTRO,11
4.98,24.0,16.2,16.1,32.1,15.5,93.0,9.4,3.4,36.0,CENTRO,12
5.35,26.0,16.3,16.2,54.08,15.5,76.0,14.9,7.7,70.0,CENTRO,13
4.95,24.0,16.3,16.2,41.81,15.55,111.0,13.7,10.1,62.0,CENTRO,14
4.71,22.0,16.349999999999998,16.25,26.16,15.6,122.0,11.9,11.0,95.0,CENTRO,15
4.59,26.0,16.4,16.3,19.57,15.6,108.0,6.8,8.1,98.0,CENTRO,16
4.57,28.0,16.4,16.2,16.53,15.549999999999999,61.0,5.8,8.2,141.0,CENTRO,17
4.62,28.0,16.3,16.2,19.44,15.5,51.0,5.4,7.7,133.0,CENTRO,18
4.64,29.0,16.4,16.177777777777777,17.86,15.5,52.0,5.1,8.3,138.0,CENTRO,19
4.56,28.0,16.4,16.155555555555555,19.06,15.485714285714286,50.0,4.9,11.0,138.0,CENTRO,20
4.52,28.0,16.3,16.133333333333333,20.12,15.471428571428572,76.0,4.8,12.0,138.0,CENTRO,21
4.48,28.0,16.3,16.11111111111111,18.99,15.457142857142857,54.0,4.6,9.1,150.0,CENTRO,22
4.56,29.0,16.266666666666666,16.08888888888889,21.6,15.442857142857143,45.0,4.8,3.1,343.0,CENTRO,23
4.5,27.0,16.233333333333334,16.066666666666666,20.66,15.428571428571429,49.0,5.3,8.1,122.0,CENTRO,0
4.57,21.0,16.2,16.044444444444444,34.36,15.414285714285715,44.0,5.1,6.9,14.0,CENTRO,1
4.56,22.0,16.1,16.022222222222222,65.76,15.4,71.0,5.0,3.8,351.0,CENTRO,2
4.56,29.0,16.1,16.0,44.5,15.4,99.0,4.4,4.2,354.0,CENTRO,3
4.58,30.0,16.133333333333333,16.016666666666666,35.43,15.411111111111111,74.0,3.9,4.0,342.0,CENTRO,4
4.58,30.0,16.166666666666668,16.033333333333335,37.43,15.422222222222222,55.0,4.0,3.0,343.0,CENTRO,5
4.57,29.0,16.2,16.05,34.41,15.433333333333334,58.0,3.6,1.1,304.0,CENTRO,6
4.68,30.0,16.2,16.066666666666666,38.97,15.444444444444445,47.0,3.8,2.2,322.0,CENTRO,7
4.86,30.0,16.216666666666665,6.5,48.29,15.455555555555556,65.0,4.1,3.6,270.0,CENTRO,8
4.96,27.0,16.233333333333334,7.05,51.51,15.466666666666667,89.0,4.5,2.4,315.0,CENTRO,9
4.88,20.0,16.25,7.0,41.01,15.477777777777778,99.0,4.2,3.4,30.0,CENTRO,10
4.96,26.0,16.266666666666666,16.133333333333333,44.64,15.488888888888889,83.0,4.5,3.2,15.0,CENTRO,11
4.86,27.0,16.283333333333335,16.15,49.75,15.5,79.0,5.4,4.9,78.0,CENTRO,12
4.8,25.0,16.3,16.166666666666668,51.19,15.5,86.0,6.5,4.8,75.0,CENTRO,13
4.84,25.0,16.2,16.183333333333334,51.15,15.483333333333333,79.0,5.7,5.0,75.0,CENTRO,14
4.76,18.0,16.3,16.2,44.61,15.466666666666667,82.0,5.4,6.8,42.0,CENTRO,15
4.72,27.0,16.3,16.2,40.05,15.45,103.0,5.4,6.8,84.0,CENTRO,16
4.64,29.0,16.25,16.150000000000002,30.85,15.433333333333334,71.0,4.7,7.1,158.0,CENTRO,17
4.71,28.0,16.2,16.1,29.25,15.416666666666666,55.0,4.2,5.5,123.0,CENTRO,18
4.82,25.0,16.2,16.1,39.22,15.4,52.0,4.0,4.5,82.0,CENTRO,19
4.85,27.0,16.25,16.075000000000003,47.83,15.4,94.0,3.9,4.9,109.0,CENTRO,20
4.69,29.0,16.3,16.05,52.99,15.4,61.0,4.1,8.8,152.0,CENTRO,21
4.8,30.0,16.2,16.025000000000002,52.77,15.4,65.0,3.6,1.3,244.0,CENTRO,22
5.3,30.0,16.2,16.0,53.400000000000006,15.4,65.0,3.6,1.3,278.0,CENTRO,23
5.29,31.0,16.1,16.0,54.03,15.4,80.0,3.533333333333333,2.9,289.0,CENTRO,0
4.81,30.0,16.1,16.008333333333333,38.0,4.4,62.0,3.466666666666667,3.6,303.0,CENTRO,1
4.8,30.0,16.1,16.016666666666666,32.28,4.5,74.0,3.4,2.1,301.0,CENTRO,2
5.13,30.0,16.1,16.025000000000002,36.86,4.9,42.0,3.5,1.6,289.0,CENTRO,3
4.96,29.833333333333332,16.1,16.033333333333335,41.455,4.9,43.0,3.5,1.7,281.0,CENTRO,4
4.8,29.666666666666668,16.1,3.25,46.05,5.1,66.0,3.6,1.4,265.0,CENTRO,5
4.9,29.5,16.1,4.55,54.42,6.8,55.0,3.7,1.8,252.0,CENTRO,6
4.91,29.333333333333332,16.1,5.95,62.79,9.2,87.0,4.0,3.0,249.0,CENTRO,7
5.18,29.166666666666668,16.1,16.066666666666666,76.1,11.5,104.0,5.0,2.4,250.0,CENTRO,8
5.32,29.0,16.125,16.075000000000003,69.49,12.5,154.0,7.0,2.8,255.0,CENTRO,9
5.07,27.0,16.15,16.083333333333336,52.81,11.9,111.0,7.3,2.1,347.0,CENTRO,10
5.14,27.0,16.175,16.09166666666667,44.49,10.1,95.0,7.3,2.9,33.0,CENTRO,11
5.3,20.0,16.2,16.1,58.71,8.6,87.0,8.5,4.9,27.0,CENTRO,12
5.05,19.0,16.233333333333334,16.087500000000002,56.66,7.3,120.0,10.2,6.9,49.0,CENTRO,13
4.93,24.0,16.266666666666666,16.075000000000003,42.83,6.0,117.0,9.8,7.6,62.0,CENTRO,14
4.85,19.0,16.3,16.0625,36.86,5.3,92.0,8.9,8.0,44.0,CENTRO,15
4.75,20.0,16.2,16.05,37.45,5.1,84.0,9.1,9.0,50.0,CENTRO,16
4.81,25.0,16.2,16.0375,43.84,4.8,85.0,11.3,7.4,63.0,CENTRO,17
4.91,25.0,16.166666666666668,16.025000000000002,44.47,5.1,102.0,9.5,6.7,70.0,CENTRO,18
4.84,8.0,16.133333333333333,16.0125,27.1,5.0,112.0,5.3,10.6,6.0,CENTRO,19
4.75,14.0,16.1,16.0,27.36,5.1,93.0,4.7,7.4,25.0,CENTRO,20
4.88,24.0,16.05,15.98,27.03,4.8,61.0,4.6,5.4,61.0,CENTRO,21
4.74,19.0,16.0,15.96,27.15,4.7,52.0,4.3,8.8,53.0,CENTRO,22
4.67,24.0,15.966666666666667,15.94,22.48,4.65,83.0,4.1,11.0,74.0,CENTRO,23
4.64,26.0,15.933333333333334,15.92,17.03,4.4,167.0,3.9,9.3,90.0,CENTRO,0
4.57,26.0,15.9,15.9,13.44,4.4,94.0,3.8,9.6,90.0,CENTRO,1
4.56,26.0,15.950000000000001,15.92,12.24,4.5,71.0,4.0,7.5,89.0,CENTRO,2
4.56,28.0,16.0,15.94,12.37,4.9,62.0,4.2,6.4,142.0,CENTRO,3
4.56,27.0,16.05,15.96,7.83,4.9,56.0,3.9,5.6,125.0,CENTRO,4
4.6,29.0,16.1,15.98,9.76,5.1,32.0,3.7,7.8,144.0,CENTRO,5
4.45,29.0,16.2,16.0,4.5,6.8,31.0,3.5,5.6,335.0,CENTRO,6
4.44,28.0,16.1,15.9,2.98,9.2,26.0,3.5,5.9,319.0,CENTRO,7
4.51,29.0,16.133333333333333,15.925,3.86,11.5,25.0,3.5500000000000003,6.0,234.0,CENTRO,8
4.42,30.0,16.166666666666668,15.950000000000001,3.84,12.5,23.0,3.6,10.3,289.0,CENTRO,9
4.42,30.0,16.2,15.975000000000001,4.35,11.9,26.0,3.5,12.5,294.0,CENTRO,10
4.45,31.0,16.1,16.0,5.44,10.1,24.0,3.6,14.1,317.0,CENTRO,11
4.45,31.0,16.2,16.025000000000002,6.81,8.6,42.0,3.5,16.5,310.0,CENTRO,12
4.45,30.0,16.2,16.05,7.37,7.3,84.0,3.4,17.2,306.0,CENTRO,13
4.45,30.0,16.1,16.075000000000003,7.95,6.0,61.0,3.4,21.2,310.0,CENTRO,14
4.44,30.0,16.2,16.1,6.84,5.3,84.0,3.3,17.2,308.0,CENTRO,15
4.46,29.333333333333332,16.2,16.1,7.13,5.1,65.0,3.3,19.4,315.0,CENTRO,16
4.44,28.666666666666668,16.1,16.0,7.67,4.8,64.0,3.25,13.4,303.0,CENTRO,17
4.47,28.0,16.1,16.0,8.15,5.1,55.0,3.2,8.0,120.0,CENTRO,18
4.48,26.0,16.0,16.0,9.77,5.0,46.0,3.3,6.5,43.0,CENTRO,19
4.49,28.0,16.0,16.0,11.46,5.1,43.0,3.4,5.3,211.0,CENTRO,20
4.54,28.0,15.95,16.0,14.1,4.8,41.0,3.5,5.6,146.0,CENTRO,21
4.86,27.0,15.9,16.0,36.07,4.7,46.0,3.4,3.0,153.0,CENTRO,22
4.93,26.0,16.0,2.8,58.04,4.65,63.0,3.3,5.2,101.0,CENTRO,23
