date,CO,O3,NO,NO2,PM2.5,NOX,PM10,SO2,WSR,WDR,Zona,Hora
2024-01-01 00:00:00,2.53,14.0,5.7,35.3,144.0,41.0,119.0,3.8,0.9,232.0,CENTRO,0
2024-01-01 01:00:00,2.53,14.0,5.7,35.3,120.0,41.0,119.0,3.8,0.9,232.0,CENTRO,1
2024-01-01 02:00:00,2.16,19.0,4.0,24.9,96.0,28.9,118.0,4.0,1.6,284.0,CENTRO,2
2024-01-01 03:00:00,1.92,20.0,3.5,21.0,71.0,24.5,97.0,3.9,4.1,212.0,CENTRO,3
2024-01-01 04:00:00,1.74,25.0,3.5,17.5,41.0,21.0,77.0,3.9,6.6,221.0,CENTRO,4
2024-01-01 05:00:00,1.63,25.0,3.4,15.6,24.0,19.0,58.0,3.8,2.8,240.0,CENTRO,5
2024-01-01 06:00:00,1.55,29.0,3.3,11.6,18.0,14.9,45.0,3.3,5.8,218.0,CENTRO,6
2024-01-01 07:00:00,1.48,31.0,3.3,10.6,13.0,13.9,38.0,3.2,4.0,219.0,CENTRO,7
2024-01-01 08:00:00,1.55,20.0,4.1,16.9,14.0,21.0,32.0,3.1,1.2,236.0,CENTRO,8
2024-01-01 09:00:00,1.66,15.0,8.1,19.2,15.0,27.3,36.0,3.3,0.8,215.0,CENTRO,9
2024-01-01 10:00:00,1.81,19.0,12.8,21.7,20.0,34.5,40.0,4.5,0.6,179.0,CENTRO,10
2024-01-01 11:00:00,1.8,36.0,7.7,19.7,25.0,27.3,51.0,7.5,7.7,104.0,CENTRO,11
2024-01-01 12:00:00,1.73,45.0,6.3,17.1,25.0,23.5,51.0,7.4,7.3,97.0,CENTRO,12
2024-01-01 13:00:00,1.72,50.0,5.6,11.8,16.0,17.4,53.0,6.8,8.4,43.0,CENTRO,13
2024-01-01 14:00:00,1.61,52.0,4.1,8.8,13.0,12.9,47.0,5.3,5.3,32.0,CENTRO,14
2024-01-01 15:00:00,1.57,49.0,4.3,8.7,11.0,13.1,44.0,5.4,7.9,55.0,CENTRO,15
2024-01-01 16:00:00,1.56,49.0,3.9,9.1,12.0,13.0,39.0,5.6,8.1,61.0,CENTRO,16
2024-01-01 17:00:00,1.61,44.0,3.1,7.7,11.0,10.9,37.0,4.3,8.0,17.0,CENTRO,17
2024-01-01 18:00:00,1.67,36.0,3.1,13.4,14.0,16.5,35.0,4.1,8.9,23.0,CENTRO,18
2024-01-01 19:00:00,1.7,32.0,3.3,13.3,16.0,16.6,50.0,3.8,10.2,9.0,CENTRO,19
2024-01-01 20:00:00,1.65,37.0,2.9,8.7,15.0,11.6,49.0,3.9,8.2,78.0,CENTRO,20
2024-01-01 21:00:00,1.63,38.0,2.8,7.7,14.0,10.5,38.0,4.5,7.9,94.0,CENTRO,21
2024-01-01 22:00:00,1.62,38.0,2.7,6.4,13.0,9.0,33.0,4.1,8.1,96.0,CENTRO,22
2024-01-01 23:00:00,1.61,38.0,2.7,6.7,14.0,9.3,32.0,3.7,7.3,90.0,CENTRO,23
2024-01-02 00:00:00,1.58,41.0,2.6,5.6,16.0,8.2,35.0,3.6,7.3,100.0,CENTRO,0
2024-01-02 01:00:00,1.57,41.0,2.6,5.0,15.0,7.6,37.0,3.4,5.9,98.0,CENTRO,1
2024-01-02 02:00:00,1.58,35.0,2.566666666666667,4.3,16.0,6.8,33.0,3.3,7.2,70.0,CENTRO,2
2024-01-02 03:00:00,1.59,31.0,2.533333333333333,4.1,15.0,6.6,33.0,3.2,5.1,63.0,CENTRO,3
2024-01-02 04:00:00,1.59,31.0,2.5,4.6,12.0,7.2,29.0,3.1,3.2,49.0,CENTRO,4
2024-01-02 05:00:00,1.62,20.0,2.6,12.2,16.0,14.8,29.0,3.1,5.0,17.0,CENTRO,5
2024-01-02 06:00:00,1.64,20.0,3.0,12.0,20.0,15.0,33.0,3.1,5.1,13.0,CENTRO,6
2024-01-02 07:00:00,1.69,17.0,5.3,14.2,17.0,19.6,40.0,3.1,4.1,19.0,CENTRO,7
2024-01-02 08:00:00,1.92,9.0,15.8,20.2,32.0,36.0,41.0,3.2,6.8,355.0,CENTRO,8
2024-01-02 09:00:00,1.96,10.0,23.0,19.6,23.0,42.6,47.0,3.3,5.0,36.0,CENTRO,9
2024-01-02 10:00:00,2.0,10.0,33.1,19.9,29.0,52.9,46.0,3.3,6.5,14.0,CENTRO,10
2024-01-02 11:00:00,2.05,10.0,32.7,19.1,31.0,51.7,54.0,3.4,6.6,7.0,CENTRO,11
2024-01-02 12:00:00,2.03,10.333333333333334,28.3,17.8,24.0,46.1,63.0,3.4,6.1,11.0,CENTRO,12
2024-01-02 13:00:00,2.05,10.666666666666666,36.0,19.8,39.0,55.8,51.0,3.6,4.4,29.0,CENTRO,13
2024-01-02 14:00:00,2.06,11.0,31.9,21.3,42.0,53.3,60.0,3.7,5.5,37.0,CENTRO,14
2024-01-02 15:00:00,2.1,12.0,24.7,22.3,47.0,47.0,74.0,4.0,6.2,83.0,CENTRO,15
2024-01-02 16:00:00,2.04,16.0,21.8,22.3,45.0,44.1,72.0,4.6,6.5,85.0,CENTRO,16
2024-01-02 17:00:00,2.11,13.0,17.4,28.4,44.0,45.8,72.0,4.8,4.1,66.0,CENTRO,17
2024-01-02 18:00:00,2.18,10.0,22.8,32.5,50.0,55.3,74.0,4.9,4.3,49.0,CENTRO,18
2024-01-02 19:00:00,2.24,10.0,8.2,34.5,46.0,42.7,84.0,4.5,1.6,38.0,CENTRO,19
2024-01-02 20:00:00,2.42,11.0,4.4,32.6,45.0,37.0,80.0,4.2,1.9,224.0,CENTRO,20
2024-01-02 21:00:00,2.47,9.0,21.6,30.9,47.0,52.5,74.0,4.1,2.1,215.0,CENTRO,21
2024-01-02 22:00:00,2.59,9.0,40.3,26.5,49.0,66.8,73.0,4.0,1.4,286.0,CENTRO,22
2024-01-02 23:00:00,2.82,9.0,78.4,23.8,50.0,102.1,82.0,4.1,1.5,343.0,CENTRO,23
2024-01-03 00:00:00,2.6,9.11111111111111,67.6,18.5,41.0,86.1,107.0,3.9,1.2,83.0,CENTRO,0
2024-01-03 01:00:00,2.14,9.222222222222221,41.9,16.8,34.0,58.7,97.0,3.6,1.1,136.0,CENTRO,1
2024-01-03 02:00:00,2.05,9.333333333333334,30.6,15.8,30.0,46.4,73.0,3.4,0.6,88.0,CENTRO,2
2024-01-03 03:00:00,1.92,9.444444444444445,27.4,18.9,37.0,46.3,62.0,3.4,4.2,41.0,CENTRO,3
2024-01-03 04:00:00,1.74,9.555555555555555,14.2,17.6,41.0,31.8,78.0,3.2,4.5,129.0,CENTRO,4
2024-01-03 05:00:00,1.66,9.666666666666666,9.6,17.3,37.0,26.9,73.0,3.2,3.9,96.0,CENTRO,5
2024-01-03 06:00:00,1.67,9.777777777777779,11.0,17.7,38.0,28.7,64.0,3.3,2.9,118.0,CENTRO,6
2024-01-03 07:00:00,2.65,9.88888888888889,14.4,19.5,41.0,33.9,69.0,3.3,5.2,16.0,CENTRO,7
2024-01-03 08:00:00,2.33,10.0,13.3,20.9,37.0,34.2,75.0,3.3,2.9,28.0,CENTRO,8
2024-01-03 09:00:00,1.97,10.0,23.0,20.6,45.0,43.6,73.0,3.3,3.3,194.0,CENTRO,9
2024-01-03 10:00:00,1.9,17.0,15.7,17.3,40.0,33.1,74.0,3.3,2.7,98.0,CENTRO,10
2024-01-03 11:00:00,2.25,24.0,19.3,23.4,38.0,42.8,61.0,3.5,3.3,43.0,CENTRO,11
2024-01-03 12:00:00,2.53,22.0,28.4,35.0,58.0,63.4,65.0,3.9,5.4,34.0,CENTRO,12
2024-01-03 13:00:00,2.45,27.0,22.4,33.9,63.0,56.3,110.0,4.1,5.4,37.0,CENTRO,13
2024-01-03 14:00:00,1.95,33.0,15.6,26.9,45.0,42.5,104.0,5.3,4.9,24.0,CENTRO,14
2024-01-03 15:00:00,1.79,39.0,12.3,26.4,33.0,38.7,84.0,8.0,6.4,46.0,CENTRO,15
2024-01-03 16:00:00,1.72,44.0,8.4,23.0,25.0,31.4,70.0,7.8,6.5,35.0,CENTRO,16
2024-01-03 17:00:00,1.7,51.0,4.7,16.5,21.0,21.2,64.0,4.6,9.1,70.0,CENTRO,17
2024-01-03 18:00:00,1.77,44.0,4.0,20.1,22.0,24.1,56.0,4.8,9.9,67.0,CENTRO,18
2024-01-03 19:00:00,1.71,45.0,3.3,15.2,21.0,18.5,60.0,6.1,10.4,114.0,CENTRO,19
2024-01-03 20:00:00,1.63,42.0,3.3,10.6,18.0,13.9,45.0,5.0,12.8,112.0,CENTRO,20
2024-01-03 21:00:00,1.58,41.0,3.1,7.8,17.0,10.9,45.0,4.2,12.5,111.0,CENTRO,21
2024-01-03 22:00:00,1.57,39.0,3.0,8.3,16.0,11.2,39.0,3.7,12.1,88.0,CENTRO,22
2024-01-03 23:00:00,1.53,41.0,3.1,7.9,13.0,11.0,30.0,3.5,9.6,89.0,CENTRO,23
2024-01-04 00:00:00,1.5,41.0,2.7,6.3,11.0,9.1,21.0,3.4,8.5,107.0,CENTRO,0
2024-01-04 01:00:00,1.5,41.0,2.6,5.3,11.0,7.8,19.0,3.3,8.4,117.0,CENTRO,1
2024-01-04 02:00:00,1.51,39.0,2.5,6.8,12.0,9.4,23.0,3.8,8.7,72.0,CENTRO,2
2024-01-04 03:00:00,1.52,34.0,2.7,8.4,15.0,11.1,30.0,5.8,12.1,49.0,CENTRO,3
2024-01-04 04:00:00,1.52,28.0,2.8,8.5,24.0,11.4,38.0,5.4,9.4,33.0,CENTRO,4
2024-01-04 05:00:00,1.52,31.0,2.6,5.3,20.0,7.9,29.0,3.7,7.3,31.0,CENTRO,5
2024-01-04 06:00:00,1.53,28.0,2.6,7.3,20.0,9.9,30.0,3.5,5.6,31.0,CENTRO,6
2024-01-04 07:00:00,1.6,19.0,5.2,16.0,24.0,21.2,38.0,3.4,5.6,36.0,CENTRO,7
2024-01-04 08:00:00,1.69,10.0,21.7,23.7,42.0,45.5,75.0,4.3,6.6,40.0,CENTRO,8
2024-01-04 09:00:00,1.72,13.0,16.4,21.3,41.0,37.7,80.0,5.1,7.4,48.0,CENTRO,9
2024-01-04 10:00:00,1.76,15.0,7.4,18.8,26.0,26.2,52.0,3.9,6.4,55.0,CENTRO,10
2024-01-04 11:00:00,1.8,15.0,11.3,19.2,26.0,30.5,50.0,3.7,6.5,35.0,CENTRO,11
2024-01-04 12:00:00,1.82,12.0,23.4,22.2,38.0,45.7,68.0,4.4,6.1,26.0,CENTRO,12
2024-01-04 13:00:00,1.78,15.0,16.2,21.7,23.0,38.0,46.0,4.8,5.8,34.0,CENTRO,13
2024-01-04 14:00:00,1.85,16.0,16.6,22.2,25.0,38.8,47.0,5.2,4.6,33.0,CENTRO,14
2024-01-04 15:00:00,1.83,21.0,9.4,18.9,17.0,28.3,36.0,4.3,7.7,50.0,CENTRO,15
2024-01-04 16:00:00,1.79,22.0,7.6,17.7,14.0,25.3,39.0,3.8,7.8,51.0,CENTRO,16
2024-01-04 17:00:00,1.86,20.0,7.7,19.5,12.0,27.2,34.0,3.6,7.0,51.0,CENTRO,17
2024-01-04 18:00:00,1.89,15.0,8.3,24.9,17.0,33.2,36.0,5.2,5.4,46.0,CENTRO,18
2024-01-04 19:00:00,1.91,12.0,13.0,28.7,24.0,41.7,46.0,8.1,3.9,3.0,CENTRO,19
2024-01-04 20:00:00,2.11,9.0,26.5,30.8,35.0,57.3,66.0,8.0,5.8,339.0,CENTRO,20
2024-01-04 21:00:00,2.35,10.0,15.9,28.9,35.0,44.8,56.0,6.0,1.7,326.0,CENTRO,21
2024-01-04 22:00:00,2.12,9.0,23.3,28.5,33.0,51.8,64.0,5.4,3.6,250.0,CENTRO,22
2024-01-04 23:00:00,2.14,9.0,15.8,26.3,34.0,42.0,63.0,4.7,2.0,248.0,CENTRO,23
2024-01-05 00:00:00,1.99,9.0,14.0,25.2,37.0,39.3,75.0,4.0,2.4,238.0,CENTRO,0
2024-01-05 01:00:00,1.96,9.5,12.6,23.9,36.0,36.5,67.0,3.8,0.8,232.0,CENTRO,1
2024-01-05 02:00:00,1.86,10.0,7.2,22.9,36.0,30.1,66.0,3.7,1.1,334.0,CENTRO,2
2024-01-05 03:00:00,1.87,10.0,11.0,23.6,41.0,34.6,80.0,3.7,3.8,80.0,CENTRO,3
2024-01-05 04:00:00,1.82,9.0,10.1,22.5,29.0,32.6,61.0,3.8,4.8,109.0,CENTRO,4
2024-01-05 05:00:00,1.78,9.0,7.3,21.3,21.0,28.6,50.0,3.8,2.8,111.0,CENTRO,5
2024-01-05 06:00:00,1.82,10.0,8.8,21.2,24.0,30.0,49.0,3.8,2.2,129.0,CENTRO,6
2024-01-05 07:00:00,2.05,9.0,35.6,21.0,28.0,56.5,58.0,3.6,1.6,159.0,CENTRO,7
2024-01-05 08:00:00,2.25,9.0,52.6,22.5,29.0,75.1,67.0,3.7,1.7,186.0,CENTRO,8
2024-01-05 09:00:00,2.64,10.0,79.5,29.4,28.0,108.9,72.0,3.9,2.9,119.0,CENTRO,9
2024-01-05 10:00:00,2.4,15.0,54.7,32.3,34.0,87.0,92.0,4.1,5.8,42.0,CENTRO,10
2024-01-05 11:00:00,1.91,25.0,18.5,24.4,27.0,42.9,73.0,3.9,4.9,71.0,CENTRO,11
2024-01-05 12:00:00,1.86,29.0,15.5,23.1,26.0,38.6,75.0,4.9,6.9,87.0,CENTRO,12
2024-01-05 13:00:00,1.86,40.0,9.6,18.7,26.0,28.3,81.0,6.2,8.1,86.0,CENTRO,13
2024-01-05 14:00:00,1.74,44.0,8.0,17.1,22.0,25.1,71.0,6.3,6.1,98.0,CENTRO,14
2024-01-05 15:00:00,1.7,50.0,6.3,15.6,19.0,21.9,66.0,4.9,7.6,92.0,CENTRO,15
2024-01-05 16:00:00,1.71,54.0,5.3,14.6,17.0,19.9,61.0,3.8,8.3,79.0,CENTRO,16
2024-01-05 17:00:00,1.77,53.0,4.9,17.7,17.0,22.6,63.0,3.7,7.9,79.0,CENTRO,17
2024-01-05 18:00:00,1.81,53.0,3.8,19.8,21.0,23.6,67.0,3.6,7.5,102.0,CENTRO,18
2024-01-05 19:00:00,1.87,48.0,3.4,23.0,23.0,26.3,63.0,3.5,7.4,82.0,CENTRO,19
2024-01-05 20:00:00,1.92,28.0,5.0,30.3,19.0,35.2,60.0,3.7,5.4,67.0,CENTRO,20
2024-01-05 21:00:00,1.7,40.0,3.2,15.2,14.0,18.4,41.0,3.5,6.5,100.0,CENTRO,21
2024-01-05 22:00:00,1.64,40.0,3.2,11.3,11.0,14.6,30.0,3.3,5.4,117.0,CENTRO,22
2024-01-05 23:00:00,1.64,36.0,3.3,14.4,9.0,17.7,26.0,3.2,4.8,133.0,CENTRO,23
2024-01-06 00:00:00,2.06,12.0,6.1,34.2,26.0,40.3,55.0,3.2,2.2,231.0,CENTRO,0
2024-01-06 01:00:00,2.09,11.0,10.1,34.1,25.0,44.2,55.0,3.2,5.3,208.0,CENTRO,1
2024-01-06 02:00:00,2.12,10.0,23.6,35.5,32.0,59.1,101.0,3.6,1.5,218.0,CENTRO,2
2024-01-06 03:00:00,2.12,10.0,29.0,34.0,36.0,63.0,113.0,3.4,2.0,245.0,CENTRO,3
2024-01-06 04:00:00,2.14,10.0,33.1,32.5,39.0,65.7,115.0,3.5,1.8,251.0,CENTRO,4
2024-01-06 05:00:00,2.28,11.0,32.8,32.9,42.0,65.7,124.0,3.7,2.9,214.0,CENTRO,5
2024-01-06 06:00:00,1.84,12.0,6.8,28.8,34.0,35.6,98.0,3.4,2.8,232.0,CENTRO,6
2024-01-06 07:00:00,2.09,10.0,38.1,29.8,47.0,67.9,143.0,3.7,1.7,239.0,CENTRO,7
2024-01-06 08:00:00,2.24,10.0,50.9,28.4,41.0,79.3,114.0,3.7,2.5,237.0,CENTRO,8
2024-01-06 09:00:00,2.42,11.0,71.1,32.8,49.0,103.9,153.0,4.6,4.0,227.0,CENTRO,9
2024-01-06 10:00:00,2.53,15.0,60.4,41.0,58.0,101.4,181.0,5.1,1.9,319.0,CENTRO,10
2024-01-06 11:00:00,2.81,24.0,29.9,37.8,41.0,67.7,122.0,5.6,3.7,351.0,CENTRO,11
2024-01-06 12:00:00,3.03,31.0,22.5,37.5,41.0,60.0,119.0,6.9,2.8,16.0,CENTRO,12
2024-01-06 13:00:00,2.3,38.0,16.3,34.2,35.0,50.5,103.0,6.5,4.0,45.0,CENTRO,13
2024-01-06 14:00:00,2.0,42.0,13.1,32.9,34.0,46.0,98.0,9.7,6.2,67.0,CENTRO,14
2024-01-06 15:00:00,1.91,52.0,8.4,27.2,31.0,35.6,82.0,8.4,6.2,65.0,CENTRO,15
2024-01-06 16:00:00,1.88,53.0,6.5,25.7,27.0,32.3,73.0,7.9,7.4,71.0,CENTRO,16
2024-01-06 17:00:00,1.85,57.0,4.9,22.8,21.0,27.7,57.0,10.0,6.8,93.0,CENTRO,17
2024-01-06 18:00:00,1.9,56.0,3.8,25.8,25.0,29.7,66.0,11.9,6.0,84.0,CENTRO,18
2024-01-06 19:00:00,2.07,37.0,3.5,35.6,28.0,39.1,71.0,9.7,1.8,118.0,CENTRO,19
2024-01-06 20:00:00,2.32,16.0,4.5,47.9,34.0,52.3,81.0,6.7,1.8,242.0,CENTRO,20
2024-01-06 21:00:00,2.49,10.0,16.6,50.5,43.0,67.1,98.0,5.9,2.2,275.0,CENTRO,21
2024-01-06 22:00:00,2.45,10.0,25.6,43.5,47.0,69.1,120.0,5.7,2.3,242.0,CENTRO,22
2024-01-06 23:00:00,2.48,10.0,31.5,42.3,41.0,73.8,98.0,5.1,0.8,222.0,CENTRO,23
2024-01-07 00:00:00,2.87,9.75,47.8,42.9,53.0,90.7,110.0,4.8,2.0,247.0,CENTRO,0
2024-01-07 01:00:00,2.94,9.5,49.9,42.4,66.0,92.2,126.0,4.6,1.2,212.0,CENTRO,1
2024-01-07 02:00:00,3.03,9.25,59.7,39.3,59.0,99.0,116.0,4.3,0.3,238.0,CENTRO,2
2024-01-07 03:00:00,2.42,9.0,21.4,38.5,46.0,59.9,90.0,4.2,1.9,319.0,CENTRO,3
2024-01-07 04:00:00,2.35,9.0,29.6,37.2,49.0,66.8,108.0,4.4,2.2,313.0,CENTRO,4
2024-01-07 05:00:00,2.34,9.0,27.6,36.2,47.0,63.7,101.0,4.2,1.6,13.0,CENTRO,5
2024-01-07 06:00:00,2.01,9.0,10.2,36.7,36.0,46.9,78.0,5.6,3.0,19.0,CENTRO,6
2024-01-07 07:00:00,1.91,9.0,10.5,34.3,24.0,44.8,52.0,5.3,1.5,53.0,CENTRO,7
2024-01-07 08:00:00,1.93,10.0,16.1,33.3,26.0,49.4,63.0,5.2,3.1,5.0,CENTRO,8
2024-01-07 09:00:00,1.92,14.0,11.2,31.7,21.0,42.9,59.0,5.7,4.2,28.0,CENTRO,9
2024-01-07 10:00:00,1.84,17.0,13.4,29.5,23.0,42.9,63.0,6.8,7.6,33.0,CENTRO,10
2024-01-07 11:00:00,1.82,20.0,17.8,28.9,32.0,46.7,76.0,20.2,8.2,25.0,CENTRO,11
2024-01-07 12:00:00,1.82,18.0,14.6,29.0,34.0,43.7,73.0,25.0,7.0,27.0,CENTRO,12
2024-01-07 13:00:00,1.83,18.0,16.9,26.1,29.0,42.9,64.0,14.8,9.1,28.0,CENTRO,13
2024-01-07 14:00:00,1.77,29.0,5.0,13.0,18.0,17.9,44.0,9.9,10.0,39.0,CENTRO,14
2024-01-07 15:00:00,1.81,21.0,8.7,20.8,21.0,29.5,44.0,6.2,8.5,21.0,CENTRO,15
2024-01-07 16:00:00,1.88,14.0,13.8,29.8,23.0,43.6,52.0,6.7,6.1,18.0,CENTRO,16
2024-01-07 17:00:00,1.93,19.0,7.4,26.5,19.0,34.0,46.0,6.3,3.9,33.0,CENTRO,17
2024-01-07 18:00:00,1.83,33.0,4.0,15.0,16.0,19.0,43.0,5.4,6.5,84.0,CENTRO,18
2024-01-07 19:00:00,1.74,38.0,3.3,9.3,10.0,12.6,30.0,4.6,7.3,93.0,CENTRO,19
2024-01-07 20:00:00,1.73,37.0,3.1,8.2,11.0,11.3,29.0,4.1,8.9,111.0,CENTRO,20
2024-01-07 21:00:00,1.72,37.0,2.8,6.9,10.0,9.7,25.0,3.8,8.0,117.0,CENTRO,21
2024-01-07 22:00:00,1.72,34.0,2.8,8.6,11.0,11.4,24.0,3.7,3.5,57.0,CENTRO,22
2024-01-07 23:00:00,1.76,23.0,3.3,18.4,15.0,21.6,30.0,3.7,5.8,26.0,CENTRO,23
2024-01-08 00:00:00,1.74,15.0,3.1,22.3,17.0,25.4,34.0,3.9,1.3,271.0,CENTRO,0
2024-01-08 01:00:00,1.77,18.0,2.9,14.2,15.0,17.1,30.0,3.6,1.8,262.0,CENTRO,1
2024-01-08 02:00:00,1.86,14.0,3.1,17.5,16.0,20.6,32.0,3.4,1.3,247.0,CENTRO,2
2024-01-08 03:00:00,1.86,13.0,3.5,18.6,17.0,22.1,34.0,3.4,1.7,218.0,CENTRO,3
2024-01-08 04:00:00,1.85,14.0,3.4,16.9,18.0,20.3,31.0,3.3,2.1,248.0,CENTRO,4
2024-01-08 05:00:00,1.79,14.0,3.3,14.8,22.0,18.1,36.0,3.3,2.5,236.0,CENTRO,5
2024-01-08 06:00:00,1.84,11.0,5.0,18.1,31.0,23.1,78.0,3.2,3.0,223.0,CENTRO,6
2024-01-08 07:00:00,1.94,10.0,11.3,19.3,35.0,30.5,75.0,3.3,0.9,193.0,CENTRO,7
2024-01-08 08:00:00,2.24,9.0,30.1,21.4,41.0,51.5,102.0,3.5,1.4,219.0,CENTRO,8
2024-01-08 09:00:00,2.48,11.0,49.0,24.4,39.0,73.4,99.0,3.7,1.2,225.0,CENTRO,9
2024-01-08 10:00:00,2.5,13.0,57.4,29.6,32.0,87.0,87.0,4.8,0.9,200.0,CENTRO,10
2024-01-08 11:00:00,2.43,16.0,47.7,32.6,24.0,80.3,81.0,6.1,1.3,55.0,CENTRO,11
2024-01-08 12:00:00,2.55,23.0,41.0,43.1,31.0,84.1,98.0,6.3,5.3,50.0,CENTRO,12
2024-01-08 13:00:00,2.5,32.0,29.8,49.5,40.0,79.3,128.0,6.6,8.7,50.0,CENTRO,13
2024-01-08 14:00:00,1.96,50.0,8.6,21.7,19.0,30.4,91.0,4.6,10.5,59.0,CENTRO,14
2024-01-08 15:00:00,1.75,52.0,6.2,14.8,10.0,21.1,68.0,3.6,11.5,63.0,CENTRO,15
2024-01-08 16:00:00,1.85,53.0,6.6,21.2,11.0,27.8,62.0,6.0,9.6,54.0,CENTRO,16
2024-01-08 17:00:00,1.87,55.0,5.4,22.1,15.0,27.5,68.0,9.9,7.3,78.0,CENTRO,17
2024-01-08 18:00:00,2.46,23.0,13.3,46.1,17.0,59.4,94.0,6.7,2.0,221.0,CENTRO,18
2024-01-08 19:00:00,2.31,23.0,14.6,31.7,25.0,46.2,279.0,5.1,11.3,9.0,CENTRO,19
2024-01-08 20:00:00,1.8,32.0,4.0,14.3,18.0,18.3,188.0,4.1,13.4,44.0,CENTRO,20
2024-01-08 21:00:00,1.72,34.0,4.3,13.5,16.0,17.8,159.0,4.0,12.1,49.0,CENTRO,21
2024-01-08 22:00:00,1.64,26.0,4.4,20.9,17.0,25.3,167.0,5.2,11.6,79.0,CENTRO,22
2024-01-08 23:00:00,1.57,28.0,3.3,18.5,11.0,21.8,90.0,4.7,9.4,97.0,CENTRO,23
2024-01-09 00:00:00,1.56,26.0,3.3,21.6,11.0,25.0,74.0,5.1,7.0,90.0,CENTRO,0
2024-01-09 01:00:00,1.55,23.0,3.1,22.9,12.0,26.2,83.0,5.2,6.2,135.0,CENTRO,1
2024-01-09 02:00:00,1.51,28.0,2.9,15.0,11.0,17.9,83.0,4.0,3.9,183.0,CENTRO,2
2024-01-09 03:00:00,1.51,30.0,2.9,13.2,11.0,16.1,91.0,4.1,6.0,220.0,CENTRO,3
2024-01-09 04:00:00,1.51,29.0,3.05,15.1,14.0,17.9,118.0,3.8,4.3,87.0,CENTRO,4
2024-01-09 05:00:00,1.53,27.0,3.2,16.9,18.0,19.7,145.0,3.5,7.1,101.0,CENTRO,5
2024-01-09 06:00:00,1.48,29.0,3.35,13.7,14.0,16.6,116.0,3.3,6.9,101.0,CENTRO,6
2024-01-09 07:00:00,1.53,26.0,3.5,16.0,10.0,19.5,82.0,3.5,6.0,102.0,CENTRO,7
2024-01-09 08:00:00,1.63,22.0,5.4,18.8,11.0,24.2,96.0,3.5,7.7,112.0,CENTRO,8
2024-01-09 09:00:00,1.6,28.0,5.9,15.9,14.0,21.7,117.0,5.8,8.9,102.0,CENTRO,9
2024-01-09 10:00:00,1.57,31.0,6.9,13.2,15.0,20.1,137.0,5.8,10.1,103.0,CENTRO,10
2024-01-09 11:00:00,1.56,33.0,7.8,11.9,16.0,19.7,130.0,5.1,11.0,103.0,CENTRO,11
2024-01-09 12:00:00,1.55,37.0,7.0,10.6,17.0,17.5,136.0,4.5,11.5,95.0,CENTRO,12
2024-01-09 13:00:00,1.62,39.0,8.2,13.5,17.0,21.7,130.0,4.2,8.7,80.0,CENTRO,13
2024-01-09 14:00:00,1.64,42.0,8.5,15.5,18.0,24.0,124.0,4.3,6.7,48.0,CENTRO,14
2024-01-09 15:00:00,1.66,44.0,8.4,16.7,20.0,25.1,126.0,4.4,7.8,47.0,CENTRO,15
2024-01-09 16:00:00,1.61,46.0,6.3,13.5,19.0,19.7,125.0,4.1,10.1,64.0,CENTRO,16
2024-01-09 17:00:00,1.62,45.0,4.9,12.1,18.0,16.9,129.0,4.0,9.8,97.0,CENTRO,17
2024-01-09 18:00:00,1.58,44.0,3.7,11.4,19.0,15.2,131.0,3.9,10.8,123.0,CENTRO,18
2024-01-09 19:00:00,1.57,42.0,3.6,11.9,23.0,15.5,169.0,3.5,12.2,122.0,CENTRO,19
2024-01-09 20:00:00,1.54,42.0,3.2,9.7,28.0,12.9,180.0,3.5,10.7,123.0,CENTRO,20
2024-01-09 21:00:00,1.52,38.0,3.6,11.1,27.0,14.7,169.0,3.4,6.4,129.0,CENTRO,21
2024-01-09 22:00:00,1.52,40.0,2.8,8.5,27.0,11.3,163.0,3.3,8.1,106.0,CENTRO,22
2024-01-09 23:00:00,1.58,31.0,3.7,14.7,26.5,18.4,158.0,3.3,3.8,136.0,CENTRO,23
2024-01-10 00:00:00,1.58,30.0,2.8,14.5,26.0,17.3,93.0,3.3,2.8,97.0,CENTRO,0
2024-01-10 01:00:00,1.59,26.0,2.8,15.3,26.0,18.2,102.0,3.1,1.2,196.0,CENTRO,1
2024-01-10 02:00:00,1.7,16.0,5.2,24.9,28.0,30.0,95.0,3.3,2.6,244.0,CENTRO,2
2024-01-10 03:00:00,1.85,10.0,27.7,34.0,51.0,61.8,109.0,4.5,2.6,219.0,CENTRO,3
2024-01-10 04:00:00,1.81,10.0,25.7,34.1,53.0,59.8,155.0,4.9,2.5,257.0,CENTRO,4
2024-01-10 05:00:00,1.72,10.0,9.2,31.0,40.0,40.2,153.0,4.0,2.3,254.0,CENTRO,5
2024-01-10 06:00:00,1.74,10.25,17.4,29.8,40.0,47.2,122.0,4.0,2.7,265.0,CENTRO,6
2024-01-10 07:00:00,1.95,10.5,38.2,28.3,44.0,66.5,135.0,3.8,1.7,265.0,CENTRO,7
2024-01-10 08:00:00,2.49,10.75,79.3,30.7,51.0,110.0,154.0,5.2,1.7,286.0,CENTRO,8
2024-01-10 09:00:00,2.46,11.0,77.8,32.6,54.0,110.5,292.0,6.2,1.6,354.0,CENTRO,9
2024-01-10 10:00:00,2.59,14.0,72.8,38.0,71.0,110.8,174.0,7.6,2.6,352.0,CENTRO,10
2024-01-10 11:00:00,2.41,17.0,59.1,42.9,70.0,102.0,186.0,7.4,4.0,90.0,CENTRO,11
2024-01-10 12:00:00,2.15,22.0,44.9,41.6,57.0,86.5,165.0,6.6,4.4,69.0,CENTRO,12
2024-01-10 13:00:00,2.05,23.0,35.4,41.6,57.0,77.0,140.0,7.3,2.4,25.0,CENTRO,13
2024-01-10 14:00:00,2.41,23.0,47.2,58.3,86.0,105.6,134.0,10.4,3.6,60.0,CENTRO,14
2024-01-10 15:00:00,2.39,27.0,36.7,61.3,108.0,98.0,172.0,11.3,6.9,67.0,CENTRO,15
2024-01-10 16:00:00,2.18,35.0,13.5,44.0,58.0,57.5,177.0,5.9,6.8,82.0,CENTRO,16
2024-01-10 17:00:00,2.12,34.0,9.4,39.6,45.0,49.0,146.0,5.1,6.0,73.0,CENTRO,17
2024-01-10 18:00:00,2.1,27.0,6.1,37.0,33.0,43.1,141.0,4.4,4.9,77.0,CENTRO,18
2024-01-10 19:00:00,2.46,11.0,22.8,48.2,34.0,71.0,130.0,4.3,1.1,307.0,CENTRO,19
2024-01-10 20:00:00,2.95,10.0,52.8,50.8,36.0,103.6,138.0,4.3,2.6,235.0,CENTRO,20
2024-01-10 21:00:00,3.33,10.0,91.3,51.3,44.0,142.6,137.0,4.6,1.9,232.0,CENTRO,21
2024-01-10 22:00:00,2.96,10.0,62.3,47.8,43.0,110.2,153.0,4.5,2.7,218.0,CENTRO,22
2024-01-10 23:00:00,3.06,10.333333333333334,74.3,49.0,57.0,123.3,135.0,5.5,2.7,222.0,CENTRO,23
2024-01-11 00:00:00,3.12,10.666666666666666,87.4,49.3,65.0,136.7,169.0,6.5,2.2,246.0,CENTRO,0
2024-01-11 01:00:00,3.05,11.0,108.2,52.0,82.0,160.2,173.0,8.3,1.7,237.0,CENTRO,1
2024-01-11 02:00:00,2.86,11.0,116.5,50.9,91.0,167.3,202.0,10.3,1.4,311.0,CENTRO,2
2024-01-11 03:00:00,2.46,10.0,92.9,46.5,76.0,139.4,240.0,10.8,1.4,309.0,CENTRO,3
2024-01-11 04:00:00,2.14,10.0,64.3,41.1,62.0,105.4,216.0,10.1,2.7,330.0,CENTRO,4
2024-01-11 05:00:00,2.02,10.0,43.8,37.8,48.0,81.6,180.0,9.7,1.9,320.0,CENTRO,5
2024-01-11 06:00:00,1.89,10.333333333333334,30.7,35.8,40.0,66.5,151.0,11.1,2.3,323.0,CENTRO,6
2024-01-11 07:00:00,2.08,10.666666666666666,43.8,33.2,36.0,77.1,122.0,9.0,1.8,302.0,CENTRO,7
2024-01-11 08:00:00,1.95,11.0,28.7,31.2,21.0,59.9,136.0,9.0,8.0,222.0,CENTRO,8
2024-01-11 09:00:00,2.27,12.0,49.3,32.1,22.0,81.5,107.0,10.6,5.9,207.0,CENTRO,9
2024-01-11 10:00:00,2.31,13.0,50.7,34.7,21.0,85.4,109.0,9.6,0.5,287.0,CENTRO,10
2024-01-11 11:00:00,2.19,17.0,39.6,34.7,18.0,74.3,109.0,10.1,3.3,202.0,CENTRO,11
2024-01-11 12:00:00,1.89,28.0,22.9,28.6,16.0,51.4,103.0,7.5,1.8,107.0,CENTRO,12
2024-01-11 13:00:00,1.78,38.0,13.3,23.1,11.0,36.4,76.0,5.0,5.0,31.0,CENTRO,13
2024-01-11 14:00:00,2.06,33.0,26.0,46.9,23.0,72.9,60.0,9.4,7.7,36.0,CENTRO,14
2024-01-11 15:00:00,1.84,32.0,17.4,39.2,16.0,56.6,98.0,7.9,5.0,62.0,CENTRO,15
2024-01-11 16:00:00,1.82,45.0,8.7,27.9,12.0,36.6,82.0,4.3,6.2,87.0,CENTRO,16
2024-01-11 17:00:00,2.05,56.0,6.2,36.7,18.0,42.8,66.0,4.1,5.4,95.0,CENTRO,17
2024-01-11 18:00:00,1.84,48.0,4.4,24.2,10.0,28.6,76.0,3.7,5.1,138.0,CENTRO,18
2024-01-11 19:00:00,1.9,42.0,5.9,26.5,9.0,32.4,55.0,3.7,3.2,185.0,CENTRO,19
2024-01-11 20:00:00,2.59,14.0,35.4,47.8,14.0,83.1,57.0,4.3,2.9,205.0,CENTRO,20
2024-01-11 21:00:00,2.71,10.0,42.3,49.3,17.0,91.6,81.0,4.6,1.3,252.0,CENTRO,21
2024-01-11 22:00:00,3.16,10.0,98.1,53.4,39.0,151.6,96.0,9.3,2.7,223.0,CENTRO,22
2024-01-11 23:00:00,2.68,10.0,73.9,49.8,45.0,123.8,148.0,13.3,3.9,220.0,CENTRO,23
2024-01-12 00:00:00,2.57,13.0,73.8,47.3,45.0,121.1,129.0,14.2,1.7,264.0,CENTRO,0
2024-01-12 01:00:00,3.0,16.0,52.3,47.8,40.0,100.1,135.0,11.5,4.4,209.0,CENTRO,1
2024-01-12 02:00:00,1.94,19.0,17.1,32.4,26.0,49.6,109.0,9.2,7.1,253.0,CENTRO,2
2024-01-12 03:00:00,1.37,50.0,3.1,3.0,8.0,6.1,168.0,3.1,14.7,268.0,CENTRO,3
2024-01-12 04:00:00,1.36,42.8,4.46,8.34,33.800000000000004,12.76,231.6,3.4,13.1,235.2,CENTRO,4
2024-01-12 05:00:00,1.35,35.6,5.82,13.68,59.6,19.419999999999998,295.2,3.6999999999999997,11.5,202.4,CENTRO,5
2024-01-12 06:00:00,1.34,28.400000000000002,7.180000000000001,19.02,85.4,26.08,358.8,4.0,9.9,169.6,CENTRO,6
2024-01-12 07:00:00,1.33,21.2,8.540000000000001,24.36,111.2,32.74,422.4,4.3,8.3,136.79999999999998,CENTRO,7
2024-01-12 08:00:00,1.32,14.0,9.9,29.7,137.0,39.4,486.0,4.6,6.7,104.0,CENTRO,8
2024-01-12 09:00:00,1.52,13.0,32.2,32.9,147.0,65.2,529.0,9.6,6.6,83.0,CENTRO,9
2024-01-12 10:00:00,1.44,18.0,22.9,27.6,152.0,50.5,566.0,9.1,8.1,82.0,CENTRO,10
2024-01-12 11:00:00,1.73,22.0,15.0,20.5,132.0,35.5,601.0,6.2,9.7,51.0,CENTRO,11
2024-01-12 12:00:00,1.76,27.0,11.1,16.5,119.0,27.6,561.0,6.1,9.4,44.0,CENTRO,12
2024-01-12 13:00:00,1.75,31.0,10.2,14.9,82.0,25.1,511.0,6.8,9.7,51.0,CENTRO,13
2024-01-12 14:00:00,1.75,35.0,8.9,13.7,53.0,22.6,343.0,5.2,9.5,58.0,CENTRO,14
2024-01-12 15:00:00,1.7,34.0,10.3,17.3,53.0,27.7,238.0,6.3,8.0,47.0,CENTRO,15
2024-01-12 16:00:00,1.71,34.0,10.7,20.3,52.0,31.0,223.0,6.9,8.2,53.0,CENTRO,16
2024-01-12 17:00:00,1.75,37.0,8.0,19.4,54.0,27.5,213.0,5.1,8.2,58.0,CENTRO,17
2024-01-12 18:00:00,1.78,35.0,4.8,15.9,48.0,20.8,231.0,3.7,10.2,76.0,CENTRO,18
2024-01-12 19:00:00,1.73,36.0,3.7,12.6,40.0,16.3,211.0,3.6,10.4,113.0,CENTRO,19
2024-01-12 20:00:00,1.66,39.0,3.5,9.4,33.0,13.0,167.0,3.4,11.8,115.0,CENTRO,20
2024-01-12 21:00:00,1.63,39.0,3.8,9.0,26.0,12.8,148.0,3.3,10.0,112.0,CENTRO,21
2024-01-12 22:00:00,1.61,40.0,3.6,8.0,22.0,11.6,113.0,3.3,8.8,99.0,CENTRO,22
2024-01-12 23:00:00,1.6,40.0,4.0,8.4,21.0,12.3,93.0,3.2,10.5,109.0,CENTRO,23
2024-01-13 00:00:00,1.63,41.0,3.1,7.5,18.26,10.8,86.0,3.2,7.9,104.0,CENTRO,0
2024-01-13 01:00:00,1.59,43.0,3.0,5.6,15.52,8.9,80.0,3.1,8.8,103.0,CENTRO,1
2024-01-13 02:00:00,1.56,46.0,2.9,3.5,15.07,6.7,67.0,3.1,9.1,110.0,CENTRO,2
2024-01-13 03:00:00,1.74,25.0,3.1,17.9,21.72,21.2,68.0,3.6,3.4,189.0,CENTRO,3
2024-01-13 04:00:00,1.92,11.0,13.9,32.5,36.38,46.6,90.0,8.8,4.2,216.0,CENTRO,4
2024-01-13 05:00:00,2.0,11.0,29.2,33.7,52.53,63.2,127.0,19.2,2.8,271.0,CENTRO,5
2024-01-13 06:00:00,1.98,10.0,26.5,34.4,38.61,61.1,144.0,7.5,2.4,334.0,CENTRO,6
2024-01-13 07:00:00,1.98,10.0,31.2,33.3,39.78,64.7,106.0,7.6,2.2,248.0,CENTRO,7
2024-01-13 08:00:00,2.22,10.0,52.8,34.6,40.01,87.7,110.0,7.2,2.6,272.0,CENTRO,8
2024-01-13 09:00:00,2.44,11.0,66.6,33.6,37.72,100.5,117.0,7.3,2.3,205.0,CENTRO,9
2024-01-13 10:00:00,2.57,14.0,68.0,39.1,51.11,107.4,119.0,10.8,3.7,1.0,CENTRO,10
2024-01-13 11:00:00,2.89,16.0,77.5,52.3,64.24,130.0,154.0,12.7,5.2,357.0,CENTRO,11
2024-01-13 12:00:00,2.28,28.0,31.5,38.2,55.23,69.9,177.0,8.3,6.8,37.0,CENTRO,12
2024-01-13 13:00:00,1.91,41.0,10.3,19.1,34.92,29.6,142.0,6.7,6.2,85.0,CENTRO,13
2024-01-13 14:00:00,1.9,40.0,11.7,21.6,36.03,33.6,122.0,9.2,7.1,52.0,CENTRO,14
2024-01-13 15:00:00,1.91,45.0,9.3,20.0,37.34,29.6,127.0,8.9,7.9,33.0,CENTRO,15
2024-01-13 16:00:00,1.9,50.0,6.6,16.7,34.34,23.6,127.0,7.0,7.3,68.0,CENTRO,16
2024-01-13 17:00:00,1.87,53.0,4.4,10.8,30.89,15.5,114.0,4.8,8.0,58.0,CENTRO,17
2024-01-13 18:00:00,1.9,48.0,3.8,12.9,32.97,17.0,116.0,4.5,7.3,85.0,CENTRO,18
2024-01-13 19:00:00,1.91,44.0,3.4,13.0,38.89,16.6,113.0,4.4,5.3,73.0,CENTRO,19
2024-01-13 20:00:00,2.14,23.0,3.7,26.7,37.9,30.5,114.0,4.8,4.7,49.0,CENTRO,20
2024-01-13 21:00:00,2.36,11.0,13.7,37.4,40.48,51.3,97.0,4.7,3.7,221.0,CENTRO,21
2024-01-13 22:00:00,2.42,12.0,15.1,36.8,45.85,52.1,108.0,5.1,4.8,224.0,CENTRO,22
2024-01-13 23:00:00,2.36,11.0,9.4,38.5,53.2,48.1,120.0,5.5,3.4,259.0,CENTRO,23
2024-01-14 00:00:00,2.77,10.0,33.3,37.9,67.84,71.4,120.0,5.9,3.2,221.0,CENTRO,0
2024-01-14 01:00:00,2.34,10.0,12.7,37.7,67.10137931034483,50.6,126.0,6.2,3.9,212.0,CENTRO,1
2024-01-14 02:00:00,2.48,10.0,26.6,37.5,66.36275862068966,64.3,127.0,8.0,4.8,231.0,CENTRO,2
2024-01-14 03:00:00,2.22,11.0,11.6,35.8,65.62413793103448,47.7,140.0,9.1,5.4,234.0,CENTRO,3
2024-01-14 04:00:00,2.11,12.0,4.2,32.0,64.88551724137932,36.4,191.0,7.7,4.0,219.0,CENTRO,4
2024-01-14 05:00:00,2.03,13.0,4.3,31.0,18.58,35.5,146.0,7.7,3.7,266.0,CENTRO,5
2024-01-14 06:00:00,1.98,16.0,4.2,26.3,19.46,30.7,129.0,8.8,3.3,316.0,CENTRO,6
2024-01-14 07:00:00,1.93,17.0,3.8,23.8,20.869999999999997,27.8,109.0,7.7,2.9,325.0,CENTRO,7
2024-01-14 08:00:00,2.01,13.0,7.9,29.2,22.875,37.3,93.0,8.4,2.6,309.0,CENTRO,8
2024-01-14 09:00:00,2.03,19.0,15.7,25.4,24.189999999999998,41.3,120.0,10.2,3.3,176.0,CENTRO,9
2024-01-14 10:00:00,2.0,27.0,13.3,22.6,24.855,36.1,110.0,10.2,3.7,190.0,CENTRO,10
2024-01-14 11:00:00,2.07,33.0,14.8,24.4,27.284999999999997,39.5,101.0,8.0,4.8,49.0,CENTRO,11
2024-01-14 12:00:00,2.17,33.0,22.5,34.8,27.89,57.5,104.0,13.1,5.4,63.0,CENTRO,12
2024-01-14 13:00:00,2.25,47.0,12.9,29.6,25.137999999999998,42.7,125.0,9.8,6.9,54.0,CENTRO,13
2024-01-14 14:00:00,2.35,64.0,6.9,20.1,21.83,27.3,122.0,8.0,9.0,50.0,CENTRO,14
2024-01-14 15:00:00,2.2,65.0,6.0,15.4,20.25,21.7,130.0,6.4,9.8,38.0,CENTRO,15
2024-01-14 16:00:00,2.09,67.0,5.0,13.4,19.0,18.7,103.0,5.2,11.4,40.0,CENTRO,16
2024-01-14 17:00:00,1.99,65.0,4.1,10.0,17.744999999999997,14.4,96.0,4.2,10.5,80.0,CENTRO,17
2024-01-14 18:00:00,1.92,59.0,3.6,8.6,17.0,12.4,76.0,3.9,9.4,114.0,CENTRO,18
2024-01-14 19:00:00,1.95,49.0,3.4,10.2,16.525,13.9,70.0,4.2,8.9,102.0,CENTRO,19
2024-01-14 20:00:00,1.98,42.0,3.4,11.1,16.0,14.8,69.0,4.3,7.0,101.0,CENTRO,20
2024-01-14 21:00:00,1.98,35.0,3.3,13.5,16.31,17.0,69.0,4.2,4.3,41.0,CENTRO,21
2024-01-14 22:00:00,2.45,11.0,7.2,34.7,16.29,42.1,71.0,4.7,4.5,312.0,CENTRO,22
2024-01-14 23:00:00,2.63,9.0,12.0,36.1,16.08,48.3,92.0,4.9,5.2,331.0,CENTRO,23
2024-01-15 00:00:00,2.35,11.0,10.5,33.7,16.0,44.4,99.0,4.9,4.8,344.0,CENTRO,0
2024-01-15 01:00:00,2.02,22.0,3.9,17.7,16.0,21.9,87.0,4.6,4.4,24.0,CENTRO,1
2024-01-15 02:00:00,2.01,19.0,3.7,18.5,16.54,22.5,57.0,5.5,4.6,3.0,CENTRO,2
2024-01-15 03:00:00,1.98,18.0,3.9,20.7,16.8,24.9,51.0,6.1,5.6,24.0,CENTRO,3
2024-01-15 04:00:00,2.09,15.0,3.8,24.0,17.91,28.0,59.0,7.4,5.5,45.0,CENTRO,4
2024-01-15 05:00:00,2.16,12.0,5.0,25.0,18.58,30.3,68.0,8.4,6.8,59.0,CENTRO,5
2024-01-15 06:00:00,2.17,11.0,12.4,24.9,19.46,37.5,86.0,12.3,7.5,24.0,CENTRO,6
2024-01-15 07:00:00,2.1,10.0,19.1,23.9,20.869999999999997,43.2,80.0,7.8,8.1,23.0,CENTRO,7
2024-01-15 08:00:00,2.37,9.0,35.9,21.7,22.875,57.9,90.0,6.5,8.5,52.0,CENTRO,8
2024-01-15 09:00:00,2.28,10.0,28.1,18.8,24.189999999999998,47.1,100.0,6.1,8.7,54.0,CENTRO,9
2024-01-15 10:00:00,2.21,11.0,38.3,18.2,24.855,56.8,100.0,7.9,7.5,62.0,CENTRO,10
2024-01-15 11:00:00,2.16,13.0,35.9,18.3,27.284999999999997,54.4,97.0,7.9,8.7,47.0,CENTRO,11
2024-01-15 12:00:00,2.13,15.0,35.4,18.3,27.89,53.9,93.0,8.5,7.2,49.0,CENTRO,12
2024-01-15 13:00:00,2.24,17.0,38.1,22.5,25.137999999999998,60.9,98.0,8.1,6.9,59.0,CENTRO,13
2024-01-15 14:00:00,2.24,22.0,28.1,26.4,21.83,54.7,102.0,8.1,8.5,76.0,CENTRO,14
2024-01-15 15:00:00,2.21,27.0,20.2,25.0,20.25,45.3,96.0,6.9,9.6,56.0,CENTRO,15
2024-01-15 16:00:00,2.18,20.0,21.6,20.0,19.0,41.9,93.0,6.3,11.6,64.0,CENTRO,16
2024-01-15 17:00:00,2.17,15.0,20.1,15.3,17.744999999999997,35.6,81.0,5.1,11.2,62.0,CENTRO,17
2024-01-15 18:00:00,2.14,11.0,19.2,16.6,17.0,36.1,69.0,4.9,9.9,46.0,CENTRO,18
2024-01-15 19:00:00,2.15,10.0,23.1,18.1,16.525,41.4,70.0,5.3,7.5,45.0,CENTRO,19
2024-01-15 20:00:00,2.16,10.0,23.0,18.3,16.0,41.5,76.0,5.3,7.1,32.0,CENTRO,20
2024-01-15 21:00:00,2.07,10.0,23.5,18.7,16.31,42.4,69.0,5.6,6.6,42.0,CENTRO,21
2024-01-15 22:00:00,2.03,10.5,23.6,18.8,16.29,42.7,88.0,6.2,7.3,40.0,CENTRO,22
2024-01-15 23:00:00,1.96,11.0,11.1,16.7,16.08,28.1,83.0,5.4,7.3,34.0,CENTRO,23
2024-01-16 00:00:00,1.86,16.0,5.2,13.6,16.0,19.0,52.0,4.7,9.3,45.0,CENTRO,0
2024-01-16 01:00:00,1.82,16.0,5.0,11.4,16.0,16.6,32.0,4.5,10.3,51.0,CENTRO,1
2024-01-16 02:00:00,1.77,16.0,3.7,8.6,16.54,12.5,38.0,3.9,12.8,12.0,CENTRO,2
2024-01-16 03:00:00,1.75,15.5,3.4,8.5,16.8,12.1,24.0,3.6,11.6,26.0,CENTRO,3
2024-01-16 04:00:00,1.74,15.0,3.9,9.9,17.91,14.0,25.0,3.5,11.7,59.0,CENTRO,4
2024-01-16 05:00:00,1.75,16.0,4.2,10.1,18.58,14.5,22.0,3.5,11.5,50.0,CENTRO,5
2024-01-16 06:00:00,1.76,15.0,5.5,11.9,27.95448275862069,17.6,23.0,3.4,11.7,56.0,CENTRO,6
2024-01-16 07:00:00,1.78,18.0,5.0,10.7,27.215862068965517,15.9,22.0,3.3,12.6,46.0,CENTRO,7
2024-01-16 08:00:00,1.82,18.0,6.4,14.0,26.477241379310342,20.6,25.0,3.5,11.9,46.0,CENTRO,8
2024-01-16 09:00:00,1.195,13.5,5.5,11.85,25.73862068965517,17.5,203.5,2.8000000000000003,8.05,60.5,CENTRO,9
2024-01-16 10:00:00,0.57,9.0,4.6,9.7,25.0,14.4,382.0,2.1,4.2,75.0,CENTRO,10
2024-01-16 11:00:00,1.01,18.0,12.3,19.9,33.0,32.5,215.0,3.9,6.8,35.0,CENTRO,11
2024-01-16 12:00:00,0.98,17.0,16.5,20.7,31.0,37.4,48.0,4.1,5.6,72.0,CENTRO,12
2024-01-16 13:00:00,1.12,18.0,16.6,19.1,38.0,35.9,56.0,4.1,5.2,68.0,CENTRO,13
2024-01-16 14:00:00,1.27,17.0,20.9,20.8,44.0,42.0,56.0,4.6,4.2,93.0,CENTRO,14
2024-01-16 15:00:00,1.37,14.0,26.9,22.7,56.0,49.7,68.0,5.2,5.1,52.0,CENTRO,15
2024-01-16 16:00:00,1.31,15.0,18.1,19.8,60.0,38.2,71.0,4.4,5.5,109.0,CENTRO,16
2024-01-16 17:00:00,1.31,18.0,10.7,16.7,44.0,27.7,61.0,3.8,4.8,138.0,CENTRO,17
2024-01-16 18:00:00,1.38,18.0,9.7,18.5,32.0,28.5,47.0,3.8,3.3,69.0,CENTRO,18
2024-01-16 19:00:00,1.62,11.0,13.3,24.9,36.0,38.4,43.0,3.9,1.9,266.0,CENTRO,19
2024-01-16 20:00:00,1.6,10.0,12.7,24.9,35.0,37.7,52.0,3.9,3.5,94.0,CENTRO,20
2024-01-16 21:00:00,1.48,12.0,6.2,19.7,32.0,26.1,48.0,3.5,5.6,112.0,CENTRO,21
2024-01-16 22:00:00,1.44,14.0,5.2,17.7,27.0,23.1,36.0,3.5,5.6,107.0,CENTRO,22
2024-01-16 23:00:00,1.44,13.0,5.8,18.6,28.0,24.6,34.0,3.6,5.9,93.0,CENTRO,23
2024-01-17 00:00:00,1.34,23.0,3.2,13.9,28.0,17.3,38.0,4.0,6.7,46.0,CENTRO,0
2024-01-17 01:00:00,1.33,25.0,3.0,10.8,21.0,14.1,37.0,3.8,6.3,39.0,CENTRO,1
2024-01-17 02:00:00,1.35,26.0,2.8,7.6,25.0,10.6,35.0,3.8,6.5,102.0,CENTRO,2
2024-01-17 03:00:00,1.35,27.0,2.7,6.4,27.0,9.4,33.0,3.9,8.1,111.0,CENTRO,3
2024-01-17 04:00:00,1.37,26.0,2.7,6.2,29.0,9.1,35.0,3.7,7.9,115.0,CENTRO,4
2024-01-17 05:00:00,1.38,25.0,2.6,7.2,27.0,10.1,34.0,3.6,6.2,105.0,CENTRO,5
2024-01-17 06:00:00,1.4,22.0,2.9,9.8,25.0,12.9,38.0,3.4,4.0,105.0,CENTRO,6
2024-01-17 07:00:00,1.52,13.0,7.6,19.1,26.0,27.0,32.0,3.5,2.7,255.0,CENTRO,7
2024-01-17 08:00:00,1.62,15.0,8.5,20.9,25.0,29.7,42.0,3.6,4.8,54.0,CENTRO,8
2024-01-17 09:00:00,1.58,25.0,8.6,16.2,20.0,25.1,44.0,3.6,6.0,73.0,CENTRO,9
2024-01-17 10:00:00,1.59,27.0,11.4,13.9,21.0,25.6,42.0,3.8,4.8,28.0,CENTRO,10
2024-01-17 11:00:00,1.68,28.0,14.4,15.2,30.0,29.9,48.0,4.0,5.8,17.0,CENTRO,11
2024-01-17 12:00:00,1.66,32.0,11.7,14.7,34.0,26.8,54.0,4.0,6.0,56.0,CENTRO,12
2024-01-17 13:00:00,1.76,30.0,16.4,22.6,38.0,39.2,53.0,5.3,6.3,356.0,CENTRO,13
2024-01-17 14:00:00,1.78,31.0,18.7,27.5,47.0,46.4,66.0,7.2,5.0,57.0,CENTRO,14
2024-01-17 15:00:00,1.84,35.0,15.9,27.5,49.0,43.6,79.0,6.6,6.7,38.0,CENTRO,15
2024-01-17 16:00:00,1.76,40.0,8.4,20.9,42.0,29.6,77.0,4.2,7.6,53.0,CENTRO,16
2024-01-17 17:00:00,1.77,37.0,6.9,19.4,35.0,26.6,57.0,4.0,7.4,61.0,CENTRO,17
2024-01-17 18:00:00,1.83,28.0,6.1,25.8,36.74,32.1,52.0,4.3,6.4,31.0,CENTRO,18
2024-01-17 19:00:00,1.9,22.0,5.0,23.9,33.59,29.2,60.0,3.9,6.1,88.0,CENTRO,19
2024-01-17 20:00:00,2.01,15.0,9.7,31.0,30.77,41.0,44.0,4.1,5.8,79.0,CENTRO,20
2024-01-17 21:00:00,2.19,10.0,18.0,37.3,48.15,55.5,58.0,4.3,3.6,58.0,CENTRO,21
2024-01-17 22:00:00,2.17,10.0,24.5,35.7,52.26,60.4,67.0,4.8,2.9,15.0,CENTRO,22
2024-01-17 23:00:00,2.11,10.0,23.4,33.9,54.06,57.5,68.0,4.6,2.3,348.0,CENTRO,23
2024-01-18 00:00:00,2.14,10.11111111111111,37.4,33.2,53.65,70.9,66.0,5.2,2.1,251.0,CENTRO,0
2024-01-18 01:00:00,2.39,10.222222222222221,60.2,35.4,59.43,95.9,85.0,6.0,2.7,264.0,CENTRO,1
2024-01-18 02:00:00,2.42,10.333333333333334,56.1,35.0,60.57,91.4,93.0,6.1,3.1,288.0,CENTRO,2
2024-01-18 03:00:00,2.48,10.444444444444445,64.5,34.5,72.88,99.2,88.0,6.0,2.6,274.0,CENTRO,3
2024-01-18 04:00:00,2.58,10.555555555555555,85.5,34.8,87.43,120.7,110.0,6.1,2.2,223.0,CENTRO,4
2024-01-18 05:00:00,2.57,10.666666666666666,83.7,35.9,93.68,120.0,124.0,7.0,3.1,273.0,CENTRO,5
2024-01-18 06:00:00,2.5,10.777777777777779,68.9,36.9,94.23,106.0,129.0,8.4,2.8,271.0,CENTRO,6
2024-01-18 07:00:00,2.81,10.88888888888889,89.9,36.2,104.8,126.4,130.0,9.2,2.9,354.0,CENTRO,7
2024-01-18 08:00:00,3.16,11.0,144.1,38.9,121.37,183.2,163.0,12.8,2.8,306.0,CENTRO,8
2024-01-18 09:00:00,4.26,11.0,240.0,44.7,147.21,284.8,214.0,12.2,3.0,285.0,CENTRO,9
2024-01-18 10:00:00,4.74,11.0,254.6,54.9,141.76,309.7,261.0,11.8,2.7,88.0,CENTRO,10
2024-01-18 11:00:00,5.63,12.0,288.4,74.0,111.78,362.8,249.0,12.4,2.9,67.0,CENTRO,11
2024-01-18 12:00:00,4.61,14.0,180.6,88.9,124.66,269.5,208.0,11.2,3.3,39.0,CENTRO,12
2024-01-18 13:00:00,3.82,19.0,93.5,92.2,115.98,185.9,188.0,9.1,4.8,95.0,CENTRO,13
2024-01-18 14:00:00,3.27,24.0,53.2,81.2,97.84,134.6,153.0,7.2,5.5,74.0,CENTRO,14
2024-01-18 15:00:00,3.35,26.0,45.7,90.5,96.72,136.4,128.0,11.1,7.3,93.0,CENTRO,15
2024-01-18 16:00:00,2.52,36.0,14.8,56.6,65.41,71.7,159.0,5.5,5.9,109.0,CENTRO,16
2024-01-18 17:00:00,2.88,24.0,24.7,61.2,44.48,86.1,123.0,5.2,2.6,139.0,CENTRO,17
2024-01-18 18:00:00,4.09,11.0,82.5,68.5,50.89,151.2,148.0,6.4,2.6,284.0,CENTRO,18
2024-01-18 19:00:00,3.97,10.0,90.3,75.4,67.74,166.0,168.0,11.2,3.7,315.0,CENTRO,19
2024-01-18 20:00:00,3.04,10.0,49.1,67.5,83.45,116.9,154.0,14.8,4.2,297.0,CENTRO,20
2024-01-18 21:00:00,2.81,10.0,17.3,58.2,64.45,75.6,143.0,8.9,3.9,269.0,CENTRO,21
2024-01-18 22:00:00,2.8,11.0,9.8,54.2,66.83,64.3,105.0,7.5,4.0,242.0,CENTRO,22
2024-01-18 23:00:00,3.15,10.0,32.2,56.4,69.28,88.7,97.0,7.4,3.2,266.0,CENTRO,23
2024-01-19 00:00:00,3.45,10.0,72.6,59.1,78.66,132.0,100.0,10.4,3.6,217.0,CENTRO,0
2024-01-19 01:00:00,3.48,11.0,94.5,58.2,101.81,153.1,132.0,16.6,3.3,304.0,CENTRO,1
2024-01-19 02:00:00,2.73,10.0,56.6,47.6,74.12,104.5,173.0,16.4,4.7,243.0,CENTRO,2
2024-01-19 03:00:00,2.71,10.0,68.5,45.4,73.61,114.2,126.0,12.0,3.4,341.0,CENTRO,3
2024-01-19 04:00:00,2.67,10.0,56.3,44.5,76.53,101.1,147.0,9.8,3.9,241.0,CENTRO,4
2024-01-19 05:00:00,2.77,10.25,50.7,45.4,87.88,96.4,152.0,9.9,3.1,329.0,CENTRO,5
2024-01-19 06:00:00,2.39,10.5,38.0,35.6,60.91,73.8,155.0,8.1,3.8,256.0,CENTRO,6
2024-01-19 07:00:00,2.23,10.75,27.8,34.0,39.33,62.0,105.0,8.4,3.6,263.0,CENTRO,7
2024-01-19 08:00:00,2.65,11.0,70.8,37.3,45.98,108.5,82.0,14.6,3.7,240.0,CENTRO,8
2024-01-19 09:00:00,2.98,12.0,103.8,40.6,56.5,144.8,111.0,17.2,3.8,241.0,CENTRO,9
2024-01-19 10:00:00,3.61,14.0,111.4,58.7,67.88,170.4,146.0,13.6,4.3,20.0,CENTRO,10
2024-01-19 11:00:00,2.09,33.0,16.2,25.9,53.81,42.4,172.0,9.5,12.0,25.0,CENTRO,11
2024-01-19 12:00:00,1.98,45.0,9.9,21.9,29.05,32.2,150.0,6.4,11.5,40.0,CENTRO,12
2024-01-19 13:00:00,1.98,53.0,9.1,23.2,30.76,32.5,116.0,8.8,11.7,42.0,CENTRO,13
2024-01-19 14:00:00,2.03,57.0,8.8,23.7,35.63,32.7,83.0,8.8,13.0,16.0,CENTRO,14
2024-01-19 15:00:00,1.99,60.0,6.9,19.8,27.62,27.0,88.0,6.8,14.2,14.0,CENTRO,15
2024-01-19 16:00:00,2.0,57.0,6.4,21.3,25.95,27.9,94.0,8.2,15.3,35.0,CENTRO,16
2024-01-19 17:00:00,2.0,55.0,4.8,16.1,23.94,21.2,82.0,8.4,14.5,65.0,CENTRO,17
2024-01-19 18:00:00,1.95,52.0,4.1,12.8,20.35,17.1,63.0,5.8,14.1,100.0,CENTRO,18
2024-01-19 19:00:00,1.9,50.0,4.0,13.8,16.97,18.0,49.0,4.9,14.3,99.0,CENTRO,19
2024-01-19 20:00:00,1.84,50.0,3.6,12.7,15.46,16.5,49.0,4.7,14.5,90.0,CENTRO,20
2024-01-19 21:00:00,1.78,50.0,3.4,10.9,17.67,14.5,44.0,5.3,15.1,100.0,CENTRO,21
2024-01-19 22:00:00,1.8,46.0,3.5,12.1,16.24,15.7,46.0,4.0,14.2,76.0,CENTRO,22
2024-01-19 23:00:00,1.76,48.0,3.2,9.6,15.82,13.1,45.0,3.9,13.7,90.0,CENTRO,23
2024-01-20 00:00:00,1.72,51.0,3.0,7.7,14.45,11.0,46.0,3.8,11.6,106.0,CENTRO,0
2024-01-20 01:00:00,1.7,51.0,2.9,7.0,13.36,10.1,40.0,3.7,12.7,109.0,CENTRO,1
2024-01-20 02:00:00,1.68,52.0,2.8,6.6,12.83,9.6,39.0,3.9,12.4,96.0,CENTRO,2
2024-01-20 03:00:00,1.69,48.0,2.8,7.9,16.14,10.9,41.0,6.2,13.4,63.0,CENTRO,3
2024-01-20 04:00:00,1.69,44.0,2.9499999999999997,7.6,15.87,10.6,48.0,3.7,14.2,74.0,CENTRO,4
2024-01-20 05:00:00,1.72,41.0,3.1,8.0,18.52,10.9,44.0,5.4,10.6,77.0,CENTRO,5
2024-01-20 06:00:00,1.71,43.0,3.25,7.0,20.73,9.9,44.0,4.7,9.3,98.0,CENTRO,6
2024-01-20 07:00:00,1.74,31.0,3.4,18.8,20.17,22.4,41.0,5.3,9.5,46.0,CENTRO,7
2024-01-20 08:00:00,1.78,20.0,4.9,28.0,23.27,33.1,50.0,7.0,10.6,31.0,CENTRO,8
2024-01-20 09:00:00,1.83,20.0,7.1,29.2,26.28,36.4,56.0,5.7,9.0,43.0,CENTRO,9
2024-01-20 10:00:00,1.88,23.0,8.3,24.5,30.27,33.0,65.0,5.1,9.7,37.0,CENTRO,10
2024-01-20 11:00:00,1.85,30.0,7.2,18.0,29.76,25.5,63.0,4.6,11.1,35.0,CENTRO,11
2024-01-20 12:00:00,1.89,30.0,6.7,17.9,29.1,24.9,59.0,4.0,10.6,34.0,CENTRO,12
2024-01-20 13:00:00,1.87,29.0,7.0,17.6,32.89,24.8,63.0,3.9,11.3,38.0,CENTRO,13
2024-01-20 14:00:00,1.88,29.0,7.7,17.6,32.61,25.6,59.0,4.0,13.2,44.0,CENTRO,14
2024-01-20 15:00:00,1.88,29.0,7.4,16.9,30.69,24.5,62.0,3.9,14.4,37.0,CENTRO,15
2024-01-20 16:00:00,1.8,33.0,7.8,13.1,31.5,21.1,63.0,4.0,13.4,56.0,CENTRO,16
2024-01-20 17:00:00,1.78,33.0,6.9,13.9,28.7,21.1,57.0,6.0,14.3,49.0,CENTRO,17
2024-01-20 18:00:00,1.8,30.0,4.3,16.4,30.79,20.9,66.0,5.8,13.7,47.0,CENTRO,18
2024-01-20 19:00:00,1.85,24.0,4.0,21.4,37.51,25.6,62.0,6.9,10.9,45.0,CENTRO,19
2024-01-20 20:00:00,1.93,24.0,3.8,19.8,47.17,23.8,67.0,5.2,9.2,39.0,CENTRO,20
2024-01-20 21:00:00,1.88,21.0,3.8,18.4,58.45,22.4,64.0,4.7,8.6,43.0,CENTRO,21
2024-01-20 22:00:00,1.88,16.0,5.4,20.6,52.48,26.2,57.0,4.4,7.3,40.0,CENTRO,22
2024-01-20 23:00:00,1.86,13.0,8.3,21.4,53.270199999999996,30.0,44.0,4.6,7.0,45.0,CENTRO,23
2024-01-21 00:00:00,1.84,11.0,9.4,21.6,54.060399999999994,31.3,35.0,5.0,6.8,35.0,CENTRO,0
2024-01-21 01:00:00,1.81,11.0,8.5,22.6,54.8506,31.4,48.0,4.9,7.5,23.0,CENTRO,1
2024-01-21 02:00:00,1.82,11.0,10.6,23.9,55.6408,34.7,40.0,5.2,6.7,54.0,CENTRO,2
2024-01-21 03:00:00,1.82,13.0,5.5,20.0,16.8,25.8,46.0,4.8,6.2,42.0,CENTRO,3
2024-01-21 04:00:00,1.82,14.0,4.0,18.5,17.91,22.8,40.0,4.8,5.4,5.0,CENTRO,4
2024-01-21 05:00:00,1.95,17.0,3.2,15.9,18.58,19.2,36.0,5.0,2.5,24.0,CENTRO,5
2024-01-21 06:00:00,1.92,11.0,5.2,22.5,19.46,27.9,32.0,5.3,1.8,70.0,CENTRO,6
2024-01-21 07:00:00,1.91,10.0,4.8,23.2,20.869999999999997,28.3,30.0,5.1,1.7,352.0,CENTRO,7
2024-01-21 08:00:00,1.95,10.0,7.8,22.8,22.875,30.8,34.0,4.7,1.9,20.0,CENTRO,8
2024-01-21 09:00:00,2.0,9.0,16.2,21.8,24.189999999999998,38.3,37.0,4.7,2.0,39.0,CENTRO,9
2024-01-21 10:00:00,2.21,11.0,21.3,22.4,24.855,43.9,49.0,4.7,3.1,39.0,CENTRO,10
2024-01-21 11:00:00,2.22,15.0,13.7,22.1,27.284999999999997,36.0,52.0,4.5,3.1,12.0,CENTRO,11
2024-01-21 12:00:00,2.16,21.0,12.0,19.0,27.89,31.2,48.0,4.3,2.9,84.0,CENTRO,12
2024-01-21 13:00:00,2.28,23.0,12.5,20.8,25.137999999999998,33.6,49.0,4.2,4.5,36.0,CENTRO,13
2024-01-21 14:00:00,2.39,18.0,22.9,27.9,21.83,51.0,49.0,4.7,6.1,42.0,CENTRO,14
2024-01-21 15:00:00,2.19,14.0,23.1,28.2,20.25,51.4,69.0,4.9,6.6,47.0,CENTRO,15
2024-01-21 16:00:00,2.16,15.0,17.0,26.3,19.0,43.5,65.0,4.7,4.7,45.0,CENTRO,16
2024-01-21 17:00:00,2.27,13.0,13.8,26.6,17.744999999999997,40.6,58.0,4.5,3.2,35.0,CENTRO,17
2024-01-21 18:00:00,2.3,10.0,16.6,27.9,17.0,44.7,74.0,4.7,5.6,94.0,CENTRO,18
2024-01-21 19:00:00,2.26,9.0,17.5,27.9,16.525,45.5,72.0,4.8,4.3,99.0,CENTRO,19
2024-01-21 20:00:00,2.36,9.0,26.7,27.3,16.0,54.1,70.0,4.9,7.4,73.0,CENTRO,20
2024-01-21 21:00:00,2.25,9.0,22.1,21.7,16.31,44.1,72.0,4.8,6.6,61.0,CENTRO,21
2024-01-21 22:00:00,2.17,9.090909090909092,14.8,22.6,16.29,37.7,40.0,4.5,4.8,345.0,CENTRO,22
2024-01-21 23:00:00,2.39,9.181818181818182,24.9,22.3,16.08,47.4,47.0,5.2,4.2,83.0,CENTRO,23
2024-01-22 00:00:00,2.4,9.272727272727273,30.1,20.9,16.0,51.2,57.0,5.4,3.0,146.0,CENTRO,0
2024-01-22 01:00:00,2.45,9.363636363636363,34.0,19.6,16.0,53.8,69.0,5.3,2.6,278.0,CENTRO,1
2024-01-22 02:00:00,2.36,18.0,27.0,22.8,16.54,49.9,63.0,4.9,5.7,221.0,CENTRO,2
2024-01-22 03:00:00,2.32,17.0,24.8,21.2,16.8,46.2,61.0,4.8,3.7,261.0,CENTRO,3
2024-01-22 04:00:00,2.29,9.636363636363637,23.3,22.4,17.91,45.9,59.0,4.7,5.0,249.0,CENTRO,4
2024-01-22 05:00:00,2.3,9.727272727272727,22.7,22.3,18.58,45.2,61.0,4.6,4.0,221.0,CENTRO,5
2024-01-22 06:00:00,2.44,9.818181818181818,29.0,21.1,19.46,50.3,89.0,4.8,3.5,159.0,CENTRO,6
2024-01-22 07:00:00,2.48,9.909090909090908,35.9,21.9,20.869999999999997,58.1,84.0,4.6,7.2,181.0,CENTRO,7
2024-01-22 08:00:00,2.31,10.0,23.2,23.3,22.875,46.6,64.0,4.5,8.6,50.0,CENTRO,8
2024-01-22 09:00:00,3.11,10.0,78.7,25.7,24.189999999999998,104.7,45.0,6.3,4.9,61.0,CENTRO,9
2024-01-22 10:00:00,3.43,11.0,101.4,28.6,24.855,130.3,69.0,6.4,4.2,37.0,CENTRO,10
2024-01-22 11:00:00,3.58,13.0,95.2,44.5,27.284999999999997,140.0,84.0,6.3,5.6,15.0,CENTRO,11
2024-01-22 12:00:00,3.1,21.0,43.8,46.1,27.89,90.2,88.0,5.2,5.5,357.0,CENTRO,12
2024-01-22 13:00:00,2.74,28.0,26.2,42.6,25.137999999999998,69.0,85.0,4.9,4.5,354.0,CENTRO,13
2024-01-22 14:00:00,3.24,31.0,30.9,68.2,21.83,99.2,73.0,6.1,6.0,60.0,CENTRO,14
2024-01-22 15:00:00,3.1,35.0,24.2,67.4,20.25,91.8,143.0,7.7,8.5,69.0,CENTRO,15
2024-01-22 16:00:00,2.54,41.0,8.7,38.1,19.0,47.0,154.0,6.2,6.5,73.0,CENTRO,16
2024-01-22 17:00:00,2.57,35.0,7.7,41.0,17.744999999999997,48.9,105.0,6.8,5.8,61.0,CENTRO,17
2024-01-22 18:00:00,2.75,21.0,15.2,57.4,17.0,72.7,102.0,11.0,6.7,36.0,CENTRO,18
2024-01-22 19:00:00,3.27,10.0,23.5,60.2,16.525,83.9,136.0,10.4,2.6,37.0,CENTRO,19
2024-01-22 20:00:00,3.09,9.0,23.0,49.9,88.8292,73.1,134.0,8.0,3.4,278.0,CENTRO,20
2024-01-22 21:00:00,3.03,9.0,32.7,51.4,89.6194,84.3,121.0,8.5,3.6,158.0,CENTRO,21
2024-01-22 22:00:00,3.03,9.0,36.7,44.2,90.4096,81.1,125.0,7.3,2.7,254.0,CENTRO,22
2024-01-22 23:00:00,3.03,9.1,40.7,41.2,91.1998,82.2,111.0,6.5,2.0,278.0,CENTRO,23
2024-01-23 00:00:00,3.11,9.2,43.3,45.1,91.99,88.7,103.0,6.9,4.0,230.0,CENTRO,0
2024-01-23 01:00:00,3.0,9.3,37.0,37.3,105.04,74.6,143.0,6.6,2.0,198.0,CENTRO,1
2024-01-23 02:00:00,2.9,9.4,35.4,35.1,99.405,70.7,122.0,6.1,2.0,264.0,CENTRO,2
2024-01-23 03:00:00,2.72,17.0,23.6,33.1,93.77,56.8,124.0,5.5,2.6,202.0,CENTRO,3
2024-01-23 04:00:00,2.79,9.6,34.3,30.0,87.16,64.4,99.0,5.9,2.7,274.0,CENTRO,4
2024-01-23 05:00:00,2.74,9.7,37.4,26.0,88.55333333333333,63.5,115.0,5.8,2.5,217.0,CENTRO,5
2024-01-23 06:00:00,2.67,9.8,30.4,27.7,89.94666666666667,58.3,114.0,5.4,2.2,259.0,CENTRO,6
2024-01-23 07:00:00,2.99,9.9,44.7,22.6,91.34,67.6,108.0,5.4,2.5,204.0,CENTRO,7
2024-01-23 08:00:00,3.3,10.0,84.3,25.8,89.85,110.3,101.0,6.2,2.6,253.0,CENTRO,8
2024-01-23 09:00:00,3.76,10.0,124.4,31.3,86.425,156.1,139.0,7.0,2.6,232.0,CENTRO,9
2024-01-23 10:00:00,3.83,10.0,106.4,40.3,83.0,147.1,186.0,7.7,3.2,181.0,CENTRO,10
2024-01-23 11:00:00,3.8,12.0,81.3,48.3,81.24,129.9,168.0,7.8,2.9,330.0,CENTRO,11
2024-01-23 12:00:00,3.73,17.0,51.4,54.3,75.86,105.9,154.0,8.5,4.1,32.0,CENTRO,12
2024-01-23 13:00:00,3.36,22.0,37.9,61.2,83.62,99.3,140.0,10.5,4.6,25.0,CENTRO,13
2024-01-23 14:00:00,2.97,28.0,26.7,58.1,66.54,85.0,140.0,10.8,7.5,70.0,CENTRO,14
2024-01-23 15:00:00,2.58,33.0,20.3,48.6,54.37,69.1,158.0,10.8,7.7,56.0,CENTRO,15
2024-01-23 16:00:00,2.37,33.0,11.7,38.4,52.48,50.3,141.0,11.3,8.3,76.0,CENTRO,16
2024-01-23 17:00:00,2.44,42.0,6.4,35.1,45.08,41.7,114.0,12.9,7.6,67.0,CENTRO,17
2024-01-23 18:00:00,2.33,40.0,5.0,29.2,37.21,34.4,121.0,17.3,8.1,66.0,CENTRO,18
2024-01-23 19:00:00,2.37,21.0,5.6,34.1,24.31,39.9,98.0,12.9,7.2,27.0,CENTRO,19
2024-01-23 20:00:00,2.31,11.0,9.8,27.3,23.23,37.3,88.0,9.3,8.2,47.0,CENTRO,20
2024-01-23 21:00:00,2.19,9.0,15.7,26.6,23.18,42.5,63.0,6.8,7.0,77.0,CENTRO,21
2024-01-23 22:00:00,2.19,10.0,11.9,25.9,24.72,38.0,59.0,6.3,6.3,97.0,CENTRO,22
2024-01-23 23:00:00,2.14,9.0,10.5,25.9,20.16,36.6,65.0,6.0,4.3,161.0,CENTRO,23
2024-01-24 00:00:00,2.01,17.0,4.5,18.6,20.16,23.3,57.0,5.5,3.3,204.0,CENTRO,0
2024-01-24 01:00:00,1.94,19.0,3.7,15.1,18.23,19.0,49.0,5.0,2.9,223.0,CENTRO,1
2024-01-24 02:00:00,2.08,13.0,6.1,20.0,21.77,26.3,46.0,4.9,3.2,267.0,CENTRO,2
2024-01-24 03:00:00,2.18,9.0,11.3,24.2,25.18,35.7,52.0,4.9,2.8,252.0,CENTRO,3
2024-01-24 04:00:00,2.19,9.0,12.5,22.5,24.76,35.2,57.0,4.7,2.2,162.0,CENTRO,4
2024-01-24 05:00:00,2.19,9.0,14.0,19.9,28.29,34.2,58.0,4.5,2.0,327.0,CENTRO,5
2024-01-24 06:00:00,2.21,9.25,16.9,20.8,29.55,38.0,58.0,4.5,2.2,117.0,CENTRO,6
2024-01-24 07:00:00,2.53,9.5,39.7,20.1,33.13,60.1,76.0,4.9,2.6,274.0,CENTRO,7
2024-01-24 08:00:00,2.75,9.75,60.4,24.0,32.45,84.6,83.0,5.7,5.0,53.0,CENTRO,8
2024-01-24 09:00:00,2.6,10.0,48.0,25.2,31.89,73.4,107.0,5.6,5.7,88.0,CENTRO,9
2024-01-24 10:00:00,2.65,11.0,51.2,28.2,26.29,79.7,95.0,5.9,4.2,89.0,CENTRO,10
2024-01-24 11:00:00,2.41,14.0,28.2,26.9,24.58,55.3,106.0,5.7,5.0,82.0,CENTRO,11
2024-01-24 12:00:00,2.19,21.0,19.9,26.0,30.51,46.1,82.0,5.6,6.6,43.0,CENTRO,12
2024-01-24 13:00:00,2.34,27.0,14.8,24.7,30.65,39.7,75.0,5.3,5.0,351.0,CENTRO,13
2024-01-24 14:00:00,2.39,29.0,12.2,26.1,23.56,38.5,81.0,5.1,6.4,54.0,CENTRO,14
2024-01-24 15:00:00,2.11,28.0,9.0,20.2,21.82,29.5,71.0,5.1,9.4,72.0,CENTRO,15
2024-01-24 16:00:00,2.06,25.0,8.5,22.1,20.17,30.8,67.0,5.0,9.2,39.0,CENTRO,16
2024-01-24 17:00:00,2.1,18.0,9.9,22.5,21.61,32.6,68.0,4.9,10.4,3.0,CENTRO,17
2024-01-24 18:00:00,2.19,15.0,10.5,25.2,19.99,35.8,64.0,4.6,8.9,34.0,CENTRO,18
2024-01-24 19:00:00,2.29,16.0,8.6,21.9,19.68,30.7,65.0,4.4,9.6,32.0,CENTRO,19
2024-01-24 20:00:00,2.26,15.0,6.0,19.8,24.57,26.1,54.0,4.2,9.0,33.0,CENTRO,20
2024-01-24 21:00:00,2.38,13.0,5.6,20.4,24.97,26.3,55.0,4.4,6.2,40.0,CENTRO,21
2024-01-24 22:00:00,2.22,10.0,9.9,22.6,23.11,32.7,60.0,4.5,5.9,129.0,CENTRO,22
2024-01-24 23:00:00,2.2,11.0,9.1,23.4,20.0,32.8,56.0,4.5,5.9,107.0,CENTRO,23
2024-01-25 00:00:00,2.13,13.0,5.4,20.5,21.69,26.2,47.0,4.7,5.2,119.0,CENTRO,0
2024-01-25 01:00:00,1.98,14.0,4.4,17.5,17.24,22.1,52.0,4.5,6.8,102.0,CENTRO,1
2024-01-25 02:00:00,2.08,20.0,3.4,11.7,12.47,15.3,44.0,4.1,7.2,33.0,CENTRO,2
2024-01-25 03:00:00,1.89,21.0,3.8,12.4,6.76,16.4,41.0,4.1,7.2,82.0,CENTRO,3
2024-01-25 04:00:00,1.92,12.0,4.2,19.4,10.52,23.8,27.0,4.2,3.9,160.0,CENTRO,4
2024-01-25 05:00:00,1.86,17.0,3.0,12.1,7.41,15.3,27.0,3.8,3.1,167.0,CENTRO,5
2024-01-25 06:00:00,1.9,14.0,3.6,12.3,6.56,16.1,24.0,3.8,2.1,134.0,CENTRO,6
2024-01-25 07:00:00,2.33,9.0,30.2,16.9,7.38,47.5,26.0,4.0,1.7,110.0,CENTRO,7
2024-01-25 08:00:00,2.48,9.0,44.2,18.3,6.52,62.8,28.0,4.4,1.8,136.0,CENTRO,8
2024-01-25 09:00:00,2.51,12.0,38.4,21.0,10.42,59.7,30.0,4.4,7.2,82.0,CENTRO,9
2024-01-25 10:00:00,2.39,14.0,41.3,24.5,23.14,66.0,52.0,4.8,6.0,52.0,CENTRO,10
2024-01-25 11:00:00,2.33,22.0,27.2,26.1,21.8,53.4,79.0,4.8,7.3,33.0,CENTRO,11
2024-01-25 12:00:00,2.04,28.0,20.5,25.2,19.14,46.0,65.0,7.2,10.0,29.0,CENTRO,12
2024-01-25 13:00:00,1.96,40.0,10.6,17.2,11.62,28.1,59.0,11.5,11.5,37.0,CENTRO,13
2024-01-25 14:00:00,1.91,45.0,5.7,10.9,7.36,16.8,51.0,6.3,12.4,53.0,CENTRO,14
2024-01-25 15:00:00,1.88,45.0,5.1,9.1,6.76,14.5,39.0,5.3,15.5,69.0,CENTRO,15
2024-01-25 16:00:00,1.87,42.0,4.9,8.7,5.94,13.9,33.0,4.7,14.1,96.0,CENTRO,16
2024-01-25 17:00:00,1.86,41.0,4.2,8.4,5.69,12.8,36.0,4.2,13.5,112.0,CENTRO,17
2024-01-25 18:00:00,1.89,36.0,4.5,10.9,5.82,15.6,39.0,3.9,13.4,122.0,CENTRO,18
2024-01-25 19:00:00,1.98,28.0,5.1,16.2,6.54,21.5,36.0,3.9,10.8,114.0,CENTRO,19
2024-01-25 20:00:00,1.93,27.0,5.9,14.5,6.95,20.7,36.0,3.7,11.9,117.0,CENTRO,20
2024-01-25 21:00:00,1.88,29.0,4.9,11.7,6.85,16.9,34.0,3.5,9.6,116.0,CENTRO,21
2024-01-25 22:00:00,1.88,30.0,2.9,8.6,7.59,11.8,30.0,3.5,10.7,73.0,CENTRO,22
2024-01-25 23:00:00,1.95,22.0,3.1,13.6,9.54,16.9,34.0,3.5,5.0,103.0,CENTRO,23
2024-01-26 00:00:00,1.92,22.0,3.1,12.8,8.77,16.0,38.0,3.5,4.4,98.0,CENTRO,0
2024-01-26 01:00:00,1.89,27.0,2.7,8.4,7.98,11.4,27.0,3.4,4.8,88.0,CENTRO,1
2024-01-26 02:00:00,1.82,32.0,2.5,4.7,6.63,7.4,32.0,3.4,6.1,97.0,CENTRO,2
2024-01-26 03:00:00,1.81,36.0,2.5,4.3,5.69,7.0,22.0,3.3,6.6,107.0,CENTRO,3
2024-01-26 04:00:00,1.8,39.0,2.5,3.8,5.58,6.5,26.0,3.4,7.1,107.0,CENTRO,4
2024-01-26 05:00:00,1.81,34.0,2.3,5.1,6.03,7.6,25.0,3.3,3.8,108.0,CENTRO,5
2024-01-26 06:00:00,1.86,31.0,2.4,9.9,7.32,12.5,25.0,3.3,4.8,52.0,CENTRO,6
2024-01-26 07:00:00,2.07,14.0,9.9,24.2,13.0,34.2,31.0,3.6,2.5,360.0,CENTRO,7
2024-01-26 08:00:00,2.26,10.0,21.9,27.7,20.09,49.7,50.0,4.3,2.2,306.0,CENTRO,8
2024-01-26 09:00:00,2.25,13.0,23.8,25.2,19.74,49.1,77.0,4.1,3.6,166.0,CENTRO,9
2024-01-26 10:00:00,1.94,28.0,8.1,13.0,18.79,21.3,64.0,3.8,4.3,34.0,CENTRO,10
2024-01-26 11:00:00,2.05,30.0,12.4,19.0,22.69,31.6,47.0,4.1,5.3,74.0,CENTRO,11
2024-01-26 12:00:00,2.27,32.0,18.9,30.6,36.92,49.7,56.0,4.8,6.5,29.0,CENTRO,12
2024-01-26 13:00:00,2.34,34.0,20.8,38.7,42.55,59.8,82.0,7.0,7.2,56.0,CENTRO,13
2024-01-26 14:00:00,2.34,44.0,13.5,37.6,44.21,51.3,93.0,8.5,6.7,61.0,CENTRO,14
2024-01-26 15:00:00,2.33,60.0,8.9,34.2,39.47,43.2,93.0,7.4,6.4,72.0,CENTRO,15
2024-01-26 16:00:00,2.32,73.0,6.3,30.3,33.47,36.8,87.0,5.8,6.8,77.0,CENTRO,16
2024-01-26 17:00:00,2.25,76.0,4.9,26.7,31.27,31.8,83.0,5.2,8.6,60.0,CENTRO,17
2024-01-26 18:00:00,2.26,64.0,4.1,29.4,27.14,33.8,92.0,4.9,7.4,72.0,CENTRO,18
2024-01-26 19:00:00,2.31,44.0,3.8,32.8,26.33,36.8,93.0,4.8,9.3,67.0,CENTRO,19
2024-01-26 20:00:00,2.28,22.0,4.3,28.8,21.69,33.3,85.0,4.5,5.9,68.0,CENTRO,20
2024-01-26 21:00:00,2.37,19.0,4.9,30.9,22.43,36.0,67.0,4.3,5.0,30.0,CENTRO,21
2024-01-26 22:00:00,2.12,18.0,6.9,27.4,21.08,34.6,70.0,6.0,9.9,37.0,CENTRO,22
2024-01-26 23:00:00,2.21,16.0,8.3,27.6,21.27,36.1,63.0,6.7,9.7,7.0,CENTRO,23
2024-01-27 00:00:00,2.14,32.0,4.2,11.5,11.68,15.8,70.0,5.2,9.6,353.0,CENTRO,0
2024-01-27 01:00:00,1.95,40.0,3.0,6.4,9.38,9.6,47.0,4.4,11.7,357.0,CENTRO,1
2024-01-27 02:00:00,1.98,40.0,2.7,8.0,8.99,10.9,36.0,4.3,5.9,37.0,CENTRO,2
2024-01-27 03:00:00,1.91,37.0,2.7,9.9,9.15,12.7,36.0,4.4,5.9,120.0,CENTRO,3
2024-01-27 04:00:00,1.98,42.0,2.6,7.3,8.24,10.1,33.0,5.1,4.5,37.0,CENTRO,4
2024-01-27 05:00:00,1.78,44.0,2.5,6.9,6.61,9.6,30.0,4.7,7.7,34.0,CENTRO,5
2024-01-27 06:00:00,1.73,38.0,2.5,12.5,7.16,15.2,32.0,4.4,7.8,33.0,CENTRO,6
2024-01-27 07:00:00,1.78,38.0,2.7,11.4,6.02,14.3,54.0,4.0,4.9,25.0,CENTRO,7
2024-01-27 08:00:00,1.96,39.0,3.0,11.4,5.63,14.6,37.0,4.4,7.2,360.0,CENTRO,8
2024-01-27 09:00:00,1.77,35.0,4.2,13.6,6.38,18.0,35.0,4.1,10.4,37.0,CENTRO,9
2024-01-27 10:00:00,1.77,34.0,6.0,13.7,7.54,19.8,53.0,4.0,8.6,34.0,CENTRO,10
2024-01-27 11:00:00,1.81,35.0,6.9,12.9,9.21,20.0,56.0,4.0,10.7,38.0,CENTRO,11
2024-01-27 12:00:00,1.84,39.0,6.7,11.3,9.95,18.2,66.0,4.1,8.1,50.0,CENTRO,12
2024-01-27 13:00:00,1.87,46.0,5.7,11.3,10.6,17.3,55.0,4.4,5.1,2.0,CENTRO,13
2024-01-27 14:00:00,1.85,55.0,4.9,10.7,10.01,15.8,51.0,4.1,4.8,319.0,CENTRO,14
2024-01-27 15:00:00,1.89,62.0,4.6,11.6,11.33,16.4,44.0,4.2,6.5,355.0,CENTRO,15
2024-01-27 16:00:00,1.93,55.0,5.8,18.6,14.39,24.6,45.0,5.7,8.1,39.0,CENTRO,16
2024-01-27 17:00:00,1.81,51.0,4.4,13.4,9.66,18.0,58.0,4.2,10.0,40.0,CENTRO,17
2024-01-27 18:00:00,1.8,39.0,4.6,15.5,7.61,20.4,46.0,4.5,11.2,24.0,CENTRO,18
2024-01-27 19:00:00,1.79,34.0,3.5,14.5,7.87,18.2,40.0,5.3,10.5,13.0,CENTRO,19
2024-01-27 20:00:00,1.85,29.0,3.3,18.8,10.5,22.3,41.0,5.1,9.0,51.0,CENTRO,20
2024-01-27 21:00:00,1.83,25.0,3.7,21.0,11.59,24.8,46.0,5.5,7.8,49.0,CENTRO,21
2024-01-27 22:00:00,1.81,29.0,3.4,17.5,10.33,21.1,45.0,5.2,7.5,56.0,CENTRO,22
2024-01-27 23:00:00,1.84,30.0,3.1,16.9,10.31,20.1,38.0,4.6,5.4,63.0,CENTRO,23
2024-01-28 00:00:00,1.79,36.0,2.9,11.2,8.35,14.3,35.0,4.9,3.2,300.0,CENTRO,0
2024-01-28 01:00:00,1.88,37.0,2.8,8.9,7.22,12.0,32.0,4.8,3.3,246.0,CENTRO,1
2024-01-28 02:00:00,1.76,36.0,2.7,9.4,6.06,12.3,25.0,4.2,3.0,299.0,CENTRO,2
2024-01-28 03:00:00,1.72,39.0,2.7,8.0,5.91,11.0,25.0,3.9,4.9,310.0,CENTRO,3
2024-01-28 04:00:00,1.72,36.0,2.6,8.3,5.54,11.2,27.0,3.8,3.0,257.0,CENTRO,4
2024-01-28 05:00:00,1.72,34.0,2.6,9.4,5.81,12.2,28.0,4.2,3.3,222.0,CENTRO,5
2024-01-28 06:00:00,1.74,28.0,2.8,11.3,5.75,14.3,24.0,4.0,2.1,288.0,CENTRO,6
2024-01-28 07:00:00,1.86,21.0,2.9,17.6,15.17,20.7,25.0,4.2,2.4,170.0,CENTRO,7
2024-01-28 08:00:00,1.98,14.0,5.4,24.9,13.3,30.5,36.0,4.5,3.0,129.0,CENTRO,8
2024-01-28 09:00:00,2.04,23.0,7.6,20.2,11.47,28.1,38.0,4.7,2.4,182.0,CENTRO,9
2024-01-28 10:00:00,2.31,38.0,8.1,16.7,13.82,25.0,37.0,5.5,5.8,35.0,CENTRO,10
2024-01-28 11:00:00,1.92,40.0,8.2,15.0,11.26,23.4,43.0,5.3,8.7,26.0,CENTRO,11
2024-01-28 12:00:00,1.83,48.0,6.5,13.5,13.65,20.3,45.0,5.4,10.5,55.0,CENTRO,12
2024-01-28 13:00:00,1.81,59.0,4.3,9.6,12.82,14.1,48.0,5.2,10.4,66.0,CENTRO,13
2024-01-28 14:00:00,1.8,66.0,3.8,8.8,12.23,12.9,38.0,5.5,11.4,44.0,CENTRO,14
2024-01-28 15:00:00,1.8,67.0,3.4,8.4,11.54,12.0,39.0,6.0,12.1,53.0,CENTRO,15
2024-01-28 16:00:00,1.77,60.0,3.3,7.7,9.67,11.2,41.0,5.1,13.5,58.0,CENTRO,16
2024-01-28 17:00:00,1.76,57.0,3.0,7.2,9.72,10.4,36.0,4.6,12.5,67.0,CENTRO,17
2024-01-28 18:00:00,1.77,53.0,2.8,7.9,9.61,10.9,36.0,4.3,12.5,75.0,CENTRO,18
2024-01-28 19:00:00,1.82,47.0,2.6,10.7,13.03,13.5,36.0,4.0,8.8,111.0,CENTRO,19
2024-01-28 20:00:00,1.81,44.0,2.6,10.4,12.1,13.2,31.0,3.8,8.9,109.0,CENTRO,20
2024-01-28 21:00:00,1.79,42.0,2.55,9.6,9.64,12.5,36.0,3.7,9.2,112.0,CENTRO,21
2024-01-28 22:00:00,1.74,43.0,2.5,7.5,6.33,10.3,33.0,3.5,11.1,111.0,CENTRO,22
2024-01-28 23:00:00,1.73,43.0,2.5,7.3,6.06,10.0,20.0,3.4,8.3,98.0,CENTRO,23
2024-01-29 00:00:00,1.71,44.0,2.4,6.0,5.73,8.7,25.0,3.3,8.0,103.0,CENTRO,0
2024-01-29 01:00:00,1.74,41.0,2.4,8.2,6.99,10.8,27.0,3.7,7.4,77.0,CENTRO,1
2024-01-29 02:00:00,1.8,25.0,2.8,21.3,12.05,24.3,32.0,6.9,6.6,331.0,CENTRO,2
2024-01-29 03:00:00,1.82,29.0,2.5,16.8,9.88,19.4,47.0,5.5,5.6,297.0,CENTRO,3
2024-01-29 04:00:00,1.78,34.0,2.5,14.5,7.24,17.1,50.0,5.3,6.3,312.0,CENTRO,4
2024-01-29 05:00:00,1.79,32.0,3.0500000000000003,12.5,8.17,15.2,38.0,4.2,4.8,7.0,CENTRO,5
2024-01-29 06:00:00,1.82,17.0,3.6,26.1,13.17,29.8,32.0,4.2,3.1,344.0,CENTRO,6
2024-01-29 07:00:00,1.95,13.0,9.1,30.0,14.16,39.4,46.0,4.3,2.6,324.0,CENTRO,7
2024-01-29 08:00:00,2.28,10.0,36.7,34.6,17.69,71.5,56.0,5.4,2.9,351.0,CENTRO,8
2024-01-29 09:00:00,2.69,13.0,55.5,35.7,22.08,91.5,77.0,6.2,3.5,12.0,CENTRO,9
2024-01-29 10:00:00,2.71,21.0,35.4,35.1,24.18,70.8,72.0,7.8,4.1,37.0,CENTRO,10
2024-01-29 11:00:00,2.79,25.0,33.4,40.0,27.47,73.6,79.0,11.6,5.9,9.0,CENTRO,11
2024-01-29 12:00:00,2.29,28.0,28.8,36.9,27.46,65.9,95.0,14.7,8.5,34.0,CENTRO,12
2024-01-29 13:00:00,2.02,43.0,13.4,26.4,24.25,40.0,98.0,9.5,7.8,52.0,CENTRO,13
2024-01-29 14:00:00,1.87,55.0,6.4,15.5,13.71,22.1,70.0,5.9,9.2,39.0,CENTRO,14
2024-01-29 15:00:00,1.84,58.0,5.4,12.7,10.59,18.3,50.0,5.2,10.1,32.0,CENTRO,15
2024-01-29 16:00:00,1.84,56.0,5.2,12.8,9.66,18.2,42.0,4.9,10.6,38.0,CENTRO,16
2024-01-29 17:00:00,1.87,52.0,4.6,13.6,8.56,18.4,47.0,4.2,11.6,59.0,CENTRO,17
2024-01-29 18:00:00,1.89,43.0,4.1,16.2,8.02,20.5,46.0,3.9,11.3,66.0,CENTRO,18
2024-01-29 19:00:00,1.88,43.0,3.4,14.9,7.7,18.5,40.0,3.8,9.3,92.0,CENTRO,19
2024-01-29 20:00:00,1.825,42.5,3.25,13.200000000000001,7.08,16.650000000000002,36.0,3.65,9.05,96.0,CENTRO,20
2024-01-29 21:00:00,1.77,42.0,3.1,11.5,6.46,14.8,32.0,3.5,8.8,100.0,CENTRO,21
2024-01-29 22:00:00,1.75,43.0,3.0,9.4,6.64,12.6,27.0,3.6,8.8,110.0,CENTRO,22
2024-01-29 23:00:00,1.72,42.0,3.8,10.6,6.55,14.6,30.0,3.7,9.8,121.0,CENTRO,23
2024-01-30 00:00:00,1.71,43.0,3.1,9.3,5.69,12.7,34.0,3.5,7.5,121.0,CENTRO,0
2024-01-30 01:00:00,1.78,28.0,2.7,19.4,9.45,22.3,30.0,4.4,3.2,203.5,CENTRO,1
2024-01-30 02:00:00,1.79,16.0,4.0,28.3,11.81,32.5,35.0,5.9,2.7,286.0,CENTRO,2
2024-01-30 03:00:00,1.8,23.0,3.3,22.7,12.16,26.2,43.0,5.2,4.6,357.0,CENTRO,3
2024-01-30 04:00:00,1.78,14.0,5.0,30.2,16.59,35.4,47.0,8.9,5.5,34.0,CENTRO,4
2024-01-30 05:00:00,1.84,19.0,3.1,24.7,15.95,28.0,61.0,6.3,4.0,26.0,CENTRO,5
2024-01-30 06:00:00,2.03,17.0,3.3,25.3,14.35,28.8,57.0,5.5,2.9,26.0,CENTRO,6
2024-01-30 07:00:00,2.01,11.0,9.2,29.9,12.52,39.3,51.0,4.9,3.2,20.0,CENTRO,7
2024-01-30 08:00:00,2.14,10.0,28.1,31.8,15.08,60.2,51.0,4.6,2.7,332.0,CENTRO,8
2024-01-30 09:00:00,2.45,12.0,44.7,33.5,18.55,78.5,89.0,5.0,3.1,11.0,CENTRO,9
2024-01-30 10:00:00,2.54,16.0,47.3,36.3,23.98,84.0,73.0,6.2,4.3,356.0,CENTRO,10
2024-01-30 11:00:00,2.95,20.0,55.2,49.0,43.05,104.5,89.0,14.5,4.3,2.0,CENTRO,11
2024-01-30 12:00:00,3.02,29.0,26.9,45.9,41.83,72.9,122.0,14.2,5.8,345.0,CENTRO,12
2024-01-30 13:00:00,2.38,32.0,19.8,37.7,28.99,57.7,108.0,11.3,5.9,26.0,CENTRO,13
2024-01-30 14:00:00,2.21,29.0,23.7,42.6,34.6,66.6,97.0,16.0,6.8,50.0,CENTRO,14
2024-01-30 15:00:00,2.06,38.0,14.5,34.0,26.02,48.7,98.0,14.1,7.4,54.0,CENTRO,15
2024-01-30 16:00:00,2.01,46.0,9.3,27.7,22.17,37.2,83.0,10.9,8.6,50.0,CENTRO,16
2024-01-30 17:00:00,2.05,56.0,5.7,22.8,18.89,28.8,76.0,11.5,9.4,59.0,CENTRO,17
2024-01-30 18:00:00,2.05,52.0,4.5,24.5,18.66,29.2,73.0,19.9,11.1,63.0,CENTRO,18
2024-01-30 19:00:00,2.06,43.0,4.1,22.7,14.84,27.0,73.0,8.9,8.9,90.0,CENTRO,19
2024-01-30 20:00:00,2.1,39.0,3.6,25.2,15.17,28.9,54.0,6.3,5.7,78.0,CENTRO,20
2024-01-30 21:00:00,1.96,46.0,3.4,16.9,13.87,20.5,57.0,5.1,6.6,97.0,CENTRO,21
2024-01-30 22:00:00,1.95,38.0,3.4,17.6,13.27,21.2,50.0,4.6,4.4,68.0,CENTRO,22
2024-01-30 23:00:00,1.89,38.0,7.499999999999999,14.1,11.18,17.6,44.0,4.3,5.8,49.0,CENTRO,23
2024-01-31 00:00:00,2.09,20.0,11.6,29.2,16.35,41.1,35.0,5.1,3.9,333.0,CENTRO,0
2024-01-31 01:00:00,2.37,10.0,27.1,38.0,24.51,65.3,60.0,5.5,3.4,248.0,CENTRO,1
2024-01-31 02:00:00,2.34,10.0,22.4,36.5,23.28,59.1,79.0,5.2,2.5,274.0,CENTRO,2
2024-01-31 03:00:00,2.26,10.0,19.5,36.1,26.95,55.8,72.0,5.3,2.9,237.0,CENTRO,3
2024-01-31 04:00:00,2.17,10.166666666666666,12.4,34.3,29.68,46.9,77.0,5.9,1.9,283.0,CENTRO,4
2024-01-31 05:00:00,2.14,10.333333333333334,13.6,32.1,33.56,45.9,80.0,6.1,1.8,282.0,CENTRO,5
2024-01-31 06:00:00,2.15,10.5,26.0,30.8,28.2,56.9,86.0,5.6,1.8,282.0,CENTRO,6
2024-01-31 07:00:00,2.32,10.666666666666666,42.2,29.8,26.49,72.3,78.0,5.2,2.3,217.0,CENTRO,7
2024-01-31 08:00:00,2.63,10.833333333333334,51.2,29.3,34.03,80.7,77.0,6.4,2.0,243.0,CENTRO,8
2024-01-31 09:00:00,2.88,11.0,73.0,35.6,39.5,108.9,102.0,7.9,2.0,227.0,CENTRO,9
2024-01-31 10:00:00,2.75,16.0,53.6,43.0,45.47,96.8,115.0,8.9,3.5,22.0,CENTRO,10
2024-01-31 11:00:00,2.57,18.0,51.2,47.6,49.87,99.1,107.0,11.2,6.0,31.0,CENTRO,11
2024-01-31 12:00:00,2.18,26.0,26.9,35.9,37.95,63.0,125.0,20.1,8.6,33.0,CENTRO,12
2024-01-31 13:00:00,2.21,41.0,15.2,30.3,39.94,45.7,102.0,12.9,10.4,37.0,CENTRO,13
2024-01-31 14:00:00,2.01,50.0,6.9,14.0,22.26,21.2,88.0,9.4,12.3,52.0,CENTRO,14
2024-01-31 15:00:00,1.93,51.0,5.4,10.4,19.55,16.0,70.0,7.1,13.1,68.0,CENTRO,15
2024-01-31 16:00:00,1.9,51.0,4.9,9.6,23.12,14.7,56.0,6.5,12.9,100.0,CENTRO,16
2024-01-31 17:00:00,1.94,45.0,5.1,11.7,22.68,16.8,58.0,5.5,13.7,115.0,CENTRO,17
2024-01-31 18:00:00,1.95,42.0,4.0,11.5,20.22,15.7,60.0,5.0,12.2,107.0,CENTRO,18
2024-01-31 19:00:00,1.96,39.0,3.5,11.9,17.87,15.6,50.0,4.5,11.6,96.0,CENTRO,19
2024-01-31 20:00:00,1.97,36.0,3.2,13.2,15.77,16.6,47.0,4.4,9.2,86.0,CENTRO,20
2024-01-31 21:00:00,1.93,36.0,3.0,11.6,16.36,14.8,48.0,4.1,5.8,114.0,CENTRO,21
2024-01-31 22:00:00,1.94,35.0,3.0,13.6,18.34,16.7,42.0,4.1,7.7,41.0,CENTRO,22
2024-01-31 23:00:00,1.93,33.0,3.0,13.1,18.04,16.3,44.0,4.0,8.3,58.0,CENTRO,23
2024-02-01 00:00:00,1.9249999999999998,29.0,3.0,15.65,16.435,18.849999999999998,42.5,4.05,7.2,46.0,CENTRO,0
2024-02-01 01:00:00,1.92,25.0,3.0,18.2,14.83,21.4,41.0,4.1,6.1,34.0,CENTRO,1
2024-02-01 02:00:00,1.89,34.0,2.9,8.6,16.50625,11.7,52.0,4.1,4.4,51.0,CENTRO,2
2024-02-01 03:00:00,1.88,30.0,2.8,10.2,18.1825,13.3,37.0,3.9,4.7,85.0,CENTRO,3
2024-02-01 04:00:00,1.88,29.0,2.9,10.0,19.85875,13.1,34.0,3.8,6.4,63.0,CENTRO,4
2024-02-01 05:00:00,1.86,29.0,2.9,8.1,21.535,11.2,41.0,3.7,3.2,26.0,CENTRO,5
2024-02-01 06:00:00,1.92,19.0,3.7,15.8,23.21125,19.7,32.0,3.9,2.9,328.0,CENTRO,6
2024-02-01 07:00:00,2.09,10.0,10.4,26.4,24.8875,37.0,46.0,4.5,3.2,336.0,CENTRO,7
2024-02-01 08:00:00,2.31,10.0,23.3,28.1,26.56375,51.6,64.0,4.5,2.4,325.0,CENTRO,8
2024-02-01 09:00:00,2.48,11.0,29.5,28.0,28.24,57.6,65.0,4.6,2.6,10.0,CENTRO,9
2024-02-01 10:00:00,2.41,17.0,22.6,24.5,46.36,47.3,80.0,4.2,5.2,21.0,CENTRO,10
2024-02-01 11:00:00,2.67,22.0,29.7,33.3,57.68,63.2,94.0,4.4,4.8,3.0,CENTRO,11
2024-02-01 12:00:00,2.81,29.0,28.3,43.5,69.17,72.0,106.0,4.6,5.3,28.0,CENTRO,12
2024-02-01 13:00:00,2.97,40.0,22.3,48.9,79.29,71.5,120.0,6.0,6.7,21.0,CENTRO,13
2024-02-01 14:00:00,2.38,59.0,9.3,30.4,58.07,39.9,136.0,6.0,7.7,70.0,CENTRO,14
2024-02-01 15:00:00,2.17,66.0,6.1,19.3,39.71,25.6,101.0,5.0,8.3,64.0,CENTRO,15
2024-02-01 16:00:00,2.12,63.0,5.4,16.4,31.03,22.0,76.0,4.6,8.4,49.0,CENTRO,16
2024-02-01 17:00:00,2.05,55.0,4.7,12.5,23.13,17.4,70.0,4.3,9.2,83.0,CENTRO,17
2024-02-01 18:00:00,1.99,46.0,4.2,12.0,18.88,16.4,51.0,4.2,10.1,124.0,CENTRO,18
2024-02-01 19:00:00,2.07,38.0,3.9,16.5,18.9,20.6,49.0,4.0,7.7,103.0,CENTRO,19
2024-02-01 20:00:00,2.02,39.0,3.4,13.2,20.5,16.8,50.0,3.9,9.9,120.0,CENTRO,20
2024-02-01 21:00:00,1.97,39.0,2.9,10.7,19.61,13.8,47.0,3.8,8.7,108.0,CENTRO,21
2024-02-01 22:00:00,1.98,36.0,2.8,11.4,18.13,14.4,41.0,3.7,6.5,99.0,CENTRO,22
2024-02-01 23:00:00,2.05,25.0,2.9,17.9,20.7,21.0,40.0,3.9,3.7,55.0,CENTRO,23
2024-02-02 00:00:00,2.16,18.0,3.2,21.7,23.29,25.1,45.0,3.8,2.4,159.0,CENTRO,0
2024-02-02 01:00:00,2.33,10.0,11.4,30.3,33.68,41.9,49.0,4.3,2.1,269.0,CENTRO,1
2024-02-02 02:00:00,2.43,10.0,23.3,30.4,36.69,53.9,80.0,4.5,1.9,255.0,CENTRO,2
2024-02-02 03:00:00,2.31,9.0,16.3,29.5,36.68,46.0,83.0,4.2,1.8,272.0,CENTRO,3
2024-02-02 04:00:00,2.26,10.0,23.0,28.6,31.6,51.8,73.0,4.5,1.8,265.0,CENTRO,4
2024-02-02 05:00:00,2.2,10.0,16.1,27.7,37.3,44.0,73.0,4.3,1.8,257.0,CENTRO,5
2024-02-02 06:00:00,2.17,10.0,15.6,26.6,38.36,42.3,78.0,4.3,2.4,251.0,CENTRO,6
2024-02-02 07:00:00,2.41,10.666666666666666,41.7,27.8,41.46,69.7,81.0,4.7,2.7,244.0,CENTRO,7
2024-02-02 08:00:00,2.54,11.333333333333334,41.0,28.3,38.56,69.5,94.0,5.4,3.7,231.0,CENTRO,8
2024-02-02 09:00:00,2.8,12.0,57.8,31.5,39.44,89.6,91.0,7.4,3.9,192.0,CENTRO,9
2024-02-02 10:00:00,2.6,17.0,37.6,35.4,33.96,73.3,97.0,9.2,4.3,133.0,CENTRO,10
2024-02-02 11:00:00,2.55,28.0,25.8,36.2,33.39,62.3,87.0,7.6,5.0,64.0,CENTRO,11
2024-02-02 12:00:00,2.42,39.0,15.7,35.1,33.39,51.0,86.0,6.1,9.4,89.0,CENTRO,12
2024-02-02 13:00:00,2.64,62.0,12.3,44.1,47.28,56.6,83.0,6.3,8.1,57.0,CENTRO,13
2024-02-02 14:00:00,2.23,74.0,6.8,23.2,29.04,30.2,99.0,5.4,11.3,53.0,CENTRO,14
2024-02-02 15:00:00,2.14,81.0,5.6,19.1,23.47,24.9,71.0,5.3,11.3,50.0,CENTRO,15
2024-02-02 16:00:00,2.01,70.0,5.1,15.0,18.13,20.3,74.0,4.6,13.3,69.0,CENTRO,16
2024-02-02 17:00:00,1.95,67.0,4.4,13.0,14.67,17.7,60.0,4.2,12.1,108.0,CENTRO,17
2024-02-02 18:00:00,1.98,67.0,3.7,14.0,16.35,17.8,47.0,4.3,11.8,124.0,CENTRO,18
2024-02-02 19:00:00,1.98,61.0,3.5,13.9,17.14,17.5,52.0,4.2,11.1,122.0,CENTRO,19
2024-02-02 20:00:00,2.03,43.0,3.5,18.0,18.04,21.7,49.0,4.2,8.5,68.0,CENTRO,20
2024-02-02 21:00:00,2.33,15.0,12.3,36.7,24.16,49.3,47.0,5.8,5.6,33.0,CENTRO,21
2024-02-02 22:00:00,2.43,12.0,11.8,36.9,28.08,48.9,74.0,7.2,6.1,356.0,CENTRO,22
2024-02-02 23:00:00,2.49,10.0,12.5,36.5,28.47,49.2,82.0,5.7,5.3,24.0,CENTRO,23
2024-02-03 00:00:00,2.39,11.0,6.7,32.2,24.15,39.1,90.0,5.7,4.0,124.0,CENTRO,0
2024-02-03 01:00:00,2.38,10.0,12.4,32.9,24.88,45.5,72.0,5.0,5.4,216.0,CENTRO,1
2024-02-03 02:00:00,1.74,34.0,3.9,9.6,9.36,13.8,66.0,3.9,11.6,270.0,CENTRO,2
2024-02-03 03:00:00,1.59,44.0,3.2,2.7,4.4,6.1,51.0,3.2,13.5,269.0,CENTRO,3
2024-02-03 04:00:00,1.59,44.0,2.7,2.5,4.26,5.5,41.0,3.2,12.5,267.0,CENTRO,4
2024-02-03 05:00:00,1.61,40.0,2.5,5.0,4.52,7.7,32.0,3.9,9.5,254.0,CENTRO,5
2024-02-03 06:00:00,1.64,33.0,2.6,10.4,5.85,13.3,30.0,4.8,10.2,237.0,CENTRO,6
2024-02-03 07:00:00,1.7,24.0,3.0,18.1,6.56,21.3,32.0,6.7,9.1,237.0,CENTRO,7
2024-02-03 08:00:00,1.74,23.0,4.1,19.6,7.01,23.9,41.0,6.2,11.7,235.0,CENTRO,8
2024-02-03 09:00:00,1.83,26.0,11.0,19.2,7.77,30.4,47.0,5.0,8.3,277.0,CENTRO,9
2024-02-03 10:00:00,1.64,41.0,3.9,5.3,4.69,9.4,53.0,3.3,13.5,279.0,CENTRO,10
2024-02-03 11:00:00,1.62,44.0,3.5,4.6,5.33,8.4,47.0,3.4,15.2,279.0,CENTRO,11
2024-02-03 12:00:00,1.62,45.0,3.5,4.9,6.33,8.7,62.0,3.3,19.7,286.0,CENTRO,12
2024-02-03 13:00:00,1.62,48.0,3.3,4.4,5.59,8.0,91.0,3.4,18.7,283.0,CENTRO,13
2024-02-03 14:00:00,1.63,48.0,3.6,4.9,4.96,8.7,73.0,3.4,17.9,286.0,CENTRO,14
2024-02-03 15:00:00,1.6,52.0,3.1,3.8,4.37,7.2,58.0,3.3,17.3,275.0,CENTRO,15
2024-02-03 16:00:00,1.59,54.0,2.9,4.0,4.08,7.1,47.0,3.3,15.8,283.0,CENTRO,16
2024-02-03 17:00:00,1.57,54.0,2.7,3.4,3.94,6.4,45.0,3.3,16.5,286.0,CENTRO,17
2024-02-03 18:00:00,1.56,53.0,2.4,4.1,3.82,6.7,39.0,3.3,13.1,279.0,CENTRO,18
2024-02-03 19:00:00,1.58,52.0,2.3,4.8,4.26,7.3,36.0,3.4,10.1,257.0,CENTRO,19
2024-02-03 20:00:00,1.69,38.0,2.3,15.9,5.38,18.4,40.0,3.7,7.0,234.0,CENTRO,20
2024-02-03 21:00:00,1.84,28.0,3.1,24.7,9.6,28.0,44.0,4.8,7.9,212.0,CENTRO,21
2024-02-03 22:00:00,2.09,22.0,2.7,24.5,20.67,27.4,47.0,4.3,4.9,243.0,CENTRO,22
2024-02-03 23:00:00,2.15,11.0,7.8,33.9,23.99,41.9,54.0,5.4,3.4,257.0,CENTRO,23
2024-02-04 00:00:00,2.19,13.0,12.0,33.6,20.93,45.8,63.0,6.0,5.3,315.0,CENTRO,0
2024-02-04 01:00:00,2.06,22.0,2.8,24.9,16.77,28.0,61.0,4.3,5.1,340.0,CENTRO,1
2024-02-04 02:00:00,2.21,15.0,3.0,29.6,19.63,32.8,57.0,4.3,2.7,293.0,CENTRO,2
2024-02-04 03:00:00,2.46,12.0,4.3,31.1,22.15,35.6,58.0,4.8,3.4,322.0,CENTRO,3
2024-02-04 04:00:00,2.25,11.0,5.2,31.3,24.14,36.7,59.0,5.0,2.7,328.0,CENTRO,4
2024-02-04 05:00:00,2.56,12.0,4.0,30.3,22.82,34.5,61.0,5.2,2.7,227.0,CENTRO,5
2024-02-04 06:00:00,2.56,10.0,9.1,30.7,23.83,40.0,61.0,5.4,4.4,139.0,CENTRO,6
2024-02-04 07:00:00,2.36,10.0,10.5,30.8,22.83,41.4,61.0,6.1,3.5,176.0,CENTRO,7
2024-02-04 08:00:00,2.31,11.0,17.7,29.8,17.83,47.7,62.0,6.0,4.1,173.0,CENTRO,8
2024-02-04 09:00:00,1.96,25.0,9.1,19.3,11.86,28.6,58.0,5.3,8.1,107.0,CENTRO,9
2024-02-04 10:00:00,1.91,30.0,11.4,18.9,9.92,30.6,47.0,7.1,6.6,102.0,CENTRO,10
2024-02-04 11:00:00,1.68,46.0,5.7,8.3,5.61,14.2,44.0,4.6,11.4,280.0,CENTRO,11
2024-02-04 12:00:00,1.59,53.0,3.6,3.8,3.77,7.6,36.0,3.4,13.7,295.0,CENTRO,12
2024-02-04 13:00:00,1.59,53.0,3.4,3.5,4.11,7.1,33.0,3.2,21.5,313.0,CENTRO,13
2024-02-04 14:00:00,1.6,52.0,3.4,3.9,3.89,7.5,47.0,3.3,16.2,313.0,CENTRO,14
2024-02-04 15:00:00,1.61,52.0,3.1,3.6,3.82,6.9,38.0,3.5,15.9,303.0,CENTRO,15
2024-02-04 16:00:00,1.6,52.0,2.7,2.9,3.52,5.9,31.0,3.4,15.2,291.0,CENTRO,16
2024-02-04 17:00:00,1.6,51.0,2.6,3.3,3.31,6.2,28.0,3.4,12.6,283.0,CENTRO,17
2024-02-04 18:00:00,1.6,51.0,2.4,3.6,3.3,6.2,25.0,3.3,11.6,272.0,CENTRO,18
2024-02-04 19:00:00,1.58,52.0,2.3,3.1,3.15,5.6,27.0,3.3,16.3,299.0,CENTRO,19
2024-02-04 20:00:00,1.57,52.0,2.3,2.9,3.16,5.4,25.0,3.3,17.9,297.0,CENTRO,20
2024-02-04 21:00:00,1.56,52.0,2.2,2.9,3.18,5.3,30.0,3.2,15.4,292.0,CENTRO,21
2024-02-04 22:00:00,1.55,53.0,2.2,2.3,3.18,4.7,25.0,3.3,18.3,291.0,CENTRO,22
2024-02-04 23:00:00,1.55,52.0,2.2333333333333334,2.2,2.93,4.5,30.0,3.2,18.4,282.0,CENTRO,23
2024-02-05 00:00:00,1.7,40.0,2.2666666666666666,11.0,5.81,13.3,25.0,4.4,12.2,334.0,CENTRO,0
2024-02-05 01:00:00,1.69,30.0,2.3,20.2,7.72,22.6,39.0,8.0,11.1,91.0,CENTRO,1
2024-02-05 02:00:00,1.64,37.0,2.2,13.4,6.66,15.8,52.0,6.7,8.4,123.0,CENTRO,2
2024-02-05 03:00:00,1.62,38.0,2.2,12.4,8.34,14.8,47.0,6.8,7.9,126.0,CENTRO,3
2024-02-05 04:00:00,1.64,40.0,2.25,10.8,11.1,13.2,63.0,6.2,6.3,137.0,CENTRO,4
2024-02-05 05:00:00,1.65,35.0,2.3,11.9,11.17,14.3,82.0,6.6,3.3,196.0,CENTRO,5
2024-02-05 06:00:00,1.68,31.0,2.3,13.7,10.51,16.1,72.0,5.7,4.0,262.0,CENTRO,6
2024-02-05 07:00:00,1.77,21.0,4.0,21.8,11.05,26.0,68.0,5.3,3.4,166.0,CENTRO,7
2024-02-05 08:00:00,2.06,11.0,20.3,32.1,13.91,52.6,65.0,6.3,4.0,154.0,CENTRO,8
2024-02-05 09:00:00,2.01,24.0,11.4,25.3,11.71,36.9,74.0,7.1,7.7,130.0,CENTRO,9
2024-02-05 10:00:00,2.03,32.0,10.7,19.6,11.65,30.7,71.0,7.3,9.2,96.0,CENTRO,10
2024-02-05 11:00:00,1.74,35.0,9.8,16.3,11.62,26.3,71.0,10.6,10.5,104.0,CENTRO,11
2024-02-05 12:00:00,1.73,41.0,8.1,12.9,10.03,21.2,75.0,7.2,9.0,67.0,CENTRO,12
2024-02-05 13:00:00,1.72,52.0,4.1,7.1,7.6,11.4,68.0,3.8,7.6,24.0,CENTRO,13
2024-02-05 14:00:00,1.74,52.0,5.0,9.7,10.26,14.9,56.0,5.1,9.9,54.0,CENTRO,14
2024-02-05 15:00:00,1.82,50.0,5.8,10.1,18.28,16.2,66.0,5.6,12.2,62.0,CENTRO,15
2024-02-05 16:00:00,1.85,46.0,5.5,9.5,14.2,15.2,58.0,6.0,15.2,60.0,CENTRO,16
2024-02-05 17:00:00,1.77,46.0,5.1,10.3,5.73,15.6,63.0,6.1,12.6,66.0,CENTRO,17
2024-02-05 18:00:00,1.72,43.0,4.2,12.4,5.14,16.8,39.0,6.3,11.8,51.0,CENTRO,18
2024-02-05 19:00:00,1.75,41.0,2.9,13.1,5.17,16.2,40.0,3.9,9.9,43.0,CENTRO,19
2024-02-05 20:00:00,1.77,36.0,3.3,16.7,9.21,20.2,32.0,5.0,10.0,58.0,CENTRO,20
2024-02-05 21:00:00,1.77,40.0,2.7,12.7,4.76,15.5,31.0,3.8,9.6,48.0,CENTRO,21
2024-02-05 22:00:00,1.8,37.0,2.7,14.6,6.02,17.4,34.0,4.8,6.7,62.0,CENTRO,22
2024-02-05 23:00:00,1.8,31.0,2.6,19.6,6.39,22.4,34.0,4.0,4.9,35.0,CENTRO,23
2024-02-06 00:00:00,1.8,36.0,2.5,15.8,6.13,18.5,39.0,5.4,5.3,42.0,CENTRO,0
2024-02-06 01:00:00,1.86,33.0,2.5,17.6,7.24,20.3,41.0,4.7,3.1,13.0,CENTRO,1
2024-02-06 02:00:00,1.95,38.0,2.525,11.6,6.59,14.3,43.0,4.2,2.1,56.0,CENTRO,2
2024-02-06 03:00:00,1.96,34.0,2.5500000000000003,13.9,6.75,16.6,30.0,4.1,3.2,323.0,CENTRO,3
2024-02-06 04:00:00,1.75,39.0,2.575,8.4,4.94,11.1,27.0,3.8,4.8,113.0,CENTRO,4
2024-02-06 05:00:00,1.67,46.0,2.6,4.1,3.73,6.8,25.0,3.7,6.3,103.0,CENTRO,5
2024-02-06 06:00:00,1.72,38.0,3.1,8.6,4.06,12.0,23.0,3.7,2.9,125.0,CENTRO,6
2024-02-06 07:00:00,1.91,20.0,7.1,24.1,5.87,31.4,29.0,3.7,3.5,132.0,CENTRO,7
2024-02-06 08:00:00,2.32,11.0,32.6,33.3,9.04,66.1,35.0,4.3,2.6,103.0,CENTRO,8
2024-02-06 09:00:00,2.28,19.0,24.4,29.2,8.74,53.8,59.0,4.1,5.2,119.0,CENTRO,9
2024-02-06 10:00:00,1.98,34.0,12.0,18.9,9.58,31.1,48.0,7.2,8.7,50.0,CENTRO,10
2024-02-06 11:00:00,2.24,36.0,15.5,26.4,19.32,42.1,55.0,9.6,9.3,45.0,CENTRO,11
2024-02-06 12:00:00,1.87,48.0,6.8,12.6,8.53,19.6,99.0,4.5,9.6,38.0,CENTRO,12
2024-02-06 13:00:00,1.84,54.0,5.9,11.4,7.04,17.6,48.0,4.5,11.0,45.0,CENTRO,13
2024-02-06 14:00:00,1.83,54.0,5.8,11.1,7.5,17.2,41.0,4.8,12.4,41.0,CENTRO,14
2024-02-06 15:00:00,1.84,53.0,4.6,8.9,6.31,13.7,43.0,3.7,13.4,59.0,CENTRO,15
2024-02-06 16:00:00,1.84,53.0,4.3,8.9,6.06,13.5,37.0,3.7,12.1,86.0,CENTRO,16
2024-02-06 17:00:00,1.84,53.0,4.0,8.4,5.72,12.7,44.0,3.7,13.3,92.0,CENTRO,17
2024-02-06 18:00:00,1.88,46.0,4.2,12.7,6.12,17.0,40.0,3.7,14.1,68.0,CENTRO,18
2024-02-06 19:00:00,1.93,41.0,3.5,16.2,6.8,19.8,39.0,3.8,11.3,76.0,CENTRO,19
2024-02-06 20:00:00,1.89,39.0,3.6,16.1,6.89,19.9,40.0,3.7,9.3,84.0,CENTRO,20
2024-02-06 21:00:00,1.81,44.0,2.9,9.2,5.65,12.4,38.0,3.6,10.0,95.0,CENTRO,21
2024-02-06 22:00:00,1.77,45.0,2.9,7.0,6.33,10.2,29.0,3.6,12.4,112.0,CENTRO,22
2024-02-06 23:00:00,1.75,46.0,2.95,5.9,6.15,9.0,31.0,3.6,11.2,111.0,CENTRO,23
2024-02-07 00:00:00,1.73,48.0,3.0,4.3,5.69,7.4,34.0,3.5,11.6,112.0,CENTRO,0
2024-02-07 01:00:00,1.72,48.0,3.0500000000000003,4.2,5.75,7.2,28.0,3.5,7.7,73.0,CENTRO,1
2024-02-07 02:00:00,1.78,36.0,3.1,13.8,9.12,17.2,25.0,3.9,6.7,16.0,CENTRO,2
2024-02-07 03:00:00,1.83,21.0,4.2,25.7,17.32,30.1,36.0,7.1,5.2,9.0,CENTRO,3
2024-02-07 04:00:00,1.84,27.0,2.9,17.9,17.98,21.0,55.0,6.5,4.2,47.0,CENTRO,4
2024-02-07 05:00:00,1.86,20.0,3.0,24.2,21.18,27.4,45.0,5.5,3.1,2.0,CENTRO,5
2024-02-07 06:00:00,1.91,17.0,4.1,27.9,27.06,32.2,54.0,5.0,4.3,1.0,CENTRO,6
2024-02-07 07:00:00,2.03,12.0,10.5,33.2,27.23,43.9,53.0,5.2,5.3,1.0,CENTRO,7
2024-02-07 08:00:00,2.37,12.0,22.8,33.6,24.93,56.6,62.0,5.7,4.3,29.0,CENTRO,8
2024-02-07 09:00:00,2.5,16.0,41.6,35.4,37.26,77.3,70.0,6.9,4.9,29.0,CENTRO,9
2024-02-07 10:00:00,2.72,23.0,37.0,37.5,49.93,74.8,96.0,8.1,5.6,347.0,CENTRO,10
2024-02-07 11:00:00,2.43,29.0,21.0,34.2,38.12,55.4,117.0,7.3,5.5,6.0,CENTRO,11
2024-02-07 12:00:00,2.63,32.0,23.8,40.2,49.2,64.2,95.0,9.4,5.7,21.0,CENTRO,12
2024-02-07 13:00:00,2.6,37.0,23.2,46.0,53.59,69.4,104.0,12.7,6.8,25.0,CENTRO,13
2024-02-07 14:00:00,2.38,49.0,14.1,37.1,49.93,51.4,118.0,12.9,7.5,53.0,CENTRO,14
2024-02-07 15:00:00,2.09,56.0,6.6,19.6,25.57,26.4,93.0,7.0,7.7,33.0,CENTRO,15
2024-02-07 16:00:00,2.0,55.0,5.3,17.1,18.22,22.6,62.0,6.9,6.2,3.0,CENTRO,16
2024-02-07 17:00:00,2.01,57.0,4.9,17.2,18.7,22.3,57.0,6.2,5.8,66.0,CENTRO,17
2024-02-07 18:00:00,2.02,56.0,3.9,14.5,16.17,18.6,58.0,5.1,7.3,81.0,CENTRO,18
2024-02-07 19:00:00,2.1,49.0,3.5,18.7,16.55,22.5,50.0,4.7,6.4,115.0,CENTRO,19
2024-02-07 20:00:00,2.24,35.0,4.1,26.3,18.42,30.7,49.0,4.7,4.9,51.0,CENTRO,20
2024-02-07 21:00:00,2.4,16.0,8.0,43.5,23.03,51.7,54.0,4.9,4.9,198.0,CENTRO,21
2024-02-07 22:00:00,2.63,13.0,22.3,53.3,37.7,75.8,69.0,6.0,6.7,219.0,CENTRO,22
2024-02-07 23:00:00,2.41,14.0,9.8,48.2,37.49,58.3,117.0,7.8,8.7,217.0,CENTRO,23
2024-02-08 00:00:00,2.45,13.0,18.1,50.2,42.16,68.6,104.0,10.7,4.5,240.0,CENTRO,0
2024-02-08 01:00:00,2.48,13.0,25.0,48.3,41.44,73.4,98.0,8.6,3.3,239.0,CENTRO,1
2024-02-08 02:00:00,2.67,12.0,33.2,43.4,37.49,76.8,96.0,6.9,2.8,289.0,CENTRO,2
2024-02-08 03:00:00,2.58,12.0,23.4,39.7,35.01,63.3,95.0,5.9,1.9,228.0,CENTRO,3
2024-02-08 04:00:00,2.44,12.0,14.8,38.9,34.41,54.0,85.0,5.6,1.9,342.0,CENTRO,4
2024-02-08 05:00:00,2.31,13.0,7.6,38.0,44.66,45.9,80.0,5.7,2.2,260.0,CENTRO,5
2024-02-08 06:00:00,2.24,13.0,5.9,35.3,43.9,41.4,85.0,5.8,2.8,236.0,CENTRO,6
2024-02-08 07:00:00,2.55,14.0,20.7,38.2,46.78,59.2,86.0,7.4,4.4,204.0,CENTRO,7
2024-02-08 08:00:00,3.28,14.0,72.1,38.2,52.82,110.6,98.0,9.2,2.5,251.0,CENTRO,8
2024-02-08 09:00:00,3.4,14.0,83.9,40.4,44.7,124.7,143.0,8.8,3.8,228.0,CENTRO,9
2024-02-08 10:00:00,2.94,21.0,47.7,46.7,43.22,94.6,122.0,11.1,4.8,257.0,CENTRO,10
2024-02-08 11:00:00,2.64,35.0,23.4,42.7,46.28,66.3,132.0,7.9,9.0,60.0,CENTRO,11
2024-02-08 12:00:00,2.57,46.0,17.7,44.1,47.72,62.0,128.0,9.5,9.1,71.0,CENTRO,12
2024-02-08 13:00:00,2.1,54.0,8.6,20.8,26.28,29.6,132.0,8.0,9.2,17.0,CENTRO,13
2024-02-08 14:00:00,1.96,56.0,6.0,12.1,15.44,18.4,98.0,7.4,9.9,41.0,CENTRO,14
2024-02-08 15:00:00,1.94,62.0,5.4,12.2,15.67,17.8,63.0,6.7,10.0,52.0,CENTRO,15
2024-02-08 16:00:00,1.97,70.0,4.9,14.3,16.9,19.4,69.0,5.9,9.9,59.0,CENTRO,16
2024-02-08 17:00:00,2.01,71.0,4.4,14.6,20.03,19.2,73.0,7.5,13.8,69.0,CENTRO,17
2024-02-08 18:00:00,2.02,55.0,4.5,16.4,17.03,21.0,81.0,6.4,13.0,73.0,CENTRO,18
2024-02-08 19:00:00,2.04,39.0,4.1,14.8,14.79,19.1,65.0,5.1,14.8,65.0,CENTRO,19
2024-02-08 20:00:00,2.02,36.0,3.9,14.8,15.5,18.8,64.0,4.9,11.9,80.0,CENTRO,20
2024-02-08 21:00:00,2.0,37.0,3.7,13.7,14.69,17.6,59.0,5.1,9.0,84.0,CENTRO,21
2024-02-08 22:00:00,1.95,39.0,3.5,10.5,14.74,14.2,47.0,5.2,7.6,83.0,CENTRO,22
2024-02-08 23:00:00,2.03,30.0,3.5,18.4,17.5,22.0,46.0,5.4,6.6,38.0,CENTRO,23
2024-02-09 00:00:00,2.0,32.0,3.3,15.5,17.75,19.1,56.0,6.0,4.7,22.0,CENTRO,0
2024-02-09 01:00:00,2.06,18.0,4.6,27.6,21.04,32.4,52.0,6.2,4.1,5.0,CENTRO,1
2024-02-09 02:00:00,1.9,38.0,3.4,8.1,14.49,11.8,57.0,5.7,4.6,53.0,CENTRO,2
2024-02-09 03:00:00,1.9,35.0,3.2,9.1,14.24,12.5,41.0,4.8,3.8,130.0,CENTRO,3
2024-02-09 04:00:00,1.96,23.0,3.3,15.7,16.83,19.1,39.0,4.4,2.6,189.0,CENTRO,4
2024-02-09 05:00:00,2.03,16.0,3.6,24.7,25.92,28.5,49.0,4.5,2.5,225.0,CENTRO,5
2024-02-09 06:00:00,2.0,18.0,4.1,22.0,29.02,26.4,64.0,4.8,6.0,219.0,CENTRO,6
2024-02-09 07:00:00,2.12,13.0,11.3,28.2,28.73,39.7,69.0,6.0,6.1,228.0,CENTRO,7
2024-02-09 08:00:00,2.44,12.0,38.0,30.6,29.3,68.8,78.0,6.5,3.0,227.0,CENTRO,8
2024-02-09 09:00:00,2.4,16.0,27.8,29.8,26.93,57.8,89.0,6.9,3.1,183.0,CENTRO,9
2024-02-09 10:00:00,2.35,26.0,20.0,26.9,32.57,47.1,82.0,7.1,3.6,48.0,CENTRO,10
2024-02-09 11:00:00,2.55,33.0,20.2,33.9,46.55,54.4,82.0,7.2,5.2,100.0,CENTRO,11
2024-02-09 12:00:00,2.43,40.0,16.9,33.9,42.77,51.1,90.0,9.7,6.4,44.0,CENTRO,12
2024-02-09 13:00:00,2.3,63.0,8.4,24.8,34.23,33.4,85.0,7.3,7.5,37.0,CENTRO,13
2024-02-09 14:00:00,2.15,70.0,6.6,19.6,27.15,26.4,85.0,7.1,8.7,54.0,CENTRO,14
2024-02-09 15:00:00,2.12,78.0,5.1,16.1,25.09,21.4,75.0,7.0,8.6,64.0,CENTRO,15
2024-02-09 16:00:00,2.11,72.0,5.1,16.1,23.83,21.4,72.0,6.7,10.0,48.0,CENTRO,16
2024-02-09 17:00:00,2.09,64.0,5.0,15.6,21.0,20.8,76.0,5.7,12.5,54.0,CENTRO,17
2024-02-09 18:00:00,2.11,56.0,4.4,17.2,18.46,21.8,71.0,4.9,11.6,60.0,CENTRO,18
2024-02-09 19:00:00,2.15,44.0,4.0,18.7,23.44,22.9,64.0,4.7,11.9,71.0,CENTRO,19
2024-02-09 20:00:00,2.19,33.0,4.0,22.3,28.93,26.5,64.0,4.6,11.6,64.0,CENTRO,20
2024-02-09 21:00:00,2.1,39.0,3.7,15.9,27.03,19.8,69.0,4.5,10.3,67.0,CENTRO,21
2024-02-09 22:00:00,2.09,36.0,3.5,17.2,26.8,20.9,64.0,4.6,6.8,73.0,CENTRO,22
2024-02-09 23:00:00,2.1,33.0,3.5,17.6,26.65,21.2,66.0,4.6,7.0,45.0,CENTRO,23
2024-02-10 00:00:00,2.12,30.0,3.4,16.9,26.41,20.4,58.0,5.0,7.2,37.0,CENTRO,0
2024-02-10 01:00:00,2.14,25.0,3.7,19.9,30.97,23.7,64.0,5.3,5.7,31.0,CENTRO,1
2024-02-10 02:00:00,2.09,24.0,3.8,18.4,31.98,22.4,65.0,9.0,4.5,93.0,CENTRO,2
2024-02-10 03:00:00,2.11,26.0,3.4,14.7,29.97,18.3,62.0,8.1,3.4,70.0,CENTRO,3
2024-02-10 04:00:00,2.1,24.0,3.4,15.2,29.58,18.7,61.0,6.5,3.2,53.0,CENTRO,4
2024-02-10 05:00:00,2.07,22.0,3.7,13.8,28.96,17.4,65.0,5.4,2.1,238.0,CENTRO,5
2024-02-10 06:00:00,2.11,16.0,4.0,19.2,30.03,23.4,58.0,5.0,1.9,236.0,CENTRO,6
2024-02-10 07:00:00,2.22,12.0,14.6,24.9,34.5,39.7,61.0,5.3,2.0,257.0,CENTRO,7
2024-02-10 08:00:00,2.39,12.0,25.4,25.9,37.6,51.4,73.0,5.6,2.5,229.0,CENTRO,8
2024-02-10 09:00:00,2.64,13.0,43.1,27.2,38.03,70.5,76.0,6.0,2.7,277.0,CENTRO,9
2024-02-10 10:00:00,2.7,17.0,42.3,33.6,43.12,76.2,96.0,6.9,3.9,87.0,CENTRO,10
2024-02-10 11:00:00,2.5,29.0,20.3,30.9,40.87,51.5,100.0,7.9,6.3,334.0,CENTRO,11
2024-02-10 12:00:00,2.44,37.0,14.0,34.7,43.2,48.9,93.0,7.7,6.3,44.0,CENTRO,12
2024-02-10 13:00:00,2.47,44.0,11.9,36.2,49.43,48.3,107.0,9.8,6.8,54.0,CENTRO,13
2024-02-10 14:00:00,2.19,57.0,5.6,15.0,35.06,20.9,112.0,7.7,6.8,33.0,CENTRO,14
2024-02-10 15:00:00,2.18,55.0,6.2,20.3,33.01,26.8,78.0,8.2,5.6,79.0,CENTRO,15
2024-02-10 16:00:00,2.23,56.0,6.2,23.9,35.2,30.4,75.0,10.0,7.8,64.0,CENTRO,16
2024-02-10 17:00:00,2.19,59.0,4.3,17.8,33.96,22.3,82.0,7.5,7.1,54.0,CENTRO,17
2024-02-10 18:00:00,2.1,53.0,3.7,13.0,31.74,17.0,76.0,6.0,8.4,95.0,CENTRO,18
2024-02-10 19:00:00,2.07,50.0,3.3,11.8,28.79,15.3,66.0,5.2,9.0,101.0,CENTRO,19
2024-02-10 20:00:00,2.12,44.0,3.2,13.1,31.28,16.4,65.0,4.8,6.8,94.0,CENTRO,20
2024-02-10 21:00:00,2.05,45.0,3.0,8.5,31.6,11.7,65.0,4.7,9.0,110.0,CENTRO,21
2024-02-10 22:00:00,2.06,40.0,2.9,8.9,31.07,12.1,61.0,4.5,5.0,103.0,CENTRO,22
2024-02-10 23:00:00,2.31,21.0,3.7,25.1,33.28,29.0,61.0,4.5,3.7,205.0,CENTRO,23
2024-02-11 00:00:00,2.64,13.0,11.3,36.9,43.24,48.4,70.0,4.8,2.8,214.0,CENTRO,0
2024-02-11 01:00:00,2.6,13.0,10.5,31.4,46.77,42.2,93.0,4.9,2.5,276.0,CENTRO,1
2024-02-11 02:00:00,2.65,13.0,14.3,29.4,43.81,43.9,81.0,5.0,2.9,258.0,CENTRO,2
2024-02-11 03:00:00,2.63,12.0,18.6,30.1,47.58,48.9,86.0,4.8,3.3,227.0,CENTRO,3
2024-02-11 04:00:00,2.57,12.0,22.0,29.9,43.19,52.1,84.0,4.6,3.6,220.0,CENTRO,4
2024-02-11 05:00:00,2.49,13.0,13.3,31.5,48.88,45.1,79.0,4.6,5.1,211.0,CENTRO,5
2024-02-11 06:00:00,2.28,15.0,5.7,27.7,46.02,33.6,94.0,4.6,4.0,252.0,CENTRO,6
2024-02-11 07:00:00,2.29,15.0,7.7,30.6,40.76,38.5,66.0,5.5,6.0,217.0,CENTRO,7
2024-02-11 08:00:00,2.11,16.0,7.1,29.1,43.24,36.5,89.0,6.7,6.1,192.0,CENTRO,8
2024-02-11 09:00:00,1.96,25.0,10.0,23.8,21.07,34.1,68.0,5.6,6.2,199.0,CENTRO,9
2024-02-11 10:00:00,1.93,33.0,11.6,19.6,12.55,31.4,54.0,5.5,9.9,65.0,CENTRO,10
2024-02-11 11:00:00,1.91,34.0,11.1,15.5,18.39,26.9,126.0,8.3,11.9,76.0,CENTRO,11
2024-02-11 12:00:00,1.88,38.0,10.7,14.4,16.7,25.4,105.0,9.6,12.6,53.0,CENTRO,12
2024-02-11 13:00:00,1.88,47.0,6.6,10.6,13.28,17.4,90.0,6.1,11.7,43.0,CENTRO,13
2024-02-11 14:00:00,1.87,51.0,5.5,8.8,10.43,14.6,73.0,4.7,12.2,23.0,CENTRO,14
2024-02-11 15:00:00,1.87,55.0,5.4,9.9,8.96,15.6,52.0,4.9,11.5,27.0,CENTRO,15
2024-02-11 16:00:00,1.89,56.0,4.9,10.3,9.88,15.5,52.0,4.5,13.0,13.0,CENTRO,16
2024-02-11 17:00:00,1.83,54.0,3.9,6.7,10.03,10.9,54.0,4.1,14.0,61.0,CENTRO,17
2024-02-11 18:00:00,1.82,52.0,3.3,6.4,9.32,10.0,57.0,3.9,11.5,91.0,CENTRO,18
2024-02-11 19:00:00,1.81,48.0,3.0,7.0,8.07,10.3,42.0,3.8,9.9,65.0,CENTRO,19
2024-02-11 20:00:00,1.96,41.0,3.2,12.8,10.7,16.2,45.0,4.0,13.6,352.0,CENTRO,20
2024-02-11 21:00:00,1.8,44.0,3.1,9.6,10.1,13.0,58.0,3.5,12.4,6.0,CENTRO,21
2024-02-11 22:00:00,1.85,47.0,3.1,8.1,7.14,11.4,46.0,3.8,8.9,45.0,CENTRO,22
2024-02-11 23:00:00,1.84,44.0,2.9,10.0,6.4,13.1,42.0,3.9,8.4,50.0,CENTRO,23
2024-02-12 00:00:00,1.85,45.0,2.9,9.0,5.02,12.1,37.0,4.0,6.8,52.0,CENTRO,0
2024-02-12 01:00:00,1.93,46.0,2.8,7.8,4.63,10.9,34.0,4.5,9.3,46.0,CENTRO,1
2024-02-12 02:00:00,1.89,44.0,2.7,7.1,4.69,10.1,32.0,4.6,12.7,22.0,CENTRO,2
2024-02-12 03:00:00,1.79,42.0,2.6,6.4,5.36,9.2,62.0,4.3,6.8,63.0,CENTRO,3
2024-02-12 04:00:00,1.76,32.0,2.7,11.8,5.48,14.7,46.0,7.4,9.6,70.0,CENTRO,4
2024-02-12 05:00:00,1.81,26.0,2.9,11.1,8.32,14.2,45.0,5.6,8.8,65.0,CENTRO,5
2024-02-12 06:00:00,1.84,18.0,3.9,16.3,9.73,20.4,67.0,5.2,8.4,60.0,CENTRO,6
2024-02-12 07:00:00,1.94,12.0,9.9,20.9,11.11,31.0,68.0,5.9,8.0,82.0,CENTRO,7
2024-02-12 08:00:00,1.98,13.0,13.0,20.0,10.39,33.4,64.0,5.1,9.0,71.0,CENTRO,8
2024-02-12 09:00:00,2.11,15.0,34.0,20.7,12.02,55.0,58.0,10.6,7.5,74.0,CENTRO,9
2024-02-12 10:00:00,2.28,18.0,40.7,23.6,17.59,64.4,74.0,12.4,7.3,71.0,CENTRO,10
2024-02-12 11:00:00,2.22,21.0,39.3,24.7,21.63,64.2,111.0,15.8,8.4,66.0,CENTRO,11
2024-02-12 12:00:00,1.98,28.0,19.7,20.5,17.13,40.4,110.0,10.4,8.5,67.0,CENTRO,12
2024-02-12 13:00:00,1.85,36.0,10.3,14.3,11.91,24.9,87.0,7.5,8.8,98.0,CENTRO,13
2024-02-12 14:00:00,1.84,44.0,7.3,11.8,8.05,19.3,64.0,4.9,9.1,90.0,CENTRO,14
2024-02-12 15:00:00,1.83,48.0,6.5,12.1,8.41,18.8,64.0,5.5,9.3,83.0,CENTRO,15
2024-02-12 16:00:00,1.8,51.0,5.4,10.9,8.32,16.5,54.0,4.5,8.3,85.0,CENTRO,16
2024-02-12 17:00:00,1.85,53.0,5.1,12.7,8.27,18.0,50.0,4.0,9.7,58.0,CENTRO,17
2024-02-12 18:00:00,1.88,48.0,4.4,15.5,9.36,20.1,54.0,4.3,12.8,70.0,CENTRO,18
2024-02-12 19:00:00,1.91,40.0,3.9,17.2,8.48,21.3,72.0,4.8,11.8,97.0,CENTRO,19
2024-02-12 20:00:00,1.82,41.0,3.5,12.6,7.1,16.4,51.0,4.4,13.5,115.0,CENTRO,20
2024-02-12 21:00:00,1.77,44.0,3.1,8.4,6.46,11.7,66.0,4.4,15.4,109.0,CENTRO,21
2024-02-12 22:00:00,1.75,45.0,2.9,7.0,6.35,10.1,46.0,4.5,14.3,107.0,CENTRO,22
2024-02-12 23:00:00,1.73,45.0,2.7,5.8,5.58,8.7,50.0,4.2,13.8,114.0,CENTRO,23
2024-02-13 00:00:00,1.71,45.0,2.6,4.6,4.69,7.4,37.0,4.1,12.4,109.0,CENTRO,0
2024-02-13 01:00:00,1.71,43.0,2.5,4.9,4.36,7.7,17.0,3.8,9.3,78.0,CENTRO,1
2024-02-13 02:00:00,1.71,42.0,2.6,5.5,4.4,8.3,18.0,3.8,5.2,48.0,CENTRO,2
2024-02-13 03:00:00,1.7,41.0,2.6,6.2,4.22,9.0,24.0,3.8,5.8,47.0,CENTRO,3
2024-02-13 04:00:00,1.68,45.0,2.55,4.3,4.04,7.2,24.0,3.6,8.8,51.0,CENTRO,4
2024-02-13 05:00:00,1.69,43.0,2.5,4.0,3.97,6.7,29.0,3.6,4.4,68.0,CENTRO,5
2024-02-13 06:00:00,1.72,38.0,2.7,9.3,4.61,12.3,25.0,4.0,7.0,61.0,CENTRO,6
2024-02-13 07:00:00,1.94,14.0,14.2,34.5,28.41,49.0,34.0,11.6,6.3,20.0,CENTRO,7
2024-02-13 08:00:00,2.17,13.0,25.9,36.3,33.17,62.4,75.0,8.0,5.8,350.0,CENTRO,8
2024-02-13 09:00:00,2.34,15.0,42.7,35.0,27.96,78.0,79.0,11.3,7.7,13.0,CENTRO,9
2024-02-13 10:00:00,2.42,16.0,44.2,35.1,34.61,79.6,106.0,11.5,7.9,12.0,CENTRO,10
2024-02-13 11:00:00,2.3,18.0,46.6,35.4,33.02,82.3,118.0,15.1,8.6,21.0,CENTRO,11
2024-02-13 12:00:00,2.01,32.0,19.7,21.2,30.61,41.1,120.0,10.1,10.4,25.0,CENTRO,12
2024-02-13 13:00:00,1.9,44.0,7.1,11.2,14.36,18.6,79.0,4.9,9.1,41.0,CENTRO,13
2024-02-13 14:00:00,1.89,48.0,6.5,11.0,13.37,17.8,46.0,5.5,11.1,39.0,CENTRO,14
2024-02-13 15:00:00,1.89,53.0,5.1,9.4,12.78,14.8,55.0,4.6,12.4,49.0,CENTRO,15
2024-02-13 16:00:00,1.91,51.0,4.8,9.4,12.27,14.4,63.0,4.6,13.8,83.0,CENTRO,16
2024-02-13 17:00:00,1.96,45.0,5.6,11.1,13.46,16.9,76.0,5.2,14.5,58.0,CENTRO,17
2024-02-13 18:00:00,1.97,42.0,4.7,11.8,10.99,16.7,72.0,5.0,12.5,85.0,CENTRO,18
2024-02-13 19:00:00,1.96,39.0,3.8,12.4,9.79,16.4,49.0,4.6,12.3,97.0,CENTRO,19
2024-02-13 20:00:00,1.92,39.0,3.4,10.3,9.43,13.9,49.0,4.3,12.8,108.0,CENTRO,20
2024-02-13 21:00:00,1.9,39.0,3.1,8.9,8.89,12.2,42.0,4.1,13.1,110.0,CENTRO,21
2024-02-13 22:00:00,1.85,42.0,2.9,6.5,8.79,9.6,43.0,4.0,14.6,110.0,CENTRO,22
2024-02-13 23:00:00,1.87,41.0,2.8,6.6,7.97,9.6,40.0,4.0,12.0,91.0,CENTRO,23
2024-02-14 00:00:00,1.88,37.0,2.8,10.0,7.9,13.0,33.0,4.0,8.9,46.0,CENTRO,0
2024-02-14 01:00:00,1.9,35.0,2.9,11.3,10.12,14.3,35.0,3.9,8.2,34.0,CENTRO,1
2024-02-14 02:00:00,1.94,28.0,3.3,18.2,29.33,21.7,38.0,4.4,6.4,41.0,CENTRO,2
2024-02-14 03:00:00,1.92,27.0,3.3,15.2,23.03,18.7,59.0,4.2,2.9,47.0,CENTRO,3
2024-02-14 04:00:00,1.91,26.0,3.1,14.8,19.03,18.1,44.0,4.1,2.6,8.0,CENTRO,4
2024-02-14 05:00:00,1.92,30.0,3.2,13.8,24.71,17.2,41.0,4.4,3.9,63.0,CENTRO,5
2024-02-14 06:00:00,1.96,23.0,4.0,18.0,40.01,22.3,51.0,4.8,1.9,236.0,CENTRO,6
2024-02-14 07:00:00,2.16,15.0,11.8,25.2,24.21,37.2,48.0,4.8,2.0,340.0,CENTRO,7
2024-02-14 08:00:00,2.43,12.0,33.1,27.4,24.95,60.7,65.0,4.9,2.2,294.0,CENTRO,8
2024-02-14 09:00:00,2.58,15.0,31.5,27.6,27.71,59.3,73.0,5.1,3.5,240.0,CENTRO,9
2024-02-14 10:00:00,2.51,20.0,25.3,28.4,31.12,53.8,72.0,5.7,4.2,272.0,CENTRO,10
2024-02-14 11:00:00,2.32,25.0,18.6,27.0,40.76,45.8,74.0,7.9,4.6,336.0,CENTRO,11
2024-02-14 12:00:00,2.4,33.0,15.2,26.0,47.23,41.4,80.0,7.2,5.7,327.0,CENTRO,12
2024-02-14 13:00:00,2.62,43.0,13.5,31.1,57.52,44.8,86.0,6.2,6.9,6.0,CENTRO,13
2024-02-14 14:00:00,2.68,40.0,14.5,41.3,67.76,56.0,101.0,6.9,8.2,47.0,CENTRO,14
2024-02-14 15:00:00,2.55,41.0,13.3,40.3,68.35,53.7,129.0,7.6,6.8,35.0,CENTRO,15
2024-02-14 16:00:00,2.51,40.0,9.1,41.8,63.61,51.1,138.0,7.3,6.4,67.0,CENTRO,16
2024-02-14 17:00:00,2.49,37.0,6.5,39.1,58.45,45.9,133.0,6.8,7.0,65.0,CENTRO,17
2024-02-14 18:00:00,2.38,40.0,4.8,30.3,45.76,35.3,113.0,6.2,8.0,77.0,CENTRO,18
2024-02-14 19:00:00,2.31,37.0,4.4,26.2,37.82,30.8,93.0,7.3,7.7,62.0,CENTRO,19
2024-02-14 20:00:00,2.3,27.0,4.5,26.9,32.5,31.6,89.0,6.0,6.3,50.0,CENTRO,20
2024-02-14 21:00:00,2.28,22.0,5.0,28.1,30.18,33.3,77.0,5.3,4.4,44.0,CENTRO,21
2024-02-14 22:00:00,2.28,19.0,4.5,26.1,28.32,30.9,71.0,4.8,2.2,326.0,CENTRO,22
2024-02-14 23:00:00,2.54,13.0,14.9,36.3,36.69,51.4,72.0,5.0,2.6,149.0,CENTRO,23
2024-02-15 00:00:00,2.6,13.0,15.5,35.3,42.11,51.0,85.0,4.8,2.6,208.0,CENTRO,0
2024-02-15 01:00:00,2.48,13.0,9.9,32.6,41.8,42.7,83.0,4.5,2.2,243.0,CENTRO,1
2024-02-15 02:00:00,2.56,13.5,17.1,33.6,41.13,50.9,80.0,4.5,3.6,238.0,CENTRO,2
2024-02-15 03:00:00,2.57,14.0,18.7,35.8,55.28,54.8,90.0,6.5,2.5,234.0,CENTRO,3
2024-02-15 04:00:00,2.57,14.0,20.7,34.8,64.48,55.7,118.0,8.2,1.9,220.0,CENTRO,4
2024-02-15 05:00:00,2.54,13.0,16.8,32.9,53.6,49.9,112.0,5.5,1.8,236.0,CENTRO,5
2024-02-15 06:00:00,2.54,13.0,19.1,33.2,50.01,52.5,108.0,5.5,2.1,30.0,CENTRO,6
2024-02-15 07:00:00,2.82,13.0,56.4,33.0,51.97,89.7,110.0,6.1,1.9,309.0,CENTRO,7
2024-02-15 08:00:00,3.1,14.0,87.1,36.4,57.42,123.7,129.0,6.6,3.0,206.0,CENTRO,8
2024-02-15 09:00:00,3.02,14.0,55.9,34.7,55.81,90.9,162.0,5.8,3.4,175.0,CENTRO,9
2024-02-15 10:00:00,3.58,15.0,77.8,39.0,59.12,117.2,123.0,6.3,3.2,69.0,CENTRO,10
2024-02-15 11:00:00,3.2,17.0,52.4,38.1,58.91947826086956,90.7,130.0,5.9,4.4,55.0,CENTRO,11
2024-02-15 12:00:00,2.93,18.0,24.6,37.6,58.71895652173913,62.4,103.0,5.3,4.8,274.0,CENTRO,12
2024-02-15 13:00:00,3.33,19.0,38.6,49.3,58.51843478260869,88.1,79.0,5.7,5.3,297.0,CENTRO,13
2024-02-15 14:00:00,3.16,21.0,30.4,44.7,58.317913043478256,75.2,109.0,5.4,4.9,333.0,CENTRO,14
2024-02-15 15:00:00,2.66,23.0,15.6,38.1,20.25,53.9,91.0,5.1,3.6,313.0,CENTRO,15
2024-02-15 16:00:00,2.72,20.0,17.4,39.7,19.0,57.3,76.0,5.0,4.6,5.0,CENTRO,16
2024-02-15 17:00:00,2.95,17.0,24.3,43.6,17.744999999999997,68.1,90.0,5.1,4.9,350.0,CENTRO,17
2024-02-15 18:00:00,2.88,16.0,14.3,37.2,17.0,51.6,111.0,4.7,2.8,287.0,CENTRO,18
2024-02-15 19:00:00,2.94,13.0,22.9,38.8,16.525,62.0,75.0,4.7,3.0,322.0,CENTRO,19
2024-02-15 20:00:00,2.93,12.0,21.2,35.8,16.0,57.3,75.0,4.7,2.2,273.0,CENTRO,20
2024-02-15 21:00:00,2.85,12.0,20.7,34.7,16.31,55.6,66.0,4.6,2.4,257.0,CENTRO,21
2024-02-15 22:00:00,2.87,12.0,28.0,35.6,16.29,63.8,57.0,4.6,3.5,235.0,CENTRO,22
2024-02-15 23:00:00,2.72,11.8,21.9,33.2,16.08,55.3,67.0,4.5,3.9,100.0,CENTRO,23
2024-02-16 00:00:00,2.53,11.6,10.5,30.0,16.0,40.7,59.0,4.2,2.5,24.0,CENTRO,0
2024-02-16 01:00:00,2.59,11.4,29.1,29.9,16.0,59.2,59.0,4.7,1.9,309.0,CENTRO,1
2024-02-16 02:00:00,2.55,11.2,23.2,26.9,16.54,50.3,61.0,4.5,1.7,261.0,CENTRO,2
2024-02-16 03:00:00,2.34,11.0,8.6,24.0,16.8,32.9,55.0,3.9,1.7,264.0,CENTRO,3
2024-02-16 04:00:00,2.32,11.0,10.3,22.3,17.91,32.9,50.0,3.8,1.7,231.0,CENTRO,4
2024-02-16 05:00:00,2.32,11.0,12.4,20.9,18.58,33.6,50.0,3.8,1.75,237.0,CENTRO,5
2024-02-16 06:00:00,2.4,11.5,20.5,20.4,19.46,41.1,51.0,3.9,1.7999999999999998,196.0,CENTRO,6
2024-02-16 07:00:00,2.67,12.0,42.3,22.0,20.869999999999997,64.5,54.0,4.3,1.8499999999999999,211.0,CENTRO,7
2024-02-16 08:00:00,2.73,12.0,40.3,25.1,22.875,65.6,59.0,4.2,1.9,34.0,CENTRO,8
2024-02-16 09:00:00,2.71,13.0,40.8,26.9,24.189999999999998,67.9,56.0,4.3,1.8,23.0,CENTRO,9
2024-02-16 10:00:00,2.78,14.0,38.4,30.0,24.855,68.7,61.0,4.3,1.8,359.0,CENTRO,10
2024-02-16 11:00:00,2.66,18.0,31.3,30.2,27.284999999999997,61.7,73.0,4.1,3.1,268.0,CENTRO,11
2024-02-16 12:00:00,2.78,19.0,42.2,37.5,27.89,80.0,85.0,4.6,3.8,249.0,CENTRO,12
2024-02-16 13:00:00,2.91,22.0,39.2,38.2,25.137999999999998,77.7,112.0,4.7,4.9,348.0,CENTRO,13
2024-02-16 14:00:00,2.63,20.0,19.8,28.0,21.83,48.0,102.0,4.4,6.2,340.0,CENTRO,14
2024-02-16 15:00:00,2.28,23.0,9.1,18.7,20.25,28.0,76.0,4.2,7.3,325.0,CENTRO,15
2024-02-16 16:00:00,2.28,20.0,9.6,22.6,19.0,32.5,39.0,4.2,6.2,327.0,CENTRO,16
2024-02-16 17:00:00,2.32,17.0,11.0,23.5,17.744999999999997,34.8,41.0,4.1,7.0,328.0,CENTRO,17
2024-02-16 18:00:00,2.34,14.0,10.6,24.9,17.0,35.7,37.0,4.0,4.8,308.0,CENTRO,18
2024-02-16 19:00:00,2.56,10.0,18.9,27.0,16.525,46.1,28.0,4.2,2.0,279.0,CENTRO,19
2024-02-16 20:00:00,2.76,10.0,30.6,28.2,16.0,59.0,34.0,4.8,2.3,295.0,CENTRO,20
2024-02-16 21:00:00,2.6,12.0,22.5,26.4,16.31,49.1,36.0,4.4,5.1,232.0,CENTRO,21
2024-02-16 22:00:00,2.47,13.0,18.1,24.2,16.29,42.6,40.0,4.4,4.9,256.0,CENTRO,22
2024-02-16 23:00:00,2.59,10.0,21.3,25.0,16.08,46.5,41.0,4.5,2.1,253.0,CENTRO,23
2024-02-17 00:00:00,2.76,11.0,32.5,24.7,16.0,57.3,34.0,4.9,2.4,264.0,CENTRO,0
2024-02-17 01:00:00,2.79,11.0,35.3,23.1,16.0,58.7,47.0,4.7,2.7,355.0,CENTRO,1
2024-02-17 02:00:00,2.602,11.3,32.25,22.01,16.54,54.550000000000004,44.5,4.5,3.23,323.5,CENTRO,2
2024-02-17 03:00:00,2.414,11.6,29.2,20.92,16.8,50.400000000000006,42.0,4.3,3.7600000000000002,292.0,CENTRO,3
2024-02-17 04:00:00,2.226,11.9,26.15,19.830000000000002,17.91,46.25000000000001,39.5,4.1000000000000005,4.29,260.5,CENTRO,4
2024-02-17 05:00:00,2.0380000000000003,12.2,23.099999999999998,18.740000000000002,18.58,42.1,37.0,3.9000000000000004,4.82,229.0,CENTRO,5
2024-02-17 06:00:00,1.62,11.25,3.2,15.7,19.46,20.1,51.0,3.6,4.0,118.0,CENTRO,6
2024-02-17 07:00:00,1.6620000000000001,12.8,17.0,16.56,20.869999999999997,33.800000000000004,32.0,3.5,5.88,166.0,CENTRO,7
2024-02-17 08:00:00,1.4740000000000002,13.1,13.95,15.47,22.875,29.650000000000006,29.5,3.3000000000000003,6.41,134.5,CENTRO,8
2024-02-17 09:00:00,1.286,13.4,10.899999999999999,14.379999999999999,24.189999999999998,25.500000000000004,27.0,3.1,6.9399999999999995,102.99999999999999,CENTRO,9
2024-02-17 10:00:00,1.098,13.7,7.85,13.29,24.855,21.350000000000005,24.5,2.9000000000000004,7.47,71.49999999999999,CENTRO,10
2024-02-17 11:00:00,0.91,14.0,4.8,12.2,27.284999999999997,17.2,22.0,2.7,8.0,40.0,CENTRO,11
2024-02-17 12:00:00,1.3,19.0,7.3,16.7,27.89,24.2,36.0,3.5,9.5,40.0,CENTRO,12
2024-02-17 13:00:00,1.37,19.0,8.2,18.6,25.137999999999998,27.1,27.0,3.7,5.9,40.0,CENTRO,13
2024-02-17 14:00:00,1.48,21.0,11.1,19.9,21.83,31.3,32.0,3.9,7.2,53.0,CENTRO,14
2024-02-17 15:00:00,1.71,21.0,8.7,20.0,20.25,29.0,33.0,4.0,5.3,40.0,CENTRO,15
2024-02-17 16:00:00,1.91,20.0,13.9,23.3,19.0,37.4,30.0,4.4,3.6,33.0,CENTRO,16
2024-02-17 17:00:00,1.879,20.75,13.495000000000001,22.63,17.744999999999997,36.33,30.0,4.425000000000001,3.69,47.55,CENTRO,17
2024-02-17 18:00:00,1.8479999999999999,21.5,13.09,21.96,17.0,35.26,30.0,4.45,3.7800000000000002,62.1,CENTRO,18
2024-02-17 19:00:00,1.817,22.25,12.685,21.29,16.525,34.19,30.0,4.4750000000000005,3.87,76.64999999999999,CENTRO,19
2024-02-17 20:00:00,1.786,23.0,12.28,20.62,16.0,33.12,30.0,4.5,3.96,91.2,CENTRO,20
2024-02-17 21:00:00,1.6349999999999998,28.5,2.5,11.6,16.31,14.45,46.0,3.6,8.3,104.975,CENTRO,21
2024-02-17 22:00:00,1.62,26.0,2.5,11.3,16.29,13.9,45.0,3.6,7.8,102.0,CENTRO,22
2024-02-17 23:00:00,1.64,23.0,2.6,11.5,16.08,14.4,45.0,3.5,7.5,99.0,CENTRO,23
2024-02-18 00:00:00,1.68,21.0,2.5,11.7,16.0,14.5,45.0,3.5,7.0,95.0,CENTRO,0
2024-02-18 01:00:00,1.67,18.5,2.5,11.6,16.0,14.4,47.0,3.5,6.4,87.0,CENTRO,1
2024-02-18 02:00:00,1.64,18.0,2.6,11.9,16.54,15.3,46.0,3.5,5.9,77.0,CENTRO,2
2024-02-18 03:00:00,1.63,17.0,2.7,13.649999999999999,16.8,17.1,47.0,3.5,5.2,73.5,CENTRO,3
2024-02-18 04:00:00,1.64,15.0,2.9,14.5,17.91,17.9,48.0,3.6,4.8,76.0,CENTRO,4
2024-02-18 05:00:00,1.64,13.0,2.9,14.1,18.58,17.6,50.0,3.6,4.1,89.0,CENTRO,5
2024-02-18 06:00:00,1.62,11.25,3.2,15.7,19.46,20.1,51.0,3.6,4.0,118.0,CENTRO,6
2024-02-18 07:00:00,1.666,10.0,7.5,18.7,20.869999999999997,27.0,54.0,3.6,3.9,142.0,CENTRO,7
2024-02-18 08:00:00,1.414,32.0,7.419999999999999,12.580000000000002,22.875,20.28,30.0,4.800000000000001,5.04,265.8,CENTRO,8
2024-02-18 09:00:00,1.383,32.75,7.014999999999999,11.91,24.189999999999998,19.21,30.0,4.825,5.13,280.34999999999997,CENTRO,9
2024-02-18 10:00:00,1.352,33.5,6.6099999999999985,11.24,24.855,18.14,30.0,4.8500000000000005,5.220000000000001,294.9,CENTRO,10
2024-02-18 11:00:00,1.321,34.25,6.204999999999998,10.57,27.284999999999997,17.07,30.0,4.875,5.3100000000000005,309.45,CENTRO,11
2024-02-18 12:00:00,1.29,35.0,5.8,9.9,27.89,16.0,30.0,4.9,5.4,324.0,CENTRO,12
2024-02-18 13:00:00,1.32,36.0,7.1,11.4,25.137999999999998,18.7,42.0,4.9,6.6,341.0,CENTRO,13
2024-02-18 14:00:00,1.34,36.0,10.6,16.3,21.83,27.2,50.0,5.6,7.6,52.0,CENTRO,14
2024-02-18 15:00:00,1.37,35.0,12.9,19.3,20.25,32.5,59.0,6.9,7.4,33.0,CENTRO,15
2024-02-18 16:00:00,1.38,38.0,9.7,17.1,19.0,27.1,65.0,5.9,8.9,53.0,CENTRO,16
2024-02-18 17:00:00,1.36,36.0,6.5,13.4,17.744999999999997,20.1,61.0,4.6,8.9,64.0,CENTRO,17
2024-02-18 18:00:00,1.35,29.0,5.1,12.4,17.0,17.6,54.0,4.0,9.0,70.0,CENTRO,18
2024-02-18 19:00:00,1.35,25.0,3.3,12.1,16.525,15.6,48.0,3.8,7.6,93.0,CENTRO,19
2024-02-18 20:00:00,1.33,26.0,3.0,11.1,16.0,14.3,40.0,3.8,10.3,111.0,CENTRO,20
2024-02-18 21:00:00,1.36,25.0,3.0,12.1,16.31,15.3,37.0,3.7,4.9,103.0,CENTRO,21
2024-02-18 22:00:00,1.39,25.0,2.9,13.3,16.29,16.4,33.0,3.7,5.6,114.0,CENTRO,22
2024-02-18 23:00:00,1.41,20.0,2.9,14.5,16.08,17.6,36.0,3.7,4.8,137.0,CENTRO,23
2024-02-19 00:00:00,1.52,13.0,3.6,17.9,16.0,21.7,32.0,3.7,1.9,205.0,CENTRO,0
2024-02-19 01:00:00,1.63,11.0,9.8,18.4,16.0,28.4,37.0,3.7,1.8,330.0,CENTRO,1
2024-02-19 02:00:00,1.63,12.0,12.8,20.7,16.54,33.8,39.0,4.0,3.0,222.0,CENTRO,2
2024-02-19 03:00:00,1.67,12.0,17.6,21.7,16.8,39.6,59.0,4.7,3.1,214.0,CENTRO,3
2024-02-19 04:00:00,1.69,12.0,18.5,20.7,17.91,39.5,75.0,4.4,2.4,264.0,CENTRO,4
2024-02-19 05:00:00,1.77,13.0,26.5,20.1,18.58,46.8,71.0,4.6,1.8,223.0,CENTRO,5
2024-02-19 06:00:00,1.74,13.0,14.9,17.1,19.46,32.4,84.0,4.6,1.8,219.0,CENTRO,6
2024-02-19 07:00:00,1.86,13.0,31.8,17.3,20.869999999999997,49.4,72.0,4.9,1.7,283.0,CENTRO,7
2024-02-19 08:00:00,2.6,14.0,93.1,18.0,22.875,111.4,82.0,6.2,1.8,358.0,CENTRO,8
2024-02-19 09:00:00,2.44,15.0,77.0,25.6,24.189999999999998,102.9,108.0,6.1,3.2,29.0,CENTRO,9
2024-02-19 10:00:00,2.57,18.0,71.4,34.2,24.855,105.9,101.0,6.1,4.5,67.0,CENTRO,10
2024-02-19 11:00:00,2.61,24.0,60.7,44.4,27.284999999999997,105.3,112.0,6.2,4.7,35.0,CENTRO,11
2024-02-19 12:00:00,2.58,31.0,47.4,53.8,27.89,101.4,113.0,7.5,4.3,11.0,CENTRO,12
2024-02-19 13:00:00,2.71,41.0,32.1,55.5,25.137999999999998,87.7,125.0,9.6,6.0,30.0,CENTRO,13
2024-02-19 14:00:00,2.58,49.0,26.5,61.6,21.83,88.3,143.0,12.1,6.8,47.0,CENTRO,14
2024-02-19 15:00:00,2.07,59.0,10.4,33.0,20.25,43.5,155.0,7.0,8.5,74.0,CENTRO,15
2024-02-19 16:00:00,1.93,64.0,7.0,24.2,19.0,31.5,90.0,5.4,9.1,49.0,CENTRO,16
2024-02-19 17:00:00,1.84,61.0,5.6,19.1,17.744999999999997,24.9,77.0,4.9,9.8,50.0,CENTRO,17
2024-02-19 18:00:00,1.89,54.0,5.1,23.5,17.0,28.8,59.0,5.5,8.9,34.0,CENTRO,18
2024-02-19 19:00:00,2.07,36.0,4.4,36.1,16.525,40.7,63.0,5.6,6.1,52.0,CENTRO,19
2024-02-19 20:00:00,2.07,23.0,5.9,38.0,16.0,44.1,71.0,5.2,7.2,41.0,CENTRO,20
2024-02-19 21:00:00,2.03,16.0,5.6,38.6,16.31,44.4,61.0,4.8,3.0,27.0,CENTRO,21
2024-02-19 22:00:00,2.21,13.0,18.9,39.8,16.29,58.9,58.0,5.4,3.2,292.0,CENTRO,22
2024-02-19 23:00:00,2.32,12.0,28.4,36.4,16.08,65.0,89.0,5.1,1.8,279.0,CENTRO,23
2024-02-20 00:00:00,2.13,11.0,21.3,32.4,16.0,53.9,95.0,4.8,1.9,241.0,CENTRO,0
2024-02-20 01:00:00,2.2,11.0,23.6,32.6,16.0,56.4,72.0,4.7,3.1,228.0,CENTRO,1
2024-02-20 02:00:00,2.11,12.0,32.8,35.0,16.54,68.1,76.0,5.7,1.9,327.0,CENTRO,2
2024-02-20 03:00:00,2.01,12.0,19.2,32.2,16.8,51.6,98.0,5.5,1.8,245.0,CENTRO,3
2024-02-20 04:00:00,1.89,12.0,8.6,30.6,17.91,39.5,72.0,5.3,2.1,284.0,CENTRO,4
2024-02-20 05:00:00,1.92,11.0,16.2,28.9,18.58,45.2,67.0,5.2,2.0,292.0,CENTRO,5
2024-02-20 06:00:00,1.9,11.0,22.8,28.3,19.46,51.3,59.0,5.1,2.8,292.0,CENTRO,6
2024-02-20 07:00:00,2.06,13.0,35.6,30.1,20.869999999999997,65.9,58.0,6.1,4.2,288.0,CENTRO,7
2024-02-20 08:00:00,2.91,12.0,107.6,32.0,22.875,140.0,62.0,6.5,3.3,297.0,CENTRO,8
2024-02-20 09:00:00,3.24,15.0,110.7,40.7,24.189999999999998,151.7,137.0,7.0,4.1,340.0,CENTRO,9
2024-02-20 10:00:00,2.81,20.0,65.4,46.2,24.855,111.9,143.0,8.0,3.7,1.0,CENTRO,10
2024-02-20 11:00:00,2.28,29.0,32.4,44.1,27.284999999999997,76.8,117.0,8.7,5.0,68.0,CENTRO,11
2024-02-20 12:00:00,2.55,36.0,39.3,60.6,27.89,100.0,89.0,18.2,7.2,60.0,CENTRO,12
2024-02-20 13:00:00,2.29,50.0,19.6,50.8,25.137999999999998,70.6,139.0,14.8,8.8,63.0,CENTRO,13
2024-02-20 14:00:00,2.02,74.0,7.8,27.1,21.83,35.1,118.0,5.9,10.0,52.0,CENTRO,14
2024-02-20 15:00:00,1.96,81.0,6.5,23.7,20.25,30.4,75.0,6.9,13.1,43.0,CENTRO,15
2024-02-20 16:00:00,1.94,86.0,5.3,20.1,19.0,25.7,80.0,6.7,13.2,51.0,CENTRO,16
2024-02-20 17:00:00,1.93,87.0,4.7,19.0,17.744999999999997,24.0,69.0,8.4,12.8,67.0,CENTRO,17
2024-02-20 18:00:00,1.88,58.0,5.1,19.3,17.0,24.6,56.0,5.9,11.1,64.0,CENTRO,18
2024-02-20 19:00:00,1.93,36.0,4.4,20.8,16.525,25.4,46.0,5.1,11.3,65.0,CENTRO,19
2024-02-20 20:00:00,1.97,25.0,7.1,26.1,16.0,33.4,46.0,4.9,5.9,72.0,CENTRO,20
2024-02-20 21:00:00,1.94,24.0,4.2,24.0,16.31,28.4,46.0,4.4,2.9,52.0,CENTRO,21
2024-02-20 22:00:00,2.06,17.0,11.3,28.8,16.29,40.3,44.0,4.7,3.8,295.0,CENTRO,22
2024-02-20 23:00:00,2.11,11.0,21.3,36.1,16.08,57.6,54.0,5.3,3.5,271.0,CENTRO,23
2024-02-21 00:00:00,2.15,11.0,13.7,34.0,16.0,47.9,68.0,5.1,3.7,271.0,CENTRO,0
2024-02-21 01:00:00,2.1,12.0,6.0,30.0,16.0,36.2,70.0,4.5,2.5,261.0,CENTRO,1
2024-02-21 02:00:00,2.08,11.0,8.0,29.5,16.54,37.7,61.0,4.5,2.3,258.0,CENTRO,2
2024-02-21 03:00:00,2.09,11.0,17.3,30.7,16.8,48.2,63.0,5.2,2.4,259.0,CENTRO,3
2024-02-21 04:00:00,1.95,11.0,10.2,30.3,17.91,40.7,68.0,4.9,2.0,258.0,CENTRO,4
2024-02-21 05:00:00,1.98,11.25,18.0,29.6,18.58,47.7,67.0,4.9,1.9,284.0,CENTRO,5
2024-02-21 06:00:00,1.98,11.5,19.3,29.4,19.46,48.9,70.0,4.9,2.0,248.0,CENTRO,6
2024-02-21 07:00:00,2.28,11.75,41.3,27.0,20.869999999999997,68.5,85.0,5.1,2.1,290.0,CENTRO,7
2024-02-21 08:00:00,2.56,12.0,73.3,31.1,22.875,104.6,84.0,5.9,2.6,218.0,CENTRO,8
2024-02-21 09:00:00,2.68,15.0,71.2,37.3,24.189999999999998,108.9,110.0,7.5,3.5,303.0,CENTRO,9
2024-02-21 10:00:00,2.6,23.0,43.9,40.4,24.855,84.6,103.0,7.9,4.1,42.0,CENTRO,10
2024-02-21 11:00:00,2.54,32.0,32.2,45.9,27.284999999999997,78.4,105.0,8.7,4.9,63.0,CENTRO,11
2024-02-21 12:00:00,2.42,42.0,26.3,51.8,27.89,78.3,100.0,9.6,5.9,38.0,CENTRO,12
2024-02-21 13:00:00,2.52,58.0,21.1,56.3,25.137999999999998,77.6,104.0,12.9,8.8,69.0,CENTRO,13
2024-02-21 14:00:00,2.56,94.0,8.6,44.1,21.83,52.9,123.0,6.8,10.0,55.0,CENTRO,14
2024-02-21 15:00:00,2.23,101.0,5.6,22.5,20.25,28.4,135.0,6.0,12.2,42.0,CENTRO,15
2024-02-21 16:00:00,2.1,87.0,5.5,18.3,19.0,24.1,94.0,6.3,11.4,56.0,CENTRO,16
2024-02-21 17:00:00,1.9,66.0,4.8,11.2,17.744999999999997,16.2,69.0,5.2,13.4,101.0,CENTRO,17
2024-02-21 18:00:00,1.95,48.0,4.9,15.1,17.0,20.1,47.0,4.6,11.0,62.0,CENTRO,18
2024-02-21 19:00:00,2.07,38.0,4.3,22.1,16.525,26.6,47.0,4.5,9.0,61.0,CENTRO,19
2024-02-21 20:00:00,2.18,25.0,4.5,31.1,16.0,35.8,57.0,4.6,6.4,39.0,CENTRO,20
2024-02-21 21:00:00,2.27,14.0,12.4,40.0,16.31,52.6,55.0,4.9,4.8,325.0,CENTRO,21
2024-02-21 22:00:00,2.36,11.0,16.6,41.4,16.29,58.3,73.0,5.4,4.4,303.0,CENTRO,22
2024-02-21 23:00:00,2.36,15.0,13.9,38.8,16.08,53.0,89.0,5.3,5.5,347.0,CENTRO,23
2024-02-22 00:00:00,2.03,19.0,5.1,29.8,16.0,35.1,92.0,5.7,5.1,3.0,CENTRO,0
2024-02-22 01:00:00,2.0,18.0,4.5,26.3,16.0,31.0,68.0,6.4,3.8,322.0,CENTRO,1
2024-02-22 02:00:00,1.94,24.0,4.0,16.6,16.54,20.8,66.0,5.5,3.5,306.0,CENTRO,2
2024-02-22 03:00:00,1.99,21.0,4.0,15.2,16.8,19.4,60.0,4.7,2.3,279.0,CENTRO,3
2024-02-22 04:00:00,2.11,14.0,12.9,23.8,17.91,36.8,55.0,4.8,2.5,241.0,CENTRO,4
2024-02-22 05:00:00,2.14,12.0,22.9,30.6,18.58,53.7,73.0,5.4,3.1,225.0,CENTRO,5
2024-02-22 06:00:00,2.03,13.0,9.4,30.9,19.46,40.4,98.0,5.3,4.4,273.0,CENTRO,6
2024-02-22 07:00:00,2.28,12.0,25.9,30.9,20.869999999999997,57.1,71.0,5.2,3.6,110.0,CENTRO,7
2024-02-22 08:00:00,2.97,13.0,79.5,31.1,22.875,110.9,85.0,5.8,3.7,246.0,CENTRO,8
2024-02-22 09:00:00,3.79,15.0,132.0,45.6,24.189999999999998,178.0,129.0,7.3,4.6,99.0,CENTRO,9
2024-02-22 10:00:00,3.36,19.0,86.4,57.9,24.855,144.6,150.0,10.3,5.7,102.0,CENTRO,10
2024-02-22 11:00:00,2.69,26.0,34.5,56.6,27.284999999999997,91.4,26.0,12.4,4.8,120.0,CENTRO,11
2024-02-22 12:00:00,1.94,51.0,5.4,13.7,27.89,19.3,44.5,3.9,10.1,325.0,CENTRO,12
2024-02-22 13:00:00,1.95,63.0,4.8,9.1,25.137999999999998,14.2,63.0,3.5,11.6,322.0,CENTRO,13
2024-02-22 14:00:00,1.96,66.0,4.9,9.5,21.83,14.6,38.0,3.5,12.6,324.0,CENTRO,14
2024-02-22 15:00:00,1.93,68.0,4.6,8.9,20.25,13.8,46.0,3.5,11.8,311.0,CENTRO,15
2024-02-22 16:00:00,1.9,68.0,4.5,8.6,19.0,13.4,36.0,3.4,13.2,317.0,CENTRO,16
2024-02-22 17:00:00,1.9,64.0,4.7,10.0,17.744999999999997,15.0,43.0,3.4,12.2,318.0,CENTRO,17
2024-02-22 18:00:00,2.22,55.0,5.2,20.5,17.0,25.9,34.0,8.2,12.3,50.0,CENTRO,18
2024-02-22 19:00:00,2.23,54.0,4.4,14.1,16.525,18.7,73.0,6.0,10.9,104.0,CENTRO,19
2024-02-22 20:00:00,2.2,42.0,4.9,15.3,16.0,20.5,57.0,4.8,10.9,69.0,CENTRO,20
2024-02-22 21:00:00,2.11,45.0,4.0,8.9,16.31,13.1,78.0,4.2,10.4,91.0,CENTRO,21
2024-02-22 22:00:00,2.12,42.0,3.8,9.9,16.29,13.9,68.0,4.1,7.0,83.0,CENTRO,22
2024-02-22 23:00:00,2.08,47.0,3.6,7.1,16.08,10.9,62.0,3.9,9.4,111.0,CENTRO,23
2024-02-23 00:00:00,2.09,51.0,3.3,7.0,16.0,10.6,60.0,3.8,8.0,90.0,CENTRO,0
2024-02-23 01:00:00,2.08,51.0,3.2,6.3,16.0,9.8,64.0,3.8,6.1,78.0,CENTRO,1
2024-02-23 02:00:00,2.11,42.0,3.2,10.1,16.54,13.5,65.0,3.8,3.2,13.0,CENTRO,2
2024-02-23 03:00:00,2.16,28.0,3.3,19.1,16.8,22.7,63.0,4.0,2.8,271.0,CENTRO,3
2024-02-23 04:00:00,2.17,26.0,3.4,18.2,17.91,21.8,70.0,5.4,4.1,227.0,CENTRO,4
2024-02-23 05:00:00,2.17,26.0,3.8,16.6,18.58,20.5,73.0,6.8,4.3,225.0,CENTRO,5
2024-02-23 06:00:00,2.17,22.0,3.7,17.4,19.46,21.3,74.0,8.3,3.0,219.0,CENTRO,6
2024-02-23 07:00:00,3.12,13.0,38.1,31.0,20.869999999999997,69.3,74.0,7.7,4.3,26.0,CENTRO,7
2024-02-23 08:00:00,3.37,10.0,49.6,36.8,22.875,86.8,136.0,8.9,6.0,114.0,CENTRO,8
2024-02-23 09:00:00,2.45,30.0,10.6,21.7,24.189999999999998,32.6,157.0,6.7,11.5,56.0,CENTRO,9
2024-02-23 10:00:00,2.16,32.0,13.7,22.3,24.855,36.2,94.0,6.5,10.3,55.0,CENTRO,10
2024-02-23 11:00:00,2.08,38.0,9.4,17.7,27.284999999999997,27.3,107.0,5.9,10.3,38.0,CENTRO,11
2024-02-23 12:00:00,2.05,46.0,5.9,11.7,27.89,17.8,111.0,4.8,13.0,25.0,CENTRO,12
2024-02-23 13:00:00,2.085,53.0,6.1,13.1,25.137999999999998,19.450000000000003,95.5,5.9,11.1,38.0,CENTRO,13
2024-02-23 14:00:00,2.12,60.0,6.3,14.5,21.83,21.1,80.0,7.0,9.2,51.0,CENTRO,14
2024-02-23 15:00:00,2.16,67.0,4.7,13.7,20.25,18.6,78.0,4.6,9.8,53.0,CENTRO,15
2024-02-23 16:00:00,2.17,63.0,4.8,13.6,19.0,18.6,79.0,5.6,12.0,53.0,CENTRO,16
2024-02-23 17:00:00,2.15,59.0,4.3,12.5,17.744999999999997,17.0,86.0,6.2,12.1,106.0,CENTRO,17
2024-02-23 18:00:00,2.15,55.0,3.9,11.4,17.0,15.4,77.0,4.8,11.8,127.0,CENTRO,18
2024-02-23 19:00:00,2.16,50.0,3.5,12.2,16.525,15.9,63.0,4.3,12.1,121.0,CENTRO,19
2024-02-23 20:00:00,2.13,48.0,3.3,12.9,16.0,16.4,67.0,4.0,10.4,111.0,CENTRO,20
2024-02-23 21:00:00,2.13,45.0,3.3,15.9,16.31,19.4,55.0,3.9,9.3,79.0,CENTRO,21
2024-02-23 22:00:00,2.08,47.0,3.2,14.6,16.29,18.0,50.0,3.8,9.4,62.0,CENTRO,22
2024-02-23 23:00:00,2.12,39.0,3.2,18.7,16.08,22.1,52.0,5.7,4.1,76.0,CENTRO,23
2024-02-24 00:00:00,2.04,48.0,3.2,11.6,16.0,15.0,48.0,4.5,6.4,71.0,CENTRO,0
2024-02-24 01:00:00,2.02,50.0,3.1,9.2,16.0,12.5,50.0,3.6,7.7,85.0,CENTRO,1
2024-02-24 02:00:00,1.96,57.0,2.7,4.7,16.54,7.6,49.0,3.5,11.1,125.0,CENTRO,2
2024-02-24 03:00:00,1.99,52.0,2.7,6.9,16.8,9.8,41.0,3.6,7.2,74.0,CENTRO,3
2024-02-24 04:00:00,2.17,23.0,3.1,29.2,17.91,32.5,43.0,4.1,6.1,349.0,CENTRO,4
2024-02-24 05:00:00,2.22,18.0,3.1,32.5,18.58,35.8,78.0,4.9,5.6,337.0,CENTRO,5
2024-02-24 06:00:00,2.2,19.0,3.7,31.5,19.46,35.4,65.0,6.1,4.2,17.0,CENTRO,6
2024-02-24 07:00:00,2.16,21.0,3.6,30.8,20.869999999999997,34.6,64.0,10.8,4.1,41.0,CENTRO,7
2024-02-24 08:00:00,2.21,21.0,7.6,31.7,22.875,39.5,65.0,9.6,4.5,64.0,CENTRO,8
2024-02-24 09:00:00,2.47,19.0,24.8,38.5,24.189999999999998,63.5,68.0,7.9,5.9,359.0,CENTRO,9
2024-02-24 10:00:00,2.49,23.0,30.6,39.6,24.855,70.4,110.0,11.2,7.2,6.0,CENTRO,10
2024-02-24 11:00:00,2.15,46.0,10.2,19.1,27.284999999999997,29.5,120.0,5.6,9.2,36.0,CENTRO,11
2024-02-24 12:00:00,2.01,56.0,5.7,10.0,27.89,16.0,70.0,3.6,12.6,43.0,CENTRO,12
2024-02-24 13:00:00,1.99,58.0,5.3,8.9,25.137999999999998,14.4,58.0,3.4,13.8,59.0,CENTRO,13
2024-02-24 14:00:00,2.0,61.0,4.6,7.7,21.83,12.6,51.0,3.5,14.4,76.0,CENTRO,14
2024-02-24 15:00:00,1.98,64.0,3.7,6.2,20.25,10.2,44.0,3.6,12.1,94.0,CENTRO,15
2024-02-24 16:00:00,1.99,64.0,3.3,6.2,19.0,9.8,39.0,3.6,11.9,113.0,CENTRO,16
2024-02-24 17:00:00,1.98,62.0,3.0,6.1,17.744999999999997,9.3,41.0,3.5,12.4,113.0,CENTRO,17
2024-02-24 18:00:00,2.0,58.0,3.0,8.4,17.0,11.6,39.0,3.5,12.0,75.0,CENTRO,18
2024-02-24 19:00:00,2.08,50.0,3.0,13.1,16.525,16.3,44.0,3.6,10.2,68.0,CENTRO,19
2024-02-24 20:00:00,2.11,44.0,3.6,14.5,13.80208695652174,18.4,50.0,3.7,8.6,98.0,CENTRO,20
2024-02-24 21:00:00,2.09,49.0,2.9,10.0,13.601565217391304,13.1,44.0,3.7,8.1,96.0,CENTRO,21
2024-02-24 22:00:00,2.12,46.0,2.8,11.4,13.401043478260869,14.4,35.0,3.8,9.0,61.0,CENTRO,22
2024-02-24 23:00:00,2.14,45.0,2.9,12.1,13.200521739130433,15.3,49.0,3.7,8.8,48.0,CENTRO,23
2024-02-25 00:00:00,2.1,43.0,2.9,13.1,13.0,16.0,32.0,3.8,6.4,28.0,CENTRO,0
2024-02-25 01:00:00,2.1,43.0,2.9,10.6,15.0,13.5,36.0,3.8,5.6,26.0,CENTRO,1
2024-02-25 02:00:00,2.16,36.0,3.0,16.1,19.0,19.1,43.0,4.0,4.7,22.0,CENTRO,2
2024-02-25 03:00:00,2.19,26.0,3.0,21.4,23.0,24.4,54.0,4.5,2.0,2.0,CENTRO,3
2024-02-25 04:00:00,2.19,22.0,3.2,22.5,25.0,25.7,56.0,4.4,1.7,327.0,CENTRO,4
2024-02-25 05:00:00,2.21,18.0,3.4,24.3,23.0,27.7,50.0,4.2,1.6,256.0,CENTRO,5
2024-02-25 06:00:00,2.23,11.0,5.3,27.2,30.0,32.6,65.0,4.1,2.7,249.0,CENTRO,6
2024-02-25 07:00:00,2.28,12.0,6.9,24.4,28.0,31.3,63.0,4.0,2.1,285.0,CENTRO,7
2024-02-25 08:00:00,2.26,15.0,6.4,22.3,25.0,28.7,59.0,4.1,1.9,251.0,CENTRO,8
2024-02-25 09:00:00,2.2,21.0,12.7,21.6,27.0,34.2,63.0,4.9,0.3,30.0,CENTRO,9
2024-02-25 10:00:00,2.28,28.0,15.1,23.1,32.0,38.3,74.0,5.8,3.4,21.0,CENTRO,10
2024-02-25 11:00:00,2.3,35.0,15.7,27.2,31.0,42.9,74.0,6.7,4.9,28.0,CENTRO,11
2024-02-25 12:00:00,2.34,37.0,19.3,35.2,40.0,54.5,89.0,10.3,4.5,81.0,CENTRO,12
2024-02-25 13:00:00,2.47,46.0,17.3,42.3,62.0,59.6,128.0,12.3,5.5,83.0,CENTRO,13
2024-02-25 14:00:00,2.65,82.0,8.2,31.1,83.0,39.3,147.0,7.9,6.7,71.0,CENTRO,14
2024-02-25 15:00:00,2.52,114.0,4.9,20.0,43.0,24.9,89.0,5.6,6.5,66.0,CENTRO,15
2024-02-25 16:00:00,2.35,117.0,4.2,14.8,47.0,19.0,85.0,5.1,7.3,51.0,CENTRO,16
2024-02-25 17:00:00,2.3,104.0,4.0,12.9,25.0,16.9,59.0,4.9,7.9,57.0,CENTRO,17
2024-02-25 18:00:00,2.29,90.0,3.7,14.1,23.0,17.7,60.0,4.5,7.1,65.0,CENTRO,18
2024-02-25 19:00:00,2.33,77.0,3.5,18.5,24.0,22.0,57.0,5.0,7.1,59.0,CENTRO,19
2024-02-25 20:00:00,2.33,56.0,3.5,21.9,24.0,25.4,59.0,4.6,7.7,42.0,CENTRO,20
2024-02-25 21:00:00,2.33,40.0,3.5,22.5,25.0,26.1,59.0,4.2,7.9,34.0,CENTRO,21
2024-02-25 22:00:00,2.34,25.0,3.7,30.1,26.0,33.7,62.0,4.3,2.8,17.0,CENTRO,22
2024-02-25 23:00:00,2.59,13.0,4.6,35.3,34.0,39.8,81.0,4.5,2.6,270.0,CENTRO,23
2024-02-26 00:00:00,2.7,11.0,6.9,35.6,36.0,42.5,87.0,4.3,3.4,243.0,CENTRO,0
2024-02-26 01:00:00,2.58,14.0,4.9,34.5,31.0,39.4,73.0,4.8,2.8,226.0,CENTRO,1
2024-02-26 02:00:00,2.44,18.0,3.8,31.5,30.0,35.3,78.0,4.8,0.9,266.0,CENTRO,2
2024-02-26 03:00:00,2.41,16.0,3.8,32.1,30.0,35.9,74.0,4.5,1.7,271.0,CENTRO,3
2024-02-26 04:00:00,2.44,13.0,4.2,30.3,29.0,34.5,73.0,4.2,1.4,221.0,CENTRO,4
2024-02-26 05:00:00,2.27,22.0,3.8,21.5,25.0,25.3,59.0,4.3,1.0,293.0,CENTRO,5
2024-02-26 06:00:00,2.14,23.0,3.9,22.2,23.0,26.1,66.0,4.3,2.1,261.0,CENTRO,6
2024-02-26 07:00:00,2.34,10.0,12.8,34.0,26.0,46.9,88.0,4.6,1.3,280.0,CENTRO,7
2024-02-26 08:00:00,3.09,10.0,82.8,36.3,29.0,119.1,148.0,5.3,2.7,318.0,CENTRO,8
2024-02-26 09:00:00,3.31,12.0,89.3,41.3,28.0,130.6,138.0,5.7,3.4,306.0,CENTRO,9
2024-02-26 10:00:00,3.18,21.0,44.2,47.0,39.0,91.2,167.0,5.8,3.4,10.0,CENTRO,10
2024-02-26 11:00:00,3.01,32.0,30.4,52.9,45.0,83.4,153.0,6.4,4.2,34.0,CENTRO,11
2024-02-26 12:00:00,2.7,53.0,14.3,41.2,35.0,55.4,127.0,8.1,4.2,46.0,CENTRO,12
2024-02-26 13:00:00,2.69,70.0,9.7,42.6,36.0,52.3,119.0,7.7,6.1,74.0,CENTRO,13
2024-02-26 14:00:00,2.36,94.0,6.1,29.0,27.0,35.1,107.0,6.4,5.5,72.0,CENTRO,14
2024-02-26 15:00:00,2.3,122.0,4.8,25.9,29.0,30.7,109.0,5.4,8.0,73.0,CENTRO,15
2024-02-26 16:00:00,2.48,157.0,4.2,24.7,39.0,28.9,122.0,8.0,9.2,65.0,CENTRO,16
2024-02-26 17:00:00,2.44,142.0,4.2,22.5,39.0,26.7,107.0,12.9,9.4,56.0,CENTRO,17
2024-02-26 18:00:00,2.51,114.0,4.1,24.7,34.0,28.7,93.0,9.6,6.6,61.0,CENTRO,18
2024-02-26 19:00:00,2.44,94.0,3.9,21.5,28.0,25.3,72.0,6.6,7.3,106.0,CENTRO,19
2024-02-26 20:00:00,2.38,69.0,3.8,19.2,24.0,23.0,61.0,5.3,6.4,91.0,CENTRO,20
2024-02-26 21:00:00,2.22,56.0,3.6,13.0,21.0,16.6,52.0,4.6,7.0,93.0,CENTRO,21
2024-02-26 22:00:00,2.57,32.0,3.8,35.7,26.0,39.4,65.0,4.1,3.0,191.0,CENTRO,22
2024-02-26 23:00:00,2.7,12.0,9.6,42.2,29.0,51.8,79.0,4.1,3.7,242.0,CENTRO,23
2024-02-27 00:00:00,2.71,19.0,4.9,48.1,35.0,53.0,100.0,5.1,3.0,229.0,CENTRO,0
2024-02-27 01:00:00,2.97,12.0,15.7,47.8,38.0,63.5,111.0,5.5,1.7,288.0,CENTRO,1
2024-02-27 02:00:00,2.96,9.0,43.4,35.7,40.0,79.1,154.0,5.0,0.9,246.0,CENTRO,2
2024-02-27 03:00:00,2.97,9.0,43.1,38.4,39.0,81.6,144.0,4.9,0.9,245.0,CENTRO,3
2024-02-27 04:00:00,2.62,9.0,18.4,42.3,34.0,60.7,106.0,4.8,1.9,310.0,CENTRO,4
2024-02-27 05:00:00,2.36,12.0,5.3,37.3,30.0,42.6,82.0,5.0,2.2,223.0,CENTRO,5
2024-02-27 06:00:00,2.27,18.0,4.5,30.8,26.0,35.2,81.0,5.4,2.5,274.0,CENTRO,6
2024-02-27 07:00:00,2.5,12.0,16.4,39.4,28.0,55.8,102.0,5.5,1.6,308.0,CENTRO,7
2024-02-27 08:00:00,2.49,15.0,28.8,41.2,25.0,70.0,111.0,7.2,6.5,217.0,CENTRO,8
2024-02-27 09:00:00,2.25,29.0,12.5,38.2,20.0,50.7,124.0,8.0,7.7,223.0,CENTRO,9
2024-02-27 10:00:00,2.07,35.0,11.1,34.9,18.0,46.0,105.0,7.3,2.9,221.0,CENTRO,10
2024-02-27 11:00:00,2.24,44.0,13.1,34.3,20.0,47.4,130.0,7.2,6.8,200.0,CENTRO,11
2024-02-27 12:00:00,1.95,65.0,5.8,15.1,13.0,20.9,72.0,4.4,3.3,288.0,CENTRO,12
2024-02-27 13:00:00,1.93,72.0,4.8,9.7,12.0,14.6,59.0,3.7,9.5,312.0,CENTRO,13
2024-02-27 14:00:00,1.88,77.0,4.5,8.0,11.0,12.5,50.0,3.8,4.2,319.0,CENTRO,14
2024-02-27 15:00:00,1.9,74.0,4.3,8.8,11.0,13.1,41.0,3.7,8.6,316.0,CENTRO,15
2024-02-27 16:00:00,1.95,75.0,4.4,8.6,11.5,13.1,44.0,4.0,9.1,331.0,CENTRO,16
2024-02-27 17:00:00,1.98,72.0,4.6,11.0,12.0,15.5,43.0,4.0,4.5,316.0,CENTRO,17
2024-02-27 18:00:00,2.1,62.0,4.4,17.6,12.0,22.0,42.0,4.1,2.1,329.0,CENTRO,18
2024-02-27 19:00:00,2.35,66.0,4.3,28.6,18.0,32.9,64.0,4.5,3.6,78.0,CENTRO,19
2024-02-27 20:00:00,2.74,41.0,4.6,49.6,24.0,54.2,105.0,4.7,6.0,87.0,CENTRO,20
2024-02-27 21:00:00,2.78,27.0,4.5,48.2,33.0,52.7,115.0,4.7,1.9,340.0,CENTRO,21
2024-02-27 22:00:00,2.58,17.0,6.8,48.7,34.0,55.6,96.0,5.3,3.4,310.0,CENTRO,22
2024-02-27 23:00:00,2.63,11.0,6.7,49.6,38.0,56.2,110.0,6.3,3.3,282.0,CENTRO,23
2024-02-28 00:00:00,2.7,16.0,23.6,45.9,37.0,69.6,116.0,8.2,4.4,232.0,CENTRO,0
2024-02-28 01:00:00,2.42,13.0,19.4,49.6,36.0,69.0,136.0,13.6,7.0,219.0,CENTRO,1
2024-02-28 02:00:00,2.21,26.0,3.8,32.9,27.0,36.7,88.0,10.3,3.6,229.0,CENTRO,2
2024-02-28 03:00:00,2.15,29.0,3.9,30.7,27.0,34.5,84.0,7.9,1.3,194.0,CENTRO,3
2024-02-28 04:00:00,2.09,29.0,3.9,31.2,26.0,35.1,82.0,9.0,2.9,243.0,CENTRO,4
2024-02-28 05:00:00,2.07,29.0,6.05,32.1,25.0,36.0,96.0,9.6,3.0,254.0,CENTRO,5
2024-02-28 06:00:00,2.28,15.0,8.2,39.3,33.0,47.5,143.0,7.4,1.3,327.0,CENTRO,6
2024-02-28 07:00:00,2.48,9.0,25.2,41.2,38.0,66.4,174.0,5.9,0.9,241.0,CENTRO,7
2024-02-28 08:00:00,3.07,10.0,75.0,44.4,40.0,119.4,224.0,6.0,3.0,281.0,CENTRO,8
2024-02-28 09:00:00,3.35,12.0,79.5,47.9,40.0,127.4,234.0,6.3,3.2,314.0,CENTRO,9
2024-02-28 10:00:00,2.67,25.0,28.8,45.4,32.0,74.3,174.0,7.6,3.1,303.0,CENTRO,10
2024-02-28 11:00:00,2.49,37.0,17.1,38.7,26.0,55.9,135.0,5.7,1.5,331.0,CENTRO,11
2024-02-28 12:00:00,2.2,52.0,9.7,23.5,18.0,33.2,111.0,6.4,8.8,26.0,CENTRO,12
2024-02-28 13:00:00,2.03,58.0,6.4,10.3,19.0,16.7,142.0,6.3,16.3,7.0,CENTRO,13
2024-02-28 14:00:00,2.16,61.0,5.8,10.0,36.0,15.8,238.0,5.2,18.7,20.0,CENTRO,14
2024-02-28 15:00:00,2.22,60.0,5.4,11.1,41.0,16.4,185.0,4.5,16.4,25.0,CENTRO,15
2024-02-28 16:00:00,2.15,54.0,5.0,9.5,34.0,14.5,110.0,4.8,15.9,29.0,CENTRO,16
2024-02-28 17:00:00,2.13,47.0,5.1,10.5,26.0,15.6,89.0,4.6,12.9,25.0,CENTRO,17
2024-02-28 18:00:00,2.17,40.0,4.2,13.2,28.0,17.5,83.0,4.4,12.5,69.0,CENTRO,18
2024-02-28 19:00:00,2.11,43.0,3.9,14.6,30.0,18.5,119.0,3.9,12.4,43.0,CENTRO,19
2024-02-28 20:00:00,2.07,44.0,4.3,16.5,38.0,20.8,152.0,3.9,15.9,5.0,CENTRO,20
2024-02-28 21:00:00,2.0,52.0,3.4,11.7,43.0,15.1,181.0,3.5,16.3,5.0,CENTRO,21
2024-02-28 22:00:00,2.0,50.0,3.2,11.2,41.0,14.4,148.0,4.3,12.6,355.0,CENTRO,22
2024-02-28 23:00:00,2.05,51.0,3.2,12.1,64.0,15.3,174.0,4.9,13.7,9.0,CENTRO,23
2024-02-29 00:00:00,2.02,51.0,3.1,11.1,72.0,14.2,184.0,4.2,13.1,17.0,CENTRO,0
2024-02-29 01:00:00,2.08,49.0,3.0,12.0,94.0,14.9,204.0,5.9,12.5,13.0,CENTRO,1
2024-02-29 02:00:00,2.09,46.0,3.0,12.1,83.0,15.0,181.0,6.2,13.1,6.0,CENTRO,2
2024-02-29 03:00:00,2.01,43.0,2.9499999999999997,11.6,69.0,14.6,150.0,6.3,13.1,3.0,CENTRO,3
2024-02-29 04:00:00,1.91,42.0,2.9,10.0,48.0,12.9,112.0,3.8,12.5,9.0,CENTRO,4
2024-02-29 05:00:00,1.89,40.0,2.9,7.9,35.0,10.8,85.0,4.6,9.8,6.0,CENTRO,5
2024-02-29 06:00:00,1.95,33.0,3.3000000000000003,11.8,25.0,14.7,75.0,7.0,11.1,359.0,CENTRO,6
2024-02-29 07:00:00,1.99,26.0,3.7,18.6,23.0,22.3,72.0,6.7,8.9,4.0,CENTRO,7
2024-02-29 08:00:00,2.09,27.0,5.8,20.8,39.0,26.6,107.0,5.8,5.6,76.0,CENTRO,8
2024-02-29 09:00:00,2.02,39.0,4.3,10.6,48.0,14.9,116.0,3.6,10.7,120.0,CENTRO,9
2024-02-29 10:00:00,2.02,41.0,4.9,10.2,47.0,15.1,112.0,3.5,9.1,114.0,CENTRO,10
2024-02-29 11:00:00,2.01,45.0,4.4,8.0,45.0,12.5,107.0,3.7,6.0,90.0,CENTRO,11
2024-02-29 12:00:00,2.12,31.0,13.5,21.0,41.0,34.5,119.0,12.1,7.0,42.0,CENTRO,12
2024-02-29 13:00:00,2.18,30.0,15.4,22.8,35.0,38.2,113.0,12.6,7.9,49.0,CENTRO,13
2024-02-29 14:00:00,2.17,35.0,12.8,22.0,36.0,34.8,116.0,11.9,8.5,37.0,CENTRO,14
2024-02-29 15:00:00,2.14,39.0,9.6,20.4,34.0,30.0,107.0,9.2,8.6,72.0,CENTRO,15
2024-02-29 16:00:00,2.13,43.0,8.0,19.6,35.0,27.6,101.0,7.2,7.3,58.0,CENTRO,16
2024-02-29 17:00:00,2.15,46.0,6.5,19.7,33.0,26.2,97.0,7.8,7.4,72.0,CENTRO,17
2024-02-29 18:00:00,2.15,45.0,5.5,21.2,32.0,26.7,97.0,10.2,8.1,61.0,CENTRO,18
2024-02-29 19:00:00,2.17,38.0,4.4,22.6,29.0,27.0,93.0,7.5,7.9,73.0,CENTRO,19
2024-02-29 20:00:00,2.2,33.0,4.0,23.0,29.0,27.1,93.0,5.1,7.2,60.0,CENTRO,20
2024-02-29 21:00:00,2.16,30.0,4.0,22.9,26.0,26.9,82.0,3.8,7.0,43.0,CENTRO,21
2024-02-29 22:00:00,2.18,25.0,4.1,23.8,28.0,27.9,85.0,3.8,8.1,45.0,CENTRO,22
2024-02-29 23:00:00,2.08,32.0,4.5,16.8,25.0,21.3,73.0,3.7,7.0,48.0,CENTRO,23
2024-03-01 00:00:00,2.085,23.5,6.55,22.55,26.0,29.15,74.5,6.45,6.1,39.0,CENTRO,0
2024-03-01 01:00:00,2.09,15.0,8.6,28.3,27.0,37.0,76.0,9.2,5.2,30.0,CENTRO,1
2024-03-01 02:00:00,2.06,16.0,7.9,25.8,25.0,33.7,65.0,9.3,3.5,34.0,CENTRO,2
2024-03-01 03:00:00,2.08,9.0,7.0,31.2,29.0,38.2,76.0,9.6,1.6,261.0,CENTRO,3
2024-03-01 04:00:00,2.1,12.0,4.1,28.1,26.0,32.2,68.0,7.1,1.7,324.0,CENTRO,4
2024-03-01 05:00:00,2.26,12.0,3.7,27.3,30.0,31.0,85.0,5.0,2.3,349.0,CENTRO,5
2024-03-01 06:00:00,2.24,10.0,6.6,28.2,30.0,34.7,87.0,6.5,2.5,3.0,CENTRO,6
2024-03-01 07:00:00,2.31,9.0,27.5,31.2,33.0,58.7,106.0,5.6,3.1,4.0,CENTRO,7
2024-03-01 08:00:00,2.48,10.0,45.4,31.5,37.0,77.0,154.0,5.0,0.5,167.0,CENTRO,8
2024-03-01 09:00:00,2.64,13.0,48.7,33.0,37.0,81.7,124.0,5.7,3.2,69.0,CENTRO,9
2024-03-01 10:00:00,2.86,15.0,70.8,43.8,60.0,114.7,177.0,13.9,4.6,51.0,CENTRO,10
2024-03-01 11:00:00,2.92,21.0,58.2,50.9,78.0,109.0,251.0,22.3,4.8,47.0,CENTRO,11
2024-03-01 12:00:00,2.62,32.0,26.5,43.6,64.0,70.1,219.0,10.5,4.8,67.0,CENTRO,12
2024-03-01 13:00:00,2.74,45.0,20.5,49.7,78.0,70.2,213.0,11.1,5.1,44.0,CENTRO,13
2024-03-01 14:00:00,2.59,55.0,14.3,45.1,78.0,59.4,199.0,11.6,5.6,87.0,CENTRO,14
2024-03-01 15:00:00,2.37,69.0,8.8,33.5,55.0,42.3,165.0,9.0,6.6,89.0,CENTRO,15
2024-03-01 16:00:00,2.26,75.0,6.9,27.4,40.0,34.3,126.0,8.3,6.6,93.0,CENTRO,16
2024-03-01 17:00:00,2.2,78.0,5.8,22.4,31.0,28.2,102.0,6.8,4.8,85.0,CENTRO,17
2024-03-01 18:00:00,2.19,79.0,4.6,19.8,29.0,24.4,92.0,5.3,5.2,67.0,CENTRO,18
2024-03-01 19:00:00,2.35,64.0,4.2,28.5,30.0,32.7,107.0,6.8,9.0,68.0,CENTRO,19
2024-03-01 20:00:00,2.41,57.0,4.1,30.0,32.0,34.1,96.0,5.8,7.5,66.0,CENTRO,20
2024-03-01 21:00:00,2.32,31.0,4.5,27.9,24.0,32.4,71.0,4.8,7.7,39.0,CENTRO,21
2024-03-01 22:00:00,2.27,40.0,4.2,23.2,26.0,27.4,68.0,4.6,6.8,68.0,CENTRO,22
2024-03-01 23:00:00,2.16,43.0,4.0,15.7,24.0,19.7,64.0,4.4,5.0,107.0,CENTRO,23
2024-03-02 00:00:00,2.15,41.0,3.7,14.0,23.0,17.6,54.0,4.1,5.1,90.0,CENTRO,0
2024-03-02 01:00:00,2.27,20.0,4.3,27.4,26.0,31.6,66.0,4.2,3.9,2.0,CENTRO,1
2024-03-02 02:00:00,2.23,18.0,4.2,27.1,25.0,31.4,72.0,4.5,3.4,351.0,CENTRO,2
2024-03-02 03:00:00,2.24,11.0,4.6,31.4,28.0,36.1,79.0,4.7,1.5,297.0,CENTRO,3
2024-03-02 04:00:00,2.27,10.0,8.1,32.3,28.0,40.4,69.0,4.5,1.6,263.0,CENTRO,4
2024-03-02 05:00:00,2.38,9.0,12.8,32.4,30.0,45.2,79.0,4.3,1.7,291.0,CENTRO,5
2024-03-02 06:00:00,2.38,9.0,12.0,30.1,33.0,42.1,86.0,4.2,1.6,268.0,CENTRO,6
2024-03-02 07:00:00,2.5,9.0,27.1,33.7,40.0,60.9,116.0,4.8,1.6,282.0,CENTRO,7
2024-03-02 08:00:00,2.81,10.0,57.7,34.9,43.0,92.7,131.0,5.6,2.0,327.0,CENTRO,8
2024-03-02 09:00:00,3.11,13.0,65.0,42.8,52.0,107.8,177.0,6.7,3.7,359.0,CENTRO,9
2024-03-02 10:00:00,3.28,19.0,60.1,54.8,66.0,114.9,225.0,6.7,4.0,355.0,CENTRO,10
2024-03-02 11:00:00,2.79,36.0,29.0,48.6,57.0,77.6,182.0,6.2,3.9,22.0,CENTRO,11
2024-03-02 12:00:00,2.85,46.0,23.9,60.3,79.0,84.1,202.0,12.2,5.8,46.0,CENTRO,12
2024-03-02 13:00:00,2.64,73.0,12.5,45.6,67.0,58.1,176.0,11.2,9.4,52.0,CENTRO,13
2024-03-02 14:00:00,2.42,92.0,6.6,26.9,39.0,33.5,130.0,5.8,12.3,53.0,CENTRO,14
2024-03-02 15:00:00,2.14,87.0,5.4,15.7,21.0,21.0,82.0,5.8,15.9,63.0,CENTRO,15
2024-03-02 16:00:00,2.11,95.0,4.6,13.3,21.0,18.0,69.0,9.2,13.9,72.0,CENTRO,16
2024-03-02 17:00:00,2.06,94.0,4.2,10.9,20.0,15.1,49.0,7.3,12.5,101.0,CENTRO,17
2024-03-02 18:00:00,2.09,73.0,4.2,12.2,19.0,16.4,50.0,5.9,12.7,73.0,CENTRO,18
2024-03-02 19:00:00,2.08,53.0,3.9,11.6,17.0,15.5,46.0,4.3,13.4,73.0,CENTRO,19
2024-03-02 20:00:00,2.1,48.0,3.5,13.4,15.0,16.9,43.0,3.9,8.6,96.0,CENTRO,20
2024-03-02 21:00:00,2.1,50.0,3.3,11.5,16.0,14.8,40.0,3.9,9.0,105.0,CENTRO,21
2024-03-02 22:00:00,2.12,49.0,3.2,11.3,19.0,14.5,42.0,3.9,6.8,90.0,CENTRO,22
2024-03-02 23:00:00,2.19,42.0,3.3,14.8,23.0,18.1,49.0,4.0,5.1,73.0,CENTRO,23
2024-03-03 00:00:00,2.28,28.0,3.4,21.8,25.0,25.2,59.0,4.0,4.3,23.0,CENTRO,0
2024-03-03 01:00:00,2.32,13.0,5.1,31.3,34.0,36.5,104.0,4.7,5.0,317.0,CENTRO,1
2024-03-03 02:00:00,2.28,13.0,6.3,28.7,34.0,35.0,95.0,5.6,5.2,2.0,CENTRO,2
2024-03-03 03:00:00,2.33,14.0,6.2,24.0,36.0,30.2,75.0,5.8,4.9,57.0,CENTRO,3
2024-03-03 04:00:00,2.32,10.0,6.5,25.7,38.0,32.2,82.0,5.4,3.5,54.0,CENTRO,4
2024-03-03 05:00:00,2.32,8.0,6.3,25.2,43.0,31.6,94.0,5.2,0.6,3.0,CENTRO,5
2024-03-03 06:00:00,2.37,10.0,4.4,21.4,44.0,25.8,83.0,4.8,1.2,287.0,CENTRO,6
2024-03-03 07:00:00,2.43,10.0,5.0,18.9,42.0,23.9,78.0,4.5,1.5,276.0,CENTRO,7
2024-03-03 08:00:00,2.47,9.0,14.9,23.4,40.0,38.3,81.0,4.4,1.9,234.0,CENTRO,8
2024-03-03 09:00:00,2.46,17.0,14.3,26.5,38.0,40.8,94.0,4.5,0.8,239.0,CENTRO,9
2024-03-03 10:00:00,2.5,31.0,12.8,24.1,51.0,36.9,116.0,5.1,3.1,71.0,CENTRO,10
2024-03-03 11:00:00,2.47,44.0,10.0,24.0,51.0,34.0,104.0,5.4,3.0,35.0,CENTRO,11
2024-03-03 12:00:00,2.77,42.0,20.6,44.9,69.0,65.5,148.0,7.7,5.1,68.0,CENTRO,12
2024-03-03 13:00:00,2.78,66.0,10.9,37.1,66.0,48.0,149.0,11.0,8.5,61.0,CENTRO,13
2024-03-03 14:00:00,2.49,94.0,5.9,24.4,49.0,30.2,110.0,9.1,7.5,78.0,CENTRO,14
2024-03-03 15:00:00,2.31,99.0,4.8,18.1,37.0,23.0,86.0,8.5,6.1,90.0,CENTRO,15
2024-03-03 16:00:00,2.26,101.0,4.3,15.6,32.0,19.9,75.0,8.1,7.1,79.0,CENTRO,16
2024-03-03 17:00:00,2.23,100.0,3.8,12.9,30.0,16.7,74.0,6.8,7.1,65.0,CENTRO,17
2024-03-03 18:00:00,2.21,78.0,3.6,12.1,30.0,15.7,72.0,10.1,10.6,66.0,CENTRO,18
2024-03-03 19:00:00,2.27,50.0,3.6,15.3,29.0,19.0,69.0,12.2,10.5,63.0,CENTRO,19
2024-03-03 20:00:00,2.28,34.0,3.55,15.4,28.0,19.0,62.0,10.1,9.2,64.0,CENTRO,20
2024-03-03 21:00:00,2.21,38.0,3.5,10.8,27.0,14.3,53.0,7.9,8.3,81.0,CENTRO,21
2024-03-03 22:00:00,2.19,37.0,3.1,9.6,27.0,12.7,48.0,5.6,5.4,74.0,CENTRO,22
2024-03-03 23:00:00,2.22,33.0,3.1,11.4,25.0,14.4,47.0,4.8,3.1,69.0,CENTRO,23
2024-03-04 00:00:00,2.29,24.0,3.7,17.4,28.0,21.1,56.0,4.6,6.2,40.0,CENTRO,0
2024-03-04 01:00:00,2.36,13.0,4.2,22.2,31.0,26.4,72.0,5.2,4.4,15.0,CENTRO,1
2024-03-04 02:00:00,2.24,18.0,3.5,12.9,28.0,16.4,57.0,5.0,5.4,20.0,CENTRO,2
2024-03-04 03:00:00,2.19,16.0,4.0,12.1,29.0,16.1,50.0,4.4,4.3,31.0,CENTRO,3
2024-03-04 04:00:00,2.24,9.0,5.7,20.3,41.0,26.0,77.0,4.6,1.3,16.0,CENTRO,4
2024-03-04 05:00:00,2.3,11.0,3.4,19.7,46.0,23.2,85.0,4.7,1.1,236.0,CENTRO,5
2024-03-04 06:00:00,2.26,13.0,3.7,20.0,41.0,23.7,76.0,5.1,3.7,231.0,CENTRO,6
2024-03-04 07:00:00,2.42,10.0,11.6,29.8,41.0,41.4,101.0,9.3,6.1,219.0,CENTRO,7
2024-03-04 08:00:00,2.64,10.0,36.6,31.8,43.0,68.5,125.0,8.8,3.2,216.0,CENTRO,8
2024-03-04 09:00:00,2.77,13.0,37.2,38.4,42.0,75.7,126.0,10.0,2.9,257.0,CENTRO,9
2024-03-04 10:00:00,3.02,18.0,43.1,41.9,50.0,85.0,152.0,8.0,4.5,6.0,CENTRO,10
2024-03-04 11:00:00,3.17,30.0,20.3,37.1,62.0,57.4,156.0,6.4,5.3,10.0,CENTRO,11
2024-03-04 12:00:00,3.33,32.0,26.5,61.8,89.0,88.3,240.0,8.2,6.0,37.0,CENTRO,12
2024-03-04 13:00:00,2.85,49.0,13.7,47.3,75.0,61.1,208.0,10.2,6.4,22.0,CENTRO,13
2024-03-04 14:00:00,2.66,69.0,9.0,38.3,62.0,47.3,156.0,10.4,4.2,47.0,CENTRO,14
2024-03-04 15:00:00,2.52,72.0,6.8,28.6,47.0,35.4,123.0,8.5,6.1,62.0,CENTRO,15
2024-03-04 16:00:00,2.46,80.0,6.0,23.6,39.0,29.5,102.0,7.5,6.6,21.0,CENTRO,16
2024-03-04 17:00:00,2.35,56.0,5.7,19.7,34.0,25.4,88.0,6.0,9.3,67.0,CENTRO,17
2024-03-04 18:00:00,2.35,43.0,4.7,17.7,34.0,22.4,77.0,5.6,10.1,74.0,CENTRO,18
2024-03-04 19:00:00,2.4,28.0,4.2,18.3,33.0,22.6,74.0,5.0,9.2,72.0,CENTRO,19
2024-03-04 20:00:00,2.36,25.0,3.8,15.3,33.0,19.1,71.0,4.7,6.7,87.0,CENTRO,20
2024-03-04 21:00:00,2.42,20.0,4.1,20.2,34.0,24.2,72.0,5.0,3.9,97.0,CENTRO,21
2024-03-04 22:00:00,2.24,29.0,3.6,10.6,33.0,14.2,62.0,5.1,7.7,87.0,CENTRO,22
2024-03-04 23:00:00,2.25,25.0,3.5,11.2,34.0,14.8,60.0,4.9,6.3,72.0,CENTRO,23
2024-03-05 00:00:00,2.25,23.0,3.1,12.8,32.0,15.8,54.0,4.5,3.9,127.0,CENTRO,0
2024-03-05 01:00:00,2.27,18.0,3.3,15.6,32.0,18.9,56.0,4.2,1.5,165.0,CENTRO,1
2024-03-05 02:00:00,2.19,24.0,3.2,10.2,33.0,13.4,53.0,3.9,4.1,355.0,CENTRO,2
2024-03-05 03:00:00,2.21,17.0,3.3,15.7,34.0,19.1,63.0,3.8,2.3,2.0,CENTRO,3
2024-03-05 04:00:00,2.25,18.0,3.3,13.0,35.0,16.3,60.0,3.8,2.2,256.0,CENTRO,4
2024-03-05 05:00:00,2.32,16.0,10.95,12.9,35.0,16.2,61.0,3.7,2.1,239.0,CENTRO,5
2024-03-05 06:00:00,2.34,9.0,18.6,24.7,46.0,43.3,118.0,4.2,2.4,225.0,CENTRO,6
2024-03-05 07:00:00,2.51,9.0,39.9,28.0,53.0,67.9,185.0,6.8,4.0,224.0,CENTRO,7
2024-03-05 08:00:00,2.69,10.0,58.3,30.2,44.0,88.5,159.0,9.7,3.1,245.0,CENTRO,8
2024-03-05 09:00:00,2.88,13.0,65.9,37.9,42.0,103.7,171.0,11.3,2.7,254.0,CENTRO,9
2024-03-05 10:00:00,3.22,17.0,56.2,43.4,56.0,99.6,199.0,8.1,4.7,2.0,CENTRO,10
2024-03-05 11:00:00,2.8,28.0,31.3,43.3,51.0,74.6,171.0,7.5,5.0,11.0,CENTRO,11
2024-03-05 12:00:00,2.38,46.0,14.4,32.5,29.0,46.9,108.0,5.8,2.8,54.0,CENTRO,12
2024-03-05 13:00:00,2.35,57.0,10.3,29.6,24.0,39.9,87.0,8.5,5.4,84.0,CENTRO,13
2024-03-05 14:00:00,2.12,72.0,6.4,18.6,16.0,25.0,65.0,5.9,5.9,69.0,CENTRO,14
2024-03-05 15:00:00,2.04,82.0,5.1,14.7,14.0,19.8,59.0,5.2,6.8,52.0,CENTRO,15
2024-03-05 16:00:00,2.02,92.0,4.3,12.2,13.0,16.5,51.0,4.0,6.1,73.0,CENTRO,16
2024-03-05 17:00:00,2.09,101.0,4.1,13.3,15.0,17.4,54.0,4.6,5.7,99.0,CENTRO,17
2024-03-05 18:00:00,2.13,88.0,4.0,13.2,19.0,17.1,61.0,5.3,9.2,117.0,CENTRO,18
2024-03-05 19:00:00,2.17,52.0,4.0,14.2,20.0,18.1,57.0,4.6,10.4,111.0,CENTRO,19
2024-03-05 20:00:00,2.18,41.0,3.7,14.0,20.0,17.6,50.0,4.2,9.5,108.0,CENTRO,20
2024-03-05 21:00:00,2.12,42.0,3.4,10.1,19.5,13.5,42.0,4.1,9.6,110.0,CENTRO,21
2024-03-05 22:00:00,2.09,42.0,3.1,8.0,19.0,11.1,42.0,3.9,9.2,107.0,CENTRO,22
2024-03-05 23:00:00,2.06,45.0,2.9,5.4,19.0,8.3,49.0,3.8,12.0,113.0,CENTRO,23
2024-03-06 00:00:00,2.05,44.0,2.8,5.3,21.333333333333332,8.1,40.0,3.6,9.2,118.0,CENTRO,0
2024-03-06 01:00:00,2.06,43.0,2.7,5.0,23.666666666666668,7.7,36.0,3.7,4.7,113.0,CENTRO,1
2024-03-06 02:00:00,2.1,29.0,3.2,14.6,26.0,17.8,50.0,3.8,4.5,36.0,CENTRO,2
2024-03-06 03:00:00,2.19,15.0,5.6,24.6,37.0,30.2,77.0,4.8,5.9,351.0,CENTRO,3
2024-03-06 04:00:00,2.27,20.0,3.2,16.8,45.0,20.1,83.0,4.3,5.1,13.0,CENTRO,4
2024-03-06 05:00:00,2.67,14.0,3.6,21.3,50.0,24.9,93.0,4.0,4.2,32.0,CENTRO,5
2024-03-06 06:00:00,2.32,10.0,8.3,22.2,54.0,30.5,103.0,4.4,4.1,69.0,CENTRO,6
2024-03-06 07:00:00,2.44,9.0,8.8,23.9,58.0,32.7,111.0,4.9,1.9,29.0,CENTRO,7
2024-03-06 08:00:00,2.67,10.0,12.3,23.8,61.0,36.2,118.0,5.1,1.6,309.0,CENTRO,8
2024-03-06 09:00:00,1.8,9.0,14.2,16.5,41.0,30.7,82.0,3.5,1.9,262.0,CENTRO,9
2024-03-06 10:00:00,1.745,19.25,13.4,21.275000000000002,46.25,34.675,97.75,4.825,2.65,211.25,CENTRO,10
2024-03-06 11:00:00,1.69,29.5,12.6,26.05,51.5,38.65,113.5,6.15,3.4000000000000004,160.5,CENTRO,11
2024-03-06 12:00:00,1.635,39.75,11.8,30.825000000000003,56.75,42.625,129.25,7.4750000000000005,4.15,109.75,CENTRO,12
2024-03-06 13:00:00,1.58,50.0,11.0,35.6,62.0,46.6,145.0,8.8,4.9,59.0,CENTRO,13
2024-03-06 14:00:00,1.6,75.0,6.4,28.9,63.0,35.3,139.0,9.2,6.7,50.0,CENTRO,14
2024-03-06 15:00:00,1.45,74.0,3.6,15.7,46.0,19.4,106.0,9.8,9.8,40.0,CENTRO,15
2024-03-06 16:00:00,1.48,63.0,3.4,10.6,38.0,14.0,81.0,7.4,9.1,78.0,CENTRO,16
2024-03-06 17:00:00,1.48,56.0,3.1,8.2,33.0,11.3,71.0,5.3,12.2,120.0,CENTRO,17
2024-03-06 18:00:00,1.54,48.0,3.3,9.2,30.0,12.5,64.0,4.5,10.6,121.0,CENTRO,18
2024-03-06 19:00:00,1.6,41.0,3.0,10.3,27.0,13.2,59.0,4.2,8.6,110.0,CENTRO,19
2024-03-06 20:00:00,1.65,33.0,2.9,12.5,25.0,15.4,55.0,3.9,9.0,113.0,CENTRO,20
2024-03-06 21:00:00,1.61,34.0,3.0,9.9,25.0,12.9,52.0,3.6,9.7,111.0,CENTRO,21
2024-03-06 22:00:00,1.64,31.0,2.8,7.4,24.0,10.1,49.0,3.7,10.7,109.0,CENTRO,22
2024-03-06 23:00:00,1.7,28.0,2.8,6.8,25.0,9.6,54.0,3.7,10.7,95.0,CENTRO,23
2024-03-07 00:00:00,1.78,22.0,2.9,10.5,28.0,13.4,54.0,3.6,9.1,59.0,CENTRO,0
2024-03-07 01:00:00,1.81,21.0,2.9,9.3,28.0,12.3,52.0,3.5,7.7,54.0,CENTRO,1
2024-03-07 02:00:00,1.77,24.0,2.7,5.7,30.0,8.4,51.0,3.4,7.9,61.0,CENTRO,2
2024-03-07 03:00:00,1.78,24.0,2.7,4.7,30.0,7.4,50.0,3.4,4.5,38.0,CENTRO,3
2024-03-07 04:00:00,1.8,20.0,4.6,9.3,30.75,13.9,53.0,3.4,4.6,50.0,CENTRO,4
2024-03-07 05:00:00,1.82,23.0,2.7,5.5,31.5,8.1,51.0,3.4,3.0,40.0,CENTRO,5
2024-03-07 06:00:00,1.86,20.0,2.8,7.6,32.25,10.3,52.0,3.4,5.5,67.0,CENTRO,6
2024-03-07 07:00:00,1.94,14.0,4.7,13.1,33.0,17.8,65.0,3.3,4.0,53.0,CENTRO,7
2024-03-07 08:00:00,2.16,10.0,11.5,18.4,34.0,29.9,71.0,3.4,4.3,68.0,CENTRO,8
2024-03-07 09:00:00,2.24,12.0,12.3,17.8,36.0,30.1,74.0,3.4,3.6,65.0,CENTRO,9
2024-03-07 10:00:00,2.34,15.0,18.5,21.5,42.0,40.0,92.0,3.5,0.7,336.0,CENTRO,10
2024-03-07 11:00:00,2.31,25.0,11.9,20.4,45.0,32.3,99.0,3.8,3.0,347.0,CENTRO,11
2024-03-07 12:00:00,2.35,40.0,10.0,21.2,48.0,31.2,106.0,4.1,4.0,21.0,CENTRO,12
2024-03-07 13:00:00,2.48,57.0,9.1,30.9,55.0,40.0,122.0,4.3,4.2,65.0,CENTRO,13
2024-03-07 14:00:00,2.5,69.0,9.2,37.6,61.0,46.9,139.0,6.0,5.9,76.0,CENTRO,14
2024-03-07 15:00:00,2.43,107.0,4.3,25.3,54.0,29.6,125.0,6.0,7.5,65.0,CENTRO,15
2024-03-07 16:00:00,2.34,113.0,3.6,19.9,49.0,23.5,110.0,5.0,8.9,72.0,CENTRO,16
2024-03-07 17:00:00,2.36,91.0,3.7,19.8,45.0,23.5,111.0,4.4,10.8,60.0,CENTRO,17
2024-03-07 18:00:00,2.34,73.0,3.6,18.4,42.0,22.0,93.0,4.1,10.3,56.0,CENTRO,18
2024-03-07 19:00:00,2.36,52.0,3.5,19.1,38.0,22.6,84.0,3.8,9.2,72.0,CENTRO,19
2024-03-07 20:00:00,2.33,47.0,3.1,19.3,38.0,22.5,85.0,3.9,8.8,68.0,CENTRO,20
2024-03-07 21:00:00,2.41,32.0,3.4,24.5,42.0,27.9,99.0,4.3,8.5,57.0,CENTRO,21
2024-03-07 22:00:00,2.35,37.0,3.6,19.7,44.0,23.3,92.0,4.4,6.2,68.0,CENTRO,22
2024-03-07 23:00:00,2.41,25.0,4.4,28.9,42.0,33.3,97.0,4.3,4.4,5.0,CENTRO,23
2024-03-08 00:00:00,2.54,10.0,7.6,39.6,45.0,47.2,109.0,4.2,1.6,354.0,CENTRO,0
2024-03-08 01:00:00,2.56,13.0,3.9,32.3,42.0,36.1,92.0,4.2,2.4,250.0,CENTRO,1
2024-03-08 02:00:00,2.59,12.0,4.0,33.0,42.0,37.0,90.0,4.1,2.3,192.0,CENTRO,2
2024-03-08 03:00:00,2.61,9.0,10.0,36.3,49.0,46.3,114.0,4.2,1.2,275.0,CENTRO,3
2024-03-08 04:00:00,2.59,9.0,16.4,33.7,48.0,50.1,102.0,4.4,2.4,265.0,CENTRO,4
2024-03-08 05:00:00,2.46,14.0,4.1,29.6,43.0,33.7,86.0,4.3,1.5,221.0,CENTRO,5
2024-03-08 06:00:00,2.59,13.0,4.8,28.0,54.0,32.9,111.0,5.0,0.2,306.0,CENTRO,6
2024-03-08 07:00:00,2.89,9.0,18.5,32.1,54.0,50.6,123.0,5.4,1.3,195.0,CENTRO,7
2024-03-08 08:00:00,3.17,10.0,53.7,33.6,50.0,87.3,134.0,6.1,1.5,175.0,CENTRO,8
2024-03-08 09:00:00,3.51,11.0,84.6,38.3,32.0,123.0,143.0,7.1,3.3,120.0,CENTRO,9
2024-03-08 10:00:00,3.55,13.0,68.8,44.6,35.0,113.4,138.0,6.4,6.1,115.0,CENTRO,10
2024-03-08 11:00:00,2.61,27.0,23.0,30.1,30.0,53.1,235.0,5.1,7.5,36.0,CENTRO,11
2024-03-08 12:00:00,2.12,42.0,7.2,11.1,24.0,18.3,229.0,3.6,12.9,21.0,CENTRO,12
2024-03-08 13:00:00,2.08,46.0,6.8,10.4,18.0,17.2,162.0,3.7,10.3,31.0,CENTRO,13
2024-03-08 14:00:00,2.1,48.0,6.7,11.1,17.0,17.8,140.0,4.1,9.0,39.0,CENTRO,14
2024-03-08 15:00:00,2.11,46.0,8.9,17.7,15.0,26.6,110.0,7.3,6.6,65.0,CENTRO,15
2024-03-08 16:00:00,2.12,61.0,5.4,12.6,13.0,18.0,91.0,4.5,5.9,66.0,CENTRO,16
2024-03-08 17:00:00,2.2,74.0,4.6,13.6,14.0,18.1,96.0,3.8,6.8,69.0,CENTRO,17
2024-03-08 18:00:00,2.18,74.0,4.0,12.7,15.0,16.7,102.0,3.7,8.1,103.0,CENTRO,18
2024-03-08 19:00:00,2.19,63.0,3.6,12.7,15.0,16.2,98.0,3.8,10.0,125.0,CENTRO,19
2024-03-08 20:00:00,2.22,49.0,3.4,14.4,18.0,17.8,100.0,4.4,10.8,124.0,CENTRO,20
2024-03-08 21:00:00,2.17,46.0,3.3,12.3,14.0,15.6,78.0,3.9,11.2,120.0,CENTRO,21
2024-03-08 22:00:00,2.19,43.0,3.2,13.7,15.0,16.9,76.0,3.8,9.1,107.0,CENTRO,22
2024-03-08 23:00:00,2.2,41.0,3.3,13.7,15.0,17.0,74.0,3.8,7.8,120.0,CENTRO,23
2024-03-09 00:00:00,2.25,33.0,3.2,17.7,16.0,20.9,75.0,3.7,0.9,97.0,CENTRO,0
2024-03-09 01:00:00,2.5,18.0,14.9,30.9,20.0,45.8,90.0,4.2,2.4,341.0,CENTRO,1
2024-03-09 02:00:00,2.81,25.0,11.6,26.3,20.0,37.9,116.0,5.9,7.5,2.0,CENTRO,2
2024-03-09 03:00:00,2.69,33.0,3.3,17.1,10.0,20.4,48.0,4.7,1.3,68.0,CENTRO,3
2024-03-09 04:00:00,2.28,41.0,3.2,10.1,7.0,13.2,43.0,3.9,5.7,19.0,CENTRO,4
2024-03-09 05:00:00,2.13,43.0,3.2,6.4,8.0,9.5,76.0,3.6,8.1,24.0,CENTRO,5
2024-03-09 06:00:00,2.15,37.0,3.1,9.4,9.0,12.5,67.0,3.6,7.0,42.0,CENTRO,6
2024-03-09 07:00:00,2.18,32.0,3.1,10.5,11.0,13.6,63.0,3.6,7.6,52.0,CENTRO,7
2024-03-09 08:00:00,2.4,28.0,4.3,14.2,10.0,18.5,39.0,3.9,8.1,55.0,CENTRO,8
2024-03-09 09:00:00,2.32,25.0,9.4,14.6,12.0,24.0,48.0,4.1,9.3,57.0,CENTRO,9
2024-03-09 10:00:00,2.32,27.0,9.1,13.2,14.0,22.3,67.0,4.1,7.7,41.0,CENTRO,10
2024-03-09 11:00:00,2.35,31.0,8.1,10.4,14.0,18.5,80.0,4.3,7.9,31.0,CENTRO,11
2024-03-09 12:00:00,2.24,35.0,6.9,8.9,13.0,15.8,80.0,4.5,10.8,30.0,CENTRO,12
2024-03-09 13:00:00,2.2,42.0,5.3,7.0,10.0,12.3,68.0,4.2,11.5,30.0,CENTRO,13
2024-03-09 14:00:00,2.24,48.0,5.2,8.6,10.0,13.8,52.0,4.3,8.9,33.0,CENTRO,14
2024-03-09 15:00:00,2.24,52.0,4.9,9.3,9.0,14.2,45.0,4.7,10.6,41.0,CENTRO,15
2024-03-09 16:00:00,2.24,55.0,4.1,10.2,10.0,14.2,38.0,4.7,8.9,50.0,CENTRO,16
2024-03-09 17:00:00,2.25,50.0,3.8,11.1,9.0,14.9,39.0,4.5,10.2,18.0,CENTRO,17
2024-03-09 18:00:00,2.24,44.0,3.5,11.3,8.0,14.8,36.0,4.2,11.1,17.0,CENTRO,18
2024-03-09 19:00:00,2.28,36.0,3.4,15.6,8.0,19.1,35.0,4.7,10.0,30.0,CENTRO,19
2024-03-09 20:00:00,2.25,36.0,4.5,12.3,7.0,16.9,34.0,4.1,8.0,69.0,CENTRO,20
2024-03-09 21:00:00,2.2,38.0,3.0,7.8,6.0,10.8,27.0,4.1,6.7,86.0,CENTRO,21
2024-03-09 22:00:00,2.19,39.0,2.7,5.6,6.0,8.3,23.0,3.4,7.1,113.0,CENTRO,22
2024-03-09 23:00:00,2.18,39.0,2.6,4.7,5.5,7.3,26.0,3.4,10.3,125.0,CENTRO,23
2024-03-10 00:00:00,2.17,40.0,2.5,4.3,5.0,6.8,27.0,3.4,10.5,123.0,CENTRO,0
2024-03-10 01:00:00,2.17,40.0,2.5,4.8,5.0,7.3,26.0,3.3,11.9,118.0,CENTRO,1
2024-03-10 02:00:00,2.17,41.0,2.4,4.6,5.0,7.1,20.0,3.3,9.9,125.0,CENTRO,2
2024-03-10 03:00:00,2.16,42.0,2.4,4.4,5.0,6.7,19.0,3.7,9.6,118.0,CENTRO,3
2024-03-10 04:00:00,2.15,44.0,2.44,3.7,4.0,6.1,17.0,5.0,9.3,87.0,CENTRO,4
2024-03-10 05:00:00,2.14,46.0,2.48,3.1,4.0,5.4,29.0,4.2,14.0,75.0,CENTRO,5
2024-03-10 06:00:00,2.17,42.0,2.52,4.4,5.0,6.8,18.0,6.7,9.6,79.0,CENTRO,6
2024-03-10 07:00:00,2.18,43.0,2.56,4.9,4.0,7.4,15.0,4.2,8.8,109.0,CENTRO,7
2024-03-10 08:00:00,2.2,43.0,2.6,5.7,4.0,8.3,16.0,3.6,9.0,100.0,CENTRO,8
2024-03-10 09:00:00,2.21,42.0,2.9,5.7,5.0,8.7,17.0,3.6,9.5,105.0,CENTRO,9
2024-03-10 10:00:00,2.21,43.0,3.0,5.4,5.0,8.4,20.0,3.5,10.1,95.0,CENTRO,10
2024-03-10 11:00:00,2.23,44.0,3.1,5.4,5.0,8.5,20.0,3.4,10.2,99.0,CENTRO,11
2024-03-10 12:00:00,2.24,46.0,3.4,5.8,6.0,9.2,21.0,3.5,10.3,85.0,CENTRO,12
2024-03-10 13:00:00,2.23,48.0,3.0,4.9,7.0,7.9,20.0,3.4,9.1,81.0,CENTRO,13
2024-03-10 14:00:00,2.23,48.0,2.9,4.5,7.0,7.3,28.0,3.5,10.9,111.0,CENTRO,14
2024-03-10 15:00:00,2.24,48.0,2.9,4.9,8.0,7.7,25.0,3.4,9.9,96.0,CENTRO,15
2024-03-10 16:00:00,2.24,47.0,2.8,4.3,8.0,7.1,25.0,3.4,10.4,116.0,CENTRO,16
2024-03-10 17:00:00,2.24,47.0,2.7,4.3,7.833333333333333,7.1,28.0,3.4,11.8,117.0,CENTRO,17
2024-03-10 18:00:00,2.26,46.0,2.6,5.4,7.666666666666667,8.0,25.0,3.4,10.4,123.0,CENTRO,18
2024-03-10 19:00:00,2.28,44.0,2.5,7.1,7.5,9.5,25.0,3.4,10.0,116.0,CENTRO,19
2024-03-10 20:00:00,2.29,43.0,2.4,7.6,7.333333333333333,10.0,25.0,3.3,8.4,109.0,CENTRO,20
2024-03-10 21:00:00,2.28,45.0,2.4,6.1,7.166666666666667,8.5,21.0,3.4,7.0,119.0,CENTRO,21
2024-03-10 22:00:00,2.26,45.0,2.38,6.2,7.0,8.6,19.0,3.5,6.2,108.0,CENTRO,22
2024-03-10 23:00:00,2.26,44.0,2.36,6.4,7.0,8.8,19.0,3.4,5.9,102.0,CENTRO,23
2024-03-11 00:00:00,2.26,43.0,2.34,6.2,6.5,8.7,20.0,3.5,6.9,111.0,CENTRO,0
2024-03-11 01:00:00,2.22,47.0,2.32,4.1,6.0,6.5,18.0,3.8,8.7,105.0,CENTRO,1
2024-03-11 02:00:00,2.2,48.0,2.3,3.3,6.0,5.6,17.0,3.6,8.9,113.0,CENTRO,2
2024-03-11 03:00:00,2.21,48.0,2.3,3.3,6.333333333333333,5.6,16.0,3.4,9.1,97.0,CENTRO,3
2024-03-11 04:00:00,2.2,48.0,2.7666666666666666,3.2,6.666666666666667,5.5,17.0,3.4,7.5,112.0,CENTRO,4
2024-03-11 05:00:00,2.22,41.0,3.2333333333333334,6.8,7.0,9.2,18.0,3.5,2.4,40.0,CENTRO,5
2024-03-11 06:00:00,2.42,14.0,3.7,27.6,16.0,31.4,48.0,3.5,4.0,346.0,CENTRO,6
2024-03-11 07:00:00,2.43,13.0,7.5,25.3,18.0,32.8,61.0,3.7,2.6,45.0,CENTRO,7
2024-03-11 08:00:00,2.58,13.0,16.3,26.5,20.0,42.8,71.0,3.7,2.8,357.0,CENTRO,8
2024-03-11 09:00:00,2.8,14.0,26.6,28.7,35.0,55.3,87.0,4.1,3.5,57.0,CENTRO,9
2024-03-11 10:00:00,2.67,22.0,21.8,26.4,42.0,48.2,94.0,4.9,6.5,56.0,CENTRO,10
2024-03-11 11:00:00,2.55,27.0,20.3,25.2,38.0,45.5,87.0,8.2,5.5,43.0,CENTRO,11
2024-03-11 12:00:00,2.52,36.0,13.2,23.5,38.0,36.8,85.0,12.4,6.6,15.0,CENTRO,12
2024-03-11 13:00:00,2.48,44.0,10.3,22.2,36.0,32.5,77.0,9.8,7.4,37.0,CENTRO,13
2024-03-11 14:00:00,2.46,52.0,7.2,18.3,33.0,25.5,74.0,7.6,7.2,33.0,CENTRO,14
2024-03-11 15:00:00,2.43,58.0,5.3,14.2,27.0,19.5,65.0,7.9,10.3,45.0,CENTRO,15
2024-03-11 16:00:00,2.42,57.0,3.9,9.5,22.0,13.4,56.0,6.6,11.0,49.0,CENTRO,16
2024-03-11 17:00:00,2.43,48.0,4.6,9.6,17.0,14.2,52.0,4.9,12.9,52.0,CENTRO,17
2024-03-11 18:00:00,2.41,47.0,3.6,8.7,16.0,12.2,49.0,4.2,12.2,102.0,CENTRO,18
2024-03-11 19:00:00,2.43,39.0,3.2,9.4,16.0,12.7,42.0,4.0,11.1,110.0,CENTRO,19
2024-03-11 20:00:00,2.45,35.0,3.0,11.4,13.0,14.4,40.0,4.0,9.0,92.0,CENTRO,20
2024-03-11 21:00:00,2.38,38.0,2.7,7.8,11.0,10.6,28.0,3.8,9.5,94.0,CENTRO,21
2024-03-11 22:00:00,2.39,37.0,3.1,8.5,10.0,11.6,28.0,3.8,8.5,68.0,CENTRO,22
2024-03-11 23:00:00,2.38,37.0,2.7,7.9,10.0,10.7,27.0,3.8,11.3,62.0,CENTRO,23
2024-03-12 00:00:00,2.35,36.0,2.7,6.7,9.0,9.4,26.0,3.7,10.3,56.0,CENTRO,0
2024-03-12 01:00:00,2.35,35.0,2.6,6.4,9.0,9.0,25.0,3.6,8.8,41.0,CENTRO,1
2024-03-12 02:00:00,2.34,36.0,2.6,5.3,8.0,7.8,23.0,3.5,6.5,40.0,CENTRO,2
2024-03-12 03:00:00,2.37,21.0,3.6,17.6,13.0,21.2,39.0,3.7,5.0,31.0,CENTRO,3
2024-03-12 04:00:00,2.37,23.0,2.9,15.7,14.0,18.6,40.0,4.0,3.2,55.0,CENTRO,4
2024-03-12 05:00:00,2.39,21.0,2.7,16.8,17.0,19.5,46.0,4.3,1.9,56.0,CENTRO,5
2024-03-12 06:00:00,2.4,22.0,2.8,14.3,17.0,17.1,45.0,4.4,2.5,60.0,CENTRO,6
2024-03-12 07:00:00,2.48,16.0,3.3,19.2,19.0,22.6,50.0,4.2,2.3,70.0,CENTRO,7
2024-03-12 08:00:00,2.57,12.0,8.5,23.6,17.0,32.1,43.0,4.1,3.9,89.0,CENTRO,8
2024-03-12 09:00:00,2.68,16.0,14.6,22.2,22.0,36.8,56.0,4.0,2.9,56.0,CENTRO,9
2024-03-12 10:00:00,2.72,23.0,15.6,21.6,31.0,37.1,79.0,4.2,2.2,4.0,CENTRO,10
2024-03-12 11:00:00,2.85,28.0,21.4,30.2,44.0,51.6,117.0,4.4,5.6,356.0,CENTRO,11
2024-03-12 12:00:00,2.89,40.0,16.7,35.3,51.0,52.1,123.0,4.8,4.6,20.0,CENTRO,12
2024-03-12 13:00:00,3.0,59.0,12.5,37.4,62.0,50.0,151.0,5.9,6.6,57.0,CENTRO,13
2024-03-12 14:00:00,2.88,86.0,6.3,29.1,53.0,35.4,125.0,5.6,6.9,76.0,CENTRO,14
2024-03-12 15:00:00,2.72,101.0,4.2,19.5,41.0,23.7,103.0,4.8,10.2,56.0,CENTRO,15
2024-03-12 16:00:00,2.57,77.0,3.6,13.8,28.0,17.5,76.0,6.1,9.1,71.0,CENTRO,16
2024-03-12 17:00:00,2.51,62.0,4.0,11.1,19.0,15.1,56.0,4.7,10.4,84.0,CENTRO,17
2024-03-12 18:00:00,2.54,54.0,3.4,13.3,18.0,16.7,56.0,4.0,9.4,77.0,CENTRO,18
2024-03-12 19:00:00,2.64,45.0,3.4,17.7,18.0,21.1,55.0,3.8,4.2,100.0,CENTRO,19
2024-03-12 20:00:00,2.68,39.0,3.1,21.2,18.5,24.4,48.0,3.6,4.0,93.0,CENTRO,20
2024-03-12 21:00:00,2.67,31.0,3.4,24.8,19.0,28.2,51.0,3.4,5.5,138.0,CENTRO,21
2024-03-12 22:00:00,2.47,42.0,2.9,15.6,16.0,18.5,42.0,3.4,7.6,121.0,CENTRO,22
2024-03-12 23:00:00,2.29,54.0,2.9,5.1,12.0,8.0,32.0,3.3,9.5,130.0,CENTRO,23
2024-03-13 00:00:00,2.8,21.0,8.4,28.9,22.0,37.3,63.0,3.6,5.5,10.0,CENTRO,0
2024-03-13 01:00:00,2.65,17.0,3.6,25.7,25.0,29.3,61.0,3.9,2.3,244.0,CENTRO,1
2024-03-13 02:00:00,2.71,9.0,5.2,33.1,24.0,38.2,62.0,4.3,1.3,238.0,CENTRO,2
2024-03-13 03:00:00,2.74,10.0,5.7,28.8,25.0,34.5,56.0,4.1,0.4,225.0,CENTRO,3
2024-03-13 04:00:00,2.85,9.0,19.4,29.9,31.0,49.3,70.0,4.0,2.0,342.0,CENTRO,4
2024-03-13 05:00:00,3.35,9.0,36.8,26.1,41.0,62.9,90.0,4.0,0.3,346.0,CENTRO,5
2024-03-13 06:00:00,3.3,9.0,34.1,24.0,42.0,58.1,102.0,3.8,1.1,240.0,CENTRO,6
2024-03-13 07:00:00,2.85,9.5,57.3,34.1,44.0,91.4,168.0,5.4,2.2,275.0,CENTRO,7
2024-03-13 08:00:00,2.99,10.0,54.4,33.3,37.0,87.7,142.0,8.0,1.8,262.0,CENTRO,8
2024-03-13 09:00:00,3.35,13.0,64.0,40.4,45.0,104.4,168.0,10.4,0.4,312.0,CENTRO,9
2024-03-13 10:00:00,2.94,22.0,31.8,41.3,36.0,73.0,127.0,9.1,3.3,184.0,CENTRO,10
2024-03-13 11:00:00,3.14,29.0,34.5,54.0,35.0,88.5,115.0,10.8,3.6,89.0,CENTRO,11
2024-03-13 12:00:00,3.06,42.0,25.6,56.9,48.0,82.4,153.0,13.2,5.9,61.0,CENTRO,12
2024-03-13 13:00:00,2.29,60.0,6.9,18.6,15.0,25.5,74.0,5.8,7.4,71.0,CENTRO,13
2024-03-13 14:00:00,2.34,85.0,4.2,13.6,12.0,17.9,55.0,4.3,8.0,61.0,CENTRO,14
2024-03-13 15:00:00,2.24,85.0,3.8,11.4,12.0,15.3,56.0,4.0,8.2,71.0,CENTRO,15
2024-03-13 16:00:00,2.32,96.0,3.7,12.4,15.0,16.1,56.0,4.3,9.5,89.0,CENTRO,16
2024-03-13 17:00:00,2.33,83.0,3.7,11.2,13.0,14.8,51.0,4.2,12.5,127.0,CENTRO,17
2024-03-13 18:00:00,2.3,67.0,3.6,8.5,11.0,12.1,47.0,4.2,13.5,137.0,CENTRO,18
2024-03-13 19:00:00,2.35,55.0,3.5,10.1,11.0,13.6,36.0,4.2,11.1,133.0,CENTRO,19
2024-03-13 20:00:00,2.37,53.0,3.2,10.2,10.666666666666666,13.4,35.0,4.1,11.0,132.0,CENTRO,20
2024-03-13 21:00:00,2.32,54.0,3.2,7.2,10.333333333333334,10.4,34.0,4.0,10.9,140.0,CENTRO,21
2024-03-13 22:00:00,2.28,50.0,3.0,5.3,10.0,8.3,31.0,3.7,11.1,143.0,CENTRO,22
2024-03-13 23:00:00,2.28,39.0,2.9,9.6,10.0,12.5,29.0,3.5,4.3,133.0,CENTRO,23
2024-03-14 00:00:00,2.61,10.0,24.6,33.8,22.0,58.6,38.0,7.0,5.0,328.0,CENTRO,0
2024-03-14 01:00:00,2.71,11.0,5.5,27.7,26.0,33.4,87.0,5.2,5.1,327.0,CENTRO,1
2024-03-14 02:00:00,2.6,11.0,6.5,26.2,24.0,33.0,79.0,4.3,5.5,360.0,CENTRO,2
2024-03-14 03:00:00,2.64,10.0,4.7,24.2,20.333333333333332,29.1,71.0,4.1,2.4,289.0,CENTRO,3
2024-03-14 04:00:00,2.76,9.0,6.0,24.4,16.666666666666664,30.6,65.0,4.1,2.2,247.0,CENTRO,4
2024-03-14 05:00:00,2.71,10.0,12.1,26.5,13.0,38.8,72.0,4.7,2.1,298.0,CENTRO,5
2024-03-14 06:00:00,2.78,9.0,15.0,22.7,15.0,37.9,82.0,3.9,2.7,357.0,CENTRO,6
2024-03-14 07:00:00,3.14,9.0,35.9,21.3,2.0,57.5,69.0,3.9,2.5,273.0,CENTRO,7
2024-03-14 08:00:00,3.19,11.0,59.8,32.1,6.25,92.2,77.0,7.0,3.3,266.0,CENTRO,8
2024-03-14 09:00:00,3.45,13.0,67.3,42.6,10.5,110.2,116.0,8.3,4.2,316.0,CENTRO,9
2024-03-14 10:00:00,3.62,16.0,48.2,47.8,14.750000000000002,96.2,129.0,5.8,3.9,18.0,CENTRO,10
2024-03-14 11:00:00,3.33,25.0,35.9,57.9,19.0,94.0,128.0,9.1,4.3,35.0,CENTRO,11
2024-03-14 12:00:00,3.06,33.0,22.7,54.2,31.0,77.1,142.0,8.8,5.5,65.0,CENTRO,12
2024-03-14 13:00:00,2.73,38.0,13.6,32.9,20.0,46.7,99.0,6.4,7.8,75.0,CENTRO,13
2024-03-14 14:00:00,2.58,59.0,7.9,25.5,16.0,33.6,67.0,4.9,8.7,82.0,CENTRO,14
2024-03-14 15:00:00,2.48,80.0,4.6,18.7,14.0,23.6,68.0,3.9,9.5,80.0,CENTRO,15
2024-03-14 16:00:00,2.49,83.0,3.9,17.5,18.0,21.6,58.0,4.0,12.2,94.0,CENTRO,16
2024-03-14 17:00:00,2.32,65.0,3.7,11.6,11.0,15.5,63.0,3.6,14.3,129.0,CENTRO,17
2024-03-14 18:00:00,2.42,60.0,3.9,17.2,13.0,21.3,64.0,4.2,11.0,86.0,CENTRO,18
2024-03-14 19:00:00,2.46,54.0,3.4,19.3,12.0,22.9,52.0,4.3,8.9,111.0,CENTRO,19
2024-03-14 20:00:00,2.54,47.0,3.3,23.1,15.0,26.6,47.0,5.0,8.1,68.0,CENTRO,20
2024-03-14 21:00:00,2.51,39.0,3.3,19.9,18.0,23.4,50.0,6.3,7.9,47.0,CENTRO,21
2024-03-14 22:00:00,2.72,18.0,5.7,31.9,28.0,37.8,55.0,7.3,8.3,358.0,CENTRO,22
2024-03-14 23:00:00,2.66,16.0,5.2,27.7,31.0,33.1,79.0,5.9,8.3,27.0,CENTRO,23
2024-03-15 00:00:00,2.57,22.0,3.4,14.4,34.0,18.0,75.0,4.5,8.2,48.0,CENTRO,0
2024-03-15 01:00:00,2.58,16.0,3.7,17.4,38.0,21.3,70.0,4.1,5.5,42.0,CENTRO,1
2024-03-15 02:00:00,2.6,11.0,5.1,20.0,39.0,25.3,84.0,4.1,5.1,80.0,CENTRO,2
2024-03-15 03:00:00,2.7,12.0,4.8,19.8,37.0,24.8,79.0,4.0,7.7,44.0,CENTRO,3
2024-03-15 04:00:00,2.61,13.0,3.8,17.0,38.0,21.0,78.0,3.9,5.9,72.0,CENTRO,4
2024-03-15 05:00:00,2.67,9.0,5.8,22.4,39.0,28.4,85.0,3.9,5.2,249.0,CENTRO,5
2024-03-15 06:00:00,2.63,11.0,7.6,21.0,39.0,28.8,91.0,4.4,6.3,110.0,CENTRO,6
2024-03-15 07:00:00,3.0,9.0,33.1,24.2,34.0,57.5,67.0,4.9,4.5,306.0,CENTRO,7
2024-03-15 08:00:00,3.69,10.0,63.9,26.0,43.0,90.2,92.0,4.6,4.9,128.0,CENTRO,8
2024-03-15 09:00:00,3.26,14.0,36.0,28.7,45.0,64.9,124.0,4.8,6.7,57.0,CENTRO,9
2024-03-15 10:00:00,2.96,21.0,24.0,26.8,55.0,51.0,107.0,5.8,8.1,40.0,CENTRO,10
2024-03-15 11:00:00,2.87,27.0,23.7,32.4,49.0,56.3,96.0,7.5,6.1,42.0,CENTRO,11
2024-03-15 12:00:00,2.81,48.0,11.5,27.3,49.0,39.0,106.0,7.4,8.8,57.0,CENTRO,12
2024-03-15 13:00:00,2.7,73.0,6.9,20.8,43.0,27.9,108.0,7.1,10.1,58.0,CENTRO,13
2024-03-15 14:00:00,2.57,76.0,4.6,12.0,36.0,16.8,104.0,7.8,13.2,58.0,CENTRO,14
2024-03-15 15:00:00,2.5,71.0,4.6,10.7,29.0,15.5,83.0,9.6,14.9,64.0,CENTRO,15
2024-03-15 16:00:00,2.46,63.0,4.9,11.2,30.0,16.4,84.0,16.4,15.7,72.0,CENTRO,16
2024-03-15 17:00:00,2.41,46.0,5.0,9.4,20.0,14.7,77.0,6.5,13.2,113.0,CENTRO,17
2024-03-15 18:00:00,2.46,48.0,3.8,8.8,22.0,12.8,50.0,4.7,13.0,131.0,CENTRO,18
2024-03-15 19:00:00,2.51,49.0,3.4,12.3,24.0,15.9,54.0,4.4,11.3,118.0,CENTRO,19
2024-03-15 20:00:00,2.54,42.0,3.2,14.7,25.0,18.1,54.0,4.2,9.1,103.0,CENTRO,20
2024-03-15 21:00:00,2.51,35.0,3.2,13.3,26.0,16.7,55.0,3.9,9.6,87.0,CENTRO,21
2024-03-15 22:00:00,2.58,26.0,3.6,12.8,33.0,16.5,61.0,3.7,13.6,64.0,CENTRO,22
2024-03-15 23:00:00,2.53,25.0,3.1,7.2,32.0,10.5,103.0,3.5,15.2,64.0,CENTRO,23
2024-03-16 00:00:00,2.51,24.0,3.4,7.8,29.0,11.5,61.0,3.3,15.1,62.0,CENTRO,0
2024-03-16 01:00:00,2.5,22.0,2.9,12.1,29.0,15.2,60.0,3.3,15.4,50.0,CENTRO,1
2024-03-16 02:00:00,2.7,30.0,2.7,9.4,24.0,12.3,65.0,3.7,10.3,2.0,CENTRO,2
2024-03-16 03:00:00,2.4,32.0,2.7,9.2,19.0,12.0,65.0,4.3,8.7,17.0,CENTRO,3
2024-03-16 04:00:00,2.46,27.0,2.7,13.4,18.0,16.3,45.0,3.9,7.3,12.0,CENTRO,4
2024-03-16 05:00:00,2.49,26.0,3.0,12.2,16.0,15.1,48.0,3.9,5.6,21.0,CENTRO,5
2024-03-16 06:00:00,2.51,24.0,3.0,14.9,15.0,17.8,46.0,3.7,5.4,30.0,CENTRO,6
2024-03-16 07:00:00,2.58,17.0,3.1,19.9,16.0,23.2,47.0,3.5,5.0,15.0,CENTRO,7
2024-03-16 08:00:00,2.74,10.0,11.6,26.8,22.0,39.2,42.0,3.3,5.7,19.0,CENTRO,8
2024-03-16 09:00:00,2.61,16.0,8.0,15.8,17.0,25.6,59.0,3.3,9.7,47.0,CENTRO,9
2024-03-16 10:00:00,2.62,17.0,4.0,14.5,9.0,21.1,30.0,3.3,10.5,55.0,CENTRO,10
2024-03-16 11:00:00,2.67,16.0,9.0,16.5,12.0,28.2,31.0,3.4,10.1,34.0,CENTRO,11
2024-03-16 12:00:00,2.64,22.0,7.5,12.5,16.0,22.4,53.0,3.2,13.6,41.0,CENTRO,12
2024-03-16 13:00:00,2.59,25.0,7.5,10.8,16.0,18.7,42.0,3.3,14.5,39.0,CENTRO,13
2024-03-16 14:00:00,2.59,26.0,9.5,11.3,21.0,20.1,41.0,3.3,12.5,39.0,CENTRO,14
2024-03-16 15:00:00,2.66,25.0,10.6,14.9,2.0,24.9,52.0,3.2,13.5,39.0,CENTRO,15
2024-03-16 16:00:00,2.79,18.0,17.5,25.4,35.0,42.4,63.0,3.3,11.1,21.0,CENTRO,16
2024-03-16 17:00:00,2.68,28.0,7.8,13.5,32.0,20.5,83.0,3.6,11.7,55.0,CENTRO,17
2024-03-16 18:00:00,2.55,33.0,5.6,8.6,29.0,12.7,63.0,3.8,13.9,84.0,CENTRO,18
2024-03-16 19:00:00,2.5,32.0,3.6,7.4,30.0,10.3,60.0,3.7,9.9,109.0,CENTRO,19
2024-03-16 20:00:00,2.47,32.0,4.5,6.2,28.0,9.1,61.0,3.6,11.3,110.0,CENTRO,20
2024-03-16 21:00:00,2.48,30.0,5.6,7.6,26.0,10.4,49.0,3.6,6.4,103.0,CENTRO,21
2024-03-16 22:00:00,2.5,29.0,6.2,8.2,27.0,11.3,56.0,3.5,7.5,98.0,CENTRO,22
2024-03-16 23:00:00,2.64,19.0,8.3,16.9,30.0,22.3,54.0,3.6,11.3,28.0,CENTRO,23
2024-03-17 00:00:00,2.51,16.0,4.7,13.1,33.0,18.0,76.0,3.5,8.4,43.0,CENTRO,0
2024-03-17 01:00:00,2.56,16.0,2.7,12.5,27.0,15.6,59.0,3.5,6.3,26.0,CENTRO,1
2024-03-17 02:00:00,2.44,23.0,3.0,8.2,23.0,11.1,60.0,3.5,10.3,16.0,CENTRO,2
2024-03-17 03:00:00,2.52,19.0,4.3,13.3,13.0,16.8,39.0,3.5,8.0,77.0,CENTRO,3
2024-03-17 04:00:00,2.51,11.0,6.1,19.2,15.0,24.8,46.0,3.7,7.5,104.0,CENTRO,4
2024-03-17 05:00:00,2.48,10.0,10.0,19.9,17.0,28.9,47.0,4.3,6.3,92.0,CENTRO,5
2024-03-17 06:00:00,2.57,11.0,9.5,19.1,18.0,28.1,44.0,4.9,5.3,75.0,CENTRO,6
2024-03-17 07:00:00,2.79,19.0,3.8,12.7,17.0,16.0,50.0,4.9,6.7,67.0,CENTRO,7
2024-03-17 08:00:00,2.85,20.0,3.8,10.7,19.0,14.2,44.0,5.3,7.8,31.0,CENTRO,8
2024-03-17 09:00:00,2.65,16.0,6.9,13.9,19.0,20.7,45.0,5.0,7.1,64.0,CENTRO,9
2024-03-17 10:00:00,2.64,14.0,15.0,15.3,21.0,30.3,57.0,4.4,6.3,75.0,CENTRO,10
2024-03-17 11:00:00,2.72,17.0,12.8,13.9,23.0,25.0,61.0,4.1,7.9,66.0,CENTRO,11
2024-03-17 12:00:00,2.57,20.0,13.4,13.4,23.0,24.3,63.0,3.9,7.1,74.0,CENTRO,12
2024-03-17 13:00:00,2.57,27.0,15.8,16.8,22.0,28.1,61.0,4.1,5.6,112.0,CENTRO,13
2024-03-17 14:00:00,2.51,45.0,11.1,10.5,21.0,16.2,59.0,4.4,7.9,109.0,CENTRO,14
2024-03-17 15:00:00,2.46,61.0,9.6,6.9,22.0,10.4,51.0,4.4,9.0,89.0,CENTRO,15
2024-03-17 16:00:00,2.45,61.0,9.9,7.5,23.0,10.9,46.0,4.6,11.1,65.0,CENTRO,16
2024-03-17 17:00:00,2.45,53.0,10.2,8.1,22.0,11.4,51.0,4.3,10.0,44.0,CENTRO,17
2024-03-17 18:00:00,2.48,42.0,9.2,8.4,22.0,11.4,46.0,4.0,12.6,48.0,CENTRO,18
2024-03-17 19:00:00,2.57,23.0,7.3,12.5,17.0,15.7,55.0,4.1,14.0,10.0,CENTRO,19
2024-03-17 20:00:00,2.47,28.0,4.7,10.0,10.0,13.0,52.0,3.9,12.9,7.0,CENTRO,20
2024-03-17 21:00:00,2.45,27.0,1.3,10.5,8.0,13.4,39.0,3.5,10.7,26.0,CENTRO,21
2024-03-17 22:00:00,2.43,22.0,1.2,10.1,8.0,13.1,35.0,3.5,6.3,47.0,CENTRO,22
2024-03-17 23:00:00,2.56,22.0,0.8,7.4,5.0,10.2,28.0,3.5,6.0,38.0,CENTRO,23
2024-03-18 00:00:00,2.57,19.0,0.8,7.37,6.0,10.25,28.0,3.4,3.0,204.0,CENTRO,0
2024-03-18 01:00:00,2.51,19.0,0.8,7.34,6.0,10.299999999999999,26.0,3.3,5.2,38.0,CENTRO,1
2024-03-18 02:00:00,2.42,18.0,0.8,7.3100000000000005,4.0,10.35,26.0,3.2,5.3,53.0,CENTRO,2
2024-03-18 03:00:00,2.38,23.0,0.8,7.28,4.0,10.399999999999999,29.0,3.2,7.5,15.0,CENTRO,3
2024-03-18 04:00:00,2.36,26.0,2.9,14.5,3.0,17.9,25.0,3.1,10.6,7.0,CENTRO,4
2024-03-18 05:00:00,2.33,26.0,0.8,7.22,2.0,10.5,22.0,3.3,10.6,4.0,CENTRO,5
2024-03-18 06:00:00,2.44,24.0,0.8,7.1899999999999995,3.5,10.549999999999999,21.0,3.1,9.1,12.0,CENTRO,6
2024-03-18 07:00:00,2.71,22.0,0.8,7.16,5.0,10.6,23.0,3.3,8.8,358.0,CENTRO,7
2024-03-18 08:00:00,2.63,22.0,0.8,7.13,6.0,10.649999999999999,22.0,3.2,9.1,354.0,CENTRO,8
2024-03-18 09:00:00,2.54,22.0,0.8,7.1,4.0,10.7,24.0,3.3,8.9,8.0,CENTRO,9
2024-03-18 10:00:00,2.41,22.5,2.0,8.9,4.0,13.3,22.0,3.4,7.3,34.0,CENTRO,10
2024-03-18 11:00:00,2.44,23.0,2.7,10.6,3.0,15.8,21.0,3.4,7.5,49.0,CENTRO,11
2024-03-18 12:00:00,2.45,26.0,3.1,11.4,5.0,17.0,30.0,3.2,9.3,47.0,CENTRO,12
2024-03-18 13:00:00,2.46,28.0,2.4,12.6,12.0,17.5,27.0,3.2,8.9,50.0,CENTRO,13
2024-03-18 14:00:00,2.42,32.0,1.6,10.5,11.0,14.8,31.0,3.1,8.6,41.0,CENTRO,14
2024-03-18 15:00:00,2.44,31.0,1.8,11.1,7.0,15.6,25.0,3.2,8.0,37.0,CENTRO,15
2024-03-18 16:00:00,2.45,29.0,1.5,13.2,6.0,17.5,24.0,3.3,8.3,39.0,CENTRO,16
2024-03-18 17:00:00,2.47,28.0,1.5,14.5,9.0,18.8,24.0,3.3,8.1,50.0,CENTRO,17
2024-03-18 18:00:00,2.45,28.0,1.0,14.4,7.0,17.9,25.0,3.2,9.6,25.0,CENTRO,18
2024-03-18 19:00:00,2.37,28.0,0.8,11.7,7.0,14.8,27.0,3.2,13.7,8.0,CENTRO,19
2024-03-18 20:00:00,2.39,26.0,1.1,13.6,4.0,17.1,26.0,3.3,11.5,14.0,CENTRO,20
2024-03-18 21:00:00,2.37,26.0,1.2,15.2,8.0,18.9,23.0,3.3,9.8,51.0,CENTRO,21
2024-03-18 22:00:00,2.3,39.0,1.3,6.8,6.0,10.6,24.0,3.3,10.9,64.0,CENTRO,22
2024-03-18 23:00:00,2.27,43.0,1.5999999999999999,4.95,6.0,8.1,22.0,3.2,14.5,64.0,CENTRO,23
2024-03-19 00:00:00,2.18,47.0,1.9,3.1,5.0,5.6,27.0,3.3,12.1,112.0,CENTRO,0
2024-03-19 01:00:00,2.2,45.0,0.8,3.1,8.0,5.6,32.0,3.2,8.9,125.0,CENTRO,1
2024-03-19 02:00:00,2.19,46.0,0.6,2.6,9.0,5.0,29.0,3.1,10.7,126.0,CENTRO,2
2024-03-19 03:00:00,2.19,46.0,0.5,2.6,9.0,5.0,28.0,3.1,8.8,111.0,CENTRO,3
2024-03-19 04:00:00,2.18,47.0,0.8,2.5,10.0,4.8,29.0,3.3,9.4,121.0,CENTRO,4
2024-03-19 05:00:00,2.17,48.0,1.0,2.6,8.0,5.0,30.0,3.3,10.5,115.0,CENTRO,5
2024-03-19 06:00:00,2.18,47.0,2.1,4.2,8.0,6.5,28.0,3.2,9.5,106.0,CENTRO,6
2024-03-19 07:00:00,2.32,31.0,3.0,17.3,9.0,21.0,31.0,3.4,6.4,46.0,CENTRO,7
2024-03-19 08:00:00,2.55,19.0,5.2,28.2,13.0,35.4,36.0,3.5,7.1,41.0,CENTRO,8
2024-03-19 09:00:00,2.61,19.0,8.1,27.8,17.0,38.2,57.0,3.8,8.0,51.0,CENTRO,9
2024-03-19 10:00:00,2.33,40.0,3.9,12.0,15.0,16.2,57.0,3.6,9.4,105.0,CENTRO,10
2024-03-19 11:00:00,2.36,38.0,2.9,12.9,9.0,17.2,37.0,3.5,8.1,87.0,CENTRO,11
2024-03-19 12:00:00,2.36,39.0,3.8,11.7,10.0,16.3,45.0,3.4,8.0,64.0,CENTRO,12
2024-03-19 13:00:00,2.41,37.0,3.3,13.0,9.0,17.8,39.0,3.3,9.3,76.0,CENTRO,13
2024-03-19 14:00:00,2.55,29.0,4.2,18.7,18.0,25.8,37.0,3.4,10.4,47.0,CENTRO,14
2024-03-19 15:00:00,2.55,30.0,4.1,17.9,20.0,24.6,49.0,3.4,9.8,61.0,CENTRO,15
2024-03-19 16:00:00,2.54,31.0,5.8,17.1,15.0,23.3,33.0,3.4,9.7,59.0,CENTRO,16
2024-03-19 17:00:00,2.55,28.0,5.4,19.1,11.0,24.8,35.0,3.4,10.5,52.0,CENTRO,17
2024-03-19 18:00:00,2.59,23.0,5.3,21.4,11.0,26.9,39.0,3.3,9.0,54.0,CENTRO,18
2024-03-19 19:00:00,2.58,22.0,4.4,20.7,10.0,25.3,36.0,3.4,6.6,72.0,CENTRO,19
2024-03-19 20:00:00,2.47,26.0,2.9,15.3,8.0,18.4,33.0,3.4,7.5,94.0,CENTRO,20
2024-03-19 21:00:00,2.33,31.0,2.5,8.4,7.0,11.2,31.0,3.3,8.6,118.0,CENTRO,21
2024-03-19 22:00:00,2.29,33.0,2.5,6.4,7.0,9.2,29.0,3.3,9.7,122.0,CENTRO,22
2024-03-19 23:00:00,2.29,30.0,2.8,7.6,6.0,10.6,23.0,3.3,7.7,99.0,CENTRO,23
2024-03-20 00:00:00,2.34,25.0,2.5,11.6,6.0,14.4,19.0,3.3,7.1,69.0,CENTRO,0
2024-03-20 01:00:00,2.37,21.0,2.6,14.8,10.0,17.6,31.0,3.4,5.1,69.0,CENTRO,1
2024-03-20 02:00:00,2.34,16.0,4.0,18.6,11.0,22.8,31.0,3.4,5.8,18.0,CENTRO,2
2024-03-20 03:00:00,2.3,21.0,2.7,12.1,15.0,14.9,39.0,3.5,3.0,50.0,CENTRO,3
2024-03-20 04:00:00,2.31,24.0,2.4,7.8,13.0,10.4,31.0,3.5,4.0,70.0,CENTRO,4
2024-03-20 05:00:00,2.31,23.0,2.4,7.8,14.0,10.4,32.0,3.3,4.1,55.0,CENTRO,5
2024-03-20 06:00:00,2.32,18.0,3.0,12.9,12.0,16.1,30.0,3.4,3.4,34.0,CENTRO,6
2024-03-20 07:00:00,2.45,11.0,9.2,20.5,18.0,30.0,35.0,3.4,3.8,4.0,CENTRO,7
2024-03-20 08:00:00,2.68,10.0,23.0,22.0,22.0,45.2,49.0,3.6,3.8,28.0,CENTRO,8
2024-03-20 09:00:00,2.84,11.0,26.9,21.0,25.0,48.1,56.0,3.6,3.5,23.0,CENTRO,9
2024-03-20 10:00:00,2.7,16.0,19.9,18.5,29.0,38.6,68.0,3.6,4.7,42.0,CENTRO,10
2024-03-20 11:00:00,2.64,22.0,18.3,18.4,32.0,36.9,68.0,3.7,4.9,18.0,CENTRO,11
2024-03-20 12:00:00,2.84,25.0,25.4,30.2,49.0,55.9,69.0,3.9,6.4,65.0,CENTRO,12
2024-03-20 13:00:00,2.92,33.0,23.8,34.6,61.0,58.6,96.0,4.5,8.3,55.0,CENTRO,13
2024-03-20 14:00:00,2.81,42.0,13.8,29.2,58.0,43.3,103.0,4.2,10.0,62.0,CENTRO,14
2024-03-20 15:00:00,2.66,45.0,7.6,20.5,43.0,28.4,86.0,4.2,10.3,66.0,CENTRO,15
2024-03-20 16:00:00,2.61,37.0,5.2,19.5,26.0,24.9,59.0,4.1,9.8,73.0,CENTRO,16
2024-03-20 17:00:00,2.6,33.0,5.0,15.0,18.0,20.2,59.0,3.8,9.8,57.0,CENTRO,17
2024-03-20 18:00:00,2.61,27.0,6.1,16.2,15.0,22.5,48.0,3.7,10.0,48.0,CENTRO,18
2024-03-20 19:00:00,2.65,20.0,4.8,18.4,17.0,23.4,54.0,3.6,9.3,53.0,CENTRO,19
2024-03-20 20:00:00,2.66,15.0,4.9,19.2,20.0,24.4,56.0,3.6,8.4,66.0,CENTRO,20
2024-03-20 21:00:00,2.56,16.0,4.2,15.7,19.0,20.1,65.0,3.6,8.5,66.0,CENTRO,21
2024-03-20 22:00:00,2.5,17.0,4.5,14.2,16.0,18.9,45.0,3.6,9.2,56.0,CENTRO,22
2024-03-20 23:00:00,2.45,17.0,6.2,14.5,14.0,20.9,40.0,3.5,5.7,44.0,CENTRO,23
2024-03-21 00:00:00,2.47,18.0,2.8,13.3,16.0,16.3,37.0,3.5,3.7,4.0,CENTRO,0
2024-03-21 01:00:00,2.44,18.0,2.6,12.8,23.0,15.6,37.0,3.6,1.9,120.0,CENTRO,1
2024-03-21 02:00:00,2.42,20.0,2.6,11.7,26.0,14.5,50.0,3.6,2.0,338.0,CENTRO,2
2024-03-21 03:00:00,2.36,23.0,2.5,8.5,19.0,11.2,40.0,3.7,2.6,11.0,CENTRO,3
2024-03-21 04:00:00,2.37,21.0,2.6,8.6,14.0,11.4,33.0,3.6,1.9,285.0,CENTRO,4
2024-03-21 05:00:00,2.39,16.0,2.6,11.5,21.0,14.4,39.0,3.5,1.8,237.0,CENTRO,5
2024-03-21 06:00:00,2.46,11.0,5.9,13.4,33.0,19.5,51.0,3.5,1.8,305.0,CENTRO,6
2024-03-21 07:00:00,2.69,10.0,27.3,15.2,26.0,42.9,46.0,3.7,1.6,197.0,CENTRO,7
2024-03-21 08:00:00,3.23,10.0,63.9,19.4,32.0,83.7,57.0,3.8,1.7,337.0,CENTRO,8
2024-03-21 09:00:00,2.86,14.0,37.0,23.6,33.0,60.8,81.0,3.7,3.4,18.0,CENTRO,9
2024-03-21 10:00:00,3.04,20.0,39.4,34.5,46.0,74.2,82.0,4.1,5.1,12.0,CENTRO,10
2024-03-21 11:00:00,3.32,21.0,58.1,53.2,59.0,111.4,103.0,5.4,6.0,58.0,CENTRO,11
2024-03-21 12:00:00,3.05,31.0,30.8,45.1,43.0,75.4,158.0,10.1,8.6,79.0,CENTRO,12
2024-03-21 13:00:00,2.66,53.0,12.7,27.1,45.46,37.9,136.0,9.7,9.1,62.0,CENTRO,13
2024-03-21 14:00:00,2.62,74.0,8.9,17.9,33.13,22.9,106.0,6.2,10.3,64.0,CENTRO,14
2024-03-21 15:00:00,2.66,80.0,9.3,19.9,29.53,24.8,75.0,5.0,12.2,59.0,CENTRO,15
2024-03-21 16:00:00,2.59,83.0,7.3,14.9,29.0,18.7,93.0,4.6,13.6,60.0,CENTRO,16
2024-03-21 17:00:00,2.59,79.0,5.1,14.0,25.735,17.4,73.0,4.8,12.0,100.0,CENTRO,17
2024-03-21 18:00:00,2.57,64.0,6.7,13.7,22.47,16.9,67.0,5.5,11.6,97.0,CENTRO,18
2024-03-21 19:00:00,2.53,48.0,7.3,11.4,17.97,14.2,65.0,5.0,11.7,98.0,CENTRO,19
2024-03-21 20:00:00,2.52,40.0,4.2,10.9,15.91,13.7,50.0,4.3,8.5,100.0,CENTRO,20
2024-03-21 21:00:00,2.51,34.0,3.6,11.6,14.5,14.4,47.0,3.9,9.5,89.0,CENTRO,21
2024-03-21 22:00:00,2.52,29.0,3.0,12.3,16.29,15.0,40.0,3.8,2.7,245.0,CENTRO,22
2024-03-21 23:00:00,2.51,27.0,2.4,15.0,15.69,17.7,46.0,3.6,5.3,74.0,CENTRO,23
2024-03-22 00:00:00,2.5,20.0,2.7,17.2,15.81,20.0,39.0,3.5,1.9,286.0,CENTRO,0
2024-03-22 01:00:00,2.65,13.0,3.3,22.0,17.98,25.7,43.0,3.5,3.8,211.0,CENTRO,1
2024-03-22 02:00:00,2.64,11.0,3.9,24.4,19.03,28.6,50.0,3.5,2.2,216.0,CENTRO,2
2024-03-22 03:00:00,2.53,13.0,4.3,22.4,19.11,25.5,50.0,3.6,1.8,235.0,CENTRO,3
2024-03-22 04:00:00,2.63,10.0,4.7,23.8,21.53,32.2,48.0,3.7,1.8,228.0,CENTRO,4
2024-03-22 05:00:00,2.58,11.0,4.4,24.3,22.36,32.9,54.0,3.7,3.0,235.0,CENTRO,5
2024-03-22 06:00:00,2.64,10.0,12.0,28.2,30.17,47.1,59.0,4.1,2.7,230.0,CENTRO,6
2024-03-22 07:00:00,2.89,10.0,21.5,27.2,33.1,53.6,84.0,4.4,2.2,282.0,CENTRO,7
2024-03-22 08:00:00,2.94,14.0,43.5,29.5,26.93,67.3,91.0,5.7,4.4,222.0,CENTRO,8
2024-03-22 09:00:00,3.26,16.0,63.5,35.6,32.22,82.1,77.0,6.5,4.0,65.0,CENTRO,9
2024-03-22 10:00:00,2.94,28.0,48.2,35.3,27.91,61.4,102.0,7.0,5.0,35.0,CENTRO,10
2024-03-22 11:00:00,2.6,42.0,37.3,24.0,24.75,35.2,84.0,5.8,5.5,72.0,CENTRO,11
2024-03-22 12:00:00,2.21,56.0,28.1,7.1,6.34,11.4,67.0,3.8,12.5,320.0,CENTRO,12
2024-03-22 13:00:00,2.21,58.0,32.0,6.6,6.09,10.7,48.0,3.6,12.8,318.0,CENTRO,13
2024-03-22 14:00:00,2.19,61.0,31.7,6.2,5.51,10.1,40.0,3.5,11.9,299.0,CENTRO,14
2024-03-22 15:00:00,2.21,59.0,29.5,6.5,6.8,10.4,32.0,3.5,11.4,316.0,CENTRO,15
2024-03-22 16:00:00,2.22,59.0,32.4,7.0,6.72,10.9,39.0,3.5,11.4,320.0,CENTRO,16
2024-03-22 17:00:00,2.22,59.0,33.7,6.7,5.91,10.4,37.0,3.4,9.6,331.0,CENTRO,17
2024-03-22 18:00:00,2.28,54.0,29.5,14.5,6.37,18.8,33.0,3.5,8.0,134.0,CENTRO,18
2024-03-22 19:00:00,2.46,62.0,29.7,20.9,8.89,24.0,44.0,3.5,7.7,122.0,CENTRO,19
2024-03-22 20:00:00,2.6,45.0,23.0,32.1,11.31,35.7,50.0,3.5,7.1,79.0,CENTRO,20
2024-03-22 21:00:00,2.59,37.0,25.0,34.4,11.74,38.0,58.0,3.4,6.1,121.0,CENTRO,21
2024-03-22 22:00:00,2.27,57.0,28.3,11.2,6.91,14.2,51.0,3.2,9.6,103.0,CENTRO,22
2024-03-22 23:00:00,2.28,57.0,28.9,11.5,7.5,14.4,41.0,3.3,6.9,107.0,CENTRO,23
2024-03-23 00:00:00,2.3,45.0,29.1,13.5,7.9,16.3,35.0,3.4,2.6,285.0,CENTRO,0
2024-03-23 01:00:00,2.36,37.0,29.1,16.4,8.17,19.1,33.0,3.3,3.0,238.0,CENTRO,1
2024-03-23 02:00:00,2.35,41.0,32.8,17.5,11.49,20.4,36.0,3.4,12.3,82.0,CENTRO,2
2024-03-23 03:00:00,2.26,61.0,29.6,5.4,7.69,8.1,105.0,3.6,12.7,103.0,CENTRO,3
2024-03-23 04:00:00,2.25,60.0,27.8,4.8,6.91,7.5,47.0,3.9,11.4,118.0,CENTRO,4
2024-03-23 05:00:00,2.27,56.0,23.4,5.3,7.74,8.0,34.0,3.8,7.5,67.0,CENTRO,5
2024-03-23 06:00:00,2.28,52.0,14.1,6.4,8.08,9.1,37.0,3.6,5.2,89.0,CENTRO,6
2024-03-23 07:00:00,2.3,50.0,16.8,8.8,8.55,11.6,37.0,3.4,7.2,78.0,CENTRO,7
2024-03-23 08:00:00,2.34,45.0,20.0,12.6,9.13,17.0,36.0,3.6,8.1,42.0,CENTRO,8
2024-03-23 09:00:00,2.41,48.0,18.5,12.5,10.7,17.6,40.0,3.4,7.5,62.0,CENTRO,9
2024-03-23 10:00:00,2.38,55.0,19.2,9.2,9.82,13.7,48.0,3.6,9.7,49.0,CENTRO,10
2024-03-23 11:00:00,2.41,57.0,16.6,9.9,11.85,14.1,42.0,3.4,13.5,48.0,CENTRO,11
2024-03-23 12:00:00,2.39,60.0,18.3,8.0,11.0,12.0,49.0,3.5,15.2,62.0,CENTRO,12
2024-03-23 13:00:00,2.36,59.0,25.3,7.0,9.84,10.9,49.0,3.5,15.7,76.0,CENTRO,13
2024-03-23 14:00:00,2.35,59.0,31.6,5.8,8.79,9.4,40.0,3.5,16.1,87.0,CENTRO,14
2024-03-23 15:00:00,2.33,59.0,35.3,4.8,8.45,8.0,42.0,3.4,17.2,105.0,CENTRO,15
2024-03-23 16:00:00,2.33,56.0,34.2,5.0,8.61,8.1,36.0,3.4,16.9,111.0,CENTRO,16
2024-03-23 17:00:00,2.35,52.0,30.9,5.9,8.85,8.9,38.0,3.3,14.4,123.0,CENTRO,17
2024-03-23 18:00:00,2.36,51.0,31.4,6.5,8.29,9.3,30.0,3.4,12.6,122.0,CENTRO,18
2024-03-23 19:00:00,2.38,49.0,26.4,7.7,9.59,10.3,31.0,3.4,11.6,119.0,CENTRO,19
2024-03-23 20:00:00,2.37,49.0,25.7,7.1,9.02,9.7,32.0,3.4,12.4,128.0,CENTRO,20
2024-03-23 21:00:00,2.36,45.0,29.9,7.0,8.62,9.7,35.0,3.3,14.1,82.0,CENTRO,21
2024-03-23 22:00:00,2.34,44.0,27.1,6.4,8.64,9.1,52.0,3.3,13.7,78.0,CENTRO,22
2024-03-23 23:00:00,2.35,43.0,17.7,6.8,11.28,9.5,45.0,3.2,12.3,59.0,CENTRO,23
2024-03-24 00:00:00,2.36,42.0,7.5,6.8,12.26,9.4,45.0,3.3,12.0,54.0,CENTRO,0
2024-03-24 01:00:00,2.36,40.0,6.32,7.8,13.56,10.5,36.0,3.2,10.3,43.0,CENTRO,1
2024-03-24 02:00:00,2.36,40.0,5.14,5.5,12.25,8.2,44.0,3.2,9.5,43.0,CENTRO,2
2024-03-24 03:00:00,2.35,39.0,3.96,5.2,10.89,7.8,38.0,3.2,8.9,52.0,CENTRO,3
2024-03-24 04:00:00,2.36,35.0,2.78,7.9,11.61,11.0,33.0,3.1,7.9,43.0,CENTRO,4
2024-03-24 05:00:00,2.38,15.0,1.6,24.3,20.555,32.5,28.0,3.8,5.5,46.0,CENTRO,5
2024-03-24 06:00:00,2.37,25.0,2.3666666666666667,15.5,29.5,18.7,49.0,4.7,4.6,62.0,CENTRO,6
2024-03-24 07:00:00,2.39,17.0,3.1333333333333333,21.4,31.175,25.4,49.0,4.9,3.6,39.0,CENTRO,7
2024-03-24 08:00:00,2.46,17.0,3.9,22.3,32.85,29.4,60.0,5.6,4.5,70.0,CENTRO,8
2024-03-24 09:00:00,2.48,26.0,6.0,15.2,30.34,23.5,58.0,6.1,5.1,51.0,CENTRO,9
2024-03-24 10:00:00,2.47,29.0,15.7,15.5,31.65,26.6,53.0,6.1,5.5,80.0,CENTRO,10
2024-03-24 11:00:00,2.6,27.0,29.1,24.2,33.93,46.7,58.0,10.3,6.0,348.0,CENTRO,11
2024-03-24 12:00:00,2.58,35.0,29.4,26.8,36.21,44.8,82.0,12.1,7.0,47.0,CENTRO,12
2024-03-24 13:00:00,2.55,69.0,24.3,13.1,27.4,17.7,76.0,7.1,10.1,70.0,CENTRO,13
2024-03-24 14:00:00,2.55,73.0,20.0,17.9,31.26,23.3,55.0,6.9,9.9,58.0,CENTRO,14
2024-03-24 15:00:00,2.54,83.0,26.4,10.9,28.955,14.2,69.0,7.9,9.4,70.0,CENTRO,15
2024-03-24 16:00:00,2.49,72.0,27.7,9.3,26.65,12.6,68.0,9.8,11.5,51.0,CENTRO,16
2024-03-24 17:00:00,2.43,64.0,27.7,8.6,20.05,12.1,62.0,6.3,9.3,61.0,CENTRO,17
2024-03-24 18:00:00,2.38,56.0,25.1,6.3,15.51,9.1,50.0,4.5,11.2,101.0,CENTRO,18
2024-03-24 19:00:00,2.41,54.0,20.4,5.8,16.365,8.4,47.0,4.0,9.6,130.0,CENTRO,19
2024-03-24 20:00:00,2.44,51.0,28.0,6.6,17.22,9.2,42.0,3.8,7.9,108.0,CENTRO,20
2024-03-24 21:00:00,2.49,45.0,29.7,9.4,18.16,12.0,44.0,3.7,5.1,78.0,CENTRO,21
2024-03-24 22:00:00,2.66,30.0,22.6,17.9,21.86,20.6,47.0,3.7,3.0,270.0,CENTRO,22
2024-03-24 23:00:00,2.88,12.0,19.0,32.3,24.755,37.9,45.0,3.7,3.0,292.0,CENTRO,23
2024-03-25 00:00:00,2.72,11.0,10.9,30.2,27.65,35.1,75.0,3.6,3.9,322.0,CENTRO,0
2024-03-25 01:00:00,2.6,10.0,11.371428571428572,28.928571428571427,23.47,36.471428571428575,77.0,4.6,3.5,346.0,CENTRO,1
2024-03-25 02:00:00,2.56,14.0,11.842857142857143,27.65714285714286,20.27,37.84285714285714,73.0,4.4,5.2,343.0,CENTRO,2
2024-03-25 03:00:00,2.58,19.0,12.314285714285715,26.385714285714286,17.58,39.214285714285715,65.0,3.9,3.5,55.0,CENTRO,3
2024-03-25 04:00:00,2.6,12.0,12.785714285714285,25.114285714285714,21.26,40.58571428571429,61.0,3.7,2.9,63.0,CENTRO,4
2024-03-25 05:00:00,2.66,15.0,13.257142857142856,23.842857142857145,27.83,41.95714285714286,59.0,3.7,4.3,143.0,CENTRO,5
2024-03-25 06:00:00,2.68,10.0,13.728571428571428,22.571428571428573,27.88,43.32857142857143,59.0,3.6,3.6,219.0,CENTRO,6
2024-03-25 07:00:00,2.83,10.0,14.2,21.3,25.54,44.7,63.0,3.9,2.6,230.0,CENTRO,7
2024-03-25 08:00:00,2.91,12.0,29.5,24.5,24.32,55.4,66.0,4.0,2.7,202.0,CENTRO,8
2024-03-25 09:00:00,2.71,22.0,28.8,24.35333333333333,16.11,53.379999999999995,74.0,5.3,4.6,182.0,CENTRO,9
2024-03-25 10:00:00,2.18,51.0,28.1,24.206666666666667,6.94,51.36,64.0,3.4,11.8,299.0,CENTRO,10
2024-03-25 11:00:00,2.09,57.0,27.4,24.06,6.69,49.339999999999996,78.0,3.3,16.8,300.0,CENTRO,11
2024-03-25 12:00:00,2.1,58.0,26.7,23.913333333333334,6.69,47.32,83.0,3.4,14.3,322.0,CENTRO,12
2024-03-25 13:00:00,2.18,63.0,4.9,14.8,8.23,20.0,72.0,4.1,11.0,108.0,CENTRO,13
2024-03-25 14:00:00,2.25,79.0,4.0,12.1,10.09,16.2,65.0,4.3,11.9,107.0,CENTRO,14
2024-03-25 15:00:00,2.35,74.0,3.5,10.678947368421053,12.0,14.2,58.0,5.1,16.1,98.0,CENTRO,15
2024-03-25 16:00:00,2.35,61.0,3.3,9.8,13.0,13.4,65.0,4.3,15.5,95.0,CENTRO,16
2024-03-25 17:00:00,2.37,52.0,3.3,9.8,14.0,13.1,54.0,3.9,16.6,98.0,CENTRO,17
2024-03-25 18:00:00,2.34,51.0,3.0,10.7,15.0,13.5,67.0,3.6,16.9,116.0,CENTRO,18
2024-03-25 19:00:00,2.35,48.0,21.8,22.886666666666667,15.0,33.18,68.0,3.6,13.8,113.0,CENTRO,19
2024-03-25 20:00:00,2.3,50.0,21.1,22.740000000000002,16.0,31.16,65.0,3.5,12.5,87.0,CENTRO,20
2024-03-25 21:00:00,2.24,52.0,20.4,22.593333333333334,17.0,29.14,72.0,3.8,9.7,94.0,CENTRO,21
2024-03-25 22:00:00,2.27,43.0,19.7,22.44666666666667,17.0,27.119999999999997,75.0,4.1,8.1,59.0,CENTRO,22
2024-03-25 23:00:00,2.31,35.0,19.0,22.3,18.0,25.1,73.0,3.9,6.0,44.0,CENTRO,23
2024-03-26 00:00:00,2.31,38.0,19.6,16.9,15.0,19.6,75.0,4.0,8.5,45.0,CENTRO,0
2024-03-26 01:00:00,2.19,24.0,19.4,27.4,11.0,30.3,79.0,7.2,4.3,163.0,CENTRO,1
2024-03-26 02:00:00,2.2,34.0,19.64,25.919999999999998,10.0,28.900000000000002,64.0,4.6,3.0,106.0,CENTRO,2
2024-03-26 03:00:00,2.32,43.0,19.88,24.439999999999998,9.0,27.5,57.0,3.9,4.7,65.0,CENTRO,3
2024-03-26 04:00:00,2.21,33.0,20.12,22.96,9.0,26.1,55.0,4.5,4.0,194.0,CENTRO,4
2024-03-26 05:00:00,2.11,34.0,20.36,21.48,8.0,24.7,58.0,4.7,3.0,163.0,CENTRO,5
2024-03-26 06:00:00,2.18,25.0,20.6,20.0,9.0,23.3,44.0,3.8,2.7,151.0,CENTRO,6
2024-03-26 07:00:00,2.39,15.0,23.3,31.7,11.0,40.2,56.0,4.4,3.9,193.0,CENTRO,7
2024-03-26 08:00:00,2.63,17.0,37.1,32.5,13.0,56.3,69.0,5.4,3.1,176.0,CENTRO,8
2024-03-26 09:00:00,2.33,42.0,20.0,15.4,9.0,23.1,73.0,4.4,7.1,34.0,CENTRO,9
2024-03-26 10:00:00,2.19,47.0,11.2,11.4,7.0,17.8,53.0,3.6,9.5,30.0,CENTRO,10
2024-03-26 11:00:00,2.15,49.0,10.5,11.3,6.0,17.7,59.0,5.1,8.0,57.0,CENTRO,11
2024-03-26 12:00:00,2.15,58.0,7.0,8.4,6.0,13.1,46.0,4.0,9.4,75.0,CENTRO,12
2024-03-26 13:00:00,2.16,66.0,5.9,7.8,7.0,12.1,43.0,5.2,11.1,64.0,CENTRO,13
2024-03-26 14:00:00,2.16,69.0,4.7,7.1,7.0,10.8,57.0,6.3,10.1,127.0,CENTRO,14
2024-03-26 15:00:00,2.15,66.0,4.6,6.7,6.0,10.3,50.0,4.6,12.7,121.0,CENTRO,15
2024-03-26 16:00:00,2.17,60.0,4.4,5.9,5.0,9.6,44.0,3.7,13.3,101.0,CENTRO,16
2024-03-26 17:00:00,2.17,57.0,4.2,6.9,5.0,10.7,46.0,3.6,12.9,100.0,CENTRO,17
2024-03-26 18:00:00,2.19,57.0,3.5,7.5,5.12,10.8,37.0,3.5,13.7,90.0,CENTRO,18
2024-03-26 19:00:00,2.23,53.0,3.2,9.5,6.0,12.5,38.0,3.5,13.1,93.0,CENTRO,19
2024-03-26 20:00:00,2.26,45.0,2.7,13.6,6.0,16.2,39.0,3.3,9.8,114.0,CENTRO,20
2024-03-26 21:00:00,2.17,53.0,2.5,8.0,6.23,10.6,38.0,3.3,12.2,128.0,CENTRO,21
2024-03-26 22:00:00,2.18,53.0,2.8,7.7,7.0,10.3,38.0,3.3,11.9,91.0,CENTRO,22
2024-03-26 23:00:00,2.25,53.0,3.1,7.2,17.0,9.8,60.0,3.3,12.2,83.0,CENTRO,23
2024-03-27 00:00:00,2.24,53.5,2.6,7.0,19.0,9.5,82.0,3.4,11.2,50.0,CENTRO,0
2024-03-27 01:00:00,2.23,54.0,2.4,5.6,19.0,8.2,82.0,3.3,10.1,49.0,CENTRO,1
2024-03-27 02:00:00,2.24,54.0,2.4,4.8,18.5,7.3,74.0,3.3,11.1,42.0,CENTRO,2
2024-03-27 03:00:00,2.26,52.0,2.0,5.4,18.0,7.9,66.0,3.3,8.8,38.0,CENTRO,3
2024-03-27 04:00:00,2.26,52.0,1.4,5.4,19.0,7.9,74.0,3.4,6.7,29.0,CENTRO,4
2024-03-27 05:00:00,2.29,38.0,1.4,15.0,22.0,17.5,65.0,3.6,4.6,1.0,CENTRO,5
2024-03-27 06:00:00,2.31,39.0,1.7,13.4,25.0,16.5,75.0,3.8,4.1,328.0,CENTRO,6
2024-03-27 07:00:00,2.41,37.0,1.8,13.4,21.0,16.6,75.0,3.8,3.0,351.0,CENTRO,7
2024-03-27 08:00:00,2.53,37.0,4.2,15.6,23.0,20.1,77.0,3.7,3.5,309.0,CENTRO,8
2024-03-27 09:00:00,2.49,41.0,6.1,14.7,28.0,20.7,83.0,4.4,6.1,334.0,CENTRO,9
2024-03-27 10:00:00,2.4,49.0,5.7,12.6,25.0,17.9,86.0,4.9,5.7,301.0,CENTRO,10
2024-03-27 11:00:00,2.42,60.0,5.1,10.5,26.0,15.0,77.0,5.1,7.3,16.0,CENTRO,11
2024-03-27 12:00:00,2.46,57.0,6.6,16.9,30.0,22.7,92.0,6.1,7.7,101.0,CENTRO,12
2024-03-27 13:00:00,2.35,70.0,5.1,11.5,25.0,15.8,97.0,5.6,7.9,95.0,CENTRO,13
2024-03-27 14:00:00,2.32,78.0,4.8,10.0,23.0,13.8,87.0,4.9,8.4,47.0,CENTRO,14
2024-03-27 15:00:00,2.3,79.0,4.2,9.2,19.0,12.7,88.0,4.8,8.3,75.0,CENTRO,15
2024-03-27 16:00:00,2.31,83.0,3.1,9.9,18.0,13.3,80.0,4.5,8.9,90.0,CENTRO,16
2024-03-27 17:00:00,2.34,81.0,3.1,10.4,17.25,13.8,80.0,4.5,11.9,82.0,CENTRO,17
2024-03-27 18:00:00,2.38,66.0,3.0,11.3,19.27,14.6,80.0,7.6,16.5,76.0,CENTRO,18
2024-03-27 19:00:00,2.39,63.0,2.6,11.4,19.02,14.2,82.0,7.7,14.2,84.0,CENTRO,19
2024-03-27 20:00:00,2.33,61.0,2.5,8.3,17.03,10.9,72.0,5.0,13.3,102.0,CENTRO,20
2024-03-27 21:00:00,2.32,55.0,2.4,9.3,15.68,11.9,61.0,4.2,10.3,99.0,CENTRO,21
2024-03-27 22:00:00,2.31,52.0,2.4,9.0,15.42,11.6,56.0,3.8,9.7,110.0,CENTRO,22
2024-03-27 23:00:00,2.26,52.0,2.38,7.6,12.69,10.2,49.0,3.6,9.0,107.0,CENTRO,23
2024-03-28 00:00:00,2.25,52.0,2.36,6.3,12.37,8.8,47.0,3.5,8.3,115.0,CENTRO,0
2024-03-28 01:00:00,2.26,50.0,2.34,7.4,12.73,10.0,39.0,3.5,7.9,63.0,CENTRO,1
2024-03-28 02:00:00,2.27,47.0,2.32,7.1,12.07,9.7,47.0,3.5,8.7,64.0,CENTRO,2
2024-03-28 03:00:00,2.29,46.0,2.3,6.0,12.01,8.5,43.0,3.4,8.3,48.0,CENTRO,3
2024-03-28 04:00:00,2.28,46.0,2.2,4.5,11.66,7.0,46.0,3.4,7.5,43.0,CENTRO,4
2024-03-28 05:00:00,2.29,39.0,2.2,9.9,13.34,12.4,43.0,3.3,4.0,23.0,CENTRO,5
2024-03-28 06:00:00,2.29,41.0,2.3,8.2,13.11,10.7,46.0,3.4,4.2,52.0,CENTRO,6
2024-03-28 07:00:00,2.35,32.0,2.4,15.5,16.16,18.2,43.0,3.3,4.9,65.0,CENTRO,7
2024-03-28 08:00:00,2.37,30.0,4.7,18.3,27.34,23.3,55.0,3.5,4.0,11.0,CENTRO,8
2024-03-28 09:00:00,2.42,36.0,7.5,16.4,31.11,24.2,66.0,3.6,4.9,7.0,CENTRO,9
2024-03-28 10:00:00,2.6,34.0,17.2,26.9,38.58,44.3,72.0,4.4,6.8,41.0,CENTRO,10
2024-03-28 11:00:00,2.55,49.0,9.1,20.4,31.26,29.7,97.0,5.2,9.2,46.0,CENTRO,11
2024-03-28 12:00:00,2.34,62.0,3.7,8.0,16.54,11.9,79.0,4.2,10.8,87.0,CENTRO,12
2024-03-28 13:00:00,2.26,62.0,2.8,4.5,12.49,7.4,54.0,3.7,13.4,121.0,CENTRO,13
2024-03-28 14:00:00,2.27,60.0,2.9,4.0,11.73,7.0,53.0,3.6,16.1,115.0,CENTRO,14
2024-03-28 15:00:00,2.26,59.0,2.8,3.7,11.1,6.7,54.0,3.5,18.5,109.0,CENTRO,15
2024-03-28 16:00:00,2.28,58.0,2.8,4.0,11.62,7.0,54.0,3.5,19.2,118.0,CENTRO,16
2024-03-28 17:00:00,2.26,57.0,2.6,3.7,10.64,6.5,61.0,3.5,16.6,130.0,CENTRO,17
2024-03-28 18:00:00,2.27,56.0,2.7,4.6,10.48,7.4,50.0,3.4,14.1,129.0,CENTRO,18
2024-03-28 19:00:00,2.3,52.0,2.5,6.4,11.43,9.0,47.0,3.4,13.7,125.0,CENTRO,19
2024-03-28 20:00:00,2.32,49.0,2.5,7.4,11.27,10.1,45.0,3.4,13.0,119.0,CENTRO,20
2024-03-28 21:00:00,2.26,50.0,2.55,7.5,10.46,10.1,49.0,3.3,15.8,74.0,CENTRO,21
2024-03-28 22:00:00,2.22,49.0,2.6,8.8,8.22,11.4,63.0,3.3,12.6,76.0,CENTRO,22
2024-03-28 23:00:00,2.19,52.0,2.65,5.5,7.04,8.1,46.0,3.3,10.9,88.0,CENTRO,23
2024-03-29 00:00:00,2.18,51.0,2.6999999999999997,5.7,6.85,8.3,40.0,3.3,9.0,89.0,CENTRO,0
2024-03-29 01:00:00,2.19,48.0,2.75,7.8,7.36,10.4,36.0,3.2,7.5,47.0,CENTRO,1
2024-03-29 02:00:00,2.19,36.0,2.8,17.7,9.17,20.5,38.0,4.2,6.2,4.0,CENTRO,2
2024-03-29 03:00:00,2.21,32.0,2.6,20.0,10.48,22.6,41.0,4.7,6.7,353.0,CENTRO,3
2024-03-29 04:00:00,2.23,35.0,2.4,17.0,10.47,19.5,51.0,4.6,6.2,359.0,CENTRO,4
2024-03-29 05:00:00,2.2,34.0,2.3,17.6,9.74,20.1,47.0,4.8,5.1,346.0,CENTRO,5
2024-03-29 06:00:00,2.23,32.0,2.4,18.3,9.39,20.8,45.0,4.6,4.2,350.0,CENTRO,6
2024-03-29 07:00:00,2.33,30.0,3.4,19.6,10.07,23.2,38.0,4.8,4.7,356.0,CENTRO,7
2024-03-29 08:00:00,2.34,33.0,5.2,17.3,10.38,22.7,47.0,4.9,4.0,352.0,CENTRO,8
2024-03-29 09:00:00,2.35,38.0,7.1,15.5,10.79,22.8,44.0,5.1,4.9,22.0,CENTRO,9
2024-03-29 10:00:00,2.48,44.0,7.7,16.5,13.47,24.5,48.0,5.1,6.2,1.0,CENTRO,10
2024-03-29 11:00:00,2.96,53.0,8.2,22.1,35.49,30.6,52.0,6.4,6.0,3.0,CENTRO,11
2024-03-29 12:00:00,2.72,51.0,11.6,29.3,28.1,41.1,80.0,9.2,7.8,55.0,CENTRO,12
2024-03-29 13:00:00,2.52,76.0,4.7,17.6,19.77,22.5,87.0,7.3,9.0,60.0,CENTRO,13
2024-03-29 14:00:00,2.45,81.0,3.5,13.5,15.79,17.1,67.0,6.1,10.8,39.0,CENTRO,14
2024-03-29 15:00:00,2.39,69.0,3.9,12.3,13.01,16.4,71.0,4.9,10.9,38.0,CENTRO,15
2024-03-29 16:00:00,2.35,69.0,3.4,9.2,12.65,12.8,50.0,4.5,10.8,49.0,CENTRO,16
2024-03-29 17:00:00,2.32,69.0,2.6,5.8,11.07,8.7,51.0,4.0,11.6,105.0,CENTRO,17
2024-03-29 18:00:00,2.32,65.0,2.5,5.6,12.01,8.3,50.0,3.8,13.2,121.0,CENTRO,18
2024-03-29 19:00:00,2.33,59.0,2.4,5.8,12.47,8.3,46.0,3.8,11.2,126.0,CENTRO,19
2024-03-29 20:00:00,2.39,49.0,2.5,10.7,14.14,13.3,46.0,3.7,9.2,92.0,CENTRO,20
2024-03-29 21:00:00,2.39,45.0,2.4,10.6,14.89,13.2,46.0,3.6,10.8,61.0,CENTRO,21
2024-03-29 22:00:00,2.38,42.0,2.4,10.0,11.85,12.6,65.0,3.7,10.6,44.0,CENTRO,22
2024-03-29 23:00:00,2.37,39.0,2.433333333333333,10.1,11.46,12.7,57.0,3.6,10.5,42.0,CENTRO,23
2024-03-30 00:00:00,2.38,39.0,2.466666666666667,9.2,10.82,11.8,53.0,3.6,8.9,43.0,CENTRO,0
2024-03-30 01:00:00,2.37,32.0,2.5,14.8,11.41,17.5,50.0,4.1,7.9,45.0,CENTRO,1
2024-03-30 02:00:00,2.34,32.0,2.8,14.0,11.4,17.0,46.0,4.2,6.0,54.0,CENTRO,2
2024-03-30 03:00:00,2.35,22.0,2.6,21.1,13.16,23.9,46.0,4.6,4.2,353.0,CENTRO,3
2024-03-30 04:00:00,2.36,28.0,2.4,11.8,12.42,14.4,54.0,4.4,1.9,263.0,CENTRO,4
2024-03-30 05:00:00,2.41,25.0,2.4,11.6,12.23,14.2,47.0,4.1,1.8,323.0,CENTRO,5
2024-03-30 06:00:00,2.43,22.0,2.5999999999999996,12.5,12.57,15.0,42.0,3.9,1.9,274.0,CENTRO,6
2024-03-30 07:00:00,2.47,18.0,2.8,13.7,12.82,16.7,43.0,3.8,1.9,315.0,CENTRO,7
2024-03-30 08:00:00,2.5,23.0,6.4,15.8,15.49,22.3,45.0,3.8,3.4,328.0,CENTRO,8
2024-03-30 09:00:00,2.59,27.0,10.9,17.7,27.3,28.9,55.0,4.7,4.9,350.0,CENTRO,9
2024-03-30 10:00:00,2.91,38.0,9.6,19.2,38.97,29.0,75.0,5.9,5.2,20.0,CENTRO,10
2024-03-30 11:00:00,3.2,51.0,8.7,22.6,36.46,31.5,79.0,7.0,5.9,34.0,CENTRO,11
2024-03-30 12:00:00,2.86,69.0,6.5,21.9,30.35,28.5,82.0,6.9,8.4,30.0,CENTRO,12
2024-03-30 13:00:00,2.55,83.0,4.7,18.9,26.71,23.8,86.0,7.7,9.8,81.0,CENTRO,13
2024-03-30 14:00:00,2.53,105.0,3.2,14.0,22.09,17.4,76.0,6.3,9.9,65.0,CENTRO,14
2024-03-30 15:00:00,2.53,116.0,2.8,12.1,22.52,15.0,72.0,5.5,13.1,61.0,CENTRO,15
2024-03-30 16:00:00,2.49,101.0,2.8,10.5,18.97,13.5,81.0,5.0,15.6,51.0,CENTRO,16
2024-03-30 17:00:00,2.5,105.0,2.7,10.8,20.75,13.7,73.0,5.4,15.2,55.0,CENTRO,17
2024-03-30 18:00:00,2.45,100.0,2.4,8.9,20.3,11.5,75.0,7.9,11.7,100.0,CENTRO,18
2024-03-30 19:00:00,2.43,75.0,2.4,10.7,20.65,13.3,69.0,9.9,11.5,80.0,CENTRO,19
2024-03-30 20:00:00,2.4,44.0,3.0,9.0,15.91,11.5,67.0,5.4,13.0,76.0,CENTRO,20
2024-03-30 21:00:00,2.4,43.0,4.7,9.0,15.85,11.6,54.0,5.6,9.2,96.0,CENTRO,21
2024-03-30 22:00:00,2.43,39.0,4.4,9.4,20.24,12.0,51.0,5.4,9.1,71.0,CENTRO,22
2024-03-30 23:00:00,2.47,35.0,3.1,10.3,22.95,13.0,58.0,4.1,9.0,47.0,CENTRO,23
2024-03-31 00:00:00,2.45,36.0,1.8,8.3,21.59,10.9,62.0,3.7,11.1,33.0,CENTRO,0
2024-03-31 01:00:00,2.45,34.0,1.3,9.1,22.04,11.6,53.0,3.6,8.7,56.0,CENTRO,1
2024-03-31 02:00:00,2.45,33.0,1.2,8.7,21.26,11.2,58.0,3.6,5.0,21.0,CENTRO,2
2024-03-31 03:00:00,2.44,24.0,1.2,14.6,23.96,17.1,61.0,3.5,2.2,330.0,CENTRO,3
2024-03-31 04:00:00,2.48,22.0,1.2333333333333334,14.7,26.58,17.2,52.0,3.4,2.3,39.0,CENTRO,4
2024-03-31 05:00:00,2.48,21.0,1.2666666666666666,14.5,30.39,17.1,59.0,3.5,2.4,2.0,CENTRO,5
2024-03-31 06:00:00,2.48,20.0,1.3,12.8,29.07,15.4,71.0,3.6,4.2,268.0,CENTRO,6
2024-03-31 07:00:00,2.5,15.0,2.7,16.6,33.35,20.5,63.0,3.7,4.6,230.0,CENTRO,7
2024-03-31 08:00:00,2.54,21.0,6.9,17.6,38.09,24.7,68.0,4.0,4.2,222.0,CENTRO,8
2024-03-31 09:00:00,2.52,35.0,7.8,14.5,35.77,21.1,75.0,5.8,4.2,175.0,CENTRO,9
2024-03-31 10:00:00,2.67,38.0,12.0,21.5,40.95,32.0,72.0,6.3,5.5,61.0,CENTRO,10
2024-03-31 11:00:00,2.76,53.0,9.0,20.9,38.88666666666667,28.6,83.0,5.5,6.9,82.0,CENTRO,11
2024-03-31 12:00:00,2.66,77.0,5.9,19.8,36.82333333333333,25.0,82.0,5.7,8.4,63.0,CENTRO,12
2024-03-31 13:00:00,2.59,99.0,4.9,14.0,34.76,17.5,79.0,5.6,9.8,65.0,CENTRO,13
2024-03-31 14:00:00,2.54,90.0,4.4,9.7,30.36,12.8,77.0,4.3,10.6,56.0,CENTRO,14
2024-03-31 15:00:00,2.48,85.0,4.1,8.5,27.29,11.7,74.0,4.3,12.3,66.0,CENTRO,15
2024-03-31 16:00:00,2.39,78.0,3.9,6.0,20.44,8.9,62.0,4.2,13.2,104.0,CENTRO,16
2024-03-31 17:00:00,2.34,68.0,4.3,5.3,16.9,8.1,54.0,3.9,15.0,114.0,CENTRO,17
2024-03-31 18:00:00,2.29,57.0,3.9,5.3,13.73,8.2,55.0,3.6,11.8,99.0,CENTRO,18
2024-03-31 19:00:00,2.3,44.0,3.7,7.4,13.37,10.1,43.0,3.4,10.7,93.0,CENTRO,19
2024-03-31 20:00:00,2.36,39.0,3.8,10.0,16.45,12.8,46.0,3.4,9.9,91.0,CENTRO,20
2024-03-31 21:00:00,2.33,38.0,3.7,7.6,17.16,10.2,46.0,3.5,10.0,101.0,CENTRO,21
2024-03-31 22:00:00,2.3,38.0,3.6,6.7,16.33,9.4,45.0,3.5,7.7,97.0,CENTRO,22
2024-03-31 23:00:00,2.49,24.0,4.2,18.0,23.83,20.9,45.0,3.5,6.4,12.0,CENTRO,23
2024-04-01 00:00:00,2.54,23.0,4.05,18.25,28.939999999999998,21.049999999999997,62.0,3.8,6.1,169.5,CENTRO,0
2024-04-01 01:00:00,2.59,22.0,3.9,18.5,34.05,21.2,79.0,4.1,5.8,327.0,CENTRO,1
2024-04-01 02:00:00,2.6,19.0,3.3,17.7,35.93,20.3,78.0,3.8,2.4,305.0,CENTRO,2
2024-04-01 03:00:00,2.62,15.0,2.2,19.3,39.22,22.0,77.0,3.6,2.1,225.0,CENTRO,3
2024-04-01 04:00:00,2.65,11.0,3.8,21.6,36.87,25.3,72.0,3.6,2.3,231.0,CENTRO,4
2024-04-01 05:00:00,2.52,13.0,5.4,18.6,25.25,21.5,70.0,3.8,2.6,225.0,CENTRO,5
2024-04-01 06:00:00,2.8,9.0,6.8,23.2,37.31,32.3,59.0,3.7,2.1,246.0,CENTRO,6
2024-04-01 07:00:00,3.0,9.0,20.9,23.9,44.0,48.5,84.0,3.7,2.2,227.0,CENTRO,7
2024-04-01 08:00:00,3.21,11.0,43.0,27.3,47.39,74.4,97.0,3.7,2.5,300.0,CENTRO,8
2024-04-01 09:00:00,3.06,15.0,39.9,31.4,33.35,68.0,115.0,4.3,3.4,171.0,CENTRO,9
2024-04-01 10:00:00,3.06,23.0,35.0,41.0,27.92,70.2,84.0,4.6,4.6,25.0,CENTRO,10
2024-04-01 11:00:00,3.23,33.0,30.1,55.3,28.44,79.7,93.0,4.6,4.6,36.0,CENTRO,11
2024-04-01 12:00:00,3.26,48.0,20.4,60.0,28.57,74.7,97.0,4.5,4.1,98.0,CENTRO,12
2024-04-01 13:00:00,3.28,71.0,13.1,51.4,38.04,58.0,86.0,4.1,7.4,84.0,CENTRO,13
2024-04-01 14:00:00,2.93,77.0,11.9,30.5,36.14,35.7,109.0,4.0,6.3,49.0,CENTRO,14
2024-04-01 15:00:00,2.74,72.0,12.6,26.9,27.43,32.8,92.0,4.1,9.6,32.0,CENTRO,15
2024-04-01 16:00:00,2.64,69.0,12.5,24.9,24.46,30.1,82.0,4.5,8.4,48.0,CENTRO,16
2024-04-01 17:00:00,2.67,69.0,12.3,26.1,26.24,31.2,75.0,4.9,5.9,63.0,CENTRO,17
2024-04-01 18:00:00,2.69,69.0,11.2,23.0,27.04,26.8,70.0,4.5,5.9,40.0,CENTRO,18
2024-04-01 19:00:00,2.98,51.0,10.0,39.1,42.37,42.6,73.0,5.9,7.3,54.0,CENTRO,19
2024-04-01 20:00:00,2.89,28.0,10.1,37.5,37.94,41.4,107.0,5.8,5.3,24.0,CENTRO,20
2024-04-01 21:00:00,2.93,17.0,9.4,44.1,37.63,47.9,96.0,6.0,4.5,192.0,CENTRO,21
2024-04-01 22:00:00,2.97,16.0,13.1,40.1,39.75,47.3,78.0,5.2,3.7,207.0,CENTRO,22
2024-04-01 23:00:00,2.94,12.0,11.0,48.2,41.48,52.9,85.0,5.6,5.2,219.0,CENTRO,23
2024-04-02 00:00:00,2.74,16.0,13.6,38.8,38.13,45.7,100.0,5.9,9.5,231.0,CENTRO,0
2024-04-02 01:00:00,2.14,30.0,11.3,5.9,11.17,8.9,113.0,4.5,13.1,273.0,CENTRO,1
2024-04-02 02:00:00,2.14,28.0,11.3,6.9,10.46,9.9,79.0,4.4,14.3,293.0,CENTRO,2
2024-04-02 03:00:00,2.35,32.0,11.350000000000001,11.4,35.535,14.4,63.0,5.4,12.0,89.0,CENTRO,3
2024-04-02 04:00:00,2.27,33.0,11.4,11.6,60.61,14.6,408.0,4.9,9.6,95.0,CENTRO,4
2024-04-02 05:00:00,2.29,38.0,11.8,7.4,47.4,10.3,324.0,5.2,9.1,56.0,CENTRO,5
2024-04-02 06:00:00,2.21,37.0,11.0,11.3,29.65,14.5,248.0,5.4,9.1,62.0,CENTRO,6
2024-04-02 07:00:00,2.2,31.0,11.3,19.4,21.35,23.1,166.0,5.9,7.3,79.0,CENTRO,7
2024-04-02 08:00:00,2.2,38.0,12.6,15.8,15.46,21.2,119.0,4.6,7.9,81.0,CENTRO,8
2024-04-02 09:00:00,2.16,46.0,13.2,11.6,12.86,17.6,97.0,4.0,9.4,27.0,CENTRO,9
2024-04-02 10:00:00,2.12,53.0,12.4,8.6,10.97,13.9,92.0,3.5,11.5,31.0,CENTRO,10
2024-04-02 11:00:00,2.1,57.0,11.9,6.5,8.59,11.1,87.0,3.3,12.2,25.0,CENTRO,11
2024-04-02 12:00:00,2.11,59.0,9.5,5.8,8.55,10.0,73.0,3.5,10.8,16.0,CENTRO,12
2024-04-02 13:00:00,2.12,63.0,8.1,5.3,10.01,9.0,68.0,3.6,9.2,360.0,CENTRO,13
2024-04-02 14:00:00,2.17,65.0,7.8,8.2,10.55,12.5,70.0,4.2,9.5,31.0,CENTRO,14
2024-04-02 15:00:00,2.17,68.0,6.9,6.9,9.62,10.8,74.0,4.2,9.8,26.0,CENTRO,15
2024-04-02 16:00:00,2.19,66.0,6.7,9.2,10.3,13.5,68.0,4.7,10.4,23.0,CENTRO,16
2024-04-02 17:00:00,2.2,64.0,6.1,10.5,10.28,14.6,71.0,4.9,10.3,36.0,CENTRO,17
2024-04-02 18:00:00,2.17,58.0,4.1,10.2,9.07,14.3,73.0,4.0,12.3,18.0,CENTRO,18
2024-04-02 19:00:00,2.19,49.0,3.6,13.1,7.14,16.8,68.0,3.3,14.2,13.0,CENTRO,19
2024-04-02 20:00:00,2.18,46.0,2.9,16.1,7.51,19.1,65.0,4.2,12.5,35.0,CENTRO,20
2024-04-02 21:00:00,2.17,41.0,3.2,18.4,8.33,21.6,61.0,7.0,9.7,53.0,CENTRO,21
2024-04-02 22:00:00,2.17,48.0,2.7,13.7,7.5,16.5,60.0,4.0,12.8,50.0,CENTRO,22
2024-04-02 23:00:00,2.15,46.0,2.7,15.4,6.68,18.1,65.0,4.3,7.9,36.0,CENTRO,23
2024-04-03 00:00:00,2.18,49.0,2.65,10.0,6.04,12.7,59.0,4.7,4.5,39.0,CENTRO,0
2024-04-03 01:00:00,2.16,51.0,2.6,7.2,5.55,9.8,50.0,4.0,6.5,12.0,CENTRO,1
2024-04-03 02:00:00,2.13,47.0,2.5,10.6,5.54,13.2,41.0,4.5,5.1,79.0,CENTRO,2
2024-04-03 03:00:00,2.23,47.0,2.5,9.3,5.02,11.9,39.0,4.9,6.1,87.0,CENTRO,3
2024-04-03 04:00:00,2.46,48.0,2.566666666666667,7.2,4.6,9.8,31.0,5.2,4.2,49.0,CENTRO,4
2024-04-03 05:00:00,2.41,47.0,2.6333333333333333,6.5,5.49,9.1,29.0,5.3,4.5,350.0,CENTRO,5
2024-04-03 06:00:00,2.19,43.0,2.7,9.6,7.5,12.4,38.0,4.5,5.8,41.0,CENTRO,6
2024-04-03 07:00:00,2.29,25.0,5.4,25.5,9.84,31.0,47.0,5.3,4.0,145.0,CENTRO,7
2024-04-03 08:00:00,2.26,30.0,7.9,22.2,9.11,30.2,62.0,5.3,5.7,134.0,CENTRO,8
2024-04-03 09:00:00,2.17,45.0,5.2,10.9,8.24,16.2,54.0,4.2,5.7,75.0,CENTRO,9
2024-04-03 10:00:00,2.25,38.0,12.2,20.6,11.1,32.9,48.0,7.5,8.5,51.0,CENTRO,10
2024-04-03 11:00:00,2.24,47.0,8.7,17.5,11.64,26.3,69.0,6.1,8.4,60.0,CENTRO,11
2024-04-03 12:00:00,2.32,54.0,7.5,18.2,12.6,25.8,72.0,5.5,8.1,33.0,CENTRO,12
2024-04-03 13:00:00,2.33,63.0,6.3,17.3,13.78,23.7,74.0,6.0,8.5,30.0,CENTRO,13
2024-04-03 14:00:00,2.3,68.0,5.5,16.9,14.01,22.5,86.0,5.9,9.1,50.0,CENTRO,14
2024-04-03 15:00:00,2.24,76.0,4.2,13.1,13.01,17.4,77.0,4.9,10.4,126.0,CENTRO,15
2024-04-03 16:00:00,2.19,74.0,3.9,10.5,11.22,14.5,79.0,4.6,10.1,82.0,CENTRO,16
2024-04-03 17:00:00,2.13,65.0,3.5,8.3,7.82,11.9,68.0,4.4,9.0,88.0,CENTRO,17
2024-04-03 18:00:00,2.16,58.0,3.7,11.6,7.21,15.4,55.0,4.6,9.8,47.0,CENTRO,18
2024-04-03 19:00:00,2.21,49.0,3.4,18.6,8.03,22.0,50.0,7.3,10.9,62.0,CENTRO,19
2024-04-03 20:00:00,2.19,56.0,2.6,9.6,7.44,12.3,51.0,4.8,11.5,122.0,CENTRO,20
2024-04-03 21:00:00,2.19,54.0,2.6,9.3,7.5,12.0,51.0,3.8,13.2,111.0,CENTRO,21
2024-04-03 22:00:00,2.14,55.0,2.55,7.1,6.39,9.7,51.0,3.8,13.6,117.0,CENTRO,22
2024-04-03 23:00:00,2.14,53.0,2.5,7.3,6.29,9.9,41.0,3.5,10.9,117.0,CENTRO,23
2024-04-04 00:00:00,2.13,54.0,2.5,6.2,6.33,8.8,39.0,3.5,9.1,114.0,CENTRO,0
2024-04-04 01:00:00,2.1,57.0,2.4499999999999997,3.5,5.54,6.1,33.0,3.5,8.8,126.0,CENTRO,1
2024-04-04 02:00:00,2.1,56.0,2.4,3.6,5.47,6.1,34.0,3.5,6.2,135.0,CENTRO,2
2024-04-04 03:00:00,2.11,43.0,2.5,11.8,5.48,14.4,34.0,3.4,4.0,165.0,CENTRO,3
2024-04-04 04:00:00,2.49,16.0,22.1,35.9,23.28,58.2,30.0,4.5,3.5,346.0,CENTRO,4
2024-04-04 05:00:00,2.57,10.0,20.3,38.8,26.21,59.3,107.0,4.6,2.9,320.0,CENTRO,5
2024-04-04 06:00:00,3.18,10.0,17.4,39.3,22.81,56.9,101.0,6.7,2.3,294.0,CENTRO,6
2024-04-04 07:00:00,2.97,11.0,23.8,36.9,22.54,60.9,81.0,5.6,2.5,234.0,CENTRO,7
2024-04-04 08:00:00,2.71,16.0,32.8,36.5,19.0,69.6,85.0,8.9,3.8,298.0,CENTRO,8
2024-04-04 09:00:00,2.98,25.0,28.3,36.0,21.28,64.5,84.0,9.1,5.4,13.0,CENTRO,9
2024-04-04 10:00:00,3.22,36.0,19.4,35.4,18.43,55.1,80.0,12.2,7.1,16.0,CENTRO,10
2024-04-04 11:00:00,2.61,38.0,19.7,36.2,21.18,56.2,81.0,10.7,9.9,35.0,CENTRO,11
2024-04-04 12:00:00,2.33,58.0,7.8,18.9,12.84,27.0,105.0,6.1,12.2,48.0,CENTRO,12
2024-04-04 13:00:00,2.22,72.0,3.6,8.6,9.04,12.5,75.0,4.2,11.9,56.0,CENTRO,13
2024-04-04 14:00:00,2.21,74.0,3.2,6.9,8.62,10.3,57.0,4.0,12.1,79.0,CENTRO,14
2024-04-04 15:00:00,2.2,66.0,3.5,6.3,7.77,10.1,55.0,3.8,14.0,55.0,CENTRO,15
2024-04-04 16:00:00,2.2,64.0,3.4,6.1,7.64,9.8,57.0,3.7,14.9,71.0,CENTRO,16
2024-04-04 17:00:00,2.22,64.0,3.2,5.7,7.21,9.2,54.0,3.7,12.5,100.0,CENTRO,17
2024-04-04 18:00:00,2.23,62.0,3.0,7.3,7.62,10.5,45.0,3.8,11.6,100.0,CENTRO,18
2024-04-04 19:00:00,2.27,57.0,2.9,12.2,7.62,15.3,47.0,4.8,12.1,85.0,CENTRO,19
2024-04-04 20:00:00,2.3,50.0,2.7,16.6,10.93,19.5,47.0,4.9,10.3,88.0,CENTRO,20
2024-04-04 21:00:00,2.22,52.0,3.0,11.9,9.82,15.2,50.0,3.5,10.3,110.0,CENTRO,21
2024-04-04 22:00:00,2.11,53.0,2.6,6.0,6.54,8.8,45.0,3.4,11.9,101.0,CENTRO,22
2024-04-04 23:00:00,2.11,51.0,2.5,7.0,5.89,9.7,46.0,3.3,10.6,74.0,CENTRO,23
2024-04-05 00:00:00,2.12,39.0,2.9,16.3,6.94,19.4,38.0,4.4,9.7,34.0,CENTRO,0
2024-04-05 01:00:00,2.16,23.0,4.9,28.6,10.92,33.7,39.0,7.5,7.7,31.0,CENTRO,1
2024-04-05 02:00:00,2.19,16.0,6.3,34.3,14.73,40.8,39.0,12.2,5.8,38.0,CENTRO,2
2024-04-05 03:00:00,2.18,27.0,2.6,23.5,11.53,26.3,54.0,8.0,5.5,17.0,CENTRO,3
2024-04-05 04:00:00,2.28,29.0,2.5,18.2,11.86,20.9,43.0,6.7,3.3,34.0,CENTRO,4
2024-04-05 05:00:00,2.7,19.0,2.7,27.9,11.92,30.8,49.0,8.4,3.1,348.0,CENTRO,5
2024-04-05 06:00:00,2.65,12.0,6.4,36.5,12.68,43.1,46.0,9.3,4.8,177.5,CENTRO,6
2024-04-05 07:00:00,2.41,12.0,15.6,36.6,16.64,52.4,55.0,6.7,5.2,7.0,CENTRO,7
2024-04-05 08:00:00,2.39,21.0,16.2,29.6,14.53,46.0,66.0,6.7,5.6,347.0,CENTRO,8
2024-04-05 09:00:00,2.94,30.0,17.0,28.1,15.81,45.2,63.0,10.7,4.7,22.0,CENTRO,9
2024-04-05 10:00:00,3.32,33.0,22.5,36.3,20.82,59.0,64.0,14.0,5.3,32.0,CENTRO,10
2024-04-05 11:00:00,2.89,38.0,20.0,36.9,22.23,57.1,84.0,14.5,7.5,34.0,CENTRO,11
2024-04-05 12:00:00,2.61,45.0,20.4,43.2,27.38,63.9,89.0,17.9,9.5,36.0,CENTRO,12
2024-04-05 13:00:00,2.4,78.0,4.9,16.1,15.38,21.2,103.0,9.4,11.5,51.0,CENTRO,13
2024-04-05 14:00:00,2.3,68.0,3.4,7.2,11.88,10.8,80.0,5.3,14.9,126.0,CENTRO,14
2024-04-05 15:00:00,2.31,65.0,3.2,5.7,11.6,9.2,72.0,4.8,13.2,106.0,CENTRO,15
2024-04-05 16:00:00,2.31,65.0,3.4,6.3,12.36,9.9,51.0,4.8,14.7,113.0,CENTRO,16
2024-04-05 17:00:00,2.32,63.0,3.3,7.0,12.7,10.6,54.0,4.6,17.3,101.0,CENTRO,17
2024-04-05 18:00:00,2.33,61.0,3.1,7.7,12.32,11.0,68.0,4.5,17.3,102.0,CENTRO,18
2024-04-05 19:00:00,2.31,58.0,2.9,7.9,11.82,11.0,59.0,4.3,17.6,91.0,CENTRO,19
2024-04-05 20:00:00,2.38,41.0,2.8,9.5,10.06,12.5,68.0,4.9,16.6,78.0,CENTRO,20
2024-04-05 21:00:00,2.38,42.0,2.7,8.5,8.65,11.5,80.0,4.8,15.0,73.0,CENTRO,21
2024-04-05 22:00:00,2.38,41.0,2.7,8.2,8.49,11.2,63.0,4.3,11.1,65.0,CENTRO,22
2024-04-05 23:00:00,2.36,40.0,3.65,8.5,7.86,11.4,46.0,4.2,9.8,52.0,CENTRO,23
2024-04-06 00:00:00,2.37,33.0,4.6,13.6,8.7,18.4,48.0,4.0,8.7,33.0,CENTRO,0
2024-04-06 01:00:00,2.36,33.0,2.7,12.0,8.78,14.8,47.0,3.9,5.5,15.0,CENTRO,1
2024-04-06 02:00:00,2.36,26.0,2.9,17.9,9.86,21.0,44.0,3.9,6.2,19.0,CENTRO,2
2024-04-06 03:00:00,2.39,20.0,3.2,22.2,14.16,25.6,50.0,4.5,5.2,45.0,CENTRO,3
2024-04-06 04:00:00,2.4,16.0,4.6,23.8,15.54,28.6,57.0,5.3,3.8,52.0,CENTRO,4
2024-04-06 05:00:00,2.4,14.0,3.1,23.3,16.42,26.6,60.0,5.5,2.1,329.0,CENTRO,5
2024-04-06 06:00:00,2.46,12.0,3.1,25.2,18.57,28.5,55.0,5.0,2.6,329.0,CENTRO,6
2024-04-06 07:00:00,2.52,14.0,4.7,20.0,16.42,25.0,67.0,4.7,2.4,277.0,CENTRO,7
2024-04-06 08:00:00,2.61,14.0,23.2,26.0,23.53,49.5,57.0,4.9,3.0,256.0,CENTRO,8
2024-04-06 09:00:00,2.78,19.0,30.5,36.2,36.89,66.8,100.0,5.8,3.8,351.0,CENTRO,9
2024-04-06 10:00:00,2.89,28.0,19.8,32.6,48.53,52.6,120.0,6.6,4.5,21.0,CENTRO,10
2024-04-06 11:00:00,3.26,37.0,18.9,43.8,55.13,62.9,124.0,7.8,5.4,62.0,CENTRO,11
2024-04-06 12:00:00,3.17,46.0,19.4,48.2,53.25,67.8,121.0,13.0,9.0,74.0,CENTRO,12
2024-04-06 13:00:00,2.66,79.0,6.1,24.5,31.8,30.8,133.0,8.4,9.3,92.0,CENTRO,13
2024-04-06 14:00:00,2.49,100.0,3.7,14.9,19.81,18.9,86.0,5.9,9.9,80.0,CENTRO,14
2024-04-06 15:00:00,2.39,101.0,3.3,11.1,15.14,14.6,75.0,5.0,10.5,67.0,CENTRO,15
2024-04-06 16:00:00,2.31,101.0,3.1,8.5,13.02,11.8,62.0,4.6,10.3,95.0,CENTRO,16
2024-04-06 17:00:00,2.26,89.0,3.0,7.6,10.51,10.9,85.0,4.3,12.2,120.0,CENTRO,17
2024-04-06 18:00:00,2.23,77.0,3.0,8.0,9.44,11.2,52.0,4.1,11.2,115.0,CENTRO,18
2024-04-06 19:00:00,2.33,61.0,3.15,15.3,10.34,18.5,43.0,3.9,7.7,84.0,CENTRO,19
2024-04-06 20:00:00,2.36,50.0,3.3,18.4,10.98,21.9,52.0,3.9,7.5,70.0,CENTRO,20
2024-04-06 21:00:00,2.49,35.0,3.0,22.4,17.45,25.6,45.0,4.1,6.3,76.0,CENTRO,21
2024-04-06 22:00:00,2.45,33.0,2.8,16.5,18.06,19.4,57.0,5.3,4.9,79.0,CENTRO,22
2024-04-06 23:00:00,2.41,32.0,3.2,15.9,18.06,19.2,55.0,5.1,7.3,56.0,CENTRO,23
2024-04-07 00:00:00,2.5,21.0,7.1,20.2,22.0,27.3,51.0,4.2,6.0,27.0,CENTRO,0
2024-04-07 01:00:00,2.54,15.0,5.6,22.7,23.51,28.5,72.0,4.0,6.5,17.0,CENTRO,1
2024-04-07 02:00:00,2.54,14.0,4.3,21.8,22.64,26.3,83.0,3.9,3.6,31.0,CENTRO,2
2024-04-07 03:00:00,2.64,14.0,2.8,19.3,20.88,22.3,63.0,4.1,2.8,131.0,CENTRO,3
2024-04-07 04:00:00,2.68,12.0,2.8,18.6,21.24,21.6,64.0,4.0,1.8,274.0,CENTRO,4
2024-04-07 05:00:00,2.66,10.0,6.6,23.1,22.71,29.8,64.0,3.9,2.4,242.0,CENTRO,5
2024-04-07 06:00:00,2.68,9.0,9.3,22.9,21.25,32.4,67.0,3.9,2.6,256.0,CENTRO,6
2024-04-07 07:00:00,2.57,12.0,6.7,24.5,24.05,31.3,63.0,4.4,3.3,259.0,CENTRO,7
2024-04-07 08:00:00,2.67,17.0,16.5,26.5,23.551111111111112,43.2,64.0,5.7,4.6,15.0,CENTRO,8
2024-04-07 09:00:00,3.04,24.0,16.8,24.3,23.052222222222223,41.3,79.0,5.9,9.2,81.0,CENTRO,9
2024-04-07 10:00:00,2.76,44.0,6.8,13.5,22.553333333333335,20.6,101.0,7.9,8.4,58.0,CENTRO,10
2024-04-07 11:00:00,2.31,52.0,4.4,7.6,22.054444444444446,12.2,104.0,5.2,12.0,45.0,CENTRO,11
2024-04-07 12:00:00,2.35,48.0,5.2,9.4,27.89,14.7,132.0,5.2,13.0,63.0,CENTRO,12
2024-04-07 13:00:00,2.32,51.0,6.0,9.7,25.137999999999998,15.3,143.0,7.0,13.7,71.0,CENTRO,13
2024-04-07 14:00:00,2.39,60.0,5.4,8.5,21.83,13.2,90.0,6.4,10.9,47.0,CENTRO,14
2024-04-07 15:00:00,2.43,59.0,5.9,8.6,20.25,13.3,78.0,5.6,13.3,51.0,CENTRO,15
2024-04-07 16:00:00,2.37,61.0,5.3,7.5,19.0,11.9,93.0,5.4,11.9,62.0,CENTRO,16
2024-04-07 17:00:00,2.37,69.0,4.7,6.3,17.744999999999997,10.1,71.0,4.6,9.7,83.0,CENTRO,17
2024-04-07 18:00:00,2.39,61.0,4.5,6.3,17.0,9.7,71.0,5.0,12.0,84.0,CENTRO,18
2024-04-07 19:00:00,2.36,54.0,4.2,6.0,16.525,9.2,72.0,4.7,12.6,107.0,CENTRO,19
2024-04-07 20:00:00,2.34,53.0,4.4,7.2,16.0,10.3,72.0,4.4,11.1,108.0,CENTRO,20
2024-04-07 21:00:00,2.31,50.0,4.2,7.1,17.065555555555555,10.2,70.0,4.1,12.0,93.0,CENTRO,21
2024-04-07 22:00:00,2.36,44.0,3.9,7.2,16.566666666666666,10.3,66.0,3.8,10.8,97.0,CENTRO,22
2024-04-07 23:00:00,2.37,42.0,3.5,5.4,16.067777777777778,8.3,57.0,3.7,11.2,122.0,CENTRO,23
2024-04-08 00:00:00,2.36,42.0,3.4,4.8,15.568888888888889,7.7,49.0,3.7,11.8,118.0,CENTRO,0
2024-04-08 01:00:00,2.33,44.0,3.3,3.1,15.07,6.0,50.0,3.7,10.9,125.0,CENTRO,1
2024-04-08 02:00:00,2.31,45.0,3.3,2.7,14.36,5.5,41.0,3.6,11.8,121.0,CENTRO,2
2024-04-08 03:00:00,2.31,45.0,3.2,2.7,14.48,5.4,38.0,3.6,11.0,107.0,CENTRO,3
2024-04-08 04:00:00,2.31,45.0,2.9,2.4,14.32,5.1,40.0,3.5,11.6,118.0,CENTRO,4
2024-04-08 05:00:00,2.32,42.0,3.0,3.4,14.56,6.1,35.0,3.5,6.2,101.0,CENTRO,5
2024-04-08 06:00:00,2.44,22.0,5.0,16.8,21.23,21.9,34.0,3.6,4.6,53.0,CENTRO,6
2024-04-08 07:00:00,2.63,11.0,18.6,26.4,27.17,45.1,63.0,3.9,3.2,29.0,CENTRO,7
2024-04-08 08:00:00,2.81,13.0,26.5,27.8,31.27,54.3,85.0,5.9,3.5,5.0,CENTRO,8
2024-04-08 09:00:00,2.91,19.0,27.2,29.2,33.5,56.6,104.0,6.4,6.4,46.0,CENTRO,9
2024-04-08 10:00:00,3.06,18.0,32.4,31.0,44.92,63.6,97.0,7.0,8.8,69.0,CENTRO,10
2024-04-08 11:00:00,2.77,28.0,15.9,26.6,45.35,42.4,113.0,7.1,8.0,72.0,CENTRO,11
2024-04-08 12:00:00,2.74,29.0,13.8,32.0,45.66,45.8,97.0,6.3,8.9,42.0,CENTRO,12
2024-04-08 13:00:00,2.64,31.0,6.0,30.3,45.18,36.4,112.0,6.1,8.5,46.0,CENTRO,13
2024-04-08 14:00:00,2.65,45.0,8.3,22.7,41.25,31.0,103.0,5.7,7.1,51.0,CENTRO,14
2024-04-08 15:00:00,2.66,68.0,5.3,18.6,42.65,23.9,94.0,5.3,7.1,64.0,CENTRO,15
2024-04-08 16:00:00,2.61,80.0,3.8,13.2,37.63,17.0,82.0,4.6,9.1,52.0,CENTRO,16
2024-04-08 17:00:00,2.58,58.0,4.1,12.3,31.22,16.4,84.0,4.5,10.6,43.0,CENTRO,17
2024-04-08 18:00:00,2.58,48.0,3.7,11.5,28.94,15.2,80.0,4.2,10.4,53.0,CENTRO,18
2024-04-08 19:00:00,2.59,39.0,3.3,12.2,29.44,15.6,78.0,3.9,10.3,82.0,CENTRO,19
2024-04-08 20:00:00,2.5,39.0,3.0,7.9,30.5,11.0,64.0,3.7,11.0,113.0,CENTRO,20
2024-04-08 21:00:00,2.51,35.0,2.9,7.7,34.33,10.7,63.0,3.7,10.2,92.0,CENTRO,21
2024-04-08 22:00:00,2.5,34.0,2.9,6.7,39.3,9.6,64.0,3.6,11.4,77.0,CENTRO,22
2024-04-08 23:00:00,2.53,29.0,2.8,8.5,46.02,11.4,82.0,3.6,9.5,60.0,CENTRO,23
2024-04-09 00:00:00,2.5,32.0,2.7,5.5,45.05,8.4,75.0,3.6,7.0,86.0,CENTRO,0
2024-04-09 01:00:00,2.48,32.0,2.7,4.5,44.41,7.3,68.0,3.6,6.1,98.0,CENTRO,1
2024-04-09 02:00:00,2.53,25.0,2.6,8.4,48.3,11.2,76.0,3.4,4.5,36.0,CENTRO,2
2024-04-09 03:00:00,2.52,22.0,2.4,7.5,45.83,10.2,88.0,3.5,2.4,287.0,CENTRO,3
2024-04-09 04:00:00,2.52,20.0,2.1,8.8,47.35,11.6,80.0,3.5,3.2,60.0,CENTRO,4
2024-04-09 05:00:00,2.51,22.0,2.1,9.1,46.95,12.2,79.0,3.5,5.6,27.0,CENTRO,5
2024-04-09 06:00:00,2.67,11.0,2.3,14.149999999999999,50.89,21.35,79.0,3.4,3.9,57.0,CENTRO,6
2024-04-09 07:00:00,2.75,10.0,2.5,19.2,51.19,30.5,87.0,3.4,1.9,15.0,CENTRO,7
2024-04-09 08:00:00,3.04,11.0,16.0,22.7,52.91,48.9,94.0,3.5,3.5,121.0,CENTRO,8
2024-04-09 09:00:00,3.37,14.0,33.2,29.8,61.19,70.8,108.0,3.6,4.0,54.0,CENTRO,9
2024-04-09 10:00:00,3.3,26.0,34.2,33.1,59.0,63.3,114.0,4.0,7.8,65.0,CENTRO,10
2024-04-09 11:00:00,2.97,44.0,30.9,29.3,56.24,42.3,129.0,4.5,10.0,71.0,CENTRO,11
2024-04-09 12:00:00,2.73,57.0,18.9,24.2,47.08,33.1,117.0,5.1,11.0,55.0,CENTRO,12
2024-04-09 13:00:00,2.65,88.0,16.4,15.1,46.28,19.4,109.0,5.1,14.5,65.0,CENTRO,13
2024-04-09 14:00:00,2.48,89.0,15.325,13.8,39.36,18.049999999999997,101.0,11.4,14.1,72.0,CENTRO,14
2024-04-09 15:00:00,2.38,71.0,14.249999999999998,12.5,30.88,16.7,86.0,9.1,12.5,113.0,CENTRO,15
2024-04-09 16:00:00,2.34,58.0,13.174999999999999,11.200000000000001,27.38,15.35,69.0,5.9,14.3,121.0,CENTRO,16
2024-04-09 17:00:00,2.4,51.0,12.1,9.9,28.86,14.0,59.0,4.8,11.1,109.0,CENTRO,17
2024-04-09 18:00:00,2.41,46.0,14.5,11.1,26.23,15.1,62.0,4.7,9.9,94.0,CENTRO,18
2024-04-09 19:00:00,2.45,41.0,12.4,13.7,26.47,17.4,62.0,6.3,11.4,77.0,CENTRO,19
2024-04-09 20:00:00,2.49,33.0,14.8,17.3,26.43,21.1,61.0,6.3,7.3,101.0,CENTRO,20
2024-04-09 21:00:00,2.49,31.0,13.2,14.8,30.63,18.4,57.0,5.3,6.5,58.0,CENTRO,21
2024-04-09 22:00:00,2.55,26.0,13.8,14.0,35.21,17.1,68.0,5.0,5.5,46.0,CENTRO,22
2024-04-09 23:00:00,2.59,17.0,18.2,20.3,37.45,28.9,74.0,4.9,5.7,30.0,CENTRO,23
2024-04-10 00:00:00,2.6,15.0,13.1,20.7,35.34,24.5,86.0,4.7,4.7,294.0,CENTRO,0
2024-04-10 01:00:00,2.53,40.0,13.242857142857142,19.84285714285714,37.685,23.7,79.0,5.3,17.4,11.0,CENTRO,1
2024-04-10 02:00:00,2.35,55.0,13.385714285714286,18.985714285714284,40.03,22.9,140.5,4.7,11.4,26.0,CENTRO,2
2024-04-10 03:00:00,2.46,52.0,13.528571428571428,18.128571428571426,23.06,22.099999999999998,202.0,5.8,8.7,22.0,CENTRO,3
2024-04-10 04:00:00,2.4,48.0,13.67142857142857,17.271428571428572,21.82,21.3,107.0,5.4,5.8,75.0,CENTRO,4
2024-04-10 05:00:00,2.31,39.0,13.814285714285713,16.414285714285715,23.18,20.5,85.0,5.3,7.2,121.0,CENTRO,5
2024-04-10 06:00:00,2.2,48.0,13.957142857142857,15.557142857142857,22.1,19.7,78.0,4.3,8.9,242.0,CENTRO,6
2024-04-10 07:00:00,2.25,42.0,14.1,14.7,22.11,18.9,102.0,5.2,6.8,263.0,CENTRO,7
2024-04-10 08:00:00,2.24,49.0,9.3,13.3,17.53,18.4,91.0,4.0,9.0,277.0,CENTRO,8
2024-04-10 09:00:00,2.06,64.0,6.8,4.9,15.58,9.1,97.0,3.5,19.0,283.0,CENTRO,9
2024-04-10 10:00:00,2.05,65.0,5.2,4.6,12.2,8.3,191.0,3.4,14.4,269.0,CENTRO,10
2024-04-10 11:00:00,2.06,66.0,5.1,4.6,9.35,8.1,115.0,3.4,13.3,284.0,CENTRO,11
2024-04-10 12:00:00,2.09,63.0,5.4,6.1,9.12,10.1,79.0,3.4,16.4,312.0,CENTRO,12
2024-04-10 13:00:00,2.1,62.0,5.4,6.0,9.07,10.0,90.0,3.5,19.5,308.0,CENTRO,13
2024-04-10 14:00:00,2.12,63.0,5.35,5.7,8.19,9.55,90.0,3.4,16.7,290.0,CENTRO,14
2024-04-10 15:00:00,2.1,64.0,5.3,5.4,7.846666666666666,9.1,54.0,3.4,15.4,277.0,CENTRO,15
2024-04-10 16:00:00,2.08,66.0,3.7,5.1,7.503333333333333,8.8,63.0,3.4,16.3,273.0,CENTRO,16
2024-04-10 17:00:00,2.12,66.0,3.7,6.2,7.159999999999999,10.0,54.0,3.5,11.8,281.0,CENTRO,17
2024-04-10 18:00:00,2.08,67.0,3.5,6.5,6.816666666666666,10.1,38.0,3.5,12.4,275.0,CENTRO,18
2024-04-10 19:00:00,2.08,65.0,3.2,8.1,6.473333333333333,11.4,50.0,3.7,9.4,275.0,CENTRO,19
2024-04-10 20:00:00,2.05,68.0,2.7,7.6,6.13,10.4,42.0,3.6,10.8,289.0,CENTRO,20
2024-04-10 21:00:00,2.04,67.0,2.5,6.7,6.58,9.2,39.0,3.4,7.7,254.0,CENTRO,21
2024-04-10 22:00:00,2.35,31.0,3.6,34.3,12.39,38.0,40.0,5.6,4.3,163.0,CENTRO,22
2024-04-10 23:00:00,2.21,39.0,2.9,22.3,9.96,25.3,57.0,5.9,10.4,40.0,CENTRO,23
2024-04-11 00:00:00,2.18,41.0,2.7,19.3,7.98,22.1,47.0,4.6,7.6,21.0,CENTRO,0
2024-04-11 01:00:00,2.15,50.0,2.6,10.3,5.91,13.0,50.0,3.8,8.0,350.0,CENTRO,1
2024-04-11 02:00:00,2.13,46.0,2.6,13.3,6.05,15.9,29.0,3.6,5.1,352.0,CENTRO,2
2024-04-11 03:00:00,2.36,48.0,2.566666666666667,10.066666666666666,9.56,12.666666666666668,33.0,9.3,9.3,7.0,CENTRO,3
2024-04-11 04:00:00,2.12,52.0,2.533333333333333,6.833333333333334,8.02,9.433333333333334,49.0,8.5,10.0,105.0,CENTRO,4
2024-04-11 05:00:00,2.12,56.0,2.5,3.6,6.11,6.2,50.0,3.6,11.7,118.0,CENTRO,5
2024-04-11 06:00:00,2.14,54.0,2.6,5.1,6.81,7.9,32.0,3.5,10.2,117.0,CENTRO,6
2024-04-11 07:00:00,2.22,47.0,3.0,11.5,7.57,14.6,33.0,3.5,7.0,102.0,CENTRO,7
2024-04-11 08:00:00,2.35,45.0,5.2,15.3,9.07,20.6,42.0,3.6,9.1,88.0,CENTRO,8
2024-04-11 09:00:00,2.31,53.0,5.0,11.6,10.57,16.7,44.0,3.6,9.9,96.0,CENTRO,9
2024-04-11 10:00:00,2.33,61.0,3.9,8.1,12.07,12.1,47.0,3.8,11.1,134.0,CENTRO,10
2024-04-11 11:00:00,2.33,65.0,5.1,13.1,13.57,18.3,98.0,4.7,12.4,65.0,CENTRO,11
2024-04-11 12:00:00,2.28,71.0,4.4,11.3,10.57,15.8,79.0,4.3,11.7,59.0,CENTRO,12
2024-04-11 13:00:00,2.23,69.0,4.1,8.9,9.59,13.2,54.0,4.0,15.5,59.0,CENTRO,13
2024-04-11 14:00:00,2.17,68.0,4.0,8.0,7.69,12.2,56.0,3.7,17.8,69.0,CENTRO,14
2024-04-11 15:00:00,2.18,71.0,3.5,6.8,8.92,10.4,53.0,4.5,17.3,93.0,CENTRO,15
2024-04-11 16:00:00,2.18,68.0,3.4,6.6,8.39,10.2,48.0,3.7,14.9,109.0,CENTRO,16
2024-04-11 17:00:00,2.18,67.0,3.3,6.7,8.24,10.1,41.0,3.6,14.8,99.0,CENTRO,17
2024-04-11 18:00:00,2.2,64.0,3.4,9.1,8.41,12.6,43.0,3.7,14.5,99.0,CENTRO,18
2024-04-11 19:00:00,2.21,60.0,3.0,10.4,8.82,13.5,49.0,3.7,15.6,83.0,CENTRO,19
2024-04-11 20:00:00,2.18,60.0,2.7,9.5,8.27,12.3,54.0,3.5,13.2,96.0,CENTRO,20
2024-04-11 21:00:00,2.16,57.0,2.7,9.7,8.73,12.5,44.0,3.5,10.1,139.0,CENTRO,21
2024-04-11 22:00:00,2.14,60.0,2.5,6.6,9.14,9.2,41.0,3.5,12.8,118.0,CENTRO,22
2024-04-11 23:00:00,2.12,60.0,2.5,5.3,7.65,7.9,44.0,3.4,13.6,115.0,CENTRO,23
2024-04-12 00:00:00,2.14,58.0,2.4,6.0,8.27,8.6,38.0,3.4,10.3,91.0,CENTRO,0
2024-04-12 01:00:00,2.13,59.0,2.4,4.6,8.48,7.2,43.0,3.4,10.1,95.0,CENTRO,1
2024-04-12 02:00:00,2.13,62.0,2.3499999999999996,3.9,8.69,6.45,45.0,3.5,13.6,122.0,CENTRO,2
2024-04-12 03:00:00,2.13,61.0,2.3,3.2,8.9,5.7,51.0,3.5,7.1,41.0,CENTRO,3
2024-04-12 04:00:00,2.24,34.0,2.4,23.8,15.52,26.4,41.0,5.8,9.1,354.0,CENTRO,4
2024-04-12 05:00:00,2.29,34.0,2.5,23.2,14.42,25.9,71.0,5.1,6.8,358.0,CENTRO,5
2024-04-12 06:00:00,2.31,28.0,3.0,28.9,16.57,32.0,50.0,5.6,6.0,21.0,CENTRO,6
2024-04-12 07:00:00,2.36,22.0,6.1,34.4,19.03,40.8,63.0,7.4,6.1,21.0,CENTRO,7
2024-04-12 08:00:00,3.0,25.0,16.1,34.9,24.46,51.2,69.0,7.6,6.1,33.0,CENTRO,8
2024-04-12 09:00:00,2.51,26.0,23.2,35.9,22.06,59.3,79.0,10.1,7.5,58.0,CENTRO,9
2024-04-12 10:00:00,2.62,31.0,21.3,37.6,23.67,59.1,76.0,10.7,9.2,40.0,CENTRO,10
2024-04-12 11:00:00,2.4,56.0,5.8,14.8,15.82,20.8,95.0,5.3,11.3,42.0,CENTRO,11
2024-04-12 12:00:00,2.3,63.0,3.8,7.6,13.73,11.6,66.0,4.3,13.2,97.0,CENTRO,12
2024-04-12 13:00:00,2.28,65.0,3.4,6.2,12.65,9.8,56.0,4.1,14.1,117.0,CENTRO,13
2024-04-12 14:00:00,2.29,65.0,3.5,6.9,11.8,10.6,57.0,4.0,14.9,105.0,CENTRO,14
2024-04-12 15:00:00,2.26,64.0,3.6,6.7,11.71,10.5,57.0,4.2,18.8,110.0,CENTRO,15
2024-04-12 16:00:00,2.24,64.0,3.4,6.3,11.75,9.9,64.0,4.2,18.4,117.0,CENTRO,16
2024-04-12 17:00:00,2.25,62.0,3.4,7.3,11.83,10.9,59.0,4.0,17.3,115.0,CENTRO,17
2024-04-12 18:00:00,2.27,55.0,3.3,9.9,10.82,13.5,62.0,5.6,18.7,91.0,CENTRO,18
2024-04-12 19:00:00,2.28,51.0,3.1,9.4,9.82,12.8,75.0,4.0,19.2,82.0,CENTRO,19
2024-04-12 20:00:00,2.27,51.0,2.9,9.2,8.21,12.3,87.0,3.7,15.0,78.0,CENTRO,20
2024-04-12 21:00:00,2.27,49.0,2.9,9.5,8.36,12.6,49.0,3.7,13.3,78.0,CENTRO,21
2024-04-12 22:00:00,2.26,50.0,2.7,7.5,8.86,10.4,44.0,3.8,13.1,85.0,CENTRO,22
2024-04-12 23:00:00,2.25,51.0,2.6,6.1,8.55,8.9,42.0,3.8,11.3,88.0,CENTRO,23
2024-04-13 00:00:00,2.29,44.0,2.6,9.2,9.29,12.0,37.0,3.7,10.7,45.0,CENTRO,0
2024-04-13 01:00:00,2.31,43.0,2.55,7.6499999999999995,9.46,10.45,45.0,3.7,7.6,42.0,CENTRO,1
2024-04-13 02:00:00,2.31,45.0,2.5,6.1,9.28,8.9,42.0,3.7,8.3,46.0,CENTRO,2
2024-04-13 03:00:00,2.3,46.0,2.5,5.1,9.13,7.8,43.0,3.7,7.5,51.0,CENTRO,3
2024-04-13 04:00:00,2.3,45.0,2.566666666666667,6.833333333333333,9.3,9.6,40.0,3.7,4.9,26.0,CENTRO,4
2024-04-13 05:00:00,2.31,44.0,2.6333333333333333,8.566666666666666,9.86,11.4,37.0,3.7,5.4,50.0,CENTRO,5
2024-04-13 06:00:00,2.34,38.0,2.7,10.3,15.49,13.2,40.0,3.7,4.1,45.0,CENTRO,6
2024-04-13 07:00:00,2.43,22.0,7.5,24.9,16.66,32.6,46.0,3.9,5.2,43.0,CENTRO,7
2024-04-13 08:00:00,2.57,19.0,17.5,30.2,22.87,47.8,59.0,7.3,5.7,30.0,CENTRO,8
2024-04-13 09:00:00,2.82,33.0,10.7,22.8,23.36,33.8,72.0,8.0,5.9,358.0,CENTRO,9
2024-04-13 10:00:00,2.91,43.0,9.2,21.2,27.1,30.6,76.0,6.9,5.6,13.0,CENTRO,10
2024-04-13 11:00:00,3.02,51.0,9.2,25.3,30.86,34.8,76.0,7.7,7.3,37.0,CENTRO,11
2024-04-13 12:00:00,2.79,57.0,10.2,30.4,32.85,40.8,83.0,10.4,9.1,47.0,CENTRO,12
2024-04-13 13:00:00,2.61,77.0,6.1,23.6,28.38,29.9,91.0,14.8,9.5,66.0,CENTRO,13
2024-04-13 14:00:00,2.54,84.0,3.8,13.5,23.18,17.5,83.0,8.5,10.9,46.0,CENTRO,14
2024-04-13 15:00:00,2.47,72.0,3.4,8.7,17.01,12.3,71.0,5.7,13.3,83.0,CENTRO,15
2024-04-13 16:00:00,2.4,64.0,3.2,6.1,17.22,9.5,59.0,4.9,13.8,114.0,CENTRO,16
2024-04-13 17:00:00,2.39,63.0,3.2,6.2,17.66,9.4,54.0,4.5,13.6,116.0,CENTRO,17
2024-04-13 18:00:00,2.38,61.0,3.1,6.3,18.13,9.4,53.0,4.2,15.1,115.0,CENTRO,18
2024-04-13 19:00:00,2.37,57.0,3.0,6.7,18.68,9.6,56.0,4.0,13.9,109.0,CENTRO,19
2024-04-13 20:00:00,2.43,45.0,3.0,9.7,15.48,12.8,55.0,4.0,13.2,66.0,CENTRO,20
2024-04-13 21:00:00,2.4,46.0,2.9,6.7,13.53,9.5,65.0,3.9,12.5,100.0,CENTRO,21
2024-04-13 22:00:00,2.39,45.0,2.9,6.4,14.14,9.2,50.0,3.9,11.1,81.0,CENTRO,22
2024-04-13 23:00:00,2.41,42.0,2.8333333333333335,7.366666666666667,13.88,10.166666666666666,49.0,3.8,10.3,37.0,CENTRO,23
2024-04-14 00:00:00,2.43,40.0,2.7666666666666666,8.333333333333334,13.99,11.133333333333333,49.0,3.7,7.7,28.0,CENTRO,0
2024-04-14 01:00:00,2.46,38.0,2.7,9.3,15.932500000000001,12.1,43.0,3.8,5.4,33.0,CENTRO,1
2024-04-14 02:00:00,2.51,29.0,4.4,16.7,17.875,21.3,47.0,3.8,5.5,41.0,CENTRO,2
2024-04-14 03:00:00,2.49,22.0,3.7,22.0,19.817500000000003,25.8,50.0,5.7,6.0,49.0,CENTRO,3
2024-04-14 04:00:00,2.49,20.0,2.8,22.0,21.76,25.1,61.0,6.6,2.7,35.0,CENTRO,4
2024-04-14 05:00:00,2.6,21.0,2.8,20.3,21.72,23.2,60.0,6.3,4.9,11.0,CENTRO,5
2024-04-14 06:00:00,2.7,24.0,2.9,16.2,19.28,19.2,61.0,5.4,4.0,7.0,CENTRO,6
2024-04-14 07:00:00,2.53,18.0,4.3,20.6,19.45842105263158,25.1,50.0,5.1,4.3,353.0,CENTRO,7
2024-04-14 08:00:00,2.52,24.0,7.9,16.6,19.63684210526316,24.8,56.0,5.0,4.8,346.0,CENTRO,8
2024-04-14 09:00:00,2.61,33.0,7.8,14.9,19.815263157894737,22.8,58.0,5.2,5.7,5.0,CENTRO,9
2024-04-14 10:00:00,2.96,41.0,9.4,20.5,19.993684210526318,30.1,73.0,5.8,5.7,42.0,CENTRO,10
2024-04-14 11:00:00,3.09,39.0,16.2,32.9,27.284999999999997,49.2,81.0,9.7,7.1,52.0,CENTRO,11
2024-04-14 12:00:00,2.74,55.0,13.6,32.3,27.89,46.0,113.0,22.1,9.5,68.0,CENTRO,12
2024-04-14 13:00:00,2.57,80.0,5.7,20.9,25.137999999999998,26.6,102.0,13.3,9.8,50.0,CENTRO,13
2024-04-14 14:00:00,2.58,97.0,5.3,24.2,21.83,29.4,78.0,15.6,10.2,48.0,CENTRO,14
2024-04-14 15:00:00,2.63,122.0,3.7,16.3,20.25,19.9,78.0,12.2,9.7,56.0,CENTRO,15
2024-04-14 16:00:00,2.55,111.0,3.6,11.9,19.0,15.4,77.0,10.3,12.1,58.0,CENTRO,16
2024-04-14 17:00:00,2.53,98.0,3.3,9.6,17.744999999999997,12.8,77.0,12.5,13.1,58.0,CENTRO,17
2024-04-14 18:00:00,2.5,83.0,3.1,7.6,17.0,10.7,80.0,8.1,11.7,102.0,CENTRO,18
2024-04-14 19:00:00,2.47,65.0,3.0,7.3,16.525,10.3,61.0,5.6,10.9,94.0,CENTRO,19
2024-04-14 20:00:00,2.47,40.0,3.1,10.9,16.0,13.9,51.0,5.2,9.5,60.0,CENTRO,20
2024-04-14 21:00:00,2.48,38.0,3.0,10.4,16.31,13.4,52.0,5.3,9.7,96.0,CENTRO,21
2024-04-14 22:00:00,2.47,37.0,3.0,8.6,16.29,11.6,62.0,4.7,9.6,58.0,CENTRO,22
2024-04-14 23:00:00,2.47,35.0,2.9,8.9,16.08,11.9,54.0,4.4,10.5,45.0,CENTRO,23
2024-04-15 00:00:00,2.47,27.0,3.8,14.3,16.0,18.2,54.0,4.2,10.3,31.0,CENTRO,0
2024-04-15 01:00:00,2.47,20.0,5.3,19.2,16.0,24.7,53.0,4.7,9.2,23.0,CENTRO,1
2024-04-15 02:00:00,2.44,31.0,2.8,6.6,16.54,9.7,58.0,4.4,8.3,47.0,CENTRO,2
2024-04-15 03:00:00,2.45,22.0,3.7,13.9,16.8,17.9,47.0,4.1,7.1,60.0,CENTRO,3
2024-04-15 04:00:00,2.46,15.0,6.8,20.1,17.91,27.2,48.0,4.2,4.5,33.0,CENTRO,4
2024-04-15 05:00:00,2.57,14.0,7.4,20.6,18.58,28.2,62.0,4.5,4.4,40.0,CENTRO,5
2024-04-15 06:00:00,2.91,19.0,2.9,14.3,19.46,17.4,66.0,4.6,4.2,360.0,CENTRO,6
2024-04-15 07:00:00,2.95,21.0,3.1,12.0,20.869999999999997,15.4,74.0,4.2,3.8,333.0,CENTRO,7
2024-04-15 08:00:00,2.93,18.0,6.8,16.0,22.875,23.1,76.0,4.1,4.8,86.0,CENTRO,8
2024-04-15 09:00:00,2.95,17.0,15.6,21.6,24.189999999999998,37.5,84.0,4.0,5.2,36.0,CENTRO,9
2024-04-15 10:00:00,3.08,26.0,16.8,24.9,24.855,41.9,93.0,4.1,6.6,67.0,CENTRO,10
2024-04-15 11:00:00,3.13,31.0,16.3,33.1,27.284999999999997,49.6,101.0,4.6,8.6,83.0,CENTRO,11
2024-04-15 12:00:00,3.09,39.0,15.6,41.4,27.89,57.2,114.0,6.5,8.4,52.0,CENTRO,12
2024-04-15 13:00:00,3.0,61.0,10.1,35.7,25.137999999999998,46.0,126.0,7.0,9.4,69.0,CENTRO,13
2024-04-15 14:00:00,2.86,77.0,8.2,34.5,21.83,42.8,120.0,10.1,8.8,56.0,CENTRO,14
2024-04-15 15:00:00,2.79,111.0,3.6,18.6,20.25,22.2,107.0,7.8,9.5,67.0,CENTRO,15
2024-04-15 16:00:00,2.72,98.0,4.0,19.0,19.0,23.1,93.0,6.0,9.6,34.0,CENTRO,16
2024-04-15 17:00:00,2.61,88.0,3.3,11.2,17.744999999999997,14.6,91.0,5.3,10.5,93.0,CENTRO,17
2024-04-15 18:00:00,2.54,64.0,3.2,10.4,17.0,13.8,66.0,4.6,9.8,98.0,CENTRO,18
2024-04-15 19:00:00,2.6,54.0,3.2,12.1,16.525,15.5,54.0,4.3,9.3,109.0,CENTRO,19
2024-04-15 20:00:00,2.62,43.0,3.0,16.3,16.0,19.5,56.0,4.1,9.7,99.0,CENTRO,20
2024-04-15 21:00:00,2.6,27.0,3.1,12.0,16.31,15.3,57.0,4.0,11.5,46.0,CENTRO,21
2024-04-15 22:00:00,2.61,20.0,3.9,16.0,16.29,20.1,78.0,4.0,9.4,41.0,CENTRO,22
2024-04-15 23:00:00,2.59,22.0,3.6,13.9,16.08,17.7,74.0,3.9,9.3,37.0,CENTRO,23
2024-04-16 00:00:00,2.55,26.0,2.8,8.5,16.0,11.5,57.0,3.8,9.0,41.0,CENTRO,0
2024-04-16 01:00:00,2.53,26.0,2.7,7.5,16.0,10.5,57.0,3.6,6.4,44.0,CENTRO,1
2024-04-16 02:00:00,2.52,24.0,2.7,8.6,16.54,11.6,54.0,3.6,4.6,26.0,CENTRO,2
2024-04-16 03:00:00,2.49,25.0,2.6,7.4,16.8,10.4,60.0,3.6,6.2,37.0,CENTRO,3
2024-04-16 04:00:00,2.51,13.0,4.3,19.5,17.91,24.3,58.0,3.6,5.1,13.0,CENTRO,4
2024-04-16 05:00:00,2.57,19.0,2.5,13.3,18.58,16.2,66.0,3.7,4.1,336.0,CENTRO,5
2024-04-16 06:00:00,2.77,18.0,2.8,14.3,19.46,17.5,68.0,3.7,2.9,26.0,CENTRO,6
2024-04-16 07:00:00,2.93,12.0,9.3,21.5,20.869999999999997,31.2,61.0,3.7,5.1,6.0,CENTRO,7
2024-04-16 08:00:00,2.86,14.0,12.4,19.3,22.875,32.1,74.0,3.7,6.1,346.0,CENTRO,8
2024-04-16 09:00:00,2.87,18.0,11.5,19.4,24.189999999999998,31.4,100.0,3.8,6.0,357.0,CENTRO,9
2024-04-16 10:00:00,3.02,26.0,11.2,21.0,24.855,32.5,104.0,3.7,4.6,21.0,CENTRO,10
2024-04-16 11:00:00,2.88,31.0,10.3,23.4,28.736315789473682,33.9,99.0,3.9,5.2,187.0,CENTRO,11
2024-04-16 12:00:00,2.8,47.0,5.7,22.4,28.914736842105263,28.3,119.0,4.3,5.0,203.0,CENTRO,12
2024-04-16 13:00:00,2.72,53.0,4.8,16.3,29.09315789473684,21.3,120.0,4.3,7.2,25.0,CENTRO,13
2024-04-16 14:00:00,2.65,51.0,5.3,15.5,29.271578947368422,20.8,100.0,4.3,7.7,54.0,CENTRO,14
2024-04-16 15:00:00,2.57,54.0,5.5,13.6,29.45,19.1,96.0,4.9,7.6,60.0,CENTRO,15
2024-04-16 16:00:00,2.58,64.0,3.9,11.1,29.88122448979592,15.0,87.0,4.9,8.9,95.0,CENTRO,16
2024-04-16 17:00:00,2.57,66.0,3.4,9.9,30.312448979591835,13.6,75.0,4.5,10.7,80.0,CENTRO,17
2024-04-16 18:00:00,2.61,67.0,3.6,13.7,30.743673469387755,17.4,73.0,4.4,11.7,77.0,CENTRO,18
2024-04-16 19:00:00,2.6,38.0,3.7,10.9,31.17489795918367,14.5,85.0,4.2,15.8,68.0,CENTRO,19
2024-04-16 20:00:00,2.6,33.0,3.2,11.3,16.0,14.6,80.0,4.5,11.8,90.0,CENTRO,20
2024-04-16 21:00:00,2.53,34.0,3.0,9.4,16.31,12.5,57.0,4.3,11.0,103.0,CENTRO,21
2024-04-16 22:00:00,2.52,33.0,3.0,9.4,16.29,12.5,55.0,4.0,8.3,103.0,CENTRO,22
2024-04-16 23:00:00,2.48,37.0,2.8,5.6,16.08,8.5,51.0,3.8,8.8,123.0,CENTRO,23
2024-04-17 00:00:00,2.45,37.0,2.8,4.5,16.0,7.4,51.0,3.6,8.5,120.0,CENTRO,0
2024-04-17 01:00:00,2.46,36.0,2.7,5.8,16.0,8.6,48.0,3.6,7.7,101.0,CENTRO,1
2024-04-17 02:00:00,2.46,38.0,2.6,5.0,16.54,7.8,50.0,3.6,4.8,87.0,CENTRO,2
2024-04-17 03:00:00,2.44,38.0,2.5,3.2,16.8,5.9,46.0,3.5,2.5,155.0,CENTRO,3
2024-04-17 04:00:00,2.47,30.0,2.5,7.7,17.91,10.3,44.0,3.5,3.0,355.0,CENTRO,4
2024-04-17 05:00:00,2.55,23.0,2.6999999999999997,12.900000000000002,18.58,15.75,47.0,3.5,6.5,67.0,CENTRO,5
2024-04-17 06:00:00,2.58,15.0,2.9,18.1,19.46,21.2,65.0,3.6,4.6,89.0,CENTRO,6
2024-04-17 07:00:00,2.68,11.0,11.1,21.9,20.869999999999997,33.3,66.0,3.5,2.9,33.0,CENTRO,7
2024-04-17 08:00:00,2.92,12.0,18.9,22.7,22.875,42.1,85.0,3.7,5.8,73.0,CENTRO,8
2024-04-17 09:00:00,3.0,18.0,13.7,20.5,24.189999999999998,34.8,87.0,3.6,6.1,37.0,CENTRO,9
2024-04-17 10:00:00,2.84,27.0,10.5,18.4,24.855,29.3,78.0,3.6,7.4,45.0,CENTRO,10
2024-04-17 11:00:00,2.77,29.0,15.0,23.3,27.284999999999997,38.5,79.0,3.6,9.0,53.0,CENTRO,11
2024-04-17 12:00:00,2.74,34.0,15.5,25.5,27.89,41.1,89.0,3.8,9.6,39.0,CENTRO,12
2024-04-17 13:00:00,2.63,50.0,4.2,9.0,25.137999999999998,13.3,110.0,3.9,11.6,69.0,CENTRO,13
2024-04-17 14:00:00,2.66,51.0,3.5,9.7,21.83,13.3,84.0,3.7,10.1,56.0,CENTRO,14
2024-04-17 15:00:00,2.69,42.0,4.1,9.8,20.25,14.0,82.0,3.6,10.2,61.0,CENTRO,15
2024-04-17 16:00:00,2.68,38.0,3.7,9.1,19.0,13.1,89.0,3.5,7.6,84.0,CENTRO,16
2024-04-17 17:00:00,2.68,36.0,3.8,9.5,17.744999999999997,13.5,85.0,3.3,9.8,86.0,CENTRO,17
2024-04-17 18:00:00,2.74,34.0,3.6,12.9,17.0,16.7,71.0,3.4,9.8,93.0,CENTRO,18
2024-04-17 19:00:00,2.68,36.0,3.3,10.2,16.525,13.6,73.0,3.3,9.2,101.0,CENTRO,19
2024-04-17 20:00:00,2.68,32.0,2.9,11.1,16.0,14.2,77.0,3.4,6.4,86.0,CENTRO,20
2024-04-17 21:00:00,2.78,23.0,3.4,16.3,16.31,20.0,69.0,3.4,6.0,178.0,CENTRO,21
2024-04-17 22:00:00,2.77,16.0,3.7,16.2,16.29,20.2,79.0,3.4,3.5,318.0,CENTRO,22
2024-04-17 23:00:00,2.69,29.0,3.2,14.5,16.08,17.9,61.0,3.4,6.8,80.0,CENTRO,23
2024-04-18 00:00:00,2.5,38.0,2.7,7.5,16.0,10.4,46.0,3.4,6.9,67.0,CENTRO,0
2024-04-18 01:00:00,2.65,16.0,3.3,17.8,16.0,21.5,47.0,3.4,6.5,39.0,CENTRO,1
2024-04-18 02:00:00,2.55,11.0,5.7,22.1,16.54,28.3,66.0,3.4,6.3,46.0,CENTRO,2
2024-04-18 03:00:00,2.55,16.0,2.7,16.1,16.8,19.1,73.0,3.4,4.1,75.0,CENTRO,3
2024-04-18 04:00:00,2.52,19.0,2.7,9.2,17.91,12.4,52.0,3.3,2.3,56.0,CENTRO,4
2024-04-18 05:00:00,2.53,17.0,3.3,7.7,18.58,11.4,68.0,3.4,1.8,40.0,CENTRO,5
2024-04-18 06:00:00,2.58,13.0,5.2,10.0,19.46,15.6,59.0,3.4,1.8,215.0,CENTRO,6
2024-04-18 07:00:00,2.83,10.0,22.1,15.7,20.869999999999997,38.3,50.0,3.4,2.1,208.0,CENTRO,7
2024-04-18 08:00:00,2.91,12.0,23.8,20.6,22.875,44.9,96.0,3.4,2.5,245.0,CENTRO,8
2024-04-18 09:00:00,2.98,20.0,20.6,25.6,24.189999999999998,46.3,116.0,3.4,4.4,330.0,CENTRO,9
2024-04-18 10:00:00,2.98,35.0,11.8,25.4,24.855,37.4,117.0,3.5,5.5,7.0,CENTRO,10
2024-04-18 11:00:00,3.24,43.0,14.4,38.2,27.284999999999997,52.8,110.0,3.6,8.8,65.0,CENTRO,11
2024-04-18 12:00:00,3.03,61.0,6.4,27.9,48.85510204081633,34.4,148.0,3.6,9.5,72.0,CENTRO,12
2024-04-18 13:00:00,2.92,69.0,4.5,24.3,49.28632653061224,28.9,145.0,3.5,8.7,73.0,CENTRO,13
2024-04-18 14:00:00,2.98,61.0,2.9,23.6,49.71755102040816,26.8,134.0,3.5,6.9,72.0,CENTRO,14
2024-04-18 15:00:00,3.19,43.0,3.5,30.6,50.148775510204075,34.6,122.0,3.5,7.6,157.0,CENTRO,15
2024-04-18 16:00:00,3.08,48.0,4.8,28.6,50.58,33.7,135.0,3.4,5.9,242.0,CENTRO,16
2024-04-18 17:00:00,3.14,56.0,4.1,30.6,49.77466666666667,34.8,96.0,3.5,6.6,73.0,CENTRO,17
2024-04-18 18:00:00,2.94,57.0,3.3,19.1,48.96933333333333,22.7,110.0,3.4,8.9,127.0,CENTRO,18
2024-04-18 19:00:00,3.02,37.0,4.0,25.2,48.164,29.2,103.0,3.4,9.1,189.0,CENTRO,19
2024-04-18 20:00:00,2.62,39.0,3.9,16.4,47.358666666666664,19.9,66.0,3.5,10.2,148.0,CENTRO,20
2024-04-18 21:00:00,2.38,46.0,3.7,8.1,16.31,11.2,43.0,3.6,10.8,124.0,CENTRO,21
2024-04-18 22:00:00,2.64,24.0,4.0,23.3,16.29,26.8,36.0,3.6,5.1,184.0,CENTRO,22
2024-04-18 23:00:00,2.65,17.0,4.8,27.9,16.08,32.3,51.0,3.6,4.9,242.0,CENTRO,23
2024-04-19 00:00:00,2.59,17.0,4.0,32.4,16.0,36.3,50.0,3.7,9.8,36.0,CENTRO,0
2024-04-19 01:00:00,2.7,14.0,3.8,29.1,16.0,33.0,74.0,3.8,3.8,251.0,CENTRO,1
2024-04-19 02:00:00,2.81,14.0,3.5,23.8,16.54,27.5,63.0,3.6,3.0,264.0,CENTRO,2
2024-04-19 03:00:00,2.79,12.0,4.1,27.1,41.721333333333334,31.5,75.0,3.6,2.8,211.0,CENTRO,3
2024-04-19 04:00:00,2.76,10.0,5.2,25.1,40.916,30.6,70.0,3.6,2.1,196.0,CENTRO,4
2024-04-19 05:00:00,2.78,10.0,5.0,25.5,40.11066666666667,30.9,63.0,3.5,1.9,185.0,CENTRO,5
2024-04-19 06:00:00,2.79,10.0,10.3,24.7,39.30533333333333,35.4,72.0,3.6,2.3,103.0,CENTRO,6
2024-04-19 07:00:00,3.04,12.0,28.4,23.9,38.5,52.7,79.0,3.7,2.8,204.0,CENTRO,7
2024-04-19 08:00:00,2.99,14.0,27.5,29.4,45.33,57.3,109.0,3.8,3.1,128.0,CENTRO,8
2024-04-19 09:00:00,2.92,23.0,15.3,24.3,44.13,39.8,113.0,4.0,6.0,48.0,CENTRO,9
2024-04-19 10:00:00,2.84,27.0,13.9,23.0,43.775000000000006,37.2,89.0,3.9,6.6,47.0,CENTRO,10
2024-04-19 11:00:00,2.93,45.0,9.5,23.4,43.42,33.1,92.0,3.8,7.9,29.0,CENTRO,11
2024-04-19 12:00:00,2.97,59.0,7.7,23.2,43.065000000000005,31.0,102.0,3.8,9.9,46.0,CENTRO,12
2024-04-19 13:00:00,2.8,66.0,6.7,24.7,42.71,31.4,108.0,3.8,9.7,41.0,CENTRO,13
2024-04-19 14:00:00,2.66,70.0,5.0,17.7,42.355000000000004,22.7,103.0,3.9,9.6,49.0,CENTRO,14
2024-04-19 15:00:00,2.61,85.0,3.3,10.6,42.0,13.9,74.0,3.9,7.9,86.0,CENTRO,15
2024-04-19 16:00:00,2.59,78.0,3.3,9.7,41.0,13.0,72.0,3.9,8.7,87.0,CENTRO,16
2024-04-19 17:00:00,2.65,52.0,4.0,10.4,39.0,14.4,72.0,3.8,12.8,63.0,CENTRO,17
2024-04-19 18:00:00,2.64,44.0,3.6,10.0,38.0,13.6,70.0,3.8,12.3,84.0,CENTRO,18
2024-04-19 19:00:00,2.67,39.0,3.2,11.0,40.0,14.2,70.0,3.9,10.5,92.0,CENTRO,19
2024-04-19 20:00:00,2.65,32.0,3.0,9.5,33.0,12.5,68.0,3.8,13.6,90.0,CENTRO,20
2024-04-19 21:00:00,2.54,37.0,3.0,6.9,20.0,9.9,40.0,3.6,13.7,97.0,CENTRO,21
2024-04-19 22:00:00,2.47,39.0,2.8,5.0,19.0,7.8,36.0,3.4,13.8,127.0,CENTRO,22
2024-04-19 23:00:00,2.51,31.0,2.7,8.6,21.0,11.3,35.0,3.5,11.9,95.0,CENTRO,23
2024-04-20 00:00:00,2.59,23.0,2.8,11.4,21.61,14.5,51.0,3.4,9.7,32.0,CENTRO,0
2024-04-20 01:00:00,2.56,25.0,2.6,9.4,20.54,12.3,50.0,3.4,8.0,47.0,CENTRO,1
2024-04-20 02:00:00,2.53,19.0,3.0,13.5,20.02,16.8,54.0,3.5,9.6,7.0,CENTRO,2
2024-04-20 03:00:00,2.54,17.0,3.4,13.3,23.12,17.0,52.0,3.5,9.7,35.0,CENTRO,3
2024-04-20 04:00:00,2.5,16.0,3.7,13.6,23.22,17.6,62.0,3.4,11.4,36.0,CENTRO,4
2024-04-20 05:00:00,2.48,17.0,3.3,13.8,22.52,17.4,51.0,3.5,9.3,41.0,CENTRO,5
2024-04-20 06:00:00,2.49,19.0,2.7,11.6,26.61,14.5,57.0,3.5,6.4,44.0,CENTRO,6
2024-04-20 07:00:00,2.53,19.0,3.1,11.6,24.13,15.0,65.0,3.5,6.4,57.0,CENTRO,7
2024-04-20 08:00:00,2.58,19.0,4.4,11.1,29.47,15.8,60.0,3.5,6.9,59.0,CENTRO,8
2024-04-20 09:00:00,2.66,16.0,7.2,13.2,29.0,20.7,61.0,3.5,4.9,26.0,CENTRO,9
2024-04-20 10:00:00,2.71,18.0,8.1,13.4,17.24,21.8,65.0,3.4,7.4,45.0,CENTRO,10
2024-04-20 11:00:00,2.73,23.0,9.3,12.2,13.13,21.8,53.0,3.4,8.3,53.0,CENTRO,11
2024-04-20 12:00:00,2.67,28.0,5.8,11.3,12.82,17.4,48.0,3.4,7.8,59.0,CENTRO,12
2024-04-20 13:00:00,2.61,37.0,4.8,10.1,23.87,15.1,39.0,3.4,6.6,41.0,CENTRO,13
2024-04-20 14:00:00,2.64,47.0,4.4,9.6,26.62,14.2,57.0,3.5,6.3,23.0,CENTRO,14
2024-04-20 15:00:00,2.67,59.0,4.0,10.6,27.41,14.9,52.0,3.5,6.9,54.0,CENTRO,15
2024-04-20 16:00:00,2.68,63.0,3.6,9.2,26.38,13.0,58.0,3.4,8.2,66.0,CENTRO,16
2024-04-20 17:00:00,2.59,52.0,3.0,5.6,25.94,8.7,56.0,3.4,10.9,90.0,CENTRO,17
2024-04-20 18:00:00,1.86,48.0,3.0,5.8,26.014416961130742,8.9,21.0,3.5,10.0,99.0,CENTRO,18
2024-04-20 19:00:00,1.44,46.0,2.6,9.2,26.088833922261486,11.9,38.5,3.4,7.4,87.0,CENTRO,19
2024-04-20 20:00:00,1.57,37.0,2.5,15.6,26.163250883392227,18.2,56.0,3.3,7.6,68.0,CENTRO,20
2024-04-20 21:00:00,1.69,30.0,2.5,19.9,26.23766784452297,22.6,69.0,3.3,3.9,67.0,CENTRO,21
2024-04-20 22:00:00,1.81,24.0,2.9,21.8,16.29,24.8,72.0,3.3,6.7,75.0,CENTRO,22
2024-04-20 23:00:00,1.44,46.0,2.5,7.4,16.08,10.1,118.0,3.4,9.8,43.0,CENTRO,23
2024-04-21 00:00:00,1.53,40.0,2.4,8.8,16.0,11.5,59.0,3.3,8.3,50.0,CENTRO,0
2024-04-21 01:00:00,1.67,31.0,2.3,7.1,16.0,9.7,40.0,3.3,8.3,16.0,CENTRO,1
2024-04-21 02:00:00,1.65,21.0,2.6,10.0,16.54,12.9,44.0,3.3,10.6,55.0,CENTRO,2
2024-04-21 03:00:00,1.78,23.0,2.6,6.2,16.8,9.0,41.0,3.4,10.9,45.0,CENTRO,3
2024-04-21 04:00:00,1.74,16.0,4.0,11.1,17.91,15.3,26.0,3.4,9.0,111.0,CENTRO,4
2024-04-21 05:00:00,1.74,18.0,2.9,8.9,18.58,12.0,26.0,3.4,9.8,46.0,CENTRO,5
2024-04-21 06:00:00,1.84,20.0,2.8,8.2,19.46,11.2,29.0,3.6,12.0,61.0,CENTRO,6
2024-04-21 07:00:00,1.96,22.0,2.6,7.9,20.869999999999997,10.7,26.0,3.9,8.8,62.0,CENTRO,7
2024-04-21 08:00:00,1.92,20.0,3.1,9.1,22.875,12.4,29.0,3.8,8.8,70.0,CENTRO,8
2024-04-21 09:00:00,1.95,20.0,3.5,8.5,24.189999999999998,12.2,24.0,4.0,7.4,49.0,CENTRO,9
2024-04-21 10:00:00,2.02,21.0,4.3,7.5,24.855,12.0,28.0,4.1,9.5,39.0,CENTRO,10
2024-04-21 11:00:00,2.03,24.0,4.2,6.6,27.284999999999997,11.1,27.0,4.3,10.1,32.0,CENTRO,11
2024-04-21 12:00:00,1.99,24.0,4.8,7.7,27.89,12.8,31.0,4.2,10.2,38.0,CENTRO,12
2024-04-21 13:00:00,1.95,25.0,4.1,6.5,25.137999999999998,10.8,31.0,3.8,11.8,33.0,CENTRO,13
2024-04-21 14:00:00,2.07,23.0,5.5,8.5,21.83,14.3,29.0,3.6,9.8,45.0,CENTRO,14
2024-04-21 15:00:00,2.05,22.0,5.5,9.6,20.25,15.4,27.0,3.6,10.1,71.0,CENTRO,15
2024-04-21 16:00:00,2.08,21.0,5.9,11.4,19.0,17.5,27.0,3.5,7.9,91.0,CENTRO,16
2024-04-21 17:00:00,2.04,27.0,3.3,8.9,17.744999999999997,12.4,29.0,3.5,7.1,34.0,CENTRO,17
2024-04-21 18:00:00,2.08,27.0,3.0,9.7,17.0,12.9,27.0,3.5,6.7,45.0,CENTRO,18
2024-04-21 19:00:00,2.11,27.0,2.9,11.9,16.525,15.0,27.0,3.5,9.7,24.0,CENTRO,19
2024-04-21 20:00:00,2.23,26.0,2.5,10.1,16.0,12.9,27.0,3.4,9.9,14.0,CENTRO,20
2024-04-21 21:00:00,2.6,24.0,2.6,10.1,16.31,12.9,25.0,3.6,8.9,360.0,CENTRO,21
2024-04-21 22:00:00,2.35,24.0,2.6,9.7,16.29,12.5,26.0,3.8,9.2,9.0,CENTRO,22
2024-04-21 23:00:00,2.2,18.0,3.5,14.9,16.08,18.6,22.0,3.7,7.7,52.0,CENTRO,23
2024-04-22 00:00:00,2.07,47.0,2.3,4.0,16.0,6.6,25.0,3.7,12.2,73.0,CENTRO,0
2024-04-22 01:00:00,2.08,42.0,2.3,4.3,16.0,6.7,23.0,3.7,9.9,67.0,CENTRO,1
2024-04-22 02:00:00,2.1,44.0,2.2,3.9,16.54,6.3,24.0,3.9,8.7,60.0,CENTRO,2
2024-04-22 03:00:00,2.1,46.0,2.2,3.9,16.8,6.3,22.0,4.0,7.4,52.0,CENTRO,3
2024-04-22 04:00:00,2.09,45.0,2.2333333333333334,3.2,17.91,5.7,34.0,4.4,7.9,55.0,CENTRO,4
2024-04-22 05:00:00,2.1,44.0,2.2666666666666666,5.5,18.58,8.0,21.0,4.1,7.6,32.0,CENTRO,5
2024-04-22 06:00:00,2.15,38.0,2.3,11.1,19.46,13.7,22.0,4.1,6.9,21.0,CENTRO,6
2024-04-22 07:00:00,2.23,33.0,3.3,15.1,20.869999999999997,18.6,33.0,4.1,6.2,58.0,CENTRO,7
2024-04-22 08:00:00,2.43,27.0,4.3,19.8,22.875,24.4,17.0,3.9,6.1,73.0,CENTRO,8
2024-04-22 09:00:00,2.45,28.0,5.7,18.7,24.189999999999998,24.7,23.0,3.8,8.9,61.0,CENTRO,9
2024-04-22 10:00:00,2.38,30.0,6.6,16.3,24.855,23.2,25.0,3.8,9.7,60.0,CENTRO,10
2024-04-22 11:00:00,2.36,32.0,5.2,14.6,27.284999999999997,20.0,36.0,3.8,11.3,47.0,CENTRO,11
2024-04-22 12:00:00,2.38,30.0,4.9,14.6,27.89,19.7,33.0,3.7,10.6,57.0,CENTRO,12
2024-04-22 13:00:00,2.35,31.0,4.2,13.1,25.137999999999998,17.4,36.0,3.5,9.0,65.0,CENTRO,13
2024-04-22 14:00:00,2.41,29.0,5.1,16.0,21.83,21.3,32.0,3.6,12.1,49.0,CENTRO,14
2024-04-22 15:00:00,2.42,25.0,6.8,17.6,20.25,24.6,40.0,3.8,12.0,53.0,CENTRO,15
2024-04-22 16:00:00,2.42,24.0,6.5,17.1,19.0,23.8,32.0,3.8,12.1,46.0,CENTRO,16
2024-04-22 17:00:00,2.41,26.0,5.0,15.5,17.744999999999997,20.7,28.0,3.7,12.3,44.0,CENTRO,17
2024-04-22 18:00:00,2.48,22.0,5.2,17.2,17.0,22.6,25.0,3.8,11.2,44.0,CENTRO,18
2024-04-22 19:00:00,2.49,19.0,5.0,18.3,16.525,23.5,25.0,3.9,9.9,36.0,CENTRO,19
2024-04-22 20:00:00,2.48,19.0,4.1,18.6,16.0,22.9,23.0,3.8,7.4,42.0,CENTRO,20
2024-04-22 21:00:00,2.39,21.0,4.1,16.4,16.31,20.7,22.0,3.9,6.2,44.0,CENTRO,21
2024-04-22 22:00:00,2.43,15.0,4.2,19.5,16.29,23.9,22.0,3.9,4.3,350.0,CENTRO,22
2024-04-22 23:00:00,2.39,13.0,4.8,21.3,16.08,26.4,26.0,3.8,5.0,334.0,CENTRO,23
2024-04-23 00:00:00,2.38,12.0,5.1,21.8,16.0,27.1,32.0,3.8,5.0,339.0,CENTRO,0
2024-04-23 01:00:00,2.31,18.0,3.8,14.8,16.0,18.8,30.0,3.6,4.0,14.0,CENTRO,1
2024-04-23 02:00:00,2.28,19.0,2.6,12.5,16.54,15.4,24.0,3.6,3.9,345.0,CENTRO,2
2024-04-23 03:00:00,2.3,16.0,2.7,14.3,16.8,17.2,21.0,3.6,2.3,319.0,CENTRO,3
2024-04-23 04:00:00,2.34,18.0,2.4,11.4,17.91,14.1,35.0,3.6,3.8,301.0,CENTRO,4
2024-04-23 05:00:00,2.37,19.0,2.5,9.4,18.58,12.2,25.0,3.4,2.0,20.0,CENTRO,5
2024-04-23 06:00:00,2.43,17.0,2.9,11.0,19.46,14.1,24.0,3.6,2.1,314.0,CENTRO,6
2024-04-23 07:00:00,2.48,15.0,5.4,13.4,20.869999999999997,19.0,28.0,3.6,2.0,139.0,CENTRO,7
2024-04-23 08:00:00,2.66,13.0,18.6,18.2,22.875,37.1,32.0,3.7,3.0,34.0,CENTRO,8
2024-04-23 09:00:00,2.83,13.0,22.9,20.6,24.189999999999998,43.8,39.0,3.8,2.7,359.0,CENTRO,9
2024-04-23 10:00:00,2.89,17.0,22.3,21.0,24.855,43.5,52.0,3.8,2.7,360.0,CENTRO,10
2024-04-23 11:00:00,2.62,23.0,11.4,16.0,27.284999999999997,27.7,49.0,3.8,3.7,297.0,CENTRO,11
2024-04-23 12:00:00,2.74,26.0,15.1,21.9,27.89,37.3,38.0,3.8,5.0,2.0,CENTRO,12
2024-04-23 13:00:00,2.82,36.0,14.0,27.4,25.137999999999998,41.7,58.0,3.8,5.3,18.0,CENTRO,13
2024-04-23 14:00:00,2.66,49.0,8.3,19.1,21.83,27.7,71.0,3.7,8.6,41.0,CENTRO,14
2024-04-23 15:00:00,2.53,51.0,5.6,12.4,20.25,18.3,61.0,3.7,10.0,55.0,CENTRO,15
2024-04-23 16:00:00,2.51,48.0,5.8,12.7,19.0,18.6,48.0,3.7,10.8,48.0,CENTRO,16
2024-04-23 17:00:00,2.53,43.0,5.3,11.0,17.744999999999997,16.5,45.0,3.6,11.3,59.0,CENTRO,17
2024-04-23 18:00:00,2.54,36.0,5.1,13.1,17.0,18.3,46.0,3.6,9.9,54.0,CENTRO,18
2024-04-23 19:00:00,2.62,28.0,4.3,16.6,16.525,21.1,46.0,3.5,9.8,52.0,CENTRO,19
2024-04-23 20:00:00,2.56,25.0,3.1,15.0,16.0,18.4,47.0,3.6,9.0,67.0,CENTRO,20
2024-04-23 21:00:00,2.58,20.0,3.4,18.8,16.31,22.5,40.0,3.4,4.5,18.0,CENTRO,21
2024-04-23 22:00:00,2.5,27.0,6.9,11.7,16.29,18.8,50.0,3.5,5.9,69.0,CENTRO,22
2024-04-23 23:00:00,2.6,19.0,5.9,18.6,16.08,24.7,45.0,3.4,5.7,44.0,CENTRO,23
2024-04-24 00:00:00,2.51,26.0,4.8,13.2,16.0,18.2,48.0,3.4,6.8,45.0,CENTRO,0
2024-04-24 01:00:00,2.45,27.0,2.4,8.6,16.0,11.2,42.0,3.4,7.4,63.0,CENTRO,1
2024-04-24 02:00:00,2.45,26.0,2.4,7.5,16.54,10.1,46.0,3.4,6.3,65.0,CENTRO,2
2024-04-24 03:00:00,2.43,26.0,2.6,6.0,16.8,8.9,52.0,3.3,4.0,43.0,CENTRO,3
2024-04-24 04:00:00,2.41,27.0,2.5,4.9,17.91,7.6,48.0,3.3,2.9,28.0,CENTRO,4
2024-04-24 05:00:00,2.39,22.0,2.4,7.5,18.58,10.1,43.0,3.3,2.0,57.0,CENTRO,5
2024-04-24 06:00:00,2.46,12.0,4.4,15.7,19.46,20.3,43.0,3.3,2.1,342.0,CENTRO,6
2024-04-24 07:00:00,2.59,11.0,10.7,17.7,20.869999999999997,28.7,60.0,3.4,3.5,37.0,CENTRO,7
2024-04-24 08:00:00,2.72,12.0,12.2,18.5,22.875,30.9,70.0,3.4,4.4,67.0,CENTRO,8
2024-04-24 09:00:00,2.76,18.0,11.7,17.0,24.189999999999998,29.0,69.0,3.4,7.2,73.0,CENTRO,9
2024-04-24 10:00:00,2.66,26.0,9.0,13.6,24.855,22.9,66.0,3.3,9.7,64.0,CENTRO,10
2024-04-24 11:00:00,2.6,36.0,6.8,11.7,27.284999999999997,18.7,56.0,3.4,11.4,57.0,CENTRO,11
2024-04-24 12:00:00,2.51,43.0,5.4,9.9,27.89,15.5,67.0,3.6,10.9,40.0,CENTRO,12
2024-04-24 13:00:00,2.5,46.0,5.0,9.3,25.137999999999998,14.5,53.0,3.5,13.2,51.0,CENTRO,13
2024-04-24 14:00:00,2.45,48.0,4.1,6.6,21.83,10.9,55.0,3.5,13.4,81.0,CENTRO,14
2024-04-24 15:00:00,2.43,48.0,3.6,5.7,20.25,9.5,50.0,3.5,14.6,107.0,CENTRO,15
2024-04-24 16:00:00,2.45,49.0,3.5,5.9,19.0,9.7,40.0,3.5,14.7,121.0,CENTRO,16
2024-04-24 17:00:00,2.44,50.0,3.2,5.7,17.744999999999997,9.1,45.0,3.4,14.9,112.0,CENTRO,17
2024-04-24 18:00:00,2.46,48.0,3.2,6.9,17.0,10.3,50.0,3.4,15.1,109.0,CENTRO,18
2024-04-24 19:00:00,2.5,45.0,2.7,8.6,16.525,11.6,48.0,3.3,11.8,119.0,CENTRO,19
2024-04-24 20:00:00,2.51,42.0,2.4,9.6,16.0,12.3,46.0,3.3,11.0,109.0,CENTRO,20
2024-04-24 21:00:00,2.48,35.0,2.7,7.2,16.31,10.1,55.0,3.3,13.7,78.0,CENTRO,21
2024-04-24 22:00:00,2.46,34.0,2.4,5.2,16.29,7.9,55.0,3.3,13.4,80.0,CENTRO,22
2024-04-24 23:00:00,2.46,30.0,2.5,6.0,16.08,8.7,47.0,3.3,13.5,63.0,CENTRO,23
2024-04-25 00:00:00,2.46,29.0,2.3,6.0,16.0,8.6,49.0,3.3,11.2,55.0,CENTRO,0
2024-04-25 01:00:00,2.44,29.0,2.3,4.3,16.0,6.8,52.0,3.3,10.5,52.0,CENTRO,1
2024-04-25 02:00:00,2.43,28.0,2.2,3.7,16.54,6.1,42.0,3.3,9.0,48.0,CENTRO,2
2024-04-25 03:00:00,2.42,28.0,2.2,3.1,16.8,5.6,44.0,3.3166666666666664,8.9,33.0,CENTRO,3
2024-04-25 04:00:00,2.43,24.0,3.6,6.8,17.91,10.6,50.0,3.333333333333333,7.3,27.0,CENTRO,4
2024-04-25 05:00:00,2.44,22.0,2.8,7.9,18.58,10.9,46.0,3.35,6.6,22.0,CENTRO,5
2024-04-25 06:00:00,2.47,22.0,2.8,8.4,19.46,11.4,45.0,3.3666666666666667,8.0,46.0,CENTRO,6
2024-04-25 07:00:00,2.59,14.0,5.3,14.5,20.869999999999997,20.0,54.0,3.3833333333333333,7.6,48.0,CENTRO,7
2024-04-25 08:00:00,2.76,12.0,16.6,18.0,22.875,34.9,67.0,3.4,5.6,41.0,CENTRO,8
2024-04-25 09:00:00,2.8,13.0,11.9,16.8,24.189999999999998,29.1,69.0,3.4,7.3,54.0,CENTRO,9
2024-04-25 10:00:00,2.8,16.0,11.9,16.5,24.855,28.8,75.0,3.5,7.8,75.0,CENTRO,10
2024-04-25 11:00:00,2.72,23.0,8.7,13.9,27.284999999999997,22.9,73.0,3.4,8.6,67.0,CENTRO,11
2024-04-25 12:00:00,2.62,34.0,5.9,10.6,27.89,16.8,64.0,3.4,8.9,54.0,CENTRO,12
2024-04-25 13:00:00,2.56,42.0,3.9,9.3,25.137999999999998,13.4,58.0,3.4,6.8,41.0,CENTRO,13
2024-04-25 14:00:00,2.62,46.0,4.0,11.3,21.83,15.5,51.0,3.4,5.2,36.0,CENTRO,14
2024-04-25 15:00:00,2.57,47.0,4.3,9.4,20.25,13.8,59.0,3.4,9.1,64.0,CENTRO,15
2024-04-25 16:00:00,2.56,53.0,3.8,8.7,19.0,12.8,44.0,3.5,8.8,62.0,CENTRO,16
2024-04-25 17:00:00,2.53,50.0,3.3,6.4,17.744999999999997,9.9,49.0,3.5,11.7,110.0,CENTRO,17
2024-04-25 18:00:00,2.57,47.0,3.0,8.7,17.0,11.8,137.0,3.4,11.8,111.0,CENTRO,18
2024-04-25 19:00:00,2.6,45.0,2.6,10.1,16.525,12.9,64.0,3.4,9.3,111.0,CENTRO,19
2024-04-25 20:00:00,2.6,44.0,2.4,10.0,16.0,12.6,58.0,3.4,9.6,105.0,CENTRO,20
2024-04-25 21:00:00,2.65,35.0,3.0,13.9,16.31,17.1,59.0,3.4,10.6,74.0,CENTRO,21
2024-04-25 22:00:00,2.62,28.0,2.7,12.4,16.29,15.3,70.0,3.4,8.8,46.0,CENTRO,22
2024-04-25 23:00:00,2.56,29.0,2.9,12.2,16.08,15.2,84.0,3.4,5.9,42.0,CENTRO,23
2024-04-26 00:00:00,2.46,39.0,2.3,4.0,16.0,6.5,59.0,3.4,11.0,115.0,CENTRO,0
2024-04-26 01:00:00,2.46,37.0,2.3,4.0,16.0,6.4,65.0,3.3,8.0,63.0,CENTRO,1
2024-04-26 02:00:00,2.5,18.0,3.4,18.5,16.54,22.0,52.0,3.3,7.9,16.0,CENTRO,2
2024-04-26 03:00:00,2.5,15.0,3.0,18.1,16.8,21.3,65.0,3.4,6.8,10.0,CENTRO,3
2024-04-26 04:00:00,2.47,15.0,2.9,16.4,17.91,19.4,67.0,3.4,6.7,24.0,CENTRO,4
2024-04-26 05:00:00,2.47,13.0,3.5,17.1,18.58,20.8,73.0,3.5,4.0,36.0,CENTRO,5
2024-04-26 06:00:00,2.54,12.0,3.2,17.9,19.46,21.2,70.0,3.6,3.0,358.0,CENTRO,6
2024-04-26 07:00:00,2.67,15.0,4.2,15.5,20.869999999999997,19.9,72.0,3.5,2.7,7.0,CENTRO,7
2024-04-26 08:00:00,2.77,14.0,13.0,18.3,22.875,31.6,70.0,3.5,3.8,68.0,CENTRO,8
2024-04-26 09:00:00,2.9,17.0,20.1,20.9,24.189999999999998,41.2,84.0,3.7,4.5,61.0,CENTRO,9
2024-04-26 10:00:00,3.01,23.0,25.1,26.5,24.855,51.7,102.0,3.7,6.8,36.0,CENTRO,10
2024-04-26 11:00:00,2.98,38.0,13.9,26.6,27.284999999999997,40.6,117.0,3.8,9.2,62.0,CENTRO,11
2024-04-26 12:00:00,2.81,58.0,7.2,20.7,27.89,28.1,123.0,3.6,10.3,47.0,CENTRO,12
2024-04-26 13:00:00,2.75,87.0,3.8,15.1,25.137999999999998,19.0,106.0,3.7,9.1,44.0,CENTRO,13
2024-04-26 14:00:00,2.69,101.0,3.0,12.0,21.83,15.2,100.0,3.8,10.7,61.0,CENTRO,14
2024-04-26 15:00:00,2.68,92.0,3.1,11.8,20.25,15.0,86.0,4.1,12.9,53.0,CENTRO,15
2024-04-26 16:00:00,2.63,82.0,2.9,8.9,19.0,12.0,88.0,4.1,14.2,101.0,CENTRO,16
2024-04-26 17:00:00,2.55,75.0,3.1,8.8,17.744999999999997,12.0,74.0,4.1,15.8,125.0,CENTRO,17
2024-04-26 18:00:00,2.54,67.0,2.9,8.4,17.0,11.5,66.0,3.8,15.2,113.0,CENTRO,18
2024-04-26 19:00:00,2.55,55.0,2.8,9.2,16.525,12.2,63.0,3.8,11.7,125.0,CENTRO,19
2024-04-26 20:00:00,2.59,46.0,2.4,13.1,16.0,15.6,62.0,3.6,10.8,110.0,CENTRO,20
2024-04-26 21:00:00,2.55,46.0,2.4,10.2,16.31,12.8,60.0,3.7,10.5,115.0,CENTRO,21
2024-04-26 22:00:00,2.66,37.0,2.5,15.7,16.29,18.4,52.0,3.6,8.7,72.0,CENTRO,22
2024-04-26 23:00:00,2.68,28.0,2.8,15.8,16.08,18.8,74.0,3.6,7.5,36.0,CENTRO,23
2024-04-27 00:00:00,2.61,19.0,3.8,17.7,16.0,21.7,75.0,3.5,8.4,15.0,CENTRO,0
2024-04-27 01:00:00,2.59,22.0,2.9,13.0,16.0,16.1,75.0,3.4,8.3,13.0,CENTRO,1
2024-04-27 02:00:00,2.56,27.0,2.5,7.6,16.54,10.2,60.0,3.4,7.8,41.0,CENTRO,2
2024-04-27 03:00:00,2.54,27.0,2.4,8.6,16.8,11.2,70.0,3.4,5.6,57.0,CENTRO,3
2024-04-27 04:00:00,2.56,25.0,2.3,9.5,17.91,11.9,70.0,3.4,3.6,64.0,CENTRO,4
2024-04-27 05:00:00,2.58,25.0,2.3,9.6,18.58,12.0,63.0,3.5,5.5,68.0,CENTRO,5
2024-04-27 06:00:00,2.62,23.0,2.4,12.2,19.46,14.7,77.0,3.5,6.3,77.0,CENTRO,6
2024-04-27 07:00:00,2.71,17.0,4.6,19.5,20.869999999999997,24.3,86.0,3.4,4.8,73.0,CENTRO,7
2024-04-27 08:00:00,2.85,17.0,10.2,20.7,22.875,31.2,91.0,3.6,3.4,302.0,CENTRO,8
2024-04-27 09:00:00,3.02,25.0,11.7,19.3,24.189999999999998,31.3,93.0,3.8,5.3,357.0,CENTRO,9
2024-04-27 10:00:00,3.0,30.0,15.0,25.4,24.855,40.6,98.0,3.9,6.3,31.0,CENTRO,10
2024-04-27 11:00:00,2.9,47.0,9.9,25.6,27.284999999999997,35.7,118.0,4.3,7.7,59.0,CENTRO,11
2024-04-27 12:00:00,2.8,73.0,5.5,20.5,27.89,26.2,109.0,5.1,10.1,69.0,CENTRO,12
2024-04-27 13:00:00,2.76,101.0,3.5,16.2,25.137999999999998,19.8,105.0,5.2,9.4,77.0,CENTRO,13
2024-04-27 14:00:00,2.7,98.0,3.1,11.9,21.83,15.2,97.0,4.4,13.4,63.0,CENTRO,14
2024-04-27 15:00:00,2.61,80.0,3.3,10.1,20.25,13.6,104.0,4.7,13.9,57.0,CENTRO,15
2024-04-27 16:00:00,2.35,75.0,2.9,6.0,19.0,9.1,79.0,4.4,14.0,115.0,CENTRO,16
2024-04-27 17:00:00,2.38,68.0,2.9,5.5,17.744999999999997,8.6,47.0,4.1,14.3,104.0,CENTRO,17
2024-04-27 18:00:00,2.42,65.0,2.6,5.1,17.0,7.9,52.0,4.0,15.0,111.0,CENTRO,18
2024-04-27 19:00:00,2.52,60.0,2.4,6.6,16.525,9.1,50.0,3.9,10.6,125.0,CENTRO,19
2024-04-27 20:00:00,2.57,55.0,2.3,7.7,16.0,10.2,58.0,3.8,11.0,117.0,CENTRO,20
2024-04-27 21:00:00,2.64,46.0,2.4,9.3,16.31,11.8,64.0,3.7,10.9,95.0,CENTRO,21
2024-04-27 22:00:00,2.69,39.0,2.3,6.8,16.29,9.3,80.0,3.5,12.4,69.0,CENTRO,22
2024-04-27 23:00:00,2.77,36.0,2.4,8.6,16.08,11.1,74.0,3.4,11.4,52.0,CENTRO,23
2024-04-28 00:00:00,2.78,35.0,2.3,7.9,16.0,10.4,82.0,3.5,11.3,43.0,CENTRO,0
2024-04-28 01:00:00,2.75,35.0,2.4,6.5,16.0,9.1,86.0,3.5,11.2,45.0,CENTRO,1
2024-04-28 02:00:00,2.72,34.0,2.3,6.3,16.54,8.8,85.0,3.4,9.5,55.0,CENTRO,2
2024-04-28 03:00:00,2.71,35.0,2.3,4.7,16.8,7.1,89.0,3.4,6.0,53.0,CENTRO,3
2024-04-28 04:00:00,2.72,31.0,2.2666666666666666,7.3,17.91,9.8,87.0,3.4,5.4,52.0,CENTRO,4
2024-04-28 05:00:00,2.74,34.0,2.2333333333333334,5.9,18.58,8.4,90.0,3.4,5.7,49.0,CENTRO,5
2024-04-28 06:00:00,2.73,33.0,2.2,4.8,19.46,7.2,93.0,3.4,3.4,3.0,CENTRO,6
2024-04-28 07:00:00,2.79,21.0,4.2,15.7,20.869999999999997,20.1,89.0,3.4,4.2,13.0,CENTRO,7
2024-04-28 08:00:00,2.85,22.0,7.8,18.0,22.875,26.1,122.0,3.5,6.0,69.0,CENTRO,8
2024-04-28 09:00:00,2.95,34.0,7.0,14.6,24.189999999999998,21.9,111.0,3.4,8.2,55.0,CENTRO,9
2024-04-28 10:00:00,2.77,41.0,6.5,14.0,24.855,20.7,97.0,3.5,9.0,115.0,CENTRO,10
2024-04-28 11:00:00,2.66,60.0,3.3,8.1,27.284999999999997,11.6,94.0,3.9,7.7,140.0,CENTRO,11
2024-04-28 12:00:00,2.49,61.0,3.0,4.8,27.89,8.0,94.0,4.5,14.3,9.0,CENTRO,12
2024-04-28 13:00:00,2.36,56.0,3.1,4.0,25.137999999999998,7.2,126.0,4.1,18.2,26.0,CENTRO,13
2024-04-28 14:00:00,2.28,61.0,3.0,3.8,21.83,6.9,110.0,3.7,14.2,34.0,CENTRO,14
2024-04-28 15:00:00,2.26,62.0,3.6,6.9,20.25,10.7,86.0,4.7,13.5,66.0,CENTRO,15
2024-04-28 16:00:00,2.23,65.0,3.5,5.9,19.0,9.5,77.0,4.4,12.1,31.0,CENTRO,16
2024-04-28 17:00:00,2.24,67.0,2.9,5.5,17.744999999999997,8.6,75.0,4.2,10.3,39.0,CENTRO,17
2024-04-28 18:00:00,2.27,66.0,3.0,8.1,17.0,11.2,68.0,4.4,9.1,43.0,CENTRO,18
2024-04-28 19:00:00,2.34,70.0,2.5,8.5,16.525,11.2,67.0,3.7,9.4,97.0,CENTRO,19
2024-04-28 20:00:00,2.33,57.0,2.4,8.3,16.0,10.9,72.0,4.6,10.3,114.0,CENTRO,20
2024-04-28 21:00:00,2.35,54.0,2.4,10.5,16.31,13.1,56.0,3.8,9.1,100.0,CENTRO,21
2024-04-28 22:00:00,2.34,54.0,2.5,10.3,16.29,12.9,51.0,4.0,9.1,98.0,CENTRO,22
2024-04-28 23:00:00,2.31,58.0,2.4,6.8,16.08,9.4,51.0,3.9,8.7,95.0,CENTRO,23
2024-04-29 00:00:00,2.31,58.0,2.4,6.3,16.0,8.8,50.0,3.6,8.0,105.0,CENTRO,0
2024-04-29 01:00:00,2.33,59.0,2.3499999999999996,4.6,16.0,7.1,50.0,3.5,7.8,120.0,CENTRO,1
2024-04-29 02:00:00,2.4,53.0,2.3,5.8,16.54,8.3,49.0,3.6,6.6,72.0,CENTRO,2
2024-04-29 03:00:00,2.47,25.0,3.4,25.8,16.8,29.3,49.0,5.2,7.4,18.0,CENTRO,3
2024-04-29 04:00:00,2.52,19.0,3.1,25.6,17.91,28.9,68.0,5.7,7.1,6.0,CENTRO,4
2024-04-29 05:00:00,2.67,25.0,2.3,12.6,18.58,15.1,78.0,3.9,6.5,40.0,CENTRO,5
2024-04-29 06:00:00,2.72,23.0,2.9,12.5,19.46,15.6,79.0,3.6,3.4,326.0,CENTRO,6
2024-04-29 07:00:00,2.75,16.0,7.5,19.6,20.869999999999997,27.3,67.0,3.7,4.0,239.0,CENTRO,7
2024-04-29 08:00:00,2.83,18.0,8.7,20.5,22.875,29.4,79.0,3.8,5.1,220.0,CENTRO,8
2024-04-29 09:00:00,2.99,26.0,8.5,18.7,24.189999999999998,27.5,84.0,3.8,5.0,353.0,CENTRO,9
2024-04-29 10:00:00,2.89,33.0,6.3,17.0,24.855,23.5,98.0,3.7,5.2,338.0,CENTRO,10
2024-04-29 11:00:00,2.82,42.0,6.1,18.3,27.284999999999997,24.6,96.0,3.7,6.9,352.0,CENTRO,11
2024-04-29 12:00:00,2.72,53.0,6.0,16.2,27.89,22.4,97.0,3.9,10.2,46.0,CENTRO,12
2024-04-29 13:00:00,2.67,66.0,3.3,8.0,25.137999999999998,11.4,92.0,4.0,12.0,64.0,CENTRO,13
2024-04-29 14:00:00,2.66,77.0,3.1,8.0,21.83,11.3,83.5,4.0,10.3,74.0,CENTRO,14
2024-04-29 15:00:00,2.68,77.0,3.0,8.1,20.25,11.2,75.0,4.0,14.0,63.0,CENTRO,15
2024-04-29 16:00:00,2.6,63.0,3.0,6.7,19.0,9.8,93.0,4.4,13.3,81.0,CENTRO,16
2024-04-29 17:00:00,2.61,56.0,3.1,7.4,17.744999999999997,10.6,72.0,4.3,12.8,103.0,CENTRO,17
2024-04-29 18:00:00,2.62,52.0,3.0,7.3,17.0,10.5,76.0,4.3,13.1,119.0,CENTRO,18
2024-04-29 19:00:00,2.63,48.0,2.6,7.3,16.525,10.1,73.0,4.1,11.2,124.0,CENTRO,19
2024-04-29 20:00:00,2.63,46.0,2.4,8.3,16.0,10.8,66.0,3.9,11.4,120.0,CENTRO,20
2024-04-29 21:00:00,2.64,41.0,2.5,10.6,16.31,13.3,64.0,3.8,10.7,116.0,CENTRO,21
2024-04-29 22:00:00,2.57,44.0,2.4,5.6,16.29,8.2,74.0,3.7,14.0,89.0,CENTRO,22
2024-04-29 23:00:00,2.55,42.0,2.3,4.9,16.08,7.4,66.0,3.7,11.5,110.0,CENTRO,23
2024-04-30 00:00:00,2.55,37.0,2.3,4.8,16.0,7.3,63.0,3.6,12.5,97.0,CENTRO,0
2024-04-30 01:00:00,2.56,34.0,2.2,3.7,16.0,6.1,65.0,3.5,12.0,74.0,CENTRO,1
2024-04-30 02:00:00,2.53,40.0,2.2,2.7,16.54,5.1,69.0,3.5,13.8,108.0,CENTRO,2
2024-04-30 03:00:00,2.51,40.0,2.15,2.0,16.8,4.4,55.0,3.4,10.7,104.0,CENTRO,3
2024-04-30 04:00:00,2.52,38.0,2.1,2.5,17.91,4.9,46.0,3.5,8.0,58.0,CENTRO,4
2024-04-30 05:00:00,2.53,37.0,2.1,2.7,18.58,5.1,58.0,3.4,7.7,70.0,CENTRO,5
2024-04-30 06:00:00,2.53,38.0,2.2,3.3,19.46,5.7,59.0,3.4,8.5,97.0,CENTRO,6
2024-04-30 07:00:00,2.58,34.0,2.5,6.3,20.869999999999997,9.1,65.0,3.4,7.7,96.0,CENTRO,7
2024-04-30 08:00:00,2.74,23.0,7.4,16.7,22.875,24.4,59.0,3.4,6.3,59.0,CENTRO,8
2024-04-30 09:00:00,2.82,26.0,6.0,15.2,24.189999999999998,21.4,79.0,3.4,9.4,51.0,CENTRO,9
2024-04-30 10:00:00,2.7,36.0,4.9,10.5,24.855,15.6,77.0,3.5,8.8,52.0,CENTRO,10
2024-04-30 11:00:00,2.71,38.0,4.4,10.6,27.284999999999997,15.2,70.0,3.5,9.6,48.0,CENTRO,11
2024-04-30 12:00:00,2.66,41.0,4.0,8.2,27.89,12.5,95.0,3.5,11.6,58.0,CENTRO,12
2024-04-30 13:00:00,2.62,46.0,3.5,6.3,25.137999999999998,10.0,75.0,3.4,11.1,98.0,CENTRO,13
2024-04-30 14:00:00,2.63,49.0,3.5,6.3,21.83,10.1,59.0,3.4,11.4,88.0,CENTRO,14
2024-04-30 15:00:00,2.62,49.0,3.35,5.7,20.25,9.4,67.0,3.3,13.2,84.0,CENTRO,15
2024-04-30 16:00:00,2.62,50.0,3.2,5.7,19.0,9.0,75.0,3.4,12.5,108.0,CENTRO,16
2024-04-30 17:00:00,2.62,51.0,3.0,5.8,17.744999999999997,9.0,58.0,3.5,15.8,121.0,CENTRO,17
2024-04-30 18:00:00,2.65,50.0,2.8,6.4,17.0,9.4,64.0,3.5,14.9,122.0,CENTRO,18
2024-04-30 19:00:00,2.67,47.0,2.9,8.2,16.525,11.2,66.0,3.5,12.8,129.0,CENTRO,19
2024-04-30 20:00:00,2.67,42.0,2.4,11.6,16.0,14.2,65.0,3.5,12.5,117.0,CENTRO,20
2024-04-30 21:00:00,2.63,42.0,2.8,8.2,16.31,11.2,72.0,3.4,13.5,86.0,CENTRO,21
2024-04-30 22:00:00,2.62,35.0,2.5,6.2,16.29,9.0,61.0,3.4,17.4,68.0,CENTRO,22
2024-04-30 23:00:00,2.59,35.0,2.3,4.5,16.08,7.0,83.0,3.4,17.0,64.0,CENTRO,23
2024-05-01 00:00:00,2.5799999999999996,34.0,2.25,4.2,16.0,6.6499999999999995,73.0,3.3499999999999996,14.9,62.0,CENTRO,0
2024-05-01 01:00:00,2.57,33.0,2.2,3.9,16.0,6.3,63.0,3.3,12.8,60.0,CENTRO,1
2024-05-01 02:00:00,2.55,32.0,2.2,3.1,16.54,5.5,79.0,3.4,10.7,67.0,CENTRO,2
2024-05-01 03:00:00,2.55,31.0,2.1,3.0,16.8,5.4,61.0,3.3,9.0,49.0,CENTRO,3
2024-05-01 04:00:00,2.55,30.0,2.1,3.2,17.91,5.6,53.0,3.4,7.3,41.0,CENTRO,4
2024-05-01 05:00:00,2.55,29.0,2.1,3.3,18.58,5.7,46.0,3.4,8.4,51.0,CENTRO,5
2024-05-01 06:00:00,2.56,27.0,2.3,4.7,19.46,7.3,50.0,3.3,7.9,56.0,CENTRO,6
2024-05-01 07:00:00,2.58,24.0,2.4,6.7,20.869999999999997,9.3,40.0,3.4,8.4,63.0,CENTRO,7
2024-05-01 08:00:00,2.61,23.0,3.1,7.9,22.875,11.2,39.0,3.4,6.3,55.0,CENTRO,8
2024-05-01 09:00:00,2.65,23.0,4.2,8.7,24.189999999999998,13.1,35.0,3.4,6.8,57.0,CENTRO,9
2024-05-01 10:00:00,2.66,23.0,6.5,10.5,24.855,17.3,55.0,3.4,8.0,51.0,CENTRO,10
2024-05-01 11:00:00,2.71,28.0,7.9,12.9,27.284999999999997,21.1,61.0,3.5,8.8,52.0,CENTRO,11
2024-05-01 12:00:00,2.68,35.0,8.5,17.9,27.89,26.6,64.0,3.5,8.5,32.0,CENTRO,12
2024-05-01 13:00:00,2.68,50.0,4.5,12.6,25.137999999999998,17.3,87.0,3.5,6.5,2.0,CENTRO,13
2024-05-01 14:00:00,2.8,67.0,3.9,11.0,21.83,15.1,71.0,3.5,8.8,55.0,CENTRO,14
2024-05-01 15:00:00,2.87,66.0,3.0,6.7,20.25,9.8,72.0,3.4,9.9,69.0,CENTRO,15
2024-05-01 16:00:00,2.7,53.0,3.0,4.2,19.0,7.4,61.0,3.4,14.0,113.0,CENTRO,16
2024-05-01 17:00:00,2.62,56.0,2.7,3.7,17.744999999999997,6.5,62.0,3.5,14.7,120.0,CENTRO,17
2024-05-01 18:00:00,2.64,55.0,2.5,4.3,17.0,7.0,65.0,3.4,14.2,114.0,CENTRO,18
2024-05-01 19:00:00,2.67,53.0,2.4,4.9,16.525,7.5,68.0,3.4,12.3,102.0,CENTRO,19
2024-05-01 20:00:00,2.69,49.0,2.3,6.0,16.0,8.5,65.0,3.4,14.0,97.0,CENTRO,20
2024-05-01 21:00:00,2.7,36.0,2.5,5.5,16.31,8.2,66.0,3.4,13.1,73.0,CENTRO,21
2024-05-01 22:00:00,2.7,32.0,2.4,5.6,16.29,8.2,81.0,3.4,11.5,56.0,CENTRO,22
2024-05-01 23:00:00,2.71,29.0,2.4,6.3,16.08,8.9,69.0,3.4,11.0,54.0,CENTRO,23
2024-05-02 00:00:00,2.68,27.0,2.3,7.1,16.0,9.6,64.0,3.4,11.8,44.0,CENTRO,0
2024-05-02 01:00:00,2.66,26.0,2.3,7.2,16.0,9.8,69.0,3.4,9.0,45.0,CENTRO,1
2024-05-02 02:00:00,2.66,19.0,2.9,13.3,16.54,16.4,64.0,3.3,5.4,11.0,CENTRO,2
2024-05-02 03:00:00,2.72,20.0,2.2,11.5,16.8,13.9,74.0,3.4,4.2,30.0,CENTRO,3
2024-05-02 04:00:00,2.79,21.0,2.2,10.8,17.91,13.2,104.0,3.4,4.7,37.0,CENTRO,4
2024-05-02 05:00:00,2.83,20.0,2.2,11.9,18.58,14.4,97.0,3.4,6.0,24.0,CENTRO,5
2024-05-02 06:00:00,2.84,18.0,2.8,13.1,19.46,16.2,84.0,3.3,6.1,20.0,CENTRO,6
2024-05-02 07:00:00,2.98,15.0,5.7,17.7,20.869999999999997,23.7,111.0,3.4,3.3,25.0,CENTRO,7
2024-05-02 08:00:00,3.02,16.0,10.6,18.7,46.70233215547703,29.6,115.0,3.4,4.3,18.0,CENTRO,8
2024-05-02 09:00:00,3.11,18.0,20.1,22.9,46.776749116607775,43.3,85.0,3.5,6.4,52.0,CENTRO,9
2024-05-02 10:00:00,3.15,24.0,19.9,26.8,46.85116607773851,46.9,92.0,3.5,6.8,64.0,CENTRO,10
2024-05-02 11:00:00,3.16,43.0,12.4,29.7,46.925583038869256,42.3,120.0,3.6,8.2,53.0,CENTRO,11
2024-05-02 12:00:00,3.06,77.0,5.6,24.0,47.0,29.8,115.0,3.6,8.9,38.0,CENTRO,12
2024-05-02 13:00:00,2.95,94.0,4.0,21.1,46.5164,25.3,113.0,4.0,9.9,55.0,CENTRO,13
2024-05-02 14:00:00,2.25,71.0,3.4,7.2,46.0328,10.8,123.0,3.5,15.5,304.0,CENTRO,14
2024-05-02 15:00:00,2.27,72.0,3.4,7.9,45.5492,11.4,60.0,3.5,14.1,316.0,CENTRO,15
2024-05-02 16:00:00,2.25,76.0,3.3,7.3,45.0656,10.8,41.0,3.5,12.3,324.0,CENTRO,16
2024-05-02 17:00:00,2.27,76.0,3.0,8.4,17.744999999999997,11.6,28.0,3.7,9.8,339.0,CENTRO,17
2024-05-02 18:00:00,2.67,58.0,3.2,11.4,17.0,14.8,36.0,4.3,18.7,54.0,CENTRO,18
2024-05-02 19:00:00,2.73,43.0,2.9,10.1,16.525,13.2,98.0,3.6,18.0,73.0,CENTRO,19
2024-05-02 20:00:00,2.76,32.0,3.0,16.3,16.0,19.4,74.0,3.6,15.8,52.0,CENTRO,20
2024-05-02 21:00:00,2.75,32.0,2.6,15.4,16.31,18.2,86.0,3.5,12.3,57.0,CENTRO,21
2024-05-02 22:00:00,2.8,31.0,2.6,15.8,16.29,18.5,66.0,3.4,12.0,55.0,CENTRO,22
2024-05-02 23:00:00,2.75,40.0,2.3,8.7,16.08,11.1,81.0,3.4,11.9,73.0,CENTRO,23
2024-05-03 00:00:00,2.66,42.0,2.2,3.6,16.0,6.0,87.0,3.3,11.3,110.0,CENTRO,0
2024-05-03 01:00:00,2.67,38.0,2.1,4.4,16.0,6.8,47.0,3.3,10.1,57.0,CENTRO,1
2024-05-03 02:00:00,2.64,30.0,2.2,4.9,16.54,7.3,64.0,3.3,11.9,57.0,CENTRO,2
2024-05-03 03:00:00,2.61,28.0,2.2,3.7,16.8,6.2,72.0,3.4,10.8,55.0,CENTRO,3
2024-05-03 04:00:00,2.62,31.0,2.1,3.0,17.91,5.3,53.0,3.5,9.7,56.0,CENTRO,4
2024-05-03 05:00:00,2.63,34.0,2.1,4.3,18.58,6.7,54.0,3.4,9.7,44.0,CENTRO,5
2024-05-03 06:00:00,2.67,37.0,3.5,7.4,19.46,11.2,79.0,3.4,6.8,46.0,CENTRO,6
2024-05-03 07:00:00,2.77,28.0,3.4,14.3,20.869999999999997,18.0,72.0,3.4,2.2,257.0,CENTRO,7
2024-05-03 08:00:00,2.83,30.0,5.5,15.5,22.875,21.2,90.0,3.4,4.0,314.0,CENTRO,8
2024-05-03 09:00:00,2.97,32.0,9.9,20.9,24.189999999999998,31.1,77.0,3.4,6.2,17.0,CENTRO,9
2024-05-03 10:00:00,3.13,36.0,14.7,28.9,24.855,43.7,83.0,3.5,9.9,48.0,CENTRO,10
2024-05-03 11:00:00,2.85,49.0,6.4,16.9,27.284999999999997,23.5,105.0,3.5,12.0,55.0,CENTRO,11
2024-05-03 12:00:00,2.76,56.0,3.7,8.8,27.89,12.7,93.0,3.4,13.6,55.0,CENTRO,12
2024-05-03 13:00:00,2.75,61.0,3.4,8.7,25.137999999999998,12.3,89.0,3.4,14.2,52.0,CENTRO,13
2024-05-03 14:00:00,2.8,68.0,3.0,8.9,21.83,12.1,95.0,3.4,13.8,66.0,CENTRO,14
2024-05-03 15:00:00,2.77,60.0,2.9,8.0,20.25,11.2,102.0,3.4,14.3,71.0,CENTRO,15
2024-05-03 16:00:00,2.75,46.0,3.4,6.9,19.0,10.5,87.0,3.4,15.8,78.0,CENTRO,16
2024-05-03 17:00:00,2.75,46.0,3.4,7.7,17.744999999999997,11.3,79.0,3.4,18.1,77.0,CENTRO,17
2024-05-03 18:00:00,2.75,43.0,2.9,7.8,17.0,10.9,78.0,3.5,18.4,80.0,CENTRO,18
2024-05-03 19:00:00,2.76,40.0,2.6,7.0,16.525,9.7,82.0,3.4,15.4,105.0,CENTRO,19
2024-05-03 20:00:00,2.71,39.0,2.3,5.1,16.0,7.6,74.0,3.5,14.3,126.0,CENTRO,20
2024-05-03 21:00:00,2.71,37.0,2.4,5.3,16.31,8.0,65.0,3.4,14.9,122.0,CENTRO,21
2024-05-03 22:00:00,2.69,35.0,2.3,4.5,16.29,7.1,69.0,3.4,17.3,114.0,CENTRO,22
2024-05-03 23:00:00,2.67,31.0,2.2,5.7,16.08,8.1,82.0,3.4,12.6,101.0,CENTRO,23
2024-05-04 00:00:00,2.68,35.0,2.1,5.5,16.0,7.9,61.0,3.4,11.9,72.0,CENTRO,0
2024-05-04 01:00:00,2.64,42.0,2.1,4.9,16.0,7.2,51.0,3.4,10.2,67.0,CENTRO,1
2024-05-04 02:00:00,2.6,46.0,2.2,3.7,16.54,6.1,32.0,3.4,10.6,52.0,CENTRO,2
2024-05-04 03:00:00,2.59,45.0,2.2,3.0,16.8,5.3,45.0,3.4,8.1,72.0,CENTRO,3
2024-05-04 04:00:00,2.57,43.0,2.1,2.5,17.91,4.9,37.0,3.5,6.7,76.0,CENTRO,4
2024-05-04 05:00:00,2.58,41.0,2.1,2.8,18.58,5.2,40.0,3.4,7.1,65.0,CENTRO,5
2024-05-04 06:00:00,2.62,23.0,3.9,17.8,19.46,21.9,42.0,3.5,7.7,30.0,CENTRO,6
2024-05-04 07:00:00,2.65,29.0,2.5,12.1,20.869999999999997,14.8,54.0,3.4,5.1,47.0,CENTRO,7
2024-05-04 08:00:00,2.65,32.0,2.5,8.0,22.875,10.8,56.0,3.3,2.5,3.0,CENTRO,8
2024-05-04 09:00:00,2.73,31.0,4.9,11.4,24.189999999999998,16.5,49.0,3.5,5.6,74.0,CENTRO,9
2024-05-04 10:00:00,2.95,22.0,16.5,23.8,24.7544,40.5,55.0,3.5,7.4,38.0,CENTRO,10
2024-05-04 11:00:00,2.9,31.0,10.1,18.9,24.2708,29.2,78.0,3.5,8.5,56.0,CENTRO,11
2024-05-04 12:00:00,2.87,45.0,4.7,12.6,23.7872,17.4,72.0,3.4,10.5,60.0,CENTRO,12
2024-05-04 13:00:00,2.85,44.0,4.8,10.8,23.3036,15.8,57.0,3.4,12.0,64.0,CENTRO,13
2024-05-04 14:00:00,2.77,46.0,4.0,8.3,22.82,12.5,54.0,3.4,13.2,49.0,CENTRO,14
2024-05-04 15:00:00,2.77,44.0,3.4,7.0,23.28,10.7,52.0,3.5,13.8,81.0,CENTRO,15
2024-05-04 16:00:00,2.71,45.0,2.9,4.7,25.86,7.8,46.0,3.5,13.2,117.0,CENTRO,16
2024-05-04 17:00:00,2.67,48.0,2.5,4.3,28.74,7.0,52.0,3.4,13.6,122.0,CENTRO,17
2024-05-04 18:00:00,2.71,48.0,2.4,4.9,33.13,7.6,62.0,3.5,13.9,111.0,CENTRO,18
2024-05-04 19:00:00,2.73,48.0,2.3,5.6,38.85,8.1,65.0,3.5,14.9,100.0,CENTRO,19
2024-05-04 20:00:00,2.77,44.0,2.2,6.9,40.77,9.3,65.0,3.4,12.8,98.0,CENTRO,20
2024-05-04 21:00:00,2.74,41.0,2.3,5.0,41.41,7.4,68.0,3.4,15.6,118.0,CENTRO,21
2024-05-04 22:00:00,2.73,36.0,2.2,5.2,37.5,7.6,65.0,3.4,13.0,95.0,CENTRO,22
2024-05-04 23:00:00,2.68,31.0,2.3,5.1,27.0,7.6,93.0,3.3,15.1,65.0,CENTRO,23
2024-05-05 00:00:00,2.65,32.0,2.1,4.3,25.99,6.7,66.0,3.4,13.2,61.0,CENTRO,0
2024-05-05 01:00:00,2.66,31.0,2.1,4.5,24.09,6.8,60.0,3.4,10.9,51.0,CENTRO,1
2024-05-05 02:00:00,2.68,29.0,2.2,5.0,27.5,7.5,50.0,3.4,6.6,39.0,CENTRO,2
2024-05-05 03:00:00,2.69,27.0,2.1,5.8,30.77,8.1,64.0,3.4,7.4,75.0,CENTRO,3
2024-05-05 04:00:00,2.68,23.0,3.5,9.0,34.56,12.8,83.0,3.5,5.2,47.0,CENTRO,4
2024-05-05 05:00:00,2.69,15.0,3.6,16.2,37.84,20.0,82.0,3.5,4.7,22.0,CENTRO,5
2024-05-05 06:00:00,2.74,20.0,2.2,11.1,33.25,13.5,101.0,3.4,4.7,190.5,CENTRO,6
2024-05-05 07:00:00,2.77,19.0,2.7,12.5,31.0,15.5,75.0,3.4,6.4,359.0,CENTRO,7
2024-05-05 08:00:00,2.98,23.0,4.7,10.3,40.21,15.3,64.0,3.4,7.3,28.0,CENTRO,8
2024-05-05 09:00:00,2.81,21.0,8.8,15.5,39.34,24.6,88.0,3.5,8.6,81.0,CENTRO,9
2024-05-05 10:00:00,2.76,28.0,6.5,12.2,38.64,18.9,71.0,3.5,8.7,76.0,CENTRO,10
2024-05-05 11:00:00,2.74,43.0,3.5,8.6,37.6,12.4,70.0,3.5,9.1,82.0,CENTRO,11
2024-05-05 12:00:00,2.72,60.0,3.0,7.4,36.76,10.6,63.0,3.5,8.6,82.0,CENTRO,12
2024-05-05 13:00:00,2.75,74.0,2.5,6.1,36.2,8.8,62.0,3.5,9.3,62.0,CENTRO,13
2024-05-05 14:00:00,2.75,81.0,2.5,6.0,36.35,8.7,74.0,3.4,11.1,61.0,CENTRO,14
2024-05-05 15:00:00,2.74,76.0,2.5,5.3,39.22,8.0,63.0,3.5,12.8,57.0,CENTRO,15
2024-05-05 16:00:00,2.72,75.0,2.5,5.2,39.55,7.8,61.0,3.5,12.0,84.0,CENTRO,16
2024-05-05 17:00:00,2.7,72.0,2.4,4.6,37.91,7.2,60.0,3.4,11.5,105.0,CENTRO,17
2024-05-05 18:00:00,2.69,69.0,2.3,4.9,38.87,7.4,62.0,3.4,12.6,91.0,CENTRO,18
2024-05-05 19:00:00,2.71,65.0,2.3,6.4,37.51,8.9,60.0,3.5,12.0,102.0,CENTRO,19
2024-05-05 20:00:00,2.7,64.0,2.1,5.6,36.31,7.9,59.0,3.4,11.5,125.0,CENTRO,20
2024-05-05 21:00:00,2.7,47.0,2.2,8.4,33.04,10.7,61.0,3.4,16.5,81.0,CENTRO,21
2024-05-05 22:00:00,2.66,33.0,2.2,4.6,24.39,7.0,70.0,3.5,18.8,72.0,CENTRO,22
2024-05-05 23:00:00,2.64,33.0,2.1,3.2,21.46,5.5,74.0,3.5,12.2,86.0,CENTRO,23
2024-05-06 00:00:00,2.63,34.0,2.1,2.6,20.87,4.9,50.0,3.5,11.4,106.0,CENTRO,0
2024-05-06 01:00:00,2.62,34.0,2.0,2.4,22.72,4.7,58.0,3.4,9.6,100.0,CENTRO,1
2024-05-06 02:00:00,2.63,31.0,2.1,4.1,24.46,6.4,68.0,3.4,7.8,39.0,CENTRO,2
2024-05-06 03:00:00,2.62,30.0,2.0,3.0,23.97,5.3,47.0,3.4,8.1,66.0,CENTRO,3
2024-05-06 04:00:00,2.63,28.0,2.0,3.8,25.18,6.1,50.0,3.4,5.5,46.0,CENTRO,4
2024-05-06 05:00:00,2.64,21.0,2.5,10.7,26.6,13.4,79.0,3.5,4.4,54.0,CENTRO,5
2024-05-06 06:00:00,2.69,12.0,8.4,19.8,32.68,28.4,73.0,3.6,5.2,62.0,CENTRO,6
2024-05-06 07:00:00,2.76,14.0,5.6,18.6,31.5,24.5,82.0,3.5,6.3,64.0,CENTRO,7
2024-05-06 08:00:00,2.91,15.0,9.7,19.3,34.97,29.3,93.0,3.5,7.1,67.0,CENTRO,8
2024-05-06 09:00:00,3.01,16.0,14.4,22.3,42.73,36.9,94.0,3.5,7.9,58.0,CENTRO,9
2024-05-06 10:00:00,3.05,17.0,21.0,26.1,51.37,47.2,101.0,3.7,7.8,33.0,CENTRO,10
2024-05-06 11:00:00,3.04,27.0,13.5,23.3,52.12,37.1,103.0,3.5,8.3,65.0,CENTRO,11
2024-05-06 12:00:00,2.99,51.0,7.6,20.3,48.5,28.2,104.0,3.6,7.9,50.0,CENTRO,12
2024-05-06 13:00:00,2.97,80.0,4.8,18.5,47.87,23.4,97.0,3.4,8.7,60.0,CENTRO,13
2024-05-06 14:00:00,2.96,110.0,2.7,13.1,47.59,16.0,97.0,3.5,10.7,55.0,CENTRO,14
2024-05-06 15:00:00,2.89,94.0,2.8,10.9,40.91,13.9,92.0,3.4,13.2,41.0,CENTRO,15
2024-05-06 16:00:00,2.83,75.0,3.1,9.9,33.05,13.3,73.0,3.5,14.1,61.0,CENTRO,16
2024-05-06 17:00:00,2.7,66.0,2.8,7.6,28.39,10.5,72.0,3.5,14.0,121.0,CENTRO,17
2024-05-06 18:00:00,2.7,59.0,2.7,9.1,26.24,12.0,60.0,3.6,12.8,121.0,CENTRO,18
2024-05-06 19:00:00,2.75,51.0,2.5,11.9,27.83,14.5,62.0,3.6,11.1,103.0,CENTRO,19
2024-05-06 20:00:00,2.75,48.0,2.3,10.8,28.56,13.2,57.0,3.5,9.6,123.0,CENTRO,20
2024-05-06 21:00:00,2.74,48.0,2.2,9.3,30.25,11.6,64.0,3.6,9.4,114.0,CENTRO,21
2024-05-06 22:00:00,2.75,40.0,2.2,10.5,31.25,12.9,56.0,3.5,8.9,80.0,CENTRO,22
2024-05-06 23:00:00,2.76,28.0,3.0,13.6,33.26,16.8,63.0,3.5,8.3,25.0,CENTRO,23
2024-05-07 00:00:00,2.77,23.0,3.1,13.8,35.86,17.1,60.0,3.5,8.0,27.0,CENTRO,0
2024-05-07 01:00:00,2.72,28.0,2.1,5.5,31.74,7.8,63.0,3.5,7.5,35.0,CENTRO,1
2024-05-07 02:00:00,2.72,27.0,2.0,5.3,31.75,7.6,80.0,3.5,5.5,27.0,CENTRO,2
2024-05-07 03:00:00,2.7,26.0,2.1,4.9,32.04,7.2,73.0,3.4,5.6,35.0,CENTRO,3
2024-05-07 04:00:00,2.72,17.0,4.4,15.2,36.17,19.9,88.0,3.5,2.2,17.0,CENTRO,4
2024-05-07 05:00:00,2.76,10.0,5.2,22.4,38.55,27.9,89.0,3.5,1.8,249.0,CENTRO,5
2024-05-07 06:00:00,2.81,10.0,8.1,20.0,38.69,28.4,70.0,3.5,1.7,222.0,CENTRO,6
2024-05-07 07:00:00,2.86,12.0,11.5,18.6,36.51,30.5,57.0,3.5,2.2,244.0,CENTRO,7
2024-05-07 08:00:00,3.04,17.0,13.6,17.8,39.5,31.7,74.0,3.6,3.6,22.0,CENTRO,8
2024-05-07 09:00:00,3.11,26.0,16.1,29.1,40.28,45.4,118.0,3.5,4.5,57.0,CENTRO,9
2024-05-07 10:00:00,3.62,32.0,20.4,44.0,54.18,64.6,100.0,3.6,8.0,48.0,CENTRO,10
2024-05-07 11:00:00,3.13,45.0,12.6,34.7,47.21,47.5,151.0,3.5,9.8,81.0,CENTRO,11
2024-05-07 12:00:00,2.98,83.0,5.3,26.4,41.37,31.9,124.0,4.6,8.9,82.0,CENTRO,12
2024-05-07 13:00:00,2.74,117.0,3.0,16.6,35.23,19.8,107.0,6.8,9.8,87.0,CENTRO,13
2024-05-07 14:00:00,2.72,127.0,2.7,13.9,31.32,16.6,93.0,5.6,9.4,98.0,CENTRO,14
2024-05-07 15:00:00,2.81,122.0,2.6,13.0,44.91,15.7,80.0,4.7,15.7,74.0,CENTRO,15
2024-05-07 16:00:00,2.78,97.0,2.7,10.9,43.62,13.7,109.0,4.4,15.3,90.0,CENTRO,16
2024-05-07 17:00:00,2.75,84.0,2.6,9.5,37.39,12.3,97.0,4.4,15.7,114.0,CENTRO,17
2024-05-07 18:00:00,2.76,70.0,2.5,9.5,34.47,12.2,82.0,4.1,13.8,114.0,CENTRO,18
2024-05-07 19:00:00,2.79,58.0,2.4,9.9,35.61,12.5,76.0,3.8,13.5,108.0,CENTRO,19
2024-05-07 20:00:00,2.82,52.0,2.2,10.1,36.63,12.5,69.0,3.6,11.0,95.0,CENTRO,20
2024-05-07 21:00:00,2.88,40.0,2.9,10.2,45.62,13.3,63.0,3.6,11.6,75.0,CENTRO,21
2024-05-07 22:00:00,2.85,41.0,2.2,7.2,49.74,9.6,92.0,3.4,12.5,106.0,CENTRO,22
2024-05-07 23:00:00,2.81,43.0,2.1,4.9,50.24,7.2,74.0,3.4,11.2,101.0,CENTRO,23
2024-05-08 00:00:00,2.81,39.0,2.1,4.4,49.8,6.7,87.0,3.5,10.8,73.0,CENTRO,0
2024-05-08 01:00:00,2.81,28.0,2.2,6.2,45.27,8.7,75.0,3.4,8.2,37.0,CENTRO,1
2024-05-08 02:00:00,2.8,27.0,3.1,5.1,40.94,8.4,74.0,3.5,6.9,47.0,CENTRO,2
2024-05-08 03:00:00,2.77,26.0,2.7,5.9,39.76,8.9,92.0,3.5,4.2,8.0,CENTRO,3
2024-05-08 04:00:00,2.83,12.0,3.4,17.9,42.08,21.6,65.0,3.5,3.2,336.0,CENTRO,4
2024-05-08 05:00:00,2.88,12.0,5.3,16.4,42.31,22.0,86.0,3.5,3.0,35.0,CENTRO,5
2024-05-08 06:00:00,2.86,10.0,5.4,17.2,42.87,22.9,106.0,3.5,1.8,270.0,CENTRO,6
2024-05-08 07:00:00,2.98,11.0,12.7,17.0,44.39,30.0,99.0,3.5,1.8,238.0,CENTRO,7
2024-05-08 08:00:00,3.09,16.0,13.2,21.6,47.44,35.2,114.0,3.5,2.1,137.0,CENTRO,8
2024-05-08 09:00:00,3.23,29.0,15.1,29.2,50.61,44.6,107.0,3.6,4.3,91.0,CENTRO,9
2024-05-08 10:00:00,3.46,42.0,17.7,51.0,49.87,68.9,116.0,3.6,6.1,60.0,CENTRO,10
2024-05-08 11:00:00,3.45,71.0,9.4,51.7,52.4,61.2,125.0,3.6,8.4,62.0,CENTRO,11
2024-05-08 12:00:00,3.1,110.0,4.4,28.9,50.14,33.4,133.0,4.3,8.9,69.0,CENTRO,12
2024-05-08 13:00:00,2.88,138.0,2.9,17.6,42.85,20.6,135.0,5.6,9.9,71.0,CENTRO,13
2024-05-08 14:00:00,2.73,135.0,2.7,15.2,30.16,17.9,110.0,5.5,9.8,83.0,CENTRO,14
2024-05-08 15:00:00,3.05,125.0,2.6,20.1,46.57,22.9,94.0,4.2,16.1,69.0,CENTRO,15
2024-05-08 16:00:00,2.87,102.0,2.6,14.9,38.21,17.7,122.0,4.1,13.0,93.0,CENTRO,16
2024-05-08 17:00:00,2.77,94.0,2.7,12.3,31.81,15.1,80.0,4.5,11.7,95.0,CENTRO,17
2024-05-08 18:00:00,2.79,92.0,2.5,13.0,34.1,15.6,80.0,4.3,12.8,92.0,CENTRO,18
2024-05-08 19:00:00,2.8,74.0,2.4,12.1,31.94,14.6,71.0,4.1,10.4,108.0,CENTRO,19
2024-05-08 20:00:00,2.78,69.0,2.3,10.9,32.24,13.4,65.0,4.0,9.6,114.0,CENTRO,20
2024-05-08 21:00:00,2.74,62.0,2.4,12.6,29.36,15.1,61.0,4.1,6.8,61.0,CENTRO,21
2024-05-08 22:00:00,2.62,61.0,2.4,10.5,24.94,13.1,54.0,4.3,8.2,92.0,CENTRO,22
2024-05-08 23:00:00,2.58,55.0,2.3,9.7,20.88,12.2,52.0,4.3,7.5,128.0,CENTRO,23
2024-05-09 00:00:00,2.66,42.0,2.4,15.5,23.09,17.9,40.0,4.1,4.2,42.0,CENTRO,0
2024-05-09 01:00:00,2.76,26.0,2.7,26.3,31.54,29.0,54.0,4.2,3.5,259.0,CENTRO,1
2024-05-09 02:00:00,3.01,23.0,3.3,24.8,33.6,28.2,65.0,4.3,3.9,288.0,CENTRO,2
2024-05-09 03:00:00,2.86,19.0,2.5,26.8,34.48,29.4,81.0,4.5,3.5,221.0,CENTRO,3
2024-05-09 04:00:00,2.7,18.0,2.9,31.5,28.77,34.5,75.0,7.4,3.5,241.0,CENTRO,4
2024-05-09 05:00:00,2.62,22.0,2.6,23.6,23.09,26.3,86.0,6.4,3.9,249.0,CENTRO,5
2024-05-09 06:00:00,2.64,17.0,3.2,29.9,26.46,33.2,68.0,6.5,4.3,226.0,CENTRO,6
2024-05-09 07:00:00,2.7,16.0,12.6,32.6,23.18,45.3,102.0,7.7,4.7,212.0,CENTRO,7
2024-05-09 08:00:00,2.88,17.0,31.0,37.1,19.57,68.2,89.0,7.5,4.7,127.0,CENTRO,8
2024-05-09 09:00:00,3.05,23.0,35.8,44.3,21.69,80.2,73.0,8.5,5.6,76.0,CENTRO,9
2024-05-09 10:00:00,3.22,36.0,25.4,58.8,33.42,84.4,86.0,11.3,6.1,82.0,CENTRO,10
2024-05-09 11:00:00,3.08,66.0,11.3,47.1,30.06,58.5,117.0,12.6,7.5,72.0,CENTRO,11
2024-05-09 12:00:00,2.65,92.0,3.9,20.1,23.52,24.1,97.0,5.8,10.2,127.0,CENTRO,12
2024-05-09 13:00:00,2.52,90.0,3.4,14.2,15.6,17.7,89.0,4.6,11.2,116.0,CENTRO,13
2024-05-09 14:00:00,2.67,94.0,3.5,17.3,27.69,20.8,69.0,5.9,12.2,26.0,CENTRO,14
2024-05-09 15:00:00,2.81,111.0,2.9,14.8,37.43,17.7,104.0,6.4,14.7,108.0,CENTRO,15
2024-05-09 16:00:00,2.71,81.0,3.2,12.3,31.76,15.5,98.0,5.6,19.1,125.0,CENTRO,16
2024-05-09 17:00:00,2.71,69.0,3.6,12.6,28.04,16.3,81.0,5.0,14.9,106.0,CENTRO,17
2024-05-09 18:00:00,2.7,61.0,3.1,10.1,26.66,13.3,61.0,4.5,13.6,107.0,CENTRO,18
2024-05-09 19:00:00,2.75,49.0,3.1,16.7,26.49,19.7,56.0,4.2,11.5,95.0,CENTRO,19
2024-05-09 20:00:00,2.79,45.0,2.8,16.2,26.91,18.9,50.0,4.1,8.6,116.0,CENTRO,20
2024-05-09 21:00:00,2.87,42.0,2.9,21.4,27.65,24.2,56.0,4.2,6.7,97.0,CENTRO,21
2024-05-09 22:00:00,2.66,50.0,2.7,12.8,26.07,15.5,55.0,4.0,8.3,120.0,CENTRO,22
2024-05-09 23:00:00,2.65,36.0,5.9,24.3,25.04,30.2,55.0,4.0,5.8,129.0,CENTRO,23
2024-05-10 00:00:00,2.79,19.0,10.7,36.1,29.77,46.8,46.0,4.3,5.8,355.0,CENTRO,0
2024-05-10 01:00:00,2.89,20.0,8.1,32.7,39.49,40.8,69.0,5.0,6.8,20.0,CENTRO,1
2024-05-10 02:00:00,2.92,25.0,3.2,23.9,43.14,27.1,82.0,4.9,5.4,17.0,CENTRO,2
2024-05-10 03:00:00,3.03,18.0,3.0,30.7,48.27,33.7,80.0,4.6,4.5,359.0,CENTRO,3
2024-05-10 04:00:00,3.03,16.0,2.9,33.0,54.65,35.9,92.0,4.5,4.9,44.0,CENTRO,4
2024-05-10 05:00:00,2.84,35.0,2.5,15.1,52.03,17.7,97.0,4.5,3.3,7.0,CENTRO,5
2024-05-10 06:00:00,2.88,27.0,2.8,26.4,54.83,29.2,84.0,4.7,6.6,5.0,CENTRO,6
2024-05-10 07:00:00,3.34,19.0,6.0,28.3,60.7,34.4,100.0,4.1,7.2,357.0,CENTRO,7
2024-05-10 08:00:00,3.34,29.0,6.6,21.6,64.52,28.5,106.0,3.8,8.9,4.0,CENTRO,8
2024-05-10 09:00:00,3.08,43.0,6.5,19.5,63.51,26.3,100.0,3.6,8.0,20.0,CENTRO,9
2024-05-10 10:00:00,3.02,56.0,4.8,14.6,61.9,19.5,104.0,3.6,9.2,52.0,CENTRO,10
2024-05-10 11:00:00,3.0,70.0,4.2,13.6,61.66,17.9,104.0,3.6,10.0,48.0,CENTRO,11
2024-05-10 12:00:00,2.93,78.0,3.3,10.0,55.23,13.4,101.0,3.6,11.0,30.0,CENTRO,12
2024-05-10 13:00:00,3.05,108.0,3.0,11.7,64.83,14.8,86.0,3.6,12.8,62.0,CENTRO,13
2024-05-10 14:00:00,3.0,86.0,2.9,9.1,68.42,12.1,103.0,3.6,15.8,73.0,CENTRO,14
2024-05-10 15:00:00,2.98,62.0,3.2,8.6,69.76,12.0,103.0,3.6,16.6,97.0,CENTRO,15
2024-05-10 16:00:00,2.93,57.0,2.8,6.0,58.0,9.0,95.0,3.5,15.5,122.0,CENTRO,16
2024-05-10 17:00:00,2.91,54.0,2.8,6.4,53.0,9.4,83.0,3.5,16.5,115.0,CENTRO,17
2024-05-10 18:00:00,2.91,52.0,2.7,7.6,51.0,10.4,85.0,3.6,13.5,99.0,CENTRO,18
2024-05-10 19:00:00,2.93,48.0,3.2,9.2,52.0,12.5,67.0,3.5,14.9,82.0,CENTRO,19
2024-05-10 20:00:00,3.19,48.0,2.9,7.4,54.0,10.5,83.0,3.6,16.2,81.0,CENTRO,20
2024-05-10 21:00:00,3.16,49.0,2.9,7.1,59.0,10.2,83.0,3.6,12.1,97.0,CENTRO,21
2024-05-10 22:00:00,3.14,47.0,2.7,7.3,62.0,10.2,81.0,3.6,14.8,73.0,CENTRO,22
2024-05-10 23:00:00,3.05,45.0,2.7,7.4,62.0,10.2,95.0,3.5,14.0,64.0,CENTRO,23
2024-05-11 00:00:00,2.96,42.0,2.4,5.8,61.0,8.6,86.0,3.5,17.3,54.0,CENTRO,0
2024-05-11 01:00:00,2.95,39.0,2.2,4.4,62.0,7.0,104.0,3.5,12.0,78.0,CENTRO,1
2024-05-11 02:00:00,2.94,36.0,2.2,4.0,56.0,6.7,89.0,3.4,12.8,62.0,CENTRO,2
2024-05-11 03:00:00,2.92,37.0,2.2,3.7,60.0,6.4,66.0,3.4,12.6,60.0,CENTRO,3
2024-05-11 04:00:00,2.91,35.0,2.3,5.4,61.0,8.0,78.0,3.4,11.4,51.0,CENTRO,4
2024-05-11 05:00:00,2.92,38.0,2.2,3.9,59.0,6.5,83.0,3.5,11.5,61.0,CENTRO,5
2024-05-11 06:00:00,2.92,41.0,2.2,4.8,65.0,7.4,79.0,3.5,11.2,49.0,CENTRO,6
2024-05-11 07:00:00,2.93,41.0,2.3,6.5,65.0,9.2,87.0,3.5,11.7,63.0,CENTRO,7
2024-05-11 08:00:00,2.98,35.0,2.6,10.9,64.0,13.9,94.0,3.4,11.0,64.0,CENTRO,8
2024-05-11 09:00:00,2.98,34.0,2.8,10.9,57.0,14.1,75.0,3.4,10.6,56.0,CENTRO,9
2024-05-11 10:00:00,3.09,29.0,3.7,15.7,60.0,19.7,86.0,3.4,9.1,65.0,CENTRO,10
2024-05-11 11:00:00,3.09,31.0,4.3,16.0,57.0,20.6,83.0,3.4,9.7,73.0,CENTRO,11
2024-05-11 12:00:00,3.0,40.0,3.6,10.6,58.0,14.7,78.0,3.4,10.2,79.0,CENTRO,12
2024-05-11 13:00:00,2.93,42.0,3.3,7.2,51.0,10.9,84.0,3.5,12.0,67.0,CENTRO,13
2024-05-11 14:00:00,2.96,37.0,3.2,8.9,36.0,12.5,73.0,3.4,11.5,66.0,CENTRO,14
2024-05-11 15:00:00,2.96,33.0,3.1,10.5,38.0,14.0,75.0,3.4,7.1,92.0,CENTRO,15
2024-05-11 16:00:00,2.9,35.0,2.8,7.6,23.0,10.8,56.0,3.4,7.6,109.0,CENTRO,16
2024-05-11 17:00:00,2.87,39.0,2.8,5.7,33.0,8.8,33.0,3.4,10.0,111.0,CENTRO,17
2024-05-11 18:00:00,2.87,38.0,2.6,5.0,32.0,7.9,55.0,3.4,12.1,104.0,CENTRO,18
2024-05-11 19:00:00,2.88,37.0,2.5,5.6,27.0,8.3,50.0,3.4,12.3,113.0,CENTRO,19
2024-05-11 20:00:00,2.87,36.0,2.4,5.6,40.0,8.2,58.0,3.3,11.3,115.0,CENTRO,20
2024-05-11 21:00:00,2.87,36.0,2.3,5.8,41.0,8.4,75.0,3.4,10.3,102.0,CENTRO,21
2024-05-11 22:00:00,2.93,32.0,2.4,10.0,48.0,12.6,56.0,3.4,7.8,81.0,CENTRO,22
2024-05-11 23:00:00,2.94,30.0,2.4,11.0,50.0,13.6,86.0,3.5,10.2,73.0,CENTRO,23
2024-05-12 00:00:00,2.88,35.0,2.3,5.4,48.0,8.0,62.0,3.4,10.3,103.0,CENTRO,0
2024-05-12 01:00:00,2.82,32.0,2.3,6.3,42.0,8.9,82.0,3.5,10.7,61.0,CENTRO,1
2024-05-12 02:00:00,2.8,26.0,2.7,6.8,36.0,9.8,60.0,3.4,8.6,54.0,CENTRO,2
2024-05-12 03:00:00,2.79,18.0,4.8,12.2,37.0,17.3,75.0,3.4,6.4,58.0,CENTRO,3
2024-05-12 04:00:00,2.75,17.0,2.7,13.1,26.0,16.1,68.0,3.4,5.4,70.0,CENTRO,4
2024-05-12 05:00:00,2.72,22.0,2.2,7.1,27.0,9.7,64.0,3.4,7.5,72.0,CENTRO,5
2024-05-12 06:00:00,2.77,17.0,4.6,12.4,33.0,17.3,65.0,3.4,5.7,42.0,CENTRO,6
2024-05-12 07:00:00,2.76,17.0,3.3,12.9,40.0,16.4,75.0,3.4,5.1,53.0,CENTRO,7
2024-05-12 08:00:00,2.8,17.0,4.2,12.6,41.0,17.1,81.0,3.4,5.4,67.0,CENTRO,8
2024-05-12 09:00:00,2.83,19.0,6.0,13.9,40.0,20.3,85.0,3.4,5.4,33.0,CENTRO,9
2024-05-12 10:00:00,3.01,21.0,7.4,13.1,44.0,20.8,88.0,3.45,6.3,58.0,CENTRO,10
2024-05-12 11:00:00,2.98,25.0,9.3,14.5,45.0,24.1,94.0,3.5,5.6,78.0,CENTRO,11
2024-05-12 12:00:00,2.98,36.0,9.3,16.5,52.0,26.1,83.0,3.6,7.7,102.0,CENTRO,12
2024-05-12 13:00:00,2.94,61.0,4.1,11.4,52.0,15.7,90.0,3.4,8.6,88.0,CENTRO,13
2024-05-12 14:00:00,2.92,87.0,2.7,8.4,49.0,11.3,86.0,3.4,9.7,75.0,CENTRO,14
2024-05-12 15:00:00,2.91,92.0,2.6,8.0,50.0,10.8,80.0,3.5,10.0,55.0,CENTRO,15
2024-05-12 16:00:00,2.88,77.0,2.6,7.0,46.0,9.8,78.0,3.4,10.4,102.0,CENTRO,16
2024-05-12 17:00:00,2.89,72.0,2.4,7.3,41.0,9.9,73.0,3.4,10.7,85.0,CENTRO,17
2024-05-12 18:00:00,2.95,69.0,2.4,8.8,46.0,11.3,84.0,3.5,7.3,91.0,CENTRO,18
2024-05-12 19:00:00,3.04,54.0,2.4,15.4,46.0,18.1,85.0,3.5,3.7,42.0,CENTRO,19
2024-05-12 20:00:00,3.12,43.0,2.3,21.5,51.0,24.1,74.0,3.5,5.9,98.0,CENTRO,20
2024-05-12 21:00:00,3.0,50.0,2.2,10.0,44.0,12.5,92.0,3.4,6.3,78.0,CENTRO,21
2024-05-12 22:00:00,3.07,43.0,2.2,13.1,47.0,15.6,69.0,3.4,4.0,68.0,CENTRO,22
2024-05-12 23:00:00,3.06,36.0,2.3,12.4,46.0,14.9,85.0,3.5,4.4,136.0,CENTRO,23
2024-05-13 00:00:00,3.02,31.0,2.3,11.1,44.0,13.6,80.0,3.4,2.0,248.0,CENTRO,0
2024-05-13 01:00:00,2.99,33.0,2.3,11.2,42.0,13.7,70.0,3.5,2.7,42.0,CENTRO,1
2024-05-13 02:00:00,2.87,37.0,2.3,8.0,37.0,10.5,61.0,3.5,3.5,63.0,CENTRO,2
2024-05-13 03:00:00,2.99,30.0,2.3,11.5,39.0,14.0,62.0,3.5,4.1,330.0,CENTRO,3
2024-05-13 04:00:00,2.99,23.0,2.3,14.6,43.0,17.1,73.0,3.4,2.9,337.0,CENTRO,4
2024-05-13 05:00:00,2.98,18.0,2.3,16.1,44.0,18.5,83.0,3.5,3.2,257.0,CENTRO,5
2024-05-13 06:00:00,3.01,14.0,3.9,17.4,44.0,21.5,75.0,3.4,2.8,233.0,CENTRO,6
2024-05-13 07:00:00,3.19,12.0,10.0,20.8,51.666666666666664,31.1,91.0,3.5,3.2,197.0,CENTRO,7
2024-05-13 08:00:00,3.65,12.0,45.8,28.9,59.333333333333336,75.0,103.0,3.6,4.3,65.0,CENTRO,8
2024-05-13 09:00:00,3.88,14.0,53.3,38.4,67.0,92.1,139.0,3.8,4.7,57.0,CENTRO,9
2024-05-13 10:00:00,4.09,33.0,23.1,45.6,70.0,68.9,163.0,3.7,6.8,36.0,CENTRO,10
2024-05-13 11:00:00,3.37,51.0,11.5,36.4,54.36,48.0,171.0,3.9,7.8,114.0,CENTRO,11
2024-05-13 12:00:00,2.34,60.0,3.8,6.4,6.6,10.2,125.0,3.8,12.9,311.0,CENTRO,12
2024-05-13 13:00:00,2.33,61.0,3.7,5.8,8.06,9.6,54.0,3.8,17.1,304.0,CENTRO,13
2024-05-13 14:00:00,2.35,61.0,3.9,6.8,8.09,10.8,43.0,3.7,14.7,303.0,CENTRO,14
2024-05-13 15:00:00,2.35,62.0,3.6,6.3,6.92,10.0,39.0,3.6,14.8,307.0,CENTRO,15
2024-05-13 16:00:00,2.36,62.0,3.6,6.4,6.52,10.1,38.0,3.6,16.2,305.0,CENTRO,16
2024-05-13 17:00:00,1.9,48.0,2.9,6.1,6.36,9.1,29.0,2.9,11.4,302.0,CENTRO,17
2024-05-13 18:00:00,2.34,61.0,3.4,7.1,5.91,10.6,41.0,3.5,14.1,307.0,CENTRO,18
2024-05-13 19:00:00,2.52,55.0,3.3,10.8,15.66,14.2,31.0,3.7,13.9,329.0,CENTRO,19
2024-05-13 20:00:00,2.8,47.0,2.8,10.9,35.1,13.8,152.0,3.7,12.9,9.0,CENTRO,20
2024-05-13 21:00:00,2.73,45.0,2.6,12.8,30.02,15.5,130.0,3.7,10.5,35.0,CENTRO,21
2024-05-13 22:00:00,2.68,47.0,2.6,13.8,26.94,16.5,73.0,4.0,8.7,27.0,CENTRO,22
2024-05-13 23:00:00,2.63,50.0,3.4,12.1,22.91,15.6,56.0,4.1,7.7,358.0,CENTRO,23
2024-05-14 00:00:00,2.82,45.0,2.6,11.8,26.75,14.5,55.0,4.0,7.4,348.0,CENTRO,0
2024-05-14 01:00:00,2.71,43.0,2.4,8.8,26.45,11.3,59.0,3.8,6.7,105.0,CENTRO,1
2024-05-14 02:00:00,2.68,38.0,2.5,9.8,25.68,12.4,57.0,3.7,3.9,212.0,CENTRO,2
2024-05-14 03:00:00,2.74,35.0,2.4,10.9,26.96,13.4,54.0,3.7,4.8,42.0,CENTRO,3
2024-05-14 04:00:00,2.78,26.0,2.4,16.6,30.72,19.2,55.0,3.6,3.0,43.0,CENTRO,4
2024-05-14 05:00:00,2.84,19.0,4.55,20.0,32.84,22.6,72.0,3.6,2.4,299.0,CENTRO,5
2024-05-14 06:00:00,2.91,12.0,6.7,30.2,36.98,37.1,80.0,3.6,6.0,34.0,CENTRO,6
2024-05-14 07:00:00,2.92,20.0,5.3,24.1,35.19,29.6,97.0,3.7,7.1,52.0,CENTRO,7
2024-05-14 08:00:00,3.01,20.0,17.6,32.4,38.16,50.2,82.0,3.9,6.2,3.0,CENTRO,8
2024-05-14 09:00:00,3.15,33.0,13.3,32.1,38.64,45.6,101.0,4.2,4.4,6.0,CENTRO,9
2024-05-14 10:00:00,3.15,46.0,13.7,35.1,38.67,48.9,89.0,4.8,8.1,42.0,CENTRO,10
2024-05-14 11:00:00,3.0,94.0,5.8,24.9,34.27,30.8,93.0,5.2,12.5,57.0,CENTRO,11
2024-05-14 12:00:00,2.82,78.0,3.8,11.9,30.5,15.8,88.0,4.6,17.6,60.0,CENTRO,12
2024-05-14 13:00:00,2.76,79.0,3.2,8.7,32.06,12.1,80.0,5.3,18.2,73.0,CENTRO,13
2024-05-14 14:00:00,2.74,65.0,3.4,7.4,27.46,10.9,70.0,5.8,14.2,90.0,CENTRO,14
2024-05-14 15:00:00,2.69,61.0,3.2,5.6,24.89,9.0,52.0,4.9,12.8,113.0,CENTRO,15
2024-05-14 16:00:00,2.71,59.0,3.3,5.7,25.27,9.2,41.0,4.3,16.5,102.0,CENTRO,16
2024-05-14 17:00:00,2.73,55.0,3.5,7.3,26.38,10.9,50.0,4.0,15.8,85.0,CENTRO,17
2024-05-14 18:00:00,2.71,54.0,3.3,7.9,26.79,11.3,56.0,3.9,17.5,120.0,CENTRO,18
2024-05-14 19:00:00,2.66,60.0,3.0,8.1,20.72,11.1,58.0,3.9,17.9,113.0,CENTRO,19
2024-05-14 20:00:00,2.64,62.0,2.7,6.7,17.79,9.4,49.0,3.8,16.2,114.0,CENTRO,20
2024-05-14 21:00:00,2.72,57.0,2.6,6.4,21.89,9.1,47.0,3.7,15.9,129.0,CENTRO,21
2024-05-14 22:00:00,2.7,58.0,2.5,4.6,22.45,7.2,53.0,3.7,16.4,113.0,CENTRO,22
2024-05-14 23:00:00,2.65,58.0,2.5,4.6,20.54,7.2,48.0,3.7,15.9,103.0,CENTRO,23
2024-05-15 00:00:00,2.61,54.0,2.466666666666667,7.6,19.16,10.1,46.0,3.6,14.2,95.0,CENTRO,0
2024-05-15 01:00:00,2.61,56.0,2.433333333333333,5.6,18.81,8.2,44.0,3.6,11.9,99.0,CENTRO,1
2024-05-15 02:00:00,2.61,58.0,2.4,2.6,20.3,5.2,45.0,3.6,17.6,115.0,CENTRO,2
2024-05-15 03:00:00,2.64,51.0,2.4,5.2,21.82,7.7,43.0,3.6,12.2,61.0,CENTRO,3
2024-05-15 04:00:00,2.74,24.0,2.9,21.3,29.36,24.4,44.0,3.6,12.4,14.0,CENTRO,4
2024-05-15 05:00:00,2.79,23.0,3.5,19.4,30.52,23.1,60.0,3.8,9.3,3.0,CENTRO,5
2024-05-15 06:00:00,2.82,22.0,2.6,17.3,32.96,20.2,66.0,3.7,7.7,360.0,CENTRO,6
2024-05-15 07:00:00,2.87,25.0,3.5,12.6,32.99,16.4,64.0,3.7,8.5,356.0,CENTRO,7
2024-05-15 08:00:00,2.98,22.0,9.1,17.2,37.13,26.6,67.0,3.6,6.1,2.0,CENTRO,8
2024-05-15 09:00:00,3.06,18.0,27.9,26.1,44.94,54.2,75.0,3.8,5.7,9.0,CENTRO,9
2024-05-15 10:00:00,3.01,29.0,7.6,18.0,42.85,25.8,92.0,3.8,8.1,35.0,CENTRO,10
2024-05-15 11:00:00,2.96,36.0,7.9,17.7,42.66,25.8,83.0,3.8,8.5,37.0,CENTRO,11
2024-05-15 12:00:00,2.92,45.0,6.6,15.8,41.8,22.6,80.0,3.8,7.4,52.0,CENTRO,12
2024-05-15 13:00:00,2.89,62.0,3.6,8.1,38.22,11.8,79.0,3.8,9.4,56.0,CENTRO,13
2024-05-15 14:00:00,2.87,59.0,3.4,6.4,37.41,9.9,70.0,3.6,12.8,52.0,CENTRO,14
2024-05-15 15:00:00,2.82,55.0,2.9,4.7,34.36,7.8,69.0,3.7,14.7,116.0,CENTRO,15
2024-05-15 16:00:00,2.86,55.0,2.9,5.3,38.32,8.3,67.0,3.6,13.1,109.0,CENTRO,16
2024-05-15 17:00:00,2.88,56.0,3.0,5.9,39.7,9.0,64.0,3.6,15.3,118.0,CENTRO,17
2024-05-15 18:00:00,2.89,55.0,2.8,6.4,41.36,9.3,71.0,3.6,14.7,114.0,CENTRO,18
2024-05-15 19:00:00,2.94,52.0,2.8,9.2,42.76,12.2,67.0,3.7,13.7,111.0,CENTRO,19
2024-05-15 20:00:00,2.91,51.0,2.5,9.3,43.53,11.9,74.0,3.5,13.7,98.0,CENTRO,20
2024-05-15 21:00:00,2.94,46.0,2.5,8.7,46.16,11.3,74.0,3.5,12.6,83.0,CENTRO,21
2024-05-15 22:00:00,2.91,44.0,2.4,5.7,47.13,8.3,77.0,3.5,15.0,93.0,CENTRO,22
2024-05-15 23:00:00,2.93,37.0,2.4,5.3,49.0,7.9,87.0,3.6,14.6,75.0,CENTRO,23
2024-05-16 00:00:00,2.93,34.0,2.2,4.6,48.55,7.0,88.0,3.6,12.9,75.0,CENTRO,0
2024-05-16 01:00:00,2.91,34.0,2.1,3.5,48.61,6.0,86.0,3.5,11.2,64.0,CENTRO,1
2024-05-16 02:00:00,2.91,33.0,2.1,3.5,47.28,5.9,94.0,3.5,8.3,52.0,CENTRO,2
2024-05-16 03:00:00,2.9,32.0,2.066666666666667,3.2,49.07,5.6,82.0,3.5,8.9,45.0,CENTRO,3
2024-05-16 04:00:00,2.87,33.0,2.033333333333333,2.6,49.79,5.0,80.0,3.5,8.4,59.0,CENTRO,4
2024-05-16 05:00:00,2.88,35.0,2.0,2.9,49.01,5.3,88.0,3.4,6.6,46.0,CENTRO,5
2024-05-16 06:00:00,2.88,30.0,2.2,7.3,50.03,9.8,79.0,3.5,4.8,46.0,CENTRO,6
2024-05-16 07:00:00,2.99,16.0,5.3,21.0,54.42,26.7,89.0,3.5,4.1,59.0,CENTRO,7
2024-05-16 08:00:00,3.1,20.0,8.0,18.1,53.28,26.5,93.0,3.5,4.7,21.0,CENTRO,8
2024-05-16 09:00:00,3.27,27.0,7.2,15.9,56.97,23.4,97.0,3.6,5.2,15.0,CENTRO,9
2024-05-16 10:00:00,3.29,39.0,7.4,17.2,61.59,25.0,99.0,3.5,5.3,2.0,CENTRO,10
2024-05-16 11:00:00,3.11,60.0,5.2,15.7,61.5269696969697,21.1,109.0,3.6,6.8,347.0,CENTRO,11
2024-05-16 12:00:00,3.28,83.0,5.4,24.7,61.4639393939394,30.2,100.0,3.6,11.6,88.0,CENTRO,12
2024-05-16 13:00:00,2.99,104.0,3.0,14.1,61.400909090909096,17.2,111.0,4.0,12.9,92.0,CENTRO,13
2024-05-16 14:00:00,2.92,113.0,2.9,12.7,61.33787878787879,15.7,113.0,4.2,10.8,59.0,CENTRO,14
2024-05-16 15:00:00,2.76,105.0,2.9,11.6,20.25,14.6,92.0,4.6,9.8,109.0,CENTRO,15
2024-05-16 16:00:00,2.96,105.0,2.8666666666666667,16.0,19.0,19.0,78.0,4.1,11.6,72.0,CENTRO,16
2024-05-16 17:00:00,2.98,109.0,2.833333333333333,13.8,17.744999999999997,16.8,90.0,3.7,12.2,90.0,CENTRO,17
2024-05-16 18:00:00,2.98,108.0,2.8,12.7,17.0,15.5,87.0,3.7,11.8,93.0,CENTRO,18
2024-05-16 19:00:00,2.96,102.0,2.5,11.4,16.525,14.0,88.0,3.7,11.4,114.0,CENTRO,19
2024-05-16 20:00:00,2.95,98.0,2.4,12.0,16.0,14.4,87.0,3.7,11.0,115.0,CENTRO,20
2024-05-16 21:00:00,2.91,90.0,2.5,15.3,16.31,17.9,81.0,3.7,9.4,91.0,CENTRO,21
2024-05-16 22:00:00,2.97,69.0,2.5,21.1,16.29,23.5,77.0,3.8,5.8,66.0,CENTRO,22
2024-05-16 23:00:00,2.81,59.0,2.4499999999999997,9.3,16.08,11.8,79.0,3.7,8.6,55.0,CENTRO,23
2024-05-17 00:00:00,2.91,39.0,2.4,10.3,16.0,12.8,69.0,3.6,8.3,57.0,CENTRO,0
2024-05-17 01:00:00,3.01,29.0,2.6,14.4,16.0,17.2,87.0,3.6,5.0,11.0,CENTRO,1
2024-05-17 02:00:00,3.01,25.0,2.6,15.6,16.54,18.5,98.0,3.6,5.9,4.0,CENTRO,2
2024-05-17 03:00:00,2.97,24.0,2.4000000000000004,14.6,16.8,17.4,78.0,3.5,9.6,31.0,CENTRO,3
2024-05-17 04:00:00,2.93,33.0,2.2,3.9,17.91,6.3,101.0,3.5,11.7,80.0,CENTRO,4
2024-05-17 05:00:00,2.9,36.0,2.2,3.0,18.58,5.4,76.0,3.5,10.9,90.0,CENTRO,5
2024-05-17 06:00:00,3.01,31.0,2.4,8.8,19.46,11.3,73.0,3.5,14.4,20.0,CENTRO,6
2024-05-17 07:00:00,3.04,29.0,2.6,14.6,20.869999999999997,17.5,63.0,3.5,10.7,57.0,CENTRO,7
2024-05-17 08:00:00,2.92,24.0,4.8,19.1,22.875,24.2,51.0,3.5,9.8,65.0,CENTRO,8
2024-05-17 09:00:00,2.84,22.0,8.0,22.6,24.189999999999998,30.9,58.0,3.7,8.1,60.0,CENTRO,9
2024-05-17 10:00:00,2.98,20.0,7.5,25.3,24.855,33.0,70.0,3.7,5.4,134.0,CENTRO,10
2024-05-17 11:00:00,3.08,22.0,9.3,26.1,27.284999999999997,35.5,70.0,3.7,5.0,157.0,CENTRO,11
2024-05-17 12:00:00,3.24,26.0,15.2,29.4,27.89,44.7,73.0,3.7,6.4,158.0,CENTRO,12
2024-05-17 13:00:00,3.14,47.0,9.3,24.8,25.137999999999998,34.1,80.0,3.7,8.2,116.0,CENTRO,13
2024-05-17 14:00:00,2.89,63.0,4.2,14.6,21.83,18.8,84.0,3.7,10.3,89.0,CENTRO,14
2024-05-17 15:00:00,2.87,65.0,3.7,12.7,20.25,16.4,72.0,3.6,9.1,69.0,CENTRO,15
2024-05-17 16:00:00,2.92,72.0,3.3,12.0,19.0,15.4,59.0,3.6,11.0,66.0,CENTRO,16
2024-05-17 17:00:00,2.91,77.0,3.0,10.3,17.744999999999997,13.4,67.0,3.5,11.4,109.0,CENTRO,17
2024-05-17 18:00:00,2.91,69.0,3.0,10.5,17.0,13.5,66.0,3.6,12.3,119.0,CENTRO,18
2024-05-17 19:00:00,2.89,58.0,2.8,9.7,16.525,12.6,67.0,3.5,13.2,124.0,CENTRO,19
2024-05-17 20:00:00,2.86,50.0,2.4,8.2,16.0,10.8,64.0,3.5,14.8,114.0,CENTRO,20
2024-05-17 21:00:00,2.83,49.0,2.4,7.5,16.31,10.1,55.0,3.5,12.7,104.0,CENTRO,21
2024-05-17 22:00:00,2.84,47.0,2.3,6.8,16.29,9.3,56.0,3.4,10.1,118.0,CENTRO,22
2024-05-17 23:00:00,2.84,44.0,2.3,8.0,16.08,10.5,48.0,3.5,8.5,76.0,CENTRO,23
2024-05-18 00:00:00,2.82,43.0,2.25,8.3,16.0,10.8,55.0,3.5,7.5,65.0,CENTRO,0
2024-05-18 01:00:00,2.83,42.0,2.2,8.8,16.0,11.2,52.0,3.5,6.9,62.0,CENTRO,1
2024-05-18 02:00:00,2.83,43.0,2.2,6.7,16.54,9.1,48.0,3.4,6.2,77.0,CENTRO,2
2024-05-18 03:00:00,2.78,44.0,2.1,4.9,16.8,7.3,50.0,3.4,6.1,85.0,CENTRO,3
2024-05-18 04:00:00,2.8,43.0,2.1,5.4,17.91,7.8,50.0,3.5,4.9,48.0,CENTRO,4
2024-05-18 05:00:00,2.79,40.0,2.1999999999999997,4.8,18.58,7.2,45.0,3.5,2.0,204.0,CENTRO,5
2024-05-18 06:00:00,2.79,34.0,2.3,9.3,19.46,11.8,45.0,3.4,3.1,218.0,CENTRO,6
2024-05-18 07:00:00,2.98,24.0,3.7,18.5,20.869999999999997,22.5,48.0,3.5,4.6,13.0,CENTRO,7
2024-05-18 08:00:00,3.1,24.0,8.9,24.2,22.875,33.4,58.0,3.6,5.7,24.0,CENTRO,8
2024-05-18 09:00:00,3.1,32.0,10.6,24.2,24.189999999999998,35.0,67.0,3.6,5.5,32.0,CENTRO,9
2024-05-18 10:00:00,3.13,50.0,7.5,22.2,24.855,29.9,76.0,3.7,5.0,55.0,CENTRO,10
2024-05-18 11:00:00,3.1,70.0,5.7,21.0,27.284999999999997,26.7,83.0,3.6,5.6,12.0,CENTRO,11
2024-05-18 12:00:00,3.1,66.0,12.0,39.8,27.89,51.7,82.0,4.2,8.4,46.0,CENTRO,12
2024-05-18 13:00:00,2.97,106.0,4.1,19.9,25.137999999999998,23.9,90.0,4.8,10.5,47.0,CENTRO,13
2024-05-18 14:00:00,2.74,99.0,3.0,9.0,21.83,11.9,80.0,5.0,11.1,73.0,CENTRO,14
2024-05-18 15:00:00,2.64,96.0,3.0,7.7,20.25,10.6,59.0,4.4,13.3,80.0,CENTRO,15
2024-05-18 16:00:00,2.66,95.0,2.9,6.7,19.0,9.5,61.0,6.7,13.1,73.0,CENTRO,16
2024-05-18 17:00:00,2.63,86.0,2.9,5.9,17.744999999999997,8.7,65.0,9.7,12.6,71.0,CENTRO,17
2024-05-18 18:00:00,2.58,74.0,2.8,5.3,17.0,8.0,58.0,7.6,11.3,123.0,CENTRO,18
2024-05-18 19:00:00,2.68,62.0,2.9,7.5,16.525,10.1,49.0,4.7,13.3,99.0,CENTRO,19
2024-05-18 20:00:00,2.76,58.0,2.7,9.8,16.0,12.4,56.0,4.1,17.0,71.0,CENTRO,20
2024-05-18 21:00:00,2.77,57.0,2.7,8.7,16.31,11.3,60.0,3.9,13.2,83.0,CENTRO,21
2024-05-18 22:00:00,2.78,57.0,2.6,7.3,16.29,9.8,58.0,3.8,13.3,89.0,CENTRO,22
2024-05-18 23:00:00,2.81,62.0,2.6,6.8,16.08,9.3,60.0,4.1,10.4,104.0,CENTRO,23
2024-05-19 00:00:00,2.78,57.0,2.5,5.9,16.0,8.3,58.0,3.9,11.8,103.0,CENTRO,0
2024-05-19 01:00:00,2.78,54.0,2.5,3.9,16.0,6.3,55.0,3.8,10.4,100.0,CENTRO,1
2024-05-19 02:00:00,2.84,44.0,2.4,5.9,16.54,8.3,65.0,3.6,9.0,75.0,CENTRO,2
2024-05-19 03:00:00,2.84,39.0,2.2,4.7,16.8,7.2,84.0,3.6,8.7,66.0,CENTRO,3
2024-05-19 04:00:00,2.86,34.0,2.1,3.8,17.91,6.3,86.0,3.5,9.5,49.0,CENTRO,4
2024-05-19 05:00:00,2.89,32.0,2.1,3.9,18.58,6.3,90.0,3.6,7.5,46.0,CENTRO,5
2024-05-19 06:00:00,2.89,30.0,2.35,5.4,19.46,7.8,82.0,3.5,6.6,51.0,CENTRO,6
2024-05-19 07:00:00,2.91,27.0,2.6,8.6,20.869999999999997,11.5,77.0,3.5,6.8,63.0,CENTRO,7
2024-05-19 08:00:00,2.95,22.0,7.7,15.9,22.875,23.9,82.0,3.5,4.4,42.0,CENTRO,8
2024-05-19 09:00:00,2.98,35.0,5.3,11.6,24.189999999999998,17.2,91.0,3.5,4.7,17.0,CENTRO,9
2024-05-19 10:00:00,3.06,33.0,14.5,23.0,24.855,37.7,82.0,3.5,8.6,46.0,CENTRO,10
2024-05-19 11:00:00,2.97,61.0,3.7,9.8,27.284999999999997,13.6,91.0,3.6,11.2,40.0,CENTRO,11
2024-05-19 12:00:00,2.89,60.0,3.2,5.9,27.89,8.9,85.0,3.5,14.0,50.0,CENTRO,12
2024-05-19 13:00:00,2.82,60.0,3.1,4.5,25.137999999999998,7.4,68.0,3.6,16.3,56.0,CENTRO,13
2024-05-19 14:00:00,2.68,63.0,3.0,3.8,21.83,6.6,65.0,3.8,14.4,60.0,CENTRO,14
2024-05-19 15:00:00,2.66,63.0,3.3,4.6,20.25,7.8,58.0,3.8,14.9,70.0,CENTRO,15
2024-05-19 16:00:00,2.65,64.0,3.0,4.4,19.0,7.3,52.0,4.0,15.6,66.0,CENTRO,16
2024-05-19 17:00:00,2.6,64.0,3.0,4.1,17.744999999999997,6.9,49.0,4.1,14.8,80.0,CENTRO,17
2024-05-19 18:00:00,2.6,61.0,2.9,3.7,17.0,6.4,46.0,3.9,12.1,110.0,CENTRO,18
2024-05-19 19:00:00,2.6,59.0,2.9,5.0,16.525,7.6,40.0,3.7,12.4,89.0,CENTRO,19
2024-05-19 20:00:00,2.65,56.0,2.8499999999999996,6.6,16.0,9.1,44.0,4.1,13.2,82.0,CENTRO,20
2024-05-19 21:00:00,2.68,55.0,2.8,7.7,16.31,10.2,43.0,4.6,13.0,97.0,CENTRO,21
2024-05-19 22:00:00,2.66,64.0,2.7,5.6,16.29,8.1,48.0,4.0,15.0,85.0,CENTRO,22
2024-05-19 23:00:00,2.72,54.0,2.7,5.7,16.08,8.2,49.0,4.0,12.1,94.0,CENTRO,23
2024-05-20 00:00:00,2.83,42.0,2.5,4.3,16.0,6.7,61.0,3.8,14.2,94.0,CENTRO,0
2024-05-20 01:00:00,2.85,40.0,2.4,3.0,16.0,5.4,69.0,3.7,11.7,95.0,CENTRO,1
2024-05-20 02:00:00,2.88,39.0,2.3,2.3,16.54,4.7,76.0,3.6,13.2,85.0,CENTRO,2
2024-05-20 03:00:00,2.9,38.0,2.1,2.3,16.8,4.6,76.0,3.4,10.7,70.0,CENTRO,3
2024-05-20 04:00:00,2.93,37.0,2.1,2.6,17.91,4.9,79.0,3.6,9.8,48.0,CENTRO,4
2024-05-20 05:00:00,2.95,35.0,2.0,2.9,18.58,5.2,85.0,3.5,7.9,53.0,CENTRO,5
2024-05-20 06:00:00,2.97,31.0,2.1,5.6,19.46,8.0,90.0,3.6,6.2,59.0,CENTRO,6
2024-05-20 07:00:00,3.02,26.0,2.7,10.7,20.869999999999997,13.8,88.0,3.6,3.2,40.0,CENTRO,7
2024-05-20 08:00:00,3.07,27.0,4.4,11.9,22.875,16.6,88.0,3.6,3.9,33.0,CENTRO,8
2024-05-20 09:00:00,3.15,25.0,8.9,17.4,24.189999999999998,26.5,85.0,3.6,5.7,9.0,CENTRO,9
2024-05-20 10:00:00,3.21,40.0,8.1,17.2,24.855,25.5,107.0,3.6,5.8,14.0,CENTRO,10
2024-05-20 11:00:00,3.43,52.0,9.7,28.8,27.284999999999997,38.5,101.0,3.6,7.2,37.0,CENTRO,11
2024-05-20 12:00:00,3.26,75.0,7.4,31.8,27.89,39.2,128.0,3.7,8.6,30.0,CENTRO,12
2024-05-20 13:00:00,3.17,108.0,3.9,19.8,25.137999999999998,23.5,138.0,3.7,10.5,57.0,CENTRO,13
2024-05-20 14:00:00,3.1,99.0,2.7,11.1,21.83,14.0,114.0,3.7,13.8,57.0,CENTRO,14
2024-05-20 15:00:00,0.36,64.0,0.5,1.8,20.25,1.4,94.0,2.6,15.7,52.0,CENTRO,15
2024-05-20 16:00:00,0.5,26.0,2.1,6.1,19.0,8.1,87.0,1.5,16.2,94.0,CENTRO,16
2024-05-20 17:00:00,0.71,54.0,2.6,7.3,17.744999999999997,10.1,77.0,2.3,15.8,119.0,CENTRO,17
2024-05-20 18:00:00,0.73,50.0,2.7,7.5,17.0,10.4,75.0,2.3,15.3,107.0,CENTRO,18
2024-05-20 19:00:00,0.75,47.0,2.4,8.7,16.525,11.3,70.0,2.3,14.7,105.0,CENTRO,19
2024-05-20 20:00:00,0.73,41.0,2.1,10.3,16.0,12.6,57.0,2.3,13.7,82.0,CENTRO,20
2024-05-20 21:00:00,0.74,39.0,2.1,7.6,16.31,9.9,59.0,2.2,16.4,81.0,CENTRO,21
2024-05-20 22:00:00,0.81,32.0,2.05,6.9,16.29,9.1,78.0,2.3,15.7,77.0,CENTRO,22
2024-05-20 23:00:00,0.82,30.0,2.0,5.8,16.08,8.0,88.0,2.2,12.8,83.0,CENTRO,23
2024-05-21 00:00:00,0.83,30.0,1.9,5.1,16.0,7.2,82.0,2.2,12.1,89.0,CENTRO,0
2024-05-21 01:00:00,0.85,30.0,1.9,4.4,16.0,6.5,69.0,2.2,11.8,66.0,CENTRO,1
2024-05-21 02:00:00,0.81,27.0,1.85,3.7,16.54,5.7,68.0,2.1,11.7,45.0,CENTRO,2
2024-05-21 03:00:00,0.81,26.0,1.8,3.7,16.8,5.7,72.0,2.1,8.5,44.0,CENTRO,3
2024-05-21 04:00:00,0.8,23.0,1.9,4.7,17.91,6.9,71.0,2.1,6.8,42.0,CENTRO,4
2024-05-21 05:00:00,0.82,12.0,2.9,14.3,18.58,17.4,82.0,2.1,5.5,43.0,CENTRO,5
2024-05-21 06:00:00,0.83,14.0,2.0,10.4,19.46,12.7,99.0,2.1,7.3,77.0,CENTRO,6
2024-05-21 07:00:00,0.87,11.0,3.6,13.0,20.869999999999997,16.8,89.0,2.1,8.4,66.0,CENTRO,7
2024-05-21 08:00:00,0.95,9.0,9.9,17.8,22.875,28.0,73.0,2.2,6.5,41.0,CENTRO,8
2024-05-21 09:00:00,1.08,12.0,11.4,19.8,24.189999999999998,31.4,102.0,2.1,6.0,19.0,CENTRO,9
2024-05-21 10:00:00,1.16,27.0,7.4,16.7,24.855,24.3,100.0,2.2,6.3,16.0,CENTRO,10
2024-05-21 11:00:00,1.31,46.0,6.0,18.9,27.284999999999997,25.1,98.0,2.2,6.9,26.0,CENTRO,11
2024-05-21 12:00:00,1.25,66.0,6.8,31.7,27.89,38.8,103.0,2.1,10.0,62.0,CENTRO,12
2024-05-21 13:00:00,1.09,101.0,3.9,25.3,25.137999999999998,29.3,124.0,2.2,9.6,41.0,CENTRO,13
2024-05-21 14:00:00,0.97,95.0,2.7,13.4,21.83,16.2,122.0,2.1,11.8,38.0,CENTRO,14
2024-05-21 15:00:00,0.88,68.0,2.7,9.2,20.25,12.1,97.0,2.1,13.2,47.0,CENTRO,15
2024-05-21 16:00:00,0.84,53.0,2.666666666666667,9.6,19.0,12.5,75.0,2.1,14.5,108.0,CENTRO,16
2024-05-21 17:00:00,0.86,47.0,2.6333333333333333,11.3,17.744999999999997,14.2,69.0,2.1,13.2,103.0,CENTRO,17
2024-05-21 18:00:00,0.83,46.0,2.6,10.3,17.0,13.2,66.0,2.2,14.5,110.0,CENTRO,18
2024-05-21 19:00:00,0.83,44.0,2.3,11.2,16.525,13.7,70.0,2.1,10.0,89.0,CENTRO,19
2024-05-21 20:00:00,0.79,44.0,2.0,10.2,16.0,12.5,66.0,2.2,12.7,120.0,CENTRO,20
2024-05-21 21:00:00,0.83,34.0,2.3,14.1,16.31,16.4,63.0,2.1,11.8,58.0,CENTRO,21
2024-05-21 22:00:00,0.81,30.0,2.3,10.1,16.29,12.6,108.0,2.1,10.9,57.0,CENTRO,22
2024-05-21 23:00:00,0.84,25.0,2.2,14.5,16.08,16.8,102.0,2.2,11.4,25.0,CENTRO,23
2024-05-22 00:00:00,0.81,27.0,2.0,10.4,16.0,12.6,102.0,2.1,9.8,54.0,CENTRO,0
2024-05-22 01:00:00,0.82,28.0,1.9,7.5,16.0,9.6,101.0,2.0,5.4,127.0,CENTRO,1
2024-05-22 02:00:00,0.81,23.0,2.1,12.6,16.54,14.7,97.0,2.1,6.6,3.0,CENTRO,2
2024-05-22 03:00:00,0.94,26.0,2.0,9.8,16.8,11.8,105.0,2.2,9.2,18.0,CENTRO,3
2024-05-22 04:00:00,0.81,26.0,1.6,8.4,17.91,10.5,99.0,2.1,8.4,76.0,CENTRO,4
2024-05-22 05:00:00,0.81,26.0,0.5,6.0,18.58,8.1,120.0,2.2,3.7,16.0,CENTRO,5
2024-05-22 06:00:00,0.89,19.0,1.7,14.5,19.46,16.6,86.0,2.1,8.0,357.0,CENTRO,6
2024-05-22 07:00:00,0.92,19.0,2.7,17.8,20.869999999999997,21.2,112.0,2.2,8.7,47.0,CENTRO,7
2024-05-22 08:00:00,0.96,16.0,4.9,22.9,22.875,28.6,121.0,2.1,7.9,46.0,CENTRO,8
2024-05-22 09:00:00,0.96,25.0,4.5,14.3,24.189999999999998,19.2,109.0,2.1,6.4,30.0,CENTRO,9
2024-05-22 10:00:00,1.06,35.0,7.3,16.2,24.855,23.2,93.0,2.1,6.6,278.0,CENTRO,10
2024-05-22 11:00:00,1.24,60.0,5.5,17.3,27.284999999999997,21.9,98.0,2.1,6.5,27.0,CENTRO,11
2024-05-22 12:00:00,1.38,82.0,7.1,31.2,27.89,37.1,105.0,2.2,9.2,55.0,CENTRO,12
2024-05-22 13:00:00,1.06,108.0,5.4,21.8,25.137999999999998,25.2,126.0,2.1,10.6,51.0,CENTRO,13
2024-05-22 14:00:00,1.04,131.0,2.9,17.8,21.83,20.4,123.0,2.1,10.4,60.0,CENTRO,14
2024-05-22 15:00:00,0.92,112.0,3.6,11.8,20.25,14.3,109.0,2.1,13.8,61.0,CENTRO,15
2024-05-22 16:00:00,0.81,79.0,3.3,10.3,19.0,13.1,98.0,2.5,14.0,72.0,CENTRO,16
2024-05-22 17:00:00,0.76,68.0,2.9,9.8,17.744999999999997,12.5,77.0,2.9,14.9,122.0,CENTRO,17
2024-05-22 18:00:00,0.75,62.0,2.4,9.7,17.0,12.3,74.0,2.5,15.2,115.0,CENTRO,18
2024-05-22 19:00:00,0.67,54.0,2.2,12.5,16.525,14.9,62.0,2.6,14.3,110.0,CENTRO,19
2024-05-22 20:00:00,0.58,52.0,2.8,12.2,16.0,14.7,55.0,2.7,14.3,118.0,CENTRO,20
2024-05-22 21:00:00,0.49,52.0,3.3,8.9,16.31,11.4,58.0,2.4,12.6,214.0,CENTRO,21
2024-05-22 22:00:00,0.57,41.0,3.2,13.2,16.29,15.4,54.0,2.3,8.6,214.0,CENTRO,22
2024-05-22 23:00:00,0.56,45.0,4.7,6.9,16.08,9.1,38.0,2.2,12.3,174.0,CENTRO,23
2024-05-23 00:00:00,0.62,45.0,4.1,3.7,16.0,5.8,73.0,2.2,9.5,91.0,CENTRO,0
2024-05-23 01:00:00,0.62,43.0,3.7,5.3,16.0,7.5,76.0,2.2,10.3,137.0,CENTRO,1
2024-05-23 02:00:00,0.74,30.0,4.5,14.5,16.54,16.7,71.0,2.2,7.5,352.0,CENTRO,2
2024-05-23 03:00:00,1.26,18.0,2.6,17.5,16.8,19.7,89.0,2.1,7.6,344.0,CENTRO,3
2024-05-23 04:00:00,0.81,19.0,2.4,16.0,17.91,18.1,106.0,2.1,6.7,342.0,CENTRO,4
2024-05-23 05:00:00,0.79,24.0,2.3,11.9,18.58,14.1,96.0,2.1,6.1,339.0,CENTRO,5
2024-05-23 06:00:00,1.12,20.0,2.3,19.4,19.46,21.6,90.0,2.1,7.1,14.0,CENTRO,6
2024-05-23 07:00:00,1.3,22.0,3.8,22.0,20.869999999999997,25.9,102.0,2.1,5.9,13.0,CENTRO,7
2024-05-23 08:00:00,1.26,29.0,6.0,19.7,22.875,25.7,106.0,2.2,6.7,12.0,CENTRO,8
2024-05-23 09:00:00,1.22,30.0,10.0,27.3,24.189999999999998,37.1,103.0,2.2,6.7,10.0,CENTRO,9
2024-05-23 10:00:00,1.04,41.0,8.2,24.3,24.855,32.4,118.0,2.2,8.6,54.0,CENTRO,10
2024-05-23 11:00:00,0.93,66.0,4.7,17.6,27.284999999999997,21.9,110.0,2.1,9.9,66.0,CENTRO,11
2024-05-23 12:00:00,0.87,86.0,4.0,14.4,27.89,17.7,107.0,2.2,9.7,49.0,CENTRO,12
2024-05-23 13:00:00,0.87,101.0,4.1,13.7,25.137999999999998,16.6,94.0,2.3,11.0,48.0,CENTRO,13
2024-05-23 14:00:00,0.84,112.0,4.3,12.5,21.83,15.2,92.0,2.3,12.1,41.0,CENTRO,14
2024-05-23 15:00:00,0.81,106.0,4.1,10.3,20.25,12.9,96.0,2.4,13.2,52.0,CENTRO,15
2024-05-23 16:00:00,0.77,96.0,2.6,10.0,19.0,12.7,92.0,2.4,14.1,59.0,CENTRO,16
2024-05-23 17:00:00,0.7,94.0,3.6,8.2,17.744999999999997,10.6,82.0,2.8,10.5,111.0,CENTRO,17
2024-05-23 18:00:00,0.7105882352941176,90.70588235294117,3.9647058823529413,9.476470588235292,17.0,12.323529411764705,78.11764705882354,2.7588235294117647,10.211764705882352,107.3529411764706,CENTRO,18
2024-05-23 19:00:00,0.7211764705882353,87.41176470588235,4.329411764705883,10.752941176470587,16.525,14.047058823529412,74.23529411764706,2.717647058823529,9.923529411764706,103.70588235294117,CENTRO,19
2024-05-23 20:00:00,0.7317647058823529,84.11764705882354,4.694117647058824,12.02941176470588,16.0,15.770588235294117,70.3529411764706,2.676470588235294,9.635294117647058,100.05882352941177,CENTRO,20
2024-05-23 21:00:00,0.7423529411764705,80.82352941176471,5.058823529411765,13.305882352941175,16.31,17.49411764705882,66.47058823529412,2.635294117647059,9.347058823529412,96.41176470588235,CENTRO,21
2024-05-23 22:00:00,1.62,26.0,2.5,11.3,16.29,13.9,45.0,3.6,7.8,102.0,CENTRO,22
2024-05-23 23:00:00,1.64,23.0,2.6,11.5,16.08,14.4,45.0,3.5,7.5,99.0,CENTRO,23
2024-05-24 00:00:00,1.68,21.0,2.5,11.7,16.0,14.5,45.0,3.5,7.0,95.0,CENTRO,0
2024-05-24 01:00:00,1.67,18.5,2.5,11.6,16.0,14.4,47.0,3.5,6.4,87.0,CENTRO,1
2024-05-24 02:00:00,1.64,18.0,2.6,11.9,16.54,15.3,46.0,3.5,5.9,77.0,CENTRO,2
2024-05-24 03:00:00,1.63,17.0,2.7,13.649999999999999,16.8,17.1,47.0,3.5,5.2,73.5,CENTRO,3
2024-05-24 04:00:00,1.64,15.0,2.9,14.5,17.91,17.9,48.0,3.6,4.8,76.0,CENTRO,4
2024-05-24 05:00:00,1.64,13.0,2.9,14.1,18.58,17.6,50.0,3.6,4.1,89.0,CENTRO,5
2024-05-24 06:00:00,0.8376470588235294,51.1764705882353,8.341176470588236,24.794117647058822,19.46,33.00588235294118,31.52941176470588,2.264705882352941,6.752941176470587,63.588235294117645,CENTRO,6
2024-05-24 07:00:00,0.8482352941176471,47.88235294117647,8.705882352941178,26.070588235294114,20.869999999999997,34.72941176470588,27.64705882352941,2.223529411764706,6.46470588235294,59.94117647058823,CENTRO,7
2024-05-24 08:00:00,0.8588235294117648,44.58823529411765,9.07058823529412,27.34705882352941,22.875,36.45294117647059,23.76470588235294,2.182352941176471,6.1764705882352935,56.29411764705882,CENTRO,8
2024-05-24 09:00:00,0.8694117647058823,41.294117647058826,9.435294117647059,28.623529411764704,24.189999999999998,38.17647058823529,19.882352941176467,2.1411764705882352,5.888235294117647,52.647058823529406,CENTRO,9
2024-05-24 10:00:00,0.88,38.0,9.8,29.9,24.855,39.9,16.0,2.1,5.6,49.0,CENTRO,10
2024-05-24 11:00:00,1.01,66.0,7.5,36.7,27.284999999999997,44.4,96.0,2.4,8.2,40.0,CENTRO,11
2024-05-24 12:00:00,0.8,87.0,4.6,28.7,49.36212121212121,33.5,133.0,3.3,10.1,18.0,CENTRO,12
2024-05-24 13:00:00,0.13,64.0,2.9,7.3,49.29909090909091,10.4,114.0,2.3,11.7,338.0,CENTRO,13
2024-05-24 14:00:00,0.17,73.0,2.5,6.2,49.236060606060605,8.9,55.0,2.6,10.1,7.0,CENTRO,14
2024-05-24 15:00:00,0.33,109.0,2.3,10.8,49.1730303030303,13.3,54.0,3.8,11.2,95.0,CENTRO,15
2024-05-24 16:00:00,0.3,101.0,2.3,10.8,49.11,13.4,60.0,2.8,11.2,91.0,CENTRO,16
2024-05-24 17:00:00,0.35,97.0,2.4,11.6,49.05822485207101,14.1,52.0,3.8,11.9,90.0,CENTRO,17
2024-05-24 18:00:00,0.51,94.0,2.2,12.4,49.006449704142014,14.9,66.0,4.7,14.9,118.0,CENTRO,18
2024-05-24 19:00:00,0.54,82.0,2.1,11.1,48.954674556213014,13.4,75.0,3.8,14.3,121.0,CENTRO,19
2024-05-24 20:00:00,0.6,62.0,1.9,12.9,48.90289940828402,15.0,70.0,3.3,13.4,93.0,CENTRO,20
2024-05-24 21:00:00,0.67,45.0,2.1,17.8,16.31,20.1,70.0,3.1,12.6,66.0,CENTRO,21
2024-05-24 22:00:00,0.71,38.0,2.0,14.2,16.29,16.3,64.0,2.6,13.0,64.0,CENTRO,22
2024-05-24 23:00:00,0.72,27.0,2.1,8.4,16.08,10.7,82.0,2.1,13.4,61.0,CENTRO,23
2024-05-25 00:00:00,0.73,27.0,1.9,7.9,16.0,10.0,90.0,2.0,10.5,51.0,CENTRO,0
2024-05-25 01:00:00,0.77,27.0,1.9,7.8,16.0,9.8,73.0,2.1,9.9,59.0,CENTRO,1
2024-05-25 02:00:00,0.78,24.0,1.85,7.0,16.54,9.1,81.0,2.1,10.8,41.0,CENTRO,2
2024-05-25 03:00:00,0.73,24.0,1.8,4.6,16.8,6.6,75.0,2.0,8.8,36.0,CENTRO,3
2024-05-25 04:00:00,0.74,18.0,2.1,8.6,17.91,11.0,88.0,2.1,7.3,25.0,CENTRO,4
2024-05-25 05:00:00,0.75,12.0,4.2,13.1,18.58,17.6,86.0,2.1,8.1,38.0,CENTRO,5
2024-05-25 06:00:00,0.82,4.0,10.5,23.6,19.46,34.3,91.0,2.0,4.1,27.0,CENTRO,6
2024-05-25 07:00:00,0.86,7.0,5.5,18.6,20.869999999999997,24.3,93.0,2.1,3.8,99.0,CENTRO,7
2024-05-25 08:00:00,0.98,10.0,8.3,18.1,22.875,26.8,109.0,2.2,3.5,18.0,CENTRO,8
2024-05-25 09:00:00,1.05,20.0,7.3,16.0,24.189999999999998,23.6,126.0,2.2,5.4,1.0,CENTRO,9
2024-05-25 10:00:00,1.47,33.0,9.3,26.6,24.855,36.1,102.0,2.1,6.7,28.0,CENTRO,10
2024-05-25 11:00:00,1.52,56.0,7.5,32.6,27.284999999999997,40.3,125.0,2.1,8.5,50.0,CENTRO,11
2024-05-25 12:00:00,1.24,87.0,4.3,26.1,27.89,30.7,132.0,2.1,10.1,54.0,CENTRO,12
2024-05-25 13:00:00,1.18,114.0,2.3,15.6,25.137999999999998,18.1,132.0,2.0,10.5,45.0,CENTRO,13
2024-05-25 14:00:00,1.1,100.0,2.3,11.5,21.83,13.9,124.0,2.1,12.6,52.0,CENTRO,14
2024-05-25 15:00:00,1.04,78.0,2.2,10.7,20.25,13.1,109.0,2.0,15.2,60.0,CENTRO,15
2024-05-25 16:00:00,1.03,70.0,2.1,10.6,19.0,12.9,93.0,2.2,11.0,95.0,CENTRO,16
2024-05-25 17:00:00,0.98,71.0,2.1,10.7,17.744999999999997,13.0,79.0,2.1,12.3,94.0,CENTRO,17
2024-05-25 18:00:00,0.99,61.0,2.2,10.9,17.0,13.3,71.0,2.2,13.2,85.0,CENTRO,18
2024-05-25 19:00:00,0.98,57.0,1.9,6.6,16.525,8.8,68.0,2.2,17.0,117.0,CENTRO,19
2024-05-25 20:00:00,1.0,54.0,1.8,7.4,16.0,9.4,87.0,2.2,12.6,123.0,CENTRO,20
2024-05-25 21:00:00,1.04,46.0,1.9,12.4,16.31,14.4,82.0,2.3,10.7,113.0,CENTRO,21
2024-05-25 22:00:00,1.06,27.0,2.0,11.3,16.29,13.5,81.0,2.2,13.8,49.0,CENTRO,22
2024-05-25 23:00:00,1.03,24.0,2.0,8.7,16.08,10.9,99.0,2.2,11.0,39.0,CENTRO,23
2024-05-26 00:00:00,1.04,22.0,1.95,10.4,16.0,12.6,81.0,2.1,9.9,38.0,CENTRO,0
2024-05-26 01:00:00,1.03,22.0,1.9,7.6,16.0,9.6,86.0,2.1,8.3,42.0,CENTRO,1
2024-05-26 02:00:00,1.02,22.0,2.0,7.4,16.54,9.7,88.0,2.2,6.5,43.0,CENTRO,2
2024-05-26 03:00:00,1.01,20.0,1.9,9.7,16.8,11.8,65.0,2.2,6.3,33.0,CENTRO,3
2024-05-26 04:00:00,1.03,16.0,2.5,13.4,17.91,16.1,71.0,2.1,6.4,41.0,CENTRO,4
2024-05-26 05:00:00,1.02,7.0,7.6,21.2,18.58,29.0,67.0,2.1,4.8,52.0,CENTRO,5
2024-05-26 06:00:00,1.03,10.0,2.7,16.5,19.46,19.4,96.0,2.1,5.4,60.0,CENTRO,6
2024-05-26 07:00:00,1.05,11.0,6.7,15.3,20.869999999999997,22.2,82.0,2.1,5.6,60.0,CENTRO,7
2024-05-26 08:00:00,1.19,17.0,6.1,15.4,22.875,21.6,64.0,2.1,4.0,7.0,CENTRO,8
2024-05-26 09:00:00,1.2,26.0,6.0,14.6,24.189999999999998,20.8,84.0,2.0,5.3,352.0,CENTRO,9
2024-05-26 10:00:00,1.38,45.0,5.1,16.8,24.855,22.1,95.0,2.0,6.6,8.0,CENTRO,10
2024-05-26 11:00:00,1.34,59.0,5.4,22.1,27.284999999999997,27.7,101.0,2.0,9.3,65.0,CENTRO,11
2024-05-26 12:00:00,1.18,88.0,2.9,16.1,27.89,19.3,111.0,2.0,10.1,78.0,CENTRO,12
2024-05-26 13:00:00,1.12,98.0,2.3,12.4,25.137999999999998,14.9,93.0,2.0,9.4,94.0,CENTRO,13
2024-05-26 14:00:00,1.08,100.0,2.2,10.3,21.83,12.7,84.0,2.0,9.4,87.0,CENTRO,14
2024-05-26 15:00:00,1.02,93.0,2.0,8.5,20.25,10.7,74.0,2.1,12.1,83.0,CENTRO,15
2024-05-26 16:00:00,0.98,74.0,2.0,8.0,19.0,10.2,74.0,2.1,12.4,78.0,CENTRO,16
2024-05-26 17:00:00,0.96,69.0,2.1,10.4,17.744999999999997,12.7,68.0,2.1,12.0,75.0,CENTRO,17
2024-05-26 18:00:00,0.96,57.0,1.9,4.7,17.0,6.8,68.0,2.2,13.7,109.0,CENTRO,18
2024-05-26 19:00:00,0.98,35.0,5.6,22.3,16.525,28.1,65.0,2.4,15.8,43.0,CENTRO,19
2024-05-26 20:00:00,1.01,43.0,1.9,9.5,16.0,11.6,98.0,2.5,6.0,105.0,CENTRO,20
2024-05-26 21:00:00,0.96,40.0,1.9,6.2,16.31,8.3,72.0,2.3,10.2,126.0,CENTRO,21
2024-05-26 22:00:00,1.0,39.0,1.8,7.4,16.29,9.4,67.0,2.2,7.9,118.0,CENTRO,22
2024-05-26 23:00:00,0.99,39.0,1.9,7.6,16.08,9.6,64.0,2.2,7.2,112.0,CENTRO,23
2024-05-27 00:00:00,1.07,33.0,1.8,11.1,16.0,13.2,63.0,2.2,5.6,79.0,CENTRO,0
2024-05-27 01:00:00,1.24,19.0,1.9,19.7,16.0,21.7,67.0,2.2,7.4,52.0,CENTRO,1
2024-05-27 02:00:00,1.24,23.0,2.0,10.3,16.54,12.5,102.0,2.2,6.7,32.0,CENTRO,2
2024-05-27 03:00:00,1.13,27.0,1.8,6.2,16.8,8.2,89.0,2.1,6.9,51.0,CENTRO,3
2024-05-27 04:00:00,1.07,28.0,1.8,5.1,17.91,7.1,104.0,2.1,5.8,44.0,CENTRO,4
2024-05-27 05:00:00,1.13,18.0,2.2,15.0,18.58,17.4,79.0,2.1,5.9,28.0,CENTRO,5
2024-05-27 06:00:00,1.29,8.0,3.9,23.0,19.46,27.1,105.0,2.1,7.0,34.0,CENTRO,6
2024-05-27 07:00:00,1.29,8.0,8.4,24.2,20.869999999999997,32.8,106.0,2.2,5.4,65.0,CENTRO,7
2024-05-27 08:00:00,1.46,11.0,10.9,23.3,22.875,34.4,151.0,2.2,2.3,58.0,CENTRO,8
2024-05-27 09:00:00,1.5,19.0,11.3,22.7,24.189999999999998,34.2,115.0,2.2,4.2,181.0,CENTRO,9
2024-05-27 10:00:00,1.47,37.0,7.8,22.4,24.855,30.4,110.0,2.1,7.0,24.0,CENTRO,10
2024-05-27 11:00:00,1.48,60.0,5.4,22.8,27.284999999999997,28.4,110.0,2.1,12.7,61.0,CENTRO,11
2024-05-27 12:00:00,1.31,75.0,4.1,18.7,27.89,23.0,118.0,2.1,15.5,50.0,CENTRO,12
2024-05-27 13:00:00,1.22,72.0,2.2,11.1,25.137999999999998,13.5,116.0,2.2,16.3,65.0,CENTRO,13
2024-05-27 14:00:00,1.19,49.0,2.1,10.3,21.83,12.7,125.0,2.1,11.9,106.0,CENTRO,14
2024-05-27 15:00:00,1.18,38.0,2.2,9.4,20.25,11.8,108.0,2.1,10.5,115.0,CENTRO,15
2024-05-27 16:00:00,1.17,35.0,2.1,7.3,19.0,9.6,119.0,2.1,10.3,129.0,CENTRO,16
2024-05-27 17:00:00,1.16,35.0,2.2,8.4,17.744999999999997,10.8,91.0,2.1,13.8,98.0,CENTRO,17
2024-05-27 18:00:00,1.11,35.0,2.3,8.6,17.0,11.1,90.0,2.0,20.5,102.0,CENTRO,18
2024-05-27 19:00:00,1.0,34.0,2.3,7.6,16.525,10.1,169.0,2.1,13.5,138.0,CENTRO,19
2024-05-27 20:00:00,1.14,17.0,3.9,25.3,16.0,29.4,86.0,2.1,10.2,31.0,CENTRO,20
2024-05-27 21:00:00,1.08,18.0,2.8,22.6,16.31,25.6,69.0,2.1,9.4,6.0,CENTRO,21
2024-05-27 22:00:00,1.27,19.0,2.9,25.1,16.29,28.1,66.0,2.1,5.2,137.0,CENTRO,22
2024-05-27 23:00:00,1.15,14.0,2.2,28.6,16.08,31.0,59.0,2.0,3.7,202.0,CENTRO,23
2024-05-28 00:00:00,1.15,11.0,2.5,34.9,16.0,37.6,55.0,2.2,4.3,153.0,CENTRO,0
2024-05-28 01:00:00,1.0,22.0,2.1,20.3,16.0,22.7,53.0,3.5,10.4,107.0,CENTRO,1
2024-05-28 02:00:00,0.93,33.0,1.9,6.9,16.54,9.0,54.0,2.8,13.7,119.0,CENTRO,2
2024-05-28 03:00:00,0.91,26.0,1.9,13.0,16.8,15.1,54.0,2.7,8.4,83.0,CENTRO,3
2024-05-28 04:00:00,1.0,30.0,2.0999999999999996,5.5,17.91,7.6,49.0,2.4,7.1,38.0,CENTRO,4
2024-05-28 05:00:00,1.02,19.0,2.3,13.8,18.58,16.3,62.0,2.2,6.7,12.0,CENTRO,5
2024-05-28 06:00:00,1.09,13.0,2.1,20.9,19.46,23.2,67.0,2.2,4.3,324.0,CENTRO,6
2024-05-28 07:00:00,1.17,13.0,4.7,20.6,20.869999999999997,25.6,69.0,2.3,2.3,274.0,CENTRO,7
2024-05-28 08:00:00,1.27,15.0,10.3,22.3,22.875,32.9,81.0,2.2,4.4,319.0,CENTRO,8
2024-05-28 09:00:00,1.3,25.0,10.2,22.4,24.189999999999998,32.8,75.0,2.3,6.6,4.0,CENTRO,9
2024-05-28 10:00:00,1.47,33.0,11.5,28.8,24.855,40.4,89.0,2.6,7.0,10.0,CENTRO,10
2024-05-28 11:00:00,1.33,41.0,11.3,30.7,27.284999999999997,42.3,105.0,2.3,9.8,39.0,CENTRO,11
2024-05-28 12:00:00,1.13,72.0,4.4,20.6,27.89,25.2,113.0,2.5,8.9,40.0,CENTRO,12
2024-05-28 13:00:00,1.13,81.0,2.7,11.8,25.137999999999998,14.8,93.0,2.4,9.1,37.0,CENTRO,13
2024-05-28 14:00:00,1.11,80.0,2.5,9.3,21.83,12.0,76.0,2.3,10.3,45.0,CENTRO,14
2024-05-28 15:00:00,1.07,73.0,2.5,8.4,20.25,11.1,68.0,2.3,13.3,55.0,CENTRO,15
2024-05-28 16:00:00,1.04,65.0,2.7,8.2,19.0,11.1,64.0,2.3,16.3,60.0,CENTRO,16
2024-05-28 17:00:00,1.02,62.0,2.5,7.9,17.744999999999997,10.6,73.0,2.4,15.7,97.0,CENTRO,17
2024-05-28 18:00:00,1.02,66.0,2.3,7.9,17.0,10.4,73.0,2.3,15.7,122.0,CENTRO,18
2024-05-28 19:00:00,1.05,65.0,2.4,9.2,16.525,11.9,63.0,2.4,14.5,121.0,CENTRO,19
2024-05-28 20:00:00,1.14,54.0,2.0,11.3,16.0,13.5,60.0,2.3,15.4,88.0,CENTRO,20
2024-05-28 21:00:00,1.27,35.0,2.1,7.5,16.31,9.8,94.0,2.2,21.8,78.0,CENTRO,21
2024-05-28 22:00:00,1.23,38.0,1.9,5.9,16.29,7.9,121.0,2.2,18.2,81.0,CENTRO,22
2024-05-28 23:00:00,1.1757142857142857,39.42857142857143,2.05,6.435714285714286,16.08,8.592857142857143,116.21428571428571,2.2071428571428573,17.357142857142858,76.78571428571429,CENTRO,23
2024-05-29 00:00:00,1.1214285714285714,40.857142857142854,2.1999999999999997,6.9714285714285715,16.0,9.285714285714286,111.42857142857143,2.2142857142857144,16.514285714285712,72.57142857142857,CENTRO,0
2024-05-29 01:00:00,1.0671428571428572,42.285714285714285,2.35,7.507142857142857,16.0,9.97857142857143,106.64285714285714,2.2214285714285715,15.67142857142857,68.35714285714286,CENTRO,1
2024-05-29 02:00:00,1.012857142857143,43.714285714285715,2.5,8.042857142857143,16.54,10.671428571428573,101.85714285714286,2.2285714285714286,14.828571428571427,64.14285714285714,CENTRO,2
2024-05-29 03:00:00,1.63,17.0,2.7,13.649999999999999,16.8,17.1,47.0,3.5,5.2,73.5,CENTRO,3
2024-05-29 04:00:00,1.64,15.0,2.9,14.5,17.91,17.9,48.0,3.6,4.8,76.0,CENTRO,4
2024-05-29 05:00:00,1.64,13.0,2.9,14.1,18.58,17.6,50.0,3.6,4.1,89.0,CENTRO,5
2024-05-29 06:00:00,1.62,11.25,3.2,15.7,19.46,20.1,51.0,3.6,4.0,118.0,CENTRO,6
2024-05-29 07:00:00,1.666,10.0,7.5,18.7,20.869999999999997,27.0,54.0,3.6,3.9,142.0,CENTRO,7
2024-05-29 08:00:00,0.6871428571428572,52.285714285714285,3.4,11.257142857142858,22.875,14.82857142857143,73.14285714285714,2.2714285714285714,9.77142857142857,38.857142857142854,CENTRO,8
2024-05-29 09:00:00,0.6328571428571429,53.714285714285715,3.55,11.792857142857143,24.189999999999998,15.521428571428572,68.35714285714286,2.2785714285714285,8.928571428571429,34.64285714285714,CENTRO,9
2024-05-29 10:00:00,0.5785714285714286,55.142857142857146,3.7,12.32857142857143,24.855,16.214285714285715,63.57142857142857,2.2857142857142856,8.085714285714285,30.428571428571427,CENTRO,10
2024-05-29 11:00:00,0.5242857142857144,56.57142857142857,3.85,12.864285714285714,27.284999999999997,16.90714285714286,58.785714285714285,2.2928571428571427,7.242857142857143,26.21428571428571,CENTRO,11
2024-05-29 12:00:00,0.47,58.0,4.0,13.4,27.89,17.6,54.0,2.3,6.4,22.0,CENTRO,12
2024-05-29 13:00:00,0.57,72.0,4.1,17.2,25.137999999999998,21.5,53.0,2.3,5.9,36.0,CENTRO,13
2024-05-29 14:00:00,0.56,84.0,2.7,11.0,21.83,13.9,62.0,2.3,7.6,56.0,CENTRO,14
2024-05-29 15:00:00,0.5478947368421053,79.84210526315789,2.8000000000000003,10.678947368421053,20.25,13.673684210526316,59.78947368421053,2.2157894736842105,7.342105263157895,54.68421052631579,CENTRO,15
2024-05-29 16:00:00,0.5357894736842106,75.6842105263158,2.9,10.357894736842105,19.0,13.447368421052632,57.578947368421055,2.131578947368421,7.084210526315789,53.36842105263158,CENTRO,16
2024-05-29 17:00:00,0.5236842105263159,71.52631578947368,3.0,10.036842105263158,17.744999999999997,13.221052631578948,55.36842105263158,2.0473684210526315,6.826315789473684,52.05263157894737,CENTRO,17
2024-05-29 18:00:00,0.5115789473684211,67.36842105263158,3.1,9.715789473684211,17.0,12.994736842105263,53.1578947368421,1.963157894736842,6.568421052631579,50.73684210526316,CENTRO,18
2024-05-29 19:00:00,1.69,37.0,2.9,12.0,16.525,15.0,49.0,3.7,10.0,99.0,CENTRO,19
2024-05-29 20:00:00,1.68,32.0,2.7,12.6,16.0,15.5,47.0,3.7,9.0,104.0,CENTRO,20
2024-05-29 21:00:00,1.6349999999999998,28.5,2.5,11.6,16.31,14.45,46.0,3.6,8.3,104.975,CENTRO,21
2024-05-29 22:00:00,1.62,26.0,2.5,11.3,16.29,13.9,45.0,3.6,7.8,102.0,CENTRO,22
2024-05-29 23:00:00,1.64,23.0,2.6,11.5,16.08,14.4,45.0,3.5,7.5,99.0,CENTRO,23
2024-05-30 00:00:00,1.68,21.0,2.5,11.7,16.0,14.5,45.0,3.5,7.0,95.0,CENTRO,0
2024-05-30 01:00:00,1.67,18.5,2.5,11.6,16.0,14.4,47.0,3.5,6.4,87.0,CENTRO,1
2024-05-30 02:00:00,1.64,18.0,2.6,11.9,16.54,15.3,46.0,3.5,5.9,77.0,CENTRO,2
2024-05-30 03:00:00,1.63,17.0,2.7,13.649999999999999,16.8,17.1,47.0,3.5,5.2,73.5,CENTRO,3
2024-05-30 04:00:00,1.64,15.0,2.9,14.5,17.91,17.9,48.0,3.6,4.8,76.0,CENTRO,4
2024-05-30 05:00:00,0.378421052631579,21.631578947368414,4.2,6.184210526315789,18.58,10.505263157894737,28.842105263157894,1.0368421052631578,3.7315789473684213,36.26315789473684,CENTRO,5
2024-05-30 06:00:00,0.36631578947368426,17.47368421052631,4.3,5.863157894736842,19.46,10.278947368421052,26.63157894736842,0.9526315789473684,3.473684210526316,34.94736842105263,CENTRO,6
2024-05-30 07:00:00,0.3542105263157895,13.315789473684205,4.3999999999999995,5.542105263157895,20.869999999999997,10.052631578947368,24.42105263157895,0.8684210526315789,3.215789473684211,33.63157894736842,CENTRO,7
2024-05-30 08:00:00,0.34210526315789475,9.157894736842099,4.5,5.221052631578948,22.875,9.826315789473684,22.210526315789473,0.7842105263157895,2.9578947368421056,32.31578947368421,CENTRO,8
2024-05-30 09:00:00,0.33,5.0,4.6,4.9,24.189999999999998,9.6,20.0,0.7,2.7,31.0,CENTRO,9
2024-05-30 10:00:00,1.05,14.0,20.2,18.6,24.855,39.1,71.0,2.2,10.2,24.0,CENTRO,10
2024-05-30 11:00:00,0.99,30.0,6.4,10.8,27.284999999999997,17.5,79.0,2.0,12.5,51.0,CENTRO,11
2024-05-30 12:00:00,0.99,39.0,3.7,8.7,27.89,12.6,72.0,2.2,11.3,62.0,CENTRO,12
2024-05-30 13:00:00,1.0,48.0,3.7,9.2,25.137999999999998,13.1,74.0,2.1,8.4,41.0,CENTRO,13
2024-05-30 14:00:00,1.02,57.0,3.0,8.8,21.83,12.0,77.0,2.1,9.5,52.0,CENTRO,14
2024-05-30 15:00:00,1.0,53.0,2.7,6.5,20.25,9.5,67.0,2.1,11.3,73.0,CENTRO,15
2024-05-30 16:00:00,1.0,50.0,2.6,6.8,19.0,9.6,63.0,2.0,15.4,120.0,CENTRO,16
2024-05-30 17:00:00,1.02,49.0,2.7,7.2,17.744999999999997,10.2,61.0,2.1,14.4,131.0,CENTRO,17
2024-05-30 18:00:00,1.0,44.0,2.7,8.6,17.0,11.5,57.0,2.1,11.2,134.0,CENTRO,18
2024-05-30 19:00:00,1.03,41.0,2.8,10.5,16.525,13.5,65.0,2.1,9.3,145.0,CENTRO,19
2024-05-30 20:00:00,1.05,38.0,2.2,13.3,16.0,15.7,61.0,2.1,7.6,156.0,CENTRO,20
2024-05-30 21:00:00,1.19,21.0,2.3,22.9,16.31,25.3,61.0,2.1,3.7,250.0,CENTRO,21
2024-05-30 22:00:00,1.27,17.0,3.0,27.5,16.29,30.7,74.0,2.1,6.0,10.0,CENTRO,22
2024-05-30 23:00:00,1.09,20.0,2.2,16.6,16.08,18.9,80.0,2.0,8.7,42.0,CENTRO,23
2024-05-31 00:00:00,1.02,16.0,2.0,13.6,16.0,15.8,90.0,2.1,7.5,42.0,CENTRO,0
2024-05-31 01:00:00,1.01,22.0,1.8,7.6,16.0,9.6,77.0,2.1,9.7,44.0,CENTRO,1
2024-05-31 02:00:00,1.01,22.0,1.8,6.5,16.54,8.5,71.0,2.1,8.7,69.0,CENTRO,2
2024-05-31 03:00:00,1.0,21.0,1.95,8.549999999999999,16.8,10.674999999999999,81.0,2.1,8.3,47.0,CENTRO,3
2024-05-31 04:00:00,0.98,22.0,2.1,10.6,17.91,12.85,64.0,2.1,8.7,50.0,CENTRO,4
2024-05-31 05:00:00,0.98,21.0,2.25,12.649999999999999,18.58,15.024999999999999,78.0,2.0,6.2,47.0,CENTRO,5
2024-05-31 06:00:00,1.02,11.0,2.4,14.7,19.46,17.2,60.0,2.1,6.1,45.0,CENTRO,6
2024-05-31 07:00:00,1.06,7.0,7.7,18.7,20.869999999999997,26.7,79.0,2.2,7.0,53.0,CENTRO,7
2024-05-31 08:00:00,1.13,8.0,7.8,18.3,22.875,26.4,92.0,2.2,8.2,64.0,CENTRO,8
2024-05-31 09:00:00,1.0,12.0,5.8,14.9,24.189999999999998,20.9,86.66666666666667,2.2,9.0,65.0,CENTRO,9
2024-05-31 10:00:00,1.06,18.0,12.1,19.0,24.855,31.3,81.33333333333333,2.2,6.4,37.0,CENTRO,10
2024-05-31 11:00:00,1.1,26.0,8.4,20.5,27.284999999999997,29.1,76.0,2.2,8.1,358.0,CENTRO,11
2024-05-31 12:00:00,1.08,37.0,5.4,17.7,27.89,23.3,94.0,2.1,9.0,5.0,CENTRO,12
2024-05-31 13:00:00,0.96,53.0,3.5,10.2,40.56710059171598,14.0,96.0,2.1,10.0,23.0,CENTRO,13
2024-05-31 14:00:00,0.96,57.0,3.0,9.0,40.51532544378698,12.2,75.0,2.2,10.8,51.0,CENTRO,14
2024-05-31 15:00:00,0.92,62.0,3.0,9.7,40.463550295857985,13.0,69.0,2.1,12.2,70.0,CENTRO,15
2024-05-31 16:00:00,0.88,62.0,2.3,6.6,40.41177514792899,9.1,60.0,2.2,12.5,102.0,CENTRO,16
2024-05-31 17:00:00,0.94,60.0,2.8,7.7,40.36,10.7,65.0,2.2,12.1,125.0,CENTRO,17
2024-05-31 18:00:00,0.94,58.0,2.1,8.9,42.48,11.2,68.0,2.0,10.6,123.0,CENTRO,18
2024-05-31 19:00:00,0.99,52.0,2.2,10.7,40.99,13.1,69.0,2.2,11.0,123.0,CENTRO,19
2024-05-31 20:00:00,1.01,38.0,2.0,11.5,40.0,13.7,69.0,2.3,15.0,83.0,CENTRO,20
2024-05-31 21:00:00,1.02,20.0,2.3,10.9,40.07,13.4,72.0,2.2,15.2,70.0,CENTRO,21
2024-05-31 22:00:00,0.94,21.0,2.4,7.4,33.53,10.0,88.0,2.1,16.0,75.0,CENTRO,22
2024-05-31 23:00:00,0.96,18.0,2.0,9.0,32.31,11.3,68.0,2.1,13.2,72.0,CENTRO,23
2024-06-01 00:00:00,0.9400000000000001,18.0,1.95,8.1,30.71,10.25,63.5,2.1,12.5,63.0,CENTRO,0
2024-06-01 01:00:00,0.92,18.0,1.9,7.2,29.11,9.2,59.0,2.1,11.8,54.0,CENTRO,1
2024-06-01 02:00:00,0.89,17.0,1.8,6.0,27.9,8.0,56.0,2.1,11.0,58.0,CENTRO,2
2024-06-01 03:00:00,0.88,16.0,1.8,5.5,30.66,7.5,55.0,2.1,11.3,63.0,CENTRO,3
2024-06-01 04:00:00,0.87,18.0,1.8,4.3,34.48,6.3,56.0,2.1,12.8,55.0,CENTRO,4
2024-06-01 05:00:00,0.87,20.0,1.8,3.8,35.91,5.7,59.0,2.2,10.2,62.0,CENTRO,5
2024-06-01 06:00:00,0.9,18.0,1.8,5.4,37.01,7.4,72.0,2.1,9.2,58.0,CENTRO,6
2024-06-01 07:00:00,0.94,16.0,2.4,8.7,39.31,11.3,59.0,2.2,9.4,54.0,CENTRO,7
2024-06-01 08:00:00,1.0,17.0,3.7,9.9,38.03,13.8,63.0,2.1,9.7,69.0,CENTRO,8
2024-06-01 09:00:00,1.1,18.0,4.8,11.5,42.86,16.5,67.0,2.1,9.7,59.0,CENTRO,9
2024-06-01 10:00:00,1.07,23.0,4.3,10.8,46.49,15.3,66.0,2.1,11.0,54.0,CENTRO,10
2024-06-01 11:00:00,1.07,30.0,3.4,9.4,46.89,13.0,72.0,2.1,10.8,55.0,CENTRO,11
2024-06-01 12:00:00,1.09,40.0,3.0,8.0,47.07,11.2,83.0,2.2,9.9,48.0,CENTRO,12
2024-06-01 13:00:00,0.97,46.0,2.3,4.9,39.06,7.4,76.0,2.1,6.1,163.0,CENTRO,13
2024-06-01 14:00:00,1.0,49.0,2.2,5.4,39.34,7.8,66.0,2.1,9.2,82.0,CENTRO,14
2024-06-01 15:00:00,1.0,50.0,2.1,5.0,44.16,7.3,66.0,2.1,9.8,80.0,CENTRO,15
2024-06-01 16:00:00,1.01,52.0,2.3,5.8,47.86,8.2,65.0,2.1,11.4,77.0,CENTRO,16
2024-06-01 17:00:00,1.01,53.0,2.1,6.6,45.23,8.9,62.0,2.1,15.0,118.0,CENTRO,17
2024-06-01 18:00:00,1.01,54.0,2.0,7.1,42.8,9.3,63.0,2.1,13.3,123.0,CENTRO,18
2024-06-01 19:00:00,1.03,53.0,1.9,7.2,50.13,9.3,61.0,2.2,13.0,108.0,CENTRO,19
2024-06-01 20:00:00,1.2,48.0,2.1,9.6,53.24,12.0,69.0,2.1,11.9,107.0,CENTRO,20
2024-06-01 21:00:00,1.54,39.0,2.2,15.9,69.92,18.3,77.0,2.2,11.2,79.0,CENTRO,21
2024-06-01 22:00:00,1.18,27.0,2.2,7.2,39.55,9.6,86.0,2.1,16.0,67.0,CENTRO,22
2024-06-01 23:00:00,1.11,24.0,2.0,6.2,35.76,8.4,78.0,2.1,12.5,70.0,CENTRO,23
2024-06-02 00:00:00,1.08,21.0,2.0,6.1,34.65,8.3,77.0,2.1,9.4,73.0,CENTRO,0
2024-06-02 01:00:00,0.99,21.0,1.8,4.9,32.73,6.9,73.0,2.2,11.0,52.0,CENTRO,1
2024-06-02 02:00:00,0.96,21.0,1.8,4.7,31.5,6.7,63.0,2.2,10.5,41.0,CENTRO,2
2024-06-02 03:00:00,0.96,22.0,1.8,4.3,33.56,6.3,61.0,2.0,12.1,62.0,CENTRO,3
2024-06-02 04:00:00,0.95,23.0,1.8,3.3,37.06,5.3,62.0,2.1,11.4,65.0,CENTRO,4
2024-06-02 05:00:00,0.94,24.0,1.8,3.3,41.58,5.2,70.0,2.2,11.6,61.0,CENTRO,5
2024-06-02 06:00:00,0.99,24.0,1.7,3.5,45.37,5.4,61.0,2.1,10.3,66.0,CENTRO,6
2024-06-02 07:00:00,1.01,21.0,2.0,6.0,50.08,8.2,67.0,2.1,9.5,59.0,CENTRO,7
2024-06-02 08:00:00,1.04,22.0,2.7,6.9,48.87,9.8,63.0,2.1,9.3,50.0,CENTRO,8
2024-06-02 09:00:00,1.02,24.0,3.8,6.6,46.14,10.6,75.0,2.2,8.6,42.0,CENTRO,9
2024-06-02 10:00:00,1.04,23.0,10.1,12.4,47.57,22.8,66.0,2.2,9.6,44.0,CENTRO,10
2024-06-02 11:00:00,1.04,36.0,3.5,6.6,47.47,10.4,74.0,2.2,10.6,63.0,CENTRO,11
2024-06-02 12:00:00,1.03,41.0,3.5,8.5,46.79,12.3,69.0,2.1,9.0,54.0,CENTRO,12
2024-06-02 13:00:00,1.05,49.0,2.5,6.8,47.8,9.4,73.0,2.2,8.4,46.0,CENTRO,13
2024-06-02 14:00:00,1.04,51.0,2.1,4.6,45.13,6.9,70.0,2.1,11.0,51.0,CENTRO,14
2024-06-02 15:00:00,1.07,46.0,2.1,4.3,45.23,6.6,65.0,2.2,11.7,58.0,CENTRO,15
2024-06-02 16:00:00,1.06,42.0,2.0,4.1,43.62,6.3,70.0,2.1,10.3,87.0,CENTRO,16
2024-06-02 17:00:00,1.1,43.0,2.0,4.4,47.49,6.6,67.0,2.2,6.8,91.0,CENTRO,17
2024-06-02 18:00:00,1.1,44.0,2.0,6.2,46.27,8.4,68.0,2.2,8.0,80.0,CENTRO,18
2024-06-02 19:00:00,1.11,42.0,1.9,6.0,45.2,8.2,76.0,2.2,8.5,96.0,CENTRO,19
2024-06-02 20:00:00,1.2,33.0,1.8,12.6,49.09,14.5,68.0,2.2,8.3,64.0,CENTRO,20
2024-06-02 21:00:00,1.28,25.0,2.0,18.5,50.93,20.6,77.0,2.2,4.4,21.0,CENTRO,21
2024-06-02 22:00:00,1.33,20.0,2.4,23.0,55.34,25.5,83.0,2.2,5.3,36.0,CENTRO,22
2024-06-02 23:00:00,1.29,14.0,3.7,26.2,54.12,30.1,89.0,2.2,7.7,34.0,CENTRO,23
2024-06-03 00:00:00,1.08,14.0,2.4,15.4,33.44,18.0,89.0,2.2,7.8,338.0,CENTRO,0
2024-06-03 01:00:00,1.15,12.0,2.3,15.3,31.55,17.7,73.0,2.16,8.0,346.0,CENTRO,1
2024-06-03 02:00:00,1.07,14.0,1.8,12.8,30.23,14.8,73.0,2.12,6.3,7.0,CENTRO,2
2024-06-03 03:00:00,1.09,13.0,2.0,14.0,33.05,16.2,78.0,2.08,4.9,63.0,CENTRO,3
2024-06-03 04:00:00,1.06,14.0,1.8,11.8,33.27,13.8,85.0,2.04,5.3,76.0,CENTRO,4
2024-06-03 05:00:00,1.02,18.0,1.8,8.7,33.89,10.7,66.0,2.0,7.4,60.0,CENTRO,5
2024-06-03 06:00:00,1.02,14.0,2.7,13.1,37.63,16.0,66.0,2.0,4.1,349.0,CENTRO,6
2024-06-03 07:00:00,1.14,7.0,10.8,23.0,42.13,34.0,73.0,2.2,4.2,2.0,CENTRO,7
2024-06-03 08:00:00,1.25,9.0,20.4,22.6,45.95,43.3,83.0,2.2,6.9,35.0,CENTRO,8
2024-06-03 09:00:00,1.29,19.0,12.1,21.5,47.06,33.9,95.0,2.2,5.9,44.0,CENTRO,9
2024-06-03 10:00:00,1.34,27.0,12.3,25.0,51.62,37.5,91.0,2.2,7.1,51.0,CENTRO,10
2024-06-03 11:00:00,1.29,45.0,7.0,22.2,52.37,29.5,99.0,2.1,6.8,64.0,CENTRO,11
2024-06-03 12:00:00,1.33,66.0,6.1,28.3,55.25,34.7,95.0,2.1,6.3,55.0,CENTRO,12
2024-06-03 13:00:00,1.36,106.0,3.5,24.5,58.83,28.2,102.0,2.1,9.0,47.0,CENTRO,13
2024-06-03 14:00:00,1.32,111.0,2.0,14.6,61.38,16.8,108.0,2.1,9.4,81.0,CENTRO,14
2024-06-03 15:00:00,1.32,68.0,2.1,17.0,55.54,19.2,108.0,2.2,9.6,66.0,CENTRO,15
2024-06-03 16:00:00,1.18,50.0,2.1,12.7,40.69,15.0,98.0,2.2,12.7,102.0,CENTRO,16
2024-06-03 17:00:00,1.18,42.0,2.3,17.2,30.91,19.7,75.0,2.1,9.5,63.0,CENTRO,17
2024-06-03 18:00:00,1.2,39.0,5.5,30.2,24.15,36.0,63.0,2.1,9.4,357.0,CENTRO,18
2024-06-03 19:00:00,1.24,39.0,4.0,24.2,24.22,28.4,68.0,2.4,10.9,89.0,CENTRO,19
2024-06-03 20:00:00,1.19,31.0,2.9,26.7,27.94,29.8,47.0,2.5,12.9,14.0,CENTRO,20
2024-06-03 21:00:00,1.27,30.0,1.9,19.7,41.76,21.7,90.0,2.4,8.4,295.0,CENTRO,21
2024-06-03 22:00:00,1.22,24.0,2.1,23.8,40.23,26.1,109.0,2.6,6.2,139.0,CENTRO,22
2024-06-03 23:00:00,1.23,19.0,2.4,23.0,38.12,25.5,80.0,2.5,7.9,59.0,CENTRO,23
2024-06-04 00:00:00,1.08,17.0,2.0,14.1,37.25,16.3,77.0,2.2,8.1,65.0,CENTRO,0
2024-06-04 01:00:00,1.11,17.0,1.9,9.4,34.34,11.5,95.0,2.1,5.0,69.0,CENTRO,1
2024-06-04 02:00:00,1.07,22.0,1.8,8.1,35.4,10.1,81.0,2.2,5.8,84.0,CENTRO,2
2024-06-04 03:00:00,1.01,27.0,1.8,4.7,35.31104712041885,6.6,70.0,2.2,4.1,169.0,CENTRO,3
2024-06-04 04:00:00,1.03,21.0,1.9333333333333333,7.2,35.2220942408377,9.2,63.0,2.2,2.8,241.0,CENTRO,4
2024-06-04 05:00:00,1.08,14.0,2.066666666666667,14.1,35.13314136125654,16.1,63.0,2.1,3.6,246.0,CENTRO,5
2024-06-04 06:00:00,1.12,9.0,2.2,18.6,35.04418848167539,20.9,74.0,2.2,2.8,220.0,CENTRO,6
2024-06-04 07:00:00,1.35,7.0,16.3,25.2,20.869999999999997,41.7,72.0,2.3,3.5,12.0,CENTRO,7
2024-06-04 08:00:00,1.67,10.0,27.4,29.3,22.875,56.9,106.0,2.4,6.2,39.0,CENTRO,8
2024-06-04 09:00:00,1.67,15.0,24.2,34.1,24.189999999999998,58.6,144.0,2.4,6.3,84.0,CENTRO,9
2024-06-04 10:00:00,1.54,33.0,14.4,31.0,24.855,45.6,125.0,2.2,5.0,15.0,CENTRO,10
2024-06-04 11:00:00,1.43,59.0,5.9,24.8,27.284999999999997,30.9,101.0,2.5,6.9,34.0,CENTRO,11
2024-06-04 12:00:00,1.34,80.0,5.3,28.9,27.89,34.4,107.0,2.7,9.9,49.0,CENTRO,12
2024-06-04 13:00:00,1.24,95.0,2.7,16.4,25.137999999999998,19.3,110.0,2.8,10.4,55.0,CENTRO,13
2024-06-04 14:00:00,1.25,87.0,2.3,15.3,21.83,17.7,87.0,2.5,12.2,61.0,CENTRO,14
2024-06-04 15:00:00,1.27,69.0,2.5,18.0,20.25,20.6,100.0,2.6,11.1,49.0,CENTRO,15
2024-06-04 16:00:00,1.31,76.0,2.0,19.5,19.0,21.7,104.0,2.3,12.1,118.0,CENTRO,16
2024-06-04 17:00:00,1.26,69.0,2.1,18.1,17.744999999999997,20.4,99.0,2.5,10.6,151.0,CENTRO,17
2024-06-04 18:00:00,1.21,54.0,2.5,22.8,17.0,25.5,66.0,2.7,14.7,348.0,CENTRO,18
2024-06-04 19:00:00,0.87,46.0,3.1,14.1,16.525,17.4,171.0,3.3,9.1,262.0,CENTRO,19
2024-06-04 20:00:00,0.86,41.0,2.3,19.3,16.0,21.8,124.0,3.0,7.9,172.0,CENTRO,20
2024-06-04 21:00:00,0.86,36.0,2.0,20.1,16.31,22.2,87.0,2.8,6.9,210.0,CENTRO,21
2024-06-04 22:00:00,0.94,28.0,2.1,28.5,16.29,30.7,62.0,3.3,8.9,186.0,CENTRO,22
2024-06-04 23:00:00,0.87,32.0,1.9,22.5,16.08,24.6,55.0,2.8,6.9,139.0,CENTRO,23
2024-06-05 00:00:00,0.98,18.0,2.6,30.6,16.0,33.4,53.0,2.9,4.0,236.0,CENTRO,0
2024-06-05 01:00:00,1.1,10.0,3.3,36.1,16.0,39.6,55.0,3.0,3.4,188.0,CENTRO,1
2024-06-05 02:00:00,1.35,5.0,14.3,43.4,16.54,57.9,58.0,4.0,5.6,182.0,CENTRO,2
2024-06-05 03:00:00,1.21,5.0,13.9,40.7,16.8,54.8,72.0,3.6,3.4,231.0,CENTRO,3
2024-06-05 04:00:00,1.06,6.0,4.9,37.1,17.91,42.3,69.0,3.2,3.8,313.0,CENTRO,4
2024-06-05 05:00:00,0.92,7.0,4.4,38.1,18.58,42.7,57.0,3.3,4.0,243.0,CENTRO,5
2024-06-05 06:00:00,0.85,9.0,3.3,36.0,19.46,39.5,53.0,3.9,3.3,268.0,CENTRO,6
2024-06-05 07:00:00,1.06,7.0,22.2,40.2,20.869999999999997,62.7,76.0,4.3,3.7,262.0,CENTRO,7
2024-06-05 08:00:00,1.23,12.0,36.0,44.5,22.875,80.8,84.0,5.4,3.0,62.0,CENTRO,8
2024-06-05 09:00:00,1.59,21.0,29.3,48.7,24.189999999999998,78.3,95.0,5.3,3.0,3.0,CENTRO,9
2024-06-05 10:00:00,1.46,34.0,16.9,44.2,24.855,61.3,99.0,5.7,4.9,42.0,CENTRO,10
2024-06-05 11:00:00,1.46,46.0,14.4,47.4,27.284999999999997,62.1,108.0,6.1,7.1,52.0,CENTRO,11
2024-06-05 12:00:00,1.22,70.0,9.1,43.3,27.89,52.7,113.0,9.0,8.5,73.0,CENTRO,12
2024-06-05 13:00:00,1.12,103.0,4.0,26.9,25.137999999999998,31.1,105.0,5.5,9.4,67.0,CENTRO,13
2024-06-05 14:00:00,1.05,115.0,3.1,19.5,21.83,22.8,97.0,5.5,10.4,62.0,CENTRO,14
2024-06-05 15:00:00,1.01,125.0,2.4,14.0,20.25,16.5,81.0,4.2,9.9,96.0,CENTRO,15
2024-06-05 16:00:00,0.93,111.0,2.3,10.8,19.0,13.3,71.0,3.4,9.5,99.0,CENTRO,16
2024-06-05 17:00:00,0.95,90.0,2.4,11.1,17.744999999999997,13.7,63.0,3.7,12.6,77.0,CENTRO,17
2024-06-05 18:00:00,1.04,64.0,2.5,10.7,17.0,13.4,66.0,3.6,17.1,80.0,CENTRO,18
2024-06-05 19:00:00,1.08,48.0,2.4,13.4,16.525,16.0,68.0,3.6,15.8,64.0,CENTRO,19
2024-06-05 20:00:00,1.09,41.0,2.3,19.8,16.0,22.3,77.0,3.0,11.5,294.0,CENTRO,20
2024-06-05 21:00:00,0.8,61.0,2.0,8.4,16.31,10.7,79.0,2.8,17.9,241.0,CENTRO,21
2024-06-05 22:00:00,0.71,67.0,2.0,5.1,16.29,7.3,71.0,2.5,13.8,230.0,CENTRO,22
2024-06-05 23:00:00,1.01,41.0,2.1999999999999997,13.0,16.08,15.3,53.0,2.4,12.4,48.0,CENTRO,23
2024-06-06 00:00:00,1.16,18.0,2.4,18.1,16.0,20.7,106.0,2.3,12.2,15.0,CENTRO,0
2024-06-06 01:00:00,1.15,11.0,3.0,21.5,16.0,24.7,104.0,2.3,8.4,1.0,CENTRO,1
2024-06-06 02:00:00,1.16,8.0,2.1,23.0,16.54,25.4,108.0,2.2,3.5,249.0,CENTRO,2
2024-06-06 03:00:00,1.09,25.0,1.9,7.4,16.8,9.6,95.0,2.3,8.5,108.0,CENTRO,3
2024-06-06 04:00:00,1.1,23.0,1.9,5.8,17.91,7.9,71.0,2.2,6.0,49.0,CENTRO,4
2024-06-06 05:00:00,1.1,21.0,1.95,7.8,18.58,9.9,72.0,2.2,5.3,31.0,CENTRO,5
2024-06-06 06:00:00,1.13,15.0,2.0,14.8,19.46,17.0,79.0,2.2,4.7,95.0,CENTRO,6
2024-06-06 07:00:00,1.2,10.0,7.6,22.8,20.869999999999997,30.6,104.0,2.3,4.5,187.0,CENTRO,7
2024-06-06 08:00:00,1.28,14.0,11.7,30.1,22.875,41.9,80.0,2.2,5.0,235.0,CENTRO,8
2024-06-06 09:00:00,1.45,13.0,14.2,30.1,24.189999999999998,44.5,80.0,2.3,7.6,63.0,CENTRO,9
2024-06-06 10:00:00,1.48,20.0,10.8,24.1,24.855,35.1,128.0,2.3,8.4,87.0,CENTRO,10
2024-06-06 11:00:00,1.36,36.0,8.0,19.9,27.284999999999997,28.2,117.0,2.2,8.7,37.0,CENTRO,11
2024-06-06 12:00:00,1.26,45.0,8.5,24.1,27.89,32.8,101.0,2.2,10.8,37.0,CENTRO,12
2024-06-06 13:00:00,1.23,61.0,5.4,20.5,25.137999999999998,26.2,102.0,2.2,10.7,57.0,CENTRO,13
2024-06-06 14:00:00,1.21,72.0,4.1,17.6,21.83,21.9,96.0,2.1,11.7,49.0,CENTRO,14
2024-06-06 15:00:00,1.18,76.0,2.5,10.2,20.25,12.8,84.0,2.2,15.6,55.0,CENTRO,15
2024-06-06 16:00:00,1.14,57.0,2.5,7.3,19.0,10.0,96.0,2.1,15.8,78.0,CENTRO,16
2024-06-06 17:00:00,1.18,49.0,2.6,8.0,17.744999999999997,10.8,84.0,2.1,15.3,81.0,CENTRO,17
2024-06-06 18:00:00,1.18,47.0,2.4,8.7,17.0,11.3,77.0,2.2,11.7,82.0,CENTRO,18
2024-06-06 19:00:00,1.24,45.0,2.1,10.4,16.525,12.7,74.0,2.2,10.2,85.0,CENTRO,19
2024-06-06 20:00:00,1.2,45.0,2.1,9.8,16.0,12.1,89.0,2.2,6.6,113.0,CENTRO,20
2024-06-06 21:00:00,1.148125,43.6875,2.98125,9.40625,16.31,12.581249999999999,84.0,2.21875,6.675,108.375,CENTRO,21
2024-06-06 22:00:00,1.09625,42.375,3.8625000000000003,9.012500000000001,16.29,13.0625,79.0,2.2375000000000003,6.75,103.75,CENTRO,22
2024-06-06 23:00:00,1.044375,41.0625,4.74375,8.61875,16.08,13.54375,74.0,2.25625,6.824999999999999,99.125,CENTRO,23
2024-06-07 00:00:00,0.9924999999999999,39.75,5.625,8.225,16.0,14.025,69.0,2.2750000000000004,6.8999999999999995,94.5,CENTRO,0
2024-06-07 01:00:00,1.67,18.5,2.5,11.6,16.0,14.4,47.0,3.5,6.4,87.0,CENTRO,1
2024-06-07 02:00:00,1.64,18.0,2.6,11.9,16.54,15.3,46.0,3.5,5.9,77.0,CENTRO,2
2024-06-07 03:00:00,1.63,17.0,2.7,13.649999999999999,16.8,17.1,47.0,3.5,5.2,73.5,CENTRO,3
2024-06-07 04:00:00,1.64,15.0,2.9,14.5,17.91,17.9,48.0,3.6,4.8,76.0,CENTRO,4
2024-06-07 05:00:00,1.64,13.0,2.9,14.1,18.58,17.6,50.0,3.6,4.1,89.0,CENTRO,5
2024-06-07 06:00:00,1.62,11.25,3.2,15.7,19.46,20.1,51.0,3.6,4.0,118.0,CENTRO,6
2024-06-07 07:00:00,1.666,10.0,7.5,18.7,20.869999999999997,27.0,54.0,3.6,3.9,142.0,CENTRO,7
2024-06-07 08:00:00,0.5774999999999999,29.25,12.675,5.075,22.875,17.875,29.0,2.4250000000000003,7.5,57.5,CENTRO,8
2024-06-07 09:00:00,0.5256249999999999,27.9375,13.55625,4.68125,24.189999999999998,18.35625,24.0,2.44375,7.575,52.875,CENTRO,9
2024-06-07 10:00:00,0.47374999999999995,26.625,14.4375,4.2875,24.855,18.837500000000002,19.0,2.4625,7.6499999999999995,48.25,CENTRO,10
2024-06-07 11:00:00,0.42187499999999994,25.3125,15.318750000000001,3.89375,27.284999999999997,19.31875,14.000000000000002,2.48125,7.725,43.625,CENTRO,11
2024-06-07 12:00:00,0.37,24.0,16.2,3.5,27.89,19.8,9.0,2.5,7.8,39.0,CENTRO,12
2024-06-07 13:00:00,0.1,73.0,3.1,10.5,25.137999999999998,13.9,24.333333333333332,4.0,13.8,59.0,CENTRO,13
2024-06-07 14:00:00,0.31,70.0,3.0,9.7,21.83,12.9,39.666666666666664,3.5,16.5,48.0,CENTRO,14
2024-06-07 15:00:00,0.65,68.0,2.9,8.2,20.25,11.3,55.0,3.2,15.9,64.0,CENTRO,15
2024-06-07 16:00:00,0.99,66.0,2.6,7.3,19.0,10.1,45.0,2.7,15.1,92.0,CENTRO,16
2024-06-07 17:00:00,1.2,67.0,2.7,8.1,17.744999999999997,10.9,43.0,2.4,14.3,117.0,CENTRO,17
2024-06-07 18:00:00,1.38,67.0,2.3,8.2,17.0,10.7,39.0,2.3,16.0,93.0,CENTRO,18
2024-06-07 19:00:00,1.54,62.0,2.3,8.1,16.525,10.6,51.0,2.3,15.5,105.0,CENTRO,19
2024-06-07 20:00:00,1.64,58.0,1.9,11.0,16.0,13.1,61.0,2.2,12.6,123.0,CENTRO,20
2024-06-07 21:00:00,1.73,56.0,1.9,11.1,16.31,13.3,54.0,2.2,10.1,131.0,CENTRO,21
2024-06-07 22:00:00,1.78,55.0,1.8666666666666667,10.9,16.29,12.9,52.0,2.1,9.1,117.0,CENTRO,22
2024-06-07 23:00:00,1.75,46.0,1.8333333333333333,9.2,16.08,11.3,59.0,2.1,11.0,122.0,CENTRO,23
2024-06-08 00:00:00,1.68,44.0,1.8,6.1,16.0,8.1,56.0,2.1,11.0,100.0,CENTRO,0
2024-06-08 01:00:00,1.72,37.0,1.8,7.8,16.0,9.8,55.0,2.2,9.2,67.0,CENTRO,1
2024-06-08 02:00:00,1.74,29.0,1.9,8.9,16.54,10.9,54.0,2.2,8.7,28.0,CENTRO,2
2024-06-08 03:00:00,1.7149999999999999,25.5,1.95,10.8,16.8,12.9,54.0,2.25,7.3999999999999995,35.0,CENTRO,3
2024-06-08 04:00:00,1.69,22.0,2.0,12.7,17.91,14.9,54.0,2.3,6.1,42.0,CENTRO,4
2024-06-08 05:00:00,1.78,15.0,2.0,19.9,18.58,22.1,56.0,2.6,5.4,22.0,CENTRO,5
2024-06-08 06:00:00,1.75,12.0,3.2,20.3,19.46,23.7,63.0,3.0,6.0,60.0,CENTRO,6
2024-06-08 07:00:00,1.79,10.0,7.9,22.1,20.869999999999997,30.2,61.0,3.3,6.0,74.0,CENTRO,7
2024-06-08 08:00:00,1.86,18.0,6.5,16.4,22.875,23.1,66.0,3.1,6.1,84.0,CENTRO,8
2024-06-08 09:00:00,1.98,22.0,9.2,17.7,24.189999999999998,27.2,57.0,3.3,6.4,44.0,CENTRO,9
2024-06-08 10:00:00,1.96,26.0,13.8,24.3,24.855,38.3,65.0,4.0,8.1,39.0,CENTRO,10
2024-06-08 11:00:00,1.94,39.0,10.1,25.8,27.284999999999997,36.1,74.0,4.3,8.0,47.0,CENTRO,11
2024-06-08 12:00:00,1.94,52.0,7.6,24.8,27.89,32.6,81.0,3.7,8.5,62.0,CENTRO,12
2024-06-08 13:00:00,1.95,66.0,4.5,17.8,25.137999999999998,22.5,77.0,3.1,9.8,54.0,CENTRO,13
2024-06-08 14:00:00,1.96,60.0,2.3,10.4,21.83,12.9,74.0,2.6,9.5,72.0,CENTRO,14
2024-06-08 15:00:00,1.97,47.0,2.5,11.7,20.25,14.4,68.0,2.3,10.0,66.0,CENTRO,15
2024-06-08 16:00:00,1.91,45.0,2.3,7.9,19.0,10.4,68.0,2.2,11.6,107.0,CENTRO,16
2024-06-08 17:00:00,1.88,49.0,2.4,6.6,17.744999999999997,9.3,60.0,2.3,12.2,108.0,CENTRO,17
2024-06-08 18:00:00,1.83,57.0,2.4,8.0,17.0,10.6,48.0,2.4,12.2,113.0,CENTRO,18
2024-06-08 19:00:00,1.79,56.0,2.1,10.2,16.525,12.5,40.0,2.4,5.6,79.0,CENTRO,19
2024-06-08 20:00:00,1.91,49.0,1.9,15.3,16.0,17.4,39.0,2.4,4.5,41.0,CENTRO,20
2024-06-08 21:00:00,2.05,34.0,1.9,26.0,16.31,28.1,42.0,2.4,6.8,94.0,CENTRO,21
2024-06-08 22:00:00,1.79,55.0,1.8,7.8,16.29,9.8,44.0,2.2,10.4,97.0,CENTRO,22
2024-06-08 23:00:00,1.78,51.0,1.8,9.4,16.08,11.4,37.0,2.3,9.7,85.0,CENTRO,23
2024-06-09 00:00:00,1.8,44.0,1.8333333333333333,4.7,16.0,6.7,39.0,2.3,11.7,96.0,CENTRO,0
2024-06-09 01:00:00,1.81,47.0,1.8666666666666667,4.4,16.0,6.4,40.0,2.3,6.4,70.0,CENTRO,1
2024-06-09 02:00:00,2.16,25.0,1.9,16.2,16.54,18.3,38.0,2.4,6.4,4.0,CENTRO,2
2024-06-09 03:00:00,2.04,19.0,1.9,17.2,16.8,19.3,53.0,2.7,6.3,22.0,CENTRO,3
2024-06-09 04:00:00,1.97,23.0,1.85,13.3,17.91,15.4,54.0,2.6,6.6,31.0,CENTRO,4
2024-06-09 05:00:00,1.88,30.0,1.8,9.7,18.58,11.8,54.0,2.6,5.6,65.0,CENTRO,5
2024-06-09 06:00:00,1.88,22.0,2.1,15.8,19.46,18.0,44.0,2.7,3.2,317.0,CENTRO,6
2024-06-09 07:00:00,1.99,8.0,11.1,32.7,20.869999999999997,44.0,44.0,3.5,2.2,240.0,CENTRO,7
2024-06-09 08:00:00,2.14,16.0,11.6,27.7,22.875,39.5,50.0,3.9,5.1,47.0,CENTRO,8
2024-06-09 09:00:00,2.19,24.0,12.6,25.7,24.189999999999998,38.4,67.0,3.7,5.5,47.0,CENTRO,9
2024-06-09 10:00:00,2.17,35.0,9.7,24.4,24.855,34.3,70.0,4.1,6.2,69.0,CENTRO,10
2024-06-09 11:00:00,2.11,53.0,5.3,17.5,27.284999999999997,23.0,61.0,3.9,8.0,62.0,CENTRO,11
2024-06-09 12:00:00,2.07,77.0,3.3,13.6,27.89,17.0,58.0,3.6,10.1,70.0,CENTRO,12
2024-06-09 13:00:00,2.03,101.0,2.5,10.0,25.137999999999998,12.4,59.0,3.5,11.4,63.0,CENTRO,13
2024-06-09 14:00:00,2.02,105.0,2.0,9.2,21.83,11.5,59.0,3.1,10.9,60.0,CENTRO,14
2024-06-09 15:00:00,2.03,89.0,2.0,7.8,20.25,10.0,59.0,2.8,12.3,101.0,CENTRO,15
2024-06-09 16:00:00,1.99,76.0,1.9,5.8,19.0,8.0,47.0,2.6,14.4,123.0,CENTRO,16
2024-06-09 17:00:00,1.98,77.0,2.0,5.6,17.744999999999997,7.7,47.0,2.7,12.3,127.0,CENTRO,17
2024-06-09 18:00:00,1.98,70.0,2.1,8.4,17.0,10.7,49.0,3.0,13.2,101.0,CENTRO,18
2024-06-09 19:00:00,1.93,46.0,2.9,16.4,16.525,19.6,101.0,3.7,7.8,79.0,CENTRO,19
2024-06-09 20:00:00,1.98,45.0,1.8,13.6,16.0,15.6,124.0,3.1,4.0,233.0,CENTRO,20
2024-06-09 21:00:00,2.09,33.0,2.0,21.8,16.31,23.9,106.0,3.3,8.8,47.0,CENTRO,21
2024-06-09 22:00:00,2.12,26.0,2.0,18.1,16.29,20.3,85.0,3.0,6.8,329.0,CENTRO,22
2024-06-09 23:00:00,2.15,20.0,1.9,22.8,16.08,24.8,63.0,2.9,3.4,275.0,CENTRO,23
2024-06-10 00:00:00,2.29,16.0,2.2,25.4,16.0,27.7,56.0,2.8,7.0,12.0,CENTRO,0
2024-06-10 01:00:00,2.04,26.0,1.9,16.2,16.0,18.2,64.0,3.3,5.9,60.0,CENTRO,1
2024-06-10 02:00:00,2.04,15.0,2.9,27.7,16.54,30.8,50.0,4.1,7.8,8.0,CENTRO,2
2024-06-10 03:00:00,2.06,17.0,2.2,23.5,16.8,25.9,51.0,3.4,4.8,356.0,CENTRO,3
2024-06-10 04:00:00,2.07,24.0,1.8,11.5,17.91,13.5,47.0,2.9,4.2,305.0,CENTRO,4
2024-06-10 05:00:00,2.17,18.0,1.8,12.0,18.58,14.0,38.0,2.6,3.3,293.0,CENTRO,5
2024-06-10 06:00:00,2.14,17.0,1.9,13.3,19.46,15.4,48.0,2.6,2.3,260.0,CENTRO,6
2024-06-10 07:00:00,2.18,13.0,5.0,18.7,20.869999999999997,23.9,61.0,2.6,3.8,353.0,CENTRO,7
2024-06-10 08:00:00,2.34,11.0,20.7,24.9,22.875,45.8,59.0,2.6,6.0,33.0,CENTRO,8
2024-06-10 09:00:00,2.56,16.0,20.6,27.2,24.189999999999998,48.0,75.0,2.8,8.1,359.0,CENTRO,9
2024-06-10 10:00:00,2.38,30.0,6.8,19.6,24.855,26.7,94.0,2.5,9.9,23.0,CENTRO,10
2024-06-10 11:00:00,2.26,39.0,8.0,20.7,27.284999999999997,29.0,94.0,2.4,6.9,57.0,CENTRO,11
2024-06-10 12:00:00,2.15,48.0,5.5,16.5,27.89,22.2,85.0,2.6,8.0,73.0,CENTRO,12
2024-06-10 13:00:00,2.17,61.0,3.4,15.4,25.137999999999998,19.0,67.0,2.5,11.1,40.0,CENTRO,13
2024-06-10 14:00:00,2.08,50.0,3.3,9.1,21.83,12.6,87.0,2.5,10.6,182.0,CENTRO,14
2024-06-10 15:00:00,2.13,53.0,3.2,8.9,20.25,12.2,55.0,2.3,7.3,98.0,CENTRO,15
2024-06-10 16:00:00,2.08,55.0,2.5,6.9,19.0,9.6,50.0,2.2,7.9,119.0,CENTRO,16
2024-06-10 17:00:00,2.08,53.0,2.4,5.9,17.744999999999997,8.5,53.0,2.2,7.6,101.0,CENTRO,17
2024-06-10 18:00:00,2.11,56.0,2.6,8.9,17.0,11.8,51.0,2.3,7.9,105.0,CENTRO,18
2024-06-10 19:00:00,2.11,50.0,2.2,8.7,16.525,11.2,55.0,2.4,8.2,115.0,CENTRO,19
2024-06-10 20:00:00,2.13,48.0,2.0,9.2,16.0,11.5,63.0,2.3,9.3,133.0,CENTRO,20
2024-06-10 21:00:00,2.13,43.0,1.8,9.8,16.31,11.9,71.0,2.5,7.2,116.0,CENTRO,21
2024-06-10 22:00:00,2.23,27.0,3.2,18.9,16.29,22.3,63.0,2.5,6.4,74.0,CENTRO,22
2024-06-10 23:00:00,2.15,33.0,2.0,11.2,16.08,13.3,72.0,2.4,6.2,90.0,CENTRO,23
2024-06-11 00:00:00,2.1,28.0,1.9,12.7,16.0,14.8,51.0,2.2,8.1,82.0,CENTRO,0
2024-06-11 01:00:00,2.2,17.0,2.1,19.4,16.0,21.7,56.0,2.4,5.1,25.0,CENTRO,1
2024-06-11 02:00:00,2.18,14.0,2.5,20.3,16.54,23.0,72.0,2.4,9.1,41.0,CENTRO,2
2024-06-11 03:00:00,2.11,16.0,2.7,16.1,16.8,19.0,63.0,2.3,7.4,30.0,CENTRO,3
2024-06-11 04:00:00,2.1,16.0,2.1,15.4,17.91,17.7,58.0,2.6,5.7,12.0,CENTRO,4
2024-06-11 05:00:00,2.18,11.0,2.5,22.8,18.58,25.5,65.0,2.5,6.1,24.0,CENTRO,5
2024-06-11 06:00:00,2.38,12.0,2.3,22.9,19.46,25.4,60.0,2.6,3.7,104.0,CENTRO,6
2024-06-11 07:00:00,2.34,8.0,10.0,25.1,20.869999999999997,35.3,69.0,2.5,3.1,291.0,CENTRO,7
2024-06-11 08:00:00,2.51,12.0,18.6,28.7,22.875,47.6,71.0,2.8,3.9,50.0,CENTRO,8
2024-06-11 09:00:00,2.68,23.0,16.0,30.3,24.189999999999998,46.6,74.0,2.9,5.8,12.0,CENTRO,9
2024-06-11 10:00:00,2.7,35.0,12.6,33.8,24.855,46.7,74.0,3.5,4.7,5.0,CENTRO,10
2024-06-11 11:00:00,2.56,47.0,9.5,31.9,27.284999999999997,41.6,86.0,4.6,6.8,47.0,CENTRO,11
2024-06-11 12:00:00,2.33,78.0,4.2,21.6,27.89,25.9,92.0,4.2,10.9,52.0,CENTRO,12
2024-06-11 13:00:00,2.17,85.0,2.7,12.4,25.137999999999998,15.3,80.0,3.5,12.4,58.0,CENTRO,13
2024-06-11 14:00:00,2.1,88.0,2.4,10.5,21.83,13.1,70.0,5.9,12.0,60.0,CENTRO,14
2024-06-11 15:00:00,2.03,72.0,2.5,8.6,20.25,11.3,63.0,5.4,12.5,48.0,CENTRO,15
2024-06-11 16:00:00,1.96,60.0,2.7,7.6,19.0,10.5,53.0,3.7,13.3,57.0,CENTRO,16
2024-06-11 17:00:00,1.89,55.0,2.7,7.1,17.744999999999997,10.0,42.0,3.5,14.4,72.0,CENTRO,17
2024-06-11 18:00:00,1.91,52.0,2.45,7.5,17.0,10.4,42.0,3.0,11.9,102.0,CENTRO,18
2024-06-11 19:00:00,1.93,49.0,2.2,8.5,16.525,11.0,37.0,2.7,12.5,108.0,CENTRO,19
2024-06-11 20:00:00,2.0,41.0,2.0,12.5,16.0,14.8,33.0,2.7,10.8,115.0,CENTRO,20
2024-06-11 21:00:00,1.97,41.0,2.0,11.2,18.765811518324607,13.4,36.0,2.7,10.9,109.0,CENTRO,21
2024-06-11 22:00:00,1.95,39.0,1.8,8.6,18.676858638743454,10.6,40.0,2.7,12.8,113.0,CENTRO,22
2024-06-11 23:00:00,1.98,33.0,1.8,6.4,18.587905759162304,8.4,59.0,2.6,12.9,80.0,CENTRO,23
2024-06-12 00:00:00,1.99,26.0,1.8,6.1,18.49895287958115,8.1,55.0,2.5,10.8,66.0,CENTRO,0
2024-06-12 01:00:00,1.98,22.0,1.8,4.6,18.41,6.6,47.0,2.4,12.7,61.0,CENTRO,1
2024-06-12 02:00:00,1.97,21.0,1.8,4.3,18.37,6.3,49.0,2.4,11.2,77.0,CENTRO,2
2024-06-12 03:00:00,1.97,21.0,1.8,4.1,19.85,6.1,39.0,2.3,8.9,74.0,CENTRO,3
2024-06-12 04:00:00,1.97,18.0,1.8,6.0,21.48,8.1,40.0,2.3,6.6,40.0,CENTRO,4
2024-06-12 05:00:00,1.97,20.0,1.8,5.1,21.52,7.1,43.0,2.3,5.6,19.0,CENTRO,5
2024-06-12 06:00:00,2.06,10.0,2.5,15.2,24.47,17.9,39.0,2.3,5.4,327.0,CENTRO,6
2024-06-12 07:00:00,2.14,9.0,7.9,16.7,25.59,24.8,58.0,2.4,4.2,94.0,CENTRO,7
2024-06-12 08:00:00,2.43,10.0,23.1,25.7,36.36,49.0,62.0,2.6,6.4,33.0,CENTRO,8
2024-06-12 09:00:00,2.64,18.0,17.7,28.5,35.55,46.4,92.0,2.8,5.9,359.0,CENTRO,9
2024-06-12 10:00:00,2.62,30.0,14.2,31.0,39.57,45.4,84.0,3.1,8.5,32.0,CENTRO,10
2024-06-12 11:00:00,2.34,47.0,8.3,26.0,39.23,34.5,95.0,3.1,9.4,48.0,CENTRO,11
2024-06-12 12:00:00,2.14,66.0,3.7,14.0,33.07,17.8,90.0,3.2,11.4,49.0,CENTRO,12
2024-06-12 13:00:00,2.09,63.0,2.8,9.2,30.42,12.2,69.0,3.3,14.5,56.0,CENTRO,13
2024-06-12 14:00:00,2.04,51.0,2.8,6.6,26.1,9.6,59.0,2.9,15.4,57.0,CENTRO,14
2024-06-12 15:00:00,2.02,49.0,2.8,6.1,24.97,9.2,46.0,2.7,16.0,66.0,CENTRO,15
2024-06-12 16:00:00,1.76,48.0,2.8,6.1,24.43,9.2,49.0,2.6,15.2,77.0,CENTRO,16
2024-06-12 17:00:00,0.75,47.0,2.8,6.7,23.33,9.7,43.0,2.7,13.8,83.0,CENTRO,17
2024-06-12 18:00:00,0.74,44.0,2.9,8.1,22.28,11.3,41.0,2.7,13.3,84.0,CENTRO,18
2024-06-12 19:00:00,0.73,43.0,2.3,7.9,21.42,10.4,40.0,3.6,11.2,106.0,CENTRO,19
2024-06-12 20:00:00,0.71,40.0,1.9,8.9,19.26,11.0,34.0,3.2,9.9,107.0,CENTRO,20
2024-06-12 21:00:00,0.73,34.0,1.9,11.5,19.36,13.6,38.0,2.6,8.7,122.0,CENTRO,21
2024-06-12 22:00:00,0.69,33.0,1.8,9.1,18.2,11.2,37.0,2.6,11.6,109.0,CENTRO,22
2024-06-12 23:00:00,0.66,26.0,2.0,7.3,12.04,9.6,40.0,2.4,12.2,106.0,CENTRO,23
2024-06-13 00:00:00,0.66,23.0,1.8,6.8,11.55,8.9,39.0,2.4,7.9,77.0,CENTRO,0
2024-06-13 01:00:00,0.63,24.0,1.8,4.9,11.03,6.9,39.0,2.4,11.2,82.0,CENTRO,1
2024-06-13 02:00:00,0.6,23.0,1.8,4.7,10.5,6.7,37.0,2.3,10.2,70.0,CENTRO,2
2024-06-13 03:00:00,0.62,20.0,1.8,5.5,10.75,7.6,37.0,2.4,8.5,49.0,CENTRO,3
2024-06-13 04:00:00,0.61,16.0,3.1,8.5,13.52,11.8,34.0,2.5,8.1,35.0,CENTRO,4
2024-06-13 05:00:00,0.62,14.0,3.6,9.3,13.64,13.1,37.0,2.5,7.0,34.0,CENTRO,5
2024-06-13 06:00:00,0.65,6.0,6.9,15.7,16.9,22.8,39.0,3.5,6.8,37.0,CENTRO,6
2024-06-13 07:00:00,0.71,7.0,12.8,16.1,17.72,29.2,46.0,4.2,6.5,59.0,CENTRO,7
2024-06-13 08:00:00,0.91,10.0,22.4,19.8,20.65,42.4,53.0,4.2,6.4,66.0,CENTRO,8
2024-06-13 09:00:00,1.07,15.0,25.0,25.8,24.27,50.9,66.0,4.0,7.0,33.0,CENTRO,9
2024-06-13 10:00:00,1.05,24.0,16.5,25.6,22.97,42.3,71.0,3.6,9.9,46.0,CENTRO,10
2024-06-13 11:00:00,0.9,36.0,10.3,22.3,21.81,32.8,72.0,3.8,9.0,49.0,CENTRO,11
2024-06-13 12:00:00,0.8,60.0,4.4,14.9,19.45,19.5,63.0,4.0,11.2,50.0,CENTRO,12
2024-06-13 13:00:00,0.68,59.0,2.8,7.7,15.36,10.8,57.0,5.3,14.0,60.0,CENTRO,13
2024-06-13 14:00:00,0.65,48.0,3.0,6.2,13.77,9.4,47.0,3.3,16.5,60.0,CENTRO,14
2024-06-13 15:00:00,0.65,47.0,2.9,6.0,14.89,9.1,43.0,2.9,16.0,65.0,CENTRO,15
2024-06-13 16:00:00,0.62,47.0,2.6,5.4,14.87,8.3,40.0,2.9,12.9,81.0,CENTRO,16
2024-06-13 17:00:00,0.62,46.0,2.8,6.3,16.69,9.4,31.0,3.6,12.5,88.0,CENTRO,17
2024-06-13 18:00:00,0.62,45.0,2.8,8.2,18.5,11.2,35.0,3.8,11.3,107.0,CENTRO,18
2024-06-13 19:00:00,0.64,44.0,3.1,8.9,17.66,12.2,35.0,4.1,10.5,135.0,CENTRO,19
2024-06-13 20:00:00,0.63,41.0,2.1,9.3,16.07,11.6,33.0,3.8,8.9,130.0,CENTRO,20
2024-06-13 21:00:00,0.68,33.0,2.1,13.7,15.71,16.0,37.0,2.7,8.9,125.0,CENTRO,21
2024-06-13 22:00:00,0.62,31.0,1.9,8.8,14.11,10.9,38.0,4.3,15.3,105.0,CENTRO,22
2024-06-13 23:00:00,0.62,21.0,2.1,5.7,11.01,8.1,41.0,2.7,15.7,96.0,CENTRO,23
2024-06-14 00:00:00,0.62,19.0,2.0,5.2,10.57,7.5,40.0,2.5,13.8,72.0,CENTRO,0
2024-06-14 01:00:00,0.61,20.0,1.9,4.1,9.57,6.1,37.0,2.4,10.7,82.0,CENTRO,1
2024-06-14 02:00:00,0.59,17.0,2.0,6.4,10.03,8.7,29.0,2.4,9.2,64.0,CENTRO,2
2024-06-14 03:00:00,0.59,18.0,1.9,5.6,9.63,7.7,35.0,2.4,9.2,51.0,CENTRO,3
2024-06-14 04:00:00,0.58,18.0,1.8,4.2,8.96,6.2,33.0,2.3,9.4,37.0,CENTRO,4
2024-06-14 05:00:00,0.59,14.0,1.9,6.0,9.48,8.1,34.0,2.3,7.4,29.0,CENTRO,5
2024-06-14 06:00:00,0.62,6.0,10.1,14.5,15.64,24.9,36.0,2.6,7.8,26.0,CENTRO,6
2024-06-14 07:00:00,0.72,6.0,10.8,14.8,16.89,25.9,46.0,3.1,7.6,27.0,CENTRO,7
2024-06-14 08:00:00,0.82,10.0,17.1,15.5,17.02,32.8,63.0,3.0,6.6,56.0,CENTRO,8
2024-06-14 09:00:00,1.1,18.0,13.5,18.1,18.11,31.9,70.0,3.1,6.5,358.0,CENTRO,9
2024-06-14 10:00:00,1.04,26.0,14.7,26.0,21.89,40.9,56.0,3.1,8.1,30.0,CENTRO,10
2024-06-14 11:00:00,0.88,44.0,8.1,23.6,25.43,32.0,68.0,3.6,9.5,52.0,CENTRO,11
2024-06-14 12:00:00,0.83,65.0,3.8,14.5,18.44,18.5,71.0,3.3,12.1,47.0,CENTRO,12
2024-06-14 13:00:00,0.68,62.0,2.9,8.9,15.59,12.0,63.0,4.7,14.7,54.0,CENTRO,13
2024-06-14 14:00:00,0.64,53.0,3.3,7.7,14.56,11.2,52.0,6.6,16.5,62.0,CENTRO,14
2024-06-14 15:00:00,0.64,47.0,3.3,6.9,14.21,10.5,41.0,5.3,16.4,73.0,CENTRO,15
2024-06-14 16:00:00,0.62,47.0,3.4,7.1,16.62,10.7,41.0,5.7,16.3,69.0,CENTRO,16
2024-06-14 17:00:00,0.62,44.0,3.5,7.8,14.39,11.5,44.0,5.3,16.4,73.0,CENTRO,17
2024-06-14 18:00:00,0.61,40.0,3.2,8.5,12.35,11.9,38.0,4.5,13.3,91.0,CENTRO,18
2024-06-14 19:00:00,0.63,36.0,2.8,9.7,10.27,12.7,29.0,3.3,12.2,102.0,CENTRO,19
2024-06-14 20:00:00,0.59,33.0,2.2,8.7,9.01,11.1,25.0,2.8,12.4,101.0,CENTRO,20
2024-06-14 21:00:00,0.59,30.0,1.9,7.9,9.8,10.1,30.0,3.8,14.6,86.0,CENTRO,21
2024-06-14 22:00:00,0.59,23.0,2.1,6.7,11.3,9.0,35.0,3.3,17.2,105.0,CENTRO,22
2024-06-14 23:00:00,0.58,21.0,1.9,4.5,9.74,6.6,38.0,2.6,16.6,96.0,CENTRO,23
2024-06-15 00:00:00,0.57,20.0,2.3,4.8,10.2,7.3,42.0,2.5,13.0,90.0,CENTRO,0
2024-06-15 01:00:00,0.55,21.0,1.8,4.2,9.9,6.2,42.0,2.5,13.6,99.0,CENTRO,1
2024-06-15 02:00:00,0.54,20.0,1.8,4.8,9.73,6.9,36.0,2.3,12.5,110.0,CENTRO,2
2024-06-15 03:00:00,0.55,18.0,2.0,5.1,9.65,7.3,32.0,2.3,9.7,62.0,CENTRO,3
2024-06-15 04:00:00,0.56,17.0,1.8,5.0,10.07,7.0,37.0,2.3,10.3,48.0,CENTRO,4
2024-06-15 05:00:00,0.57,14.0,2.0,5.9,10.41,8.2,40.0,2.3,9.2,31.0,CENTRO,5
2024-06-15 06:00:00,0.59,9.0,3.4,9.8,12.08,13.4,32.0,2.3,7.8,27.0,CENTRO,6
2024-06-15 07:00:00,0.63,8.0,8.4,11.7,13.87,20.4,42.0,3.2,7.7,40.0,CENTRO,7
2024-06-15 08:00:00,0.66,9.0,17.0,12.7,18.29,30.1,43.0,4.4,7.7,39.0,CENTRO,8
2024-06-15 09:00:00,0.73,16.0,13.1,14.5,16.56,27.9,52.0,4.5,5.4,1.0,CENTRO,9
2024-06-15 10:00:00,0.85,26.0,11.0,19.2,19.04,30.5,56.0,3.5,6.8,346.0,CENTRO,10
2024-06-15 11:00:00,0.71,35.0,7.3,14.1,16.75,21.6,59.0,3.7,10.5,42.0,CENTRO,11
2024-06-15 12:00:00,0.66,42.0,3.5,8.0,13.26,11.7,48.0,2.9,14.3,45.0,CENTRO,12
2024-06-15 13:00:00,0.63,40.0,3.2,6.3,12.3,9.8,49.0,2.7,16.3,52.0,CENTRO,13
2024-06-15 14:00:00,0.61,39.0,3.0,5.7,12.1,9.0,50.0,2.6,17.1,68.0,CENTRO,14
2024-06-15 15:00:00,0.56,40.0,2.7,4.8,11.11,7.8,39.0,2.6,15.7,71.0,CENTRO,15
2024-06-15 16:00:00,0.53,41.0,2.7,4.9,10.29,7.8,34.0,2.5,14.1,87.0,CENTRO,16
2024-06-15 17:00:00,0.49,41.0,2.3,3.8,9.77,6.4,35.0,2.4,12.1,106.0,CENTRO,17
2024-06-15 18:00:00,0.48,40.0,2.5,4.6,9.01,7.3,31.0,2.3,12.3,104.0,CENTRO,18
2024-06-15 19:00:00,0.48,40.0,2.1,5.1,8.57,7.5,28.0,2.5,13.0,101.0,CENTRO,19
2024-06-15 20:00:00,0.51,33.0,2.0,6.9,9.87,9.2,28.0,2.4,13.3,87.0,CENTRO,20
2024-06-15 21:00:00,0.51,31.0,1.9,5.7,10.01,7.8,26.0,2.3,15.1,91.0,CENTRO,21
2024-06-15 22:00:00,0.52,28.0,1.9,5.6,10.81,7.7,30.0,2.3,15.8,103.0,CENTRO,22
2024-06-15 23:00:00,0.57,26.0,2.3,5.0,12.68,7.5,42.0,2.3,16.0,77.0,CENTRO,23
2024-06-16 00:00:00,0.57,26.0,1.8,4.1,11.87,6.1,43.0,2.4,13.3,77.0,CENTRO,0
2024-06-16 01:00:00,0.57,24.0,1.8,4.6,11.78,6.6,38.0,2.3,11.0,76.0,CENTRO,1
2024-06-16 02:00:00,0.56,21.0,1.9,5.1,10.75,7.2,39.0,2.3,8.9,82.0,CENTRO,2
2024-06-16 03:00:00,0.54,21.0,1.8,3.6,10.37,5.6,31.0,2.2,9.4,74.0,CENTRO,3
2024-06-16 04:00:00,0.56,19.0,1.8,4.4,10.94,6.3,33.0,2.2,9.7,35.0,CENTRO,4
2024-06-16 05:00:00,0.56,18.0,1.8,4.4,11.19,6.4,36.0,2.3,8.0,40.0,CENTRO,5
2024-06-16 06:00:00,0.56,17.0,2.0,4.5,11.82,6.6,31.0,2.3,7.7,35.0,CENTRO,6
2024-06-16 07:00:00,0.57,13.0,3.8,7.1,12.76,11.2,31.0,2.4,6.7,37.0,CENTRO,7
2024-06-16 08:00:00,0.59,12.0,11.8,11.6,16.69,23.7,39.0,3.3,6.4,43.0,CENTRO,8
2024-06-16 09:00:00,0.69,18.0,9.3,11.5,17.19,21.0,48.0,3.9,7.9,23.0,CENTRO,9
2024-06-16 10:00:00,0.67,27.0,8.1,13.2,19.39,21.5,44.0,4.1,7.6,25.0,CENTRO,10
2024-06-16 11:00:00,0.61,39.0,4.5,10.0,18.03,14.8,48.0,3.8,10.2,45.0,CENTRO,11
2024-06-16 12:00:00,0.61,42.0,2.7,5.7,14.86,8.7,47.0,3.0,12.5,41.0,CENTRO,12
2024-06-16 13:00:00,0.65,38.0,3.3,5.5,16.36,9.1,48.0,2.8,15.6,52.0,CENTRO,13
2024-06-16 14:00:00,0.71,38.0,2.7,4.5,21.78,7.5,40.0,2.7,13.8,73.0,CENTRO,14
2024-06-16 15:00:00,0.63,38.0,2.6,3.9,14.84,6.8,40.0,2.4,13.9,76.0,CENTRO,15
2024-06-16 16:00:00,0.57,41.0,2.6,4.0,13.46,6.8,35.0,2.5,15.2,68.0,CENTRO,16
2024-06-16 17:00:00,0.52,45.0,2.5,4.0,12.24,6.8,31.0,2.6,13.5,81.0,CENTRO,17
2024-06-16 18:00:00,0.49,45.0,2.2,3.4,11.35,5.8,30.0,2.7,13.8,97.0,CENTRO,18
2024-06-16 19:00:00,0.49,41.0,2.1,4.3,11.59,6.6,30.0,2.4,13.3,92.0,CENTRO,19
2024-06-16 20:00:00,0.48,39.0,2.0,5.3,13.0,7.5,32.0,2.4,14.3,80.0,CENTRO,20
2024-06-16 21:00:00,0.44,39.0,1.9,4.7,10.19,6.8,27.0,2.4,13.6,95.0,CENTRO,21
2024-06-16 22:00:00,0.53,28.0,1.9,5.0,11.36,7.1,27.0,2.3,14.3,95.0,CENTRO,22
2024-06-16 23:00:00,0.53,24.0,1.9,3.8,9.81,5.9,37.0,2.3,14.4,90.0,CENTRO,23
2024-06-17 00:00:00,0.52,23.0,1.8,3.3,8.87,5.4,40.0,2.4,14.8,77.0,CENTRO,0
2024-06-17 01:00:00,0.52,22.0,1.8,3.0,8.23,5.1,40.0,2.3,12.1,80.0,CENTRO,1
2024-06-17 02:00:00,0.51,21.0,1.8,3.8,8.0,5.8,31.0,2.4,11.2,88.0,CENTRO,2
2024-06-17 03:00:00,0.52,19.0,1.8,3.9,8.0,5.9,34.0,2.2,9.1,50.0,CENTRO,3
2024-06-17 04:00:00,0.51,19.0,1.8,3.9,7.0,5.9,31.0,2.3,8.8,46.0,CENTRO,4
2024-06-17 05:00:00,0.51,19.0,1.8,3.7,8.0,5.7,30.0,2.3,9.0,48.0,CENTRO,5
2024-06-17 06:00:00,0.51,17.0,1.9,5.4,8.0,7.5,35.0,2.3,5.7,53.0,CENTRO,6
2024-06-17 07:00:00,0.57,14.0,3.7,9.2,9.0,13.1,33.0,2.3,9.2,53.0,CENTRO,7
2024-06-17 08:00:00,0.62,16.0,5.4,7.9,9.0,13.6,31.0,2.2,7.9,54.0,CENTRO,8
2024-06-17 09:00:00,0.65,19.0,6.6,8.3,9.11,15.2,38.0,2.2,8.3,39.0,CENTRO,9
2024-06-17 10:00:00,0.63,22.0,8.2,10.0,13.0,18.4,31.0,2.4,9.5,56.0,CENTRO,10
2024-06-17 11:00:00,0.6,31.0,4.8,7.9,12.0,13.0,42.0,2.5,10.0,54.0,CENTRO,11
2024-06-17 12:00:00,0.6,35.0,4.2,7.5,12.0,12.0,36.0,2.4,10.6,41.0,CENTRO,12
2024-06-17 13:00:00,0.61,39.0,3.3,6.3,12.24,9.8,36.0,2.5,13.6,48.0,CENTRO,13
2024-06-17 14:00:00,0.56,40.0,3.0,5.7,12.05,9.0,35.0,2.4,13.6,52.0,CENTRO,14
2024-06-17 15:00:00,0.53,40.0,3.0,5.6,11.0,8.8,38.0,2.4,15.2,63.0,CENTRO,15
2024-06-17 16:00:00,0.51,41.0,3.1,6.0,11.0,9.3,34.0,2.5,17.1,68.0,CENTRO,16
2024-06-17 17:00:00,0.47,41.0,3.0,6.0,13.0,9.2,41.0,2.5,16.0,86.0,CENTRO,17
2024-06-17 18:00:00,0.46,39.0,3.1,6.3,10.0,9.6,33.0,2.4,11.7,103.0,CENTRO,18
2024-06-17 19:00:00,0.48,35.0,2.6,6.8,9.0,9.6,26.0,2.4,13.7,97.0,CENTRO,19
2024-06-17 20:00:00,0.48,32.0,2.3,7.0,9.0,9.5,28.0,2.6,15.7,85.0,CENTRO,20
2024-06-17 21:00:00,0.46,29.0,2.3,6.1,9.25,8.7,31.0,2.5,15.6,91.0,CENTRO,21
2024-06-17 22:00:00,0.51,24.0,1.9,5.4,8.0,7.6,46.0,2.3,15.3,89.0,CENTRO,22
2024-06-17 23:00:00,0.51,23.0,1.9,4.7,7.0,6.8,44.0,2.4,14.9,96.0,CENTRO,23
2024-06-18 00:00:00,0.48,23.0,1.8,4.3,8.0,6.3,39.0,2.3,17.6,97.0,CENTRO,0
2024-06-18 01:00:00,0.47,24.0,1.7,3.8,6.0,5.8,30.0,2.3,15.8,99.0,CENTRO,1
2024-06-18 02:00:00,0.47,23.0,1.8,3.8,6.0,5.7,33.0,2.2,14.4,102.0,CENTRO,2
2024-06-18 03:00:00,0.48,23.0,1.7,3.8,6.24,5.7,29.0,2.2,12.0,78.0,CENTRO,3
2024-06-18 04:00:00,0.48,23.0,1.7,2.7,6.33,4.6,33.0,2.2,11.2,67.0,CENTRO,4
2024-06-18 05:00:00,0.48,22.0,1.7,2.9,5.0,4.9,25.0,2.1,10.9,56.0,CENTRO,5
2024-06-18 06:00:00,0.49,19.0,1.8,4.7,6.0,6.7,27.0,2.2,10.5,53.0,CENTRO,6
2024-06-18 07:00:00,0.55,16.0,2.7,8.3,7.0,11.2,39.0,2.1,9.4,50.0,CENTRO,7
2024-06-18 08:00:00,0.62,15.0,4.9,9.5,7.0,14.6,37.0,2.1,10.0,52.0,CENTRO,8
2024-06-18 09:00:00,0.65,16.0,6.5,9.7,7.42,16.5,34.0,2.2,9.8,46.0,CENTRO,9
2024-06-18 10:00:00,0.63,20.0,6.4,8.3,7.12,15.0,39.0,2.2,11.9,54.0,CENTRO,10
2024-06-18 11:00:00,0.61,27.0,5.0,6.9,7.14,12.2,35.0,2.2,10.9,48.0,CENTRO,11
2024-06-18 12:00:00,0.57,34.0,3.7,6.1,7.19,10.0,31.0,2.2,13.3,60.0,CENTRO,12
2024-06-18 13:00:00,0.56,42.0,3.2,5.8,11.0,9.3,34.0,2.3,13.0,53.0,CENTRO,13
2024-06-18 14:00:00,0.56,53.0,2.7,6.6,17.0,9.5,35.0,2.8,13.1,59.0,CENTRO,14
2024-06-18 15:00:00,0.54,52.0,2.5,6.0,16.0,8.7,37.0,3.1,12.8,66.0,CENTRO,15
2024-06-18 16:00:00,0.51,51.0,2.6,6.0,13.0,8.8,38.0,2.7,12.2,69.0,CENTRO,16
2024-06-18 17:00:00,0.47,47.0,2.5,5.5,10.0,8.3,35.0,2.5,11.8,94.0,CENTRO,17
2024-06-18 18:00:00,0.5,42.0,3.0,7.9,11.0,11.1,34.0,2.7,11.7,89.0,CENTRO,18
2024-06-18 19:00:00,0.49,34.0,2.7,8.3,9.0,11.3,36.0,2.5,13.8,84.0,CENTRO,19
2024-06-18 20:00:00,0.52,26.0,2.5,9.6,9.0,12.4,34.0,2.6,16.0,73.0,CENTRO,20
2024-06-18 21:00:00,0.51,25.0,2.4,8.3,10.0,11.0,40.0,2.3,16.8,73.0,CENTRO,21
2024-06-18 22:00:00,0.49,25.0,1.9,6.0,10.0,8.1,42.0,2.3,16.8,79.0,CENTRO,22
2024-06-18 23:00:00,0.48,24.0,1.9,5.3,9.0,7.4,49.0,2.2,15.7,75.0,CENTRO,23
2024-06-19 00:00:00,0.47,24.0,1.8,4.9,11.0,6.9,49.0,2.5,12.3,85.0,CENTRO,0
2024-06-19 01:00:00,0.47,23.0,1.7,4.4,12.0,6.3,44.0,3.3,9.7,95.0,CENTRO,1
2024-06-19 02:00:00,0.47,21.0,1.7,4.2,11.0,6.1,45.0,3.2,9.8,70.0,CENTRO,2
2024-06-19 03:00:00,0.46,21.0,1.7,3.9,8.0,5.8,33.0,3.1,9.7,52.0,CENTRO,3
2024-06-19 04:00:00,0.47,18.0,1.8,5.2,7.0,7.2,37.0,3.0,8.2,47.0,CENTRO,4
2024-06-19 05:00:00,0.47,18.0,1.8,4.3,6.0,6.2,34.0,2.9,7.5,47.0,CENTRO,5
2024-06-19 06:00:00,0.47,14.0,2.8,9.2,8.0,12.2,37.0,3.1,5.6,46.0,CENTRO,6
2024-06-19 07:00:00,0.56,13.0,3.2,12.2,10.0,15.6,46.0,3.4,6.4,17.0,CENTRO,7
2024-06-19 08:00:00,0.7,16.0,7.3,11.2,9.0,18.8,44.0,3.0,7.8,16.0,CENTRO,8
2024-06-19 09:00:00,0.74,18.0,8.2,12.2,11.0,20.6,36.0,2.7,7.7,25.0,CENTRO,9
2024-06-19 10:00:00,0.65,23.0,5.7,10.1,9.0,16.1,46.0,2.6,6.2,353.0,CENTRO,10
2024-06-19 11:00:00,0.56,26.0,4.0,6.6,7.0,10.9,43.0,2.6,8.9,15.0,CENTRO,11
2024-06-19 12:00:00,0.54,27.0,3.8,6.4,6.0,10.5,36.0,2.5,10.1,10.0,CENTRO,12
2024-06-19 13:00:00,0.54,24.0,4.0,7.2,7.0,11.5,44.0,2.4,11.7,16.0,CENTRO,13
2024-06-19 14:00:00,0.62,21.0,4.4,10.4,10.0,15.1,58.0,2.4,7.6,109.0,CENTRO,14
2024-06-19 15:00:00,0.62,21.0,5.1,12.2,8.0,17.6,35.0,2.3,8.6,41.0,CENTRO,15
2024-06-19 16:00:00,0.66,20.0,3.5,9.9,5.0,13.7,27.0,2.3,4.7,341.0,CENTRO,16
2024-06-19 17:00:00,0.62,20.0,4.0,8.0,4.0,12.2,27.0,2.3,4.7,261.0,CENTRO,17
2024-06-19 18:00:00,0.62,19.0,5.1,9.6,5.0,14.9,29.0,2.2,6.0,222.0,CENTRO,18
2024-06-19 19:00:00,0.59,17.0,3.1,10.5,5.0,13.8,30.0,2.2,5.2,315.0,CENTRO,19
2024-06-19 20:00:00,0.51,25.0,1.9,4.4,3.0,6.5,25.0,2.2,12.9,350.0,CENTRO,20
2024-06-19 21:00:00,0.47,26.0,1.8,3.6,2.0,5.6,21.0,2.1,13.4,352.0,CENTRO,21
2024-06-19 22:00:00,0.54,23.0,1.8,4.7,2.0,6.8,27.0,2.2,11.3,358.0,CENTRO,22
2024-06-19 23:00:00,0.64,22.0,1.8,5.9,4.0,7.9,25.0,2.2,11.8,354.0,CENTRO,23
2024-06-20 00:00:00,0.45,25.0,1.8,2.7,2.0,4.7,19.0,2.2,14.6,354.0,CENTRO,0
2024-06-20 01:00:00,0.48,24.0,1.7,2.7,3.0,4.6,22.0,2.2,8.5,345.0,CENTRO,1
2024-06-20 02:00:00,0.47,24.0,1.8,2.0,4.0,4.0,24.0,2.2,10.5,343.0,CENTRO,2
2024-06-20 03:00:00,0.51,23.0,1.9,4.0,4.0,6.1,23.0,2.1,16.6,358.0,CENTRO,3
2024-06-20 04:00:00,0.54,20.0,2.0,8.6,9.0,10.8,27.0,2.2,16.4,36.0,CENTRO,4
2024-06-20 05:00:00,0.46,23.0,1.9,5.4,12.0,7.5,30.0,2.1,18.0,42.0,CENTRO,5
2024-06-20 06:00:00,0.44,17.0,2.5,10.4,9.0,13.1,31.0,2.1,17.5,43.0,CENTRO,6
2024-06-20 07:00:00,0.47,20.0,2.3,6.1,12.0,8.6,35.0,2.2,16.5,54.0,CENTRO,7
2024-06-20 08:00:00,0.47,16.0,3.1,9.4,13.0,12.7,39.0,2.2,17.8,44.0,CENTRO,8
2024-06-20 09:00:00,0.49,18.0,3.3,8.9,9.0,12.4,28.0,2.3,19.3,50.0,CENTRO,9
2024-06-20 10:00:00,0.46,18.0,4.2,10.5,13.0,14.9,26.0,2.3,21.4,37.0,CENTRO,10
2024-06-20 11:00:00,0.5,22.0,3.3,8.4,9.0,11.8,36.0,2.2,24.0,51.0,CENTRO,11
2024-06-20 12:00:00,0.47,32.0,1.8,2.8,5.0,4.8,29.0,2.1,17.9,66.0,CENTRO,12
2024-06-20 13:00:00,0.49,32.0,1.8,2.7,7.0,4.7,28.0,2.2,20.0,77.0,CENTRO,13
2024-06-20 14:00:00,0.46,33.0,1.9,2.3,5.0,4.4,30.0,2.0,13.7,95.0,CENTRO,14
2024-06-20 15:00:00,0.5,32.0,2.0,3.0,7.0,5.3,26.0,2.1,7.8,56.0,CENTRO,15
2024-06-20 16:00:00,0.52,31.0,2.2,4.1,9.0,6.5,21.0,2.1,5.7,47.0,CENTRO,16
2024-06-20 17:00:00,0.49,30.0,2.2,4.4,10.0,6.7,29.0,2.2,7.9,50.0,CENTRO,17
2024-06-20 18:00:00,0.52,24.0,2.0,7.6,11.0,9.9,37.0,2.1,6.8,36.0,CENTRO,18
2024-06-20 19:00:00,0.57,19.0,2.4,13.0,12.0,15.6,25.0,2.1,11.6,35.0,CENTRO,19
2024-06-20 20:00:00,0.5,21.0,2.2,9.2,7.0,11.6,30.0,2.2,7.5,89.0,CENTRO,20
2024-06-20 21:00:00,0.45,26.0,1.8,2.9,3.0,4.9,28.0,2.1,6.3,65.0,CENTRO,21
2024-06-20 22:00:00,0.45,21.0,1.8,2.6,4.0,4.6,22.0,2.1,13.4,73.0,CENTRO,22
2024-06-20 23:00:00,0.45,18.0,1.8,1.9,16.0,3.9,23.0,2.2,19.6,66.0,CENTRO,23
2024-06-21 00:00:00,0.41,18.0,1.8,1.9,13.0,3.9,33.0,2.1,17.1,75.0,CENTRO,0
2024-06-21 01:00:00,0.39,18.0,1.8,1.7,16.0,3.7,41.0,2.1,20.2,65.0,CENTRO,1
2024-06-21 02:00:00,0.44,18.5,1.8,1.6,17.0,3.5,41.0,2.1,17.2,79.0,CENTRO,2
2024-06-21 03:00:00,0.41,19.0,1.7,1.4,10.0,3.3,37.0,2.2,12.3,89.0,CENTRO,3
2024-06-21 04:00:00,0.39,20.0,1.7,1.4,7.0,3.3,34.0,2.2,8.0,69.0,CENTRO,4
2024-06-21 05:00:00,0.43,19.0,1.8,1.7,7.0,3.6,29.0,2.1,8.7,65.0,CENTRO,5
2024-06-21 06:00:00,0.44,19.0,1.8,2.1,7.18,4.1,25.0,2.2,9.2,69.0,CENTRO,6
2024-06-21 07:00:00,0.41,19.0,2.1,3.6,10.0,6.0,24.0,2.1,10.0,84.0,CENTRO,7
2024-06-21 08:00:00,0.49,17.0,2.5,5.1,17.0,7.8,30.0,2.2,11.9,89.0,CENTRO,8
2024-06-21 09:00:00,0.48,18.0,3.2,6.0,8.0,9.5,40.0,2.2,9.8,76.0,CENTRO,9
2024-06-21 10:00:00,0.52,18.0,3.8,5.9,7.0,9.9,32.0,2.2,9.1,77.0,CENTRO,10
2024-06-21 11:00:00,0.54,19.0,4.6,6.1,6.0,10.9,26.0,2.1,8.7,99.0,CENTRO,11
2024-06-21 12:00:00,0.51,20.0,4.5,7.3,11.0,12.0,28.0,2.1,13.4,72.0,CENTRO,12
2024-06-21 13:00:00,0.52,24.0,4.0,5.8,5.0,10.1,42.0,2.2,4.8,27.0,CENTRO,13
2024-06-21 14:00:00,0.54,25.0,4.0,8.4,6.0,12.6,27.0,2.2,8.3,69.0,CENTRO,14
2024-06-21 15:00:00,0.63,25.0,5.9,9.2,8.0,15.4,26.0,2.2,6.5,49.0,CENTRO,15
2024-06-21 16:00:00,0.48,30.0,3.6,6.7,9.0,10.5,27.0,2.1,12.3,59.0,CENTRO,16
2024-06-21 17:00:00,0.57,29.0,4.0,9.0,13.0,13.3,36.0,2.2,14.8,69.0,CENTRO,17
2024-06-21 18:00:00,0.57,25.0,4.4,11.0,11.0,15.6,40.0,2.1,13.1,70.0,CENTRO,18
2024-06-21 19:00:00,0.59,24.0,3.3,10.3,7.0,13.8,36.0,2.2,10.8,94.0,CENTRO,19
2024-06-21 20:00:00,0.47,31.0,1.8,5.8,6.0,7.8,32.0,2.2,9.5,112.0,CENTRO,20
2024-06-21 21:00:00,0.51,32.0,1.8,6.7,5.0,8.7,30.0,2.2,8.4,71.0,CENTRO,21
2024-06-21 22:00:00,0.73,10.0,3.9,25.0,12.0,29.1,27.0,2.3,4.4,354.0,CENTRO,22
2024-06-21 23:00:00,0.64,12.0,4.3,21.4,13.0,25.9,36.0,2.1,5.2,52.0,CENTRO,23
2024-06-22 00:00:00,0.61,19.0,2.0,13.2,10.0,15.4,33.0,2.2,3.5,23.0,CENTRO,0
2024-06-22 01:00:00,0.62,11.0,2.2,21.3,12.0,23.7,29.0,2.2,4.5,344.0,CENTRO,1
2024-06-22 02:00:00,0.64,11.0,2.0,20.4,11.0,22.6,30.0,2.2,4.1,337.0,CENTRO,2
2024-06-22 03:00:00,0.65,7.0,2.2,23.4,10.0,25.8,36.0,2.2,2.1,40.0,CENTRO,3
2024-06-22 04:00:00,0.67,7.0,2.4,20.4,11.0,23.0,36.0,2.3,2.1,142.0,CENTRO,4
2024-06-22 05:00:00,0.69,7.0,2.3,17.1,12.0,19.6,34.0,2.2,1.8,196.0,CENTRO,5
2024-06-22 06:00:00,0.64,8.0,2.2,16.0,15.0,18.3,40.0,2.2,2.2,198.0,CENTRO,6
2024-06-22 07:00:00,0.69,6.0,5.3,18.4,21.0,24.0,40.0,2.3,2.7,192.0,CENTRO,7
2024-06-22 08:00:00,0.86,6.0,15.2,19.5,22.0,35.0,37.0,2.3,2.7,112.0,CENTRO,8
2024-06-22 09:00:00,0.86,8.0,13.0,21.2,20.0,34.5,53.0,2.3,1.9,21.0,CENTRO,9
2024-06-22 10:00:00,0.82,9.0,12.2,21.0,16.0,33.5,42.0,2.3,1.8,217.0,CENTRO,10
2024-06-22 11:00:00,0.81,18.0,9.5,16.7,17.0,26.4,48.0,2.2,2.5,339.0,CENTRO,11
2024-06-22 12:00:00,0.74,27.0,7.1,15.4,16.0,22.8,46.0,2.2,3.1,33.0,CENTRO,12
2024-06-22 13:00:00,0.8,26.0,5.7,18.9,17.0,24.8,46.0,2.3,5.9,10.0,CENTRO,13
2024-06-22 14:00:00,0.69,21.0,6.2,16.8,13.0,23.3,56.0,2.3,6.6,110.0,CENTRO,14
2024-06-22 15:00:00,0.7,29.0,5.2,14.6,13.0,20.0,40.0,2.2,6.3,203.0,CENTRO,15
2024-06-22 16:00:00,0.71,29.0,5.1,17.0,17.0,22.4,36.0,2.3,5.7,224.0,CENTRO,16
2024-06-22 17:00:00,0.76,27.0,5.0,21.1,18.0,26.4,45.0,2.3,5.1,225.0,CENTRO,17
2024-06-22 18:00:00,0.83,25.0,3.8,24.2,20.0,28.1,50.0,2.2,4.5,188.0,CENTRO,18
2024-06-22 19:00:00,0.82,21.0,2.7,24.7,16.0,27.7,45.0,2.2,4.4,135.0,CENTRO,19
2024-06-22 20:00:00,0.64,22.0,2.1,15.6,10.0,17.9,41.0,2.2,5.2,112.0,CENTRO,20
2024-06-22 21:00:00,0.58,24.0,1.8,12.1,9.0,14.1,31.0,2.3,5.6,215.0,CENTRO,21
2024-06-22 22:00:00,0.69,16.0,2.0,20.1,19.0,22.3,28.0,2.3,3.9,230.0,CENTRO,22
2024-06-22 23:00:00,0.68,14.0,2.3,19.0,14.0,21.4,40.0,2.2,3.0,205.0,CENTRO,23
2024-06-23 00:00:00,0.68,12.0,2.0,17.0,13.0,19.2,41.0,2.3,2.1,287.0,CENTRO,0
2024-06-23 01:00:00,0.82,6.0,6.0,22.3,14.0,28.5,28.0,2.3,2.3,261.0,CENTRO,1
2024-06-23 02:00:00,0.54,18.0,1.9,12.8,12.0,15.0,26.0,2.2,4.8,224.0,CENTRO,2
2024-06-23 03:00:00,0.5,20.0,1.8,10.7,9.0,12.8,32.0,2.2,4.7,224.0,CENTRO,3
2024-06-23 04:00:00,0.57,15.0,1.9,13.0,14.0,15.1,32.0,2.2,3.2,221.0,CENTRO,4
2024-06-23 05:00:00,0.53,16.0,1.8,10.1,9.0,12.2,34.0,2.2,4.7,225.0,CENTRO,5
2024-06-23 06:00:00,0.52,16.0,1.9,13.4,13.0,15.5,35.0,2.2,6.9,224.0,CENTRO,6
2024-06-23 07:00:00,0.52,17.0,2.2,12.3,17.0,14.7,41.0,2.2,4.6,254.0,CENTRO,7
2024-06-23 08:00:00,0.5,16.0,3.1,12.6,18.0,15.9,47.0,2.3,5.4,246.0,CENTRO,8
2024-06-23 09:00:00,0.45,23.0,2.3,7.8,21.0,10.2,46.0,2.2,7.6,226.0,CENTRO,9
2024-06-23 10:00:00,0.49,20.0,3.3,10.9,24.0,14.4,46.0,2.3,5.3,228.0,CENTRO,10
2024-06-23 11:00:00,0.49,25.0,3.6,9.6,17.0,13.4,51.0,2.2,8.7,213.0,CENTRO,11
2024-06-23 12:00:00,0.48,30.0,3.2,6.9,11.0,10.4,34.0,2.3,6.5,227.0,CENTRO,12
2024-06-23 13:00:00,0.46,30.0,3.2,7.9,11.0,11.3,30.0,2.1,7.0,203.0,CENTRO,13
2024-06-23 14:00:00,0.48,31.0,3.0,6.2,7.0,9.4,26.0,2.2,6.2,205.0,CENTRO,14
2024-06-23 15:00:00,0.44,35.0,2.9,4.7,6.0,7.8,21.0,2.1,8.2,234.0,CENTRO,15
2024-06-23 16:00:00,0.47,37.0,3.2,6.4,9.0,9.8,20.0,2.3,7.0,215.0,CENTRO,16
2024-06-23 17:00:00,0.48,44.0,2.4,6.5,9.0,9.1,27.0,2.2,4.2,151.0,CENTRO,17
2024-06-23 18:00:00,0.5,45.0,2.1,7.5,9.12,9.9,29.0,2.1,4.5,64.0,CENTRO,18
2024-06-23 19:00:00,0.6,23.0,2.3,12.4,8.0,14.9,29.0,2.2,8.3,61.0,CENTRO,19
2024-06-23 20:00:00,0.61,11.0,2.7,16.3,9.0,19.2,34.0,2.3,6.0,63.0,CENTRO,20
2024-06-23 21:00:00,0.7,9.0,2.6,17.7,14.0,20.4,25.0,2.2,4.5,89.0,CENTRO,21
2024-06-23 22:00:00,0.71,7.0,3.6,19.6,13.0,23.4,48.0,2.2,3.0,59.0,CENTRO,22
2024-06-23 23:00:00,0.67,10.0,3.4,18.3,11.0,21.9,36.0,2.3,7.0,77.0,CENTRO,23
2024-06-24 00:00:00,0.54,11.0,3.8,18.9,11.0,22.8,28.0,2.3,4.0,33.0,CENTRO,0
2024-06-24 01:00:00,0.48,17.0,1.8,11.3,9.0,13.3,37.0,2.2,2.4,293.0,CENTRO,1
2024-06-24 02:00:00,0.49,14.0,1.9,14.3,10.0,16.4,28.0,2.3,2.1,289.0,CENTRO,2
2024-06-24 03:00:00,0.56,12.0,1.9,14.3,11.0,16.4,25.0,2.3,2.0,168.0,CENTRO,3
2024-06-24 04:00:00,0.51,13.0,2.0,11.2,10.0,13.4,35.0,2.2,1.8,238.0,CENTRO,4
2024-06-24 05:00:00,0.49,16.0,1.8,7.2,8.0,9.3,30.0,2.1,3.1,170.0,CENTRO,5
2024-06-24 06:00:00,0.49,17.0,1.8,6.1,8.0,8.1,24.0,2.3,3.5,204.0,CENTRO,6
2024-06-24 07:00:00,0.5,13.0,3.6,11.1,8.41,14.9,29.0,2.2,5.1,211.0,CENTRO,7
2024-06-24 08:00:00,0.63,11.0,6.5,14.1,11.0,20.8,29.0,2.2,3.8,232.0,CENTRO,8
2024-06-24 09:00:00,0.81,8.0,12.1,16.7,11.0,29.1,26.0,2.3,4.8,176.0,CENTRO,9
2024-06-24 10:00:00,0.57,16.0,7.3,11.3,10.0,18.8,34.0,2.4,3.7,185.0,CENTRO,10
2024-06-24 11:00:00,0.58,19.0,6.8,11.1,11.0,18.1,31.0,2.3,4.4,101.0,CENTRO,11
2024-06-24 12:00:00,0.81,20.0,14.8,22.1,17.0,37.2,30.0,2.3,4.7,31.0,CENTRO,12
2024-06-24 13:00:00,0.86,28.0,10.5,25.4,23.0,36.2,51.0,2.3,7.9,48.0,CENTRO,13
2024-06-24 14:00:00,0.71,42.0,8.4,19.3,21.0,28.0,791.0,2.3,8.6,27.0,CENTRO,14
2024-06-24 15:00:00,0.54,52.0,4.1,10.9,11.0,15.2,683.0,2.3,9.1,62.0,CENTRO,15
2024-06-24 16:00:00,0.52,54.0,3.2,9.5,9.0,12.9,575.0,2.3,11.7,54.0,CENTRO,16
2024-06-24 17:00:00,0.57,51.0,2.9,10.2,13.0,13.3,467.0,2.3,15.0,57.0,CENTRO,17
2024-06-24 18:00:00,0.57,46.0,2.8,10.4,34.0,13.5,359.0,2.3,14.3,69.0,CENTRO,18
2024-06-24 19:00:00,0.56,32.0,2.4,9.7,17.0,12.3,251.0,2.2,10.2,97.0,CENTRO,19
2024-06-24 20:00:00,0.53,28.0,2.0,10.8,15.0,13.1,25.0,2.2,9.8,120.0,CENTRO,20
2024-06-24 21:00:00,0.53,24.0,2.5,13.6,15.0,16.4,22.0,2.3,9.0,107.0,CENTRO,21
2024-06-24 22:00:00,0.52,24.0,1.9,11.6,14.0,13.7,23.0,2.3,8.0,109.0,CENTRO,22
2024-06-24 23:00:00,0.59,17.0,2.0,13.7,14.0,15.8,23.0,2.2,6.6,74.0,CENTRO,23
2024-06-25 00:00:00,0.44,23.0,1.8,6.3,13.0,8.3,32.0,2.3,9.4,102.0,CENTRO,0
2024-06-25 01:00:00,0.41,23.0,1.8,3.6,10.0,5.5,24.0,2.3,9.4,108.0,CENTRO,1
2024-06-25 02:00:00,0.39,22.0,1.8,2.4,7.0,4.4,19.0,2.3,7.7,121.0,CENTRO,2
2024-06-25 03:00:00,0.45,19.0,1.8,3.9,8.0,5.9,16.0,2.3,4.4,12.0,CENTRO,3
2024-06-25 04:00:00,0.44,10.0,2.2,10.3,11.0,12.7,18.0,2.3,4.2,48.0,CENTRO,4
2024-06-25 05:00:00,0.5,4.0,6.8,14.4,16.0,21.4,29.0,2.3,2.5,6.0,CENTRO,5
2024-06-25 06:00:00,0.52,6.0,2.3,12.9,16.0,15.5,32.0,2.3,2.6,34.0,CENTRO,6
2024-06-25 07:00:00,0.55,5.0,7.7,15.3,18.0,23.2,35.0,2.4,2.7,74.0,CENTRO,7
2024-06-25 08:00:00,0.67,6.0,14.4,15.5,24.0,30.2,41.0,2.4,5.6,73.0,CENTRO,8
2024-06-25 09:00:00,0.74,11.0,13.8,16.0,26.0,30.1,50.0,2.4,7.3,70.0,CENTRO,9
2024-06-25 10:00:00,0.75,17.0,17.0,17.8,33.0,35.1,55.0,2.4,6.8,41.0,CENTRO,10
2024-06-25 11:00:00,0.68,29.0,9.4,18.7,32.0,28.4,60.0,2.5,7.2,29.0,CENTRO,11
2024-06-25 12:00:00,0.58,44.0,4.9,12.2,23.0,17.3,791.0,2.3,10.0,50.0,CENTRO,12
2024-06-25 13:00:00,0.54,44.0,3.3,8.4,16.0,11.9,260.0,2.3,11.5,44.0,CENTRO,13
2024-06-25 14:00:00,0.5,39.0,3.3,7.3,14.0,10.8,46.0,2.4,11.9,44.0,CENTRO,14
2024-06-25 15:00:00,0.47,36.0,2.6,4.9,11.0,7.8,40.0,2.2,12.3,92.0,CENTRO,15
2024-06-25 16:00:00,0.47,34.0,2.9,5.4,11.0,8.5,31.0,2.3,12.1,88.0,CENTRO,16
2024-06-25 17:00:00,0.49,30.0,3.3,6.1,12.0,9.7,33.0,2.3,11.8,91.0,CENTRO,17
2024-06-25 18:00:00,0.48,29.0,3.2,6.5,12.0,9.9,33.0,2.4,12.2,108.0,CENTRO,18
2024-06-25 19:00:00,0.44,29.0,2.4,5.9,13.0,8.5,28.0,2.3,15.0,110.0,CENTRO,19
2024-06-25 20:00:00,0.49,27.0,2.0,8.1,13.0,10.3,32.0,2.3,12.4,108.0,CENTRO,20
2024-06-25 21:00:00,0.49,24.0,2.0,9.9,14.0,12.2,43.0,2.3,12.0,107.0,CENTRO,21
2024-06-25 22:00:00,0.53,20.0,1.9,11.2,15.0,13.3,42.0,2.3,7.1,90.0,CENTRO,22
2024-06-25 23:00:00,0.45,18.0,1.9,6.3,17.0,8.4,43.0,2.3,9.5,97.0,CENTRO,23
2024-06-26 00:00:00,0.42,16.0,1.9,5.6,15.0,7.7,38.0,2.3,9.3,60.0,CENTRO,0
2024-06-26 01:00:00,0.46,14.0,1.9,5.8,15.0,8.0,45.0,2.4,7.9,45.0,CENTRO,1
2024-06-26 02:00:00,0.43,9.0,3.3,10.1,25.0,13.6,58.0,2.4,6.7,25.0,CENTRO,2
2024-06-26 03:00:00,0.42,10.0,2.6,8.5,15.0,11.3,54.0,2.4,6.9,53.0,CENTRO,3
2024-06-26 04:00:00,0.41,11.0,1.9,6.0,13.0,8.1,42.0,2.3,6.9,54.0,CENTRO,4
2024-06-26 05:00:00,0.41,10.0,2.1,6.4,14.0,8.7,36.0,2.4,6.0,72.0,CENTRO,5
2024-06-26 06:00:00,0.46,9.0,2.0,7.7,17.0,9.9,38.0,2.3,4.6,66.0,CENTRO,6
2024-06-26 07:00:00,0.47,6.0,6.8,11.6,20.0,18.6,47.0,2.4,4.1,56.0,CENTRO,7
2024-06-26 08:00:00,0.58,6.0,14.6,12.8,21.0,27.7,53.0,2.4,5.6,52.0,CENTRO,8
2024-06-26 09:00:00,0.73,10.0,19.6,14.1,30.0,34.0,63.0,2.5,5.6,4.0,CENTRO,9
2024-06-26 10:00:00,0.79,23.0,10.4,15.7,29.0,26.4,71.0,2.5,5.8,21.0,CENTRO,10
2024-06-26 11:00:00,0.87,35.0,7.5,17.9,34.0,25.7,77.0,2.5,6.4,16.0,CENTRO,11
2024-06-26 12:00:00,0.78,55.0,5.8,20.2,38.0,26.3,74.0,2.3,6.4,38.0,CENTRO,12
2024-06-26 13:00:00,0.66,76.0,3.6,16.9,39.0,20.7,83.0,2.4,8.7,54.0,CENTRO,13
2024-06-26 14:00:00,0.62,96.0,2.2,11.1,37.0,13.6,79.0,2.4,7.0,59.0,CENTRO,14
2024-06-26 15:00:00,0.59,80.0,2.6,10.9,35.0,13.7,74.0,2.4,11.7,40.0,CENTRO,15
2024-06-26 16:00:00,0.54,59.0,2.7,7.7,25.0,10.6,59.0,2.4,13.1,72.0,CENTRO,16
2024-06-26 17:00:00,0.49,43.0,2.6,6.5,20.0,9.3,47.0,2.4,13.1,100.0,CENTRO,17
2024-06-26 18:00:00,0.49,38.0,2.6,6.2,17.0,9.1,43.0,2.5,12.7,107.0,CENTRO,18
2024-06-26 19:00:00,0.52,28.0,2.8,8.9,17.0,12.0,42.0,2.4,12.6,91.0,CENTRO,19
2024-06-26 20:00:00,0.5,24.0,2.3,8.0,16.0,10.5,41.0,2.4,12.5,86.0,CENTRO,20
2024-06-26 21:00:00,0.44,22.0,2.2,7.3,15.0,9.7,39.0,2.4,11.4,95.0,CENTRO,21
2024-06-26 22:00:00,0.48,19.0,2.2,6.9,13.0,9.3,34.0,2.4,11.4,87.0,CENTRO,22
2024-06-26 23:00:00,0.43,17.0,2.2,5.2,11.0,7.6,31.0,2.4,13.9,73.0,CENTRO,23
2024-06-27 00:00:00,0.41,17.0,1.9,4.3,11.0,6.4,38.0,2.5,10.4,92.0,CENTRO,0
2024-06-27 01:00:00,0.41,14.0,1.9,5.2,12.0,7.3,29.0,2.4,11.2,63.0,CENTRO,1
2024-06-27 02:00:00,0.44,13.0,1.9,5.1,10.0,7.2,35.0,2.4,10.5,62.0,CENTRO,2
2024-06-27 03:00:00,0.39,12.0,1.8,4.9,14.0,7.0,35.0,2.5,9.3,56.0,CENTRO,3
2024-06-27 04:00:00,0.45,11.0,1.9,4.5,18.0,6.6,45.0,2.4,7.3,60.0,CENTRO,4
2024-06-27 05:00:00,0.47,9.0,3.0,7.5,16.0,10.8,37.0,2.4,7.2,45.0,CENTRO,5
2024-06-27 06:00:00,0.46,6.0,4.6,10.6,23.0,15.4,47.0,2.5,6.7,48.0,CENTRO,6
2024-06-27 07:00:00,0.58,5.0,8.5,12.8,26.0,21.6,54.0,2.5,5.6,45.0,CENTRO,7
2024-06-27 08:00:00,0.63,6.0,12.4,13.4,28.0,26.1,66.0,2.6,4.8,44.0,CENTRO,8
2024-06-27 09:00:00,0.8,10.0,16.7,14.7,28.0,31.7,70.0,2.4,4.2,13.0,CENTRO,9
2024-06-27 10:00:00,0.8,17.0,11.4,16.0,30.0,27.8,72.0,2.5,2.3,13.0,CENTRO,10
2024-06-27 11:00:00,0.82,25.0,14.6,22.9,36.0,37.7,58.0,2.4,6.1,40.0,CENTRO,11
2024-06-27 12:00:00,0.67,45.0,6.5,17.1,38.0,23.8,86.0,2.4,10.3,39.0,CENTRO,12
2024-06-27 13:00:00,0.57,59.0,4.4,13.9,31.0,18.5,81.0,2.4,10.8,44.0,CENTRO,13
2024-06-27 14:00:00,0.52,62.0,2.9,9.1,26.0,12.2,74.0,2.3,13.3,58.0,CENTRO,14
2024-06-27 15:00:00,0.49,51.0,2.7,7.1,25.0,10.1,53.0,2.3,14.1,60.0,CENTRO,15
2024-06-27 16:00:00,0.47,35.0,3.1,6.1,17.0,9.4,49.0,2.3,14.8,66.0,CENTRO,16
2024-06-27 17:00:00,0.47,29.0,3.5,6.2,12.0,10.0,37.0,2.4,14.8,81.0,CENTRO,17
2024-06-27 18:00:00,0.47,27.0,3.6,7.0,12.0,10.8,35.0,2.3,13.8,89.0,CENTRO,18
2024-06-27 19:00:00,0.46,27.0,3.1,7.6,11.0,10.9,33.0,2.3,14.0,76.0,CENTRO,19
2024-06-27 20:00:00,0.49,26.0,2.3,8.7,11.0,11.3,37.0,2.4,13.0,85.0,CENTRO,20
2024-06-27 21:00:00,0.48,23.0,2.1,9.2,11.01,11.6,36.0,2.3,11.6,101.0,CENTRO,21
2024-06-27 22:00:00,0.44,23.0,1.9,7.9,8.0,10.1,34.0,2.3,12.4,115.0,CENTRO,22
2024-06-27 23:00:00,0.43,19.0,2.0,10.1,9.0,12.3,32.0,2.4,11.9,103.0,CENTRO,23
2024-06-28 00:00:00,0.44,19.0,1.9,6.5,14.0,8.6,35.0,2.4,10.9,109.0,CENTRO,0
2024-06-28 01:00:00,0.41,19.0,1.8,5.0,17.0,7.0,36.0,2.4,8.7,101.0,CENTRO,1
2024-06-28 02:00:00,0.46,16.0,1.8,6.2,20.0,8.2,34.0,2.4,6.3,47.0,CENTRO,2
2024-06-28 03:00:00,0.45,13.0,2.3,10.7,18.0,13.2,46.0,2.4,7.8,23.0,CENTRO,3
2024-06-28 04:00:00,0.49,9.0,2.6,15.0,22.0,17.9,50.0,2.4,7.3,52.0,CENTRO,4
2024-06-28 05:00:00,0.47,10.0,2.4,14.1,22.0,16.7,61.0,2.3,4.7,75.0,CENTRO,5
2024-06-28 06:00:00,0.51,8.0,2.4,15.5,28.0,18.1,57.0,2.4,2.8,356.0,CENTRO,6
2024-06-28 07:00:00,0.75,7.0,5.4,15.4,30.0,21.0,61.0,2.5,4.5,6.0,CENTRO,7
2024-06-28 08:00:00,0.7,7.0,13.9,16.2,31.0,30.3,60.0,2.6,6.0,16.0,CENTRO,8
2024-06-28 09:00:00,0.79,9.0,15.7,16.3,35.0,32.4,66.0,2.5,7.6,12.0,CENTRO,9
2024-06-28 10:00:00,0.91,12.0,13.1,17.4,38.0,30.8,69.0,2.4,8.1,8.0,CENTRO,10
2024-06-28 11:00:00,0.8,17.0,13.3,19.7,41.0,33.4,70.0,2.5,8.3,353.0,CENTRO,11
2024-06-28 12:00:00,0.73,25.0,8.4,21.5,44.0,30.3,82.0,2.5,7.2,15.0,CENTRO,12
2024-06-28 13:00:00,0.58,51.0,5.0,16.3,41.0,21.5,83.0,2.4,10.2,44.0,CENTRO,13
2024-06-28 14:00:00,0.59,68.0,2.7,10.5,39.0,13.5,72.0,2.4,10.8,54.0,CENTRO,14
2024-06-28 15:00:00,0.49,54.0,2.4,6.9,29.0,9.5,74.0,2.5,13.5,109.0,CENTRO,15
2024-06-28 16:00:00,0.46,43.0,2.5,5.5,19.0,8.2,47.0,2.5,13.2,119.0,CENTRO,16
2024-06-28 17:00:00,0.45,42.0,2.7,5.6,17.0,8.6,41.0,2.5,12.4,118.0,CENTRO,17
2024-06-28 18:00:00,0.46,40.0,2.7,6.7,16.0,9.7,43.0,2.4,13.2,128.0,CENTRO,18
2024-06-28 19:00:00,0.48,37.0,2.4,7.9,16.0,10.6,41.0,2.4,13.3,113.0,CENTRO,19
2024-06-28 20:00:00,0.47,34.0,2.0,8.8,16.55,11.0,41.0,2.3,11.3,97.0,CENTRO,20
2024-06-28 21:00:00,0.47,32.0,1.8,9.0,16.97,11.1,41.0,2.4,11.4,109.0,CENTRO,21
2024-06-28 22:00:00,0.48,27.0,2.1,9.9,18.88,12.3,40.0,2.5,11.8,88.0,CENTRO,22
2024-06-28 23:00:00,0.46,17.0,2.3,8.8,30.77,11.3,43.0,2.4,9.7,94.0,CENTRO,23
2024-06-29 00:00:00,0.43,23.0,1.8,6.2,23.39,8.2,52.0,2.4,11.6,94.0,CENTRO,0
2024-06-29 01:00:00,0.45,23.0,1.8,5.6,16.64,7.6,50.0,2.4,11.2,96.0,CENTRO,1
2024-06-29 02:00:00,0.45,20.0,1.85,6.7,18.32,8.7,36.0,2.4,8.1,58.0,CENTRO,2
2024-06-29 03:00:00,0.45,20.0,1.9,6.0,20.68,8.0,39.0,2.5,9.4,28.0,CENTRO,3
2024-06-29 04:00:00,0.39,21.0,1.95,5.3,21.62,7.3,45.0,2.5,7.7,28.0,CENTRO,4
2024-06-29 05:00:00,0.43,16.0,2.0,9.2,22.36,11.4,45.0,2.3,5.8,8.0,CENTRO,5
2024-06-29 06:00:00,0.41,19.0,1.8,6.5,22.82,8.6,45.0,2.4,6.8,39.0,CENTRO,6
2024-06-29 07:00:00,0.48,13.0,3.2,12.5,26.18,15.8,43.0,2.3,4.4,26.0,CENTRO,7
2024-06-29 08:00:00,0.53,14.0,6.8,13.5,29.9,20.5,42.0,2.5,4.5,357.0,CENTRO,8
2024-06-29 09:00:00,0.69,20.0,7.9,13.2,36.1,21.4,60.0,2.4,6.6,183.5,CENTRO,9
2024-06-29 10:00:00,0.76,28.0,5.9,14.3,38.79,20.4,62.0,2.4,7.7,10.0,CENTRO,10
2024-06-29 11:00:00,0.81,35.0,6.7,16.3,43.81,23.2,66.0,2.4,8.7,14.0,CENTRO,11
2024-06-29 12:00:00,0.72,55.0,4.0,14.8,39.22,19.0,79.0,2.4,8.2,19.0,CENTRO,12
2024-06-29 13:00:00,0.49,54.0,2.6,8.5,29.03,11.3,74.0,2.3,9.7,47.0,CENTRO,13
2024-06-29 14:00:00,0.48,40.0,2.8,7.4,26.02,10.5,58.0,2.4,15.3,68.0,CENTRO,14
2024-06-29 15:00:00,0.45,34.0,2.9,7.2,23.95,10.3,50.0,2.5,15.7,83.0,CENTRO,15
2024-06-29 16:00:00,0.45,32.0,2.8,7.1,23.2,10.2,48.0,2.3,13.3,81.0,CENTRO,16
2024-06-29 17:00:00,0.43,30.0,2.6,8.7,20.68,11.6,46.0,2.4,13.9,108.0,CENTRO,17
2024-06-29 18:00:00,0.41,29.0,2.6,10.3,18.66,13.2,45.0,2.5,15.5,98.0,CENTRO,18
2024-06-29 19:00:00,0.43,25.0,2.4,10.9,19.73,13.5,46.0,2.4,16.0,96.0,CENTRO,19
2024-06-29 20:00:00,0.4,25.0,1.9,4.1,20.81,6.3,62.0,2.4,14.4,140.0,CENTRO,20
2024-06-29 21:00:00,0.46,22.0,1.9,5.9,11.95,8.0,48.0,2.6,10.8,117.0,CENTRO,21
2024-06-29 22:00:00,0.44,17.0,2.1,5.9,12.36,8.2,42.0,2.4,10.4,116.0,CENTRO,22
2024-06-29 23:00:00,0.41,16.0,1.9,4.0,10.31,6.1,38.0,2.4,11.6,112.0,CENTRO,23
2024-06-30 00:00:00,0.44,13.0,1.9,5.4,10.14,7.6,38.0,2.5,7.1,87.0,CENTRO,0
2024-06-30 01:00:00,0.41,13.0,1.875,4.2,10.0,6.3,35.0,2.3,6.4,108.0,CENTRO,1
2024-06-30 02:00:00,0.4,14.0,1.85,3.7,8.71,5.8,36.0,2.4,8.8,79.0,CENTRO,2
2024-06-30 03:00:00,0.42,12.0,1.825,5.1,9.15,7.2,37.0,2.5,9.2,43.0,CENTRO,3
2024-06-30 04:00:00,0.4,13.0,1.8,4.4,9.2,6.5,37.0,2.4,8.8,52.0,CENTRO,4
2024-06-30 05:00:00,0.4,13.0,1.8,3.7,9.32,5.8,39.0,2.4,7.1,29.0,CENTRO,5
2024-06-30 06:00:00,0.4,11.0,2.0,6.1,9.89,8.3,37.0,2.5,5.3,47.0,CENTRO,6
2024-06-30 07:00:00,0.41,12.0,2.4,6.0,11.3,8.7,38.0,2.5,6.5,68.0,CENTRO,7
2024-06-30 08:00:00,0.44,12.0,3.6,6.0,12.99,9.8,39.0,2.4,6.4,62.0,CENTRO,8
2024-06-30 09:00:00,0.46,13.0,4.2,6.7,13.87,11.2,40.0,2.5,7.6,67.0,CENTRO,9
2024-06-30 10:00:00,0.44,17.0,3.9,5.9,12.67,10.1,42.0,2.3,5.8,51.0,CENTRO,10
2024-06-30 11:00:00,0.45,18.0,3.8,6.5,8.71,10.6,29.0,2.4,10.1,67.0,CENTRO,11
2024-06-30 12:00:00,0.45,14.0,5.7,9.7,8.24,15.6,30.0,2.4,4.8,12.0,CENTRO,12
2024-06-30 13:00:00,0.44,21.0,3.4,3.9,6.52,7.6,33.0,2.4,4.1,226.0,CENTRO,13
2024-06-30 14:00:00,0.38,20.0,2.3,4.3,4.68,6.8,27.0,2.4,7.1,85.0,CENTRO,14
2024-06-30 15:00:00,0.48,16.0,2.5,8.3,6.51,11.1,27.0,2.4,9.4,98.0,CENTRO,15
2024-06-30 16:00:00,0.57,14.0,2.9,10.0,6.35,13.2,25.0,2.4,4.7,80.0,CENTRO,16
2024-06-30 17:00:00,0.45,17.0,3.1,5.9,5.37,9.3,34.0,2.5,9.1,83.0,CENTRO,17
2024-06-30 18:00:00,0.41,18.0,2.6,4.6,3.76,7.5,27.0,2.4,7.6,57.0,CENTRO,18
2024-06-30 19:00:00,0.43,17.0,2.4,5.5,4.86,8.1,22.0,2.5,8.6,85.0,CENTRO,19
2024-06-30 20:00:00,0.41,16.0,2.1,6.2,5.08,8.5,26.0,2.4,8.3,80.0,CENTRO,20
2024-06-30 21:00:00,0.44,14.0,2.3,7.0,6.51,9.5,27.0,2.4,10.5,73.0,CENTRO,21
2024-06-30 22:00:00,0.46,15.0,2.0,5.6,8.9,7.8,29.0,2.4,9.8,100.0,CENTRO,22
2024-06-30 23:00:00,0.39,15.0,1.9,5.0,6.32,7.1,28.0,2.4,7.2,69.0,CENTRO,23
2024-07-01 00:00:00,0.39999999999999997,14.5,1.85,5.3999999999999995,6.42,7.5,27.5,2.3499999999999996,7.3500000000000005,52.0,CENTRO,0
2024-07-01 01:00:00,0.41,14.0,1.8,5.8,6.52,7.9,27.0,2.3,7.5,35.0,CENTRO,1
2024-07-01 02:00:00,0.42,13.0,2.5,6.3,6.51375,9.0,26.0,2.4,5.8,32.0,CENTRO,2
2024-07-01 03:00:00,0.37,10.0,3.8,8.0,6.507499999999999,12.1,31.0,2.4,6.0,16.0,CENTRO,3
2024-07-01 04:00:00,0.42,6.0,4.5,12.8,6.50125,17.5,33.0,2.4,5.2,354.0,CENTRO,4
2024-07-01 05:00:00,0.38,8.0,2.6,11.5,6.494999999999999,14.4,38.0,2.4,6.1,5.0,CENTRO,5
2024-07-01 06:00:00,0.43,9.0,2.8,10.1,19.46,13.1,40.0,2.4,6.0,48.0,CENTRO,6
2024-07-01 07:00:00,0.43,7.0,5.3,12.2,20.869999999999997,17.8,34.0,2.4,5.7,58.0,CENTRO,7
2024-07-01 08:00:00,0.59,8.0,15.7,13.4,22.875,29.4,34.0,2.4,6.4,52.0,CENTRO,8
2024-07-01 09:00:00,0.57,10.0,23.9,16.0,24.189999999999998,40.2,48.0,2.5,7.1,42.0,CENTRO,9
2024-07-01 10:00:00,0.64,15.0,11.6,15.0,24.855,26.9,54.0,2.4,9.6,49.0,CENTRO,10
2024-07-01 11:00:00,0.59,22.0,7.3,13.6,27.284999999999997,21.1,46.0,2.3,12.6,53.0,CENTRO,11
2024-07-01 12:00:00,0.55,25.0,6.2,10.2,27.89,16.6,52.0,2.4,13.5,54.0,CENTRO,12
2024-07-01 13:00:00,0.45,21.0,5.0,6.5,25.137999999999998,11.7,50.0,2.4,15.6,63.0,CENTRO,13
2024-07-01 14:00:00,0.44,20.0,4.5,5.7,21.83,10.5,55.0,2.3,15.3,71.0,CENTRO,14
2024-07-01 15:00:00,0.48,24.0,4.5,7.0,20.25,11.8,52.0,2.4,18.1,60.0,CENTRO,15
2024-07-01 16:00:00,0.5,23.0,6.2,8.6,19.0,15.1,53.0,2.6,15.7,56.0,CENTRO,16
2024-07-01 17:00:00,0.51,24.0,5.7,9.4,17.744999999999997,15.3,52.0,2.5,16.1,68.0,CENTRO,17
2024-07-01 18:00:00,0.5,17.0,5.8,11.0,17.0,17.1,54.0,2.5,14.7,58.0,CENTRO,18
2024-07-01 19:00:00,0.51,15.0,3.9,9.8,16.525,14.0,57.0,2.4,12.3,99.0,CENTRO,19
2024-07-01 20:00:00,0.47,15.0,3.0,8.5,16.0,11.7,52.0,2.4,10.3,118.0,CENTRO,20
2024-07-01 21:00:00,0.49,15.0,2.3,7.4,6.395,9.9,46.0,2.5,9.3,102.0,CENTRO,21
2024-07-01 22:00:00,0.43,16.0,2.3,8.3,6.38875,10.8,39.0,2.5,7.8,72.0,CENTRO,22
2024-07-01 23:00:00,0.44,17.0,1.9,4.6,6.3825,6.8,36.0,2.4,9.1,116.0,CENTRO,23
2024-07-02 00:00:00,0.41,14.0,1.9,6.1,6.37625,8.3,36.0,2.4,5.6,43.0,CENTRO,0
2024-07-02 01:00:00,0.42,14.0,2.0,6.9,6.37,9.2,41.0,2.3,8.0,66.0,CENTRO,1
2024-07-02 02:00:00,0.48,9.0,4.1,11.9,6.6,16.3,36.0,2.3,6.8,34.0,CENTRO,2
2024-07-02 03:00:00,0.52,4.0,8.7,17.9,7.23,26.9,57.0,2.5,4.1,359.0,CENTRO,3
2024-07-02 04:00:00,0.55,4.0,8.1,15.4,12.31,23.8,50.0,2.5,1.7,250.0,CENTRO,4
2024-07-02 05:00:00,0.55,4.0,10.2,14.3,12.02,24.7,51.0,2.5,1.7,206.0,CENTRO,5
2024-07-02 06:00:00,0.56,4.5,11.8,11.8,10.74,23.8,50.0,2.4,1.7,29.0,CENTRO,6
2024-07-02 07:00:00,0.61,5.0,14.6,14.6,11.67,29.6,54.0,2.5,2.0,28.0,CENTRO,7
2024-07-02 08:00:00,0.67,8.0,15.6,16.9,13.79,32.8,64.0,2.6,4.8,339.0,CENTRO,8
2024-07-02 09:00:00,0.85,10.0,17.9,16.4,27.05,34.6,66.0,2.5,5.5,349.0,CENTRO,9
2024-07-02 10:00:00,0.82,16.0,16.3,17.5,21.61,34.0,80.0,2.5,6.6,15.0,CENTRO,10
2024-07-02 11:00:00,0.85,24.0,11.6,21.4,19.26,33.2,80.0,2.5,7.0,348.0,CENTRO,11
2024-07-02 12:00:00,0.67,49.0,5.9,17.6,26.32,23.8,82.0,2.4,9.1,56.0,CENTRO,12
2024-07-02 13:00:00,0.52,57.0,2.8,9.4,19.25,12.4,74.0,2.4,10.8,53.0,CENTRO,13
2024-07-02 14:00:00,0.42,32.0,2.9,4.8,17.41,8.0,58.0,2.4,12.6,122.0,CENTRO,14
2024-07-02 15:00:00,0.42,28.0,3.0,4.1,20.03,7.4,45.0,2.4,12.7,107.0,CENTRO,15
2024-07-02 16:00:00,0.41,28.0,3.0,4.6,19.32,7.8,45.0,2.4,13.5,107.0,CENTRO,16
2024-07-02 17:00:00,0.41,26.0,3.2,4.5,17.19,8.0,44.0,2.4,15.2,101.0,CENTRO,17
2024-07-02 18:00:00,0.4,26.0,3.2,4.7,19.64,8.2,44.0,2.3,17.4,103.0,CENTRO,18
2024-07-02 19:00:00,0.4,24.0,2.9,5.9,17.84,9.1,43.0,2.3,15.9,103.0,CENTRO,19
2024-07-02 20:00:00,0.43,21.0,2.2,7.1,20.81,9.6,42.0,2.4,13.4,117.0,CENTRO,20
2024-07-02 21:00:00,0.42,18.0,2.2,7.5,12.79,9.9,49.0,2.5,11.2,119.0,CENTRO,21
2024-07-02 22:00:00,0.43,15.0,2.6,7.5,12.17,10.4,57.0,2.3,12.4,69.0,CENTRO,22
2024-07-02 23:00:00,0.41,12.0,2.2,5.6,11.55,8.0,68.0,2.4,11.2,82.0,CENTRO,23
2024-07-03 00:00:00,0.4,11.0,2.2,5.2,12.14,7.7,71.0,2.3,10.3,70.0,CENTRO,0
2024-07-03 01:00:00,0.38,12.0,1.9,4.4,13.15,6.5,73.0,2.3,9.8,68.0,CENTRO,1
2024-07-03 02:00:00,0.38,10.0,1.8,4.5,14.39,6.5,71.0,2.4,9.2,37.0,CENTRO,2
2024-07-03 03:00:00,0.36,12.0,1.8,3.9,18.64,5.9,63.0,2.4,7.5,44.0,CENTRO,3
2024-07-03 04:00:00,0.35,13.0,3.9666666666666672,3.6,16.76,5.6,51.0,2.4,5.8,41.0,CENTRO,4
2024-07-03 05:00:00,0.38,12.0,6.133333333333335,3.2,16.91,5.2,50.0,2.4,6.0,33.0,CENTRO,5
2024-07-03 06:00:00,0.36,5.0,8.3,11.0,16.61,19.6,57.0,2.3,5.3,38.0,CENTRO,6
2024-07-03 07:00:00,0.45,5.0,11.6,12.3,21.66,24.2,69.0,2.4,2.8,50.0,CENTRO,7
2024-07-03 08:00:00,0.56,6.0,17.7,12.7,36.28,30.7,70.0,2.4,3.9,43.0,CENTRO,8
2024-07-03 09:00:00,0.7,10.0,18.9,13.7,42.21,32.9,73.0,2.4,6.8,43.0,CENTRO,9
2024-07-03 10:00:00,0.72,14.0,19.6,17.9,43.66,37.8,85.0,2.6,8.8,46.0,CENTRO,10
2024-07-03 11:00:00,0.69,21.0,12.9,17.9,40.875,31.0,97.0,2.4,11.0,59.0,CENTRO,11
2024-07-03 12:00:00,0.6,36.0,8.3,17.1,38.09,25.7,87.0,2.4,10.1,47.0,CENTRO,12
2024-07-03 13:00:00,0.56,58.0,4.5,14.8,38.35,19.5,92.0,2.4,10.4,34.0,CENTRO,13
2024-07-03 14:00:00,0.54,71.0,2.8,11.0,37.17,14.0,88.0,2.4,12.2,54.0,CENTRO,14
2024-07-03 15:00:00,0.45,41.0,2.7,6.4,26.78,9.3,66.0,2.4,13.4,80.0,CENTRO,15
2024-07-03 16:00:00,0.41,33.0,2.8,5.2,17.0,8.2,48.0,2.3,13.3,102.0,CENTRO,16
2024-07-03 17:00:00,0.45,29.0,3.3,6.8,13.87,10.4,43.0,2.4,13.0,99.0,CENTRO,17
2024-07-03 18:00:00,0.43,29.0,3.1,7.8,11.53,11.2,38.0,2.5,13.2,101.0,CENTRO,18
2024-07-03 19:00:00,0.41,31.0,2.5,9.1,10.72,11.9,39.0,2.4,15.2,109.0,CENTRO,19
2024-07-03 20:00:00,0.42,30.0,2.0,6.3,10.94,8.5,34.0,2.5,14.1,126.0,CENTRO,20
2024-07-03 21:00:00,0.45,24.0,2.2,9.3,13.24,11.8,42.0,2.4,11.8,119.0,CENTRO,21
2024-07-03 22:00:00,0.42,21.0,2.1,6.9,17.99,9.2,43.0,2.4,13.7,73.0,CENTRO,22
2024-07-03 23:00:00,0.41,19.0,2.0,6.5,21.06,8.7,46.0,2.4,10.5,82.0,CENTRO,23
2024-07-04 00:00:00,0.4,19.0,1.8,6.0,20.75,8.0,39.0,2.4,7.9,78.0,CENTRO,0
2024-07-04 01:00:00,0.44,14.0,2.0,7.0,23.69,9.2,49.0,2.3,7.6,37.0,CENTRO,1
2024-07-04 02:00:00,0.39,13.0,2.1,7.1,24.55,9.4,47.0,2.4,7.4,40.0,CENTRO,2
2024-07-04 03:00:00,0.37,16.0,1.8,4.0,21.87,5.9,41.0,2.3,7.0,42.0,CENTRO,3
2024-07-04 04:00:00,0.41,13.0,2.1,5.9,20.97,8.3,48.0,2.3,6.3,51.0,CENTRO,4
2024-07-04 05:00:00,0.38,11.0,2.4,7.8,22.21,10.4,49.0,2.4,6.1,60.0,CENTRO,5
2024-07-04 06:00:00,0.41,6.0,3.7,12.0,25.36,15.9,54.0,2.4,6.8,69.0,CENTRO,6
2024-07-04 07:00:00,0.46,5.0,6.6,13.0,27.73,19.8,60.0,2.3,5.4,62.0,CENTRO,7
2024-07-04 08:00:00,0.59,6.0,13.0,13.4,27.72,26.7,61.0,2.5,7.1,71.0,CENTRO,8
2024-07-04 09:00:00,0.7,6.0,23.0,15.1,29.0,38.4,72.0,2.5,5.9,53.0,CENTRO,9
2024-07-04 10:00:00,0.74,11.0,22.1,19.1,36.0,41.5,76.0,2.5,7.0,36.0,CENTRO,10
2024-07-04 11:00:00,0.76,19.0,15.3,23.0,40.0,38.5,98.0,2.5,6.5,45.0,CENTRO,11
2024-07-04 12:00:00,0.76,40.0,10.0,25.7,40.0,35.9,103.0,2.5,7.7,32.0,CENTRO,12
2024-07-04 13:00:00,0.62,78.0,3.4,15.8,38.956,19.4,110.0,2.4,11.5,55.0,CENTRO,13
2024-07-04 14:00:00,0.57,83.0,2.6,12.2,37.912,15.0,89.0,2.5,12.3,49.0,CENTRO,14
2024-07-04 15:00:00,0.55,75.0,2.4,9.3,36.868,11.9,72.0,2.4,12.3,52.0,CENTRO,15
2024-07-04 16:00:00,0.53,70.0,2.6,9.6,35.824,12.4,63.0,2.3,12.3,54.0,CENTRO,16
2024-07-04 17:00:00,0.52,52.0,2.7,8.8,34.78,11.8,57.0,2.3,12.7,60.0,CENTRO,17
2024-07-04 18:00:00,0.45,45.0,2.4,6.5,25.35,9.1,53.0,2.3,13.5,109.0,CENTRO,18
2024-07-04 19:00:00,0.44,39.0,2.2,6.9,20.56,9.3,44.0,2.4,13.3,112.0,CENTRO,19
2024-07-04 20:00:00,0.45,28.0,2.2,7.1,19.58,9.5,43.0,2.4,12.4,114.0,CENTRO,20
2024-07-04 21:00:00,0.46,23.0,1.9,8.3,15.52,10.4,40.0,2.3,8.7,122.0,CENTRO,21
2024-07-04 22:00:00,0.42,24.0,1.8,5.9,15.09,8.0,37.0,2.4,10.1,120.0,CENTRO,22
2024-07-04 23:00:00,0.42,23.0,1.8,5.8,16.14,7.8,37.0,2.5,10.1,111.0,CENTRO,23
2024-07-05 00:00:00,0.47,16.0,2.1,10.4,16.14,12.7,43.0,2.5,9.2,38.0,CENTRO,0
2024-07-05 01:00:00,0.43,17.0,1.8,8.1,18.24,10.1,58.0,2.5,7.9,36.0,CENTRO,1
2024-07-05 02:00:00,0.42,12.0,2.8,10.6,22.0,13.6,58.0,2.3,7.2,30.0,CENTRO,2
2024-07-05 03:00:00,0.4,16.0,1.8,5.0,23.47,7.0,66.0,2.3,8.3,45.0,CENTRO,3
2024-07-05 04:00:00,0.39,10.0,2.9,8.2,28.99,11.3,62.0,2.4,7.9,49.0,CENTRO,4
2024-07-05 05:00:00,0.38,11.0,2.5,6.3,33.38,9.0,66.0,2.4,7.1,62.0,CENTRO,5
2024-07-05 06:00:00,0.38,9.0,2.5,9.0,38.02,11.7,62.0,2.3,4.0,48.0,CENTRO,6
2024-07-05 07:00:00,0.45,5.0,9.3,14.0,40.65,23.6,67.0,2.5,5.7,57.0,CENTRO,7
2024-07-05 08:00:00,0.53,6.0,9.8,14.2,43.01,24.3,68.0,2.5,6.2,62.0,CENTRO,8
2024-07-05 09:00:00,0.65,6.0,19.8,16.1,45.51,36.2,84.0,2.5,5.1,48.0,CENTRO,9
2024-07-05 10:00:00,0.7,10.0,19.4,17.8,44.2,37.5,91.0,2.5,7.8,51.0,CENTRO,10
2024-07-05 11:00:00,0.67,18.0,13.4,20.1,45.55,33.7,93.0,2.4,8.7,45.0,CENTRO,11
2024-07-05 12:00:00,0.63,32.0,8.2,20.0,48.02,28.5,89.0,2.4,8.9,39.0,CENTRO,12
2024-07-05 13:00:00,0.61,57.0,4.4,18.0,48.89,22.6,91.0,2.4,9.7,53.0,CENTRO,13
2024-07-05 14:00:00,0.58,73.0,2.6,11.6,48.04,14.4,90.0,2.4,11.5,72.0,CENTRO,14
2024-07-05 15:00:00,0.53,72.0,2.5,9.2,47.09,11.9,80.0,2.3,12.4,62.0,CENTRO,15
2024-07-05 16:00:00,0.52,70.0,2.4,8.1,42.1,10.8,72.0,2.3,11.9,56.0,CENTRO,16
2024-07-05 17:00:00,0.52,67.0,2.4,9.3,39.48,11.9,59.0,2.4,13.0,68.0,CENTRO,17
2024-07-05 18:00:00,0.53,62.0,2.3,11.1,37.98,13.7,66.0,2.4,12.0,69.0,CENTRO,18
2024-07-05 19:00:00,0.53,56.0,2.0,10.0,39.73,12.2,67.0,2.4,10.6,96.0,CENTRO,19
2024-07-05 20:00:00,0.5,50.0,1.8,8.9,41.83,10.9,72.0,2.3,10.7,111.0,CENTRO,20
2024-07-05 21:00:00,0.5,36.0,1.8,9.7,42.9,11.8,65.0,2.3,9.3,108.0,CENTRO,21
2024-07-05 22:00:00,0.52,33.0,1.8,10.2,47.51,12.1,68.0,2.5,6.8,133.0,CENTRO,22
2024-07-05 23:00:00,0.49,25.0,1.9,8.7,36.79,10.8,53.0,2.4,8.1,67.0,CENTRO,23
2024-07-06 00:00:00,0.45,18.0,1.9,6.9,34.1,9.1,61.0,2.4,10.1,72.0,CENTRO,0
2024-07-06 01:00:00,0.44,15.0,1.8,6.3,31.46,8.3,73.0,2.4,8.1,57.0,CENTRO,1
2024-07-06 02:00:00,0.45,12.0,2.1,7.3,30.31,9.6,73.0,2.5,8.2,50.0,CENTRO,2
2024-07-06 03:00:00,0.45,7.0,4.0,12.1,29.0,16.3,74.0,2.4,7.2,44.0,CENTRO,3
2024-07-06 04:00:00,0.51,7.0,4.7,13.3,28.87,18.2,85.0,2.5,8.0,46.0,CENTRO,4
2024-07-06 05:00:00,0.43,5.0,12.2,14.1,30.88,26.5,92.0,2.5,4.9,52.0,CENTRO,5
2024-07-06 06:00:00,0.45,4.0,9.0,15.1,35.83,24.3,88.0,2.6,4.1,42.0,CENTRO,6
2024-07-06 07:00:00,0.41,5.0,11.9,13.8,32.71,25.9,45.0,2.5,3.0,64.0,CENTRO,7
2024-07-06 08:00:00,0.27,9.0,11.8,12.8,39.99,24.9,56.333333333333336,2.5,2.2,33.0,CENTRO,8
2024-07-06 09:00:00,0.35,16.0,11.6,14.2,39.5302,26.1,67.66666666666667,2.5,4.5,23.0,CENTRO,9
2024-07-06 10:00:00,0.51,25.0,11.2,19.5,39.0704,30.9,79.0,2.4,5.8,1.0,CENTRO,10
2024-07-06 11:00:00,0.51,41.0,8.5,22.7,38.610600000000005,31.4,96.0,2.4,8.0,38.0,CENTRO,11
2024-07-06 12:00:00,0.31,48.0,4.2,12.7,38.150800000000004,17.1,111.0,2.5,11.8,58.0,CENTRO,12
2024-07-06 13:00:00,0.25,54.0,3.0,10.2,25.137999999999998,13.4,83.0,2.4,16.1,56.0,CENTRO,13
2024-07-06 14:00:00,0.23,59.0,2.8,12.2,21.83,15.2,81.0,2.4,17.0,71.0,CENTRO,14
2024-07-06 15:00:00,0.19,43.0,2.8,16.0,20.25,19.0,94.0,2.5,15.7,96.0,CENTRO,15
2024-07-06 16:00:00,0.17,33.0,2.9,5.2,19.0,8.3,72.0,2.6,13.9,94.0,CENTRO,16
2024-07-06 17:00:00,0.18,31.0,3.2,5.3,17.744999999999997,8.8,60.0,2.8,15.3,79.0,CENTRO,17
2024-07-06 18:00:00,0.19,30.0,3.2,5.8,17.0,9.2,60.0,2.9,15.8,71.0,CENTRO,18
2024-07-06 19:00:00,0.15,26.0,2.7,6.2,16.525,9.2,67.0,2.8,13.8,78.0,CENTRO,19
2024-07-06 20:00:00,0.14,24.0,2.3,6.7,16.0,9.2,66.0,2.9,12.4,87.0,CENTRO,20
2024-07-06 21:00:00,0.16,21.0,2.0,7.7,16.31,9.9,66.0,2.8,11.2,115.0,CENTRO,21
2024-07-06 22:00:00,0.17,20.0,2.0,8.1,16.29,10.3,64.0,2.8,10.0,116.0,CENTRO,22
2024-07-06 23:00:00,0.18,19.0,1.8,8.2,16.08,10.3,65.0,2.7,7.7,111.0,CENTRO,23
2024-07-07 00:00:00,0.19,17.0,1.9,9.2,16.0,11.3,68.0,2.7,5.8,106.0,CENTRO,0
2024-07-07 01:00:00,0.2,14.0,1.9,9.7,16.0,11.8,66.0,2.6,3.4,175.0,CENTRO,1
2024-07-07 02:00:00,0.21,12.0,1.9,10.3,16.54,12.4,62.0,2.7,3.5,243.0,CENTRO,2
2024-07-07 03:00:00,0.3,8.0,5.9,14.3,16.8,20.4,64.0,2.6,2.8,287.0,CENTRO,3
2024-07-07 04:00:00,0.86,5.0,27.9,21.2,17.91,49.4,81.0,2.9,5.0,7.0,CENTRO,4
2024-07-07 05:00:00,0.9,5.0,20.1,18.8,18.58,39.1,102.0,3.2,2.9,215.0,CENTRO,5
2024-07-07 06:00:00,0.54,5.0,13.8,17.8,19.46,31.9,95.0,3.3,3.0,252.0,CENTRO,6
2024-07-07 07:00:00,0.44,6.0,12.0,16.0,20.869999999999997,28.3,94.0,3.1,3.9,221.0,CENTRO,7
2024-07-07 08:00:00,0.32,11.0,8.6,14.1,22.875,22.9,80.0,3.4,2.9,218.0,CENTRO,8
2024-07-07 09:00:00,0.29,16.0,7.7,13.3,24.189999999999998,21.2,78.0,3.5,3.6,255.0,CENTRO,9
2024-07-07 10:00:00,0.34,28.0,8.4,14.8,24.855,23.3,71.0,3.6,4.4,3.0,CENTRO,10
2024-07-07 11:00:00,0.41,37.0,5.2,13.3,27.284999999999997,18.7,82.0,4.0,4.7,346.0,CENTRO,11
2024-07-07 12:00:00,0.47,49.0,3.3,9.1,27.89,12.6,83.0,4.4,5.8,339.0,CENTRO,12
2024-07-07 13:00:00,0.4,58.0,2.5,7.7,25.137999999999998,10.5,65.0,4.4,6.6,360.0,CENTRO,13
2024-07-07 14:00:00,0.31,55.0,2.2,4.5,21.83,6.9,62.0,3.7,7.2,355.0,CENTRO,14
2024-07-07 15:00:00,0.27,51.0,2.3,4.0,20.25,6.5,47.0,3.7,8.4,2.0,CENTRO,15
2024-07-07 16:00:00,0.25,49.0,2.5,5.7,19.0,8.4,41.0,3.2,9.5,29.0,CENTRO,16
2024-07-07 17:00:00,0.27,44.0,2.6,7.7,17.744999999999997,10.6,44.0,3.1,9.3,46.0,CENTRO,17
2024-07-07 18:00:00,0.29,41.0,2.8,9.0,17.0,12.0,44.0,3.1,8.2,53.0,CENTRO,18
2024-07-07 19:00:00,0.27,42.0,2.3,7.7,16.525,10.2,53.0,2.9,7.6,60.0,CENTRO,19
2024-07-07 20:00:00,0.26,39.0,1.9,7.9,16.0,9.9,46.0,2.9,5.7,84.0,CENTRO,20
2024-07-07 21:00:00,0.37,41.0,1.8,11.1,16.31,13.1,42.0,2.7,6.0,121.0,CENTRO,21
2024-07-07 22:00:00,0.37,45.0,1.8,10.0,16.29,12.0,43.0,2.6,6.3,121.0,CENTRO,22
2024-07-07 23:00:00,0.36,44.0,1.8,9.4,16.08,11.4,51.0,2.6,4.2,170.0,CENTRO,23
2024-07-08 00:00:00,0.46,30.0,2.0,15.9,16.0,18.0,47.0,2.6,2.8,185.0,CENTRO,0
2024-07-08 01:00:00,0.47,23.0,1.8,17.5,16.0,19.5,44.0,2.6,2.0,184.0,CENTRO,1
2024-07-08 02:00:00,0.46,26.0,1.9,14.1,16.54,16.2,49.0,2.5,2.0,203.0,CENTRO,2
2024-07-08 03:00:00,0.38,21.0,1.8,12.9,16.8,15.0,50.0,2.5,2.5,237.0,CENTRO,3
2024-07-08 04:00:00,0.55,10.0,3.8,20.4,17.91,24.3,43.0,2.5,3.0,347.0,CENTRO,4
2024-07-08 05:00:00,0.69,5.0,4.8,24.3,18.58,29.3,74.0,2.5,2.2,250.0,CENTRO,5
2024-07-08 06:00:00,0.51,10.0,2.3,18.2,18.839199999999998,20.6,79.0,2.6,2.1,253.0,CENTRO,6
2024-07-08 07:00:00,0.59,9.0,7.7,20.1,18.379399999999997,28.0,57.0,2.6,2.3,253.0,CENTRO,7
2024-07-08 08:00:00,0.52,19.0,8.6,20.5,17.9196,29.4,68.0,3.2,4.0,169.0,CENTRO,8
2024-07-08 09:00:00,0.6,31.0,8.9,23.3,17.459799999999998,32.4,66.0,3.5,3.9,58.0,CENTRO,9
2024-07-08 10:00:00,0.68,42.0,8.6,26.8,17.0,35.6,74.0,3.6,5.3,348.0,CENTRO,10
2024-07-08 11:00:00,0.9,54.0,9.4,35.5,33.35,45.2,85.0,3.5,7.4,85.0,CENTRO,11
2024-07-08 12:00:00,0.66,100.0,3.1,19.0,29.47,22.3,98.0,3.5,10.8,69.0,CENTRO,12
2024-07-08 13:00:00,0.51,103.0,2.6,14.7,30.0,17.5,92.0,3.0,12.6,41.0,CENTRO,13
2024-07-08 14:00:00,0.37,72.0,2.8,10.6,23.0,13.6,72.0,3.0,15.2,50.0,CENTRO,14
2024-07-08 15:00:00,0.35,61.0,2.4,7.0,21.05,9.6,65.0,3.2,14.7,69.0,CENTRO,15
2024-07-08 16:00:00,0.38,52.0,2.6,7.3,21.36,10.1,53.0,2.9,14.7,73.0,CENTRO,16
2024-07-08 17:00:00,0.37,47.0,2.7,7.1,18.3,10.0,60.0,2.6,14.9,87.0,CENTRO,17
2024-07-08 18:00:00,0.39,42.0,2.8,7.4,17.59,10.4,53.0,2.7,12.9,131.0,CENTRO,18
2024-07-08 19:00:00,0.39,40.0,2.4,8.2,16.04,10.8,45.0,2.4,11.9,128.0,CENTRO,19
2024-07-08 20:00:00,0.44,33.0,2.3,13.0,15.65,15.5,43.0,2.5,12.4,59.0,CENTRO,20
2024-07-08 21:00:00,0.54,29.0,2.0,14.3,15.69,16.5,53.0,2.5,7.3,330.0,CENTRO,21
2024-07-08 22:00:00,0.37,31.0,1.9,8.6,16.67,10.7,52.0,2.4,14.4,121.0,CENTRO,22
2024-07-08 23:00:00,0.33,34.0,1.9,4.9,16.99,7.1,49.0,2.4,11.2,100.0,CENTRO,23
2024-07-09 00:00:00,0.42,17.0,3.7,18.0,13.67,22.0,37.0,2.5,7.0,25.0,CENTRO,0
2024-07-09 01:00:00,0.45,7.0,3.5,25.5,20.62,29.2,53.0,2.4,4.2,38.0,CENTRO,1
2024-07-09 02:00:00,0.57,8.0,3.1,23.9,19.96,27.3,60.0,2.5,5.8,17.0,CENTRO,2
2024-07-09 03:00:00,0.94,5.0,7.5,27.1,21.98,34.7,59.0,2.5,5.3,15.0,CENTRO,3
2024-07-09 04:00:00,0.78,5.0,6.9,27.3,24.35,34.4,63.0,2.6,4.0,52.0,CENTRO,4
2024-07-09 05:00:00,0.82,4.0,6.8,26.9,25.74,34.0,72.0,2.6,3.3,12.0,CENTRO,5
2024-07-09 06:00:00,0.89,4.0,8.2,26.9,27.5,35.3,75.0,2.5,3.2,49.0,CENTRO,6
2024-07-09 07:00:00,0.79,6.0,14.0,25.8,26.55,40.0,77.0,2.6,2.3,8.0,CENTRO,7
2024-07-09 08:00:00,0.89,11.0,15.4,24.8,26.91,40.3,73.0,2.6,3.0,349.0,CENTRO,8
2024-07-09 09:00:00,1.0,20.0,14.0,25.0,26.5,39.2,70.0,2.5,5.1,5.0,CENTRO,9
2024-07-09 10:00:00,1.01,36.0,8.5,22.9,25.69,31.6,65.0,2.6,4.9,49.0,CENTRO,10
2024-07-09 11:00:00,1.01,34.0,15.4,36.1,32.02,51.8,66.0,2.6,8.1,34.0,CENTRO,11
2024-07-09 12:00:00,0.6,63.0,7.3,24.0,30.67,31.4,94.0,2.7,11.3,46.0,CENTRO,12
2024-07-09 13:00:00,0.47,68.0,3.3,12.1,20.76,15.6,81.0,2.7,12.6,66.0,CENTRO,13
2024-07-09 14:00:00,0.42,69.0,2.6,9.1,21.12,11.9,59.0,3.9,14.4,62.0,CENTRO,14
2024-07-09 15:00:00,0.37,56.0,2.8,7.9,19.67,10.9,56.0,6.3,15.0,66.0,CENTRO,15
2024-07-09 16:00:00,0.36,50.0,2.7,6.6,14.31,9.6,57.0,4.6,14.5,70.0,CENTRO,16
2024-07-09 17:00:00,0.37,46.0,2.9,6.5,13.1,9.7,47.0,3.5,14.5,87.0,CENTRO,17
2024-07-09 18:00:00,0.39,41.0,2.7,7.9,12.83,10.8,40.0,3.0,12.8,98.0,CENTRO,18
2024-07-09 19:00:00,0.39,38.0,2.7,8.4,13.53,11.3,35.0,2.8,14.1,91.0,CENTRO,19
2024-07-09 20:00:00,0.38,35.0,2.2,8.2,14.16,10.6,37.0,2.7,14.5,79.0,CENTRO,20
2024-07-09 21:00:00,0.4,32.0,1.9,8.9,13.11,11.0,41.0,2.7,10.2,114.0,CENTRO,21
2024-07-09 22:00:00,0.35,30.0,1.9,6.7,14.76,8.8,34.0,2.6,10.9,101.0,CENTRO,22
2024-07-09 23:00:00,0.34,25.0,2.0,7.0,17.32,9.2,37.0,2.6,10.4,91.0,CENTRO,23
2024-07-10 00:00:00,0.39,20.0,1.9,9.4,17.51,11.6,43.0,2.6,8.8,62.0,CENTRO,0
2024-07-10 01:00:00,0.38,21.0,1.9,8.7,16.96,10.8,37.0,2.5,8.6,61.0,CENTRO,1
2024-07-10 02:00:00,0.35,25.0,1.8,6.9,14.56,9.0,40.0,2.5,8.5,43.0,CENTRO,2
2024-07-10 03:00:00,0.33,25.0,1.8,5.0,14.78,7.1,37.0,2.5,6.4,30.0,CENTRO,3
2024-07-10 04:00:00,0.34,15.0,3.9,11.7,16.28,15.9,36.0,2.5,7.9,38.0,CENTRO,4
2024-07-10 05:00:00,0.37,7.0,4.3,17.4,17.98,22.0,49.0,2.5,6.0,16.0,CENTRO,5
2024-07-10 06:00:00,0.46,9.0,2.1,13.0,21.3,15.3,63.0,2.5,6.0,11.0,CENTRO,6
2024-07-10 07:00:00,0.87,7.0,5.5,15.7,24.78,21.4,56.0,2.5,5.2,7.0,CENTRO,7
2024-07-10 08:00:00,0.63,11.0,8.0,12.8,26.26,21.0,64.0,2.5,5.1,359.0,CENTRO,8
2024-07-10 09:00:00,0.63,9.0,12.0,15.8,26.54,28.0,61.0,2.4499999999999997,6.9,25.0,CENTRO,9
2024-07-10 10:00:00,0.55,18.0,9.5,12.5,22.12,22.3,57.0,2.4,10.9,68.0,CENTRO,10
2024-07-10 11:00:00,0.43,30.0,4.6,8.7,29.44,13.6,52.0,2.4,14.0,62.0,CENTRO,11
2024-07-10 12:00:00,0.44,31.0,3.8,7.6,27.41,11.7,60.0,2.5,12.8,63.0,CENTRO,12
2024-07-10 13:00:00,0.4,31.0,2.9,6.1,16.7,9.3,52.0,2.6,13.7,63.0,CENTRO,13
2024-07-10 14:00:00,0.42,31.0,3.4,5.8,14.01,9.5,40.0,2.5,14.2,67.0,CENTRO,14
2024-07-10 15:00:00,0.38,29.0,2.8,5.8,15.72,8.9,40.0,2.5,12.8,84.0,CENTRO,15
2024-07-10 16:00:00,0.5,23.0,4.5,9.5,15.22,14.3,39.0,2.5,10.0,317.0,CENTRO,16
2024-07-10 17:00:00,0.46,19.0,4.4,10.2,12.38,14.9,41.0,2.5,15.5,58.0,CENTRO,17
2024-07-10 18:00:00,0.68,9.0,12.7,20.3,14.2,33.2,52.0,2.6,8.1,357.0,CENTRO,18
2024-07-10 19:00:00,1.0,8.0,15.8,24.9,14.99,40.9,48.0,2.6,8.5,11.0,CENTRO,19
2024-07-10 20:00:00,0.85,5.0,25.2,28.7,17.49,54.1,52.0,2.7,8.8,27.0,CENTRO,20
2024-07-10 21:00:00,0.71,4.0,27.7,27.5,15.9,55.3,56.0,2.7,7.3,35.0,CENTRO,21
2024-07-10 22:00:00,0.75,4.0,30.3,25.5,19.77,56.0,59.0,2.8,8.3,38.0,CENTRO,22
2024-07-10 23:00:00,0.61,4.0,10.8,22.0,18.39,33.0,58.0,2.6,8.4,43.0,CENTRO,23
2024-07-11 00:00:00,0.57,6.5,9.1,21.6,17.06,31.0,52.0,2.5,8.4,36.0,CENTRO,0
2024-07-11 01:00:00,0.44,9.0,2.2,11.5,12.64,14.0,54.0,2.5,7.3,45.0,CENTRO,1
2024-07-11 02:00:00,0.4,12.0,2.0,9.2,11.3,11.4,42.0,2.5,6.8,43.0,CENTRO,2
2024-07-11 03:00:00,0.4,14.0,1.9,6.4,9.66,8.6,33.0,2.5,6.1,80.0,CENTRO,3
2024-07-11 04:00:00,0.32,18.0,1.9,3.5,8.16,5.6,34.0,2.5,6.8,87.0,CENTRO,4
2024-07-11 05:00:00,0.35,18.0,1.95,3.4,8.89,5.5,24.0,2.6,5.9,78.0,CENTRO,5
2024-07-11 06:00:00,0.33,15.0,2.0,5.7,9.38,7.9,31.0,2.6,5.9,62.0,CENTRO,6
2024-07-11 07:00:00,0.41,12.0,3.5,8.3,10.31,12.0,33.0,2.5,5.1,79.0,CENTRO,7
2024-07-11 08:00:00,0.47,11.0,9.2,11.1,12.29,20.5,37.0,2.5,6.3,45.0,CENTRO,8
2024-07-11 09:00:00,0.52,11.0,14.3,13.4,16.13,28.0,40.0,2.6,9.1,50.0,CENTRO,9
2024-07-11 10:00:00,0.5,19.0,8.9,10.7,15.51,19.9,55.0,2.5,11.3,53.0,CENTRO,10
2024-07-11 11:00:00,0.45,28.0,4.8,8.2,11.49,13.3,47.0,2.5,13.8,48.0,CENTRO,11
2024-07-11 12:00:00,0.42,33.0,4.3,8.0,13.3,12.6,40.0,2.5,14.5,48.0,CENTRO,12
2024-07-11 13:00:00,0.44,31.0,3.6,8.1,12.21,11.9,45.0,2.4,14.3,58.0,CENTRO,13
2024-07-11 14:00:00,0.42,28.0,3.0,7.1,12.11,10.3,44.0,2.5,13.2,76.0,CENTRO,14
2024-07-11 15:00:00,0.46,26.0,3.1,9.0,13.88,12.3,48.0,2.3,11.6,74.0,CENTRO,15
2024-07-11 16:00:00,0.4,24.0,3.3,6.4,12.48,10.0,49.0,2.5,9.1,136.0,CENTRO,16
2024-07-11 17:00:00,0.43,23.0,3.9,6.4,14.74,10.5,37.0,2.4,9.6,124.0,CENTRO,17
2024-07-11 18:00:00,0.41,24.0,3.6,6.3,13.66,10.1,42.0,2.5,8.9,118.0,CENTRO,18
2024-07-11 19:00:00,0.42,24.0,3.1,6.2,10.83,9.5,43.0,2.6,15.1,116.0,CENTRO,19
2024-07-11 20:00:00,0.46,20.0,2.7,8.1,8.12,11.0,38.0,2.6,12.7,93.0,CENTRO,20
2024-07-11 21:00:00,0.41,21.0,2.1,7.9,5.99,10.2,32.0,2.5,11.0,100.0,CENTRO,21
2024-07-11 22:00:00,0.42,24.0,2.0,6.8,5.4,9.0,26.0,2.5,9.0,72.0,CENTRO,22
2024-07-11 23:00:00,0.42,21.0,1.9,8.3,4.87,10.4,31.0,2.5,5.7,114.0,CENTRO,23
2024-07-12 00:00:00,0.4,23.0,1.8,6.0,3.82,8.1,23.0,2.5,8.6,96.0,CENTRO,0
2024-07-12 01:00:00,0.34,23.0,1.9,4.1,3.02,6.2,23.0,2.5,5.4,115.0,CENTRO,1
2024-07-12 02:00:00,0.37,23.0,1.8,3.9,3.84,6.0,21.0,2.5,5.2,84.0,CENTRO,2
2024-07-12 03:00:00,0.4,19.0,1.8,6.3,5.04,8.4,19.0,2.4,3.8,12.0,CENTRO,3
2024-07-12 04:00:00,0.44,14.0,1.9,10.5,8.47,12.7,21.0,2.5,4.6,6.0,CENTRO,4
2024-07-12 05:00:00,0.45,8.0,3.3,15.0,12.76,18.5,27.0,2.5,4.1,24.0,CENTRO,5
2024-07-12 06:00:00,0.4,13.0,2.0,7.4,10.27,9.7,45.0,2.4,5.7,54.0,CENTRO,6
2024-07-12 07:00:00,0.42,9.0,3.9,10.4,12.77,14.6,36.0,2.5,5.8,48.0,CENTRO,7
2024-07-12 08:00:00,0.51,8.0,7.9,11.6,22.1,19.8,41.0,2.5,7.7,58.0,CENTRO,8
2024-07-12 09:00:00,0.6,9.0,11.3,11.6,28.22,23.2,54.0,2.5,7.5,57.0,CENTRO,9
2024-07-12 10:00:00,0.56,12.0,14.7,13.4,30.12,28.3,60.0,2.6,6.4,37.0,CENTRO,10
2024-07-12 11:00:00,0.57,12.0,8.9,15.3,32.34,24.5,64.0,2.6,7.4,21.0,CENTRO,11
2024-07-12 12:00:00,0.58,20.0,6.0,12.9,29.42,19.1,70.0,2.4,7.9,67.0,CENTRO,12
2024-07-12 13:00:00,0.55,27.0,4.6,10.8,26.64,15.7,64.0,2.5,8.9,64.0,CENTRO,13
2024-07-12 14:00:00,0.57,28.0,5.2,11.4,28.44,16.9,60.0,2.5,10.2,57.0,CENTRO,14
2024-07-12 15:00:00,0.49,30.0,4.0,8.2,24.73,12.6,62.0,2.5,12.4,60.0,CENTRO,15
2024-07-12 16:00:00,0.51,21.0,4.6,8.4,18.15,13.3,54.0,2.5,12.5,61.0,CENTRO,16
2024-07-12 17:00:00,0.53,21.0,5.1,9.5,15.67,14.8,52.0,2.5,11.9,62.0,CENTRO,17
2024-07-12 18:00:00,0.44,26.0,3.2,6.7,12.5,10.1,43.0,2.5,12.5,124.0,CENTRO,18
2024-07-12 19:00:00,0.47,26.0,2.7,8.6,11.05,11.6,39.0,2.5,11.7,124.0,CENTRO,19
2024-07-12 20:00:00,0.47,28.0,2.1,9.1,10.77,11.4,38.0,2.5,9.8,117.0,CENTRO,20
2024-07-12 21:00:00,0.56,20.0,2.3,11.9,13.42,14.4,46.0,2.4499999999999997,8.8,102.0,CENTRO,21
2024-07-12 22:00:00,0.4,25.0,2.1,5.2,12.21,7.5,44.0,2.4,11.2,137.0,CENTRO,22
2024-07-12 23:00:00,0.49,18.0,2.2,9.6,13.46,12.0,37.0,2.5,8.7,67.0,CENTRO,23
2024-07-13 00:00:00,0.52,17.0,2.0,9.9,11.46,12.2,37.0,2.4,7.8,62.0,CENTRO,0
2024-07-13 01:00:00,0.43,21.0,1.9,7.4,9.37,9.5,35.0,2.4,8.3,44.0,CENTRO,1
2024-07-13 02:00:00,0.44,21.0,1.9,6.2,9.38,8.3,37.0,2.5,6.6,37.0,CENTRO,2
2024-07-13 03:00:00,0.43,18.0,2.25,6.4,10.31,8.4,32.0,2.5,5.2,11.0,CENTRO,3
2024-07-13 04:00:00,0.42,12.0,2.6,10.6,14.55,13.4,37.0,2.4,6.9,28.0,CENTRO,4
2024-07-13 05:00:00,0.39,13.0,2.2,7.5,13.93,10.0,44.0,2.4,3.7,2.0,CENTRO,5
2024-07-13 06:00:00,0.45,9.0,2.3,11.0,14.59,13.5,39.0,2.4,3.3,19.0,CENTRO,6
2024-07-13 07:00:00,0.45,6.0,8.3,13.7,16.33,22.2,43.0,2.5,3.2,21.0,CENTRO,7
2024-07-13 08:00:00,0.54,9.0,17.1,14.9,23.15,32.3,46.0,2.5,3.7,10.0,CENTRO,8
2024-07-13 09:00:00,0.59,16.0,10.1,11.8,21.05,22.2,52.0,2.4,6.4,23.0,CENTRO,9
2024-07-13 10:00:00,0.62,20.0,10.3,13.0,24.87,23.6,55.0,2.4,7.9,14.0,CENTRO,10
2024-07-13 11:00:00,0.6,30.0,6.7,12.3,28.49,19.2,66.0,2.4,8.7,15.0,CENTRO,11
2024-07-13 12:00:00,0.59,38.0,6.1,13.9,30.1,20.3,74.0,2.3,9.2,15.0,CENTRO,12
2024-07-13 13:00:00,0.45,37.0,3.3,8.3,26.67,11.9,74.0,2.4,9.5,56.0,CENTRO,13
2024-07-13 14:00:00,0.48,39.0,2.7,7.7,24.85,10.7,69.0,2.5,9.2,96.0,CENTRO,14
2024-07-13 15:00:00,0.44,31.0,2.6,5.4,22.25,8.3,63.0,2.4,9.0,134.0,CENTRO,15
2024-07-13 16:00:00,0.42,26.0,2.6,6.1,29.12,9.0,64.0,2.4,9.0,136.0,CENTRO,16
2024-07-13 17:00:00,0.44,26.0,2.7,5.9,30.96,8.8,75.0,2.4,8.9,130.0,CENTRO,17
2024-07-13 18:00:00,0.42,25.0,2.9,6.3,31.2,9.4,76.0,2.4,11.0,105.0,CENTRO,18
2024-07-13 19:00:00,0.44,23.0,2.3,6.1,28.16,8.6,73.0,2.4,11.5,127.0,CENTRO,19
2024-07-13 20:00:00,0.47,19.0,2.0,7.4,27.84,9.6,67.0,2.5,8.9,127.0,CENTRO,20
2024-07-13 21:00:00,0.47,18.0,1.9,7.5,32.11,9.6,67.0,2.5,6.9,116.0,CENTRO,21
2024-07-13 22:00:00,0.52,15.0,2.1,9.0,35.18,11.4,70.0,2.5,9.4,98.0,CENTRO,22
2024-07-13 23:00:00,0.42,17.0,1.9,5.5,33.96,7.7,81.0,2.4,10.5,119.0,CENTRO,23
2024-07-14 00:00:00,0.43,17.0,1.9,3.6,33.17,5.7,81.0,2.4,13.5,122.0,CENTRO,0
2024-07-14 01:00:00,0.42,13.0,2.5999999999999996,5.9,33.1,8.0,87.0,2.4,7.4,89.0,CENTRO,1
2024-07-14 02:00:00,0.47,10.0,3.3,7.1,33.53,10.7,87.0,2.5,6.9,30.0,CENTRO,2
2024-07-14 03:00:00,0.42,8.0,3.9,8.5,34.48,12.6,94.0,2.4,5.8,40.0,CENTRO,3
2024-07-14 04:00:00,0.43,4.0,13.0,11.6,35.27,24.9,92.0,2.6,2.3,29.0,CENTRO,4
2024-07-14 05:00:00,0.48,7.0,2.6,7.7,32.56,10.6,93.0,2.5,3.3,45.0,CENTRO,5
2024-07-14 06:00:00,0.46,6.0,2.3,8.9,32.7,11.4,88.0,2.5,4.2,56.0,CENTRO,6
2024-07-14 07:00:00,0.46,7.0,6.7,9.2,34.69,16.1,86.0,2.5,4.3,57.0,CENTRO,7
2024-07-14 08:00:00,0.49,6.0,9.5,10.0,38.31,19.8,90.0,2.4,4.8,65.0,CENTRO,8
2024-07-14 09:00:00,0.54,11.0,8.5,10.0,43.15,18.7,91.0,2.5,4.5,347.0,CENTRO,9
2024-07-14 10:00:00,0.49,19.0,5.8,7.8,40.02,13.9,89.0,2.5,5.8,350.0,CENTRO,10
2024-07-14 11:00:00,0.54,35.0,4.0,8.3,42.34,12.6,89.0,2.4,6.9,24.0,CENTRO,11
2024-07-14 12:00:00,0.59,45.0,4.5,11.6,47.91,16.3,91.0,2.5,8.6,61.0,CENTRO,12
2024-07-14 13:00:00,0.55,61.0,4.1,14.4,50.64,18.8,100.0,2.5,8.9,46.0,CENTRO,13
2024-07-14 14:00:00,0.52,74.0,2.2,8.0,44.53,10.5,103.0,2.5,11.3,58.0,CENTRO,14
2024-07-14 15:00:00,0.47,56.0,2.3,6.0,38.7,8.6,89.0,2.6,13.6,64.0,CENTRO,15
2024-07-14 16:00:00,0.44,45.0,2.6,5.2,34.36,8.0,79.0,2.5,13.3,84.0,CENTRO,16
2024-07-14 17:00:00,0.4,36.0,2.0,3.8,29.95,6.0,79.0,2.5,12.1,125.0,CENTRO,17
2024-07-14 18:00:00,0.39,31.0,2.0,3.6,18.27,5.8,65.0,2.5,13.9,123.0,CENTRO,18
2024-07-14 19:00:00,0.42,30.0,1.9000000000000001,5.1,16.5,7.3,44.0,2.7,12.9,121.0,CENTRO,19
2024-07-14 20:00:00,0.44,26.0,1.8,6.5,16.32,8.6,45.0,2.6,9.9,126.0,CENTRO,20
2024-07-14 21:00:00,0.47,22.0,1.9,7.7,16.84,9.8,45.0,2.5,11.3,120.0,CENTRO,21
2024-07-14 22:00:00,0.46,21.0,1.9,7.2,17.26,9.3,40.0,2.5,10.7,103.0,CENTRO,22
2024-07-14 23:00:00,0.44,19.0,1.8666666666666667,6.0,18.76,8.1,45.0,2.5,8.6,94.0,CENTRO,23
2024-07-15 00:00:00,0.44,17.0,1.8333333333333333,6.2,19.01,8.4,48.0,2.5,6.2,64.0,CENTRO,0
2024-07-15 01:00:00,0.41,18.0,1.8,5.1,18.1,7.1,50.0,2.5,8.0,53.0,CENTRO,1
2024-07-15 02:00:00,0.45,12.0,2.1,8.9,19.38,11.2,52.0,2.5,4.0,17.0,CENTRO,2
2024-07-15 03:00:00,0.45,7.0,3.7,14.4,22.79,18.4,51.0,2.4,5.8,15.0,CENTRO,3
2024-07-15 04:00:00,0.44,5.0,6.5,14.9,24.84,21.7,60.0,2.5,3.1,21.0,CENTRO,4
2024-07-15 05:00:00,0.46,7.0,2.7,12.9,24.19,15.7,61.0,2.5,2.0,29.0,CENTRO,5
2024-07-15 06:00:00,0.48,6.0,2.7,13.1,24.22,16.0,58.0,2.5,1.8,27.0,CENTRO,6
2024-07-15 07:00:00,0.65,6.0,5.3,13.0,27.45,18.5,59.0,2.5,2.8,15.0,CENTRO,7
2024-07-15 08:00:00,0.54,9.0,7.9,10.9,30.29,19.0,56.0,2.5,6.0,342.0,CENTRO,8
2024-07-15 09:00:00,0.6,16.0,8.5,9.5,28.78,18.3,57.0,2.4,5.7,14.0,CENTRO,9
2024-07-15 10:00:00,0.67,20.0,10.3,13.3,30.4,23.9,58.0,2.6,6.2,11.0,CENTRO,10
2024-07-15 11:00:00,0.87,30.0,10.0,18.6,29.87142857142857,28.9,67.0,2.5,6.8,23.0,CENTRO,11
2024-07-15 12:00:00,0.72,33.0,10.5,21.0,29.34285714285714,31.7,82.0,2.5,10.4,49.0,CENTRO,12
2024-07-15 13:00:00,0.64,53.0,6.1,19.0,28.814285714285713,25.4,101.0,2.5,9.1,29.0,CENTRO,13
2024-07-15 14:00:00,0.6,77.0,3.2,15.4,28.285714285714285,18.8,96.0,2.5,11.5,47.0,CENTRO,14
2024-07-15 15:00:00,0.57,80.0,2.4,11.2,20.25,13.9,81.0,2.4,12.9,65.0,CENTRO,15
2024-07-15 16:00:00,0.55,60.0,2.2,10.1,19.0,12.5,83.0,2.6,9.3,130.0,CENTRO,16
2024-07-15 17:00:00,0.55,52.0,2.2,8.7,17.744999999999997,11.2,60.0,2.5,10.6,134.0,CENTRO,17
2024-07-15 18:00:00,0.53,55.0,2.3,9.0,17.0,11.4,55.0,2.5,11.1,133.0,CENTRO,18
2024-07-15 19:00:00,0.6,50.0,2.4,9.6,16.525,12.2,63.0,2.5,10.0,126.0,CENTRO,19
2024-07-15 20:00:00,0.81,38.0,2.6,11.2,25.114285714285714,14.0,62.0,2.5,8.5,109.0,CENTRO,20
2024-07-15 21:00:00,0.77,34.0,2.0,11.0,24.585714285714285,13.3,67.0,2.6,8.7,108.0,CENTRO,21
2024-07-15 22:00:00,0.59,32.0,1.9,9.1,24.057142857142857,11.2,56.0,2.5,7.8,117.0,CENTRO,22
2024-07-15 23:00:00,0.62,19.0,2.3,9.8,23.52857142857143,12.3,46.0,2.5,9.5,64.0,CENTRO,23
2024-07-16 00:00:00,0.57,16.0,2.2,9.2,23.0,11.7,56.0,2.4,8.5,56.0,CENTRO,0
2024-07-16 01:00:00,0.49,15.0,2.0,8.8,22.0,11.0,62.0,2.5,6.2,33.0,CENTRO,1
2024-07-16 02:00:00,0.47,14.0,2.4,9.0,24.0,11.7,61.0,2.5,6.0,31.0,CENTRO,2
2024-07-16 03:00:00,0.46,6.0,6.7,16.9,29.0,23.9,56.0,2.5,5.4,13.0,CENTRO,3
2024-07-16 04:00:00,0.49,6.0,3.1,15.5,34.0,18.8,74.0,2.5,3.0,23.0,CENTRO,4
2024-07-16 05:00:00,0.54,5.0,3.8,15.7,41.0,19.7,77.0,2.6,3.5,40.0,CENTRO,5
2024-07-16 06:00:00,0.52,5.0,7.3,16.0,46.0,23.5,86.0,2.6,4.0,16.0,CENTRO,6
2024-07-16 07:00:00,0.56,5.0,7.6,15.1,40.0,23.0,83.0,2.7,4.6,352.0,CENTRO,7
2024-07-16 08:00:00,0.58,8.0,11.8,14.0,39.0,26.1,77.0,2.6,6.0,347.0,CENTRO,8
2024-07-16 09:00:00,0.58,13.0,11.5,12.7,43.0,24.6,83.0,2.6,5.7,350.0,CENTRO,9
2024-07-16 10:00:00,0.64,20.0,11.6,15.3,41.53333333333333,27.2,87.0,2.5,6.3,6.0,CENTRO,10
2024-07-16 11:00:00,0.79,32.0,10.3,21.4,40.06666666666667,31.9,94.0,2.6,6.8,17.0,CENTRO,11
2024-07-16 12:00:00,0.8,50.0,7.1,22.8,38.6,30.2,112.0,2.6,7.9,23.0,CENTRO,12
2024-07-16 13:00:00,0.69,68.0,5.2,22.0,37.13333333333333,27.4,119.0,2.7,8.8,36.0,CENTRO,13
2024-07-16 14:00:00,0.62,85.0,3.4,17.4,21.83,21.0,112.0,3.0,10.9,40.0,CENTRO,14
2024-07-16 15:00:00,0.55,75.0,3.2,14.5,20.25,17.9,108.0,3.2,13.1,62.0,CENTRO,15
2024-07-16 16:00:00,0.52,64.0,2.7,11.5,19.0,14.4,87.0,2.9,13.5,54.0,CENTRO,16
2024-07-16 17:00:00,0.57,57.0,2.8,12.6,17.744999999999997,15.6,92.0,3.0,11.6,93.0,CENTRO,17
2024-07-16 18:00:00,0.53,45.0,2.5,10.8,17.0,13.5,83.0,3.3,12.6,75.0,CENTRO,18
2024-07-16 19:00:00,0.55,57.0,1.9,10.3,16.525,12.4,76.0,3.1,10.2,107.0,CENTRO,19
2024-07-16 20:00:00,0.57,57.0,1.8,11.8,26.866666666666667,13.8,95.0,2.6,9.0,107.0,CENTRO,20
2024-07-16 21:00:00,0.52,50.0,1.8,9.0,25.4,11.0,88.0,2.6,6.4,114.0,CENTRO,21
2024-07-16 22:00:00,0.56,42.0,1.8,11.8,23.933333333333334,13.8,85.0,2.7,8.0,88.0,CENTRO,22
2024-07-16 23:00:00,0.46,31.0,1.8,6.3,22.466666666666665,8.3,72.0,2.7,10.6,118.0,CENTRO,23
2024-07-17 00:00:00,0.44,19.0,1.8,5.6,21.0,7.7,58.0,2.7,7.0,119.0,CENTRO,0
2024-07-17 01:00:00,0.44,16.0,1.8,6.0,20.0,8.0,55.0,2.7,8.7,49.0,CENTRO,1
2024-07-17 02:00:00,0.43,14.0,1.8,5.2,20.0,7.3,51.0,2.5,8.5,46.0,CENTRO,2
2024-07-17 03:00:00,0.42,12.0,2.7,6.5,21.5,9.3,48.0,2.5,7.1,32.0,CENTRO,3
2024-07-17 04:00:00,0.41,6.0,6.1,14.1,23.0,20.4,50.0,2.5,6.7,35.0,CENTRO,4
2024-07-17 05:00:00,0.43,8.0,3.0,13.4,23.0,16.6,53.0,2.6,5.3,9.0,CENTRO,5
2024-07-17 06:00:00,0.57,9.0,2.1,10.7,27.0,13.1,62.0,2.5,5.9,28.0,CENTRO,6
2024-07-17 07:00:00,0.52,6.0,6.0,13.4,30.0,19.7,67.0,2.5,7.0,25.0,CENTRO,7
2024-07-17 08:00:00,0.65,5.0,11.6,13.0,29.0,24.9,76.0,2.5,5.6,358.0,CENTRO,8
2024-07-17 09:00:00,0.7,5.0,11.7,12.9,27.0,24.9,67.0,2.5,5.8,4.0,CENTRO,9
2024-07-17 10:00:00,0.71,7.0,13.0,12.3,30.0,25.6,65.0,2.5,6.0,10.0,CENTRO,10
2024-07-17 11:00:00,0.79,12.0,12.4,12.6,35.0,25.3,64.0,2.5,5.4,15.0,CENTRO,11
2024-07-17 12:00:00,0.71,22.0,7.4,14.3,37.0,21.9,73.0,2.5,5.8,20.0,CENTRO,12
2024-07-17 13:00:00,0.7,24.0,6.2,18.2,39.0,24.6,76.0,2.6,8.2,90.0,CENTRO,13
2024-07-17 14:00:00,0.61,37.0,7.5,19.7,40.0,27.4,73.0,2.6,8.6,54.0,CENTRO,14
2024-07-17 15:00:00,0.58,51.0,3.6,16.3,39.0,20.1,85.0,2.4,9.0,57.0,CENTRO,15
2024-07-17 16:00:00,0.59,55.0,2.3,11.1,40.0,13.7,83.0,2.5,9.0,86.0,CENTRO,16
2024-07-17 17:00:00,0.62,55.0,2.2,10.6,42.0,13.0,79.0,2.6,6.9,125.0,CENTRO,17
2024-07-17 18:00:00,0.62,53.0,2.3,10.9,42.92,13.4,77.0,2.6,8.0,127.0,CENTRO,18
2024-07-17 19:00:00,0.61,55.0,2.1,11.0,41.13,13.4,60.0,2.6,7.7,128.0,CENTRO,19
2024-07-17 20:00:00,0.65,46.0,1.8,10.7,33.38,12.8,49.0,2.6,7.4,123.0,CENTRO,20
2024-07-17 21:00:00,0.58,37.0,1.8,11.3,34.19,13.3,57.0,2.5,8.7,100.0,CENTRO,21
2024-07-17 22:00:00,0.59,32.0,1.9,11.8,31.62,13.8,52.0,2.5,7.0,65.0,CENTRO,22
2024-07-17 23:00:00,0.61,28.0,2.0,15.5,31.45,17.6,50.0,2.5,6.9,49.0,CENTRO,23
2024-07-18 00:00:00,0.52,29.0,2.2,10.1,37.4,12.6,57.0,2.5,10.5,67.0,CENTRO,0
2024-07-18 01:00:00,0.54,18.0,2.4,10.3,30.0,12.9,54.0,2.5,10.1,43.0,CENTRO,1
2024-07-18 02:00:00,0.47,8.0,6.6,21.0,30.03,27.9,59.0,2.6,8.8,28.0,CENTRO,2
2024-07-18 03:00:00,0.64,15.0,1.9,13.7,20.65,15.8,42.0,2.6,10.9,2.0,CENTRO,3
2024-07-18 04:00:00,0.56,13.0,2.2,14.5,21.94,16.9,38.0,2.6,9.0,10.0,CENTRO,4
2024-07-18 05:00:00,0.5,8.0,2.8,19.6,23.64,22.7,50.0,2.6,5.2,24.0,CENTRO,5
2024-07-18 06:00:00,0.51,11.0,2.3,16.8,24.32,19.2,52.0,2.6,4.9,354.0,CENTRO,6
2024-07-18 07:00:00,0.6,9.0,3.5,16.0,28.22,19.7,47.0,2.5,1.9,258.0,CENTRO,7
2024-07-18 08:00:00,0.63,10.0,10.0,16.8,30.41,27.1,54.0,2.5,2.8,335.0,CENTRO,8
2024-07-18 09:00:00,0.95,8.0,18.5,21.7,32.95,40.5,52.0,2.6,5.5,349.0,CENTRO,9
2024-07-18 10:00:00,0.99,10.0,25.6,25.6,41.8,51.3,62.0,2.7,6.3,21.0,CENTRO,10
2024-07-18 11:00:00,0.94,21.0,11.5,24.0,39.26,35.8,77.0,2.7,7.8,20.0,CENTRO,11
2024-07-18 12:00:00,0.67,28.0,6.0,16.2,37.64,22.4,75.0,2.6,8.9,23.0,CENTRO,12
2024-07-18 13:00:00,0.59,33.0,5.7,15.2,37.84,21.1,65.0,2.6,7.6,44.0,CENTRO,13
2024-07-18 14:00:00,0.55,35.0,5.1,12.2,36.31,17.6,69.0,2.6,10.3,65.0,CENTRO,14
2024-07-18 15:00:00,0.56,52.0,3.3,10.1,38.24,13.7,65.0,2.6,9.5,64.0,CENTRO,15
2024-07-18 16:00:00,0.56,58.0,2.7,9.4,40.74,12.4,63.0,2.6,8.9,56.0,CENTRO,16
2024-07-18 17:00:00,0.59,58.0,2.6,9.1,36.49,11.9,63.0,2.5,7.9,64.0,CENTRO,17
2024-07-18 18:00:00,0.56,49.0,2.4,9.5,32.47,12.1,58.0,2.5,10.7,68.0,CENTRO,18
2024-07-18 19:00:00,0.59,25.0,3.7,13.6,25.93,17.5,57.0,2.6,12.5,63.0,CENTRO,19
2024-07-18 20:00:00,0.55,25.0,2.1,9.5,14.32,11.8,55.0,2.5,9.0,102.0,CENTRO,20
2024-07-18 21:00:00,0.74,12.0,3.3,18.1,17.53,21.6,40.0,2.6,5.5,45.0,CENTRO,21
2024-07-18 22:00:00,0.74,6.0,5.3,21.5,18.83,27.0,47.0,2.7,4.5,19.0,CENTRO,22
2024-07-18 23:00:00,0.68,9.0,3.1,17.4,18.46,20.7,46.0,2.7,4.2,53.0,CENTRO,23
2024-07-19 00:00:00,0.79,6.0,6.1,19.5,18.46,25.8,47.0,2.6,5.5,52.0,CENTRO,0
2024-07-19 01:00:00,0.58,10.0,3.9,14.0,20.74,18.2,49.0,2.5,7.9,56.0,CENTRO,1
2024-07-19 02:00:00,0.65,4.0,11.5,23.1,20.0,34.9,58.0,2.7,6.1,30.0,CENTRO,2
2024-07-19 03:00:00,0.66,4.0,7.9,23.3,30.26,31.5,66.0,2.7,5.0,358.0,CENTRO,3
2024-07-19 04:00:00,0.79,4.0,12.7,23.4,28.48,36.4,76.0,2.7,3.3,11.0,CENTRO,4
2024-07-19 05:00:00,0.75,5.0,14.1,21.3,31.48,35.7,72.0,2.7,1.8,338.0,CENTRO,5
2024-07-19 06:00:00,1.16,5.0,14.1,22.0,26.77,36.3,59.0,2.7,2.3,6.0,CENTRO,6
2024-07-19 07:00:00,0.75,5.0,15.4,21.0,30.35,36.7,69.0,2.6,4.0,341.0,CENTRO,7
2024-07-19 08:00:00,0.69,9.0,13.9,18.3,26.13,32.5,62.0,2.6,3.3,342.0,CENTRO,8
2024-07-19 09:00:00,0.74,16.0,13.1,17.7,27.23,31.1,50.0,2.6,5.7,14.0,CENTRO,9
2024-07-19 10:00:00,1.07,23.0,11.4,19.5,26.14,31.2,59.0,2.7,7.1,28.0,CENTRO,10
2024-07-19 11:00:00,0.79,32.0,8.4,17.6,27.64,26.2,61.0,2.6,7.6,35.0,CENTRO,11
2024-07-19 12:00:00,0.7,43.0,5.8,17.0,36.67,23.1,72.0,2.6,7.7,11.0,CENTRO,12
2024-07-19 13:00:00,0.57,51.0,4.7,13.8,42.46,18.7,83.0,2.6,8.8,57.0,CENTRO,13
2024-07-19 14:00:00,0.58,59.0,3.5,12.4,35.78,16.2,75.0,2.6,10.1,75.0,CENTRO,14
2024-07-19 15:00:00,0.57,61.0,3.0,11.0,36.06,14.2,74.0,2.5,13.5,54.0,CENTRO,15
2024-07-19 16:00:00,0.54,52.0,2.8,9.6,50.0,12.6,86.0,2.6,14.5,65.0,CENTRO,16
2024-07-19 17:00:00,0.53,36.0,3.2,9.7,48.09,13.1,80.0,2.6,14.3,78.0,CENTRO,17
2024-07-19 18:00:00,0.51,31.0,2.8,9.7,31.39,12.8,69.0,2.5,12.9,88.0,CENTRO,18
2024-07-19 19:00:00,0.53,29.0,2.7,10.4,27.86,13.3,65.0,2.6,11.2,91.0,CENTRO,19
2024-07-19 20:00:00,0.54,26.0,2.2,12.3,28.78,14.7,65.0,2.5,9.3,108.0,CENTRO,20
2024-07-19 21:00:00,0.57,21.0,2.1,13.6,31.45,15.9,63.0,2.6,8.3,122.0,CENTRO,21
2024-07-19 22:00:00,0.56,21.0,2.1,14.3,33.81,16.6,71.0,2.6,9.9,109.0,CENTRO,22
2024-07-19 23:00:00,0.55,19.0,2.1,12.9,35.78,15.2,76.0,2.6,9.0,105.0,CENTRO,23
2024-07-20 00:00:00,0.5,22.0,1.9,9.5,35.05,11.7,78.0,2.6,8.8,84.0,CENTRO,0
2024-07-20 01:00:00,0.53,16.0,1.9,9.2,35.16,11.4,75.0,2.6,6.5,76.0,CENTRO,1
2024-07-20 02:00:00,0.54,18.0,1.8,6.7,33.85,8.8,76.0,2.6,5.3,104.0,CENTRO,2
2024-07-20 03:00:00,0.53,13.0,3.9,11.8,36.35,15.9,75.0,2.6,7.1,42.0,CENTRO,3
2024-07-20 04:00:00,0.5,5.0,6.5,13.3,33.39,20.0,87.0,2.6,5.3,54.0,CENTRO,4
2024-07-20 05:00:00,0.6,4.0,5.7,15.5,33.62,21.5,80.0,2.625,4.2,43.0,CENTRO,5
2024-07-20 06:00:00,0.53,4.0,7.3,13.5,35.63,21.0,83.0,2.6500000000000004,4.6,43.0,CENTRO,6
2024-07-20 07:00:00,0.59,5.0,7.6,12.4,37.15,20.2,80.0,2.6750000000000003,6.2,6.0,CENTRO,7
2024-07-20 08:00:00,0.79,7.0,12.7,11.5,36.66,24.5,75.0,2.7,5.5,7.0,CENTRO,8
2024-07-20 09:00:00,1.59,11.0,12.7,12.6,53.35,25.6,91.0,3.8,5.2,341.0,CENTRO,9
2024-07-20 10:00:00,0.85,20.0,9.5,13.3,49.61,23.1,117.0,2.9,5.2,347.0,CENTRO,10
2024-07-20 11:00:00,0.73,34.0,7.8,17.9,46.27,25.9,118.0,2.6,6.5,7.0,CENTRO,11
2024-07-20 12:00:00,0.82,46.0,8.2,25.3,50.9,33.6,103.0,2.6,9.1,46.0,CENTRO,12
2024-07-20 13:00:00,0.64,71.0,2.8,13.1,40.06,16.1,107.0,2.5,12.1,53.0,CENTRO,13
2024-07-20 14:00:00,0.54,49.0,2.9,8.0,31.44,11.2,92.0,2.6,14.7,75.0,CENTRO,14
2024-07-20 15:00:00,0.52,44.0,2.7,6.3,30.46,9.3,78.0,2.6,13.7,67.0,CENTRO,15
2024-07-20 16:00:00,0.49,35.0,2.8,5.5,25.97,8.5,67.0,2.6,15.2,74.0,CENTRO,16
2024-07-20 17:00:00,0.5,37.0,2.8,6.8,25.82,9.8,64.0,2.6,14.1,80.0,CENTRO,17
2024-07-20 18:00:00,0.5,31.0,2.6,7.5,25.23,10.5,66.0,2.6,16.0,73.0,CENTRO,18
2024-07-20 19:00:00,0.48,26.0,2.4,6.8,22.42,9.4,63.0,2.6,10.5,109.0,CENTRO,19
2024-07-20 20:00:00,0.49,24.0,2.0,6.6,21.53,8.9,53.0,2.7,9.4,122.0,CENTRO,20
2024-07-20 21:00:00,0.5,22.0,2.0,7.9,20.83,10.1,46.0,2.7,8.8,113.0,CENTRO,21
2024-07-20 22:00:00,0.47,23.0,1.9,5.9,19.61,8.1,46.0,2.6,11.0,128.0,CENTRO,22
2024-07-20 23:00:00,0.47,23.0,1.9,6.2,16.95,8.3,45.0,2.7,8.5,114.0,CENTRO,23
2024-07-21 00:00:00,0.45,23.0,1.95,4.8,15.39,6.9,41.0,2.6,8.7,115.0,CENTRO,0
2024-07-21 01:00:00,0.48,21.0,2.0,5.0,14.48,7.1,38.0,2.7,8.6,87.0,CENTRO,1
2024-07-21 02:00:00,0.52,14.0,1.9,9.3,15.75,11.5,43.0,2.6,6.3,38.0,CENTRO,2
2024-07-21 03:00:00,0.53,5.0,9.6,18.1,24.08,28.1,43.0,2.7,5.4,15.0,CENTRO,3
2024-07-21 04:00:00,0.6,6.0,3.5,14.7,21.48,18.4,63.0,2.8,5.7,59.0,CENTRO,4
2024-07-21 05:00:00,0.58,5.0,3.7,14.5,21.66,18.4,62.0,2.6,5.4,39.0,CENTRO,5
2024-07-21 06:00:00,0.61,5.0,3.4,14.5,26.47,18.1,49.0,2.6,3.1,8.0,CENTRO,6
2024-07-21 07:00:00,0.64,5.0,5.6,13.6,25.39,19.4,52.0,2.8,4.5,14.0,CENTRO,7
2024-07-21 08:00:00,0.62,10.0,6.0,9.3,29.59,15.5,55.0,2.6,5.1,2.0,CENTRO,8
2024-07-21 09:00:00,0.63,15.0,6.5,9.9,33.03,16.7,50.0,2.6,5.7,6.0,CENTRO,9
2024-07-21 10:00:00,0.58,25.0,5.5,9.1,34.01,14.9,54.0,2.6,5.1,19.0,CENTRO,10
2024-07-21 11:00:00,0.59,43.0,3.6,9.4,31.76,13.3,55.0,2.5,5.8,350.0,CENTRO,11
2024-07-21 12:00:00,0.73,48.0,5.9,15.7,37.09,21.8,56.0,2.7,9.0,53.0,CENTRO,12
2024-07-21 13:00:00,0.55,58.0,3.0,9.1,30.51,12.3,64.0,2.7,13.1,51.0,CENTRO,13
2024-07-21 14:00:00,0.51,54.0,2.2,6.5,43.36,9.0,62.0,3.2,14.3,61.0,CENTRO,14
2024-07-21 15:00:00,0.46,49.0,2.0,5.4,44.81,7.7,69.0,3.1,8.9,130.0,CENTRO,15
2024-07-21 16:00:00,0.44,41.0,2.1,3.8,29.63,6.1,59.0,3.0,9.9,138.0,CENTRO,16
2024-07-21 17:00:00,0.45,37.0,2.1,3.6,19.43,6.0,47.0,3.0,10.1,112.0,CENTRO,17
2024-07-21 18:00:00,0.46,31.0,2.05,4.5,17.5,6.8,40.0,2.7,11.2,109.0,CENTRO,18
2024-07-21 19:00:00,0.46,30.0,2.0,4.0,16.5,6.2,39.0,2.7,10.4,121.0,CENTRO,19
2024-07-21 20:00:00,0.45,27.0,1.9,5.4,15.06,7.5,37.0,2.7,10.2,120.0,CENTRO,20
2024-07-21 21:00:00,0.48,24.0,1.9,6.5,13.33,8.6,36.0,2.7,11.2,112.0,CENTRO,21
2024-07-21 22:00:00,0.47,26.0,1.8,5.2,12.23,7.2,36.0,2.6,11.4,122.0,CENTRO,22
2024-07-21 23:00:00,0.45,28.0,1.9,5.6,10.8,7.7,32.0,2.7,7.9,59.0,CENTRO,23
2024-07-22 00:00:00,0.47,25.0,1.8,6.8,10.8,8.9,32.0,2.7,6.9,68.0,CENTRO,0
2024-07-22 01:00:00,0.55,14.0,2.9,16.4,11.0,19.5,28.0,2.8,7.3,25.0,CENTRO,1
2024-07-22 02:00:00,0.48,13.0,3.3,14.5,10.6,17.9,49.0,2.9,7.5,44.0,CENTRO,2
2024-07-22 03:00:00,0.5,11.0,3.5,14.8,13.92,18.5,50.0,3.0,6.6,55.0,CENTRO,3
2024-07-22 04:00:00,0.51,10.0,2.5,15.0,12.69,17.7,46.0,3.0,4.9,74.0,CENTRO,4
2024-07-22 05:00:00,0.55,12.0,2.0,13.3,12.68,15.4,41.0,2.9,4.8,23.0,CENTRO,5
2024-07-22 06:00:00,0.61,10.0,2.3,15.0,15.44,17.5,48.0,2.9,5.2,20.0,CENTRO,6
2024-07-22 07:00:00,0.56,7.0,6.1,17.7,18.59,24.0,55.0,2.9,6.3,59.0,CENTRO,7
2024-07-22 08:00:00,0.63,7.0,12.7,18.1,23.98,31.0,49.0,2.9,7.9,71.0,CENTRO,8
2024-07-22 09:00:00,0.7,10.0,14.9,18.7,22.98,33.9,50.0,3.2,6.8,57.0,CENTRO,9
2024-07-22 10:00:00,0.76,16.0,11.7,18.3,28.16,30.3,68.0,3.4,7.7,13.0,CENTRO,10
2024-07-22 11:00:00,0.86,30.0,9.2,17.6,34.43,27.0,74.0,3.6,8.9,22.0,CENTRO,11
2024-07-22 12:00:00,0.65,41.0,8.3,21.2,41.47,29.8,98.0,3.3,10.7,27.0,CENTRO,12
2024-07-22 13:00:00,0.56,55.0,3.1,9.7,45.0,13.1,83.0,3.2,10.9,47.0,CENTRO,13
2024-07-22 14:00:00,0.5,41.0,3.0,6.3,15.88,9.5,55.0,3.0,12.3,100.0,CENTRO,14
2024-07-22 15:00:00,0.49,35.0,3.1,5.6,17.47,8.9,37.0,2.9,14.0,83.0,CENTRO,15
2024-07-22 16:00:00,0.45,32.0,3.0,4.8,20.32,8.1,44.0,2.9,14.4,113.0,CENTRO,16
2024-07-22 17:00:00,0.44,30.0,3.5,5.0,22.96,8.7,55.0,2.9,15.2,111.0,CENTRO,17
2024-07-22 18:00:00,0.42,29.0,3.2,5.2,24.96,8.7,65.0,2.9,15.6,110.0,CENTRO,18
2024-07-22 19:00:00,0.47,27.0,3.1,6.7,21.98,10.0,65.0,2.8,13.9,103.0,CENTRO,19
2024-07-22 20:00:00,0.46,26.0,2.2,6.5,19.21,9.0,60.0,2.9,12.1,111.0,CENTRO,20
2024-07-22 21:00:00,0.47,24.0,2.1,5.6,16.85,8.0,56.0,2.8,10.9,121.0,CENTRO,21
2024-07-22 22:00:00,0.46,24.0,1.9,5.3,13.37,7.4,41.0,2.6,10.4,123.0,CENTRO,22
2024-07-22 23:00:00,0.46,23.0,1.9,5.7,10.73,7.8,38.0,2.6,9.6,128.0,CENTRO,23
2024-07-23 00:00:00,0.45,23.0,1.95,5.1,9.69,7.2,37.0,2.6,9.0,101.0,CENTRO,0
2024-07-23 01:00:00,0.52,14.0,2.0,9.9,12.8,12.1,35.0,2.6,8.1,54.0,CENTRO,1
2024-07-23 02:00:00,0.5,16.0,1.9,7.6,10.94,9.7,34.0,2.7,5.0,27.0,CENTRO,2
2024-07-23 03:00:00,0.48,16.0,2.2,7.2,11.41,9.7,27.0,2.6,7.5,38.0,CENTRO,3
2024-07-23 04:00:00,0.48,7.0,4.6,15.0,15.67,19.8,31.0,2.7,7.3,28.0,CENTRO,4
2024-07-23 05:00:00,0.49,5.0,7.7,17.1,19.97,25.1,46.0,3.1,6.0,21.0,CENTRO,5
2024-07-23 06:00:00,0.49,5.0,7.7,15.9,23.14,23.8,55.0,3.2,5.8,43.0,CENTRO,6
2024-07-23 07:00:00,0.55,8.0,4.5,14.5,26.67,19.2,56.0,3.0,3.5,353.0,CENTRO,7
2024-07-23 08:00:00,0.73,10.0,11.0,14.8,25.44,26.0,52.0,3.1,2.1,17.0,CENTRO,8
2024-07-23 09:00:00,0.83,10.0,16.5,17.8,30.8,34.6,56.0,3.2,5.5,15.0,CENTRO,9
2024-07-23 10:00:00,0.75,13.0,11.1,18.2,30.11,29.6,75.0,3.2,6.7,28.0,CENTRO,10
2024-07-23 11:00:00,0.71,24.0,10.0,19.7,32.62,30.0,71.0,3.1,6.4,35.0,CENTRO,11
2024-07-23 12:00:00,0.59,42.0,3.5,13.1,24.7,16.8,67.0,3.1,7.4,70.0,CENTRO,12
2024-07-23 13:00:00,0.53,42.0,2.9,7.2,14.68,10.3,58.0,3.0,9.0,63.0,CENTRO,13
2024-07-23 14:00:00,0.56,59.0,2.6,8.1,20.16,11.0,44.0,2.9,9.6,83.0,CENTRO,14
2024-07-23 15:00:00,0.54,59.0,2.4,6.9,17.7,9.5,45.0,2.7,8.8,114.0,CENTRO,15
2024-07-23 16:00:00,0.51,52.0,2.3,5.9,14.25,8.4,43.0,2.6,6.7,123.0,CENTRO,16
2024-07-23 17:00:00,0.5,46.0,2.4,5.7,12.37,8.3,37.0,2.7,9.7,97.0,CENTRO,17
2024-07-23 18:00:00,0.51,38.0,2.6,6.6,12.41,9.5,36.0,2.6,8.8,120.0,CENTRO,18
2024-07-23 19:00:00,0.54,32.0,2.8,7.9,8.91,11.0,38.0,2.7,8.2,136.0,CENTRO,19
2024-07-23 20:00:00,0.52,29.0,2.0,8.4,8.22,10.7,34.0,2.6,8.4,128.0,CENTRO,20
2024-07-23 21:00:00,0.52,27.0,2.2,9.1,8.44,11.5,32.0,2.6,8.7,117.0,CENTRO,21
2024-07-23 22:00:00,0.54,17.0,2.1,10.4,11.51,12.8,32.0,2.6,12.4,75.0,CENTRO,22
2024-07-23 23:00:00,0.52,17.0,2.0,7.3,8.7,9.4,40.0,2.6,10.4,106.0,CENTRO,23
2024-07-24 00:00:00,0.52,18.0,1.9,5.7,7.98,7.8,32.0,2.6,7.9,89.0,CENTRO,0
2024-07-24 01:00:00,0.48,20.0,1.8,3.9,6.64,6.0,30.0,2.6,9.0,85.0,CENTRO,1
2024-07-24 02:00:00,0.49,15.0,2.5,8.5,8.21,11.2,29.0,2.5,6.9,52.0,CENTRO,2
2024-07-24 03:00:00,0.52,9.0,2.3,14.4,13.74,16.9,39.0,2.6,5.0,31.0,CENTRO,3
2024-07-24 04:00:00,0.53,8.0,2.2,14.3,16.69,16.7,54.0,2.7,4.0,79.0,CENTRO,4
2024-07-24 05:00:00,0.53,8.0,2.0,12.6,14.09,14.8,50.0,2.6,2.4,31.0,CENTRO,5
2024-07-24 06:00:00,0.58,6.0,4.0,15.9,17.35,20.1,42.0,2.6,2.7,79.0,CENTRO,6
2024-07-24 07:00:00,0.76,5.0,13.9,19.2,19.25,33.4,44.0,2.6,6.6,9.0,CENTRO,7
2024-07-24 08:00:00,0.89,6.0,11.6,17.4,22.88,29.4,53.0,2.5,8.2,16.0,CENTRO,8
2024-07-24 09:00:00,0.74,14.0,9.2,12.7,19.19,22.2,61.0,2.5,9.5,27.0,CENTRO,9
2024-07-24 10:00:00,1.0,19.0,6.9,12.0,28.4,19.2,53.0,2.7,7.9,19.0,CENTRO,10
2024-07-24 11:00:00,0.86,21.0,8.2,12.6,29.77,21.0,108.0,2.8,6.9,179.0,CENTRO,11
2024-07-24 12:00:00,0.73,35.0,5.6,12.3,21.77,18.1,64.0,2.6,7.7,105.0,CENTRO,12
2024-07-24 13:00:00,0.67,37.0,4.8,12.5,20.37,17.5,50.0,2.4,11.5,34.0,CENTRO,13
2024-07-24 14:00:00,0.75,25.0,3.6,10.4,15.58,14.2,49.0,2.5,9.7,329.0,CENTRO,14
2024-07-24 15:00:00,0.71,17.0,3.9,14.0,12.48,18.1,41.0,2.6,7.6,122.0,CENTRO,15
2024-07-24 16:00:00,0.57,20.0,4.1,9.9,6.04,14.3,35.0,2.5,9.4,183.0,CENTRO,16
2024-07-24 17:00:00,0.7,19.0,5.5,11.7,5.93,17.5,27.0,2.6,7.4,211.0,CENTRO,17
2024-07-24 18:00:00,0.75,15.0,6.6,17.6,8.62,24.5,32.0,2.6,3.7,303.0,CENTRO,18
2024-07-24 19:00:00,0.83,13.0,6.4,20.4,9.47,27.2,33.0,2.6,3.7,316.0,CENTRO,19
2024-07-24 20:00:00,0.9,7.0,8.0,23.4,10.01,31.6,33.0,2.6,2.3,187.0,CENTRO,20
2024-07-24 21:00:00,0.93,5.0,6.3,24.2,11.92,30.8,42.0,2.6,3.2,120.0,CENTRO,21
2024-07-24 22:00:00,0.75,11.0,8.2,17.4,10.13,25.8,44.0,2.6,6.8,24.0,CENTRO,22
2024-07-24 23:00:00,0.54,29.0,1.9,8.4,4.09,10.5,32.0,2.5,5.3,283.0,CENTRO,23
2024-07-25 00:00:00,0.76,17.0,2.0,16.5,7.1,18.7,30.0,2.5,3.4,145.0,CENTRO,0
2024-07-25 01:00:00,0.68,15.0,2.1,15.2,8.37,17.5,36.0,2.6,2.4,49.0,CENTRO,1
2024-07-25 02:00:00,0.71,10.0,2.4,18.9,10.04,21.4,35.0,2.6,3.4,226.0,CENTRO,2
2024-07-25 03:00:00,0.63,15.0,2.0,12.9,9.04,15.0,34.0,2.6,2.6,266.0,CENTRO,3
2024-07-25 04:00:00,0.6,10.0,2.1,17.3,17.11,19.6,33.0,2.6,4.0,2.0,CENTRO,4
2024-07-25 05:00:00,0.74,6.0,3.0,21.0,17.99,24.2,46.0,2.5,3.0,97.0,CENTRO,5
2024-07-25 06:00:00,0.71,5.0,5.6,22.3,15.75,28.1,50.0,2.6,5.7,99.0,CENTRO,6
2024-07-25 07:00:00,0.63,7.0,5.1,18.2,12.59,23.5,51.0,2.7,5.2,130.0,CENTRO,7
2024-07-25 08:00:00,0.7,9.0,9.5,17.1,13.21,26.8,46.0,2.6,6.2,104.0,CENTRO,8
2024-07-25 09:00:00,0.92,14.0,14.3,20.2,13.29,34.7,50.0,2.7,7.0,56.0,CENTRO,9
2024-07-25 10:00:00,0.83,15.0,13.6,19.8,15.36,33.7,52.0,2.6,6.6,18.0,CENTRO,10
2024-07-25 11:00:00,0.78,14.0,20.2,26.5,22.22,46.9,63.0,2.7,5.0,47.0,CENTRO,11
2024-07-25 12:00:00,0.85,19.0,13.8,31.4,26.89,45.4,65.0,2.6,5.3,45.0,CENTRO,12
2024-07-25 13:00:00,0.93,26.0,10.9,33.1,33.53,44.3,76.0,2.6,6.0,71.0,CENTRO,13
2024-07-25 14:00:00,0.9,35.0,7.8,33.6,32.89,41.7,82.0,2.7,5.4,27.0,CENTRO,14
2024-07-25 15:00:00,0.85,48.0,4.4,25.4,26.95,30.0,84.0,2.6,6.1,69.0,CENTRO,15
2024-07-25 16:00:00,0.79,52.0,3.6,19.5,25.67,23.3,70.0,2.5,6.8,58.0,CENTRO,16
2024-07-25 17:00:00,0.8,42.0,2.9,17.5,22.04,20.6,54.0,2.5,9.1,79.0,CENTRO,17
2024-07-25 18:00:00,0.76,30.0,2.6,16.3,18.03,19.2,58.0,2.6,6.9,99.0,CENTRO,18
2024-07-25 19:00:00,0.88,19.0,3.9,19.0,13.83,23.2,49.0,2.6,4.5,94.0,CENTRO,19
2024-07-25 20:00:00,0.99,10.0,4.3,25.1,14.86,29.7,42.0,2.6,3.5,99.0,CENTRO,20
2024-07-25 21:00:00,0.92,9.0,5.7,24.8,16.52,30.8,36.0,2.6,5.0,109.0,CENTRO,21
2024-07-25 22:00:00,0.83,9.0,4.3500000000000005,22.8,15.639999999999999,27.400000000000002,41.0,2.6,4.2,112.5,CENTRO,22
2024-07-25 23:00:00,0.74,9.0,3.0,20.8,14.76,24.0,46.0,2.6,3.4,116.0,CENTRO,23
2024-07-26 00:00:00,0.65,16.0,2.0,11.8,12.19,14.0,38.0,2.7,3.6,67.0,CENTRO,0
2024-07-26 01:00:00,0.58,15.0,2.1,9.9,11.13,12.2,38.0,2.7,2.9,50.0,CENTRO,1
2024-07-26 02:00:00,0.61,13.0,2.1,9.7,11.03,12.1,37.0,2.7,2.0,229.0,CENTRO,2
2024-07-26 03:00:00,0.71,9.0,2.2,17.9,16.3,20.2,42.0,2.6,4.2,114.0,CENTRO,3
2024-07-26 04:00:00,0.78,8.0,2.2,19.0,20.44,21.4,48.0,2.6,3.9,86.0,CENTRO,4
2024-07-26 05:00:00,0.58,14.0,2.1,10.3,12.13,12.6,48.0,2.6,2.7,178.0,CENTRO,5
2024-07-26 06:00:00,0.65,10.0,2.9,13.8,14.17,16.9,45.0,2.5,1.8,220.0,CENTRO,6
2024-07-26 07:00:00,0.74,6.0,5.5,18.0,18.01,23.8,43.0,2.6,2.5,204.0,CENTRO,7
2024-07-26 08:00:00,0.8,8.0,9.5,18.7,19.41,28.5,48.0,2.5,2.1,166.0,CENTRO,8
2024-07-26 09:00:00,0.89,9.0,15.1,23.3,21.98,38.6,46.0,2.6,4.4,93.0,CENTRO,9
2024-07-26 10:00:00,0.86,17.0,9.6,23.4,14.7,33.2,54.0,2.5,5.8,107.0,CENTRO,10
2024-07-26 11:00:00,0.89,18.0,8.6,27.1,13.1,36.0,51.0,2.7,5.3,125.0,CENTRO,11
2024-07-26 12:00:00,1.11,20.0,15.5,34.8,20.95,50.5,48.0,2.6,4.3,121.0,CENTRO,12
2024-07-26 13:00:00,1.23,26.0,15.7,43.6,33.38,59.5,59.0,2.7,4.1,79.0,CENTRO,13
2024-07-26 14:00:00,1.31,32.0,13.7,49.6,40.11,63.5,84.0,2.7,5.6,64.0,CENTRO,14
2024-07-26 15:00:00,1.19,43.0,12.8,50.5,47.98,63.5,93.0,2.7,4.8,71.0,CENTRO,15
2024-07-26 16:00:00,0.92,75.0,3.7,22.7,32.67,26.7,94.0,2.6,8.6,63.0,CENTRO,16
2024-07-26 17:00:00,0.75,52.0,4.6,18.3,22.98,23.2,67.0,2.7,10.4,62.0,CENTRO,17
2024-07-26 18:00:00,0.73,42.0,5.5,18.3,21.52,24.0,50.0,2.6,10.3,42.0,CENTRO,18
2024-07-26 19:00:00,0.76,40.0,3.0,16.1,18.9,19.3,55.0,2.7,9.0,76.0,CENTRO,19
2024-07-26 20:00:00,0.63,38.0,2.0,10.3,13.03,12.6,46.0,2.6,9.2,105.0,CENTRO,20
2024-07-26 21:00:00,0.68,35.0,2.0,13.7,12.41,15.9,34.0,2.6,8.9,78.0,CENTRO,21
2024-07-26 22:00:00,0.68,31.0,3.1,13.3,13.04,16.6,44.0,2.7,9.3,68.0,CENTRO,22
2024-07-26 23:00:00,0.63,28.0,2.0,11.5,12.77,13.8,47.0,2.5,7.9,88.0,CENTRO,23
2024-07-27 00:00:00,0.69,20.0,2.1,15.6,15.0,17.9,43.0,2.5,7.1,61.0,CENTRO,0
2024-07-27 01:00:00,0.61,24.0,2.0,9.9,11.0,12.1,48.0,2.6,5.6,57.0,CENTRO,1
2024-07-27 02:00:00,0.66,16.0,2.4,14.0,15.0,16.6,45.0,2.6,4.4,36.0,CENTRO,2
2024-07-27 03:00:00,0.67,6.0,3.0,17.9,23.0,21.1,43.0,2.6,3.1,45.0,CENTRO,3
2024-07-27 04:00:00,0.63,6.0,3.8,18.9,25.0,22.9,64.0,2.6,2.7,22.0,CENTRO,4
2024-07-27 05:00:00,0.71,5.0,4.6,19.0,27.0,23.9,60.0,2.6,2.3,25.0,CENTRO,5
2024-07-27 06:00:00,0.76,4.0,10.3,18.7,33.0,29.3,63.0,2.6,2.4,10.0,CENTRO,6
2024-07-27 07:00:00,0.76,5.0,13.1,17.7,36.0,31.2,73.0,2.7,2.4,29.0,CENTRO,7
2024-07-27 08:00:00,0.86,5.0,23.0,18.7,40.0,42.0,67.0,2.8,2.5,55.0,CENTRO,8
2024-07-27 09:00:00,0.86,7.0,24.9,19.2,39.0,44.4,82.0,2.8,3.4,34.0,CENTRO,9
2024-07-27 10:00:00,0.94,15.0,16.7,19.5,38.0,36.5,83.0,2.7,6.0,23.0,CENTRO,10
2024-07-27 11:00:00,0.81,37.0,8.6,19.2,41.0,28.1,77.0,2.7,5.7,9.0,CENTRO,11
2024-07-27 12:00:00,0.88,62.0,5.0,18.8,45.0,24.0,81.0,2.7,6.1,26.0,CENTRO,12
2024-07-27 13:00:00,0.75,79.0,4.3,18.4,39.0,22.8,87.0,2.7,11.4,69.0,CENTRO,13
2024-07-27 14:00:00,0.7,84.0,2.9,13.8,28.0,16.9,85.0,2.8,12.7,71.0,CENTRO,14
2024-07-27 15:00:00,0.65,73.0,2.7,10.6,31.0,13.5,62.0,2.8,13.5,67.0,CENTRO,15
2024-07-27 16:00:00,0.62,76.0,2.4,9.5,55.0,12.1,64.0,2.8,11.9,59.0,CENTRO,16
2024-07-27 17:00:00,0.57,73.0,2.3,7.8,54.0,10.3,73.0,3.2,10.5,51.0,CENTRO,17
2024-07-27 18:00:00,0.56,62.0,2.1,7.5,52.0,9.8,67.0,3.1,10.0,113.0,CENTRO,18
2024-07-27 19:00:00,0.59,54.0,1.9,8.1,41.0,10.2,61.0,2.8,8.3,129.0,CENTRO,19
2024-07-27 20:00:00,0.6,51.0,1.8,8.8,37.0,10.9,52.0,2.8,8.8,112.0,CENTRO,20
2024-07-27 21:00:00,0.65,47.0,1.9,10.9,34.0,13.0,50.0,2.9,8.3,95.0,CENTRO,21
2024-07-27 22:00:00,0.62,38.0,1.8,8.7,25.0,10.7,53.0,2.7,9.9,111.0,CENTRO,22
2024-07-27 23:00:00,0.55,37.0,1.8,6.1,15.0,8.2,48.0,2.7,10.2,121.0,CENTRO,23
2024-07-28 00:00:00,0.53,34.0,1.8,6.2,13.0,8.3,36.0,2.8,9.5,80.0,CENTRO,0
2024-07-28 01:00:00,0.53,22.0,1.9,6.3,15.0,8.4,40.0,2.7,9.3,72.0,CENTRO,1
2024-07-28 02:00:00,0.52,28.0,1.8,4.3,11.0,6.3,34.0,2.7,6.3,73.0,CENTRO,2
2024-07-28 03:00:00,0.54,23.0,1.9,6.6,11.0,8.7,31.0,2.5,5.5,51.0,CENTRO,3
2024-07-28 04:00:00,0.59,11.0,4.0,13.8,15.0,18.0,34.0,2.6,7.8,48.0,CENTRO,4
2024-07-28 05:00:00,0.53,7.0,6.0,18.5,23.0,24.8,47.0,2.6,5.3,51.0,CENTRO,5
2024-07-28 06:00:00,0.54,8.0,3.1,16.1,23.0,19.4,50.0,2.5,4.4,6.0,CENTRO,6
2024-07-28 07:00:00,0.59,9.0,3.1,14.2,21.0,17.5,47.0,2.6,4.5,47.0,CENTRO,7
2024-07-28 08:00:00,0.55,13.0,3.1,9.7,21.0,13.0,48.0,2.6,5.8,75.0,CENTRO,8
2024-07-28 09:00:00,0.59,11.0,10.5,12.4,26.0,23.2,43.0,2.7,6.0,46.0,CENTRO,9
2024-07-28 10:00:00,0.59,15.0,6.9,11.6,31.0,18.8,51.0,2.6,8.0,63.0,CENTRO,10
2024-07-28 11:00:00,0.6,21.0,6.7,11.2,30.0,18.2,58.0,2.7,8.6,70.0,CENTRO,11
2024-07-28 12:00:00,0.59,24.0,8.8,14.7,29.0,23.7,57.0,2.6,7.8,27.0,CENTRO,12
2024-07-28 13:00:00,0.62,43.0,4.1,11.9,30.0,16.2,57.0,2.7,7.3,26.0,CENTRO,13
2024-07-28 14:00:00,0.6,56.0,2.0,5.6,29.0,7.9,60.0,2.6,7.5,98.0,CENTRO,14
2024-07-28 15:00:00,0.56,49.0,2.0,4.6,21.0,6.9,44.0,2.6,8.7,118.0,CENTRO,15
2024-07-28 16:00:00,0.53,38.0,2.0,4.5,16.0,6.8,39.0,2.6,9.9,124.0,CENTRO,16
2024-07-28 17:00:00,0.56,36.0,2.0,5.1,15.0,7.3,37.0,2.6,7.7,120.0,CENTRO,17
2024-07-28 18:00:00,0.53,33.0,1.9,4.6,16.0,6.8,35.0,2.6,8.0,127.0,CENTRO,18
2024-07-28 19:00:00,0.56,32.0,1.8,4.3,16.0,6.4,31.0,2.5,8.9,133.0,CENTRO,19
2024-07-28 20:00:00,0.56,25.0,1.9,5.7,18.0,7.8,38.0,2.5,9.7,108.0,CENTRO,20
2024-07-28 21:00:00,0.57,21.0,1.8,5.9,18.0,7.9,32.0,2.5,10.0,127.0,CENTRO,21
2024-07-28 22:00:00,0.54,20.0,1.8,5.0,17.0,7.0,36.0,2.5,10.3,113.0,CENTRO,22
2024-07-28 23:00:00,0.54,22.0,1.8,5.2,15.0,7.3,36.0,2.6,6.6,72.0,CENTRO,23
2024-07-29 00:00:00,0.6,14.0,2.3,10.9,17.0,13.3,37.0,2.6,8.0,49.0,CENTRO,0
2024-07-29 01:00:00,0.63,13.0,3.9,10.6,20.0,14.7,43.0,2.6,7.2,31.0,CENTRO,1
2024-07-29 02:00:00,0.54,6.0,8.1,15.9,25.0,24.2,48.0,2.6,6.2,352.0,CENTRO,2
2024-07-29 03:00:00,0.54,5.0,6.3,15.3,24.0,21.9,45.0,2.5,4.6,350.0,CENTRO,3
2024-07-29 04:00:00,0.58,6.0,7.0,14.2,26.0,21.4,55.0,2.5,2.4,333.0,CENTRO,4
2024-07-29 05:00:00,0.53,7.0,2.0,12.4,27.0,14.6,52.0,2.6,3.8,313.0,CENTRO,5
2024-07-29 06:00:00,0.55,5.0,4.9,13.7,26.0,18.8,58.0,2.6,5.7,17.0,CENTRO,6
2024-07-29 07:00:00,0.6,6.0,4.5,11.4,27.0,16.1,52.0,2.6,5.9,71.0,CENTRO,7
2024-07-29 08:00:00,0.66,6.0,9.8,11.9,29.0,22.0,57.0,2.7,5.4,71.0,CENTRO,8
2024-07-29 09:00:00,0.76,6.0,14.4,12.0,31.0,26.7,59.0,2.6,6.6,62.0,CENTRO,9
2024-07-29 10:00:00,0.76,11.0,10.4,13.1,30.9,23.7,53.0,2.7,8.1,61.0,CENTRO,10
2024-07-29 11:00:00,0.73,17.0,12.9,16.0,32.73,29.2,66.0,2.8,7.2,63.0,CENTRO,11
2024-07-29 12:00:00,0.69,35.0,6.4,14.7,30.71,21.4,64.0,2.7,8.1,44.0,CENTRO,12
2024-07-29 13:00:00,0.67,52.0,3.2,10.2,26.5,13.7,58.0,2.6,8.2,53.0,CENTRO,13
2024-07-29 14:00:00,0.62,54.0,2.5,7.4,27.0,10.2,50.0,2.7,8.1,67.0,CENTRO,14
2024-07-29 15:00:00,0.66,49.0,2.2,6.7,22.0,9.1,44.0,2.7,8.2,72.0,CENTRO,15
2024-07-29 16:00:00,0.57,40.0,2.3,5.1,8.0,7.6,38.0,2.7,12.8,106.0,CENTRO,16
2024-07-29 17:00:00,0.6,35.0,2.9,5.9,12.0,9.1,35.0,2.6,11.8,129.0,CENTRO,17
2024-07-29 18:00:00,0.6,30.0,2.6,6.5,13.0,9.3,41.0,2.6,12.2,135.0,CENTRO,18
2024-07-29 19:00:00,0.59,24.0,2.7,7.1,15.0,10.0,50.0,2.7,13.7,121.0,CENTRO,19
2024-07-29 20:00:00,0.58,20.0,2.1,6.5,16.78,8.9,52.0,2.7,14.8,120.0,CENTRO,20
2024-07-29 21:00:00,0.56,18.0,2.1,6.5,16.07,8.8,56.0,2.6,14.3,111.0,CENTRO,21
2024-07-29 22:00:00,0.56,20.0,1.8,6.0,14.28,8.0,52.0,2.6,12.4,108.0,CENTRO,22
2024-07-29 23:00:00,0.54,21.0,1.9,5.9,13.47,8.0,42.0,2.5,11.5,103.0,CENTRO,23
2024-07-30 00:00:00,0.52,20.0,1.8,5.0,13.93,7.0,44.0,2.6,10.0,93.0,CENTRO,0
2024-07-30 01:00:00,0.51,17.0,1.8,4.7,13.48,6.7,46.0,2.6,8.5,106.0,CENTRO,1
2024-07-30 02:00:00,0.58,11.0,3.8,9.7,14.78,13.7,47.0,2.7,7.2,44.0,CENTRO,2
2024-07-30 03:00:00,0.51,12.0,1.9,5.6,13.48,7.8,52.0,2.7,7.2,57.0,CENTRO,3
2024-07-30 04:00:00,0.51,12.0,1.8,5.4,12.94,7.4,40.0,2.7,4.0,48.0,CENTRO,4
2024-07-30 05:00:00,0.54,10.0,1.8,5.7,12.73,7.8,53.0,2.6,3.5,47.0,CENTRO,5
2024-07-30 06:00:00,0.54,7.0,2.6,8.9,14.09,11.7,38.0,2.5,3.6,53.0,CENTRO,6
2024-07-30 07:00:00,0.6,5.0,11.6,12.0,15.55,23.9,56.0,2.7,3.7,51.0,CENTRO,7
2024-07-30 08:00:00,0.72,5.0,25.5,14.0,21.66,39.8,50.0,2.8,3.7,35.0,CENTRO,8
2024-07-30 09:00:00,0.88,6.0,30.3,15.2,23.25,45.7,68.0,2.9,7.0,63.0,CENTRO,9
2024-07-30 10:00:00,0.86,8.0,30.0,16.3,25.91,46.5,80.0,2.9,7.2,43.0,CENTRO,10
2024-07-30 11:00:00,0.93,13.0,19.2,19.3,27.89,38.8,83.0,2.9,8.3,25.0,CENTRO,11
2024-07-30 12:00:00,1.0,20.0,19.4,24.2,35.07,43.8,81.0,2.9,8.9,26.0,CENTRO,12
2024-07-30 13:00:00,0.9,60.0,4.7,16.7,30.21,21.6,85.0,2.7,8.4,71.0,CENTRO,13
2024-07-30 14:00:00,0.75,77.0,2.4,10.6,23.61,13.2,79.0,2.6,9.6,60.0,CENTRO,14
2024-07-30 15:00:00,0.66,63.0,2.4,8.6,19.41,11.2,69.0,2.6,11.0,71.0,CENTRO,15
2024-07-30 16:00:00,0.6,44.0,2.3,5.7,14.32,8.3,51.0,2.7,13.1,120.0,CENTRO,16
2024-07-30 17:00:00,0.6,36.0,3.3,6.2,12.83,9.8,44.0,2.6,12.8,128.0,CENTRO,17
2024-07-30 18:00:00,0.59,31.0,2.7,5.6,12.9,8.6,42.0,2.7,15.0,104.0,CENTRO,18
2024-07-30 19:00:00,0.59,26.0,2.5,6.1,15.81,8.9,41.0,2.7,15.2,103.0,CENTRO,19
2024-07-30 20:00:00,0.59,21.0,2.1,6.4,18.99,8.8,48.0,2.7,15.4,119.0,CENTRO,20
2024-07-30 21:00:00,0.57,20.0,2.1,6.3,18.52,8.6,52.0,2.7,15.8,120.0,CENTRO,21
2024-07-30 22:00:00,0.57,19.0,2.0,6.8,19.02,9.0,54.0,2.6,12.9,113.0,CENTRO,22
2024-07-30 23:00:00,0.56,21.0,1.9,5.1,19.87,7.1,46.0,2.7,11.1,83.0,CENTRO,23
2024-07-31 00:00:00,0.55,19.0,1.8,5.6,20.97,7.6,49.0,2.7,9.6,73.0,CENTRO,0
2024-07-31 01:00:00,0.55,15.0,3.2,8.0,23.65,11.4,59.0,2.7,8.8,39.0,CENTRO,1
2024-07-31 02:00:00,0.55,4.0,10.5,17.4,28.21,28.1,64.0,2.7,3.8,341.0,CENTRO,2
2024-07-31 03:00:00,0.6,14.0,1.9,6.5,27.87,8.6,73.0,2.5,7.3,64.0,CENTRO,3
2024-07-31 04:00:00,0.54,16.0,1.8,4.9,33.88,6.9,72.0,2.6,6.6,43.0,CENTRO,4
2024-07-31 05:00:00,0.54,13.0,3.1,7.7,34.58,11.0,78.0,2.6,5.3,42.0,CENTRO,5
2024-07-31 06:00:00,0.59,9.0,7.8,10.5,36.49,18.6,86.0,2.8,6.5,59.0,CENTRO,6
2024-07-31 07:00:00,0.59,7.0,8.8,13.3,36.83,22.4,94.0,2.6,5.5,64.0,CENTRO,7
2024-07-31 08:00:00,0.73,5.0,24.0,16.0,44.36,40.2,93.0,2.8,5.1,20.0,CENTRO,8
2024-07-31 09:00:00,1.03,6.0,16.8,17.1,47.14,34.2,112.0,2.7,6.6,9.0,CENTRO,9
2024-07-31 10:00:00,0.99,9.0,25.2,18.4,53.69,43.8,122.0,2.8,7.7,50.0,CENTRO,10
2024-07-31 11:00:00,0.96,13.0,25.7,23.6,53.29,49.5,136.0,2.8,7.3,53.0,CENTRO,11
2024-07-31 12:00:00,1.01,29.0,14.3,25.6,53.06,40.1,126.0,2.7,8.2,65.0,CENTRO,12
2024-07-31 13:00:00,0.84,55.0,5.2,18.8,47.22,24.3,114.0,2.7,8.8,57.0,CENTRO,13
2024-07-31 14:00:00,0.77,74.0,2.5,11.4,40.32,14.1,105.0,2.6,8.3,86.0,CENTRO,14
2024-07-31 15:00:00,0.65,57.0,2.4,7.2,33.455,9.8,91.0,2.6,12.2,123.0,CENTRO,15
2024-07-31 16:00:00,0.61,43.0,2.5,5.8,26.59,8.5,69.0,2.5,13.4,112.0,CENTRO,16
2024-07-31 17:00:00,0.62,38.0,2.7,5.7,26.56,8.7,65.0,2.6,13.9,111.0,CENTRO,17
2024-07-31 18:00:00,0.59,36.0,2.4,5.2,29.1,7.8,70.0,2.6,14.7,102.0,CENTRO,18
2024-07-31 19:00:00,0.6,28.0,2.5,6.4,32.42,9.2,77.0,2.7,16.0,111.0,CENTRO,19
2024-07-31 20:00:00,0.57,23.0,2.3,6.7,31.45,9.2,89.0,2.7,16.3,131.0,CENTRO,20
2024-07-31 21:00:00,0.59,23.0,1.9,6.0,31.75,8.2,90.0,2.7,15.9,127.0,CENTRO,21
2024-07-31 22:00:00,0.57,22.0,1.9,5.9,33.73,8.0,85.0,2.7,11.5,118.0,CENTRO,22
2024-07-31 23:00:00,0.55,22.0,2.833333333333333,4.8,34.73,6.9,85.0,2.7,10.5,128.0,CENTRO,23
2024-08-01 00:00:00,0.5650000000000001,17.5,3.7666666666666666,7.7,36.94,11.25,89.5,2.7,9.25,88.0,CENTRO,0
2024-08-01 01:00:00,0.58,13.0,4.7,10.6,39.15,15.6,94.0,2.7,8.0,48.0,CENTRO,1
2024-08-01 02:00:00,0.57,6.0,10.1,15.1,37.01,25.5,92.0,2.8,7.6,16.0,CENTRO,2
2024-08-01 03:00:00,0.6,12.0,2.2,6.9,36.16,9.3,104.0,2.8,5.3,47.0,CENTRO,3
2024-08-01 04:00:00,0.54,12.0,1.8,5.8,35.7,7.8,102.0,2.7,3.1,23.0,CENTRO,4
2024-08-01 05:00:00,0.59,12.0,1.8,5.3,34.66,7.3,90.0,2.7,5.2,54.0,CENTRO,5
2024-08-01 06:00:00,0.55,11.0,2.0,6.3,36.58,8.6,93.0,2.8,5.7,65.0,CENTRO,6
2024-08-01 07:00:00,0.63,6.0,6.0,11.6,41.53,17.9,81.0,2.7,6.7,69.0,CENTRO,7
2024-08-01 08:00:00,0.71,6.0,9.8,12.5,45.7,22.5,102.0,2.7,7.1,68.0,CENTRO,8
2024-08-01 09:00:00,0.83,6.0,29.1,16.2,46.36,45.5,93.0,2.9,5.4,57.0,CENTRO,9
2024-08-01 10:00:00,0.89,10.0,16.8,18.6,49.79,35.7,108.0,2.9,6.6,35.0,CENTRO,10
2024-08-01 11:00:00,0.9,19.0,12.4,19.9,52.36,32.6,119.0,2.8,7.3,26.0,CENTRO,11
2024-08-01 12:00:00,0.89,35.0,6.7,19.4,51.71,26.4,129.0,2.8,9.0,18.0,CENTRO,12
2024-08-01 13:00:00,0.75,58.0,3.9,14.3,46.1,18.5,118.0,2.8,11.1,43.0,CENTRO,13
2024-08-01 14:00:00,0.67,51.0,3.3,9.9,40.89,13.5,105.0,2.8,12.3,43.0,CENTRO,14
2024-08-01 15:00:00,0.62,41.0,2.8,5.9,33.94,9.0,98.0,2.7,13.1,91.0,CENTRO,15
2024-08-01 16:00:00,0.59,36.0,2.8,5.5,31.39,8.6,86.0,2.7,14.6,108.0,CENTRO,16
2024-08-01 17:00:00,0.6,37.0,2.7,5.1,31.96,8.0,78.0,2.7,16.1,115.0,CENTRO,17
2024-08-01 18:00:00,0.63,35.0,2.8,6.0,32.2,9.1,76.0,2.8,15.7,94.0,CENTRO,18
2024-08-01 19:00:00,0.62,31.0,2.5,7.0,31.19,9.8,81.0,2.8,14.7,102.0,CENTRO,19
2024-08-01 20:00:00,0.63,26.0,2.1,7.7,32.01,10.0,81.0,2.7,13.3,104.0,CENTRO,20
2024-08-01 21:00:00,0.63,23.0,1.9,8.1,33.06,10.2,83.0,2.7,10.6,99.0,CENTRO,21
2024-08-01 22:00:00,0.61,22.0,1.9,7.7,33.31,9.8,85.0,2.7,8.6,105.0,CENTRO,22
2024-08-01 23:00:00,0.65,17.0,2.1,10.5,35.72,12.8,85.0,2.8,10.3,66.0,CENTRO,23
2024-08-02 00:00:00,0.58,19.0,1.9,6.6,33.36,8.7,99.0,2.7,5.7,89.0,CENTRO,0
2024-08-02 01:00:00,0.59,10.0,6.6,11.9,31.72,18.7,90.0,2.8,6.2,30.0,CENTRO,1
2024-08-02 02:00:00,0.59,8.0,10.3,11.5,31.09,22.1,84.0,2.8,8.6,26.0,CENTRO,2
2024-08-02 03:00:00,0.57,5.0,14.5,13.9,30.28,28.6,80.0,2.8,6.7,36.0,CENTRO,3
2024-08-02 04:00:00,0.59,4.0,17.1,14.6,31.42,31.9,91.0,2.9,5.6,49.0,CENTRO,4
2024-08-02 05:00:00,0.74,5.0,5.2,13.7,31.13,19.1,90.0,3.2,5.9,27.0,CENTRO,5
2024-08-02 06:00:00,0.76,5.0,5.1,13.5,31.8,18.8,81.0,3.0,6.4,36.0,CENTRO,6
2024-08-02 07:00:00,0.7,5.0,11.5,13.9,33.24,25.6,87.0,3.1,5.6,8.0,CENTRO,7
2024-08-02 08:00:00,1.1,7.0,13.9,13.6,34.16,27.9,85.0,3.1,4.7,10.0,CENTRO,8
2024-08-02 09:00:00,1.24,11.0,15.6,15.5,36.57,31.5,85.0,3.1,4.3,10.0,CENTRO,9
2024-08-02 10:00:00,1.17,19.0,14.7,19.1,41.84,34.1,94.0,3.2,7.0,44.0,CENTRO,10
2024-08-02 11:00:00,0.88,26.0,10.8,20.0,40.32,31.1,104.0,3.0,8.6,36.0,CENTRO,11
2024-08-02 12:00:00,0.77,40.0,7.4,17.4,39.76,25.0,111.0,3.1,10.8,57.0,CENTRO,12
2024-08-02 13:00:00,0.72,65.0,3.0,10.8,40.72,14.0,98.0,3.5,10.3,56.0,CENTRO,13
2024-08-02 14:00:00,0.64,44.0,3.0,7.8,34.33,11.1,95.0,3.5,14.2,68.0,CENTRO,14
2024-08-02 15:00:00,0.58,33.0,3.3,5.7,26.52,9.2,81.0,3.3,13.3,100.0,CENTRO,15
2024-08-02 16:00:00,0.56,31.0,3.0,5.0,24.87,8.2,68.0,3.1,14.1,130.0,CENTRO,16
2024-08-02 17:00:00,0.59,33.0,3.5,5.8,22.91,9.5,64.0,3.0,12.6,112.0,CENTRO,17
2024-08-02 18:00:00,0.61,32.0,3.1,5.9,21.29,9.2,61.0,2.9,12.6,119.0,CENTRO,18
2024-08-02 19:00:00,0.59,30.0,2.6,6.6,19.44,9.4,55.0,3.0,12.5,118.0,CENTRO,19
2024-08-02 20:00:00,0.62,26.0,2.2,8.1,20.64,10.6,56.0,2.9,11.3,96.0,CENTRO,20
2024-08-02 21:00:00,0.64,21.0,2.1,9.3,19.36,11.6,50.0,2.8,9.1,128.0,CENTRO,21
2024-08-02 22:00:00,0.61,21.0,2.0,7.4,20.48,9.7,54.0,2.8,9.6,131.0,CENTRO,22
2024-08-02 23:00:00,0.61,21.0,1.8,7.0,21.23,9.0,61.0,2.8,8.0,113.0,CENTRO,23
2024-08-03 00:00:00,0.59,22.0,1.8,6.2,20.52,8.3,55.0,2.8,8.6,125.0,CENTRO,0
2024-08-03 01:00:00,0.6,22.0,1.8,6.3,21.42,8.3,54.0,2.8,8.1,109.0,CENTRO,1
2024-08-03 02:00:00,0.63,16.0,1.8,7.5,23.62,9.5,59.0,2.7,3.9,33.0,CENTRO,2
2024-08-03 03:00:00,0.67,6.0,6.0,19.1,26.45,25.4,62.0,2.8,5.1,328.0,CENTRO,3
2024-08-03 04:00:00,0.76,4.0,9.4,20.0,28.1,29.7,77.0,2.9,4.5,353.0,CENTRO,4
2024-08-03 05:00:00,0.92,5.0,10.6,17.1,26.23,28.0,75.0,2.9,3.6,343.0,CENTRO,5
2024-08-03 06:00:00,1.04,5.0,17.5,15.9,26.39,33.7,79.0,3.0,3.0,34.0,CENTRO,6
2024-08-03 07:00:00,0.82,5.0,14.4,14.2,28.5,28.8,78.0,2.9,2.5,293.0,CENTRO,7
2024-08-03 08:00:00,0.81,8.0,13.5,13.9,40.33,27.7,78.0,2.9,5.1,335.0,CENTRO,8
2024-08-03 09:00:00,0.83,17.0,12.0,16.0,38.66,28.3,84.0,3.0,3.6,22.0,CENTRO,9
2024-08-03 10:00:00,0.93,26.0,9.9,19.0,35.41,29.2,95.0,3.0,4.9,7.0,CENTRO,10
2024-08-03 11:00:00,1.14,41.0,7.7,20.6,30.78,28.6,93.0,3.2,6.5,37.0,CENTRO,11
2024-08-03 12:00:00,0.72,55.0,4.5,14.1,23.98,18.9,92.0,3.7,9.4,75.0,CENTRO,12
2024-08-03 13:00:00,0.6,58.0,2.7,7.7,15.51,10.7,69.0,3.6,12.7,67.0,CENTRO,13
2024-08-03 14:00:00,0.57,55.0,2.9,6.9,15.69,10.1,61.0,5.0,14.4,54.0,CENTRO,14
2024-08-03 15:00:00,0.55,53.0,2.5,6.5,16.72,9.3,61.0,7.8,12.3,96.0,CENTRO,15
2024-08-03 16:00:00,0.53,51.0,2.3,5.3,15.08,7.7,50.0,5.5,12.4,125.0,CENTRO,16
2024-08-03 17:00:00,0.53,44.0,2.4,5.1,13.59,7.7,45.0,4.4,12.3,125.0,CENTRO,17
2024-08-03 18:00:00,0.54,43.0,2.3,5.0,13.84,7.5,43.0,3.8,12.7,124.0,CENTRO,18
2024-08-03 19:00:00,0.53,43.0,2.0,4.8,13.92,7.0,43.0,3.6,12.3,107.0,CENTRO,19
2024-08-03 20:00:00,0.58,31.0,2.0,8.1,15.77,10.3,42.0,3.4,12.5,81.0,CENTRO,20
2024-08-03 21:00:00,0.59,25.0,2.0,8.6,15.88,10.9,50.0,3.2,10.4,95.0,CENTRO,21
2024-08-03 22:00:00,0.64,26.0,2.1,9.2,30.16,11.6,51.0,3.2,8.5,131.0,CENTRO,22
2024-08-03 23:00:00,0.59,27.0,1.8,7.0,14.51,9.1,45.0,3.0,8.0,100.0,CENTRO,23
2024-08-04 00:00:00,0.56,27.0,1.8,6.0,14.71,8.1,40.0,3.0,8.3,100.0,CENTRO,0
2024-08-04 01:00:00,0.65,18.0,1.9,10.5,18.41,12.6,42.0,3.0,5.9,42.0,CENTRO,1
2024-08-04 02:00:00,0.66,12.0,4.0,11.2,19.28,15.4,48.0,2.9,6.9,32.0,CENTRO,2
2024-08-04 03:00:00,0.68,6.0,8.8,16.3,23.31,25.3,53.0,2.9,4.7,6.0,CENTRO,3
2024-08-04 04:00:00,0.73,4.0,6.1,16.7,24.02,23.0,76.0,3.0,1.8,260.0,CENTRO,4
2024-08-04 05:00:00,0.75,4.0,4.7,16.6,21.95,21.5,67.0,2.9,2.6,232.0,CENTRO,5
2024-08-04 06:00:00,0.75,5.0,3.9,14.3,21.62,18.4,84.0,3.0,3.3,311.0,CENTRO,6
2024-08-04 07:00:00,0.75,5.0,5.8,12.9,25.03,18.9,89.0,2.8,2.5,328.0,CENTRO,7
2024-08-04 08:00:00,0.65,16.0,5.6,12.3,17.62,18.2,84.0,4.3,3.7,238.0,CENTRO,8
2024-08-04 09:00:00,0.56,28.0,4.4,9.5,14.0,14.2,77.0,5.0,5.4,216.0,CENTRO,9
2024-08-04 10:00:00,0.88,36.0,6.1,13.8,18.59,20.2,47.0,4.2,5.8,352.0,CENTRO,10
2024-08-04 11:00:00,0.85,39.0,8.8,21.5,23.95,30.5,62.0,4.9,7.9,49.0,CENTRO,11
2024-08-04 12:00:00,0.67,63.0,2.9,9.5,19.02,12.6,65.0,4.2,10.6,73.0,CENTRO,12
2024-08-04 13:00:00,0.66,70.0,2.3,7.2,19.95,9.7,63.0,3.6,12.6,55.0,CENTRO,13
2024-08-04 14:00:00,0.57,58.0,2.2,5.1,15.68,7.5,58.0,3.5,13.8,65.0,CENTRO,14
2024-08-04 15:00:00,0.56,61.0,2.2,5.6,21.33,8.1,48.0,5.8,14.3,70.0,CENTRO,15
2024-08-04 16:00:00,0.54,47.0,2.3,4.8,22.46,7.4,57.0,6.7,14.5,80.0,CENTRO,16
2024-08-04 17:00:00,0.53,39.0,2.2,3.7,15.32,6.1,47.0,4.7,13.0,118.0,CENTRO,17
2024-08-04 18:00:00,0.53,35.0,2.1,3.5,13.24,5.9,41.0,3.5,12.8,115.0,CENTRO,18
2024-08-04 19:00:00,0.53,33.0,2.0,3.9,13.32,6.1,38.0,3.0,12.1,102.0,CENTRO,19
2024-08-04 20:00:00,0.57,31.0,1.9,4.9,14.27,7.0,39.0,2.9,12.1,83.0,CENTRO,20
2024-08-04 21:00:00,0.6,28.0,1.8,6.1,15.58,8.2,62.0,2.9,8.7,117.0,CENTRO,21
2024-08-04 22:00:00,0.6,27.0,1.8,5.5,15.5,7.5,50.0,2.8,7.7,136.0,CENTRO,22
2024-08-04 23:00:00,0.64,25.0,1.8,6.1,16.14,8.2,46.0,2.9,9.3,104.0,CENTRO,23
2024-08-05 00:00:00,0.66,21.0,1.8,7.6,17.31,9.6,49.0,3.0,6.0,113.0,CENTRO,0
2024-08-05 01:00:00,0.65,17.0,1.9,8.5,16.63,10.7,48.0,2.8,5.9,63.0,CENTRO,1
2024-08-05 02:00:00,0.67,16.0,1.8,8.1,17.58,10.1,53.0,2.9,8.8,41.0,CENTRO,2
2024-08-05 03:00:00,0.65,8.0,17.0,13.6,20.75,30.8,52.0,2.9,7.3,47.0,CENTRO,3
2024-08-05 04:00:00,0.63,8.0,8.5,12.0,20.01,20.7,57.0,2.9,7.5,53.0,CENTRO,4
2024-08-05 05:00:00,0.69,4.0,12.9,16.6,22.98,29.8,68.0,3.2,5.8,51.0,CENTRO,5
2024-08-05 06:00:00,0.79,4.0,12.5,17.2,23.06,30.0,72.0,3.2,3.8,66.0,CENTRO,6
2024-08-05 07:00:00,0.77,5.0,19.1,15.7,22.13,35.1,73.0,3.3,3.3,46.0,CENTRO,7
2024-08-05 08:00:00,0.95,6.0,28.9,16.0,24.01,45.1,62.0,3.4,6.2,36.0,CENTRO,8
2024-08-05 09:00:00,1.2,14.0,15.3,15.8,23.96,31.4,71.0,3.3,4.7,27.0,CENTRO,9
2024-08-05 10:00:00,1.27,22.0,14.0,20.7,23.32,35.0,70.0,3.4,5.9,18.0,CENTRO,10
2024-08-05 11:00:00,1.03,25.0,14.8,23.0,25.14,38.1,76.0,3.7,9.1,26.0,CENTRO,11
2024-08-05 12:00:00,0.77,41.0,8.7,20.2,24.39,29.2,86.0,4.0,11.1,43.0,CENTRO,12
2024-08-05 13:00:00,0.72,54.0,4.1,12.2,21.39,16.6,81.0,3.9,14.5,59.0,CENTRO,13
2024-08-05 14:00:00,0.66,54.0,2.9,8.4,19.91,11.6,70.0,4.9,15.2,75.0,CENTRO,14
2024-08-05 15:00:00,0.62,42.0,2.8,5.9,18.72,8.9,66.0,4.7,14.2,99.0,CENTRO,15
2024-08-05 16:00:00,0.63,36.0,2.9,5.7,14.98,8.9,52.0,3.4,14.8,76.0,CENTRO,16
2024-08-05 17:00:00,0.68,31.0,3.8,7.2,16.45,11.2,47.0,3.1,14.8,72.0,CENTRO,17
2024-08-05 18:00:00,0.68,29.0,3.4,7.3,15.67,11.0,52.0,3.0,14.3,89.0,CENTRO,18
2024-08-05 19:00:00,0.68,25.0,3.0,8.6,14.74,11.8,49.0,2.9,12.7,93.0,CENTRO,19
2024-08-05 20:00:00,0.66,24.0,2.2,8.9,13.56,11.4,41.0,3.0,10.8,122.0,CENTRO,20
2024-08-05 21:00:00,0.64,23.0,2.1,9.7,13.7,12.0,44.0,2.9,8.7,129.0,CENTRO,21
2024-08-05 22:00:00,0.64,24.0,2.0,8.9,13.84,11.1,44.0,2.8,8.6,112.0,CENTRO,22
2024-08-05 23:00:00,0.66,20.0,2.5,9.7,14.3,12.4,43.0,2.8,9.0,86.0,CENTRO,23
2024-08-06 00:00:00,0.65,17.0,2.0,8.1,16.14,10.4,52.0,2.8,9.2,68.0,CENTRO,0
2024-08-06 01:00:00,0.63,15.0,1.9,6.4,14.75,8.6,51.0,2.8,7.7,60.0,CENTRO,1
2024-08-06 02:00:00,0.61,18.0,1.8,5.8,14.23,7.9,43.0,2.8,7.6,60.0,CENTRO,2
2024-08-06 03:00:00,0.61,11.0,3.3,7.0,14.45,10.6,42.0,2.7,8.3,41.0,CENTRO,3
2024-08-06 04:00:00,0.61,8.0,5.0,9.7,14.71,14.9,46.0,2.8,6.2,37.0,CENTRO,4
2024-08-06 05:00:00,0.73,5.0,3.6,13.2,19.15,17.0,58.0,2.8,4.9,24.0,CENTRO,5
2024-08-06 06:00:00,0.8,5.0,3.3,13.1,20.29,16.6,60.0,2.9,4.0,11.0,CENTRO,6
2024-08-06 07:00:00,1.09,6.0,8.1,12.4,19.51,20.7,54.0,2.9,6.6,14.0,CENTRO,7
2024-08-06 08:00:00,1.15,6.0,18.8,12.7,19.3,31.9,60.0,3.0,6.5,17.0,CENTRO,8
2024-08-06 09:00:00,1.01,11.0,13.5,12.3,20.65,26.2,61.0,2.9,5.8,358.0,CENTRO,9
2024-08-06 10:00:00,0.85,19.0,9.7,12.9,22.05,22.8,62.0,2.7,6.6,342.0,CENTRO,10
2024-08-06 11:00:00,0.88,32.0,8.7,18.2,22.11,27.2,61.0,2.8,7.0,15.0,CENTRO,11
2024-08-06 12:00:00,0.95,53.0,7.0,20.2,27.13,27.4,75.0,3.2,8.0,38.0,CENTRO,12
2024-08-06 13:00:00,0.77,60.0,4.2,14.6,23.66,19.0,70.0,3.3,9.7,57.0,CENTRO,13
2024-08-06 14:00:00,0.68,65.0,2.9,9.7,20.7,12.8,57.0,3.7,11.6,53.0,CENTRO,14
2024-08-06 15:00:00,0.66,67.0,2.7,9.7,23.12,12.6,58.0,4.7,11.9,61.0,CENTRO,15
2024-08-06 16:00:00,0.64,48.0,2.7,6.9,19.21,9.8,61.0,4.0,12.3,72.0,CENTRO,16
2024-08-06 17:00:00,0.64,43.0,2.6,6.4,14.77,9.3,50.0,3.4,11.8,105.0,CENTRO,17
2024-08-06 18:00:00,0.64,39.0,2.5,6.3,13.34,9.1,42.0,3.1,11.8,108.0,CENTRO,18
2024-08-06 19:00:00,0.66,35.0,2.5,6.9,12.89,9.7,38.0,3.1,12.8,114.0,CENTRO,19
2024-08-06 20:00:00,0.68,29.0,2.2,9.1,13.38,11.5,40.0,3.1,10.8,121.0,CENTRO,20
2024-08-06 21:00:00,0.68,26.0,1.9,8.8,13.46,10.9,44.0,3.1,10.8,119.0,CENTRO,21
2024-08-06 22:00:00,0.67,25.0,1.9,8.3,13.21,10.5,41.0,3.0,9.1,107.0,CENTRO,22
2024-08-06 23:00:00,0.66,25.0,1.9,7.9,13.85,10.0,42.0,3.2,7.0,106.0,CENTRO,23
2024-08-07 00:00:00,0.63,25.0,1.8,6.8,13.34,8.9,40.0,3.0,7.4,82.0,CENTRO,0
2024-08-07 01:00:00,0.64,22.0,1.8,6.7,12.89,8.7,37.0,2.9,2.7,99.0,CENTRO,1
2024-08-07 02:00:00,0.69,14.0,2.3,12.9,12.62,15.5,36.0,3.0,4.1,12.0,CENTRO,2
2024-08-07 03:00:00,0.81,4.0,5.8,19.3,16.28,25.4,50.0,4.0,3.6,322.0,CENTRO,3
2024-08-07 04:00:00,0.9,5.0,10.3,17.7,15.67,28.3,59.0,4.3,5.3,162.0,CENTRO,4
2024-08-07 05:00:00,1.42,5.0,28.2,17.2,19.41,45.6,62.0,3.9,4.1,2.0,CENTRO,5
2024-08-07 06:00:00,0.81,4.0,10.4,14.1,16.74,24.8,61.0,3.2,2.7,304.0,CENTRO,6
2024-08-07 07:00:00,0.91,4.0,15.2,14.3,15.64,29.8,68.0,3.3,2.0,313.0,CENTRO,7
2024-08-07 08:00:00,0.93,7.0,19.8,19.1,16.52,39.2,60.0,3.2,2.8,358.0,CENTRO,8
2024-08-07 09:00:00,0.94,15.0,14.4,20.9,17.35,35.6,61.0,3.1,4.5,35.0,CENTRO,9
2024-08-07 10:00:00,0.92,29.0,9.4,20.8,22.37,30.5,91.0,3.0,4.0,23.0,CENTRO,10
2024-08-07 11:00:00,0.8,43.0,5.0,11.8,20.75,17.0,104.0,3.2,5.9,18.0,CENTRO,11
2024-08-07 12:00:00,1.02,65.0,3.3,13.3,17.61,16.8,63.0,3.4,6.2,308.0,CENTRO,12
2024-08-07 13:00:00,0.74,71.0,3.2,11.6,18.2,15.1,60.0,3.8,7.5,1.0,CENTRO,13
2024-08-07 14:00:00,0.73,86.0,3.1,13.7,17.4,16.9,59.0,4.0,8.6,68.0,CENTRO,14
2024-08-07 15:00:00,0.69,95.0,2.6,11.8,17.74,14.6,57.0,3.8,7.8,63.0,CENTRO,15
2024-08-07 16:00:00,0.67,91.0,2.6,11.3,16.37,14.1,54.0,3.8,8.2,36.0,CENTRO,16
2024-08-07 17:00:00,0.68,94.0,2.6,11.7,17.83,14.5,61.0,3.7,10.7,69.0,CENTRO,17
2024-08-07 18:00:00,0.71,86.0,2.3,11.0,15.01,13.5,65.0,3.5,10.4,96.0,CENTRO,18
2024-08-07 19:00:00,0.74,80.0,2.2,10.2,14.96,12.6,57.0,3.4,10.1,143.0,CENTRO,19
2024-08-07 20:00:00,0.73,73.0,1.9,11.1,15.44,13.3,54.0,3.6,8.5,127.0,CENTRO,20
2024-08-07 21:00:00,0.72,74.0,1.8,9.9,17.59,12.0,55.0,3.9,8.7,123.0,CENTRO,21
2024-08-07 22:00:00,0.73,65.0,1.9,12.8,17.5,14.9,52.0,3.6,6.5,111.0,CENTRO,22
2024-08-07 23:00:00,0.72,56.0,1.9,11.3,16.79,13.4,50.0,3.7,3.2,273.0,CENTRO,23
2024-08-08 00:00:00,0.72,42.0,1.9,13.4,16.15,15.5,45.0,4.0,4.7,186.0,CENTRO,0
2024-08-08 01:00:00,0.85,21.0,2.0,23.5,16.25,25.7,45.0,3.7,3.2,193.0,CENTRO,1
2024-08-08 02:00:00,0.79,29.0,2.0,18.3,17.32,20.4,48.0,3.7,4.7,156.0,CENTRO,2
2024-08-08 03:00:00,0.74,29.0,2.0,16.7,17.65,18.8,53.0,3.9,5.4,201.0,CENTRO,3
2024-08-08 04:00:00,0.66,44.0,1.9,10.2,17.91,12.4,45.0,4.3,5.2,214.0,CENTRO,4
2024-08-08 05:00:00,0.65,42.0,1.9,9.9,17.85,12.0,47.0,4.2,3.8,222.0,CENTRO,5
2024-08-08 06:00:00,0.72,33.0,2.1,17.6,20.35,19.8,53.0,4.1,4.8,204.0,CENTRO,6
2024-08-08 07:00:00,0.73,38.0,3.1,16.9,18.82,20.1,53.0,4.8,5.0,243.0,CENTRO,7
2024-08-08 08:00:00,0.94,16.0,15.0,37.0,19.95,52.2,54.0,4.5,2.4,328.0,CENTRO,8
2024-08-08 09:00:00,0.95,32.0,12.8,34.0,26.91,47.0,93.0,4.5,3.4,351.0,CENTRO,9
2024-08-08 10:00:00,0.75,54.0,4.6,15.7,19.2,20.5,98.0,4.3,5.0,206.0,CENTRO,10
2024-08-08 11:00:00,0.68,67.0,3.1,10.0,14.57,13.3,60.0,3.9,5.5,201.0,CENTRO,11
2024-08-08 12:00:00,0.6,65.0,2.4,4.5,12.93,7.1,42.0,3.4,9.5,108.0,CENTRO,12
2024-08-08 13:00:00,0.63,80.0,2.3,6.9,13.53,9.5,35.0,3.3,9.8,122.0,CENTRO,13
2024-08-08 14:00:00,0.67,99.0,2.2,7.8,16.57,10.2,42.0,3.4,9.6,121.0,CENTRO,14
2024-08-08 15:00:00,0.68,109.0,2.3,8.8,18.43,11.3,45.0,3.5,8.8,64.0,CENTRO,15
2024-08-08 16:00:00,0.68,110.0,2.2,8.5,19.38,10.9,54.0,3.6,9.2,76.0,CENTRO,16
2024-08-08 17:00:00,0.7,103.0,2.2,9.1,20.45,11.5,57.0,4.7,12.0,85.0,CENTRO,17
2024-08-08 18:00:00,0.71,93.0,2.3,11.3,22.16,13.8,58.0,5.6,10.7,68.0,CENTRO,18
2024-08-08 19:00:00,0.71,70.0,2.2,11.3,22.54,13.7,57.0,5.4,11.4,93.0,CENTRO,19
2024-08-08 20:00:00,0.78,70.0,2.1,13.4,23.71,15.6,51.0,5.7,8.2,134.0,CENTRO,20
2024-08-08 21:00:00,0.82,65.0,2.1,17.6,27.69,19.9,54.0,4.8,8.1,112.0,CENTRO,21
2024-08-08 22:00:00,0.78,52.0,2.0,13.9,24.57,16.0,54.0,4.2,11.3,87.0,CENTRO,22
2024-08-08 23:00:00,0.74,31.0,2.0,9.7,19.08,12.0,58.0,3.5,11.5,60.0,CENTRO,23
2024-08-09 00:00:00,0.75,27.0,1.9,9.0,17.07,11.2,51.0,3.3,10.6,40.0,CENTRO,0
2024-08-09 01:00:00,0.75,18.0,3.2,15.7,16.28,19.2,50.0,3.3,8.3,26.0,CENTRO,1
2024-08-09 02:00:00,0.73,19.0,2.5,12.8,17.15,15.5,50.0,3.4,8.1,44.0,CENTRO,2
2024-08-09 03:00:00,0.72,11.0,3.2,19.4,18.18,22.8,46.0,3.6,7.6,16.0,CENTRO,3
2024-08-09 04:00:00,0.7,14.0,3.5,15.3,18.08,19.0,48.0,3.5,6.3,41.0,CENTRO,4
2024-08-09 05:00:00,0.67,21.0,2.0,6.9,15.61,9.1,48.0,3.2,6.3,56.0,CENTRO,5
2024-08-09 06:00:00,0.67,21.0,1.9,5.4,14.78,7.5,47.0,3.1,6.9,46.0,CENTRO,6
2024-08-09 07:00:00,0.71,18.0,2.5,7.6,16.25,10.4,49.0,3.0,8.0,58.0,CENTRO,7
2024-08-09 08:00:00,0.75,20.0,3.5,8.9,17.43,12.7,50.0,3.1,4.6,33.0,CENTRO,8
2024-08-09 09:00:00,0.85,17.0,7.3,14.8,19.48,22.4,49.0,3.2,7.2,51.0,CENTRO,9
2024-08-09 10:00:00,0.8,22.0,5.8,10.8,20.72,16.9,51.0,3.1,9.7,56.0,CENTRO,10
2024-08-09 11:00:00,0.81,24.0,10.2,14.2,24.98,24.6,50.0,3.4,12.0,45.0,CENTRO,11
2024-08-09 12:00:00,0.79,38.0,4.1,9.0,29.84,13.4,67.0,3.2,14.7,53.0,CENTRO,12
2024-08-09 13:00:00,0.77,40.0,3.1,6.8,28.24,10.1,68.0,3.2,14.8,71.0,CENTRO,13
2024-08-09 14:00:00,0.76,39.0,2.9,7.1,21.27,10.3,63.0,3.2,13.5,79.0,CENTRO,14
2024-08-09 15:00:00,0.72,42.0,2.7,6.5,20.69,9.5,52.0,3.1,17.5,85.0,CENTRO,15
2024-08-09 16:00:00,0.72,49.0,2.6,5.7,18.45,8.5,66.0,3.1,13.6,117.0,CENTRO,16
2024-08-09 17:00:00,0.73,43.0,2.6,7.6,15.29,10.4,48.0,3.2,12.2,117.0,CENTRO,17
2024-08-09 18:00:00,0.75,37.0,2.9,7.6,18.21,10.8,43.0,3.1,12.3,116.0,CENTRO,18
2024-08-09 19:00:00,0.75,36.0,2.6,7.8,18.72,10.7,44.0,3.2,12.1,93.0,CENTRO,19
2024-08-09 20:00:00,0.8,29.0,2.2,11.0,17.27,13.4,49.0,3.2,12.3,104.0,CENTRO,20
2024-08-09 21:00:00,0.72,24.0,3.9,11.9,18.39,16.0,43.0,3.1,11.6,124.0,CENTRO,21
2024-08-09 22:00:00,0.82,16.0,2.8,14.2,18.37,17.1,49.0,3.2,10.4,64.0,CENTRO,22
2024-08-09 23:00:00,0.76,17.0,2.1,10.7,17.74,13.0,42.0,3.1,9.1,80.0,CENTRO,23
2024-08-10 00:00:00,0.72,20.0,1.9,6.5,20.0,8.7,48.0,3.0,7.9,102.0,CENTRO,0
2024-08-10 01:00:00,0.72,17.0,1.9,7.6,19.71,9.8,49.0,3.0,7.7,74.0,CENTRO,1
2024-08-10 02:00:00,0.68,21.0,1.9,4.7,19.99,6.8,46.0,3.0,8.3,80.0,CENTRO,2
2024-08-10 03:00:00,0.71,14.0,1.9,7.4,21.69,9.6,44.0,3.0,9.3,59.0,CENTRO,3
2024-08-10 04:00:00,0.69,16.0,1.8,6.2,21.0,8.3,54.0,3.1,6.6,39.0,CENTRO,4
2024-08-10 05:00:00,0.69,13.0,4.1,9.4,25.0,13.8,51.0,3.0,7.7,32.0,CENTRO,5
2024-08-10 06:00:00,0.72,4.0,16.4,17.0,26.0,33.7,60.0,3.4,4.5,34.0,CENTRO,6
2024-08-10 07:00:00,0.77,4.0,10.5,16.7,28.0,27.5,66.0,3.5,3.6,32.0,CENTRO,7
2024-08-10 08:00:00,0.88,7.0,10.8,15.8,28.0,26.9,57.0,3.8,4.9,357.0,CENTRO,8
2024-08-10 09:00:00,1.02,12.0,10.5,16.1,28.5,26.9,59.0,3.5,7.0,11.0,CENTRO,9
2024-08-10 10:00:00,0.88,21.0,8.2,16.1,29.0,24.5,66.0,3.3,7.3,353.0,CENTRO,10
2024-08-10 11:00:00,0.86,33.0,7.2,16.5,25.0,23.9,65.0,3.2,7.4,28.0,CENTRO,11
2024-08-10 12:00:00,0.78,47.0,3.7,9.8,22.0,13.8,62.0,3.1,12.4,61.0,CENTRO,12
2024-08-10 13:00:00,0.75,39.0,3.5,7.5,17.0,11.3,56.0,3.6,13.8,86.0,CENTRO,13
2024-08-10 14:00:00,0.68,32.0,2.8,4.2,14.0,7.2,47.0,3.4,15.2,128.0,CENTRO,14
2024-08-10 15:00:00,0.7,33.0,3.0,5.1,14.0,8.3,43.0,3.2,15.9,88.0,CENTRO,15
2024-08-10 16:00:00,0.68,30.0,3.4,5.0,12.0,8.7,44.0,3.1,18.6,74.0,CENTRO,16
2024-08-10 17:00:00,0.65,30.0,3.0,4.7,11.0,8.0,41.0,3.1,17.2,83.0,CENTRO,17
2024-08-10 18:00:00,0.62,29.0,3.0,4.7,10.0,8.0,39.0,3.0,14.6,82.0,CENTRO,18
2024-08-10 19:00:00,0.61,29.0,2.3,4.5,8.0,7.0,35.0,3.1,12.5,93.0,CENTRO,19
2024-08-10 20:00:00,0.63,27.0,2.1,6.4,9.0,8.7,33.0,3.1,10.7,114.0,CENTRO,20
2024-08-10 21:00:00,0.68,20.0,2.1,7.9,12.0,10.2,35.0,3.1,11.1,124.0,CENTRO,21
2024-08-10 22:00:00,0.68,20.0,2.0,7.6,12.0,9.9,43.0,3.1,8.8,132.0,CENTRO,22
2024-08-10 23:00:00,0.64,22.0,1.9,6.5,9.0,8.7,36.0,3.1,8.9,132.0,CENTRO,23
2024-08-11 00:00:00,0.65,22.0,1.9,6.7,10.0,8.8,33.0,3.0,7.1,119.0,CENTRO,0
2024-08-11 01:00:00,0.69,17.0,2.5,10.5,12.0,13.2,37.0,3.2,7.0,50.0,CENTRO,1
2024-08-11 02:00:00,0.71,14.0,2.1,10.1,14.0,12.4,40.0,3.1,6.8,54.0,CENTRO,2
2024-08-11 03:00:00,0.73,9.0,7.9,12.8,13.0,21.0,46.0,3.2,6.9,17.0,CENTRO,3
2024-08-11 04:00:00,0.73,6.0,4.3,14.4,12.0,18.9,53.0,3.6,7.9,1.0,CENTRO,4
2024-08-11 05:00:00,0.79,7.0,3.3,12.6,11.0,16.1,50.0,3.3,6.3,43.0,CENTRO,5
2024-08-11 06:00:00,0.79,5.0,5.3,13.8,10.0,19.3,48.0,3.6,4.1,27.0,CENTRO,6
2024-08-11 07:00:00,0.94,6.0,3.6,11.9,10.0,15.7,45.0,3.3,2.1,282.0,CENTRO,7
2024-08-11 08:00:00,0.89,9.0,8.9,12.4,11.0,21.5,38.0,3.6,1.9,229.0,CENTRO,8
2024-08-11 09:00:00,0.82,15.0,8.6,11.2,14.0,20.1,49.0,3.3,5.1,349.0,CENTRO,9
2024-08-11 10:00:00,0.79,20.0,6.2,11.3,13.0,17.8,45.0,3.3,5.7,342.0,CENTRO,10
2024-08-11 11:00:00,0.84,35.0,5.4,12.1,17.0,17.8,43.0,3.5,6.4,4.0,CENTRO,11
2024-08-11 12:00:00,0.93,41.0,8.6,18.9,14.0,27.7,55.0,3.8,8.0,46.0,CENTRO,12
2024-08-11 13:00:00,0.8,77.0,2.6,9.3,13.0,12.2,58.0,3.8,9.4,62.0,CENTRO,13
2024-08-11 14:00:00,0.73,75.0,2.4,8.2,13.0,10.9,49.0,3.8,13.2,43.0,CENTRO,14
2024-08-11 15:00:00,0.64,57.0,2.3,5.2,9.0,7.7,45.0,4.9,15.2,74.0,CENTRO,15
2024-08-11 16:00:00,0.61,47.0,2.4,4.4,10.0,7.0,38.0,5.2,17.6,75.0,CENTRO,16
2024-08-11 17:00:00,0.62,41.0,2.5,4.4,9.0,7.1,36.0,3.8,15.1,86.0,CENTRO,17
2024-08-11 18:00:00,0.6,42.0,2.1,3.2,8.0,5.6,29.0,3.4,14.4,104.0,CENTRO,18
2024-08-11 19:00:00,0.6,35.0,2.1,3.5,9.0,5.8,31.0,3.1,14.5,101.0,CENTRO,19
2024-08-11 20:00:00,0.64,32.0,1.9,4.9,9.0,7.0,29.0,3.2,11.8,121.0,CENTRO,20
2024-08-11 21:00:00,0.66,30.0,1.8,6.8,9.2,8.9,27.0,3.2,8.0,131.0,CENTRO,21
2024-08-11 22:00:00,0.65,29.0,1.9,7.0,9.4,9.1,30.0,3.2,6.1,149.0,CENTRO,22
2024-08-11 23:00:00,0.65,29.0,1.8,6.4,9.6,8.5,30.0,3.1,7.4,99.0,CENTRO,23
2024-08-12 00:00:00,0.61,31.0,1.8,4.5,9.8,6.6,27.0,3.1,8.4,108.0,CENTRO,0
2024-08-12 01:00:00,0.66,25.0,1.9,7.4,10.0,9.5,27.0,3.1,10.8,79.0,CENTRO,1
2024-08-12 02:00:00,0.65,25.0,1.8,4.8,9.0,6.9,33.0,3.1,9.5,93.0,CENTRO,2
2024-08-12 03:00:00,0.63,25.0,1.8,4.6,4.0,6.7,34.0,3.1,6.0,67.0,CENTRO,3
2024-08-12 04:00:00,0.69,9.0,3.5,15.7,4.389090909090909,19.4,32.0,3.2,7.2,358.0,CENTRO,4
2024-08-12 05:00:00,0.7,7.0,4.1,16.5,4.778181818181818,20.8,45.0,3.8,6.0,359.0,CENTRO,5
2024-08-12 06:00:00,0.88,7.0,4.5,16.7,5.167272727272727,21.5,47.0,4.5,5.8,16.0,CENTRO,6
2024-08-12 07:00:00,0.88,6.0,8.3,18.1,5.556363636363637,26.7,52.0,3.7,2.9,28.0,CENTRO,7
2024-08-12 08:00:00,0.94,7.0,18.7,18.8,22.875,37.8,47.0,3.8,6.1,60.0,CENTRO,8
2024-08-12 09:00:00,0.94,8.0,25.7,20.8,24.189999999999998,46.7,55.0,3.9,6.6,36.0,CENTRO,9
2024-08-12 10:00:00,0.88,21.0,12.1,16.3,6.723636363636364,28.7,64.0,3.9,6.3,16.0,CENTRO,10
2024-08-12 11:00:00,0.92,33.0,8.3,17.7,7.112727272727272,26.3,59.0,3.9,6.6,5.0,CENTRO,11
2024-08-12 12:00:00,0.88,45.0,8.0,21.5,7.501818181818181,29.7,59.0,3.9,7.5,42.0,CENTRO,12
2024-08-12 13:00:00,0.82,79.0,2.8,11.6,7.890909090909091,14.6,59.0,4.2,9.4,71.0,CENTRO,13
2024-08-12 14:00:00,0.75,59.0,2.7,7.2,8.28,10.1,55.0,3.8,12.2,49.0,CENTRO,14
2024-08-12 15:00:00,0.67,40.0,2.6,5.0,6.82,7.9,47.0,3.4,16.5,97.0,CENTRO,15
2024-08-12 16:00:00,0.67,37.0,2.7,5.0,5.95,8.0,41.0,3.1,14.2,96.0,CENTRO,16
2024-08-12 17:00:00,0.66,35.0,2.9,5.0,5.23,8.1,33.0,3.1,13.9,100.0,CENTRO,17
2024-08-12 18:00:00,0.67,35.0,2.8,5.8,5.21,8.9,32.0,3.1,12.4,112.0,CENTRO,18
2024-08-12 19:00:00,0.69,31.0,2.7,6.3,6.05,9.2,29.0,3.1,13.2,120.0,CENTRO,19
2024-08-12 20:00:00,0.68,31.0,2.0,6.8,5.47,9.0,31.0,3.0,12.8,119.0,CENTRO,20
2024-08-12 21:00:00,0.68,28.0,2.0,5.7,5.18,7.9,31.0,2.9,15.3,129.0,CENTRO,21
2024-08-12 22:00:00,0.67,27.0,1.9,5.4,5.0,7.5,37.0,2.9,16.4,115.0,CENTRO,22
2024-08-12 23:00:00,0.65,27.0,1.9,4.0,5.0,6.1,30.0,2.9,16.4,120.0,CENTRO,23
2024-08-13 00:00:00,0.64,26.0,1.8,3.1,5.0,5.2,28.0,2.9,13.0,113.0,CENTRO,0
2024-08-13 01:00:00,0.64,25.0,1.8,3.6,5.04,5.6,30.0,2.9,10.0,70.0,CENTRO,1
2024-08-13 02:00:00,0.62,25.0,1.8,2.5,4.71,4.5,29.0,2.9,9.8,49.0,CENTRO,2
2024-08-13 03:00:00,0.65,9.0,9.5,14.6,9.45,24.3,28.0,3.1,9.0,30.0,CENTRO,3
2024-08-13 04:00:00,0.66,9.0,3.3,14.0,11.53,17.5,35.0,3.2,7.0,351.0,CENTRO,4
2024-08-13 05:00:00,0.66,7.0,5.6,15.9,10.73,21.7,48.0,3.3,6.1,19.0,CENTRO,5
2024-08-13 06:00:00,0.69,7.0,3.7,16.3,12.05,20.2,48.0,3.4,6.5,32.0,CENTRO,6
2024-08-13 07:00:00,0.8,6.0,8.1,18.0,14.83,26.4,51.0,3.8,3.7,30.0,CENTRO,7
2024-08-13 08:00:00,0.88,6.0,25.6,17.9,19.22,43.7,53.0,4.1,6.7,62.0,CENTRO,8
2024-08-13 09:00:00,0.96,10.0,19.3,17.5,24.11,37.1,84.0,4.0,4.4,22.0,CENTRO,9
2024-08-13 10:00:00,1.03,20.0,13.8,18.1,27.53,32.2,76.0,3.7,6.4,20.0,CENTRO,10
2024-08-13 11:00:00,1.14,30.0,12.3,22.8,29.01,35.3,66.0,3.7,7.1,45.0,CENTRO,11
2024-08-13 12:00:00,1.0,48.0,9.1,24.3,28.16,33.6,75.0,3.8,9.6,42.0,CENTRO,12
2024-08-13 13:00:00,0.85,71.0,3.2,13.1,20.08,16.6,75.0,3.6,9.3,56.0,CENTRO,13
2024-08-13 14:00:00,0.77,60.0,2.5,7.0,13.17,9.7,58.0,3.5,11.2,107.0,CENTRO,14
2024-08-13 15:00:00,0.7,41.0,2.7,4.9,9.86,7.8,40.0,3.3,14.2,116.0,CENTRO,15
2024-08-13 16:00:00,0.66,37.0,2.7,4.5,9.5,7.5,38.0,3.2,15.8,107.0,CENTRO,16
2024-08-13 17:00:00,0.66,35.0,3.3,5.2,9.68,8.8,40.0,3.2,16.5,114.0,CENTRO,17
2024-08-13 18:00:00,0.66,34.0,2.9,5.1,9.71,8.2,42.0,3.2,17.6,118.0,CENTRO,18
2024-08-13 19:00:00,0.67,30.0,2.6,5.8,10.02,8.6,42.0,3.2,17.1,114.0,CENTRO,19
2024-08-13 20:00:00,0.7,26.0,2.2,7.3,10.75,9.8,42.0,3.2,14.1,125.0,CENTRO,20
2024-08-13 21:00:00,0.68,23.0,2.0,7.3,11.24,9.5,40.0,3.0,13.6,123.0,CENTRO,21
2024-08-13 22:00:00,0.7,21.0,2.1,7.6,11.63,10.0,38.0,3.1,9.3,86.0,CENTRO,22
2024-08-13 23:00:00,0.67,21.0,1.9,5.2,11.43,7.3,43.0,3.0,11.9,121.0,CENTRO,23
2024-08-14 00:00:00,0.65,20.0,1.8,4.4,10.57,6.4,41.0,2.9,11.0,117.0,CENTRO,0
2024-08-14 01:00:00,0.65,18.0,1.8,4.0,10.48,6.0,40.0,2.9,9.0,90.0,CENTRO,1
2024-08-14 02:00:00,0.65,15.0,1.8,4.4,11.08,6.5,42.0,2.9,8.1,53.0,CENTRO,2
2024-08-14 03:00:00,0.65,11.0,3.1,7.2,11.93,10.5,39.0,3.1,8.4,31.0,CENTRO,3
2024-08-14 04:00:00,0.67,14.0,1.8,4.0,11.21,6.0,40.0,3.0,6.9,38.0,CENTRO,4
2024-08-14 05:00:00,0.62,11.0,4.3,7.4,11.85,11.9,39.0,3.0,6.6,41.0,CENTRO,5
2024-08-14 06:00:00,0.65,7.0,14.8,11.5,14.96,26.6,43.0,3.2,6.5,48.0,CENTRO,6
2024-08-14 07:00:00,0.75,4.0,22.1,16.8,17.67,39.1,48.0,3.3,4.4,21.0,CENTRO,7
2024-08-14 08:00:00,0.83,6.0,17.6,16.0,18.8,33.9,65.0,3.7,5.0,20.0,CENTRO,8
2024-08-14 09:00:00,0.97,8.0,14.9,16.6,20.79,31.8,65.0,3.4,6.1,21.0,CENTRO,9
2024-08-14 10:00:00,1.0,12.0,22.1,19.6,24.48,42.0,73.0,3.6,7.8,48.0,CENTRO,10
2024-08-14 11:00:00,1.0,18.0,15.4,23.3,25.75,38.9,78.0,3.4,8.2,63.0,CENTRO,11
2024-08-14 12:00:00,0.94,35.0,10.1,20.7,27.0,31.0,75.0,3.3,9.8,55.0,CENTRO,12
2024-08-14 13:00:00,0.89,60.0,5.6,20.2,25.97,26.1,77.0,3.3,8.6,56.0,CENTRO,13
2024-08-14 14:00:00,0.88,84.0,2.9,13.5,26.65,16.7,71.0,3.3,10.4,44.0,CENTRO,14
2024-08-14 15:00:00,0.82,75.0,2.3,9.5,25.55,12.1,70.0,3.3,12.9,61.0,CENTRO,15
2024-08-14 16:00:00,0.72,56.0,2.4,6.5,15.68,9.1,59.0,3.2,13.7,117.0,CENTRO,16
2024-08-14 17:00:00,0.71,39.0,2.5,5.2,10.76,8.0,42.0,3.1,14.7,126.0,CENTRO,17
2024-08-14 18:00:00,0.71,37.0,2.6,5.8,12.14,8.7,42.0,3.1,14.5,132.0,CENTRO,18
2024-08-14 19:00:00,0.73,34.0,2.6,7.2,14.12,10.0,42.0,3.1,12.8,133.0,CENTRO,19
2024-08-14 20:00:00,0.71,27.0,2.1,8.0,14.53,10.3,47.0,3.1,12.2,130.0,CENTRO,20
2024-08-14 21:00:00,0.73,25.0,2.0,7.8,15.15,10.0,48.0,3.1,12.4,114.0,CENTRO,21
2024-08-14 22:00:00,0.67,25.0,1.9,5.1,16.21,7.2,45.0,3.1,13.7,126.0,CENTRO,22
2024-08-14 23:00:00,0.65,23.0,1.9,6.0,16.64,8.2,46.0,3.1,10.3,100.0,CENTRO,23
2024-08-15 00:00:00,0.64,21.0,1.8,5.4,16.74,7.5,51.0,3.1,10.3,78.0,CENTRO,0
2024-08-15 01:00:00,0.66,21.0,1.8,4.1,16.55,6.1,52.0,3.1333333333333333,9.0,58.0,CENTRO,1
2024-08-15 02:00:00,0.65,17.0,1.8,5.8,16.62,7.8,46.0,3.166666666666667,6.8,38.0,CENTRO,2
2024-08-15 03:00:00,0.65,11.0,4.7,9.1,19.64,14.1,46.0,3.2,6.5,24.0,CENTRO,3
2024-08-15 04:00:00,0.66,6.0,6.9,13.6,21.43,20.7,49.0,3.2,7.5,10.0,CENTRO,4
2024-08-15 05:00:00,0.74,4.0,6.2,15.1,17.28,21.5,57.0,3.7,5.5,358.0,CENTRO,5
2024-08-15 06:00:00,0.73,6.0,2.9,13.4,17.32,16.5,63.0,3.5,2.9,346.0,CENTRO,6
2024-08-15 07:00:00,0.77,5.0,8.2,12.9,21.04,21.4,60.0,4.5,3.7,333.0,CENTRO,7
2024-08-15 08:00:00,0.82,7.0,12.9,12.6,21.12,25.9,55.0,3.4,5.4,349.0,CENTRO,8
2024-08-15 09:00:00,0.82,11.0,10.0,12.9,25.14,23.1,66.0,3.2,4.6,5.0,CENTRO,9
2024-08-15 10:00:00,1.02,13.0,17.7,21.1,30.05,39.1,69.0,3.5,5.6,1.0,CENTRO,10
2024-08-15 11:00:00,1.11,21.0,16.0,25.0,30.48,41.2,83.0,3.5,6.4,24.0,CENTRO,11
2024-08-15 12:00:00,1.04,39.0,9.1,27.3,31.29,36.7,95.0,3.3,8.5,88.0,CENTRO,12
2024-08-15 13:00:00,1.03,53.0,7.0,28.8,30.34,36.0,99.0,3.4,8.5,43.0,CENTRO,13
2024-08-15 14:00:00,0.9,67.0,3.5,15.1,26.65,18.9,90.0,3.3,11.1,43.0,CENTRO,14
2024-08-15 15:00:00,0.87,74.0,3.1,12.6,23.7,15.9,82.0,3.3,10.3,36.0,CENTRO,15
2024-08-15 16:00:00,0.86,70.0,2.6,10.3,21.84,13.2,71.0,3.3,12.8,73.0,CENTRO,16
2024-08-15 17:00:00,0.79,50.0,2.8,7.4,17.28,10.5,59.0,3.4,13.5,106.0,CENTRO,17
2024-08-15 18:00:00,0.78,48.0,2.4,8.3,17.53,10.9,56.0,3.3,13.0,117.0,CENTRO,18
2024-08-15 19:00:00,0.79,51.0,2.5,9.3,18.17,12.1,55.0,3.3,13.8,127.0,CENTRO,19
2024-08-15 20:00:00,0.77,32.0,1.9,9.3,15.91,11.4,56.0,3.2,12.6,117.0,CENTRO,20
2024-08-15 21:00:00,0.73,24.0,1.9,8.7,13.82,10.9,47.0,3.1,12.5,116.0,CENTRO,21
2024-08-15 22:00:00,0.74,20.0,2.0,8.5,10.6,10.8,45.0,3.2,9.2,106.0,CENTRO,22
2024-08-15 23:00:00,0.69,21.0,1.9,5.2,9.94,7.3,46.0,3.0,12.0,106.0,CENTRO,23
2024-08-16 00:00:00,0.69,19.0,1.9,5.9,10.33,8.0,41.0,3.0,8.7,61.0,CENTRO,0
2024-08-16 01:00:00,0.68,20.0,1.8,4.6,11.03,6.7,48.0,2.9,8.8,58.0,CENTRO,1
2024-08-16 02:00:00,0.69,14.0,5.7,9.0,12.94,15.0,47.0,3.1,9.9,48.0,CENTRO,2
2024-08-16 03:00:00,0.67,16.0,2.1,5.6,10.27,7.9,41.0,3.0,8.6,47.0,CENTRO,3
2024-08-16 04:00:00,0.67,8.0,6.5,12.4,11.45,19.1,40.0,3.1,7.6,37.0,CENTRO,4
2024-08-16 05:00:00,0.67,7.0,6.1,12.7,12.46,19.0,45.0,3.2,8.1,48.0,CENTRO,5
2024-08-16 06:00:00,0.69,8.0,3.6,11.7,15.1,15.5,49.0,3.3,8.5,38.0,CENTRO,6
2024-08-16 07:00:00,0.76,7.0,5.3,12.7,13.74,18.2,51.0,3.2,4.9,55.0,CENTRO,7
2024-08-16 08:00:00,0.81,6.0,20.1,15.5,17.25,35.9,47.0,3.5,4.7,32.0,CENTRO,8
2024-08-16 09:00:00,1.01,13.0,10.9,14.2,19.93,25.4,56.0,3.3,4.7,356.0,CENTRO,9
2024-08-16 10:00:00,1.05,20.0,11.9,20.6,24.62,32.8,58.0,3.4,5.2,54.0,CENTRO,10
2024-08-16 11:00:00,1.07,30.0,13.9,27.5,29.3,41.6,69.0,3.4,8.9,51.0,CENTRO,11
2024-08-16 12:00:00,0.9,50.0,6.0,17.5,19.6,23.7,73.0,3.3,11.4,66.0,CENTRO,12
2024-08-16 13:00:00,0.79,42.0,3.7,8.4,16.97,12.3,64.0,3.1,11.1,39.0,CENTRO,13
2024-08-16 14:00:00,0.79,37.0,3.6,7.3,12.37,11.2,56.0,3.1,13.1,86.0,CENTRO,14
2024-08-16 15:00:00,0.76,37.0,2.7,5.8,9.88,8.8,46.0,3.1,14.7,115.0,CENTRO,15
2024-08-16 16:00:00,0.73,37.0,2.7,5.3,9.2,8.3,40.0,3.1,14.5,118.0,CENTRO,16
2024-08-16 17:00:00,0.73,36.0,2.7,5.0,9.21,8.0,36.0,3.1,14.7,138.0,CENTRO,17
2024-08-16 18:00:00,0.73,36.0,2.7,5.8,9.63,8.8,37.0,3.1,13.0,133.0,CENTRO,18
2024-08-16 19:00:00,0.73,30.0,2.5,6.2,9.75,9.0,42.0,3.1,13.9,134.0,CENTRO,19
2024-08-16 20:00:00,0.75,25.0,2.4,7.2,11.11,9.8,39.0,3.2,14.7,136.0,CENTRO,20
2024-08-16 21:00:00,0.71,25.0,2.0,5.8,11.19,8.0,43.0,3.2,12.4,132.0,CENTRO,21
2024-08-16 22:00:00,0.71,25.0,1.9,4.5,11.81,6.6,42.0,3.2,12.0,134.0,CENTRO,22
2024-08-16 23:00:00,0.7,23.0,1.8,4.3,10.57,6.4,40.0,3.1,11.2,124.0,CENTRO,23
2024-08-17 00:00:00,0.7,22.0,1.8,4.1,9.81,6.1,35.0,3.1,11.7,118.0,CENTRO,0
2024-08-17 01:00:00,0.7,20.0,1.8,4.5,9.37,6.6,34.0,3.2,10.0,66.0,CENTRO,1
2024-08-17 02:00:00,0.72,11.0,8.5,11.1,10.96,19.9,33.0,3.4,8.4,27.0,CENTRO,2
2024-08-17 03:00:00,0.73,10.0,7.9,9.6,11.41,17.7,36.0,3.3,8.0,48.0,CENTRO,3
2024-08-17 04:00:00,0.71,8.0,5.9,10.5,13.37,16.7,46.0,3.2,5.7,47.0,CENTRO,4
2024-08-17 05:00:00,0.71,7.0,3.4,12.0,15.08,15.6,40.0,3.3,5.3,65.0,CENTRO,5
2024-08-17 06:00:00,0.7,5.0,9.6,13.5,17.12,23.4,38.0,3.4,4.8,61.0,CENTRO,6
2024-08-17 07:00:00,0.78,4.0,12.4,14.9,17.93,27.6,47.0,3.4,3.9,55.0,CENTRO,7
2024-08-17 08:00:00,0.78,7.0,11.6,13.2,18.42,25.2,57.0,3.5,5.7,66.0,CENTRO,8
2024-08-17 09:00:00,0.85,9.0,18.1,14.5,21.63,32.9,50.0,3.6,5.9,65.0,CENTRO,9
2024-08-17 10:00:00,0.96,14.0,15.8,15.8,24.5,31.9,50.0,3.6,7.3,21.0,CENTRO,10
2024-08-17 11:00:00,1.01,30.0,7.5,15.9,27.91,23.6,66.0,3.6,6.6,4.0,CENTRO,11
2024-08-17 12:00:00,0.92,51.0,6.3,20.0,25.85,26.6,65.0,3.4,8.9,33.0,CENTRO,12
2024-08-17 13:00:00,0.85,66.0,3.4,13.3,20.24,16.9,70.0,3.3,10.3,53.0,CENTRO,13
2024-08-17 14:00:00,0.82,45.0,2.8,7.4,14.26,10.4,59.0,3.2,14.1,61.0,CENTRO,14
2024-08-17 15:00:00,0.79,37.0,2.8,6.5,12.39,9.6,53.0,3.1,17.2,77.0,CENTRO,15
2024-08-17 16:00:00,0.75,36.0,2.5,6.0,15.13,8.7,46.0,3.2,15.2,86.0,CENTRO,16
2024-08-17 17:00:00,0.74,29.0,2.5,5.9,16.63,8.6,46.0,3.1,12.8,97.0,CENTRO,17
2024-08-17 18:00:00,0.73,29.0,2.4,5.1,13.9,7.7,42.0,3.2,14.5,100.0,CENTRO,18
2024-08-17 19:00:00,0.72,31.0,2.0,5.7,13.33,7.9,43.0,3.1,12.7,118.0,CENTRO,19
2024-08-17 20:00:00,0.76,30.0,1.8,6.2,14.63,8.2,37.0,3.2,10.6,127.0,CENTRO,20
2024-08-17 21:00:00,0.77,25.0,1.9,8.9,16.42,11.0,40.0,3.3,7.5,127.0,CENTRO,21
2024-08-17 22:00:00,0.8,25.0,1.8,7.9,16.53,9.9,36.0,3.2,7.3,107.0,CENTRO,22
2024-08-17 23:00:00,0.84,19.0,1.9,10.2,17.38,12.3,41.0,3.4,7.9,96.0,CENTRO,23
2024-08-18 00:00:00,0.82,13.0,2.1,11.0,16.0,13.3,51.0,3.3,7.5,54.0,CENTRO,0
2024-08-18 01:00:00,0.83,11.0,2.0,11.8,13.91,14.0,48.0,3.2,7.2,42.0,CENTRO,1
2024-08-18 02:00:00,0.8,9.0,6.3,11.7,11.54,18.2,43.0,3.4,7.9,25.0,CENTRO,2
2024-08-18 03:00:00,0.79,6.0,4.9,14.8,12.23,19.9,40.0,3.3,7.5,356.0,CENTRO,3
2024-08-18 04:00:00,0.79,5.0,7.4,15.5,13.11,23.2,48.0,3.4,7.3,38.0,CENTRO,4
2024-08-18 05:00:00,0.78,8.0,6.7,11.2,14.89,18.1,58.0,3.4,6.3,65.0,CENTRO,5
2024-08-18 06:00:00,0.81,5.0,5.7,13.4,14.6,19.4,52.0,3.5,3.7,16.0,CENTRO,6
2024-08-18 07:00:00,0.79,5.0,6.8,12.9,19.99,19.9,52.0,3.5,3.6,84.0,CENTRO,7
2024-08-18 08:00:00,0.95,9.0,5.9,10.0,21.48,16.2,62.0,3.5,3.8,359.0,CENTRO,8
2024-08-18 09:00:00,1.1,15.0,6.4,10.5,19.64,17.1,51.0,3.2,4.8,1.0,CENTRO,9
2024-08-18 10:00:00,1.01,23.0,7.4,13.2,22.37,20.8,48.0,3.2,5.1,25.0,CENTRO,10
2024-08-18 11:00:00,1.01,23.0,14.0,21.7,25.14,35.9,47.0,3.3,7.2,83.0,CENTRO,11
2024-08-18 12:00:00,0.91,39.0,5.2,14.6,19.75,20.0,68.0,3.3,10.1,76.0,CENTRO,12
2024-08-18 13:00:00,0.84,60.0,2.6,8.3,17.81,11.1,51.0,3.2,11.8,61.0,CENTRO,13
2024-08-18 14:00:00,0.77,46.0,2.6,5.7,13.83,8.5,46.0,3.7,14.7,48.0,CENTRO,14
2024-08-18 15:00:00,0.75,35.0,2.5,4.4,9.74,7.1,40.0,3.5,16.0,62.0,CENTRO,15
2024-08-18 16:00:00,0.74,31.0,2.4,4.7,8.83,7.3,33.0,3.4,12.6,90.0,CENTRO,16
2024-08-18 17:00:00,0.75,29.0,2.3,3.8,8.6,6.3,34.0,3.3,10.6,101.0,CENTRO,17
2024-08-18 18:00:00,0.73,25.0,2.4,5.0,9.2,7.7,32.0,3.3,10.8,104.0,CENTRO,18
2024-08-18 19:00:00,0.72,27.0,1.9,3.8,10.64,5.9,32.0,3.2,10.6,136.0,CENTRO,19
2024-08-18 20:00:00,0.78,22.0,2.0,7.4,12.91,9.6,37.0,3.3,10.3,126.0,CENTRO,20
2024-08-18 21:00:00,0.75,23.0,1.9,6.0,13.03,8.2,36.0,3.4,10.0,129.0,CENTRO,21
2024-08-18 22:00:00,0.74,22.0,1.8,5.9,11.3,8.0,40.0,3.5,9.0,110.0,CENTRO,22
2024-08-18 23:00:00,0.78,16.0,2.3,8.4,12.4,10.9,30.0,3.5,13.4,70.0,CENTRO,23
2024-08-19 00:00:00,0.73,17.0,1.9,4.9,7.87,7.1,40.0,3.1,11.7,82.0,CENTRO,0
2024-08-19 01:00:00,0.73,14.0,2.0,5.4,7.88,7.6,39.0,3.3,10.8,57.0,CENTRO,1
2024-08-19 02:00:00,0.73,12.0,1.9,5.6,7.68,7.8,33.0,3.6,8.1,50.0,CENTRO,2
2024-08-19 03:00:00,0.74,6.0,5.8,12.7,10.33,18.8,26.0,3.2,7.8,5.0,CENTRO,3
2024-08-19 04:00:00,0.75,6.0,10.5,11.7,11.69,22.5,42.0,3.7,7.0,57.0,CENTRO,4
2024-08-19 05:00:00,0.76,6.0,4.6,10.8,10.04,15.7,53.0,3.3,5.0,85.0,CENTRO,5
2024-08-19 06:00:00,0.8,4.0,9.2,13.9,12.61,23.3,50.0,3.3,3.9,52.0,CENTRO,6
2024-08-19 07:00:00,0.89,4.0,12.9,14.8,13.37,27.9,53.0,3.7,2.2,49.0,CENTRO,7
2024-08-19 08:00:00,1.04,7.0,18.1,14.6,13.44,32.9,57.0,3.6,2.4,226.0,CENTRO,8
2024-08-19 09:00:00,1.2,12.0,16.7,17.5,14.51,34.4,57.0,3.4,4.4,21.0,CENTRO,9
2024-08-19 10:00:00,1.44,15.0,28.7,30.7,20.92,59.6,57.0,3.5,8.5,27.0,CENTRO,10
2024-08-19 11:00:00,1.07,20.0,22.4,30.3,19.56,52.9,85.0,3.5,9.1,37.0,CENTRO,11
2024-08-19 12:00:00,0.96,32.0,10.5,23.6,15.65,34.2,80.0,3.6,9.3,48.0,CENTRO,12
2024-08-19 13:00:00,0.85,51.0,3.2,9.4,12.24,12.9,63.0,4.1,13.8,63.0,CENTRO,13
2024-08-19 14:00:00,0.82,39.0,3.3,7.5,12.46,11.0,55.0,4.1,16.2,67.0,CENTRO,14
2024-08-19 15:00:00,0.82,38.0,3.1,6.7,13.34,10.1,51.0,4.2,16.1,68.0,CENTRO,15
2024-08-19 16:00:00,0.79,30.0,3.0,7.0,10.69,10.3,50.0,4.7,13.5,117.0,CENTRO,16
2024-08-19 17:00:00,0.81,23.0,4.4,7.4,9.13,12.0,53.0,3.5,9.7,135.0,CENTRO,17
2024-08-19 18:00:00,0.79,23.0,3.1,7.2,9.73,10.5,52.0,3.4,10.3,131.0,CENTRO,18
2024-08-19 19:00:00,0.79,22.0,2.9,7.6,8.26,10.7,47.0,3.3,10.2,133.0,CENTRO,19
2024-08-19 20:00:00,0.78,23.0,2.2,7.3,8.15,9.7,39.0,3.4,10.3,137.0,CENTRO,20
2024-08-19 21:00:00,0.76,23.0,1.9,7.5,8.27,9.6,32.0,3.2,8.3,138.0,CENTRO,21
2024-08-19 22:00:00,0.76,22.0,1.9,7.5,8.37,9.7,34.0,3.3,8.0,135.0,CENTRO,22
2024-08-19 23:00:00,0.76,22.0,1.9,8.3,9.27,10.5,37.0,3.3,8.7,113.0,CENTRO,23
2024-08-20 00:00:00,0.79,20.0,2.0,9.1,10.76,11.3,36.0,3.4,8.1,101.0,CENTRO,0
2024-08-20 01:00:00,0.72,27.0,1.8,3.6,8.03,5.6,33.0,3.1,8.0,124.0,CENTRO,1
2024-08-20 02:00:00,0.74,24.0,1.8,4.5,8.64,6.6,34.0,3.2,7.8,89.0,CENTRO,2
2024-08-20 03:00:00,0.75,21.0,1.8,6.0,9.34,8.1,30.0,3.3,10.0,67.0,CENTRO,3
2024-08-20 04:00:00,0.77,12.0,2.9,13.9,11.52,17.0,30.0,3.3,6.0,36.0,CENTRO,4
2024-08-20 05:00:00,0.79,9.0,6.0,17.2,13.36,23.4,44.0,3.5,5.9,26.0,CENTRO,5
2024-08-20 06:00:00,0.94,8.0,2.2,16.7,13.86,19.0,54.0,3.5,3.4,36.0,CENTRO,6
2024-08-20 07:00:00,1.01,7.0,8.8,18.3,14.06,27.4,55.0,3.6,3.3,329.0,CENTRO,7
2024-08-20 08:00:00,1.07,9.0,17.6,18.7,15.24,36.6,56.0,3.6,4.4,16.0,CENTRO,8
2024-08-20 09:00:00,1.16,16.0,14.0,18.9,14.93,33.2,58.0,3.4,4.3,34.0,CENTRO,9
2024-08-20 10:00:00,1.02,27.0,9.1,17.9,14.53,27.3,57.0,3.3,4.1,14.0,CENTRO,10
2024-08-20 11:00:00,1.24,34.0,15.5,31.2,21.33,46.9,55.0,4.1,9.2,40.0,CENTRO,11
2024-08-20 12:00:00,0.94,50.0,5.7,16.7,14.01,22.7,73.0,4.2,12.3,56.0,CENTRO,12
2024-08-20 13:00:00,0.81,63.0,2.9,8.5,11.57,11.6,59.0,4.5,12.5,54.0,CENTRO,13
2024-08-20 14:00:00,0.78,64.0,2.6,7.5,13.33,10.3,50.0,7.3,14.6,73.0,CENTRO,14
2024-08-20 15:00:00,0.75,53.0,2.4,5.5,11.7,8.0,50.0,5.0,13.4,117.0,CENTRO,15
2024-08-20 16:00:00,0.75,47.0,2.4,4.6,9.38,7.3,44.0,4.1,13.3,112.0,CENTRO,16
2024-08-20 17:00:00,0.75,45.0,2.5,5.2,8.92,8.0,34.0,3.7,13.3,102.0,CENTRO,17
2024-08-20 18:00:00,0.75,42.0,2.9,7.5,9.27,10.7,32.0,3.5,14.6,91.0,CENTRO,18
2024-08-20 19:00:00,0.75,38.0,2.6,9.2,8.52,11.9,49.0,3.4,12.8,95.0,CENTRO,19
2024-08-20 20:00:00,0.77,35.0,2.1,9.6,8.78,11.9,42.0,3.3,10.7,118.0,CENTRO,20
2024-08-20 21:00:00,0.73,37.0,1.9,8.4,8.66,10.6,37.0,3.4,11.0,125.0,CENTRO,21
2024-08-20 22:00:00,0.73,35.0,2.0,9.9,8.82,12.1,36.0,3.3,10.0,125.0,CENTRO,22
2024-08-20 23:00:00,0.72,35.0,1.9,8.4,8.53,10.5,37.0,3.3,7.9,125.0,CENTRO,23
2024-08-21 00:00:00,0.72,34.0,1.9,7.7,8.7,9.8,33.0,3.3,7.0,120.0,CENTRO,0
2024-08-21 01:00:00,0.77,28.0,1.9,9.2,9.42,11.4,31.0,3.3,6.6,64.0,CENTRO,1
2024-08-21 02:00:00,0.8,16.0,8.3,15.0,13.36,23.6,37.0,3.6,6.7,28.0,CENTRO,2
2024-08-21 03:00:00,0.99,11.0,2.8,18.5,15.94,21.5,56.0,3.8,6.6,6.0,CENTRO,3
2024-08-21 04:00:00,1.13,9.0,3.2,20.3,16.03,23.7,58.0,3.7,6.4,18.0,CENTRO,4
2024-08-21 05:00:00,1.33,5.0,5.0,24.7,16.12,29.9,59.0,3.8,3.7,15.0,CENTRO,5
2024-08-21 06:00:00,1.12,5.0,4.3,23.1,14.93,27.6,57.0,3.8,1.8,270.0,CENTRO,6
2024-08-21 07:00:00,1.18,5.0,12.6,22.7,16.16,35.6,58.0,3.8,2.1,230.0,CENTRO,7
2024-08-21 08:00:00,1.08,8.0,28.6,27.1,24.55,55.9,64.0,4.9,4.2,244.0,CENTRO,8
2024-08-21 09:00:00,1.21,15.0,27.2,31.2,22.1,58.6,93.0,4.7,3.3,5.0,CENTRO,9
2024-08-21 10:00:00,1.41,29.0,15.1,31.9,20.38,47.3,85.0,4.9,5.3,17.0,CENTRO,10
2024-08-21 11:00:00,1.29,46.0,11.0,32.7,21.25,44.0,85.0,5.6,7.4,59.0,CENTRO,11
2024-08-21 12:00:00,1.07,79.0,3.7,17.3,18.41,21.2,167.0,4.4,10.7,62.0,CENTRO,12
2024-08-21 13:00:00,0.93,75.0,2.9,10.6,14.49,13.7,102.0,4.1,14.4,59.0,CENTRO,13
2024-08-21 14:00:00,0.87,72.0,2.8,8.7,13.21,11.7,69.0,4.1,14.8,86.0,CENTRO,14
2024-08-21 15:00:00,0.79,65.0,2.5,5.8,11.57,8.6,51.0,4.1,14.8,114.0,CENTRO,15
2024-08-21 16:00:00,0.76,58.0,2.6,6.1,10.79,8.9,39.0,4.0,12.9,125.0,CENTRO,16
2024-08-21 17:00:00,0.74,54.0,2.9,5.9,10.59,9.1,44.0,3.6,14.0,127.0,CENTRO,17
2024-08-21 18:00:00,0.73,49.0,2.7,6.1,10.14,9.1,44.0,3.5,14.0,117.0,CENTRO,18
2024-08-21 19:00:00,0.75,45.0,2.3,7.3,10.36,9.8,37.0,3.5,12.9,111.0,CENTRO,19
2024-08-21 20:00:00,0.79,40.0,2.1,10.0,11.54,12.4,35.0,3.5,9.7,133.0,CENTRO,20
2024-08-21 21:00:00,0.78,38.0,2.0,9.5,11.8,11.7,40.0,3.5,8.1,134.0,CENTRO,21
2024-08-21 22:00:00,0.76,36.0,2.0,8.4,12.04,10.7,37.0,3.5,7.1,129.0,CENTRO,22
2024-08-21 23:00:00,0.75,35.0,2.0,8.3,13.26,10.5,51.0,3.4,7.7,131.0,CENTRO,23
2024-08-22 00:00:00,0.71,41.0,1.9,3.4,10.0,5.5,48.0,3.4,11.2,137.0,CENTRO,0
2024-08-22 01:00:00,0.71,40.0,1.9,3.9,12.67,6.0,43.0,3.4,10.5,115.0,CENTRO,1
2024-08-22 02:00:00,0.71,36.0,1.9,5.4,10.35,7.5,46.0,3.3,6.7,112.0,CENTRO,2
2024-08-22 03:00:00,0.78,27.0,2.9,10.4,11.56,13.5,34.0,3.5,4.1,5.0,CENTRO,3
2024-08-22 04:00:00,1.35,6.0,12.2,30.7,22.56,43.1,47.0,4.6,6.2,11.0,CENTRO,4
2024-08-22 05:00:00,1.54,6.0,15.5,28.8,21.96,44.5,73.0,5.7,3.5,1.0,CENTRO,5
2024-08-22 06:00:00,1.21,6.0,11.6,26.5,19.22,38.3,71.0,4.8,3.6,46.0,CENTRO,6
2024-08-22 07:00:00,1.1,7.0,6.3,23.9,16.62,30.5,61.0,4.2,4.2,6.0,CENTRO,7
2024-08-22 08:00:00,1.05,12.0,13.1,22.4,15.34,35.7,56.0,4.2,4.7,335.0,CENTRO,8
2024-08-22 09:00:00,1.16,21.0,15.4,27.5,19.91,43.1,57.0,4.8,3.9,194.0,CENTRO,9
2024-08-22 10:00:00,1.2,29.0,17.7,35.9,22.1,53.9,83.0,5.7,6.4,24.0,CENTRO,10
2024-08-22 11:00:00,1.13,58.0,7.0,24.5,20.57,31.6,84.0,5.4,9.6,55.0,CENTRO,11
2024-08-22 12:00:00,0.89,73.0,3.6,14.1,17.52,17.9,70.0,4.9,12.6,54.0,CENTRO,12
2024-08-22 13:00:00,0.76,68.0,2.9,8.6,13.98,11.8,58.0,4.8,14.3,71.0,CENTRO,13
2024-08-22 14:00:00,0.74,64.0,2.4,5.8,12.58,8.5,51.0,4.4,12.5,108.0,CENTRO,14
2024-08-22 15:00:00,0.73,58.0,2.6,5.8,11.15,8.7,46.0,3.9,12.2,96.0,CENTRO,15
2024-08-22 16:00:00,0.72,55.0,2.6,5.7,10.21,8.5,38.0,3.6,13.1,106.0,CENTRO,16
2024-08-22 17:00:00,0.72,51.0,2.6,5.5,9.6,8.4,33.0,3.6,13.7,117.0,CENTRO,17
2024-08-22 18:00:00,0.72,49.0,2.6,6.5,9.34,9.4,36.0,3.4,13.8,110.0,CENTRO,18
2024-08-22 19:00:00,0.75,45.0,2.4,7.0,10.48,9.6,35.0,3.5,13.4,117.0,CENTRO,19
2024-08-22 20:00:00,0.75,43.0,2.0,7.7,9.98,9.9,37.0,3.5,11.2,116.0,CENTRO,20
2024-08-22 21:00:00,0.77,41.0,1.9,8.0,10.8,10.2,36.0,3.5,9.4,132.0,CENTRO,21
2024-08-22 22:00:00,0.77,40.0,1.9,7.1,11.49,9.2,37.0,3.4,8.0,133.0,CENTRO,22
2024-08-22 23:00:00,0.76,38.0,2.0,6.2,11.02,8.4,38.0,3.4,10.6,132.0,CENTRO,23
2024-08-23 00:00:00,0.75,35.0,1.8,4.7,10.06,6.8,34.0,3.3,11.9,115.0,CENTRO,0
2024-08-23 01:00:00,0.75,34.0,1.9,4.6,9.98,6.7,36.0,3.3,9.7,94.0,CENTRO,1
2024-08-23 02:00:00,0.74,31.0,1.9,6.3,10.72,8.5,39.0,3.2,8.9,85.0,CENTRO,2
2024-08-23 03:00:00,0.8,13.0,8.7,18.6,12.47,27.5,49.0,3.8,7.8,23.0,CENTRO,3
2024-08-23 04:00:00,0.79,16.0,2.2,14.5,12.21,17.0,50.0,3.8,6.9,27.0,CENTRO,4
2024-08-23 05:00:00,0.93,11.0,2.9,18.1,13.71,21.2,48.0,4.0,6.7,55.0,CENTRO,5
2024-08-23 06:00:00,0.94,10.0,2.3,17.1,12.43,19.6,55.0,3.7,2.8,195.0,CENTRO,6
2024-08-23 07:00:00,0.96,8.0,6.0,18.9,13.05,25.1,49.0,3.6,2.6,219.0,CENTRO,7
2024-08-23 08:00:00,1.08,11.0,13.3,19.9,13.41,33.5,48.0,3.9,4.5,334.0,CENTRO,8
2024-08-23 09:00:00,1.16,19.0,14.3,23.0,15.7,37.5,53.0,4.2,6.0,17.0,CENTRO,9
2024-08-23 10:00:00,1.41,21.0,21.7,32.8,22.4,54.7,73.0,5.0,7.5,52.0,CENTRO,10
2024-08-23 11:00:00,1.1,41.0,11.6,28.2,20.59,40.0,94.0,5.1,9.3,48.0,CENTRO,11
2024-08-23 12:00:00,0.98,64.0,4.6,16.5,15.88,21.4,73.0,4.4,13.5,50.0,CENTRO,12
2024-08-23 13:00:00,0.89,77.0,3.2,12.3,16.4,15.7,70.0,7.2,13.9,50.0,CENTRO,13
2024-08-23 14:00:00,0.82,60.0,3.1,9.2,13.46,12.5,78.0,9.2,15.0,61.0,CENTRO,14
2024-08-23 15:00:00,0.76,47.0,3.0,6.6,9.3,9.9,60.0,4.9,16.2,87.0,CENTRO,15
2024-08-23 16:00:00,0.75,44.0,3.3,7.0,9.27,10.6,43.0,4.0,16.4,79.0,CENTRO,16
2024-08-23 17:00:00,0.74,43.0,3.1,6.6,8.87,9.9,42.0,3.8,14.5,94.0,CENTRO,17
2024-08-23 18:00:00,0.74,41.0,3.0,7.3,8.85,10.6,40.0,3.6,14.1,102.0,CENTRO,18
2024-08-23 19:00:00,0.75,38.0,2.6,8.7,8.89,11.5,32.0,3.5,12.7,97.0,CENTRO,19
2024-08-23 20:00:00,0.75,35.0,2.2,9.4,9.7,11.8,31.0,3.5,10.2,127.0,CENTRO,20
2024-08-23 21:00:00,0.78,34.0,2.1,11.8,11.9,14.1,32.0,3.4,9.0,129.0,CENTRO,21
2024-08-23 22:00:00,0.69,35.0,2.0,6.5,10.12,8.7,32.0,3.4,12.4,125.0,CENTRO,22
2024-08-23 23:00:00,0.75,27.0,2.0,5.0,11.91,7.2,41.0,3.4,11.9,132.0,CENTRO,23
2024-08-24 00:00:00,0.77,24.0,2.0,5.9,11.48,8.0,46.0,3.3,8.8,107.0,CENTRO,0
2024-08-24 01:00:00,0.79,21.0,2.0,8.2,12.47,10.4,44.0,3.3,9.9,61.0,CENTRO,1
2024-08-24 02:00:00,0.78,22.0,1.9,6.5,12.88,8.6,45.0,3.5,10.6,53.0,CENTRO,2
2024-08-24 03:00:00,0.79,9.0,9.7,14.5,15.49,24.4,42.0,3.5,8.1,33.0,CENTRO,3
2024-08-24 04:00:00,0.83,6.0,8.6,15.4,15.15,24.2,54.0,4.1,6.8,50.0,CENTRO,4
2024-08-24 05:00:00,0.82,4.0,9.1,17.5,16.75,26.8,53.0,4.1,5.4,13.0,CENTRO,5
2024-08-24 06:00:00,1.01,5.0,4.5,17.6,18.52,22.2,59.0,4.1,5.2,8.0,CENTRO,6
2024-08-24 07:00:00,0.95,5.0,4.7,17.6,20.06,22.5,61.0,4.1,3.2,359.0,CENTRO,7
2024-08-24 08:00:00,1.03,10.0,5.9,12.6,21.46,18.7,63.0,4.0,4.1,341.0,CENTRO,8
2024-08-24 09:00:00,0.97,15.0,9.8,13.6,24.98,23.7,58.0,4.3,6.0,336.0,CENTRO,9
2024-08-24 10:00:00,0.92,27.0,7.4,14.4,23.75,22.0,64.0,3.7,5.0,55.0,CENTRO,10
2024-08-24 11:00:00,1.2,26.0,19.6,32.6,30.65,52.5,68.0,4.3,9.0,40.0,CENTRO,11
2024-08-24 12:00:00,0.99,44.0,8.3,23.0,28.44,31.5,92.0,4.7,10.3,48.0,CENTRO,12
2024-08-24 13:00:00,0.85,55.0,3.4,9.4,20.31,13.0,73.0,5.6,14.0,62.0,CENTRO,13
2024-08-24 14:00:00,0.79,58.0,2.6,7.1,23.0,9.9,63.0,9.7,16.2,68.0,CENTRO,14
2024-08-24 15:00:00,0.75,50.0,2.7,5.7,19.54,8.6,60.0,6.2,13.6,68.0,CENTRO,15
2024-08-24 16:00:00,0.73,46.0,2.7,5.8,15.32,8.7,47.0,4.5,13.9,81.0,CENTRO,16
2024-08-24 17:00:00,0.73,49.0,2.6,6.6,19.59,9.3,40.0,5.2,14.0,78.0,CENTRO,17
2024-08-24 18:00:00,0.71,50.0,2.4,6.8,18.34,9.4,42.0,6.6,13.3,87.0,CENTRO,18
2024-08-24 19:00:00,0.67,48.0,2.1,6.7,15.79,9.0,38.0,7.8,12.1,93.0,CENTRO,19
2024-08-24 20:00:00,0.69,38.0,2.0,8.8,13.85,11.0,38.0,6.3,9.1,112.0,CENTRO,20
2024-08-24 21:00:00,0.72,35.0,2.2,8.3,14.74,10.7,34.0,4.4,7.5,117.0,CENTRO,21
2024-08-24 22:00:00,0.83,18.0,3.5,14.5,19.21,18.1,47.0,4.3,16.3,68.0,CENTRO,22
2024-08-24 23:00:00,0.77,21.0,2.1,5.0,14.59,7.3,69.0,3.8,15.5,86.0,CENTRO,23
2024-08-25 00:00:00,0.81,17.0,2.1,6.1,14.06,8.5,61.0,3.4,10.6,61.0,CENTRO,0
2024-08-25 01:00:00,0.79,16.0,2.0,5.0,12.98,7.2,45.0,3.3,10.6,70.0,CENTRO,1
2024-08-25 02:00:00,0.79,16.0,1.9,5.0,12.45,7.1,40.0,3.3,6.7,60.0,CENTRO,2
2024-08-25 03:00:00,0.79,16.0,1.9,5.7,12.73,7.8,42.0,3.3,7.6,43.0,CENTRO,3
2024-08-25 04:00:00,0.77,13.666666666666666,1.9,5.2,13.11,7.4,45.0,3.2,7.6,50.0,CENTRO,4
2024-08-25 05:00:00,0.77,11.333333333333334,1.9,4.3,14.13,6.4,46.0,3.2,6.7,60.0,CENTRO,5
2024-08-25 06:00:00,0.79,9.0,3.9,10.7,16.3,14.8,49.0,3.2,5.6,65.0,CENTRO,6
2024-08-25 07:00:00,0.83,6.0,6.7,13.0,18.82,20.0,54.0,3.4,6.0,79.0,CENTRO,7
2024-08-25 08:00:00,0.85,6.0,9.2,13.9,22.46,23.3,58.0,3.7,5.4,80.0,CENTRO,8
2024-08-25 09:00:00,0.84,15.0,7.0,9.1,23.82,16.5,60.0,3.5,7.5,70.0,CENTRO,9
2024-08-25 10:00:00,0.82,23.0,5.0,8.0,23.55,13.3,54.0,3.5,8.2,63.0,CENTRO,10
2024-08-25 11:00:00,0.81,29.0,6.1,12.4,28.13,18.8,54.0,3.5,9.6,17.0,CENTRO,11
2024-08-25 12:00:00,0.83,40.0,5.5,13.0,29.8,18.7,68.0,4.3,10.6,38.0,CENTRO,12
2024-08-25 13:00:00,0.81,46.0,2.7,6.3,25.77,9.2,64.0,4.2,14.0,58.0,CENTRO,13
2024-08-25 14:00:00,0.77,39.0,2.6,4.9,24.75,7.7,61.0,5.0,15.1,69.0,CENTRO,14
2024-08-25 15:00:00,0.73,34.0,2.6,4.5,17.29,7.3,50.0,4.1,13.0,83.0,CENTRO,15
2024-08-25 16:00:00,0.72,36.0,2.4,3.7,17.57,6.3,46.0,3.8,11.3,96.0,CENTRO,16
2024-08-25 17:00:00,0.71,38.0,2.5,4.0,18.77,6.7,41.0,4.0,10.1,99.0,CENTRO,17
2024-08-25 18:00:00,0.73,36.0,2.2,5.2,17.98,7.6,44.0,5.6,13.2,72.0,CENTRO,18
2024-08-25 19:00:00,0.74,33.0,2.0,5.3,19.48,7.6,43.0,5.0,13.1,87.0,CENTRO,19
2024-08-25 20:00:00,0.79,30.0,2.1,5.7,20.22,8.0,48.0,3.9,14.0,118.0,CENTRO,20
2024-08-25 21:00:00,0.79,26.0,1.9,5.0,16.67,7.1,53.0,3.4,12.5,126.0,CENTRO,21
2024-08-25 22:00:00,0.76,28.0,1.9,3.6,15.27,5.7,54.0,3.3,13.7,121.0,CENTRO,22
2024-08-25 23:00:00,0.78,24.0,1.9,4.0,14.67,6.1,43.0,3.2,10.5,119.0,CENTRO,23
2024-08-26 00:00:00,0.76,24.0,1.8,3.3,13.98,5.4,39.0,3.2,8.8,116.0,CENTRO,0
2024-08-26 01:00:00,0.75,22.0,1.8,3.3,13.9,5.4,42.0,3.1,7.6,78.0,CENTRO,1
2024-08-26 02:00:00,0.75,20.0,1.9,3.2,14.0,5.3,45.0,3.2,10.8,63.0,CENTRO,2
2024-08-26 03:00:00,0.76,18.0,1.8,3.9,14.04,5.9,44.0,3.3,9.2,55.0,CENTRO,3
2024-08-26 04:00:00,0.77,14.0,3.9,7.0,15.1,11.1,45.0,3.3,6.7,61.0,CENTRO,4
2024-08-26 05:00:00,0.79,6.0,5.4,14.4,18.64,19.9,52.0,3.7,5.9,38.0,CENTRO,5
2024-08-26 06:00:00,0.83,6.0,5.9,14.8,17.31,20.9,59.0,3.6,4.9,82.0,CENTRO,6
2024-08-26 07:00:00,0.93,5.0,10.1,15.9,17.22,26.2,54.0,3.6,3.0,92.0,CENTRO,7
2024-08-26 08:00:00,1.23,7.0,17.5,17.0,18.54,34.7,54.0,3.9,4.5,28.0,CENTRO,8
2024-08-26 09:00:00,1.29,12.0,12.7,16.5,20.35,29.5,62.0,3.8,4.2,341.0,CENTRO,9
2024-08-26 10:00:00,1.23,17.0,13.5,20.8,29.41,34.5,62.0,4.0,5.0,10.0,CENTRO,10
2024-08-26 11:00:00,1.09,34.0,10.0,21.1,25.54,31.3,78.0,4.3,7.7,23.0,CENTRO,11
2024-08-26 12:00:00,0.92,58.0,3.7,12.4,20.37,16.3,185.0,4.4,10.0,68.0,CENTRO,12
2024-08-26 13:00:00,0.85,62.0,2.9,9.9,21.62,13.1,292.0,4.6,12.9,54.0,CENTRO,13
2024-08-26 14:00:00,0.8,48.0,2.9,6.9,21.07,10.0,64.0,5.1,14.4,61.0,CENTRO,14
2024-08-26 15:00:00,0.78,39.0,2.9,5.9,15.18,9.0,56.0,4.1,14.4,75.0,CENTRO,15
2024-08-26 16:00:00,0.77,41.0,2.9,6.8,14.17,9.9,49.0,3.8,13.6,70.0,CENTRO,16
2024-08-26 17:00:00,0.77,44.0,2.7,7.3,15.65,10.2,43.0,4.7,11.9,91.0,CENTRO,17
2024-08-26 18:00:00,0.78,39.0,2.8,8.4,14.34,11.4,46.0,5.2,10.9,116.0,CENTRO,18
2024-08-26 19:00:00,0.81,32.0,2.4,8.1,13.27,10.6,45.0,3.8,9.5,136.0,CENTRO,19
2024-08-26 20:00:00,0.84,27.0,2.1,11.3,13.23,13.6,39.0,3.6,8.2,124.0,CENTRO,20
2024-08-26 21:00:00,0.82,27.0,2.0,10.3,13.47,12.4,40.0,3.5,8.5,114.0,CENTRO,21
2024-08-26 22:00:00,0.8,27.0,2.1,9.5,13.36,11.8,38.0,3.4,12.3,83.0,CENTRO,22
2024-08-26 23:00:00,0.79,22.0,2.3,6.3,11.72,8.8,60.0,3.5,13.7,74.0,CENTRO,23
2024-08-27 00:00:00,0.79,19.0,1.9,5.9,9.72,8.0,51.0,3.4,14.1,73.0,CENTRO,0
2024-08-27 01:00:00,0.79,17.0,1.9,5.6,10.4,7.7,44.0,3.5,9.4,56.0,CENTRO,1
2024-08-27 02:00:00,0.79,18.0,1.9,4.8,11.35,6.9,40.0,3.6,7.3,49.0,CENTRO,2
2024-08-27 03:00:00,0.78,20.0,1.8,3.8,12.42,5.9,39.0,3.4,8.3,63.0,CENTRO,3
2024-08-27 04:00:00,0.76,19.0,1.8,4.5,12.66,6.5,32.0,3.2,5.5,54.0,CENTRO,4
2024-08-27 05:00:00,0.76,16.0,1.9,5.0,12.15,7.1,33.0,3.2,2.3,9.0,CENTRO,5
2024-08-27 06:00:00,0.83,7.0,2.8,14.8,16.87,17.8,36.0,3.4,3.3,27.0,CENTRO,6
2024-08-27 07:00:00,0.91,7.0,7.1,13.9,15.36,21.2,58.0,3.4,1.9,222.0,CENTRO,7
2024-08-27 08:00:00,0.97,7.0,12.4,13.9,15.59,26.6,60.0,3.5,3.9,29.0,CENTRO,8
2024-08-27 09:00:00,1.07,11.0,12.9,15.0,18.45,28.2,51.0,3.5,3.1,15.0,CENTRO,9
2024-08-27 10:00:00,1.04,16.0,9.4,15.9,23.33,25.5,57.0,3.5,4.4,353.0,CENTRO,10
2024-08-27 11:00:00,1.2,23.0,17.0,25.5,34.05,42.6,61.0,4.2,7.0,49.0,CENTRO,11
2024-08-27 12:00:00,1.05,58.0,4.4,15.5,26.45,20.2,73.0,4.2,9.8,63.0,CENTRO,12
2024-08-27 13:00:00,0.91,61.0,3.0,10.0,22.99,13.3,75.0,4.2,12.6,64.0,CENTRO,13
2024-08-27 14:00:00,0.84,44.0,3.2,8.2,21.88,11.7,62.0,5.9,14.7,72.0,CENTRO,14
2024-08-27 15:00:00,0.8,38.0,3.1,6.1,14.17,9.5,53.0,5.0,12.4,97.0,CENTRO,15
2024-08-27 16:00:00,0.84,34.0,3.2,9.1,14.27,12.5,41.0,3.9,14.5,44.0,CENTRO,16
2024-08-27 17:00:00,0.88,28.0,2.9,7.9,16.33,11.0,66.0,3.3,18.4,24.0,CENTRO,17
2024-08-27 18:00:00,0.9,26.0,3.5,8.9,10.25,12.7,58.0,3.1,5.9,179.0,CENTRO,18
2024-08-27 19:00:00,1.14,12.0,6.8,16.7,10.37,23.8,41.0,3.4,2.3,273.0,CENTRO,19
2024-08-27 20:00:00,0.97,17.0,3.3,12.5,10.72,16.1,29.0,3.3,7.0,121.0,CENTRO,20
2024-08-27 21:00:00,0.97,16.0,2.8,13.9,11.17,16.9,36.0,3.2,7.7,93.0,CENTRO,21
2024-08-27 22:00:00,1.01,6.0,9.0,21.9,15.97,31.2,44.0,3.5,5.0,21.0,CENTRO,22
2024-08-27 23:00:00,1.08,6.0,12.7,20.8,17.13,33.7,54.0,4.0,4.7,27.0,CENTRO,23
2024-08-28 00:00:00,0.91,7.0,4.9,14.1,10.35,19.2,47.0,3.3,2.3,319.0,CENTRO,0
2024-08-28 01:00:00,0.89,11.0,2.6,12.9,10.66,15.8,39.0,3.2,4.7,9.0,CENTRO,1
2024-08-28 02:00:00,0.88,10.0,3.8,14.7,12.36,18.7,40.0,3.4,3.6,35.0,CENTRO,2
2024-08-28 03:00:00,0.89,12.0,2.2,14.9,16.8,17.3,52.0,3.4,6.1,48.0,CENTRO,3
2024-08-28 04:00:00,0.84,10.0,3.0,15.7,16.14,18.9,47.0,3.6,4.8,14.0,CENTRO,4
2024-08-28 05:00:00,0.8,12.0,2.7,10.0,12.74,12.9,51.0,3.3,2.9,47.0,CENTRO,5
2024-08-28 06:00:00,0.79,12.0,2.7,9.9,11.61,12.8,42.0,3.3,3.2,12.0,CENTRO,6
2024-08-28 07:00:00,0.86,6.0,6.1,15.3,14.77,21.7,45.0,3.4,1.9,255.0,CENTRO,7
2024-08-28 08:00:00,0.97,9.0,11.7,14.4,15.54,26.4,47.0,3.7,3.5,33.0,CENTRO,8
2024-08-28 09:00:00,1.04,13.0,12.1,15.6,20.33,28.0,44.0,3.5,3.9,277.0,CENTRO,9
2024-08-28 10:00:00,1.09,22.0,11.8,18.2,25.33,30.2,65.0,3.5,4.5,12.0,CENTRO,10
2024-08-28 11:00:00,1.13,37.0,8.7,21.8,26.35,30.8,62.0,3.8,6.0,1.0,CENTRO,11
2024-08-28 12:00:00,1.05,52.0,5.3,16.4,21.38,21.9,70.0,3.6,9.7,64.0,CENTRO,12
2024-08-28 13:00:00,0.88,45.0,3.2,7.8,11.31,11.3,53.0,3.4,11.9,53.0,CENTRO,13
2024-08-28 14:00:00,0.85,37.0,3.5,7.0,9.38,10.8,36.0,3.4,14.7,67.0,CENTRO,14
2024-08-28 15:00:00,0.8,36.0,3.1,6.3,8.68,9.6,31.0,3.4,10.4,86.0,CENTRO,15
2024-08-28 16:00:00,0.79,40.0,2.7,5.0,9.13,7.9,28.0,3.3,10.2,121.0,CENTRO,16
2024-08-28 17:00:00,0.81,40.0,2.7,6.2,9.21,9.1,34.0,3.2,9.6,119.0,CENTRO,17
2024-08-28 18:00:00,0.82,37.0,2.8,6.9,9.78,10.0,40.0,3.2,12.5,131.0,CENTRO,18
2024-08-28 19:00:00,0.86,27.0,3.0,9.7,8.39,12.9,42.0,3.2,17.3,95.0,CENTRO,19
2024-08-28 20:00:00,0.83,23.0,2.4,6.8,5.74,9.4,45.0,3.1,15.0,107.0,CENTRO,20
2024-08-28 21:00:00,0.8,23.0,2.2,5.8,5.38,8.2,35.0,3.1,11.4,129.0,CENTRO,21
2024-08-28 22:00:00,0.85,21.0,2.4,7.0,5.54,9.7,32.0,3.1,11.0,79.0,CENTRO,22
2024-08-28 23:00:00,0.92,13.0,3.2,17.4,7.84,20.8,30.0,3.4,7.8,37.0,CENTRO,23
2024-08-29 00:00:00,0.91,11.0,2.4,17.3,8.06,19.9,36.0,3.3,8.9,49.0,CENTRO,0
2024-08-29 01:00:00,0.85,18.0,2.1,8.9,7.14,11.2,33.0,3.2,8.2,73.0,CENTRO,1
2024-08-29 02:00:00,0.75,29.0,1.9,2.9,4.62,5.1,28.0,3.1,9.3,115.0,CENTRO,2
2024-08-29 03:00:00,0.74,28.0,1.9,3.0,4.46,5.1,29.0,3.1,5.5,74.0,CENTRO,3
2024-08-29 04:00:00,0.74,25.0,1.9,3.7,4.78,5.8,26.0,3.1,4.7,123.0,CENTRO,4
2024-08-29 05:00:00,0.77,19.0,2.0,6.0,5.54,8.3,25.0,3.1,3.1,171.0,CENTRO,5
2024-08-29 06:00:00,0.78,17.0,2.1,7.8,5.86,10.1,26.0,3.1,3.1,90.0,CENTRO,6
2024-08-29 07:00:00,0.86,10.0,2.9,13.6,6.37,16.6,31.0,3.1,2.7,103.0,CENTRO,7
2024-08-29 08:00:00,0.92,9.0,10.7,17.6,8.34,28.6,31.0,3.3,2.4,360.0,CENTRO,8
2024-08-29 09:00:00,1.03,12.0,15.7,18.1,9.52,34.1,39.0,3.3,4.7,18.0,CENTRO,9
2024-08-29 10:00:00,1.06,15.0,14.3,20.9,16.45,35.5,47.0,3.5,6.1,11.0,CENTRO,10
2024-08-29 11:00:00,1.11,23.0,13.4,21.7,27.4,35.3,61.0,3.9,7.4,21.0,CENTRO,11
2024-08-29 12:00:00,1.13,37.0,7.2,18.1,25.13,25.5,76.0,3.9,7.3,358.0,CENTRO,12
2024-08-29 13:00:00,1.07,60.0,4.3,16.7,27.01,21.1,67.0,3.8,6.5,22.0,CENTRO,13
2024-08-29 14:00:00,0.96,78.0,2.9,13.3,21.38,16.4,64.0,3.8,7.9,60.0,CENTRO,14
2024-08-29 15:00:00,0.93,92.0,2.5,11.8,23.75,14.4,62.0,4.1,9.4,64.0,CENTRO,15
2024-08-29 16:00:00,0.89,85.0,2.3,10.2,26.94,12.7,63.0,4.4,10.7,83.0,CENTRO,16
2024-08-29 17:00:00,0.9,74.0,2.4,9.1,26.14,11.7,65.0,4.1,10.7,142.0,CENTRO,17
2024-08-29 18:00:00,0.88,63.0,2.3,8.5,27.09,11.0,57.0,4.2,11.9,130.0,CENTRO,18
2024-08-29 19:00:00,0.87,56.0,2.1,9.4,26.92,11.7,58.0,4.2,10.5,127.0,CENTRO,19
2024-08-29 20:00:00,0.9,51.0,1.9,10.5,25.72,12.6,55.0,4.0,8.6,108.0,CENTRO,20
2024-08-29 21:00:00,0.88,47.0,1.9,9.9,22.14,12.0,52.0,3.9,7.2,100.0,CENTRO,21
2024-08-29 22:00:00,0.86,42.0,1.9,10.4,19.23,12.4,45.0,3.8,5.0,88.0,CENTRO,22
2024-08-29 23:00:00,0.94,26.0,2.8,18.4,16.15,21.3,42.0,3.6,8.9,54.0,CENTRO,23
2024-08-30 00:00:00,0.9,23.0,2.0,12.6,14.53,14.7,47.0,3.5,9.5,46.0,CENTRO,0
2024-08-30 01:00:00,0.86,26.0,1.9,8.1,9.96,10.2,43.0,3.4,5.7,42.0,CENTRO,1
2024-08-30 02:00:00,0.88,15.0,2.6,16.5,12.11,19.3,36.0,3.5,6.3,21.0,CENTRO,2
2024-08-30 03:00:00,0.87,11.0,2.5,18.6,11.86,21.2,45.0,3.4,4.3,47.0,CENTRO,3
2024-08-30 04:00:00,0.96,9.0,2.3,18.6,11.18,21.0,47.0,3.5,2.6,352.0,CENTRO,4
2024-08-30 05:00:00,1.03,10.0,2.1,15.9,10.21,18.1,50.0,3.5,1.9,320.0,CENTRO,5
2024-08-30 06:00:00,1.01,7.0,2.5,18.6,10.27,21.3,45.0,3.4,2.0,312.0,CENTRO,6
2024-08-30 07:00:00,0.99,5.0,10.8,20.4,11.45,31.5,42.0,3.5,1.9,314.0,CENTRO,7
2024-08-30 08:00:00,1.1,8.0,15.9,20.2,12.23,36.4,50.0,3.4,3.5,329.0,CENTRO,8
2024-08-30 09:00:00,1.22,14.0,17.2,23.4,15.89,40.8,54.0,3.5,5.4,359.0,CENTRO,9
2024-08-30 10:00:00,1.14,32.0,8.9,19.6,19.21,28.7,84.0,3.3,5.4,6.0,CENTRO,10
2024-08-30 11:00:00,1.29,45.0,6.8,20.7,23.31,27.8,102.0,3.7,5.5,7.0,CENTRO,11
2024-08-30 12:00:00,1.12,69.0,3.5,14.4,20.27,18.1,100.0,4.0,5.7,91.0,CENTRO,12
2024-08-30 13:00:00,1.03,73.0,3.3,13.3,16.77,16.8,80.0,3.9,9.1,41.0,CENTRO,13
2024-08-30 14:00:00,0.92,75.0,3.0,11.5,12.88,14.6,64.0,4.1,9.1,51.0,CENTRO,14
2024-08-30 15:00:00,0.87,77.0,2.6,10.1,11.31,12.9,52.0,4.0,10.1,61.0,CENTRO,15
2024-08-30 16:00:00,0.86,64.0,2.6,9.1,10.24,11.9,48.0,3.7,12.9,68.0,CENTRO,16
2024-08-30 17:00:00,0.88,54.0,2.6,9.2,9.2,12.1,46.0,3.5,12.2,77.0,CENTRO,17
2024-08-30 18:00:00,0.89,40.0,2.6,9.2,9.61,12.0,44.0,3.7,11.4,140.0,CENTRO,18
2024-08-30 19:00:00,0.94,31.0,2.8,12.5,8.83,15.6,42.0,3.5,11.0,314.0,CENTRO,19
2024-08-30 20:00:00,0.91,34.0,2.1,9.4,8.35,11.6,46.0,3.3,10.9,159.0,CENTRO,20
2024-08-30 21:00:00,0.97,26.0,2.1,14.4,6.27,16.6,33.0,3.2,5.4,10.0,CENTRO,21
2024-08-30 22:00:00,1.07,19.0,2.1,17.1,8.59,19.3,34.0,3.2,5.3,62.0,CENTRO,22
2024-08-30 23:00:00,0.96,18.0,3.6,16.0,8.88,19.9,15.0,3.3,6.9,24.0,CENTRO,23
2024-08-31 00:00:00,0.98,12.0,2.7,21.0,11.36,23.8,31.0,3.4,4.2,127.0,CENTRO,0
2024-08-31 01:00:00,0.95,15.0,2.0,11.0,8.88,13.2,31.0,3.2,2.4,87.0,CENTRO,1
2024-08-31 02:00:00,0.94,15.0,2.1,10.7,8.89,13.0,30.0,3.2,2.6,131.0,CENTRO,2
2024-08-31 03:00:00,0.95,14.0,2.1,12.2,9.59,14.5,33.0,3.2,2.9,75.0,CENTRO,3
2024-08-31 04:00:00,0.93,9.0,2.4,18.8,15.54,21.3,36.0,3.3,3.9,33.0,CENTRO,4
2024-08-31 05:00:00,0.91,9.0,2.2,16.5,14.69,18.8,51.0,3.4,1.9,226.0,CENTRO,5
2024-08-31 06:00:00,0.96,6.0,2.8,19.9,17.65,23.0,47.0,3.4,2.4,252.0,CENTRO,6
2024-08-31 07:00:00,0.97,5.0,4.3,19.7,15.53,24.3,47.0,3.3,4.1,301.0,CENTRO,7
2024-08-31 08:00:00,1.02,7.0,10.1,17.9,18.2,28.2,48.0,3.4,2.9,331.0,CENTRO,8
2024-08-31 09:00:00,1.07,12.0,9.6,17.5,24.72,27.4,53.0,3.4,2.9,41.0,CENTRO,9
2024-08-31 10:00:00,1.05,19.0,6.8,15.3,25.83,22.3,79.0,3.3,3.9,14.0,CENTRO,10
2024-08-31 11:00:00,1.05,30.0,6.2,13.5,18.0,19.9,76.0,3.4,4.6,357.0,CENTRO,11
2024-08-31 12:00:00,1.09,39.0,5.2,14.6,18.32,20.0,67.0,3.4,8.1,34.0,CENTRO,12
2024-08-31 13:00:00,0.93,46.0,3.5,9.8,15.01,13.6,66.0,3.3,6.7,44.0,CENTRO,13
2024-08-31 14:00:00,0.99,26.0,5.6,17.8,13.62,23.6,52.0,3.4,12.3,18.0,CENTRO,14
2024-08-31 15:00:00,1.0,19.0,6.9,22.7,10.08,29.8,54.0,3.4,5.4,314.0,CENTRO,15
2024-08-31 16:00:00,1.07,25.0,5.4,16.2,9.68,21.9,41.0,3.4,5.3,226.0,CENTRO,16
2024-08-31 17:00:00,0.99,30.0,3.1,11.1,8.58,14.5,29.0,3.3,6.5,108.0,CENTRO,17
2024-08-31 18:00:00,0.93,32.0,2.8,9.9,8.5,12.9,31.0,3.3,6.0,75.0,CENTRO,18
2024-08-31 19:00:00,1.0,28.0,2.2,11.3,11.4,13.7,33.0,3.3,7.2,121.0,CENTRO,19
2024-08-31 20:00:00,1.09,16.0,2.1,17.7,11.67,19.9,35.0,3.3,4.6,102.0,CENTRO,20
2024-08-31 21:00:00,1.12,10.0,2.7,18.7,12.21,21.5,43.0,3.4,1.9,308.0,CENTRO,21
2024-08-31 22:00:00,1.11,13.0,2.8,15.0,12.02,17.9,47.0,3.3,3.2,75.0,CENTRO,22
2024-08-31 23:00:00,1.15,12.0,2.4,17.6,13.86,20.1,36.0,3.3,3.8,86.0,CENTRO,23
2024-09-01 00:00:00,1.19,9.5,6.6,22.05,15.89,28.8,49.5,3.6,6.75,53.0,CENTRO,0
2024-09-01 01:00:00,1.23,7.0,10.8,26.5,17.92,37.5,63.0,3.9,9.7,20.0,CENTRO,1
2024-09-01 02:00:00,0.92,35.0,1.9,6.1,23.19,8.2,46.0,3.1,9.0,327.0,CENTRO,2
2024-09-01 03:00:00,0.87,31.0,1.9,6.2,7.14,8.3,30.0,3.1,2.7,229.0,CENTRO,3
2024-09-01 04:00:00,0.88,26.0,1.9,7.9,3.61,10.0,26.0,3.1,1.8,245.0,CENTRO,4
2024-09-01 05:00:00,0.93,24.0,1.9,9.4,4.56,11.5,23.0,3.2,2.4,297.0,CENTRO,5
2024-09-01 06:00:00,0.91,21.0,1.9,9.1,4.67,11.3,30.0,3.2,2.9,281.0,CENTRO,6
2024-09-01 07:00:00,0.98,15.0,2.1,12.1,4.27,14.4,27.0,3.0,2.0,12.0,CENTRO,7
2024-09-01 08:00:00,1.07,13.0,3.2,13.9,5.69,17.2,42.0,3.1,2.5,243.0,CENTRO,8
2024-09-01 09:00:00,1.05,20.0,5.6,14.2,10.18,20.1,29.0,3.3,2.4,288.0,CENTRO,9
2024-09-01 10:00:00,0.95,34.0,3.4,9.3,17.82,12.9,38.0,3.1,1.8,299.0,CENTRO,10
2024-09-01 11:00:00,0.93,44.0,3.4,8.8,10.2,12.5,32.0,3.1,3.2,47.0,CENTRO,11
2024-09-01 12:00:00,1.0,58.0,2.9,8.2,7.7,11.3,31.0,3.1,6.7,14.0,CENTRO,12
2024-09-01 13:00:00,0.92,51.0,2.1,6.2,9.6,8.6,38.0,3.2,6.8,26.0,CENTRO,13
2024-09-01 14:00:00,0.93,37.0,2.4,9.5,8.61,12.1,50.0,3.3,8.3,185.0,CENTRO,14
2024-09-01 15:00:00,0.61,33.0,2.7,10.8,8.562608695652173,13.8,152.5,3.3,9.3,20.0,CENTRO,15
2024-09-01 16:00:00,0.48,40.0,2.2,5.4,8.515217391304347,7.8,255.0,3.2,6.9,239.0,CENTRO,16
2024-09-01 17:00:00,0.52,35.0,2.4,6.4,8.46782608695652,9.0,27.0,3.2,1.9,219.0,CENTRO,17
2024-09-01 18:00:00,0.59,33.0,2.4,8.9,8.420434782608694,11.5,24.0,3.3,4.6,206.0,CENTRO,18
2024-09-01 19:00:00,0.72,19.0,2.9,15.8,16.525,18.9,24.0,3.3,3.2,28.0,CENTRO,19
2024-09-01 20:00:00,1.1,13.0,2.2,26.2,16.0,28.6,29.0,3.7,2.8,68.0,CENTRO,20
2024-09-01 21:00:00,0.72,23.0,1.9,11.6,16.31,13.8,25.0,3.3,2.2,89.0,CENTRO,21
2024-09-01 22:00:00,0.83,12.0,2.5,15.3,16.29,18.0,37.0,3.3,1.8,209.0,CENTRO,22
2024-09-01 23:00:00,0.84,13.0,2.1,15.8,16.08,18.1,26.0,3.3,4.4,212.0,CENTRO,23
2024-09-02 00:00:00,0.76,13.0,2.1,10.5,16.0,12.8,24.0,3.2,2.0,256.0,CENTRO,0
2024-09-02 01:00:00,0.73,13.0,2.1,10.7,16.0,13.1,43.0,3.3,2.0,276.0,CENTRO,1
2024-09-02 02:00:00,0.68,18.0,2.1,10.8,16.54,13.1,23.0,3.3,2.0,270.0,CENTRO,2
2024-09-02 03:00:00,0.8,23.0,1.9,10.3,16.8,12.4,31.0,3.2,8.4,13.0,CENTRO,3
2024-09-02 04:00:00,0.57,31.0,1.9,5.0,17.91,7.1,31.0,3.2,3.2,141.0,CENTRO,4
2024-09-02 05:00:00,0.73,27.0,1.9,7.3,18.58,9.4,25.0,3.2,3.9,115.0,CENTRO,5
2024-09-02 06:00:00,0.73,19.0,2.0,9.7,19.46,11.9,25.0,3.1,2.1,200.0,CENTRO,6
2024-09-02 07:00:00,0.81,12.0,3.4,15.9,20.869999999999997,19.5,28.0,3.3,2.0,355.0,CENTRO,7
2024-09-02 08:00:00,0.98,8.0,16.4,27.7,22.875,44.3,35.0,3.3,2.4,14.0,CENTRO,8
2024-09-02 09:00:00,1.19,9.0,18.8,28.4,24.189999999999998,47.4,51.0,3.6,3.7,53.0,CENTRO,9
2024-09-02 10:00:00,1.16,9.0,24.9,28.0,24.855,53.1,61.0,3.9,6.2,47.0,CENTRO,10
2024-09-02 11:00:00,0.96,21.0,9.7,18.4,27.284999999999997,28.4,65.0,3.6,7.0,26.0,CENTRO,11
2024-09-02 12:00:00,0.78,30.0,4.7,13.2,27.89,18.1,55.0,3.5,6.4,27.0,CENTRO,12
2024-09-02 13:00:00,0.79,31.0,4.6,14.6,25.137999999999998,19.4,43.0,3.5,4.6,109.0,CENTRO,13
2024-09-02 14:00:00,0.79,44.0,3.7,12.2,21.83,16.2,41.0,3.3,4.8,261.0,CENTRO,14
2024-09-02 15:00:00,0.79,56.0,2.6,9.6,20.25,12.4,37.0,3.3,5.6,17.0,CENTRO,15
2024-09-02 16:00:00,0.78,45.0,2.6,10.3,19.0,13.1,45.0,3.3,3.6,75.0,CENTRO,16
2024-09-02 17:00:00,1.04,32.0,4.1,20.0,17.744999999999997,24.3,53.0,3.7,4.9,166.0,CENTRO,17
2024-09-02 18:00:00,1.12,19.0,7.1,27.4,17.0,34.8,43.0,3.4,4.0,179.0,CENTRO,18
2024-09-02 19:00:00,1.17,16.0,8.3,26.8,16.525,35.3,63.0,3.4,5.7,105.0,CENTRO,19
2024-09-02 20:00:00,1.13,14.0,2.6,28.9,16.0,31.7,19.0,3.6,2.3,115.0,CENTRO,20
2024-09-02 21:00:00,1.22,8.0,2.6,30.9,16.31,33.7,39.0,3.5,1.7,215.0,CENTRO,21
2024-09-02 22:00:00,0.93,11.0,2.1,20.7,16.29,23.1,39.0,3.2,1.7,262.0,CENTRO,22
2024-09-02 23:00:00,1.05,5.0,4.4,26.4,16.08,31.0,36.0,3.3,1.8,225.0,CENTRO,23
2024-09-03 00:00:00,0.78,17.0,2.1,12.9,16.0,15.2,42.0,3.3,3.0,9.0,CENTRO,0
2024-09-03 01:00:00,0.89,19.0,2.0,10.6,16.0,12.8,16.0,3.2,2.9,356.0,CENTRO,1
2024-09-03 02:00:00,0.7,23.0,2.0,10.1,16.54,12.3,23.0,3.3,4.9,56.0,CENTRO,2
2024-09-03 03:00:00,0.67,27.0,2.0,7.0,16.8,9.2,27.0,3.2,4.9,109.0,CENTRO,3
2024-09-03 04:00:00,0.67,29.0,1.9,4.5,17.91,6.5,32.0,3.1,2.6,72.0,CENTRO,4
2024-09-03 05:00:00,0.58,26.0,1.9,4.4,18.58,6.5,18.0,2.9,1.8,224.0,CENTRO,5
2024-09-03 06:00:00,0.68,19.0,2.0,7.7,19.46,9.9,22.0,3.1,1.8,148.0,CENTRO,6
2024-09-03 07:00:00,0.77,7.0,7.2,19.5,20.869999999999997,27.0,27.0,3.2,1.8,299.0,CENTRO,7
2024-09-03 08:00:00,0.92,10.0,14.7,20.6,6.619565217391304,35.5,32.0,3.4,1.9,291.0,CENTRO,8
2024-09-03 09:00:00,0.85,20.0,10.8,16.6,6.572173913043478,27.7,22.0,3.3,2.9,344.0,CENTRO,9
2024-09-03 10:00:00,0.8,32.0,6.5,14.4,6.524782608695652,21.1,21.0,3.3,3.8,18.0,CENTRO,10
2024-09-03 11:00:00,1.2,25.0,10.3,30.8,6.477391304347826,41.3,33.0,3.6,6.3,8.0,CENTRO,11
2024-09-03 12:00:00,0.95,37.0,9.2,27.0,6.43,36.5,66.0,3.4,5.3,58.0,CENTRO,12
2024-09-03 13:00:00,0.89,64.0,4.0,17.2,15.22,21.5,64.0,3.3,6.2,67.0,CENTRO,13
2024-09-03 14:00:00,0.84,78.0,2.5,13.0,17.62,15.7,50.0,3.3,7.9,88.0,CENTRO,14
2024-09-03 15:00:00,0.82,70.0,2.3,10.9,15.07,13.4,49.0,3.3,8.2,102.0,CENTRO,15
2024-09-03 16:00:00,0.9,58.0,2.8,14.8,12.29,17.7,45.0,3.4,6.3,40.0,CENTRO,16
2024-09-03 17:00:00,0.94,34.0,4.9,21.0,9.63,26.1,31.0,3.7,8.1,360.0,CENTRO,17
2024-09-03 18:00:00,0.87,31.0,3.5,16.8,10.63,20.5,25.0,3.4,3.7,345.0,CENTRO,18
2024-09-03 19:00:00,1.21,13.0,6.8,31.3,9.26,38.3,36.0,3.5,2.9,6.0,CENTRO,19
2024-09-03 20:00:00,1.81,6.0,19.6,41.4,7.41,61.2,43.0,4.9,4.9,2.0,CENTRO,20
2024-09-03 21:00:00,2.17,5.0,13.9,38.5,9.54,52.5,62.0,4.1,2.8,303.0,CENTRO,21
2024-09-03 22:00:00,1.45,10.0,8.6,27.6,13.49,36.4,54.0,3.7,3.3,240.0,CENTRO,22
2024-09-03 23:00:00,1.04,18.0,3.6,20.8,15.82,24.6,27.0,3.4,8.8,356.0,CENTRO,23
2024-09-04 00:00:00,0.84,31.0,2.0,9.0,13.665,11.2,21.0,3.1,5.6,322.0,CENTRO,0
2024-09-04 01:00:00,0.75,28.0,2.0,11.6,11.51,13.8,25.0,3.2,3.2,243.0,CENTRO,1
2024-09-04 02:00:00,0.72,29.0,2.0,8.4,10.92,10.6,24.0,3.1,3.3,211.0,CENTRO,2
2024-09-04 03:00:00,0.71,26.0,2.0,9.5,7.78,11.6,32.0,3.1,2.6,233.0,CENTRO,3
2024-09-04 04:00:00,0.69,22.0,2.0,11.3,5.37,13.5,21.0,3.1,2.8,226.0,CENTRO,4
2024-09-04 05:00:00,0.7,19.0,2.0,10.9,4.93,13.1,35.0,3.1,2.0,324.0,CENTRO,5
2024-09-04 06:00:00,0.68,13.0,2.1,11.6,5.77,14.0,31.0,3.2,1.8,240.0,CENTRO,6
2024-09-04 07:00:00,0.79,8.0,5.2,20.1,6.81,25.6,34.0,3.3,1.8,324.0,CENTRO,7
2024-09-04 08:00:00,0.91,7.0,12.5,23.5,8.59,36.3,13.0,3.3,2.5,251.0,CENTRO,8
2024-09-04 09:00:00,0.97,12.0,12.0,21.4,5.65,33.6,50.0,3.4,4.5,220.0,CENTRO,9
2024-09-04 10:00:00,0.87,17.0,7.7,17.2,5.95,25.2,20.0,3.3,5.2,222.0,CENTRO,10
2024-09-04 11:00:00,0.92,19.0,10.3,20.3,7.4,30.9,27.0,3.4,5.9,232.0,CENTRO,11
2024-09-04 12:00:00,0.9,23.0,10.1,19.6,10.79,30.0,44.0,3.4,7.0,234.0,CENTRO,12
2024-09-04 13:00:00,0.8,33.0,5.8,13.9,5.98,20.0,46.0,3.3,8.4,233.0,CENTRO,13
2024-09-04 14:00:00,0.79,45.0,4.1,10.8,10.11,15.2,41.0,3.2,8.0,226.0,CENTRO,14
2024-09-04 15:00:00,0.84,40.0,3.1,13.8,11.14,17.2,40.0,3.2,6.9,123.0,CENTRO,15
2024-09-04 16:00:00,0.81,33.0,2.9,13.3,9.2,16.4,45.0,3.3,7.0,163.0,CENTRO,16
2024-09-04 17:00:00,0.83,24.0,3.4,13.4,7.92,17.1,36.0,3.3,5.4,33.0,CENTRO,17
2024-09-04 18:00:00,0.97,13.0,7.1,20.3,8.05,27.6,31.0,3.5,2.9,196.0,CENTRO,18
2024-09-04 19:00:00,1.15,7.0,10.6,26.7,7.41,37.5,26.0,3.7,4.9,92.0,CENTRO,19
2024-09-04 20:00:00,1.0,16.0,3.7,16.9,6.57,20.8,34.0,3.3,5.2,174.0,CENTRO,20
2024-09-04 21:00:00,0.8,20.0,2.4,12.9,6.25,15.5,14.0,3.4,5.6,200.0,CENTRO,21
2024-09-04 22:00:00,0.79,16.0,2.2,11.6,7.89,14.0,10.0,3.1,2.0,221.0,CENTRO,22
2024-09-04 23:00:00,0.88,12.0,3.4,17.2,5.03,20.8,31.0,3.3,4.8,202.0,CENTRO,23
2024-09-05 00:00:00,0.87,8.0,2.7,20.7,4.615,23.6,19.0,3.3,4.7,100.0,CENTRO,0
2024-09-05 01:00:00,0.83,9.0,2.4,18.8,4.2,21.4,22.0,3.2,3.6,147.0,CENTRO,1
2024-09-05 02:00:00,0.86,8.0,2.4,18.3,4.63,20.9,38.0,3.2,4.4,210.0,CENTRO,2
2024-09-05 03:00:00,0.74,16.0,2.2,13.3,6.94,15.7,31.0,3.1,6.6,242.0,CENTRO,3
2024-09-05 04:00:00,0.71,8.0,2.3,15.9,8.08,18.4,23.0,3.1,2.4,276.0,CENTRO,4
2024-09-05 05:00:00,0.72,11.0,2.2,11.3,9.41,13.7,52.0,3.1,1.9,85.0,CENTRO,5
2024-09-05 06:00:00,0.67,10.0,2.4,11.8,10.39,14.3,28.0,3.2,2.9,72.0,CENTRO,6
2024-09-05 07:00:00,0.81,10.0,3.3,15.3,7.47,18.8,31.0,3.3,3.6,77.0,CENTRO,7
2024-09-05 08:00:00,0.78,12.0,8.3,16.4,9.54,24.9,33.0,3.6,8.5,27.0,CENTRO,8
2024-09-05 09:00:00,0.82,19.0,3.7,12.3,9.66,16.2,21.0,3.2,4.5,320.0,CENTRO,9
2024-09-05 10:00:00,0.89,20.0,4.8,10.2,8.08,15.2,22.0,3.1,6.2,189.0,CENTRO,10
2024-09-05 11:00:00,0.77,18.0,5.3,12.1,6.68,17.6,19.0,3.1,3.3,120.0,CENTRO,11
2024-09-05 12:00:00,0.79,18.0,4.5,14.7,6.98,19.4,23.0,3.3,2.6,38.0,CENTRO,12
2024-09-05 13:00:00,0.89,16.0,6.8,19.6,3.99,26.8,34.0,3.5,5.9,23.0,CENTRO,13
2024-09-05 14:00:00,0.91,27.0,4.2,10.5,3.5,14.9,41.0,3.2,5.1,273.0,CENTRO,14
2024-09-05 15:00:00,0.84,30.0,3.7,8.3,4.97,12.3,28.0,3.3,7.3,200.0,CENTRO,15
2024-09-05 16:00:00,0.81,25.0,5.6,13.8,8.37,19.6,25.0,3.3,7.5,223.0,CENTRO,16
2024-09-05 17:00:00,0.87,22.0,7.5,15.0,12.91,22.8,30.0,3.4,8.5,205.0,CENTRO,17
2024-09-05 18:00:00,0.79,22.0,5.2,16.2,5.17,21.7,31.0,3.3,10.3,227.0,CENTRO,18
2024-09-05 19:00:00,0.8,24.0,4.1,14.8,5.92,19.0,36.0,3.4,10.3,238.0,CENTRO,19
2024-09-05 20:00:00,0.91,20.0,2.9,17.1,8.11,20.2,31.0,3.2,11.4,213.0,CENTRO,20
2024-09-05 21:00:00,0.79,17.0,2.4,17.2,8.47,19.7,27.0,3.3,7.8,218.0,CENTRO,21
2024-09-05 22:00:00,0.8,15.0,2.8,17.2,7.83,20.2,30.0,3.2,5.8,224.0,CENTRO,22
2024-09-05 23:00:00,0.93,6.0,15.6,27.1,8.98,42.9,32.0,3.9,6.8,307.0,CENTRO,23
2024-09-06 00:00:00,0.91,7.0,4.4,26.2,8.5,30.8,43.0,3.6,6.3,216.0,CENTRO,0
2024-09-06 01:00:00,0.97,15.0,2.1,17.6,8.02,19.9,32.0,3.3,8.4,238.0,CENTRO,1
2024-09-06 02:00:00,0.84,13.0,2.2,18.5,9.09,20.8,34.0,3.3,8.7,231.0,CENTRO,2
2024-09-06 03:00:00,0.8,14.0,2.1,16.0,9.38,18.2,31.0,3.1,5.1,238.0,CENTRO,3
2024-09-06 04:00:00,0.85,13.0,2.1,16.0,15.46,18.2,36.0,3.2,5.0,228.0,CENTRO,4
2024-09-06 05:00:00,0.71,12.0,2.1,15.6,14.43,17.9,38.0,3.2,4.9,235.0,CENTRO,5
2024-09-06 06:00:00,0.7,9.0,3.5,20.4,10.42,24.1,41.0,3.2,4.9,250.0,CENTRO,6
2024-09-06 07:00:00,0.8,8.0,6.8,23.7,11.49,30.7,53.0,3.5,7.1,223.0,CENTRO,7
2024-09-06 08:00:00,0.72,7.0,13.6,26.2,12.32,39.9,39.0,3.6,5.9,224.0,CENTRO,8
2024-09-06 09:00:00,0.84,6.0,21.8,24.7,13.92,46.7,46.0,3.7,4.0,300.0,CENTRO,9
2024-09-06 10:00:00,1.0,11.0,13.3,22.9,12.87,36.4,45.0,3.7,7.4,32.0,CENTRO,10
2024-09-06 11:00:00,0.87,21.0,7.6,15.4,15.87,23.3,44.0,3.3,6.3,204.0,CENTRO,11
2024-09-06 12:00:00,0.8,25.0,5.7,12.9,15.01,18.8,26.0,3.2,4.1,228.0,CENTRO,12
2024-09-06 13:00:00,0.83,24.0,8.2,18.9,14.83,27.4,24.0,3.3,8.0,226.0,CENTRO,13
2024-09-06 14:00:00,0.83,30.0,6.7,17.4,12.56,24.3,37.0,3.3,7.1,180.0,CENTRO,14
2024-09-06 15:00:00,0.77,43.0,3.3,9.5,13.51,13.1,36.0,3.3,8.2,208.0,CENTRO,15
2024-09-06 16:00:00,0.79,31.0,4.6,14.2,7.58,19.0,39.0,3.3,8.0,176.0,CENTRO,16
2024-09-06 17:00:00,0.93,27.0,6.7,20.5,8.44,27.5,32.0,3.5,6.7,214.0,CENTRO,17
2024-09-06 18:00:00,0.87,23.0,6.8,21.9,11.69,28.9,36.0,3.5,6.3,206.0,CENTRO,18
2024-09-06 19:00:00,0.9,21.0,5.3,26.6,13.94,32.1,43.0,3.5,6.6,194.0,CENTRO,19
2024-09-06 20:00:00,0.95,10.0,4.2,32.0,11.82,36.4,42.0,3.4,3.7,153.0,CENTRO,20
2024-09-06 21:00:00,1.08,9.0,4.1,35.6,10.89,40.0,46.0,3.5,4.8,235.0,CENTRO,21
2024-09-06 22:00:00,0.95,9.0,3.5,30.1,12.08,33.8,47.0,3.5,4.0,240.0,CENTRO,22
2024-09-06 23:00:00,1.05,6.0,11.5,41.6,13.62,53.3,46.0,3.6,2.6,249.0,CENTRO,23
2024-09-07 00:00:00,1.01,13.0,11.2,21.7,14.145,33.1,55.0,3.7,5.2,293.0,CENTRO,0
2024-09-07 01:00:00,1.03,20.0,2.3,15.6,14.67,18.0,50.0,3.3,6.6,220.0,CENTRO,1
2024-09-07 02:00:00,0.85,21.0,2.2,13.4,14.06,15.8,39.0,3.2,8.3,230.0,CENTRO,2
2024-09-07 03:00:00,0.89,16.0,2.2,12.8,15.77,15.2,34.0,3.3,4.4,222.0,CENTRO,3
2024-09-07 04:00:00,0.74,19.0,2.2,11.0,17.59,13.4,41.0,3.3,5.1,238.0,CENTRO,4
2024-09-07 05:00:00,0.72,18.0,2.2,10.2,19.39,12.6,38.0,3.3,3.4,258.0,CENTRO,5
2024-09-07 06:00:00,0.79,15.0,2.2,10.2,18.55,12.6,42.0,3.3,3.3,239.0,CENTRO,6
2024-09-07 07:00:00,0.66,15.0,2.9,14.2,14.35,17.4,44.0,3.3,3.6,247.0,CENTRO,7
2024-09-07 08:00:00,0.7,14.0,8.2,22.6,13.91,31.0,36.0,3.4,5.9,7.0,CENTRO,8
2024-09-07 09:00:00,0.71,32.0,4.0,10.0,14.01,14.2,41.0,3.2,9.5,5.0,CENTRO,9
2024-09-07 10:00:00,0.67,38.0,3.0,6.9,14.46,10.2,37.0,3.1,9.1,342.0,CENTRO,10
2024-09-07 11:00:00,0.61,44.0,2.9,11.5,13.66,14.6,30.0,3.1,10.5,12.0,CENTRO,11
2024-09-07 12:00:00,0.58,50.0,2.5,4.3,13.61,7.0,27.0,3.2,6.9,351.0,CENTRO,12
2024-09-07 13:00:00,0.6,52.0,2.6,4.6,13.27,7.4,27.0,3.1,6.8,346.0,CENTRO,13
2024-09-07 14:00:00,0.58,55.0,2.6,5.0,13.03,7.8,28.0,3.3,9.3,13.0,CENTRO,14
2024-09-07 15:00:00,0.59,53.0,2.4,4.1,10.55,6.8,31.0,3.1,7.9,317.0,CENTRO,15
2024-09-07 16:00:00,0.58,50.0,2.6,5.5,7.26,8.4,30.0,3.2,9.2,7.0,CENTRO,16
2024-09-07 17:00:00,0.63,49.0,2.5,5.4,6.72,8.1,30.0,3.2,11.2,3.0,CENTRO,17
2024-09-07 18:00:00,0.59,42.0,2.7,11.7,7.29,14.5,34.0,3.4,8.9,73.0,CENTRO,18
2024-09-07 19:00:00,0.67,35.0,2.4,14.9,8.83,17.5,38.0,3.4,9.3,42.0,CENTRO,19
2024-09-07 20:00:00,0.67,36.0,3.4,10.7,10.34,14.4,37.0,3.3,8.5,191.0,CENTRO,20
2024-09-07 21:00:00,0.72,25.0,2.1,13.2,9.11,15.5,32.0,3.3,3.5,196.0,CENTRO,21
2024-09-07 22:00:00,0.71,26.0,2.2,17.1,10.13,19.5,36.0,3.5,7.1,65.0,CENTRO,22
2024-09-07 23:00:00,0.81,41.0,2.0,8.9,10.0,11.2,39.0,3.3,8.4,201.0,CENTRO,23
2024-09-08 00:00:00,0.67,37.0,2.0,7.7,10.735000000000001,9.9,29.0,3.4,2.2,171.0,CENTRO,0
2024-09-08 01:00:00,0.77,27.0,2.0,12.2,11.47,14.4,27.0,3.4,2.1,218.0,CENTRO,1
2024-09-08 02:00:00,0.75,27.0,2.0,11.6,12.52,13.9,29.0,3.4,1.9,254.0,CENTRO,2
2024-09-08 03:00:00,0.69,37.0,2.0,8.1,9.53,10.4,34.0,3.4,4.3,334.0,CENTRO,3
2024-09-08 04:00:00,0.75,47.0,2.0,4.1,10.12,6.3,32.0,3.4,6.4,348.0,CENTRO,4
2024-09-08 05:00:00,0.72,44.0,2.0,4.2,13.25,6.4,35.0,3.6,3.3,228.0,CENTRO,5
2024-09-08 06:00:00,0.65,48.0,2.0,3.4,12.19,5.6,37.0,3.4,5.1,351.0,CENTRO,6
2024-09-08 07:00:00,0.69,44.0,2.0,7.8,10.95,10.0,36.0,3.4,5.8,33.0,CENTRO,7
2024-09-08 08:00:00,0.79,37.0,3.1,13.5,11.34,16.8,46.0,3.5,4.9,49.0,CENTRO,8
2024-09-08 09:00:00,0.71,46.0,3.7,11.1,12.0,15.0,41.0,3.5,4.2,23.0,CENTRO,9
2024-09-08 10:00:00,0.73,54.0,3.1,7.4,13.1,10.8,37.0,3.5,7.5,19.0,CENTRO,10
2024-09-08 11:00:00,0.66,64.0,2.6,6.0,14.3,8.8,41.0,3.4,7.1,348.0,CENTRO,11
2024-09-08 12:00:00,0.72,70.0,2.3,5.5,15.32,7.9,41.0,3.4,7.1,6.0,CENTRO,12
2024-09-08 13:00:00,0.64,69.0,2.3,5.1,15.04,7.6,43.0,3.3,11.6,347.0,CENTRO,13
2024-09-08 14:00:00,0.64,67.0,2.3,5.1,15.63,7.6,46.0,3.6,10.7,11.0,CENTRO,14
2024-09-08 15:00:00,0.63,60.0,2.5,5.7,20.25,8.5,43.0,3.6,13.2,20.0,CENTRO,15
2024-09-08 16:00:00,0.67,62.0,2.4,5.2,15.0,7.9,38.0,3.6,12.2,15.0,CENTRO,16
2024-09-08 17:00:00,0.65,60.0,2.5,5.5,14.21,8.3,43.0,3.8,12.6,22.0,CENTRO,17
2024-09-08 18:00:00,0.69,57.0,2.5,7.0,14.08,9.7,41.0,3.6,11.6,28.0,CENTRO,18
2024-09-08 19:00:00,0.71,52.0,2.6,10.1,15.55,12.9,42.0,3.6,10.4,48.0,CENTRO,19
2024-09-08 20:00:00,0.82,51.0,2.1,9.6,17.24,11.9,42.0,3.6,9.8,70.0,CENTRO,20
2024-09-08 21:00:00,0.76,43.0,2.1,14.9,17.35,17.3,42.0,3.6,7.4,78.0,CENTRO,21
2024-09-08 22:00:00,0.85,34.0,2.1,16.0,18.2,18.3,41.5,3.4,4.2,182.0,CENTRO,22
2024-09-08 23:00:00,0.76,38.0,2.0,12.3,16.2,14.6,41.0,3.4,3.9,222.0,CENTRO,23
2024-09-09 00:00:00,0.85,27.0,2.1,17.8,17.39,20.0,39.0,3.4,3.4,195.0,CENTRO,0
2024-09-09 01:00:00,0.82,32.0,2.0,13.4,18.58,15.6,39.0,3.4,2.5,250.0,CENTRO,1
2024-09-09 02:00:00,0.81,38.0,2.0,9.6,16.53,11.9,36.0,3.6,4.3,230.0,CENTRO,2
2024-09-09 03:00:00,0.79,32.0,2.1,10.3,15.42,12.7,37.0,3.5,4.0,221.0,CENTRO,3
2024-09-09 04:00:00,0.78,28.0,2.1,10.1,17.07,12.5,36.0,3.5,3.7,173.0,CENTRO,4
2024-09-09 05:00:00,0.76,28.0,2.1,11.8,18.4,14.1,45.0,3.5,5.0,230.0,CENTRO,5
2024-09-09 06:00:00,0.74,32.0,2.1,11.1,17.84,13.4,46.0,3.4,3.5,249.0,CENTRO,6
2024-09-09 07:00:00,0.74,15.0,5.9,23.1,15.27,29.2,42.0,3.5,4.5,246.0,CENTRO,7
2024-09-09 08:00:00,0.81,11.0,18.3,29.2,15.46,47.7,56.0,3.8,4.9,229.0,CENTRO,8
2024-09-09 09:00:00,0.87,30.0,11.4,25.0,15.37,36.6,64.0,3.5,3.2,16.0,CENTRO,9
2024-09-09 10:00:00,0.88,53.0,4.4,11.9,14.55,16.5,52.0,3.3,7.1,358.0,CENTRO,10
2024-09-09 11:00:00,0.85,60.0,4.2,12.1,15.93,16.5,44.0,3.3,6.3,46.0,CENTRO,11
2024-09-09 12:00:00,0.83,66.0,3.8,11.8,17.32,15.8,48.0,3.5,7.3,52.0,CENTRO,12
2024-09-09 13:00:00,0.81,69.0,3.1,7.7,19.47,11.0,44.0,3.3,9.3,17.0,CENTRO,13
2024-09-09 14:00:00,0.78,65.0,3.1,7.8,16.68,11.1,45.0,3.4,11.3,18.0,CENTRO,14
2024-09-09 15:00:00,0.76,64.0,2.8,7.1,19.21,10.1,46.0,3.3,8.4,21.0,CENTRO,15
2024-09-09 16:00:00,0.75,52.0,3.9,13.3,21.7,17.4,44.0,3.6,11.8,39.0,CENTRO,16
2024-09-09 17:00:00,0.76,47.0,3.6,15.2,19.37,19.0,52.0,4.7,8.6,36.0,CENTRO,17
2024-09-09 18:00:00,0.78,46.0,3.3,16.0,13.87,19.5,52.0,3.5,8.8,29.0,CENTRO,18
2024-09-09 19:00:00,0.8,42.0,2.9,17.3,14.5,20.4,50.0,3.5,9.5,56.0,CENTRO,19
2024-09-09 20:00:00,0.79,43.0,2.3,14.3,17.12,16.8,47.0,3.4,8.8,67.0,CENTRO,20
2024-09-09 21:00:00,0.79,37.0,2.2,17.3,14.1,19.7,41.0,3.4,4.2,32.0,CENTRO,21
2024-09-09 22:00:00,0.78,45.0,2.2,11.4,13.23,13.8,45.0,3.3,5.7,6.0,CENTRO,22
2024-09-09 23:00:00,0.77,43.0,2.1,10.8,11.99,13.1,38.0,3.2,3.3,288.0,CENTRO,23
2024-09-10 00:00:00,0.78,38.0,2.1,11.9,13.049999999999999,14.2,42.0,3.3,3.5,222.0,CENTRO,0
2024-09-10 01:00:00,0.77,33.0,2.1,15.4,14.11,17.6,37.0,3.2,3.7,221.0,CENTRO,1
2024-09-10 02:00:00,0.74,39.0,2.1,9.2,14.98,11.5,36.0,3.3,3.8,228.0,CENTRO,2
2024-09-10 03:00:00,0.73,36.0,2.1,11.8,14.06,14.1,35.0,3.2,4.4,305.0,CENTRO,3
2024-09-10 04:00:00,0.73,21.0,2.2,20.9,13.68,23.3,49.0,3.3,3.0,264.0,CENTRO,4
2024-09-10 05:00:00,0.75,13.0,2.3,30.4,12.59,32.9,73.0,3.5,5.2,228.0,CENTRO,5
2024-09-10 06:00:00,0.78,14.0,2.5,25.1,13.64,27.8,73.0,3.4,2.4,325.0,CENTRO,6
2024-09-10 07:00:00,0.78,13.0,6.1,26.1,12.29,32.4,63.0,3.4,3.4,347.0,CENTRO,7
2024-09-10 08:00:00,0.84,9.0,11.5,30.6,11.63,42.4,58.0,3.5,3.4,323.0,CENTRO,8
2024-09-10 09:00:00,0.89,13.0,12.3,29.9,11.5,42.4,57.0,3.5,4.2,216.0,CENTRO,9
2024-09-10 10:00:00,0.93,21.0,10.9,27.5,11.81,38.5,60.0,3.4,4.3,290.0,CENTRO,10
2024-09-10 11:00:00,0.91,44.0,7.6,16.8,10.39,24.7,59.0,3.3,5.9,325.0,CENTRO,11
2024-09-10 12:00:00,0.84,56.0,4.3,12.4,11.59,16.9,48.0,3.2,5.9,291.0,CENTRO,12
2024-09-10 13:00:00,0.76,61.0,3.3,8.4,20.33,12.0,47.0,3.1,8.4,8.0,CENTRO,13
2024-09-10 14:00:00,0.73,62.0,2.9,7.0,23.23,10.2,42.0,3.1,9.0,336.0,CENTRO,14
2024-09-10 15:00:00,0.74,65.0,2.9,6.4,21.03,9.5,39.0,3.1,9.1,359.0,CENTRO,15
2024-09-10 16:00:00,0.72,56.0,3.1,6.4,18.84,9.7,43.0,3.0,9.9,356.0,CENTRO,16
2024-09-10 17:00:00,0.75,52.0,3.5,8.0,18.9,11.7,41.0,3.0,9.3,347.0,CENTRO,17
2024-09-10 18:00:00,0.79,45.0,3.6,10.8,18.37,14.7,39.0,3.1,11.2,24.0,CENTRO,18
2024-09-10 19:00:00,0.76,39.0,2.9,11.4,17.06,14.6,42.0,3.1,10.1,17.0,CENTRO,19
2024-09-10 20:00:00,0.77,33.0,2.7,14.8,14.08,17.7,41.0,3.1,9.5,25.0,CENTRO,20
2024-09-10 21:00:00,0.73,37.0,2.3,13.8,14.25,16.3,41.0,3.1,8.3,33.0,CENTRO,21
2024-09-10 22:00:00,0.72,38.0,2.3,13.9,12.74,16.3,39.0,3.1,5.3,26.0,CENTRO,22
2024-09-10 23:00:00,0.75,28.0,2.3,17.3,10.53,19.8,42.0,3.1,3.3,181.0,CENTRO,23
2024-09-11 00:00:00,0.65,28.0,2.2,14.7,10.505,17.0,43.0,3.1,3.2,209.0,CENTRO,0
2024-09-11 01:00:00,0.62,24.0,2.2,16.0,10.48,18.3,39.0,3.0,2.1,226.0,CENTRO,1
2024-09-11 02:00:00,0.61,19.0,2.3,16.2,10.04,18.7,36.0,3.1,2.3,189.0,CENTRO,2
2024-09-11 03:00:00,0.63,18.0,2.2,14.8,9.69,17.2,34.0,3.0,1.8,210.0,CENTRO,3
2024-09-11 04:00:00,0.57,25.0,2.2,9.7,9.93,12.1,35.0,3.0,4.0,215.0,CENTRO,4
2024-09-11 05:00:00,0.59,23.0,2.2,11.5,9.65,13.9,34.0,2.9,2.4,271.0,CENTRO,5
2024-09-11 06:00:00,0.61,18.0,2.2,13.1,10.42,15.5,41.0,3.0,2.5,228.0,CENTRO,6
2024-09-11 07:00:00,0.73,10.0,5.4,22.6,11.63,28.1,42.0,3.1,2.3,228.0,CENTRO,7
2024-09-11 08:00:00,0.92,9.0,16.2,27.5,13.14,43.9,49.0,3.1,3.0,226.0,CENTRO,8
2024-09-11 09:00:00,0.99,15.0,15.7,28.0,13.46,43.9,64.0,3.2,4.9,200.0,CENTRO,9
2024-09-11 10:00:00,0.95,32.0,11.9,29.1,11.57,41.2,73.0,3.1,4.5,78.0,CENTRO,10
2024-09-11 11:00:00,0.98,44.0,8.4,29.7,10.62,38.4,75.0,3.1,7.9,104.0,CENTRO,11
2024-09-11 12:00:00,0.93,61.0,3.7,15.6,9.27,19.5,84.0,3.2,6.3,104.0,CENTRO,12
2024-09-11 13:00:00,0.73,87.0,3.4,13.9,10.58,17.6,95.0,3.1,9.0,55.0,CENTRO,13
2024-09-11 14:00:00,0.8,109.0,2.9,16.6,12.3,19.6,77.0,3.1,8.4,75.0,CENTRO,14
2024-09-11 15:00:00,0.76,114.0,2.5,12.8,15.67,15.5,79.0,3.0,8.0,80.0,CENTRO,15
2024-09-11 16:00:00,0.67,93.0,2.6,9.8,14.96,12.6,65.0,3.1,9.7,71.0,CENTRO,16
2024-09-11 17:00:00,0.68,82.0,2.6,9.3,15.8,12.2,53.0,3.1,10.5,127.0,CENTRO,17
2024-09-11 18:00:00,0.65,74.0,2.4,9.1,18.2,11.7,49.0,3.1,10.5,132.0,CENTRO,18
2024-09-11 19:00:00,0.71,68.0,2.3,11.3,18.85,13.8,50.0,3.1,10.5,124.0,CENTRO,19
2024-09-11 20:00:00,0.71,62.0,2.2,11.4,21.03,13.8,52.0,3.0,10.1,105.0,CENTRO,20
2024-09-11 21:00:00,0.69,53.0,2.1,10.2,25.55,12.6,50.0,3.0,7.8,121.0,CENTRO,21
2024-09-11 22:00:00,0.7,52.0,2.1,11.1,30.37,13.4,47.0,3.1,5.5,115.0,CENTRO,22
2024-09-11 23:00:00,0.74,43.0,2.1,14.0,20.96,16.3,48.0,3.1,2.7,116.0,CENTRO,23
2024-09-12 00:00:00,0.82,27.0,2.2,20.9,21.92,23.2,46.0,3.1,2.1,215.0,CENTRO,0
2024-09-12 01:00:00,0.8,24.0,2.2,21.9,22.88,24.3,50.0,3.0,2.3,209.0,CENTRO,1
2024-09-12 02:00:00,0.68,30.0,2.2,15.7,22.3,18.1,45.0,3.0,2.0,211.0,CENTRO,2
2024-09-12 03:00:00,0.69,24.0,2.3,19.5,19.18,22.0,46.0,3.1,2.0,211.0,CENTRO,3
2024-09-12 04:00:00,0.77,14.0,2.4,26.5,18.86,29.0,52.0,3.2,1.8,236.0,CENTRO,4
2024-09-12 05:00:00,0.86,6.0,4.2,34.3,17.19,38.7,61.0,3.1,1.8,251.0,CENTRO,5
2024-09-12 06:00:00,0.84,6.0,10.2,33.1,17.65,43.5,63.0,3.1,1.8,283.0,CENTRO,6
2024-09-12 07:00:00,1.08,5.0,38.3,37.4,19.05,75.9,88.0,3.3,2.5,260.0,CENTRO,7
2024-09-12 08:00:00,1.11,8.0,24.7,32.3,18.51,57.3,112.0,3.2,3.2,229.0,CENTRO,8
2024-09-12 09:00:00,1.26,18.0,20.6,37.8,19.61,58.6,84.0,3.1,2.4,1.0,CENTRO,9
2024-09-12 10:00:00,1.41,37.0,12.2,36.3,20.16,48.7,95.0,3.1,4.9,15.0,CENTRO,10
2024-09-12 11:00:00,1.18,45.0,9.6,31.5,20.36,41.3,118.0,3.0,5.8,2.0,CENTRO,11
2024-09-12 12:00:00,0.86,52.0,9.9,33.6,19.04,43.6,105.0,3.0,7.5,30.0,CENTRO,12
2024-09-12 13:00:00,0.85,93.0,4.1,21.1,17.98,25.4,96.0,2.9,8.6,60.0,CENTRO,13
2024-09-12 14:00:00,0.79,103.0,2.9,14.0,21.35,17.1,70.0,3.0,9.6,51.0,CENTRO,14
2024-09-12 15:00:00,0.73,95.0,2.7,10.6,23.81,13.6,63.0,3.0,10.5,53.0,CENTRO,15
2024-09-12 16:00:00,0.68,67.0,2.7,8.9,28.66,11.9,56.0,3.1,11.3,85.0,CENTRO,16
2024-09-12 17:00:00,0.72,67.0,2.8,8.3,31.18,11.3,49.0,2.9,9.2,110.0,CENTRO,17
2024-09-12 18:00:00,0.69,63.0,2.5,8.8,30.705000000000002,11.5,46.0,2.9,9.5,117.0,CENTRO,18
2024-09-12 19:00:00,0.74,59.0,3.0,12.5,30.23,15.6,45.0,3.0,8.7,128.0,CENTRO,19
2024-09-12 20:00:00,0.75,50.0,2.1,11.7,33.0,14.1,46.0,3.0,8.4,122.0,CENTRO,20
2024-09-12 21:00:00,0.7,44.0,2.1,10.0,31.455000000000002,12.3,48.0,2.9,8.0,119.0,CENTRO,21
2024-09-12 22:00:00,0.7,37.0,2.2,10.3,29.91,12.6,45.0,2.9,9.0,112.0,CENTRO,22
2024-09-12 23:00:00,0.69,32.0,2.1,9.3,28.4,11.6,46.0,3.0,8.3,97.0,CENTRO,23
2024-09-13 00:00:00,0.75,24.0,2.1,12.6,27.625,14.9,44.0,3.1,5.6,37.0,CENTRO,0
2024-09-13 01:00:00,0.68,26.0,2.1,10.3,26.85,12.6,45.0,3.1,6.3,60.0,CENTRO,1
2024-09-13 02:00:00,0.66,23.0,2.2,8.9,24.6,11.4,49.0,2.9,6.7,53.0,CENTRO,2
2024-09-13 03:00:00,0.7,11.0,2.8,18.9,21.71,21.9,71.0,3.1,5.5,47.0,CENTRO,3
2024-09-13 04:00:00,0.74,10.0,3.3,20.6,17.0,24.1,84.0,3.0,5.2,51.0,CENTRO,4
2024-09-13 05:00:00,0.75,11.0,2.2,17.2,16.56,19.6,82.0,3.1,3.7,71.0,CENTRO,5
2024-09-13 06:00:00,0.75,11.0,2.2,15.2,16.75,17.5,72.0,3.0,5.8,61.0,CENTRO,6
2024-09-13 07:00:00,0.8,8.0,4.1,17.9,17.4,22.2,52.0,3.0,6.8,50.0,CENTRO,7
2024-09-13 08:00:00,1.0,8.0,10.4,22.3,17.54,33.0,58.0,3.2,6.4,30.0,CENTRO,8
2024-09-13 09:00:00,1.13,8.0,16.5,24.6,16.62,41.2,79.0,3.2,7.3,41.0,CENTRO,9
2024-09-13 10:00:00,0.99,12.0,23.8,25.9,16.94,49.8,88.0,3.2,7.3,46.0,CENTRO,10
2024-09-13 11:00:00,0.96,21.0,14.6,24.2,15.56,39.0,94.0,3.2,7.8,16.0,CENTRO,11
2024-09-13 12:00:00,0.82,36.0,10.9,22.1,18.6,33.3,85.0,3.2,8.9,45.0,CENTRO,12
2024-09-13 13:00:00,0.8,58.0,4.1,13.3,17.91,17.6,80.0,3.1,10.2,50.0,CENTRO,13
2024-09-13 14:00:00,0.74,58.0,2.7,8.0,19.08,10.9,75.0,3.0,7.8,90.0,CENTRO,14
2024-09-13 15:00:00,0.71,41.0,2.5,6.9,30.18,9.7,61.0,3.1,8.2,137.0,CENTRO,15
2024-09-13 16:00:00,0.72,35.0,3.3,7.5,29.6,11.1,44.0,3.0,11.1,133.0,CENTRO,16
2024-09-13 17:00:00,0.72,32.0,3.6,7.9,26.02,11.7,44.0,3.0,12.5,132.0,CENTRO,17
2024-09-13 18:00:00,0.77,28.0,3.0,10.9,26.0,14.1,44.0,3.1,11.5,123.0,CENTRO,18
2024-09-13 19:00:00,0.8,26.0,2.9,11.2,27.05,14.3,46.5,3.1,9.4,133.0,CENTRO,19
2024-09-13 20:00:00,0.71,26.0,2.2,9.4,26.21,11.8,49.0,3.1,9.0,121.0,CENTRO,20
2024-09-13 21:00:00,0.72,24.0,2.2,9.5,27.86,11.8,48.0,3.0,7.5,112.0,CENTRO,21
2024-09-13 22:00:00,0.72,22.0,2.1,10.9,34.69,13.2,39.0,3.0,5.1,100.0,CENTRO,22
2024-09-13 23:00:00,0.74,21.0,2.1,9.7,37.57,12.0,40.0,3.1,6.0,101.0,CENTRO,23
2024-09-14 00:00:00,0.76,16.0,2.1,10.4,35.85,12.8,44.0,3.1,5.7,48.0,CENTRO,0
2024-09-14 01:00:00,0.69,18.0,2.1,6.8,34.13,9.1,53.0,3.1,7.8,85.0,CENTRO,1
2024-09-14 02:00:00,0.65,18.0,2.0,5.6,31.310000000000002,7.8,35.0,3.2,7.8,56.0,CENTRO,2
2024-09-14 03:00:00,0.64,20.0,1.9,4.4,28.49,6.5,39.0,3.1,8.0,65.0,CENTRO,3
2024-09-14 04:00:00,0.63,16.0,1.9,3.7,18.69,5.8,50.0,3.1,7.0,48.0,CENTRO,4
2024-09-14 05:00:00,0.63,15.0,1.9,4.3,17.41,6.5,35.0,3.1,7.3,41.0,CENTRO,5
2024-09-14 06:00:00,0.62,12.0,2.1,6.0,16.84,8.3,49.0,3.1,7.7,39.0,CENTRO,6
2024-09-14 07:00:00,0.67,8.0,4.0,10.9,17.77,15.1,44.0,3.2,7.8,43.0,CENTRO,7
2024-09-14 08:00:00,0.74,9.0,5.9,10.6,17.79,16.7,52.0,3.1,7.3,45.0,CENTRO,8
2024-09-14 09:00:00,0.78,11.0,7.7,10.4,17.34,18.4,51.0,3.2,7.4,53.0,CENTRO,9
2024-09-14 10:00:00,0.79,11.0,17.0,14.6,17.02,31.9,63.0,3.2,8.2,32.0,CENTRO,10
2024-09-14 11:00:00,0.85,16.0,16.3,18.7,15.92,35.2,64.0,3.3,9.1,35.0,CENTRO,11
2024-09-14 12:00:00,0.77,31.0,8.9,14.4,16.27,23.6,57.0,3.2,8.9,35.0,CENTRO,12
2024-09-14 13:00:00,0.73,44.0,3.3,7.9,20.89,11.5,56.0,3.1,10.8,56.0,CENTRO,13
2024-09-14 14:00:00,0.71,39.0,2.8,6.7,20.57,9.7,44.0,3.1,10.8,69.0,CENTRO,14
2024-09-14 15:00:00,0.66,34.0,2.3,5.1,21.2,7.6,39.0,3.1,7.8,117.0,CENTRO,15
2024-09-14 16:00:00,0.67,34.0,2.5,5.2,21.25,7.9,31.0,3.1,9.1,135.0,CENTRO,16
2024-09-14 17:00:00,0.65,37.0,2.3,4.6,24.47,7.1,34.0,3.0,10.6,133.0,CENTRO,17
2024-09-14 18:00:00,0.67,34.0,2.1,6.8,21.92,9.2,32.0,3.1,11.4,123.0,CENTRO,18
2024-09-14 19:00:00,0.74,28.0,2.0,8.8,24.33,10.9,32.0,3.2,7.0,102.0,CENTRO,19
2024-09-14 20:00:00,0.7,27.0,1.9,6.3,25.28,8.4,43.0,3.1,4.8,124.0,CENTRO,20
2024-09-14 21:00:00,0.85,12.0,4.9,19.8,26.71,24.9,48.0,3.2,6.9,21.0,CENTRO,21
2024-09-14 22:00:00,0.89,10.0,3.3,20.3,26.99,23.8,59.0,3.2,8.3,19.0,CENTRO,22
2024-09-14 23:00:00,0.82,14.0,2.3,14.6,28.92,17.1,65.0,3.2,7.1,43.0,CENTRO,23
2024-09-15 00:00:00,0.73,19.0,2.1,7.5,28.9,9.8,62.0,3.1,9.5,53.0,CENTRO,0
2024-09-15 01:00:00,0.71,15.0,3.1,8.8,28.88,12.2,43.0,3.0,3.2,357.0,CENTRO,1
2024-09-15 02:00:00,0.7,5.0,12.2,17.3,22.95,29.8,39.0,3.2,7.3,19.0,CENTRO,2
2024-09-15 03:00:00,0.71,10.0,4.2,11.0,17.04,15.4,53.0,3.1,7.8,38.0,CENTRO,3
2024-09-15 04:00:00,0.62,16.0,2.9,10.7,11.64,13.8,32.0,3.1,11.4,44.0,CENTRO,4
2024-09-15 05:00:00,0.61,19.0,2.3,12.8,10.4,15.3,34.0,3.1,6.7,36.0,CENTRO,5
2024-09-15 06:00:00,0.65,16.0,3.0,15.0,9.76,18.2,25.0,3.2,8.1,43.0,CENTRO,6
2024-09-15 07:00:00,0.63,16.0,2.1,14.3,9.98,16.6,24.0,3.1,5.0,329.0,CENTRO,7
2024-09-15 08:00:00,0.72,21.0,2.0,7.2,9.59,9.4,23.0,3.1,4.5,321.0,CENTRO,8
2024-09-15 09:00:00,0.82,19.0,2.4,6.7,12.96,9.3,25.0,3.1,1.8,200.0,CENTRO,9
2024-09-15 10:00:00,0.81,20.0,4.2,6.9,14.45,11.4,27.0,3.0,4.3,276.0,CENTRO,10
2024-09-15 11:00:00,0.78,26.0,4.2,7.1,12.65,11.6,23.0,3.1,4.6,33.0,CENTRO,11
2024-09-15 12:00:00,0.76,30.0,5.3,9.3,10.85,14.8,21.0,3.0,6.5,48.0,CENTRO,12
2024-09-15 13:00:00,0.81,29.0,6.2,13.5,9.05,19.9,35.0,3.0,11.0,10.0,CENTRO,13
2024-09-15 14:00:00,0.85,25.0,3.6,10.8,8.9,14.6,43.0,3.0,11.2,6.0,CENTRO,14
2024-09-15 15:00:00,0.92,34.0,3.1,8.4,8.75,11.8,55.0,3.1,7.5,347.0,CENTRO,15
2024-09-15 16:00:00,0.75,42.0,2.2,6.5,8.600000000000001,8.8,50.0,3.1,4.9,357.0,CENTRO,16
2024-09-15 17:00:00,1.01,31.0,2.3,11.0,8.450000000000001,13.5,46.0,3.0,3.1,12.0,CENTRO,17
2024-09-15 18:00:00,1.07,26.0,3.0,14.3,17.0,17.6,63.0,3.1,5.3,46.0,CENTRO,18
2024-09-15 19:00:00,0.97,16.0,3.6,16.2,16.525,19.9,51.0,3.1,6.5,14.0,CENTRO,19
2024-09-15 20:00:00,0.78,13.0,2.9,15.4,16.0,18.5,44.0,3.1,9.9,43.0,CENTRO,20
2024-09-15 21:00:00,0.75,14.0,2.5,14.7,16.31,17.4,41.0,3.1,9.0,54.0,CENTRO,21
2024-09-15 22:00:00,0.72,13.0,2.3,12.9,16.29,15.3,42.0,3.1,9.6,56.0,CENTRO,22
2024-09-15 23:00:00,0.7,13.0,2.3,10.4,16.08,13.0,32.0,3.1,7.3,55.0,CENTRO,23
2024-09-16 00:00:00,0.76,12.0,2.4,9.0,16.0,11.7,27.0,3.0,6.2,44.0,CENTRO,0
2024-09-16 01:00:00,0.75,10.0,2.5,10.5,16.0,13.2,26.0,3.1,6.1,39.0,CENTRO,1
2024-09-16 02:00:00,0.7,15.0,1.9,4.7,16.54,6.8,31.0,3.1,6.9,58.0,CENTRO,2
2024-09-16 03:00:00,0.62,17.0,1.8,4.0,16.8,6.0,30.0,3.0,6.6,53.0,CENTRO,3
2024-09-16 04:00:00,0.62,17.0,1.8,3.4,17.91,5.5,27.0,3.1,4.7,45.0,CENTRO,4
2024-09-16 05:00:00,0.62,13.0,2.3,7.1,18.58,9.6,20.0,3.0,5.1,42.0,CENTRO,5
2024-09-16 06:00:00,0.67,14.0,2.0,6.4,19.46,8.6,23.0,3.0,2.9,57.0,CENTRO,6
2024-09-16 07:00:00,0.65,13.0,2.0,7.8,20.869999999999997,10.0,24.0,3.1,2.4,61.0,CENTRO,7
2024-09-16 08:00:00,0.7,10.0,3.8,10.4,22.875,14.4,28.0,3.1,1.9,25.0,CENTRO,8
2024-09-16 09:00:00,0.75,8.0,4.9,10.8,24.189999999999998,16.0,34.0,3.0,1.8,17.0,CENTRO,9
2024-09-16 10:00:00,0.72,8.0,5.8,12.5,24.855,18.6,23.0,3.1,2.2,357.0,CENTRO,10
2024-09-16 11:00:00,0.7,10.0,8.6,12.5,27.284999999999997,21.4,39.0,3.1,3.2,21.0,CENTRO,11
2024-09-16 12:00:00,0.72,16.0,6.9,10.7,27.89,17.9,12.0,3.2,3.5,35.0,CENTRO,12
2024-09-16 13:00:00,0.7,22.0,5.4,8.4,25.137999999999998,14.1,24.0,3.1,5.9,44.0,CENTRO,13
2024-09-16 14:00:00,0.68,27.0,3.3,5.7,21.83,9.2,24.0,3.2,8.6,61.0,CENTRO,14
2024-09-16 15:00:00,0.7,29.0,2.9,5.3,20.25,8.4,22.0,3.2,6.8,96.0,CENTRO,15
2024-09-16 16:00:00,0.65,26.0,2.5,3.4,19.0,6.1,26.0,3.1,7.6,111.0,CENTRO,16
2024-09-16 17:00:00,0.63,25.0,2.5,3.3,17.744999999999997,6.1,25.0,3.1,9.6,93.0,CENTRO,17
2024-09-16 18:00:00,0.67,25.0,2.5,4.3,17.0,7.0,23.0,3.2,9.1,93.0,CENTRO,18
2024-09-16 19:00:00,0.68,21.0,2.0,5.7,16.525,7.9,28.0,3.1,6.9,110.0,CENTRO,19
2024-09-16 20:00:00,0.76,16.0,1.9,8.4,16.0,10.5,27.0,3.1,3.9,111.0,CENTRO,20
2024-09-16 21:00:00,0.85,12.0,2.5,11.2,16.31,13.9,29.0,3.2,5.4,95.0,CENTRO,21
2024-09-16 22:00:00,0.7,15.0,2.6,7.0,16.29,9.8,29.0,3.1,7.8,77.0,CENTRO,22
2024-09-16 23:00:00,0.72,14.0,2.0,8.6,16.08,10.9,32.0,3.1,8.6,57.0,CENTRO,23
2024-09-17 00:00:00,0.71,14.0,1.9,7.7,16.0,9.7,29.0,3.1,5.5,42.0,CENTRO,0
2024-09-17 01:00:00,0.76,5.0,9.7,16.5,16.0,26.5,36.0,3.2,4.6,324.0,CENTRO,1
2024-09-17 02:00:00,0.91,5.0,4.5,15.7,16.54,20.4,42.0,3.1,4.0,12.0,CENTRO,2
2024-09-17 03:00:00,0.78,5.0,6.8,15.1,16.8,22.0,49.0,3.2,6.7,43.0,CENTRO,3
2024-09-17 04:00:00,0.7,8.0,2.9,12.0,17.91,15.1,49.0,3.1,5.2,60.0,CENTRO,4
2024-09-17 05:00:00,0.81,10.0,1.9,9.9,18.58,12.0,46.0,3.0,4.0,66.0,CENTRO,5
2024-09-17 06:00:00,0.7,7.0,2.7,12.7,19.46,15.7,41.0,3.0,4.4,84.0,CENTRO,6
2024-09-17 07:00:00,0.73,7.0,3.9,12.7,20.869999999999997,16.8,45.0,3.1,5.0,75.0,CENTRO,7
2024-09-17 08:00:00,0.79,8.0,4.7,12.3,2.6000000000000005,17.3,34.0,3.1,2.3,86.0,CENTRO,8
2024-09-17 09:00:00,0.93,8.0,16.7,15.7,2.4500000000000006,32.7,37.0,3.2,3.9,56.0,CENTRO,9
2024-09-17 10:00:00,1.11,9.0,29.8,18.6,2.3000000000000007,48.7,50.0,3.4,6.1,39.0,CENTRO,10
2024-09-17 11:00:00,1.0,14.0,31.2,20.7,2.1500000000000004,52.2,61.0,3.4,8.3,49.0,CENTRO,11
2024-09-17 12:00:00,0.77,26.0,6.6,9.8,2.0,16.7,57.0,3.2,8.2,59.0,CENTRO,12
2024-09-17 13:00:00,0.73,28.0,6.4,9.1,9.0,15.7,40.0,3.1,10.2,50.0,CENTRO,13
2024-09-17 14:00:00,0.73,33.0,3.7,6.4,9.0,10.3,30.0,3.2,11.1,63.0,CENTRO,14
2024-09-17 15:00:00,0.7,31.0,3.4,6.1,9.5,9.7,31.0,3.1,10.4,65.0,CENTRO,15
2024-09-17 16:00:00,0.71,29.0,3.6,6.6,10.0,10.5,33.0,3.0,11.8,67.0,CENTRO,16
2024-09-17 17:00:00,0.75,26.0,3.8,7.7,9.0,11.8,36.0,3.1,11.6,65.0,CENTRO,17
2024-09-17 18:00:00,0.72,24.0,3.0,7.2,9.0,10.5,42.0,3.2,11.5,99.0,CENTRO,18
2024-09-17 19:00:00,0.77,21.0,2.7,7.7,10.0,10.6,26.0,3.1,10.5,117.0,CENTRO,19
2024-09-17 20:00:00,0.77,18.0,2.0,9.3,9.0,11.5,29.0,3.0,7.0,110.0,CENTRO,20
2024-09-17 21:00:00,0.72,19.0,2.0,7.7,9.0,9.9,34.0,3.1,6.4,100.0,CENTRO,21
2024-09-17 22:00:00,0.68,20.0,2.1,6.2,10.0,8.5,33.0,3.0,7.7,99.0,CENTRO,22
2024-09-17 23:00:00,0.74,14.0,2.6,9.3,11.0,12.1,34.0,3.1,8.0,70.0,CENTRO,23
2024-09-18 00:00:00,0.71,15.0,1.9,8.3,10.0,10.5,36.0,3.1,6.9,51.0,CENTRO,0
2024-09-18 01:00:00,0.65,18.0,1.9,5.0,9.0,7.1,31.0,3.2,6.5,60.0,CENTRO,1
2024-09-18 02:00:00,0.63,17.0,1.8,4.2,8.0,6.2,32.0,3.2,6.8,50.0,CENTRO,2
2024-09-18 03:00:00,0.63,15.0,1.8,3.7,9.0,5.7,21.0,3.3,5.0,43.0,CENTRO,3
2024-09-18 04:00:00,0.68,9.0,4.9,8.2,11.0,13.3,29.0,3.2,4.6,4.0,CENTRO,4
2024-09-18 05:00:00,0.62,11.0,1.9,4.1,9.0,6.2,34.0,3.2,2.6,104.0,CENTRO,5
2024-09-18 06:00:00,0.84,5.0,4.2,11.2,11.0,15.6,41.0,3.2,5.8,12.0,CENTRO,6
2024-09-18 07:00:00,0.88,4.0,14.0,12.5,19.0,26.8,22.0,3.3,6.1,35.0,CENTRO,7
2024-09-18 08:00:00,1.04,4.0,24.8,13.1,25.0,38.1,66.0,3.4,5.5,72.0,CENTRO,8
2024-09-18 09:00:00,1.04,5.0,28.6,14.1,25.0,42.9,79.0,3.4,5.2,48.0,CENTRO,9
2024-09-18 10:00:00,1.13,7.0,25.8,16.2,31.12,42.2,84.0,3.4,6.0,39.0,CENTRO,10
2024-09-18 11:00:00,1.14,8.0,23.1,18.2,37.03,41.5,93.0,3.4,7.0,31.0,CENTRO,11
2024-09-18 12:00:00,1.13,13.0,18.2,18.9,32.98,37.3,97.0,3.4,7.3,14.0,CENTRO,12
2024-09-18 13:00:00,1.04,26.0,10.6,22.3,28.93,33.1,91.0,3.3,7.1,8.0,CENTRO,13
2024-09-18 14:00:00,0.9,42.0,4.1,15.9,21.15,20.2,84.0,3.2,7.2,28.0,CENTRO,14
2024-09-18 15:00:00,0.86,51.0,2.7,9.9,17.94,12.8,61.0,3.2,7.9,80.0,CENTRO,15
2024-09-18 16:00:00,0.83,38.0,3.1,10.9,16.02,14.2,55.0,3.2,9.9,68.0,CENTRO,16
2024-09-18 17:00:00,0.86,28.0,3.6,12.1,14.31,15.9,57.0,3.2,9.9,55.0,CENTRO,17
2024-09-18 18:00:00,0.83,36.0,2.4,10.4,14.89,13.0,49.0,3.1,9.1,94.0,CENTRO,18
2024-09-18 19:00:00,0.8,29.0,2.6,10.1,12.85,12.9,48.0,3.2,9.0,119.0,CENTRO,19
2024-09-18 20:00:00,0.79,24.0,1.9,9.3,10.7,11.5,40.0,3.2,6.2,108.0,CENTRO,20
2024-09-18 21:00:00,0.8,20.0,1.9,11.1,11.18,13.2,37.0,3.2,5.4,118.0,CENTRO,21
2024-09-18 22:00:00,0.8,19.0,2.3,11.9,11.86,14.4,35.0,3.2,4.2,87.0,CENTRO,22
2024-09-18 23:00:00,0.76,20.0,2.0,8.6,11.02,10.8,33.0,3.2,3.9,73.0,CENTRO,23
2024-09-19 00:00:00,0.77,13.0,2.0,10.1,14.19,12.4,43.0,3.2,7.5,56.0,CENTRO,0
2024-09-19 01:00:00,0.67,10.0,2.2,5.3,18.72,7.6,68.0,3.2,9.3,58.0,CENTRO,1
2024-09-19 02:00:00,0.65,10.0,1.9,4.0,17.94,6.2,75.0,3.2,5.7,41.0,CENTRO,2
2024-09-19 03:00:00,0.64,9.0,1.8,4.4,18.66,6.5,42.0,3.15,5.5,56.0,CENTRO,3
2024-09-19 04:00:00,0.63,9.0,1.9,4.2,17.72,6.3,42.0,3.1,4.7,37.0,CENTRO,4
2024-09-19 05:00:00,0.64,10.0,1.8,3.6,17.03,5.6,20.0,3.2,3.4,62.0,CENTRO,5
2024-09-19 06:00:00,0.67,6.0,5.9,7.5,17.9,13.6,33.0,3.2,4.1,34.0,CENTRO,6
2024-09-19 07:00:00,0.84,4.0,13.3,11.3,20.9,24.9,41.0,3.3,2.9,358.0,CENTRO,7
2024-09-19 08:00:00,0.98,4.0,22.5,12.8,21.41,35.6,48.0,3.3,4.0,24.0,CENTRO,8
2024-09-19 09:00:00,1.07,5.0,26.4,14.4,25.7,41.0,63.0,3.3,4.9,40.0,CENTRO,9
2024-09-19 10:00:00,1.06,9.0,13.4,14.5,24.78,28.3,65.0,3.3,7.4,15.0,CENTRO,10
2024-09-19 11:00:00,0.93,11.0,24.2,18.8,30.21,43.2,69.0,3.4,7.5,42.0,CENTRO,11
2024-09-19 12:00:00,0.93,27.0,9.9,16.9,31.0,27.0,72.0,3.3,8.4,39.0,CENTRO,12
2024-09-19 13:00:00,0.87,41.0,5.4,16.7,31.35,22.4,91.0,3.2,9.3,59.0,CENTRO,13
2024-09-19 14:00:00,0.83,48.0,4.2,12.7,27.7,17.1,78.0,3.2,11.0,57.0,CENTRO,14
2024-09-19 15:00:00,0.82,61.0,2.7,8.9,28.35,11.8,64.0,3.2,10.0,62.0,CENTRO,15
2024-09-19 16:00:00,0.82,63.0,2.3,8.1,30.29,10.6,62.0,3.2,10.1,67.0,CENTRO,16
2024-09-19 17:00:00,0.81,53.0,2.4,8.2,32.23,10.9,70.0,3.3,9.3,99.0,CENTRO,17
2024-09-19 18:00:00,0.76,43.0,2.2,7.0,27.95,9.5,64.0,3.3,10.3,127.0,CENTRO,18
2024-09-19 19:00:00,0.79,32.0,2.1,8.1,22.86,10.5,57.0,3.2,10.6,119.0,CENTRO,19
2024-09-19 20:00:00,0.77,25.0,1.9,7.6,18.8,9.7,66.0,3.3,10.1,114.0,CENTRO,20
2024-09-19 21:00:00,0.77,24.0,1.9,7.3,16.84,9.4,54.0,3.2,9.0,114.0,CENTRO,21
2024-09-19 22:00:00,0.72,23.0,1.9,6.1,16.07,8.1,36.0,3.3,8.1,102.0,CENTRO,22
2024-09-19 23:00:00,0.76,18.0,2.3,7.5,15.8,10.0,35.0,3.2,4.7,82.0,CENTRO,23
2024-09-20 00:00:00,0.795,12.0,4.5,10.75,18.84,15.45,34.0,3.2,5.65,63.0,CENTRO,0
2024-09-20 01:00:00,0.83,6.0,6.7,14.0,21.88,20.9,33.0,3.2,6.6,44.0,CENTRO,1
2024-09-20 02:00:00,0.77,7.0,3.4,9.5,19.85,13.1,71.0,3.3,3.3,42.0,CENTRO,2
2024-09-20 03:00:00,0.71,9.0,1.9,5.9,17.36,8.0,55.0,3.2,5.7,42.0,CENTRO,3
2024-09-20 04:00:00,0.67,10.0,1.8,4.0,16.21,6.1,39.0,3.1,6.4,52.0,CENTRO,4
2024-09-20 05:00:00,0.66,11.0,1.9,3.6,15.06,5.7,33.0,3.1,7.2,47.0,CENTRO,5
2024-09-20 06:00:00,0.66,9.0,2.5,7.0,16.515,9.7,11.0,3.1,6.6,43.0,CENTRO,6
2024-09-20 07:00:00,0.76,6.0,6.8,10.2,17.97,17.3,34.0,3.2,6.3,42.0,CENTRO,7
2024-09-20 08:00:00,0.91,7.0,11.8,9.8,20.86,21.8,44.0,3.2,7.5,50.0,CENTRO,8
2024-09-20 09:00:00,0.89,12.0,9.6,8.8,20.92,18.7,36.0,3.2,7.5,61.0,CENTRO,9
2024-09-20 10:00:00,0.86,15.0,13.0,11.6,22.13,24.8,27.0,3.3,8.1,47.0,CENTRO,10
2024-09-20 11:00:00,0.87,23.0,8.2,12.0,24.33,20.5,34.0,3.2,8.6,53.0,CENTRO,11
2024-09-20 12:00:00,0.83,35.0,4.8,9.0,22.2,14.0,55.0,3.2,9.8,63.0,CENTRO,12
2024-09-20 13:00:00,0.83,37.0,3.4,7.0,20.58,10.6,50.0,3.2,12.1,54.0,CENTRO,13
2024-09-20 14:00:00,0.77,35.0,3.0,5.9,18.15,9.2,52.0,3.2,12.2,68.0,CENTRO,14
2024-09-20 15:00:00,0.77,31.0,3.3,5.9,16.48,9.4,47.0,3.2,13.1,70.0,CENTRO,15
2024-09-20 16:00:00,0.77,25.0,3.5,6.9,15.98,10.6,43.0,3.2,13.3,79.0,CENTRO,16
2024-09-20 17:00:00,0.74,26.0,3.2,4.9,15.49,8.4,43.0,3.2,11.5,121.0,CENTRO,17
2024-09-20 18:00:00,0.75,24.0,2.6,5.4,15.15,8.3,41.0,3.1,11.3,129.0,CENTRO,18
2024-09-20 19:00:00,0.77,19.0,2.6,7.5,14.92,8.3,45.0,3.1,11.3,129.0,CENTRO,19
2024-09-20 20:00:00,0.7633333333333333,17.666666666666668,2.5166666666666666,7.183333333333334,13.818333333333333,8.233333333333334,44.166666666666664,3.1166666666666667,10.766666666666667,116.83333333333333,CENTRO,20
2024-09-20 21:00:00,0.7566666666666667,16.333333333333332,2.4333333333333336,6.866666666666666,12.716666666666667,8.166666666666668,43.333333333333336,3.1333333333333333,10.233333333333334,104.66666666666667,CENTRO,21
2024-09-20 22:00:00,0.75,15.0,2.35,6.55,11.615,8.1,42.5,3.1500000000000004,9.700000000000001,92.5,CENTRO,22
2024-09-20 23:00:00,0.7433333333333333,13.666666666666666,2.2666666666666666,6.233333333333333,10.513333333333334,8.033333333333333,41.666666666666664,3.166666666666667,9.166666666666666,80.33333333333333,CENTRO,23
2024-09-21 00:00:00,0.7366666666666667,12.333333333333334,2.1833333333333336,5.916666666666666,9.411666666666667,7.966666666666667,40.833333333333336,3.1833333333333336,8.633333333333333,68.16666666666667,CENTRO,0
2024-09-21 01:00:00,0.73,11.0,2.1,5.6,8.31,7.9,40.0,3.2,8.1,56.0,CENTRO,1
2024-09-21 02:00:00,0.71,10.0,2.0,4.6,7.4,6.8,41.0,3.1,6.8,43.0,CENTRO,2
2024-09-21 03:00:00,0.7,10.0,1.8,4.0,10.24,6.0,39.0,3.3,7.4,42.0,CENTRO,3
2024-09-21 04:00:00,0.73,9.0,1.8,3.5,14.26,5.5,33.0,3.2,6.5,35.0,CENTRO,4
2024-09-21 05:00:00,0.67,9.0,2.0,3.9,13.87,6.1,27.0,3.1,7.7,34.0,CENTRO,5
2024-09-21 06:00:00,0.71,7.0,2.8,6.4,13.37,9.5,34.0,3.2,6.2,34.0,CENTRO,6
2024-09-21 07:00:00,0.73,6.0,9.1,8.7,14.35,18.1,29.0,3.3,5.5,32.0,CENTRO,7
2024-09-21 08:00:00,0.86,6.0,12.1,9.1,13.94,21.4,44.0,3.3,3.7,11.0,CENTRO,8
2024-09-21 09:00:00,0.83,10.0,10.0,8.0,12.3,18.2,33.0,3.2,5.8,38.0,CENTRO,9
2024-09-21 10:00:00,0.84,11.0,16.7,11.3,15.03,28.3,39.0,3.4,7.3,44.0,CENTRO,10
2024-09-21 11:00:00,0.82,19.0,7.1,8.2,13.79,15.5,48.0,3.2,8.8,57.0,CENTRO,11
2024-09-21 12:00:00,0.79,22.0,4.4,7.3,13.59,11.9,44.0,3.2,9.6,53.0,CENTRO,12
2024-09-21 13:00:00,0.79,23.0,3.7,5.3,13.73,9.2,41.0,3.2,10.9,55.0,CENTRO,13
2024-09-21 14:00:00,0.81,23.0,3.6,6.5,15.25,10.3,39.0,3.4,12.3,75.0,CENTRO,14
2024-09-21 15:00:00,0.79,22.0,3.5,6.2,14.92,9.9,43.0,3.4,11.0,90.0,CENTRO,15
2024-09-21 16:00:00,0.74,22.0,3.1,4.8,14.87,8.2,39.0,3.2,11.2,109.0,CENTRO,16
2024-09-21 17:00:00,0.71,23.0,2.4,3.4,14.6,6.1,32.0,3.3,13.2,129.0,CENTRO,17
2024-09-21 18:00:00,0.71,22.0,2.3,4.4,14.92,6.9,36.0,3.2,12.1,115.0,CENTRO,18
2024-09-21 19:00:00,0.75,19.0,2.3,5.9,14.69,6.9,36.0,3.2,12.1,115.0,CENTRO,19
2024-09-21 20:00:00,0.748,17.4,2.2399999999999998,5.680000000000001,13.86,6.92,37.6,3.2,11.299999999999999,109.4,CENTRO,20
2024-09-21 21:00:00,0.746,15.8,2.1799999999999997,5.46,13.03,6.94,39.2,3.2,10.5,103.8,CENTRO,21
2024-09-21 22:00:00,0.744,14.2,2.12,5.24,12.2,6.96,40.8,3.2,9.7,98.2,CENTRO,22
2024-09-21 23:00:00,0.742,12.6,2.06,5.02,11.37,6.98,42.4,3.2,8.9,92.6,CENTRO,23
2024-09-22 00:00:00,0.74,11.0,2.0,4.8,10.54,7.0,44.0,3.2,8.1,87.0,CENTRO,0
2024-09-22 01:00:00,0.75,7.0,2.3,6.0,8.48,8.5,51.0,3.3,7.8,52.0,CENTRO,1
2024-09-22 02:00:00,0.73,7.0,2.2,5.0,6.66,7.3,51.0,3.2,9.2,47.0,CENTRO,2
2024-09-22 03:00:00,0.69,8.0,1.9,3.4,5.95,5.6,36.0,3.2,9.6,48.0,CENTRO,3
2024-09-22 04:00:00,0.69,8.0,1.8,3.2,6.27,5.2,31.0,3.2,7.4,53.0,CENTRO,4
2024-09-22 05:00:00,0.68,9.0,1.8,2.9,6.01,5.0,26.0,3.2,8.5,42.0,CENTRO,5
2024-09-22 06:00:00,0.69,8.0,1.8,3.2,5.64,5.3,20.0,3.3,9.1,43.0,CENTRO,6
2024-09-22 07:00:00,0.73,6.0,2.4,4.7,6.17,7.3,17.0,3.3,7.2,40.0,CENTRO,7
2024-09-22 08:00:00,0.72,7.0,7.0,6.0,8.48,13.2,28.0,3.3,6.6,43.0,CENTRO,8
2024-09-22 09:00:00,0.77,6.0,14.7,8.0,10.07,23.0,36.0,3.3,5.5,31.0,CENTRO,9
2024-09-22 10:00:00,0.81,9.0,13.2,8.9,15.65,22.4,45.0,3.3,5.6,27.0,CENTRO,10
2024-09-22 11:00:00,0.78,14.0,12.5,9.9,16.7,22.7,50.0,3.4,9.1,36.0,CENTRO,11
2024-09-22 12:00:00,0.76,25.0,4.3,6.0,10.5,10.5,47.0,3.3,9.7,52.0,CENTRO,12
2024-09-22 13:00:00,0.73,28.0,2.6,4.3,9.38,7.1,47.0,3.3,9.8,56.0,CENTRO,13
2024-09-22 14:00:00,0.72,23.0,2.4,4.2,9.11,6.9,33.0,3.3,11.1,82.0,CENTRO,14
2024-09-22 15:00:00,0.75,21.0,2.9,4.1,8.41,7.3,29.0,3.3,12.3,84.0,CENTRO,15
2024-09-22 16:00:00,0.72,22.0,2.6,3.5,8.13,6.4,31.0,3.3,11.0,100.0,CENTRO,16
2024-09-22 17:00:00,0.71,22.0,2.5,3.3,7.94,6.0,32.0,3.3,11.5,108.0,CENTRO,17
2024-09-22 18:00:00,0.7,18.0,2.6,3.6,6.97,6.5,25.0,3.3,13.2,111.0,CENTRO,18
2024-09-22 19:00:00,0.69,16.0,2.0,3.9,6.24,6.2,27.0,3.3,10.6,122.0,CENTRO,19
2024-09-22 20:00:00,0.76,13.0,2.2,6.0,6.73,8.4,30.0,3.35,8.4,120.0,CENTRO,20
2024-09-22 21:00:00,0.75,14.0,1.9,5.2,7.34,7.4,31.0,3.4,8.7,118.0,CENTRO,21
2024-09-22 22:00:00,0.82,11.0,2.3,7.7,8.79,10.3,31.0,3.3,10.1,92.0,CENTRO,22
2024-09-22 23:00:00,0.75,11.0,2.0,5.1,6.62,7.3,42.0,3.2,8.6,85.0,CENTRO,23
2024-09-23 00:00:00,0.7,12.0,1.8,3.5,5.39,5.6,37.0,3.2,8.1,82.0,CENTRO,0
2024-09-23 01:00:00,0.68,11.0,1.8,3.3,5.1,5.3,31.0,3.2,8.8,54.0,CENTRO,1
2024-09-23 02:00:00,0.68,11.0,1.8,2.9,5.2,4.9,25.0,3.3,8.0,40.0,CENTRO,2
2024-09-23 03:00:00,0.67,10.0,1.8,3.0,4.94,5.0,30.0,3.2,7.3,35.0,CENTRO,3
2024-09-23 04:00:00,0.71,9.0,1.9,3.2,4.7,5.3,21.0,3.2,7.2,36.0,CENTRO,4
2024-09-23 05:00:00,0.65,10.0,1.8,2.7,4.49,4.8,16.0,3.2,7.6,51.0,CENTRO,5
2024-09-23 06:00:00,0.68,9.0,2.6,5.0,4.91,7.9,21.0,3.3,5.5,48.0,CENTRO,6
2024-09-23 07:00:00,0.74,4.0,13.3,10.7,14.12,24.3,27.0,3.3,7.3,44.0,CENTRO,7
2024-09-23 08:00:00,0.91,5.0,12.1,10.2,12.95,22.6,44.0,3.3,6.6,45.0,CENTRO,8
2024-09-23 09:00:00,0.88,7.0,14.0,10.1,12.7,24.3,44.0,3.4,6.7,42.0,CENTRO,9
2024-09-23 10:00:00,0.92,8.0,21.1,13.4,17.69,34.8,51.0,3.2,8.1,22.0,CENTRO,10
2024-09-23 11:00:00,0.82,17.0,14.6,11.2,12.79,26.1,59.0,3.3,9.9,48.0,CENTRO,11
2024-09-23 12:00:00,0.8,27.0,4.8,7.1,8.58,12.1,43.0,3.2,12.5,52.0,CENTRO,12
2024-09-23 13:00:00,0.75,27.0,3.5,5.2,6.55,8.9,40.0,3.3,10.8,61.0,CENTRO,13
2024-09-23 14:00:00,0.79,25.0,4.1,5.9,6.61,10.2,36.0,3.2,14.9,68.0,CENTRO,14
2024-09-23 15:00:00,0.79,23.0,4.1,5.6,7.13,9.9,32.0,3.2,14.0,74.0,CENTRO,15
2024-09-23 16:00:00,0.76,21.0,3.8,5.8,7.02,9.9,32.0,3.4,14.7,70.0,CENTRO,16
2024-09-23 17:00:00,0.76,19.0,3.7,6.9,6.81,10.8,34.0,3.4,13.0,76.0,CENTRO,17
2024-09-23 18:00:00,0.77,17.0,3.1,6.3,5.66,9.7,41.0,3.3,11.1,106.0,CENTRO,18
2024-09-23 19:00:00,0.82,14.0,3.0,8.5,5.41,11.7,26.0,3.2,9.6,109.0,CENTRO,19
2024-09-23 20:00:00,0.76,15.0,2.4,7.2,5.12,9.8,32.0,3.2,7.4,131.0,CENTRO,20
2024-09-23 21:00:00,0.73,17.0,2.0,6.3,5.46,8.5,28.0,3.3,6.9,124.0,CENTRO,21
2024-09-23 22:00:00,0.71,20.0,1.9,6.6,4.99,8.8,27.0,3.3,8.4,98.0,CENTRO,22
2024-09-23 23:00:00,0.7,21.0,1.9,6.9,5.3,9.0,27.0,3.3,6.7,117.0,CENTRO,23
2024-09-24 00:00:00,0.69,22.0,1.8,7.6,7.54,9.6,27.0,3.4,6.6,100.0,CENTRO,0
2024-09-24 01:00:00,0.75,19.0,2.0,18.8,6.4,21.0,26.0,3.3,5.6,47.0,CENTRO,1
2024-09-24 02:00:00,0.71,15.0,2.7,13.7,6.4,16.6,25.0,3.2,5.0,20.0,CENTRO,2
2024-09-24 03:00:00,0.73,8.0,4.5,14.3,9.03,19.1,34.0,3.2,5.9,9.0,CENTRO,3
2024-09-24 04:00:00,0.76,6.0,7.0,14.0,12.51,21.2,39.0,3.2,5.3,47.0,CENTRO,4
2024-09-24 05:00:00,0.73,5.0,6.0,14.4,20.65,20.6,45.0,3.3,4.7,46.0,CENTRO,5
2024-09-24 06:00:00,0.79,5.0,2.5,14.0,21.96,16.7,55.0,3.2,1.9,328.0,CENTRO,6
2024-09-24 07:00:00,0.99,4.0,12.3,17.9,18.03,30.4,45.0,3.4,3.9,333.0,CENTRO,7
2024-09-24 08:00:00,1.1,6.0,23.9,16.2,18.19,40.4,50.0,3.4,4.2,10.0,CENTRO,8
2024-09-24 09:00:00,1.14,8.0,20.8,16.6,20.74,37.6,61.0,3.4,4.0,301.0,CENTRO,9
2024-09-24 10:00:00,1.09,18.0,12.7,16.7,18.89,29.7,57.0,3.3,5.2,18.0,CENTRO,10
2024-09-24 11:00:00,1.23,25.0,11.5,23.1,19.68,34.9,58.0,3.3,7.0,18.0,CENTRO,11
2024-09-24 12:00:00,0.89,40.0,6.3,17.8,14.85,24.4,71.0,3.3,10.2,54.0,CENTRO,12
2024-09-24 13:00:00,0.84,49.0,3.8,11.9,13.02,15.9,57.0,3.2,10.9,67.0,CENTRO,13
2024-09-24 14:00:00,0.82,59.0,2.6,8.4,11.57,11.2,47.0,3.2,12.6,73.0,CENTRO,14
2024-09-24 15:00:00,0.8,61.0,2.4,7.8,15.17,10.4,46.0,3.2,13.1,87.0,CENTRO,15
2024-09-24 16:00:00,0.79,52.0,2.4,8.1,23.14,10.8,54.0,3.2,12.8,80.0,CENTRO,16
2024-09-24 17:00:00,0.8,38.0,2.6,8.1,13.55,10.9,58.0,3.3,10.9,98.0,CENTRO,17
2024-09-24 18:00:00,0.78,34.0,2.3,7.8,9.45,10.3,42.0,3.3,9.4,115.0,CENTRO,18
2024-09-24 19:00:00,0.84,27.0,2.3,10.6,8.56,13.1,32.0,3.2,9.1,128.0,CENTRO,19
2024-09-24 20:00:00,0.84,26.0,1.9,10.9,9.14,13.0,31.0,3.3,8.2,106.0,CENTRO,20
2024-09-24 21:00:00,0.81,25.0,1.8,9.8,9.44,11.8,35.0,3.3,6.3,116.0,CENTRO,21
2024-09-24 22:00:00,0.8,23.0,1.9,9.9,8.67,12.0,33.0,3.2,4.9,94.0,CENTRO,22
2024-09-24 23:00:00,0.79,22.0,1.9,8.9,13.05,11.0,33.0,3.2,4.9,98.0,CENTRO,23
2024-09-25 00:00:00,0.8,24.0,1.8,7.0,8.9,9.1,33.0,3.3,5.3,119.0,CENTRO,0
2024-09-25 01:00:00,0.79,19.0,1.9,9.3,9.98,11.3,32.0,3.2,3.8,71.0,CENTRO,1
2024-09-25 02:00:00,0.88,9.0,2.1,17.8,11.98,20.1,37.0,3.2,3.0,316.0,CENTRO,2
2024-09-25 03:00:00,0.91,5.0,6.8,21.0,14.18,28.0,44.0,3.3,1.9,257.0,CENTRO,3
2024-09-25 04:00:00,1.14,5.0,27.2,21.5,19.73,48.9,53.0,3.5,3.4,28.0,CENTRO,4
2024-09-25 05:00:00,1.35,5.0,19.0,19.2,18.66,38.4,65.0,3.4,3.1,325.0,CENTRO,5
2024-09-25 06:00:00,1.57,5.333333333333333,19.2,17.4,17.59,36.9,68.0,3.3,2.0,230.0,CENTRO,6
2024-09-25 07:00:00,1.13,5.666666666666667,21.3,16.8,12.86,38.3,61.0,3.3,2.9,238.0,CENTRO,7
2024-09-25 08:00:00,1.12,6.0,32.8,22.8,19.75,55.9,45.0,3.3,6.0,238.0,CENTRO,8
2024-09-25 09:00:00,1.07,13.0,21.9,23.7,21.59,45.8,81.0,3.3,7.2,221.0,CENTRO,9
2024-09-25 10:00:00,0.98,24.0,9.7,17.0,11.48,26.9,72.0,3.2,4.1,328.0,CENTRO,10
2024-09-25 11:00:00,1.24,29.0,10.9,23.9,14.87,35.0,47.0,3.3,5.8,344.0,CENTRO,11
2024-09-25 12:00:00,0.88,40.0,5.5,16.0,11.71,21.7,56.0,3.2,7.0,18.0,CENTRO,12
2024-09-25 13:00:00,0.82,54.0,4.7,15.9,13.83,20.9,53.0,3.1,9.0,4.0,CENTRO,13
2024-09-25 14:00:00,0.81,68.0,3.1,12.9,12.42,16.2,60.0,3.2,8.7,43.0,CENTRO,14
2024-09-25 15:00:00,0.76,67.0,2.4,9.2,9.91,11.8,52.0,3.2,8.4,53.0,CENTRO,15
2024-09-25 16:00:00,0.76,59.0,2.6,10.8,9.06,13.6,45.0,3.3,8.3,52.0,CENTRO,16
2024-09-25 17:00:00,0.81,47.0,3.2,11.6,8.65,15.0,43.0,3.1,8.1,7.0,CENTRO,17
2024-09-25 18:00:00,0.88,37.0,3.4,12.1,8.71,15.8,43.0,3.2,9.8,19.0,CENTRO,18
2024-09-25 19:00:00,0.91,30.0,2.4,16.5,8.45,19.1,45.0,3.1,9.3,72.0,CENTRO,19
2024-09-25 20:00:00,0.95,21.0,2.7,20.1,8.53,23.0,44.0,3.2,7.1,53.0,CENTRO,20
2024-09-25 21:00:00,0.89,24.0,2.4,17.7,8.68,20.4,41.0,3.3,5.5,95.0,CENTRO,21
2024-09-25 22:00:00,0.75,29.0,1.8,8.1,7.79,10.1,41.0,3.3,9.7,121.0,CENTRO,22
2024-09-25 23:00:00,0.78,23.0,1.8,10.6,6.72,12.6,37.0,3.3,2.3,87.0,CENTRO,23
2024-09-26 00:00:00,0.86,12.0,1.9,18.3,8.15,20.4,34.0,3.3,1.9,200.0,CENTRO,0
2024-09-26 01:00:00,0.91,7.0,3.1,23.8,9.31,27.1,37.0,3.3,1.9,204.0,CENTRO,1
2024-09-26 02:00:00,0.9,10.0,2.5,20.3,9.96,22.9,43.0,3.3,3.5,206.0,CENTRO,2
2024-09-26 03:00:00,0.92,11.0,8.7,20.8,11.52,29.7,35.0,3.4,3.0,307.0,CENTRO,3
2024-09-26 04:00:00,1.07,10.0,18.6,19.7,19.28,38.6,59.0,3.4,8.4,349.0,CENTRO,4
2024-09-26 05:00:00,1.12,12.0,2.2,14.8,12.77,17.3,64.0,3.2,3.8,170.0,CENTRO,5
2024-09-26 06:00:00,0.96,8.0,3.0,14.6,10.45,17.8,51.0,3.2,2.4,118.0,CENTRO,6
2024-09-26 07:00:00,0.96,11.0,3.4,17.9,11.32,21.5,41.0,3.3,8.8,33.0,CENTRO,7
2024-09-26 08:00:00,1.01,20.0,3.7,18.0,11.69,21.9,49.0,3.3,7.9,68.0,CENTRO,8
2024-09-26 09:00:00,1.25,22.0,3.6,21.8,14.04,25.7,55.0,3.3,7.9,67.0,CENTRO,9
2024-09-26 10:00:00,1.06,26.0,5.8,21.7,16.71,27.7,65.0,3.3,7.9,82.0,CENTRO,10
2024-09-26 11:00:00,1.06,26.0,9.6,24.9,18.35,34.7,75.0,3.3,5.1,53.0,CENTRO,11
2024-09-26 12:00:00,1.1,42.0,6.3,19.7,18.88,26.4,79.0,3.3,4.9,186.0,CENTRO,12
2024-09-26 13:00:00,1.02,69.0,3.2,12.9,18.09,16.3,74.0,3.2,6.0,40.0,CENTRO,13
2024-09-26 14:00:00,0.96,83.0,2.4,10.6,19.32,13.2,65.0,3.3,6.6,297.0,CENTRO,14
2024-09-26 15:00:00,0.92,92.0,2.2,10.3,20.47,12.7,56.0,3.3,5.9,310.0,CENTRO,15
2024-09-26 16:00:00,0.94,92.0,2.2,11.4,22.09,13.8,59.0,3.3,7.6,339.0,CENTRO,16
2024-09-26 17:00:00,0.87,66.0,2.8,12.9,15.92,15.9,69.0,3.3,9.5,6.0,CENTRO,17
2024-09-26 18:00:00,0.83,48.0,3.0,13.9,11.8,17.1,60.0,3.3,10.4,24.0,CENTRO,18
2024-09-26 19:00:00,0.89,41.0,2.4,16.7,11.36,19.3,54.0,3.3,10.7,47.0,CENTRO,19
2024-09-26 20:00:00,0.91,32.0,2.4,22.9,12.01,25.5,48.0,3.3,8.2,35.0,CENTRO,20
2024-09-26 21:00:00,0.86,34.0,2.1,18.1,12.13,20.3,45.0,3.3,8.5,42.0,CENTRO,21
2024-09-26 22:00:00,0.79,33.0,2.0,18.5,11.09,20.6,46.0,3.2,5.8,24.0,CENTRO,22
2024-09-26 23:00:00,0.92,23.0,2.8,22.3,12.89,25.3,38.0,3.3,2.7,359.0,CENTRO,23
2024-09-27 00:00:00,0.89,15.0,3.1,26.9,14.42,30.1,47.0,3.2,2.5,265.0,CENTRO,0
2024-09-27 01:00:00,0.95,12.0,2.1,28.9,13.67,31.2,49.0,3.3,2.6,236.0,CENTRO,1
2024-09-27 02:00:00,0.9,14.0,2.0,23.7,13.88,25.9,41.0,3.3,1.8,203.0,CENTRO,2
2024-09-27 03:00:00,0.83,18.0,2.0,20.0,13.86,22.2,37.0,3.2,3.5,221.0,CENTRO,3
2024-09-27 04:00:00,0.88,10.0,3.2,27.9,22.05,31.3,43.0,3.1,5.3,229.0,CENTRO,4
2024-09-27 05:00:00,0.84,11.0,2.3,25.9,20.95,28.3,60.0,3.2,5.3,214.0,CENTRO,5
2024-09-27 06:00:00,0.86,11.0,2.5,23.1,19.46,25.9,57.0,3.2,1.8,237.0,CENTRO,6
2024-09-27 07:00:00,0.89,11.0,5.1,24.2,17.88,29.6,53.0,3.2,5.7,215.0,CENTRO,7
2024-09-27 08:00:00,1.08,9.0,18.5,30.6,22.78,49.3,60.0,3.3,5.7,218.0,CENTRO,8
2024-09-27 09:00:00,1.13,16.0,17.6,31.8,22.11,49.6,80.0,3.3,6.1,219.0,CENTRO,9
2024-09-27 10:00:00,1.14,29.0,12.0,30.2,21.46,42.3,78.0,3.3,2.3,332.0,CENTRO,10
2024-09-27 11:00:00,0.92,48.0,5.5,18.5,15.8,24.3,68.0,3.3,7.8,76.0,CENTRO,11
2024-09-27 12:00:00,0.9,61.0,4.2,17.3,14.63,21.7,50.0,3.2,7.4,94.0,CENTRO,12
2024-09-27 13:00:00,0.86,76.0,3.3,16.7,15.28,20.2,50.0,3.2,7.2,42.0,CENTRO,13
2024-09-27 14:00:00,0.81,82.0,2.8,15.9,15.23,18.8,47.0,3.2,7.7,52.0,CENTRO,14
2024-09-27 15:00:00,0.83,83.0,2.9,19.9,17.21,23.0,45.0,3.3,10.2,54.0,CENTRO,15
2024-09-27 16:00:00,0.85,92.0,3.1,27.5,19.64,30.8,51.0,3.2,8.6,48.0,CENTRO,16
2024-09-27 17:00:00,0.87,88.0,2.7,31.0,18.76,34.0,62.0,3.3,9.2,66.0,CENTRO,17
2024-09-27 18:00:00,0.87,81.0,2.6,38.2,17.64,41.0,62.0,3.2,9.7,79.0,CENTRO,18
2024-09-27 19:00:00,0.95,69.0,2.4,56.5,27.25,59.0,59.0,4.4,9.6,89.0,CENTRO,19
2024-09-27 20:00:00,0.92,53.0,2.0,18.6,17.88,20.7,61.0,3.8,7.0,103.0,CENTRO,20
2024-09-27 21:00:00,0.88,53.0,1.9,14.6,17.9,16.7,49.0,3.5,6.5,110.0,CENTRO,21
2024-09-27 22:00:00,0.93,43.0,2.1,17.2,17.56,19.5,43.0,3.4,4.5,123.0,CENTRO,22
2024-09-27 23:00:00,1.04,27.0,2.3,26.0,19.24,28.4,44.0,3.3,2.2,229.0,CENTRO,23
2024-09-28 00:00:00,0.92,30.0,2.0,24.8,15.7,27.0,49.0,3.3,2.9,212.0,CENTRO,0
2024-09-28 01:00:00,0.93,31.0,2.0,20.3,14.87,22.5,41.0,3.3,3.7,222.0,CENTRO,1
2024-09-28 02:00:00,1.01,20.0,2.1,31.6,22.53,33.9,43.0,3.3,5.1,218.0,CENTRO,2
2024-09-28 03:00:00,0.88,28.0,2.0,23.0,20.01,25.2,59.0,3.3,7.0,211.0,CENTRO,3
2024-09-28 04:00:00,0.79,33.0,2.0,15.8,15.86,18.0,54.0,3.2,5.9,216.0,CENTRO,4
2024-09-28 05:00:00,0.73,35.0,1.9,11.4,13.47,13.5,47.0,3.3,5.1,220.0,CENTRO,5
2024-09-28 06:00:00,0.69,35.0,2.0,10.7,12.07,12.9,41.0,3.3,5.2,267.0,CENTRO,6
2024-09-28 07:00:00,0.72,26.0,2.2,16.4,11.5,18.8,37.0,3.4,2.5,331.0,CENTRO,7
2024-09-28 08:00:00,0.81,20.0,5.6,22.4,11.55,28.3,37.0,3.5,4.3,234.0,CENTRO,8
2024-09-28 09:00:00,0.87,24.0,7.9,22.2,14.08,30.4,51.0,3.5,4.5,241.0,CENTRO,9
2024-09-28 10:00:00,0.85,40.0,7.2,18.8,14.95,26.2,56.0,3.8,4.7,320.0,CENTRO,10
2024-09-28 11:00:00,0.84,54.0,5.2,16.8,13.4,22.3,52.0,3.8,6.3,81.0,CENTRO,11
2024-09-28 12:00:00,0.75,69.0,3.4,10.3,12.04,13.9,42.0,3.5,12.0,63.0,CENTRO,12
2024-09-28 13:00:00,0.74,78.0,2.7,9.2,12.33,12.2,46.0,3.6,12.8,55.0,CENTRO,13
2024-09-28 14:00:00,0.78,87.0,2.7,10.9,14.84,13.8,50.0,3.6,12.6,63.0,CENTRO,14
2024-09-28 15:00:00,0.77,87.0,2.6,10.2,15.27,13.0,50.0,3.6,11.8,68.0,CENTRO,15
2024-09-28 16:00:00,0.73,82.0,2.3,8.6,13.33,11.1,49.0,3.6,11.9,80.0,CENTRO,16
2024-09-28 17:00:00,0.78,74.0,2.3,10.3,14.56,12.8,48.0,3.9,12.0,78.0,CENTRO,17
2024-09-28 18:00:00,0.74,74.0,2.1,8.9,15.6,11.2,46.0,5.1,9.3,96.0,CENTRO,18
2024-09-28 19:00:00,0.78,66.0,2.0,10.4,18.6,12.6,44.0,6.7,6.7,140.0,CENTRO,19
2024-09-28 20:00:00,0.83,57.0,1.9,14.5,20.37,16.6,44.0,7.9,6.9,114.0,CENTRO,20
2024-09-28 21:00:00,0.83,52.0,1.9,14.6,18.34,16.7,49.0,5.7,3.5,133.0,CENTRO,21
2024-09-28 22:00:00,0.88,40.0,2.0,20.9,18.44,23.1,47.0,4.6,4.5,191.0,CENTRO,22
2024-09-28 23:00:00,0.88,45.0,2.0,16.9,21.55,19.1,50.0,4.7,8.4,211.0,CENTRO,23
2024-09-29 00:00:00,0.85,43.0,2.0,15.3,19.63,17.4,53.0,4.4,5.6,203.0,CENTRO,0
2024-09-29 01:00:00,0.86,36.0,2.0,20.5,19.79,22.7,52.0,4.2,5.9,205.0,CENTRO,1
2024-09-29 02:00:00,0.76,45.0,2.0,11.9,16.05,14.1,46.0,4.2,6.9,214.0,CENTRO,2
2024-09-29 03:00:00,0.71,44.0,1.9,9.3,15.71,11.5,46.0,4.0,3.7,232.0,CENTRO,3
2024-09-29 04:00:00,0.68,44.0,1.9,8.3,13.91,10.5,43.0,4.1,2.6,204.0,CENTRO,4
2024-09-29 05:00:00,0.66,44.0,1.9,7.0,13.23,9.1,37.0,4.0,6.0,218.0,CENTRO,5
2024-09-29 06:00:00,0.64,43.0,1.9,7.0,12.97,9.2,37.0,4.0,5.0,220.0,CENTRO,6
2024-09-29 07:00:00,0.67,38.0,2.1,10.2,12.65,12.5,36.0,3.9,4.1,251.0,CENTRO,7
2024-09-29 08:00:00,0.75,31.0,3.1,15.8,13.65,19.2,37.0,4.0,4.8,218.0,CENTRO,8
2024-09-29 09:00:00,0.71,40.0,2.9,11.3,12.38,14.4,40.0,4.0,6.3,218.0,CENTRO,9
2024-09-29 10:00:00,0.73,41.0,3.3,12.0,12.45,15.5,38.0,3.8,5.1,233.0,CENTRO,10
2024-09-29 11:00:00,0.79,61.0,2.9,9.5,13.1,12.6,42.0,3.8,4.0,295.0,CENTRO,11
2024-09-29 12:00:00,0.94,72.0,2.8,10.0,15.82,13.0,41.0,4.0,4.1,350.0,CENTRO,12
2024-09-29 13:00:00,1.15,86.0,3.7,18.9,22.58,22.9,40.0,5.2,5.5,161.0,CENTRO,13
2024-09-29 14:00:00,0.77,81.0,2.3,7.6,14.81,10.1,53.0,4.5,8.7,112.0,CENTRO,14
2024-09-29 15:00:00,0.71,78.0,2.1,5.5,12.45,7.8,39.0,3.8,8.2,144.0,CENTRO,15
2024-09-29 16:00:00,0.71,72.0,2.1,5.9,12.23,8.1,37.0,3.5,8.2,129.0,CENTRO,16
2024-09-29 17:00:00,0.68,67.0,2.0,5.5,11.61,7.7,38.0,3.4,8.3,134.0,CENTRO,17
2024-09-29 18:00:00,0.74,62.0,2.0,8.5,12.81,10.8,34.0,3.4,7.8,117.0,CENTRO,18
2024-09-29 19:00:00,0.81,60.0,1.9,11.7,17.09,13.9,38.0,3.5,7.7,105.0,CENTRO,19
2024-09-29 20:00:00,0.76,60.0,1.9,8.2,15.36,10.3,45.0,3.5,7.7,102.0,CENTRO,20
2024-09-29 21:00:00,0.79,52.0,1.9,11.1,15.15,13.2,45.0,3.5,5.6,91.0,CENTRO,21
2024-09-29 22:00:00,0.73,56.0,2.1,8.3,14.46,10.6,41.0,3.8,4.7,147.0,CENTRO,22
2024-09-29 23:00:00,0.8,44.0,2.0,12.9,13.59,15.1,38.0,4.0,2.0,243.0,CENTRO,23
2024-09-30 00:00:00,0.8,39.0,2.0,17.4,13.24,19.5,38.0,4.6,2.9,224.0,CENTRO,0
2024-09-30 01:00:00,0.87,31.0,2.0,19.1,15.75,21.3,40.0,4.8,2.3,238.0,CENTRO,1
2024-09-30 02:00:00,0.7,37.0,2.0,11.1,13.32,13.2,42.0,4.3,2.4,232.0,CENTRO,2
2024-09-30 03:00:00,0.68,35.0,2.0,10.3,13.25,12.5,38.0,4.1,2.2,254.0,CENTRO,3
2024-09-30 04:00:00,0.64,37.0,1.9,7.6,12.84,9.7,35.0,3.9,2.4,196.0,CENTRO,4
2024-09-30 05:00:00,0.62,38.0,2.0,7.6,12.18,9.8,38.0,4.0,6.4,212.0,CENTRO,5
2024-09-30 06:00:00,0.65,33.0,2.0,11.5,13.52,13.7,38.0,3.8,4.3,221.0,CENTRO,6
2024-09-30 07:00:00,0.76,21.0,4.6,23.0,14.48,27.8,39.0,3.9,4.8,224.0,CENTRO,7
2024-09-30 08:00:00,0.95,16.0,9.3,29.4,15.88,38.9,45.0,4.0,5.1,217.0,CENTRO,8
2024-09-30 09:00:00,0.93,29.0,8.3,23.1,16.67,31.6,57.0,4.2,6.9,210.0,CENTRO,9
2024-09-30 10:00:00,0.98,47.0,5.9,19.4,16.26,25.6,57.0,4.3,4.5,172.0,CENTRO,10
2024-09-30 11:00:00,0.87,66.0,4.1,15.3,17.36,19.6,56.0,5.3,6.5,53.0,CENTRO,11
2024-09-30 12:00:00,0.81,83.0,2.7,10.6,17.58,13.6,46.0,5.0,8.3,87.0,CENTRO,12
2024-09-30 13:00:00,0.8,92.0,2.6,10.5,18.18,13.4,45.0,4.4,11.2,59.0,CENTRO,13
2024-09-30 14:00:00,0.83,99.0,2.5,11.2,20.13,14.0,53.0,4.3,12.0,67.0,CENTRO,14
2024-09-30 15:00:00,0.83,109.0,2.4,12.0,24.77,14.6,60.0,8.0,13.2,62.0,CENTRO,15
2024-09-30 16:00:00,0.77,88.0,2.5,10.0,24.3,12.7,75.0,11.7,13.6,93.0,CENTRO,16
2024-09-30 17:00:00,0.76,76.0,2.3,8.1,18.05,10.6,63.0,5.8,12.3,106.0,CENTRO,17
2024-09-30 18:00:00,0.8,61.0,2.3,10.4,16.72,13.0,51.0,4.4,11.4,95.0,CENTRO,18
2024-09-30 19:00:00,0.84,52.0,2.2,14.1,17.4,16.4,46.0,5.7,12.0,85.0,CENTRO,19
2024-09-30 20:00:00,0.8,51.0,2.0,12.9,16.49,15.1,47.0,7.0,7.9,121.0,CENTRO,20
2024-09-30 21:00:00,0.81,50.0,2.0,12.7,17.75,14.8,43.0,5.2,6.6,125.0,CENTRO,21
2024-09-30 22:00:00,0.8,49.0,2.0,11.7,17.82,83.45,37.0,83.45,83.45,83.45,CENTRO,22
2024-09-30 23:00:00,0.91,35.0,2.1,18.2,20.33,83.45,43.0,83.45,83.45,83.45,CENTRO,23
2024-10-01 00:00:00,0.88,28.0,2.4499999999999997,23.55,22.505,57.625,48.0,44.275,45.375,54.725,CENTRO,0
2024-10-01 01:00:00,0.85,21.0,2.8,28.9,24.68,31.8,53.0,5.1,7.3,26.0,CENTRO,1
2024-10-01 02:00:00,0.81,23.0,2.2,24.0,20.65,26.4,62.0,7.1,5.7,18.0,CENTRO,2
2024-10-01 03:00:00,0.8,30.0,2.0,16.4,18.77,18.5,59.0,4.8,4.6,12.0,CENTRO,3
2024-10-01 04:00:00,0.83,25.0,2.0,19.1,18.93,21.3,58.0,4.4,3.0,9.0,CENTRO,4
2024-10-01 05:00:00,0.95,22.0,2.0,20.3,18.05,22.5,62.0,5.1,2.5,351.0,CENTRO,5
2024-10-01 06:00:00,1.01,14.0,2.1,26.4,17.36,28.7,58.0,4.5,2.0,288.0,CENTRO,6
2024-10-01 07:00:00,1.06,8.0,4.0,28.2,19.57,32.4,53.0,4.1,1.8,214.0,CENTRO,7
2024-10-01 08:00:00,0.96,15.0,7.5,25.2,20.34,32.9,57.0,4.0,2.9,344.0,CENTRO,8
2024-10-01 09:00:00,0.95,26.0,8.3,21.4,21.81,30.1,63.0,4.2,2.5,37.0,CENTRO,9
2024-10-01 10:00:00,1.08,31.0,11.8,29.7,27.11,41.7,65.0,5.0,2.5,93.0,CENTRO,10
2024-10-01 11:00:00,1.4,42.0,12.3,32.4,28.97,44.9,78.0,8.3,6.4,55.0,CENTRO,11
2024-10-01 12:00:00,0.86,70.0,3.3,12.3,19.44,15.8,81.0,5.9,8.8,68.0,CENTRO,12
2024-10-01 13:00:00,0.67,70.0,2.3,5.3,14.57,7.8,61.0,4.8,11.9,84.0,CENTRO,13
2024-10-01 14:00:00,0.65,72.0,2.4,5.4,11.1,7.9,40.0,4.7,14.1,75.0,CENTRO,14
2024-10-01 15:00:00,0.65,70.0,2.4,5.3,10.86,7.9,40.0,4.3,14.5,87.0,CENTRO,15
2024-10-01 16:00:00,0.65,68.0,2.4,5.6,10.5,8.1,37.0,3.8,13.1,96.0,CENTRO,16
2024-10-01 17:00:00,0.63,64.0,2.3,5.2,10.24,7.7,34.0,3.7,13.1,95.0,CENTRO,17
2024-10-01 18:00:00,0.65,59.0,2.2,5.7,9.88,8.0,34.0,3.7,11.9,107.0,CENTRO,18
2024-10-01 19:00:00,0.69,50.0,2.0,8.1,10.02,10.3,34.0,3.6,12.1,88.0,CENTRO,19
2024-10-01 20:00:00,0.71,44.0,2.0,9.6,10.23,11.8,36.0,3.5,9.8,104.0,CENTRO,20
2024-10-01 21:00:00,0.76,41.0,2.1,11.2,12.09,13.5,37.0,3.5,6.3,114.0,CENTRO,21
2024-10-01 22:00:00,0.73,38.0,2.0,11.0,11.24,13.2,35.0,3.5,5.6,113.0,CENTRO,22
2024-10-01 23:00:00,0.71,37.0,2.0,8.7,9.35,10.9,29.0,3.4,4.9,98.0,CENTRO,23
2024-10-02 00:00:00,0.69,39.0,2.0,8.4,9.34,10.6,30.0,3.7,5.9,120.0,CENTRO,0
2024-10-02 01:00:00,0.69,41.0,2.1,6.6,9.35,8.9,29.0,4.0,5.8,74.0,CENTRO,1
2024-10-02 02:00:00,0.61,43.0,2.0,3.9,8.67,6.0,30.0,3.7,4.3,129.0,CENTRO,2
2024-10-02 03:00:00,0.62,38.0,1.9,3.9,11.42,6.0,29.0,3.5,2.2,3.0,CENTRO,3
2024-10-02 04:00:00,0.71,22.0,2.1,17.2,17.34,19.5,28.0,3.6,2.8,276.0,CENTRO,4
2024-10-02 05:00:00,1.02,7.0,6.5,33.2,22.76,39.9,42.0,3.7,3.0,333.0,CENTRO,5
2024-10-02 06:00:00,1.17,6.0,12.1,33.3,30.86,45.7,65.0,3.9,2.4,340.0,CENTRO,6
2024-10-02 07:00:00,1.28,5.0,33.2,32.9,27.84,66.3,82.0,4.0,2.4,326.0,CENTRO,7
2024-10-02 08:00:00,1.3,7.0,40.5,33.6,24.76,74.4,91.0,4.1,2.3,246.0,CENTRO,8
2024-10-02 09:00:00,1.22,15.0,24.0,32.0,24.43,56.2,86.0,4.6,3.6,252.0,CENTRO,9
2024-10-02 10:00:00,1.14,31.0,14.1,30.8,20.33,45.1,71.0,4.7,3.7,23.0,CENTRO,10
2024-10-02 11:00:00,0.86,52.0,6.4,17.7,16.94,24.3,62.0,4.3,8.1,84.0,CENTRO,11
2024-10-02 12:00:00,0.8,65.0,4.0,13.7,15.17,18.0,50.0,4.1,11.9,92.0,CENTRO,12
2024-10-02 13:00:00,0.74,75.0,3.1,9.1,15.1,12.4,50.0,3.9,12.5,73.0,CENTRO,13
2024-10-02 14:00:00,0.7,80.0,2.6,7.7,16.64,10.6,56.0,3.9,12.0,78.0,CENTRO,14
2024-10-02 15:00:00,0.68,79.0,2.5,7.1,16.38,9.8,46.0,5.7,10.8,83.0,CENTRO,15
2024-10-02 16:00:00,0.66,76.0,2.6,7.4,21.41,10.3,49.0,9.7,11.9,72.0,CENTRO,16
2024-10-02 17:00:00,0.71,71.0,2.6,9.5,25.07,12.3,55.0,10.0,12.0,84.0,CENTRO,17
2024-10-02 18:00:00,0.73,67.0,2.5,12.1,25.31,14.9,55.0,11.8,11.8,72.0,CENTRO,18
2024-10-02 19:00:00,0.83,53.0,2.3,16.5,22.74,19.0,55.0,8.8,9.9,94.0,CENTRO,19
2024-10-02 20:00:00,0.85,49.0,2.2,15.9,19.0,18.2,53.0,5.7,7.2,125.0,CENTRO,20
2024-10-02 21:00:00,0.84,44.0,2.1,17.9,18.98,20.1,49.0,5.1,5.0,140.0,CENTRO,21
2024-10-02 22:00:00,0.81,43.0,2.1,16.9,20.06,19.1,48.0,6.0,3.9,94.0,CENTRO,22
2024-10-02 23:00:00,0.76,46.0,2.0,13.2,20.29,15.4,46.0,7.1,4.8,80.0,CENTRO,23
2024-10-03 00:00:00,0.84,30.0,2.1,22.6,19.34,24.8,43.0,5.5,2.9,136.0,CENTRO,0
2024-10-03 01:00:00,0.79,34.0,2.1,19.7,19.19,22.0,47.0,4.7,2.7,231.0,CENTRO,1
2024-10-03 02:00:00,0.8,36.0,2.1,17.8,18.84,20.0,46.0,4.4,6.1,51.0,CENTRO,2
2024-10-03 03:00:00,0.78,24.0,2.1,25.0,24.26,27.3,53.0,5.8,1.8,237.0,CENTRO,3
2024-10-03 04:00:00,0.81,23.0,2.1,23.9,25.15,26.2,57.0,6.6,5.0,353.0,CENTRO,4
2024-10-03 05:00:00,0.87,11.0,3.2,34.6,28.42,38.1,57.0,6.2,3.0,347.0,CENTRO,5
2024-10-03 06:00:00,0.95,6.0,3.5,36.6,32.93,40.3,73.0,5.5,1.8,243.0,CENTRO,6
2024-10-03 07:00:00,0.88,13.0,4.4,27.4,26.96,32.0,75.0,5.3,2.2,212.0,CENTRO,7
2024-10-03 08:00:00,1.03,11.0,15.9,33.1,24.35,49.2,61.0,6.4,2.5,245.0,CENTRO,8
2024-10-03 09:00:00,1.12,19.0,16.3,32.4,25.75,48.9,65.0,6.9,3.5,226.0,CENTRO,9
2024-10-03 10:00:00,1.16,35.0,11.3,30.0,31.31,41.5,69.0,7.1,4.8,360.0,CENTRO,10
2024-10-03 11:00:00,1.17,51.0,7.9,28.3,33.88,36.4,96.0,8.3,4.8,328.0,CENTRO,11
2024-10-03 12:00:00,1.22,57.0,7.8,32.4,41.37,40.4,102.0,9.6,8.0,28.0,CENTRO,12
2024-10-03 13:00:00,0.83,71.0,4.4,19.4,28.3,24.0,97.0,7.6,8.1,23.0,CENTRO,13
2024-10-03 14:00:00,0.8,81.0,3.2,14.5,23.75,17.9,72.0,5.9,8.9,44.0,CENTRO,14
2024-10-03 15:00:00,0.76,87.0,2.6,11.0,23.61,13.8,62.0,5.0,9.2,73.0,CENTRO,15
2024-10-03 16:00:00,0.77,78.0,2.6,12.3,21.23,15.2,58.0,4.7,9.3,78.0,CENTRO,16
2024-10-03 17:00:00,0.85,80.0,2.6,15.8,22.74,18.6,57.0,4.4,9.5,130.0,CENTRO,17
2024-10-03 18:00:00,0.79,71.0,2.3,11.0,22.17,13.5,60.0,4.1,9.5,137.0,CENTRO,18
2024-10-03 19:00:00,0.84,65.0,2.3,13.2,20.15,15.7,55.0,4.2,9.5,128.0,CENTRO,19
2024-10-03 20:00:00,0.86,56.0,2.2,15.1,21.3,17.5,54.0,4.1,9.4,106.0,CENTRO,20
2024-10-03 21:00:00,0.84,45.0,2.2,16.1,17.3,18.5,50.0,4.2,5.8,117.0,CENTRO,21
2024-10-03 22:00:00,0.71,49.0,2.1,9.3,16.81,11.6,48.0,4.4,6.9,129.0,CENTRO,22
2024-10-03 23:00:00,0.72,50.0,2.2,8.4,14.85,10.8,43.0,4.3,7.3,122.0,CENTRO,23
2024-10-04 00:00:00,0.72,47.0,2.1,8.6,15.71,10.9,43.0,3.9,6.3,120.0,CENTRO,0
2024-10-04 01:00:00,0.74,40.0,2.1,11.9,15.37,14.2,38.0,3.9,7.4,80.0,CENTRO,1
2024-10-04 02:00:00,0.73,32.0,2.1,11.8,12.2,14.2,42.0,3.7,6.3,57.0,CENTRO,2
2024-10-04 03:00:00,0.74,29.0,2.1,11.4,12.02,13.7,45.0,3.6,4.2,47.0,CENTRO,3
2024-10-04 04:00:00,0.77,19.0,2.2,16.5,14.08,18.9,45.0,3.6,1.8,8.0,CENTRO,4
2024-10-04 05:00:00,0.78,15.0,2.3,21.4,14.15,23.8,53.0,3.7,2.3,355.0,CENTRO,5
2024-10-04 06:00:00,1.01,5.0,8.8,31.9,18.08,41.0,48.0,4.5,2.6,342.0,CENTRO,6
2024-10-04 07:00:00,1.23,5.0,28.7,30.7,24.48,59.6,64.0,4.4,1.8,287.0,CENTRO,7
2024-10-04 08:00:00,1.14,7.0,27.6,29.8,25.01,57.6,90.0,4.6,2.4,241.0,CENTRO,8
2024-10-04 09:00:00,1.15,16.0,21.6,30.8,21.95,50.1,74.0,6.0,3.5,252.0,CENTRO,9
2024-10-04 10:00:00,1.08,30.0,13.0,29.1,23.85,41.5,72.0,6.2,3.4,298.0,CENTRO,10
2024-10-04 11:00:00,0.84,53.0,4.4,12.1,17.27,16.8,83.0,5.9,5.7,28.0,CENTRO,11
2024-10-04 12:00:00,0.78,63.0,3.6,9.5,15.17,13.3,58.0,5.1,9.3,359.0,CENTRO,12
2024-10-04 13:00:00,0.71,66.0,3.1,7.0,15.64,10.4,54.0,4.4,11.1,16.0,CENTRO,13
2024-10-04 14:00:00,0.69,69.0,2.9,7.1,15.93,10.3,60.0,4.1,10.4,10.0,CENTRO,14
2024-10-04 15:00:00,0.68,67.0,2.9,6.4,15.57,9.4,63.0,4.0,11.0,9.0,CENTRO,15
2024-10-04 16:00:00,0.7,67.0,4.8,9.0,15.73,12.1,63.0,3.9,11.0,12.0,CENTRO,16
2024-10-04 17:00:00,0.73,62.0,4.9,9.9,16.21,13.5,60.0,3.8,9.9,10.0,CENTRO,17
2024-10-04 18:00:00,0.75,58.0,3.6,11.4,16.09,14.9,55.0,3.7,11.2,14.0,CENTRO,18
2024-10-04 19:00:00,0.82,50.0,3.3,16.5,16.89,19.5,52.0,3.8,9.1,13.0,CENTRO,19
2024-10-04 20:00:00,0.83,49.0,2.8,17.6,17.28,20.1,54.0,3.7,5.1,19.0,CENTRO,20
2024-10-04 21:00:00,0.8,50.0,2.2,15.3,18.02,17.7,52.0,3.8,4.2,20.0,CENTRO,21
2024-10-04 22:00:00,0.86,47.0,3.2,15.1,17.59,18.4,50.0,3.8,2.8,211.0,CENTRO,22
2024-10-04 23:00:00,0.95,46.0,2.8,15.1,18.97,18.1,57.0,3.8,8.1,350.0,CENTRO,23
2024-10-05 00:00:00,0.78,49.0,2.1,7.7,17.01,10.0,60.0,3.8,11.2,355.0,CENTRO,0
2024-10-05 01:00:00,0.85,44.0,2.1,13.0,15.33,15.3,50.0,3.6,8.2,60.0,CENTRO,1
2024-10-05 02:00:00,0.9,26.0,2.2,27.2,20.17,29.6,58.0,3.7,4.8,61.0,CENTRO,2
2024-10-05 03:00:00,1.19,35.0,2.1,15.3,20.54,17.6,75.0,3.7,4.0,56.0,CENTRO,3
2024-10-05 04:00:00,1.1,21.0,2.1,19.9,18.3,22.2,54.0,3.4,2.3,227.0,CENTRO,4
2024-10-05 05:00:00,0.93,22.0,2.2,17.8,19.06,20.2,46.0,3.3,3.8,277.0,CENTRO,5
2024-10-05 06:00:00,0.83,28.0,2.2,13.2,21.24,15.5,45.0,3.4,3.3,269.0,CENTRO,6
2024-10-05 07:00:00,0.83,28.0,2.3,14.8,23.48,17.2,46.0,3.3,3.3,290.0,CENTRO,7
2024-10-05 08:00:00,0.91,24.0,2.7,18.1,23.66,21.0,46.0,3.3,2.3,347.0,CENTRO,8
2024-10-05 09:00:00,0.99,19.0,4.0,23.9,23.97,28.1,46.0,3.4,2.8,286.0,CENTRO,9
2024-10-05 10:00:00,0.94,25.0,4.7,21.9,19.54,26.8,41.0,3.2,4.6,245.0,CENTRO,10
2024-10-05 11:00:00,1.02,23.0,6.4,24.0,19.79,30.6,42.0,3.3,5.6,280.0,CENTRO,11
2024-10-05 12:00:00,0.98,26.0,6.2,22.7,16.41,29.2,43.0,3.2,6.3,247.0,CENTRO,12
2024-10-05 13:00:00,1.0,30.0,4.8,21.4,14.72,26.5,41.0,3.2,3.6,307.0,CENTRO,13
2024-10-05 14:00:00,1.1,26.0,5.6,21.3,14.34,27.1,45.0,3.2,4.5,224.0,CENTRO,14
2024-10-05 15:00:00,1.0,28.0,4.6,17.7,9.8,22.5,37.0,3.2,7.6,218.0,CENTRO,15
2024-10-05 16:00:00,1.0,26.0,3.7,20.0,11.5,23.9,36.0,3.2,5.3,210.0,CENTRO,16
2024-10-05 17:00:00,0.96,23.0,4.3,18.1,11.99,22.7,37.0,3.2,7.0,218.0,CENTRO,17
2024-10-05 18:00:00,0.93,20.0,3.0,17.8,8.61,21.0,30.0,3.2,7.1,220.0,CENTRO,18
2024-10-05 19:00:00,0.95,16.0,2.5,18.6,10.37,21.2,35.0,3.2,4.2,229.0,CENTRO,19
2024-10-05 20:00:00,1.04,10.0,2.9,20.1,9.11,23.2,34.0,3.2062500000000003,2.3,237.0,CENTRO,20
2024-10-05 21:00:00,0.9,15.0,2.4,15.0,6.9,17.5,34.0,3.2125000000000004,6.5,214.0,CENTRO,21
2024-10-05 22:00:00,0.88,14.0,2.5,15.1,6.48,17.7,29.0,3.21875,7.6,218.0,CENTRO,22
2024-10-05 23:00:00,0.93,10.0,2.8,18.2,7.96,21.2,28.0,3.225,4.2,243.0,CENTRO,23
2024-10-06 00:00:00,0.86,10.0,3.1,17.3,8.04,20.6,35.0,3.5,2.3,223.0,CENTRO,0
2024-10-06 01:00:00,0.85,10.0,2.8,15.2,6.42,18.2,30.0,3.5,4.1,215.0,CENTRO,1
2024-10-06 02:00:00,0.82,9.0,2.6,13.4,5.37,16.2,26.0,3.5,2.1,233.0,CENTRO,2
2024-10-06 03:00:00,0.82,8.0,2.8,14.4,5.73,17.4,25.0,3.5,2.2,262.0,CENTRO,3
2024-10-06 04:00:00,0.81,9.0,2.6,13.0,6.67,15.8,29.0,3.6,3.2,235.0,CENTRO,4
2024-10-06 05:00:00,0.8,8.0,2.5,12.1,7.38,14.8,35.0,3.6,2.0,265.0,CENTRO,5
2024-10-06 06:00:00,0.77,7.0,3.0,11.3,6.66,14.6,35.0,3.6,1.8,237.0,CENTRO,6
2024-10-06 07:00:00,0.75,7.0,3.4,11.3,6.37,14.9,36.0,3.275,1.8,268.0,CENTRO,7
2024-10-06 08:00:00,0.82,8.0,7.3,12.6,6.34,20.1,25.0,3.28125,2.1,286.0,CENTRO,8
2024-10-06 09:00:00,0.83,14.0,8.5,12.2,6.26,21.0,33.0,3.2875,4.0,225.0,CENTRO,9
2024-10-06 10:00:00,0.93,27.0,6.3,10.6,6.0,17.1,44.0,3.2937499999999997,2.7,11.0,CENTRO,10
2024-10-06 11:00:00,1.09,37.0,6.6,15.5,7.0,22.3,35.0,3.3,4.3,17.0,CENTRO,11
2024-10-06 12:00:00,0.82,45.0,3.9,11.2,7.0,15.3,39.0,3.3,4.7,9.0,CENTRO,12
2024-10-06 13:00:00,0.71,47.0,4.7,12.5,8.0,17.4,37.0,3.4,5.8,91.0,CENTRO,13
2024-10-06 14:00:00,0.71,55.0,3.2,10.1,9.0,13.5,31.0,3.5,4.8,51.0,CENTRO,14
2024-10-06 15:00:00,0.7,53.0,2.6,5.6,9.0,8.4,28.0,3.4,8.0,11.0,CENTRO,15
2024-10-06 16:00:00,0.77,40.0,2.6,9.0,8.0,11.9,30.0,3.4,8.4,93.0,CENTRO,16
2024-10-06 17:00:00,0.78,41.0,2.7,9.7,9.0,12.6,32.0,3.4,8.0,78.0,CENTRO,17
2024-10-06 18:00:00,0.85,38.0,2.7,12.1,11.0,15.0,28.0,3.4,7.1,110.0,CENTRO,18
2024-10-06 19:00:00,0.86,36.0,2.2,11.5,11.0,14.0,91.0,3.3,5.3,120.0,CENTRO,19
2024-10-06 20:00:00,1.02,20.0,2.3,19.0,12.0,21.4,62.0,3.3,2.0,237.0,CENTRO,20
2024-10-06 21:00:00,1.15,8.0,3.9,28.0,15.0,32.2,39.0,3.2,2.0,219.0,CENTRO,21
2024-10-06 22:00:00,1.24,5.0,9.1,29.0,15.0,38.3,38.0,3.4,1.8,194.0,CENTRO,22
2024-10-06 23:00:00,1.2,5.0,13.8,27.2,14.0,41.3,38.0,3.4,1.9,210.0,CENTRO,23
2024-10-07 00:00:00,1.14,5.0,8.3,26.0,13.0,34.5,36.0,3.3,1.8,95.0,CENTRO,0
2024-10-07 01:00:00,1.02,10.0,3.2,18.6,13.0,21.9,34.0,3.3,1.8,261.0,CENTRO,1
2024-10-07 02:00:00,1.02,7.0,5.0,23.7,14.5,28.8,33.0,3.3,1.8,243.0,CENTRO,2
2024-10-07 03:00:00,1.0,6.0,3.9,24.2,16.0,28.3,37.0,3.3,1.8499999999999999,230.0,CENTRO,3
2024-10-07 04:00:00,0.85,12.0,2.4,15.8,14.0,18.3,34.0,3.3,1.9,244.0,CENTRO,4
2024-10-07 05:00:00,0.8,10.0,2.5,13.8,12.0,16.5,35.0,3.3,1.8,217.0,CENTRO,5
2024-10-07 06:00:00,0.79,8.0,2.6,14.8,13.0,17.6,36.0,3.3,1.8,238.0,CENTRO,6
2024-10-07 07:00:00,1.03,4.0,16.4,19.2,15.0,35.9,31.0,3.6,1.8,220.0,CENTRO,7
2024-10-07 08:00:00,1.2,5.0,30.3,19.9,14.0,50.4,38.0,3.5,2.5,215.0,CENTRO,8
2024-10-07 09:00:00,1.46,9.0,45.7,29.3,18.0,75.3,46.0,3.7,5.9,42.0,CENTRO,9
2024-10-07 10:00:00,1.36,8.0,39.4,33.2,29.0,72.8,80.0,3.7,7.0,21.0,CENTRO,10
2024-10-07 11:00:00,1.15,12.0,24.2,31.3,22.0,55.6,80.0,3.8,7.2,23.0,CENTRO,11
2024-10-07 12:00:00,1.18,12.0,26.4,32.8,23.0,59.4,70.0,4.0,8.2,22.0,CENTRO,12
2024-10-07 13:00:00,1.09,24.0,6.5,19.8,19.86,26.6,59.0,4.2,8.1,334.0,CENTRO,13
2024-10-07 14:00:00,0.81,39.0,4.4,10.9,14.97,15.5,44.0,4.2,5.4,325.0,CENTRO,14
2024-10-07 15:00:00,0.85,42.0,3.7,12.0,11.94,15.9,32.0,4.0,4.1,222.0,CENTRO,15
2024-10-07 16:00:00,0.77,43.0,3.4,9.3,13.18,12.9,32.0,3.8,5.1,222.0,CENTRO,16
2024-10-07 17:00:00,0.79,36.0,4.5,11.4,12.87,16.1,34.0,3.8,4.7,205.0,CENTRO,17
2024-10-07 18:00:00,0.93,28.0,5.3,18.1,11.65,23.6,33.0,3.6,3.0,210.0,CENTRO,18
2024-10-07 19:00:00,1.38,9.0,17.1,32.5,12.34,49.9,37.0,3.7,2.1,169.0,CENTRO,19
2024-10-07 20:00:00,1.47,5.0,22.1,35.2,16.2,57.6,46.0,3.7,2.2,189.0,CENTRO,20
2024-10-07 21:00:00,1.29,4.0,16.2,33.7,16.11,50.1,44.0,3.6,1.9,135.0,CENTRO,21
2024-10-07 22:00:00,1.05,10.0,4.8,28.1,15.62,33.1,38.0,3.6,2.9,203.0,CENTRO,22
2024-10-07 23:00:00,1.17,5.0,15.4,31.5,16.24,47.1,41.0,3.6,1.8,140.0,CENTRO,23
2024-10-08 00:00:00,0.99,11.0,4.0,24.3,18.98,28.5,41.0,3.6,2.8,212.0,CENTRO,0
2024-10-08 01:00:00,0.84,16.0,2.5,17.7,17.44,20.4,38.0,3.8,3.9,208.0,CENTRO,1
2024-10-08 02:00:00,0.76,17.0,2.4,13.9,15.47,16.5,39.0,3.9,1.8,277.0,CENTRO,2
2024-10-08 03:00:00,0.72,18.0,2.4,12.9,14.9,15.5,32.0,3.8,1.9,260.0,CENTRO,3
2024-10-08 04:00:00,0.67,22.0,2.4,9.3,14.13,12.0,31.0,3.8,3.1,234.0,CENTRO,4
2024-10-08 05:00:00,0.64,23.0,2.4,8.4,13.9,11.0,33.0,4.1,2.5,232.0,CENTRO,5
2024-10-08 06:00:00,0.64,22.0,2.5,9.7,13.12,12.4,28.0,4.2,3.5,234.0,CENTRO,6
2024-10-08 07:00:00,0.84,12.0,5.0,18.7,13.45,23.9,31.0,4.2,2.1,272.0,CENTRO,7
2024-10-08 08:00:00,1.05,8.0,25.2,25.1,14.62,50.5,38.0,4.8,3.1,241.0,CENTRO,8
2024-10-08 09:00:00,1.04,16.0,16.9,23.5,16.07,40.6,46.0,5.3,4.6,217.0,CENTRO,9
2024-10-08 10:00:00,1.23,30.0,11.5,24.5,16.51,36.2,53.0,6.1,2.4,349.0,CENTRO,10
2024-10-08 11:00:00,1.25,32.0,20.8,37.8,22.09,58.7,59.0,9.0,7.5,70.0,CENTRO,11
2024-10-08 12:00:00,0.78,58.0,5.1,14.4,28.44,19.8,56.0,5.1,10.7,70.0,CENTRO,12
2024-10-08 13:00:00,0.71,69.0,3.3,8.6,17.89,12.1,42.0,4.3,10.5,77.0,CENTRO,13
2024-10-08 14:00:00,0.72,75.0,3.1,8.7,16.19,12.0,37.0,4.3,10.7,79.0,CENTRO,14
2024-10-08 15:00:00,0.7,83.0,2.9,8.9,16.79,12.0,40.0,5.8,11.7,61.0,CENTRO,15
2024-10-08 16:00:00,0.67,87.0,2.8,10.4,19.36,13.5,48.0,13.3,12.3,63.0,CENTRO,16
2024-10-08 17:00:00,0.69,77.0,2.9,10.7,23.89,13.8,53.0,13.2,11.3,59.0,CENTRO,17
2024-10-08 18:00:00,0.7,71.0,2.6,13.0,22.2,15.8,55.0,15.7,12.0,79.0,CENTRO,18
2024-10-08 19:00:00,0.81,53.0,2.5,17.4,21.8,20.0,47.0,9.0,8.1,117.0,CENTRO,19
2024-10-08 20:00:00,0.91,43.0,2.3,22.2,19.25,24.7,41.0,5.5,7.4,127.0,CENTRO,20
2024-10-08 21:00:00,0.77,46.0,2.3,15.0,18.64,17.5,42.0,4.6,6.7,111.0,CENTRO,21
2024-10-08 22:00:00,0.77,40.0,2.2,15.0,16.7,17.4,37.0,4.1,3.3,97.0,CENTRO,22
2024-10-08 23:00:00,0.85,28.0,2.5,18.6,16.99,21.3,36.0,3.9,2.8,204.0,CENTRO,23
2024-10-09 00:00:00,0.83,28.0,2.3,21.7,16.42,24.2,38.0,4.1,7.4,213.0,CENTRO,0
2024-10-09 01:00:00,0.73,35.0,2.3,15.1,19.82,17.5,41.0,4.6,5.5,216.0,CENTRO,1
2024-10-09 02:00:00,0.68,38.0,2.3,11.9,19.58,14.4,44.0,4.8,7.5,211.0,CENTRO,2
2024-10-09 03:00:00,0.61,42.0,2.2,7.8,24.1,10.3,41.0,4.9,8.7,207.0,CENTRO,3
2024-10-09 04:00:00,0.58,43.0,2.2,5.7,16.88,8.2,41.0,4.6,4.6,239.0,CENTRO,4
2024-10-09 05:00:00,0.58,40.0,2.2,6.6,16.88,9.0,35.0,4.5,2.4,334.0,CENTRO,5
2024-10-09 06:00:00,0.58,37.0,2.2,8.4,17.5,10.8,38.0,4.6,3.3,281.0,CENTRO,6
2024-10-09 07:00:00,0.76,23.0,11.4,22.1,18.42,33.8,43.0,4.5,3.7,286.0,CENTRO,7
2024-10-09 08:00:00,1.12,10.0,36.9,34.0,20.45,71.2,52.0,4.6,2.8,297.0,CENTRO,8
2024-10-09 09:00:00,1.02,22.0,24.2,25.8,25.57,50.2,63.0,4.8,4.8,222.0,CENTRO,9
2024-10-09 10:00:00,0.8,34.0,8.4,19.8,23.25,28.6,54.0,4.4,6.2,204.0,CENTRO,10
2024-10-09 11:00:00,0.74,51.0,5.4,14.7,20.99,20.4,49.0,4.0,4.6,203.0,CENTRO,11
2024-10-09 12:00:00,0.7,66.0,3.6,10.3,18.4,14.2,43.0,4.2,8.4,85.0,CENTRO,12
2024-10-09 13:00:00,0.79,79.0,3.8,14.8,17.79,18.8,45.0,4.3,8.4,52.0,CENTRO,13
2024-10-09 14:00:00,0.78,95.0,3.0,12.7,21.15,16.0,54.0,4.2,9.3,62.0,CENTRO,14
2024-10-09 15:00:00,0.78,102.0,2.8,12.0,23.7,15.0,51.0,4.0,11.4,46.0,CENTRO,15
2024-10-09 16:00:00,0.73,99.0,2.5,9.6,24.33,12.3,53.0,3.7,10.7,77.0,CENTRO,16
2024-10-09 17:00:00,0.76,92.0,2.5,10.9,22.08,13.6,54.0,4.0,11.5,76.0,CENTRO,17
2024-10-09 18:00:00,0.8,78.0,2.4,13.4,23.42,16.0,53.0,5.2,10.2,93.0,CENTRO,18
2024-10-09 19:00:00,0.93,62.0,2.3,18.6,23.65,21.0,51.0,7.7,8.1,117.0,CENTRO,19
2024-10-09 20:00:00,0.95,51.0,2.2,20.5,24.7,22.9,53.0,7.6,7.0,122.0,CENTRO,20
2024-10-09 21:00:00,0.81,51.0,2.2,13.8,27.69,16.2,52.0,6.5,7.2,141.0,CENTRO,21
2024-10-09 22:00:00,0.84,50.0,2.2,13.4,19.14,15.8,44.0,6.0,6.1,117.0,CENTRO,22
2024-10-09 23:00:00,0.76,49.0,2.2,11.4,19.63,13.8,37.0,4.8,6.9,109.0,CENTRO,23
2024-10-10 00:00:00,0.84,34.0,2.2,20.5,22.86,22.9,42.0,4.3,3.6,82.0,CENTRO,0
2024-10-10 01:00:00,0.91,22.0,2.2,23.8,22.99,26.2,43.0,4.0,1.8,219.0,CENTRO,1
2024-10-10 02:00:00,1.0,15.0,2.4,28.2,26.21,30.7,47.0,3.9,2.2,242.0,CENTRO,2
2024-10-10 03:00:00,0.85,21.0,2.2,21.6,24.2,24.0,49.0,4.2,2.0,226.0,CENTRO,3
2024-10-10 04:00:00,0.77,26.0,2.2,16.4,23.96,18.8,43.0,4.4,2.3,238.0,CENTRO,4
2024-10-10 05:00:00,0.67,34.0,2.2,11.3,23.29,13.7,60.0,5.5,7.2,214.0,CENTRO,5
2024-10-10 06:00:00,0.61,35.0,2.3,10.8,21.84,13.2,49.0,5.9,5.9,216.0,CENTRO,6
2024-10-10 07:00:00,0.78,18.0,4.3,26.1,24.23,30.6,46.0,6.2,6.4,209.0,CENTRO,7
2024-10-10 08:00:00,0.98,11.0,16.6,34.5,25.32,51.3,53.0,7.3,6.7,212.0,CENTRO,8
2024-10-10 09:00:00,1.03,19.0,17.5,34.2,26.17,52.0,65.0,8.2,6.9,219.0,CENTRO,9
2024-10-10 10:00:00,1.04,27.0,15.6,33.5,26.88,49.3,70.0,7.8,5.5,204.0,CENTRO,10
2024-10-10 11:00:00,1.1,45.0,11.5,33.4,26.75,45.1,70.0,7.0,6.8,76.0,CENTRO,11
2024-10-10 12:00:00,1.1,64.0,7.2,29.7,27.89,37.1,62.0,7.0,8.6,50.0,CENTRO,12
2024-10-10 13:00:00,0.98,83.0,4.7,22.8,34.38,27.7,77.0,7.7,10.2,34.0,CENTRO,13
2024-10-10 14:00:00,0.89,96.0,3.2,15.4,33.78,18.8,71.0,7.6,12.7,55.0,CENTRO,14
2024-10-10 15:00:00,0.83,91.0,3.1,13.4,30.02,16.7,64.0,9.0,13.9,70.0,CENTRO,15
2024-10-10 16:00:00,0.79,82.0,2.9,11.0,27.38,14.1,60.0,11.0,12.7,84.0,CENTRO,16
2024-10-10 17:00:00,0.75,74.0,2.6,8.8,27.8,11.6,60.0,9.6,13.4,98.0,CENTRO,17
2024-10-10 18:00:00,0.78,56.0,2.9,13.9,22.76,17.0,49.0,5.7,12.8,75.0,CENTRO,18
2024-10-10 19:00:00,0.82,46.0,2.7,17.4,17.06,20.2,44.0,6.1,12.9,69.0,CENTRO,19
2024-10-10 20:00:00,0.89,39.0,2.4,20.3,17.89,22.9,46.0,7.9,8.0,105.0,CENTRO,20
2024-10-10 21:00:00,0.79,45.0,2.3,14.2,19.74,16.6,41.0,4.7,7.2,90.0,CENTRO,21
2024-10-10 22:00:00,0.75,45.0,2.3,13.2,18.51,15.7,38.0,4.2,5.4,91.0,CENTRO,22
2024-10-10 23:00:00,0.79,39.0,2.3,14.4,18.53,16.9,36.0,4.0,4.0,23.0,CENTRO,23
2024-10-11 00:00:00,0.73,38.0,2.2,12.0,18.72,14.4,34.0,3.8,2.9,335.0,CENTRO,0
2024-10-11 01:00:00,0.98,18.0,11.6,30.7,17.82,42.5,34.0,3.9,2.8,327.0,CENTRO,1
2024-10-11 02:00:00,1.27,5.0,52.2,47.8,23.75,100.2,62.0,4.3,2.6,326.0,CENTRO,2
2024-10-11 03:00:00,1.12,4.0,27.2,44.2,46.83,71.6,90.0,4.1,1.9,299.0,CENTRO,3
2024-10-11 04:00:00,1.03,4.0,13.9,42.2,39.69,56.3,76.0,4.1,1.8,263.0,CENTRO,4
2024-10-11 05:00:00,0.93,5.0,5.5,38.1,34.73,43.9,68.0,4.0,3.2,215.0,CENTRO,5
2024-10-11 06:00:00,0.77,12.0,3.1,27.2,30.0,30.6,58.0,6.0,4.4,219.0,CENTRO,6
2024-10-11 07:00:00,0.83,7.0,10.5,34.4,27.01,45.2,55.0,7.0,8.4,213.0,CENTRO,7
2024-10-11 08:00:00,1.03,8.0,25.1,34.6,29.48,59.8,73.0,7.6,4.8,227.0,CENTRO,8
2024-10-11 09:00:00,1.08,16.0,22.0,33.4,28.26,55.6,74.0,6.0,4.2,233.0,CENTRO,9
2024-10-11 10:00:00,1.24,25.0,20.4,39.3,24.63,59.9,62.0,6.2,2.4,188.0,CENTRO,10
2024-10-11 11:00:00,1.34,42.0,14.4,40.2,25.68,54.9,63.0,7.7,4.8,25.0,CENTRO,11
2024-10-11 12:00:00,0.87,62.0,6.1,19.6,29.66,25.9,59.0,6.0,8.8,70.0,CENTRO,12
2024-10-11 13:00:00,0.76,75.0,3.9,12.8,20.76,16.9,52.0,4.8,9.1,58.0,CENTRO,13
2024-10-11 14:00:00,0.74,85.0,3.4,11.2,20.71,14.8,45.0,4.3,10.8,57.0,CENTRO,14
2024-10-11 15:00:00,0.74,86.0,3.3,11.4,20.15,14.9,45.0,5.2,12.7,64.0,CENTRO,15
2024-10-11 16:00:00,0.68,78.0,3.3,10.0,20.68,13.5,49.0,6.6,13.7,72.0,CENTRO,16
2024-10-11 17:00:00,0.69,72.0,3.3,11.4,19.43,14.9,44.0,14.3,14.3,80.0,CENTRO,17
2024-10-11 18:00:00,0.73,64.0,3.0,14.2,21.38,17.3,50.0,21.9,14.4,80.0,CENTRO,18
2024-10-11 19:00:00,0.79,52.0,2.5,13.7,22.01,16.4,51.0,11.1,12.6,104.0,CENTRO,19
2024-10-11 20:00:00,0.78,49.0,2.5,12.6,17.2,15.3,42.0,8.5,8.7,131.0,CENTRO,20
2024-10-11 21:00:00,0.78,45.0,2.4,14.3,16.07,16.9,35.0,5.2,7.9,126.0,CENTRO,21
2024-10-11 22:00:00,0.76,44.0,2.4,14.2,15.22,16.8,34.0,4.4,7.8,130.0,CENTRO,22
2024-10-11 23:00:00,0.76,40.0,2.4,16.3,15.26,18.8,33.0,4.1,7.7,127.0,CENTRO,23
2024-10-12 00:00:00,0.73,44.0,2.5,14.3,14.67,17.0,37.0,3.8,7.0,119.0,CENTRO,0
2024-10-12 01:00:00,0.66,53.0,2.3,9.1,15.08,11.6,33.0,3.8,7.1,102.0,CENTRO,1
2024-10-12 02:00:00,0.68,52.0,2.3,8.3,12.99,10.9,35.0,3.8,6.8,54.0,CENTRO,2
2024-10-12 03:00:00,0.83,21.0,2.6,30.0,13.97,32.7,38.0,4.8,4.0,353.0,CENTRO,3
2024-10-12 04:00:00,1.04,18.0,2.5,30.1,26.11,32.7,53.0,5.2,5.4,4.0,CENTRO,4
2024-10-12 05:00:00,1.64,12.0,2.5,31.7,25.39,34.4,57.0,5.1,2.0,206.0,CENTRO,5
2024-10-12 06:00:00,1.05,11.0,3.0,30.7,29.51,33.8,54.0,5.3,4.7,218.0,CENTRO,6
2024-10-12 07:00:00,0.78,9.0,5.9,32.4,27.77,38.5,61.0,7.4,5.7,215.0,CENTRO,7
2024-10-12 08:00:00,0.85,9.0,16.2,33.1,26.3,49.5,55.0,7.1,3.6,221.0,CENTRO,8
2024-10-12 09:00:00,0.89,17.0,19.0,32.5,24.72,51.7,53.0,8.0,5.9,225.0,CENTRO,9
2024-10-12 10:00:00,0.98,31.0,14.1,29.4,25.01,43.7,55.0,6.8,4.5,346.0,CENTRO,10
2024-10-12 11:00:00,1.01,52.0,6.9,22.9,27.8,30.0,66.0,5.9,4.4,65.0,CENTRO,11
2024-10-12 12:00:00,1.17,55.0,9.1,31.2,28.64,40.6,60.0,9.4,7.5,58.0,CENTRO,12
2024-10-12 13:00:00,0.99,82.0,4.7,21.1,33.9,26.0,60.0,7.0,9.1,54.0,CENTRO,13
2024-10-12 14:00:00,0.88,93.0,3.5,15.5,29.96,19.2,64.0,6.1,10.8,57.0,CENTRO,14
2024-10-12 15:00:00,0.78,88.0,3.3,12.2,25.64,15.7,54.0,5.4,13.3,53.0,CENTRO,15
2024-10-12 16:00:00,0.77,83.0,3.2,11.5,20.76,14.9,50.0,5.5,13.4,68.0,CENTRO,16
2024-10-12 17:00:00,0.73,79.0,2.8,9.9,20.63,12.9,49.0,7.8,13.2,91.0,CENTRO,17
2024-10-12 18:00:00,0.71,57.0,2.7,9.6,22.79,12.6,47.0,7.5,14.5,74.0,CENTRO,18
2024-10-12 19:00:00,0.73,45.0,2.5,11.9,20.58,14.6,41.0,8.9,11.1,77.0,CENTRO,19
2024-10-12 20:00:00,0.78,38.0,2.4,13.6,18.1,16.3,42.0,9.5,7.4,87.0,CENTRO,20
2024-10-12 21:00:00,0.7,45.0,2.4,9.7,18.09,12.3,36.0,5.4,8.9,119.0,CENTRO,21
2024-10-12 22:00:00,0.67,44.0,2.4,8.9,15.77,11.5,33.0,4.3,7.9,127.0,CENTRO,22
2024-10-12 23:00:00,0.69,40.0,2.3,10.4,15.77,12.9,35.0,4.0,3.4,92.0,CENTRO,23
2024-10-13 00:00:00,0.9,21.0,2.5,22.7,15.85,25.3,37.0,3.9,1.8,278.0,CENTRO,0
2024-10-13 01:00:00,1.27,10.0,16.2,33.5,23.56,49.8,44.0,4.0,3.0,319.0,CENTRO,1
2024-10-13 02:00:00,1.16,5.0,13.6,37.5,35.45,51.4,64.0,4.2,3.2,14.0,CENTRO,2
2024-10-13 03:00:00,1.1,4.0,12.6,34.0,34.33,46.9,60.0,4.3,1.8,300.0,CENTRO,3
2024-10-13 04:00:00,1.01,9.0,9.8,29.4,31.92,39.4,59.0,4.9,4.6,216.0,CENTRO,4
2024-10-13 05:00:00,0.69,22.0,2.6,17.4,28.33,20.2,47.0,5.4,2.9,244.0,CENTRO,5
2024-10-13 06:00:00,0.68,19.0,2.6,19.6,22.06,22.4,40.0,5.1,2.5,262.0,CENTRO,6
2024-10-13 07:00:00,0.66,17.0,2.7,20.9,21.11,23.9,38.0,5.5,3.0,219.0,CENTRO,7
2024-10-13 08:00:00,0.68,20.0,5.7,22.0,20.43,28.0,40.0,7.7,3.2,276.0,CENTRO,8
2024-10-13 09:00:00,0.65,29.0,6.3,17.2,20.0,23.9,43.0,7.4,6.4,226.0,CENTRO,9
2024-10-13 10:00:00,0.74,36.0,7.9,18.9,18.04,27.0,40.0,5.7,5.1,282.0,CENTRO,10
2024-10-13 11:00:00,0.86,46.0,7.7,20.9,19.66,28.9,44.0,5.1,4.9,50.0,CENTRO,11
2024-10-13 12:00:00,1.02,65.0,7.5,25.7,23.53,33.4,50.0,7.5,10.5,48.0,CENTRO,12
2024-10-13 13:00:00,0.93,89.0,4.2,19.2,32.77,23.6,67.0,5.6,13.6,62.0,CENTRO,13
2024-10-13 14:00:00,0.8,98.0,3.1,13.2,30.93,16.6,64.0,10.2,15.5,71.0,CENTRO,14
2024-10-13 15:00:00,0.7,86.0,2.8,8.1,28.42,11.1,60.0,10.3,11.9,107.0,CENTRO,15
2024-10-13 16:00:00,0.59,70.0,2.7,5.4,23.01,8.4,48.0,7.3,14.1,114.0,CENTRO,16
2024-10-13 17:00:00,0.53,55.0,2.7,4.3,18.44,7.2,41.0,4.0,13.6,113.0,CENTRO,17
2024-10-13 18:00:00,0.59,48.0,2.7,7.0,13.15,9.9,34.0,4.3,11.6,88.0,CENTRO,18
2024-10-13 19:00:00,0.67,42.0,2.3,9.7,13.75,12.2,30.0,4.0,7.2,112.0,CENTRO,19
2024-10-13 20:00:00,0.69,42.0,2.4,9.6,15.75,12.2,33.0,4.0,7.7,125.0,CENTRO,20
2024-10-13 21:00:00,0.76,37.0,2.3,13.0,16.63,15.6,36.0,3.9,6.0,129.0,CENTRO,21
2024-10-13 22:00:00,0.73,38.0,2.3,12.1,17.53,14.6,36.0,3.8,6.6,125.0,CENTRO,22
2024-10-13 23:00:00,0.73,33.0,2.3,12.4,17.28,14.9,31.0,3.7,4.0,17.0,CENTRO,23
2024-10-14 00:00:00,1.28,6.0,27.4,37.3,16.21,64.9,34.0,4.0,2.5,294.0,CENTRO,0
2024-10-14 01:00:00,1.34,5.0,30.6,37.6,34.86,68.5,60.0,4.2,4.0,320.0,CENTRO,1
2024-10-14 02:00:00,1.2,5.0,28.1,36.0,36.75,64.3,63.0,4.2,1.9,271.0,CENTRO,2
2024-10-14 03:00:00,1.35,5.0,31.1,34.1,32.71,65.4,61.0,4.2,1.8,354.0,CENTRO,3
2024-10-14 04:00:00,1.25,7.0,16.2,32.6,33.77,49.1,58.0,4.3,1.8,264.0,CENTRO,4
2024-10-14 05:00:00,0.94,9.0,6.2,25.6,31.81,32.0,55.0,4.3,1.8,258.0,CENTRO,5
2024-10-14 06:00:00,0.74,14.0,2.7,17.7,25.4,20.6,43.0,4.2,1.8499999999999999,273.0,CENTRO,6
2024-10-14 07:00:00,0.92,5.0,15.9,27.3,19.79,43.4,37.0,4.2,1.9,241.0,CENTRO,7
2024-10-14 08:00:00,0.97,8.0,21.3,31.6,21.43,53.1,42.0,6.6,3.3,224.0,CENTRO,8
2024-10-14 09:00:00,1.25,16.0,20.2,30.7,17.65,51.2,45.0,10.0,2.6,321.0,CENTRO,9
2024-10-14 10:00:00,1.82,31.0,13.1,29.5,19.23,42.8,52.0,11.8,4.8,348.0,CENTRO,10
2024-10-14 11:00:00,1.37,39.0,14.4,36.8,24.94,51.5,52.0,12.3,5.6,25.0,CENTRO,11
2024-10-14 12:00:00,0.77,53.0,7.4,19.2,25.06,26.8,55.0,6.6,10.8,96.0,CENTRO,12
2024-10-14 13:00:00,0.53,58.0,3.8,7.6,17.31,11.6,44.0,4.0,13.3,126.0,CENTRO,13
2024-10-14 14:00:00,0.52,58.0,3.4,6.1,12.37,9.7,38.0,3.7,16.0,118.0,CENTRO,14
2024-10-14 15:00:00,0.5,58.0,3.2,5.8,11.66,9.2,35.0,3.6,15.8,107.0,CENTRO,15
2024-10-14 16:00:00,0.52,57.0,3.2,6.9,11.57,10.4,34.0,3.6,15.0,105.0,CENTRO,16
2024-10-14 17:00:00,0.54,55.0,3.2,8.3,12.5,11.7,36.0,3.7,15.5,107.0,CENTRO,17
2024-10-14 18:00:00,0.57,49.0,2.9,10.3,13.28,13.4,38.0,3.7,14.5,112.0,CENTRO,18
2024-10-14 19:00:00,0.64,44.0,2.7,13.0,12.86,15.9,34.0,3.6,12.4,124.0,CENTRO,19
2024-10-14 20:00:00,0.61,45.0,2.5,11.6,14.23,14.3,35.0,3.7,11.7,126.0,CENTRO,20
2024-10-14 21:00:00,0.56,45.0,2.4,10.6,14.71,13.2,35.0,3.7,10.0,121.0,CENTRO,21
2024-10-14 22:00:00,0.57,43.0,2.4,11.6,14.86,14.2,35.0,3.6,7.2,113.0,CENTRO,22
2024-10-14 23:00:00,0.55,41.0,2.3,11.6,14.61,14.1,33.0,3.6,5.1,85.0,CENTRO,23
2024-10-15 00:00:00,0.55,38.0,2.3,12.3,13.72,14.8,32.0,3.6,3.3,78.0,CENTRO,0
2024-10-15 01:00:00,0.71,28.0,11.2,20.8,13.92,32.3,30.0,3.9,5.0,18.0,CENTRO,1
2024-10-15 02:00:00,0.97,5.0,20.5,40.9,19.6,61.7,53.0,4.7,4.9,340.0,CENTRO,2
2024-10-15 03:00:00,0.82,5.0,13.3,38.2,34.79,51.8,69.0,4.5,3.0,2.0,CENTRO,3
2024-10-15 04:00:00,0.83,5.0,8.2,35.6,30.01,44.0,60.0,4.3,1.8,248.0,CENTRO,4
2024-10-15 05:00:00,0.9,6.0,10.1,35.4,27.6,45.7,54.0,5.1,3.6,224.0,CENTRO,5
2024-10-15 06:00:00,0.79,5.0,8.1,31.2,28.02,39.5,54.0,5.1,1.8,312.0,CENTRO,6
2024-10-15 07:00:00,0.92,4.0,32.1,29.9,24.65,62.2,50.0,4.6,1.8,268.0,CENTRO,7
2024-10-15 08:00:00,1.16,6.0,55.4,33.1,24.33,88.8,57.0,5.5,2.1,286.0,CENTRO,8
2024-10-15 09:00:00,1.19,12.0,35.5,35.9,24.35,71.6,57.0,7.1,3.5,5.0,CENTRO,9
2024-10-15 10:00:00,1.24,20.0,32.2,41.4,23.29,73.8,67.0,6.5,4.7,358.0,CENTRO,10
2024-10-15 11:00:00,0.97,37.0,13.3,31.7,27.62,45.2,65.0,5.6,4.6,358.0,CENTRO,11
2024-10-15 12:00:00,0.82,53.0,7.4,23.4,21.83,31.0,57.0,5.5,4.2,43.0,CENTRO,12
2024-10-15 13:00:00,1.11,59.0,9.2,37.3,20.69,46.8,50.0,10.9,6.4,22.0,CENTRO,13
2024-10-15 14:00:00,0.91,79.0,5.8,28.7,28.91,34.7,69.0,9.8,8.4,90.0,CENTRO,14
2024-10-15 15:00:00,0.79,100.0,3.7,19.0,25.8,22.8,59.0,6.5,8.7,84.0,CENTRO,15
2024-10-15 16:00:00,0.74,102.0,3.1,14.0,21.38,17.3,49.0,5.2,8.8,74.0,CENTRO,16
2024-10-15 17:00:00,0.75,97.0,3.0,14.6,17.92,17.8,46.0,4.9,9.8,68.0,CENTRO,17
2024-10-15 18:00:00,0.75,77.0,2.8,14.2,17.27,17.2,42.0,4.3,8.9,129.0,CENTRO,18
2024-10-15 19:00:00,0.84,67.0,2.5,19.4,16.05,22.2,39.0,4.5,7.5,94.0,CENTRO,19
2024-10-15 20:00:00,0.87,56.0,2.6,23.2,15.62,26.0,39.0,4.9,5.9,89.0,CENTRO,20
2024-10-15 21:00:00,0.76,50.0,2.6,17.6,15.61,20.4,40.0,4.4,5.5,75.0,CENTRO,21
2024-10-15 22:00:00,0.74,44.0,2.5,17.9,14.39,20.6,37.0,4.0,5.4,93.0,CENTRO,22
2024-10-15 23:00:00,0.95,32.0,2.8,27.4,14.34,30.4,37.0,4.0,2.2,224.0,CENTRO,23
2024-10-16 00:00:00,0.88,34.0,2.5,24.2,18.99,26.9,43.0,3.9,3.0,290.0,CENTRO,0
2024-10-16 01:00:00,0.99,10.0,11.2,37.1,18.42,48.6,40.0,4.1,3.5,294.0,CENTRO,1
2024-10-16 02:00:00,0.91,4.0,12.7,37.9,25.08,50.8,54.0,4.8,2.2,319.0,CENTRO,2
2024-10-16 03:00:00,0.84,5.0,9.7,31.5,22.59,41.4,55.0,4.5,2.5,14.0,CENTRO,3
2024-10-16 04:00:00,0.74,7.0,8.4,23.7,22.61,32.3,46.0,4.5,5.6,50.0,CENTRO,4
2024-10-16 05:00:00,0.78,5.0,7.6,25.1,17.76,32.9,43.0,5.7,3.0,29.0,CENTRO,5
2024-10-16 06:00:00,0.97,6.0,7.6,26.7,26.85,34.5,47.0,5.4,3.1,318.0,CENTRO,6
2024-10-16 07:00:00,1.03,5.0,10.5,27.0,26.75,37.7,53.0,5.2,1.8,301.0,CENTRO,7
2024-10-16 08:00:00,1.11,7.0,19.0,27.2,27.55,46.4,52.0,5.1,2.2,318.0,CENTRO,8
2024-10-16 09:00:00,1.22,9.0,28.6,30.7,35.11,59.5,66.0,6.1,3.0,273.0,CENTRO,9
2024-10-16 10:00:00,1.2,17.0,21.1,29.1,36.74,50.3,68.0,6.1,4.1,293.0,CENTRO,10
2024-10-16 11:00:00,1.25,25.0,21.6,36.5,39.56,58.4,69.0,6.5,5.9,35.0,CENTRO,11
2024-10-16 12:00:00,0.95,38.0,12.2,27.8,39.68,40.2,80.0,7.4,10.8,56.0,CENTRO,12
2024-10-16 13:00:00,0.77,39.0,6.5,15.6,28.92,22.3,72.0,5.6,17.9,55.0,CENTRO,13
2024-10-16 14:00:00,0.67,42.0,4.4,8.5,17.61,13.2,54.0,5.0,17.2,72.0,CENTRO,14
2024-10-16 15:00:00,0.64,44.0,3.8,7.5,10.78,11.6,43.0,4.6,16.6,81.0,CENTRO,15
2024-10-16 16:00:00,0.7,39.0,4.0,9.8,8.96,14.0,36.0,4.7,17.1,67.0,CENTRO,16
2024-10-16 17:00:00,0.73,38.0,3.4,10.2,8.65,13.8,36.0,4.6,13.5,94.0,CENTRO,17
2024-10-16 18:00:00,0.74,40.0,3.2,10.2,9.17,13.6,33.0,4.6,12.9,110.0,CENTRO,18
2024-10-16 19:00:00,0.8,36.0,2.8,11.0,10.1,14.1,30.0,3.9,7.9,138.0,CENTRO,19
2024-10-16 20:00:00,0.86,29.0,3.0,16.0,9.43,19.2,35.0,3.9,10.0,88.0,CENTRO,20
2024-10-16 21:00:00,0.78,38.0,2.6,9.9,12.81,12.8,36.0,3.7,13.5,88.0,CENTRO,21
2024-10-16 22:00:00,0.78,37.0,2.4,8.8,14.28,11.5,36.0,3.5,9.9,94.0,CENTRO,22
2024-10-16 23:00:00,0.72,40.0,2.5,6.9,16.11,9.6,35.0,3.4,12.7,67.0,CENTRO,23
2024-10-17 00:00:00,0.7,44.0,2.4,5.6,9.68,8.2,26.0,3.5,14.8,74.0,CENTRO,0
2024-10-17 01:00:00,0.7,39.0,2.4,7.9,5.86,10.4,23.0,3.5,9.8,72.0,CENTRO,1
2024-10-17 02:00:00,0.66,44.0,2.3,4.7,5.83,7.2,21.0,3.4,5.9,87.0,CENTRO,2
2024-10-17 03:00:00,0.68,45.0,2.2,3.7,6.64,6.1,21.0,3.4,5.8,57.0,CENTRO,3
2024-10-17 04:00:00,0.66,44.0,2.2,2.8,5.89,5.2,23.0,3.3,6.6,86.0,CENTRO,4
2024-10-17 05:00:00,0.64,46.0,2.1,2.4,4.03,4.7,22.0,3.2,8.1,73.0,CENTRO,5
2024-10-17 06:00:00,0.65,43.0,2.1,4.5,4.87,6.8,22.0,3.3,9.6,103.0,CENTRO,6
2024-10-17 07:00:00,0.71,39.0,2.2,8.2,7.24,10.6,24.0,3.3,8.6,85.0,CENTRO,7
2024-10-17 08:00:00,0.87,27.0,3.2,15.2,8.82,18.6,26.0,3.3,8.0,65.0,CENTRO,8
2024-10-17 09:00:00,0.91,25.0,4.3,15.9,13.39,20.4,34.0,3.3,9.0,50.0,CENTRO,9
2024-10-17 10:00:00,0.92,27.0,5.7,14.5,15.92,20.4,31.0,3.3,11.2,51.0,CENTRO,10
2024-10-17 11:00:00,0.88,31.0,6.0,12.9,12.58,19.1,32.0,3.3,12.3,53.0,CENTRO,11
2024-10-17 12:00:00,0.83,35.0,4.7,10.8,11.3,15.7,35.0,3.2,14.5,62.0,CENTRO,12
2024-10-17 13:00:00,0.81,37.0,4.1,11.1,12.66,15.5,37.0,3.3,15.2,61.0,CENTRO,13
2024-10-17 14:00:00,0.84,37.0,3.9,12.4,14.48,16.4,40.0,3.2,14.1,60.0,CENTRO,14
2024-10-17 15:00:00,0.87,34.0,3.8,13.7,17.29,17.7,39.0,3.4,12.4,59.0,CENTRO,15
2024-10-17 16:00:00,0.86,33.0,3.7,12.9,15.29,16.8,34.0,3.4,13.2,64.0,CENTRO,16
2024-10-17 17:00:00,0.86,32.0,3.4,12.7,11.38,16.4,30.0,3.4,11.7,76.0,CENTRO,17
2024-10-17 18:00:00,0.81,35.0,2.8,10.8,12.68,13.8,29.0,3.4,9.7,101.0,CENTRO,18
2024-10-17 19:00:00,0.81,37.0,2.7,11.7,8.09,14.6,30.0,3.3,10.4,61.0,CENTRO,19
2024-10-17 20:00:00,0.82,36.0,2.5,12.3,6.81,15.0,28.0,3.3,8.8,64.0,CENTRO,20
2024-10-17 21:00:00,0.76,37.0,2.5,9.6,6.7,12.3,27.0,3.2,8.5,70.0,CENTRO,21
2024-10-17 22:00:00,0.72,39.0,2.2,7.4,5.42,9.8,25.0,3.3,9.3,82.0,CENTRO,22
2024-10-17 23:00:00,0.69,39.0,2.4,6.8,4.28,9.4,23.0,3.2,7.5,97.0,CENTRO,23
2024-10-18 00:00:00,0.68,40.0,2.2,7.3,5.21,9.6,20.0,3.3,10.2,60.0,CENTRO,0
2024-10-18 01:00:00,0.64,44.0,2.0,3.7,8.24,5.9,25.0,3.2,9.6,113.0,CENTRO,1
2024-10-18 02:00:00,0.63,46.0,2.0,2.2,9.43,4.3,27.0,3.2,14.1,133.0,CENTRO,2
2024-10-18 03:00:00,0.63,43.0,1.9,2.5,10.44,4.6,31.0,3.2,9.5,110.0,CENTRO,3
2024-10-18 04:00:00,0.63,42.0,1.9,2.4,11.64,4.5,34.0,3.2,8.5,113.0,CENTRO,4
2024-10-18 05:00:00,0.65,39.0,1.9,3.2,10.9,5.3,32.0,3.1,7.5,81.0,CENTRO,5
2024-10-18 06:00:00,0.65,34.0,2.0,6.2,10.75,8.4,30.0,3.1,7.8,66.0,CENTRO,6
2024-10-18 07:00:00,0.76,27.0,2.2,11.4,10.76,13.8,30.0,3.1,3.3,57.0,CENTRO,7
2024-10-18 08:00:00,0.95,16.0,4.4,19.9,10.71,24.6,31.0,3.1,2.7,52.0,CENTRO,8
2024-10-18 09:00:00,1.06,16.0,6.7,21.1,13.66,28.1,31.0,3.2,5.1,49.0,CENTRO,9
2024-10-18 10:00:00,1.03,17.0,7.6,20.0,14.19,27.9,33.0,3.2,7.2,55.0,CENTRO,10
2024-10-18 11:00:00,1.0,21.0,7.8,18.3,18.05,26.4,35.0,3.2,7.2,40.0,CENTRO,11
2024-10-18 12:00:00,0.91,24.0,6.4,15.5,15.88,22.1,33.0,3.3,6.2,26.0,CENTRO,12
2024-10-18 13:00:00,0.91,26.0,7.1,14.6,11.47,22.0,35.0,3.2,5.4,40.0,CENTRO,13
2024-10-18 14:00:00,0.92,31.0,5.8,13.7,11.2,19.7,36.0,3.2,8.4,58.0,CENTRO,14
2024-10-18 15:00:00,1.0,26.0,6.2,15.2,11.77,21.6,31.0,3.3,10.6,63.0,CENTRO,15
2024-10-18 16:00:00,0.89,31.0,4.0,11.8,14.12,16.0,33.0,3.2,11.2,87.0,CENTRO,16
2024-10-18 17:00:00,0.95,25.0,5.1,16.4,9.79,21.7,34.0,3.2,9.5,67.0,CENTRO,17
2024-10-18 18:00:00,1.0,20.0,4.4,19.3,10.56,23.9,36.0,3.2,10.5,63.0,CENTRO,18
2024-10-18 19:00:00,1.13,12.0,7.0,24.6,11.54,31.8,40.0,3.3,9.0,69.0,CENTRO,19
2024-10-18 20:00:00,1.0,18.0,3.8,19.6,14.33,23.6,38.0,3.3,9.5,61.0,CENTRO,20
2024-10-18 21:00:00,0.86,25.0,2.6,12.4,13.7,15.2,33.0,3.2,9.7,63.0,CENTRO,21
2024-10-18 22:00:00,0.82,26.0,2.3,10.2,8.04,12.7,30.0,3.2,10.6,58.0,CENTRO,22
2024-10-18 23:00:00,0.77,29.0,2.9,8.3,8.17,11.3,29.0,3.2,11.5,84.0,CENTRO,23
2024-10-19 00:00:00,0.72,30.0,2.0,8.9,7.34,11.1,26.0,3.2,9.3,77.0,CENTRO,0
2024-10-19 01:00:00,0.71,31.0,2.0,7.3,6.9,9.5,30.0,3.1,8.7,87.0,CENTRO,1
2024-10-19 02:00:00,0.66,37.0,2.0,3.1,6.72,5.3,28.0,3.2,13.2,109.0,CENTRO,2
2024-10-19 03:00:00,0.66,38.0,1.9,2.8,5.7,5.0,29.0,3.1,13.6,109.0,CENTRO,3
2024-10-19 04:00:00,0.65,36.0,1.9,2.6,6.2,4.8,28.0,3.2,10.1,98.0,CENTRO,4
2024-10-19 05:00:00,0.69,31.0,1.9,4.1,6.64,6.3,30.0,3.2,3.7,57.0,CENTRO,5
2024-10-19 06:00:00,0.68,29.0,1.9,4.7,7.33,6.9,29.0,3.2,6.9,59.0,CENTRO,6
2024-10-19 07:00:00,0.73,25.0,2.1,7.6,7.17,10.0,29.0,3.2,8.4,66.0,CENTRO,7
2024-10-19 08:00:00,0.77,22.0,3.0,10.8,7.28,13.9,27.0,3.2,8.2,64.0,CENTRO,8
2024-10-19 09:00:00,0.9,19.0,5.5,15.4,7.48,21.1,28.0,3.1,6.1,49.0,CENTRO,9
2024-10-19 10:00:00,0.93,19.0,6.1,16.3,7.8,22.7,28.0,3.1,9.5,57.0,CENTRO,10
2024-10-19 11:00:00,0.93,20.0,6.0,15.7,8.06,22.0,31.0,3.2,9.6,58.0,CENTRO,11
2024-10-19 12:00:00,0.9,23.0,4.8,13.2,9.58,18.1,33.0,3.1,8.2,61.0,CENTRO,12
2024-10-19 13:00:00,0.88,26.0,3.9,11.4,9.77,15.5,38.0,3.2,9.8,62.0,CENTRO,13
2024-10-19 14:00:00,0.93,24.0,4.1,12.2,9.34,16.6,34.0,3.2,8.5,70.0,CENTRO,14
2024-10-19 15:00:00,0.94,24.0,3.9,12.8,9.63,16.8,29.0,3.2,9.5,68.0,CENTRO,15
2024-10-19 16:00:00,0.87,24.0,2.9,11.8,10.66,14.9,31.0,3.2,7.2,91.0,CENTRO,16
2024-10-19 17:00:00,0.88,25.0,3.5,11.4,9.6,15.2,32.0,3.2,7.2,99.0,CENTRO,17
2024-10-19 18:00:00,0.78,27.0,2.4,9.1,7.83,11.7,28.0,3.1,7.4,110.0,CENTRO,18
2024-10-19 19:00:00,0.75,28.0,2.0,7.0,7.72,9.2,26.0,3.3,8.7,120.0,CENTRO,19
2024-10-19 20:00:00,0.76,28.0,2.0,7.9,10.79,10.1,27.0,3.2,7.0,110.0,CENTRO,20
2024-10-19 21:00:00,0.93,18.0,2.6,17.0,8.66,19.7,28.0,3.2,5.5,71.0,CENTRO,21
2024-10-19 22:00:00,1.16,6.0,9.3,22.7,12.44,32.1,34.0,3.3,2.7,278.0,CENTRO,22
2024-10-19 23:00:00,1.13,8.0,6.3,21.8,20.63,28.2,48.0,3.2,2.6,76.0,CENTRO,23
2024-10-20 00:00:00,0.96,15.0,2.3,15.6,20.02,18.1,41.0,3.1,5.7,77.0,CENTRO,0
2024-10-20 01:00:00,0.9,15.0,2.2,12.8,14.84,15.2,40.0,3.2,5.6,77.0,CENTRO,1
2024-10-20 02:00:00,0.79,23.0,2.0,8.7,14.91,10.9,33.0,3.2,7.1,74.0,CENTRO,2
2024-10-20 03:00:00,0.75,23.0,2.0,6.3,9.35,8.5,34.0,3.2,9.1,72.0,CENTRO,3
2024-10-20 04:00:00,0.73,21.0,2.0,5.3,9.31,7.4,35.0,3.1,7.2,70.0,CENTRO,4
2024-10-20 05:00:00,0.72,21.0,1.9,5.1,9.11,7.3,32.0,3.0,5.6,51.0,CENTRO,5
2024-10-20 06:00:00,0.71,19.0,2.0,6.0,9.65,8.2,30.0,3.1,7.2,42.0,CENTRO,6
2024-10-20 07:00:00,0.7,20.0,2.1,6.1,18.18,8.4,32.0,3.0,7.3,49.0,CENTRO,7
2024-10-20 08:00:00,0.72,19.0,2.7,8.1,21.42,11.0,40.0,3.1,7.2,61.0,CENTRO,8
2024-10-20 09:00:00,0.76,24.0,3.4,7.7,22.99,11.3,48.0,3.5,8.1,78.0,CENTRO,9
2024-10-20 10:00:00,0.73,32.0,3.6,6.9,16.67,10.7,36.0,3.4,10.5,61.0,CENTRO,10
2024-10-20 11:00:00,0.73,37.0,3.5,6.7,8.46,10.5,32.0,3.3,10.6,54.0,CENTRO,11
2024-10-20 12:00:00,0.72,42.0,2.9,6.1,7.89,9.3,33.0,3.3,13.7,55.0,CENTRO,12
2024-10-20 13:00:00,0.71,42.0,2.9,6.2,8.93,9.3,33.0,3.2,13.6,60.0,CENTRO,13
2024-10-20 14:00:00,0.72,40.0,3.2,6.6,10.43,10.0,32.0,3.3,15.0,60.0,CENTRO,14
2024-10-20 15:00:00,0.77,36.0,3.5,8.0,8.0,11.7,32.0,3.2,15.4,54.0,CENTRO,15
2024-10-20 16:00:00,0.79,32.0,2.6,8.8,12.34,11.6,39.0,3.2,15.1,69.0,CENTRO,16
2024-10-20 17:00:00,0.86,30.0,2.7,10.2,11.7,13.1,33.0,3.1,12.5,64.0,CENTRO,17
2024-10-20 18:00:00,0.8,30.0,2.2,11.0,11.62,13.4,35.0,3.2,8.9,55.0,CENTRO,18
2024-10-20 19:00:00,0.87,25.0,2.2,14.2,8.54,16.6,29.0,3.2,8.9,66.0,CENTRO,19
2024-10-20 20:00:00,0.99,18.0,2.9,18.0,10.7,20.9,36.0,3.2,8.2,60.0,CENTRO,20
2024-10-20 21:00:00,0.98,15.0,2.4,19.6,16.73,22.2,41.0,3.2,7.0,53.0,CENTRO,21
2024-10-20 22:00:00,0.91,18.0,2.2,15.2,15.8,17.6,39.0,3.2,9.0,70.0,CENTRO,22
2024-10-20 23:00:00,0.81,20.0,2.2,11.8,19.92,14.1,37.0,3.3,9.4,56.0,CENTRO,23
2024-10-21 00:00:00,0.76,24.0,1.9,7.4,15.2,9.6,38.0,3.2,7.9,41.0,CENTRO,0
2024-10-21 01:00:00,0.77,23.0,1.9,7.4,11.01,9.5,32.0,3.2,7.3,46.0,CENTRO,1
2024-10-21 02:00:00,0.68,31.0,1.8,2.9,16.45,5.0,34.0,3.2,9.6,48.0,CENTRO,2
2024-10-21 03:00:00,0.66,33.0,1.9,2.4,6.16,4.5,25.0,3.3,8.5,46.0,CENTRO,3
2024-10-21 04:00:00,0.65,33.0,1.9,2.8,3.37,4.9,21.0,3.2,7.3,54.0,CENTRO,4
2024-10-21 05:00:00,0.66,34.0,1.9,2.4,2.77,4.5,22.0,3.2,8.0,53.0,CENTRO,5
2024-10-21 06:00:00,0.68,32.0,1.9,4.5,2.61,6.6,22.0,3.1,5.6,53.0,CENTRO,6
2024-10-21 07:00:00,0.8,25.0,2.4,12.1,3.5,14.7,21.0,3.1,5.7,41.0,CENTRO,7
2024-10-21 08:00:00,0.95,15.0,5.8,21.5,4.37,27.5,23.0,3.2,6.3,36.0,CENTRO,8
2024-10-21 09:00:00,1.03,17.0,7.1,19.0,4.25,26.3,25.0,3.2,7.5,46.0,CENTRO,9
2024-10-21 10:00:00,0.91,22.0,6.6,13.8,4.71,20.6,26.0,3.3,7.2,40.0,CENTRO,10
2024-10-21 11:00:00,0.86,23.0,8.6,16.4,3.89,25.3,25.0,3.3,7.3,32.0,CENTRO,11
2024-10-21 12:00:00,0.83,28.0,5.1,10.6,6.44,15.9,29.0,3.3,11.1,68.0,CENTRO,12
2024-10-21 13:00:00,0.9,26.0,6.8,13.6,6.18,20.6,36.0,3.3,11.0,48.0,CENTRO,13
2024-10-21 14:00:00,0.9,29.0,4.9,11.0,8.3,16.2,36.0,3.2,11.0,57.0,CENTRO,14
2024-10-21 15:00:00,0.82,27.0,3.3,10.0,7.78,13.5,35.0,3.2,8.0,93.0,CENTRO,15
2024-10-21 16:00:00,0.78,28.0,2.9,7.7,7.07,10.8,31.0,3.2,10.1,106.0,CENTRO,16
2024-10-21 17:00:00,0.84,23.0,3.2,9.6,5.9,13.1,28.0,3.2,7.9,114.0,CENTRO,17
2024-10-21 18:00:00,0.79,24.0,2.3,8.4,6.29,10.9,28.0,3.2,8.8,110.0,CENTRO,18
2024-10-21 19:00:00,0.83,23.0,2.6,9.8,6.47,12.6,28.0,3.2,8.0,95.0,CENTRO,19
2024-10-21 20:00:00,0.75,27.0,2.2,7.9,6.5,10.4,30.0,3.2,9.0,84.0,CENTRO,20
2024-10-21 21:00:00,0.73,27.0,2.0,6.8,6.74,9.0,31.0,3.3,8.7,88.0,CENTRO,21
2024-10-21 22:00:00,0.71,26.0,2.1,6.9,6.93,9.2,29.0,3.1,8.7,87.0,CENTRO,22
2024-10-21 23:00:00,0.71,25.0,1.9,5.4,6.7,7.5,29.0,3.2,7.9,106.0,CENTRO,23
2024-10-22 00:00:00,0.71,23.0,2.3,7.3,6.91,9.8,31.0,3.2,4.8,54.0,CENTRO,0
2024-10-22 01:00:00,1.06,10.0,18.4,20.9,6.98,39.5,25.0,3.4,4.8,32.0,CENTRO,1
2024-10-22 02:00:00,1.18,4.0,27.2,26.8,14.46,54.2,56.0,3.5,4.2,354.0,CENTRO,2
2024-10-22 03:00:00,0.91,7.0,4.9,20.2,21.95,25.3,64.0,3.3,6.4,28.0,CENTRO,3
2024-10-22 04:00:00,0.78,10.0,2.1,11.7,15.7,14.0,49.0,3.4,3.4,30.0,CENTRO,4
2024-10-22 05:00:00,0.75,12.0,2.1,9.0,14.54,11.3,41.0,3.3,2.4,21.0,CENTRO,5
2024-10-22 06:00:00,0.73,9.0,2.3,9.7,10.69,12.2,33.0,3.3,1.7,345.0,CENTRO,6
2024-10-22 07:00:00,0.85,4.0,15.9,15.5,9.56,31.6,30.0,3.3,1.8,350.0,CENTRO,7
2024-10-22 08:00:00,1.07,6.0,20.2,19.8,15.39,40.3,43.0,3.4,2.4,18.0,CENTRO,8
2024-10-22 09:00:00,1.19,5.0,31.4,23.9,14.0,55.4,39.0,3.5,2.8,12.0,CENTRO,9
2024-10-22 10:00:00,1.07,13.0,12.6,19.3,13.47,32.2,50.0,3.4,4.7,37.0,CENTRO,10
2024-10-22 11:00:00,0.91,15.0,15.0,21.0,10.59,36.2,49.0,3.5,6.3,21.0,CENTRO,11
2024-10-22 12:00:00,0.92,17.0,10.9,21.6,15.65,32.7,53.0,3.7,5.6,329.0,CENTRO,12
2024-10-22 13:00:00,0.66,21.666666666666668,13.333333333333334,17.066666666666666,17.47,30.633333333333336,103.5,3.7,5.6,238.66666666666666,CENTRO,13
2024-10-22 14:00:00,0.39999999999999997,26.333333333333332,15.766666666666666,12.533333333333333,7.85,28.566666666666666,154.0,3.7,5.6,148.33333333333334,CENTRO,14
2024-10-22 15:00:00,0.14,31.0,18.2,8.0,7.937499999999999,26.5,204.5,3.7,5.6,58.0,CENTRO,15
2024-10-22 16:00:00,0.28500000000000003,30.0,3.1,7.0,8.024999999999999,10.3,255.0,3.3,10.0,121.0,CENTRO,16
2024-10-22 17:00:00,0.43,28.0,3.3,8.3,8.112499999999999,11.8,31.0,3.4,9.0,123.0,CENTRO,17
2024-10-22 18:00:00,1.1,22.0,3.1,13.3,8.2,16.6,31.0,3.3,8.8,91.0,CENTRO,18
2024-10-22 19:00:00,1.37,10.0,4.7,20.3,8.98,25.2,34.0,3.3,8.0,57.0,CENTRO,19
2024-10-22 20:00:00,1.49,11.0,3.9,18.5,10.8,22.5,42.0,3.3,7.2,78.0,CENTRO,20
2024-10-22 21:00:00,1.51,15.0,2.4,13.6,10.21,16.2,36.0,3.2,5.8,93.0,CENTRO,21
2024-10-22 22:00:00,1.56,16.0,2.1,11.8,8.97,14.1,35.0,3.2,4.1,77.0,CENTRO,22
2024-10-22 23:00:00,1.58,17.0,2.9,10.4,8.73,13.5,36.0,3.3,4.5,79.0,CENTRO,23
2024-10-23 00:00:00,1.55,16.0,2.0,10.2,8.37,12.4,30.0,3.3,2.8,50.0,CENTRO,0
2024-10-23 01:00:00,1.57,13.0,1.9,13.2,9.64,15.3,27.0,3.2,3.1,34.0,CENTRO,1
2024-10-23 02:00:00,1.59,6.0,6.2,18.8,13.47,25.3,29.0,3.3,1.8,343.0,CENTRO,2
2024-10-23 03:00:00,1.59,4.0,9.9,21.2,15.32,31.4,45.0,3.4,1.8,315.0,CENTRO,3
2024-10-23 04:00:00,1.57,4.0,9.0,18.3,15.52,27.6,42.0,3.4,1.7,296.0,CENTRO,4
2024-10-23 05:00:00,1.58,4.0,25.2,17.6,17.24,43.1,40.0,3.6,1.7,334.0,CENTRO,5
2024-10-23 06:00:00,1.62,4.5,41.9,17.0,25.06,59.1,48.0,3.7,1.7,337.0,CENTRO,6
2024-10-23 07:00:00,1.71,5.0,40.4,17.9,29.59,58.7,61.0,3.7,2.1,349.0,CENTRO,7
2024-10-23 08:00:00,1.8,5.5,33.2,19.3,31.41,52.7,58.0,3.6,1.7,350.0,CENTRO,8
2024-10-23 09:00:00,2.05,6.0,28.0,20.5,32.84,48.7,64.0,3.5,2.4,283.0,CENTRO,9
2024-10-23 10:00:00,1.71,12.0,16.9,18.7,21.95,35.9,55.0,3.3,4.5,310.0,CENTRO,10
2024-10-23 11:00:00,1.57,23.0,10.2,16.6,24.16,27.1,52.0,3.3,5.7,6.0,CENTRO,11
2024-10-23 12:00:00,1.72,20.0,15.2,28.9,36.54,44.3,52.0,3.4,6.9,11.0,CENTRO,12
2024-10-23 13:00:00,1.59,43.0,7.3,22.2,33.98,29.8,80.0,3.6,7.4,47.0,CENTRO,13
2024-10-23 14:00:00,1.43,55.0,3.6,12.5,19.66,16.4,69.0,3.5,10.0,55.0,CENTRO,14
2024-10-23 15:00:00,1.37,52.0,3.3,10.5,15.54,14.0,51.0,3.5,11.8,57.0,CENTRO,15
2024-10-23 16:00:00,1.34,43.0,3.2,9.7,13.6,13.1,41.0,3.5,11.7,77.0,CENTRO,16
2024-10-23 17:00:00,1.3,38.0,2.7,7.9,11.65,10.9,38.0,3.4,11.7,106.0,CENTRO,17
2024-10-23 18:00:00,1.34,30.0,2.7,9.8,11.18,12.7,34.0,3.4,10.5,91.0,CENTRO,18
2024-10-23 19:00:00,1.45,20.0,2.5,14.7,11.5,17.5,37.0,3.4,8.4,102.0,CENTRO,19
2024-10-23 20:00:00,1.43,18.0,2.3,15.4,10.81,17.9,32.0,3.4,8.0,102.0,CENTRO,20
2024-10-23 21:00:00,1.45,15.0,2.5,17.7,11.65,20.4,34.0,3.4,5.7,78.0,CENTRO,21
2024-10-23 22:00:00,1.4,18.0,2.0,12.4,11.61,14.5,36.0,3.4,5.5,100.0,CENTRO,22
2024-10-23 23:00:00,1.36,18.0,2.0,10.7,11.23,12.9,34.0,3.3,4.7,99.0,CENTRO,23
2024-10-24 00:00:00,1.3,21.0,1.8,6.8,11.23,8.9,33.0,3.4,3.6,121.0,CENTRO,0
2024-10-24 01:00:00,1.37,14.0,1.9,10.9,9.97,13.0,29.0,3.3,1.8,236.0,CENTRO,1
2024-10-24 02:00:00,1.41,9.0,2.1,14.9,11.48,17.1,32.0,3.3,2.1,252.0,CENTRO,2
2024-10-24 03:00:00,1.4,7.0,2.4,15.6,13.22,18.1,35.0,3.3,2.9,206.0,CENTRO,3
2024-10-24 04:00:00,1.34,10.0,2.0,13.6,14.28,15.8,33.0,3.3,3.3,231.0,CENTRO,4
2024-10-24 05:00:00,1.3,11.0,2.0,12.0,14.5,14.3,30.0,3.3,3.3,228.0,CENTRO,5
2024-10-24 06:00:00,1.32,11.0,2.5,13.4,14.33,16.1,34.0,3.3,3.1,220.0,CENTRO,6
2024-10-24 07:00:00,1.47,7.0,11.3,19.5,14.4,31.0,31.0,3.4,2.0,259.0,CENTRO,7
2024-10-24 08:00:00,1.76,6.0,32.5,22.6,14.34,55.4,36.0,3.7,1.8,275.0,CENTRO,8
2024-10-24 09:00:00,1.83,9.0,39.6,27.2,15.74,67.0,47.0,3.9,2.5,293.0,CENTRO,9
2024-10-24 10:00:00,2.27,15.0,39.4,38.7,22.74,78.4,65.0,3.9,4.7,33.0,CENTRO,10
2024-10-24 11:00:00,2.46,25.0,23.4,36.6,39.54,60.3,98.0,3.6,6.4,20.0,CENTRO,11
2024-10-24 12:00:00,1.96,28.0,17.7,31.2,53.27,49.1,96.0,3.6,9.2,41.0,CENTRO,12
2024-10-24 13:00:00,1.74,50.0,9.3,27.9,42.25,37.3,103.0,4.1,8.1,37.0,CENTRO,13
2024-10-24 14:00:00,1.53,60.0,3.6,13.9,41.91,17.7,78.0,3.9,9.0,54.0,CENTRO,14
2024-10-24 15:00:00,1.45,59.0,2.8,9.1,24.28,12.1,54.0,3.7,11.7,83.0,CENTRO,15
2024-10-24 16:00:00,1.4,50.0,2.7,7.5,17.36,10.5,44.0,3.6,11.7,117.0,CENTRO,16
2024-10-24 17:00:00,1.38,40.0,2.8,7.0,14.01,10.1,38.0,3.6,11.6,120.0,CENTRO,17
2024-10-24 18:00:00,1.45,32.0,2.7,9.6,12.0,12.4,40.0,3.5,9.4,104.0,CENTRO,18
2024-10-24 19:00:00,1.61,21.0,2.9,17.4,11.34,20.5,36.0,3.5,8.2,81.0,CENTRO,19
2024-10-24 20:00:00,1.63,17.0,2.6,18.3,11.54,21.0,36.0,3.5,5.8,97.0,CENTRO,20
2024-10-24 21:00:00,1.48,23.0,2.3,12.3,12.68,14.8,38.0,3.4,6.3,92.0,CENTRO,21
2024-10-24 22:00:00,1.45,20.0,2.4,12.1,12.05,14.7,32.0,3.5,4.0,71.0,CENTRO,22
2024-10-24 23:00:00,1.53,13.0,2.3,15.4,11.67,17.8,35.0,3.4,3.2,226.0,CENTRO,23
2024-10-25 00:00:00,1.57,14.0,2.2,13.8,13.05,16.1,36.0,3.4,2.6,197.0,CENTRO,0
2024-10-25 01:00:00,1.74,5.0,9.4,22.0,15.54,31.6,38.0,3.4,4.0,229.0,CENTRO,1
2024-10-25 02:00:00,1.61,4.0,6.7,24.4,16.9,31.2,44.0,3.5,2.2,244.0,CENTRO,2
2024-10-25 03:00:00,1.54,6.0,3.4,22.7,19.21,26.3,42.0,3.7,3.3,209.0,CENTRO,3
2024-10-25 04:00:00,1.44,9.0,2.2,20.2,17.68,22.6,42.0,4.0,4.0,229.0,CENTRO,4
2024-10-25 05:00:00,1.4,10.0,2.2,19.6,15.74,22.0,46.0,4.4,3.8,240.0,CENTRO,5
2024-10-25 06:00:00,1.41,10.0,3.0,18.7,16.08,21.8,49.0,4.3,3.4,236.0,CENTRO,6
2024-10-25 07:00:00,1.61,5.0,35.6,26.1,14.97,61.9,55.0,4.7,3.9,240.0,CENTRO,7
2024-10-25 08:00:00,1.79,6.0,38.9,24.3,23.95,63.4,79.0,5.1,2.9,241.0,CENTRO,8
2024-10-25 09:00:00,1.77,10.0,36.0,27.8,17.99,64.0,71.0,5.8,3.9,288.0,CENTRO,9
2024-10-25 10:00:00,1.9,16.0,31.9,31.9,18.4,64.0,73.0,5.4,4.6,39.0,CENTRO,10
2024-10-25 11:00:00,2.01,25.0,23.9,40.2,24.05,64.3,78.0,5.1,4.4,56.0,CENTRO,11
2024-10-25 12:00:00,2.36,25.0,30.4,52.3,27.72,82.9,86.0,7.5,5.9,91.0,CENTRO,12
2024-10-25 13:00:00,1.89,51.0,7.8,27.0,49.68,35.0,106.0,7.6,7.0,74.0,CENTRO,13
2024-10-25 14:00:00,1.79,75.0,4.2,20.4,30.85,24.8,75.0,5.2,8.7,54.0,CENTRO,14
2024-10-25 15:00:00,1.75,79.0,3.4,17.4,26.58,21.0,66.0,4.5,11.2,62.0,CENTRO,15
2024-10-25 16:00:00,1.73,74.0,3.3,16.7,27.05,20.1,65.0,4.4,12.3,59.0,CENTRO,16
2024-10-25 17:00:00,1.71,67.0,2.9,15.9,27.26,19.0,63.0,4.4,13.0,59.0,CENTRO,17
2024-10-25 18:00:00,1.75,70.0,2.2,16.3,24.75,18.7,61.0,4.0,9.0,82.0,CENTRO,18
2024-10-25 19:00:00,1.79,41.0,2.4,20.1,27.53,22.6,53.0,3.9,9.3,85.0,CENTRO,19
2024-10-25 20:00:00,1.71,27.0,2.2,14.8,22.56,17.1,51.0,4.0,7.7,95.0,CENTRO,20
2024-10-25 21:00:00,1.64,28.0,2.1,11.9,20.21,14.2,46.0,3.9,7.1,89.0,CENTRO,21
2024-10-25 22:00:00,1.59,26.0,2.1,11.3,18.83,13.6,41.0,3.6,5.4,101.0,CENTRO,22
2024-10-25 23:00:00,1.8,10.0,3.3,24.0,18.21,27.6,40.0,3.6,1.8,166.0,CENTRO,23
2024-10-26 00:00:00,1.95,5.0,5.6,27.0,20.47,32.8,44.0,3.5,2.1,278.0,CENTRO,0
2024-10-26 01:00:00,1.81,6.0,3.1,22.8,21.67,26.1,48.0,3.4,2.9,308.0,CENTRO,1
2024-10-26 02:00:00,1.89,4.0,10.3,25.8,20.54,36.3,41.0,3.5,2.3,43.0,CENTRO,2
2024-10-26 03:00:00,1.82,4.0,14.7,24.3,24.89,39.2,58.0,3.6,2.8,319.0,CENTRO,3
2024-10-26 04:00:00,1.76,4.0,7.3,22.1,26.43,29.6,55.0,3.5,2.7,344.0,CENTRO,4
2024-10-26 05:00:00,1.82,5.0,14.3,21.1,20.44,35.7,45.0,3.6,2.4,336.0,CENTRO,5
2024-10-26 06:00:00,1.69,6.0,6.2,23.1,24.84,29.5,56.0,3.8,3.3,220.0,CENTRO,6
2024-10-26 07:00:00,1.64,5.0,9.3,27.8,22.64,37.3,52.0,4.4,2.3,247.0,CENTRO,7
2024-10-26 08:00:00,1.83,5.0,20.3,24.3,23.71,44.8,53.0,4.5,4.1,197.0,CENTRO,8
2024-10-26 09:00:00,1.96,7.0,22.9,23.8,27.66,46.8,59.0,4.3,4.6,233.0,CENTRO,9
2024-10-26 10:00:00,2.03,14.0,19.3,22.9,42.47,42.5,76.0,4.6,3.7,136.5,CENTRO,10
2024-10-26 11:00:00,2.22,18.0,24.5,31.1,48.46,55.8,83.0,4.3,4.8,40.0,CENTRO,11
2024-10-26 12:00:00,1.99,28.0,16.0,31.3,51.96,47.5,100.0,5.1,8.2,44.0,CENTRO,12
2024-10-26 13:00:00,1.69,37.0,7.5,15.9,43.98,23.6,87.0,4.7,12.1,65.0,CENTRO,13
2024-10-26 14:00:00,1.59,43.0,5.2,11.6,21.74,17.1,57.0,4.3,14.3,75.0,CENTRO,14
2024-10-26 15:00:00,1.58,45.0,4.0,10.7,17.42,14.9,50.0,5.3,14.4,82.0,CENTRO,15
2024-10-26 16:00:00,1.55,36.0,5.0,9.4,20.79,14.6,45.0,5.5,12.0,88.0,CENTRO,16
2024-10-26 17:00:00,1.54,35.0,3.0,7.0,13.63,10.2,36.0,4.6,10.8,105.0,CENTRO,17
2024-10-26 18:00:00,1.53,33.0,2.5,6.4,12.35,9.1,31.0,4.1,8.1,129.0,CENTRO,18
2024-10-26 19:00:00,1.61,26.0,2.1,10.8,13.24,13.2,32.0,3.9,7.7,111.0,CENTRO,19
2024-10-26 20:00:00,1.64,23.0,2.4,12.6,14.06,15.2,35.0,3.9,7.3,106.0,CENTRO,20
2024-10-26 21:00:00,1.58,24.0,2.2,7.1,15.12,9.5,35.0,3.6,10.1,127.0,CENTRO,21
2024-10-26 22:00:00,1.55,23.0,2.2,6.1,11.8,8.5,31.0,3.5,7.4,102.0,CENTRO,22
2024-10-26 23:00:00,1.63,18.0,2.1,9.7,8.22,12.0,31.0,3.6,3.9,67.0,CENTRO,23
2024-10-27 00:00:00,1.68,16.0,5.0,11.2,8.74,16.4,29.0,3.5,4.6,41.0,CENTRO,0
2024-10-27 01:00:00,1.99,4.0,21.5,21.5,8.98,43.3,35.0,3.6,5.9,356.0,CENTRO,1
2024-10-27 02:00:00,1.75,4.0,8.5,21.1,21.9,29.9,46.0,3.5,3.2,28.0,CENTRO,2
2024-10-27 03:00:00,1.71,4.0,7.7,18.9,14.66,26.9,44.0,3.9,3.0,13.0,CENTRO,3
2024-10-27 04:00:00,1.69,4.25,7.9,18.6,16.46,26.8,44.0,3.8,2.1,334.0,CENTRO,4
2024-10-27 05:00:00,1.72,4.5,3.9,17.7,13.69,21.9,35.0,3.8,1.9,232.0,CENTRO,5
2024-10-27 06:00:00,1.71,4.75,8.4,17.7,11.24,26.3,35.0,3.8,3.5,219.0,CENTRO,6
2024-10-27 07:00:00,1.66,5.0,6.0,16.9,16.16,23.2,37.0,4.5,3.0,228.0,CENTRO,7
2024-10-27 08:00:00,1.66,7.0,9.5,15.6,18.83,25.3,39.0,5.0,4.4,230.0,CENTRO,8
2024-10-27 09:00:00,1.83,11.0,17.7,18.3,18.74,36.3,45.0,5.0,3.2,276.0,CENTRO,9
2024-10-27 10:00:00,1.8,23.0,10.2,16.3,18.1,26.7,48.0,4.7,4.2,30.0,CENTRO,10
2024-10-27 11:00:00,1.93,26.0,15.1,25.0,17.28,40.3,53.0,6.5,6.2,66.0,CENTRO,11
2024-10-27 12:00:00,1.65,41.0,6.2,14.2,20.57,20.6,52.0,7.0,8.4,63.0,CENTRO,12
2024-10-27 13:00:00,1.63,53.0,3.7,10.1,12.46,14.0,41.0,5.6,11.6,55.0,CENTRO,13
2024-10-27 14:00:00,1.69,54.0,3.2,8.6,10.99,12.1,40.0,4.8,10.6,67.0,CENTRO,14
2024-10-27 15:00:00,1.75,53.0,3.1,7.5,11.69,10.9,33.0,4.5,13.9,69.0,CENTRO,15
2024-10-27 16:00:00,1.66,48.0,3.2,6.6,41.51,10.1,52.0,5.1,12.4,94.0,CENTRO,16
2024-10-27 17:00:00,1.57,41.0,2.8,5.2,15.43,8.3,38.0,4.9,12.6,92.0,CENTRO,17
2024-10-27 18:00:00,1.58,34.0,3.1,8.2,7.28,11.5,31.0,4.3,11.9,90.0,CENTRO,18
2024-10-27 19:00:00,1.64,31.0,2.4,10.2,7.44,12.8,32.0,4.6,9.7,94.0,CENTRO,19
2024-10-27 20:00:00,1.62,28.0,2.3,11.2,8.61,13.7,30.0,4.4,6.1,111.0,CENTRO,20
2024-10-27 21:00:00,1.59,27.0,2.2,11.3,9.2,13.7,32.0,3.9,5.6,127.0,CENTRO,21
2024-10-27 22:00:00,1.53,31.0,2.2,8.1,10.52,10.5,30.0,3.8,6.8,108.0,CENTRO,22
2024-10-27 23:00:00,1.49,33.0,2.1,6.5,7.15,8.8,26.0,3.6,6.7,112.0,CENTRO,23
2024-10-28 00:00:00,1.51,31.0,2.1,7.4,6.89,9.7,25.0,3.6,6.0,124.0,CENTRO,0
2024-10-28 01:00:00,1.52,26.0,2.3,10.8,6.69,13.4,28.0,3.6,7.3,77.0,CENTRO,1
2024-10-28 02:00:00,1.56,7.0,6.1,25.5,8.73,31.9,37.0,6.4,5.8,21.0,CENTRO,2
2024-10-28 03:00:00,1.57,5.0,5.7,26.2,15.36,32.1,41.0,6.9,2.7,347.0,CENTRO,3
2024-10-28 04:00:00,1.61,6.0,3.8,23.2,16.04,27.3,42.0,5.8,1.8,336.0,CENTRO,4
2024-10-28 05:00:00,1.58,6.0,2.6,20.8,13.44,23.6,33.0,4.8,1.8,232.0,CENTRO,5
2024-10-28 06:00:00,1.59,6.0,3.0,19.6,12.56,22.8,32.0,5.1,2.3,241.0,CENTRO,6
2024-10-28 07:00:00,1.68,4.0,18.6,20.1,14.45,38.9,42.0,5.0,1.8,270.0,CENTRO,7
2024-10-28 08:00:00,1.96,5.0,38.2,22.4,15.92,60.9,47.0,4.7,1.8,282.0,CENTRO,8
2024-10-28 09:00:00,1.98,10.0,33.1,26.6,16.43,59.9,50.0,5.9,3.1,192.0,CENTRO,9
2024-10-28 10:00:00,2.11,17.0,26.8,30.6,17.87,57.5,58.0,6.1,4.3,39.0,CENTRO,10
2024-10-28 11:00:00,2.16,20.0,28.8,37.5,27.95,66.6,63.0,9.2,6.2,29.0,CENTRO,11
2024-10-28 12:00:00,1.94,39.0,11.8,29.6,34.56,41.6,82.0,8.4,9.0,37.0,CENTRO,12
2024-10-28 13:00:00,1.65,48.0,5.6,14.6,30.5,20.3,72.0,6.4,9.8,47.0,CENTRO,13
2024-10-28 14:00:00,1.49,49.0,3.0,6.5,13.7,9.8,45.0,5.0,11.5,122.0,CENTRO,14
2024-10-28 15:00:00,1.52,50.0,3.1,7.1,6.83,10.4,34.0,4.6,12.6,121.0,CENTRO,15
2024-10-28 16:00:00,1.5,42.0,3.0,5.8,7.28,9.1,29.0,4.2,11.9,112.0,CENTRO,16
2024-10-28 17:00:00,1.53,39.0,3.1,6.6,6.08,9.9,29.0,4.0,12.6,105.0,CENTRO,17
2024-10-28 18:00:00,1.6,33.0,3.1,10.1,5.49,13.5,27.0,3.8,11.4,85.0,CENTRO,18
2024-10-28 19:00:00,1.71,24.0,2.9,13.6,6.29,16.7,31.0,3.8,8.4,123.0,CENTRO,19
2024-10-28 20:00:00,1.71,21.0,2.7,14.6,7.08,17.5,32.0,3.8,7.6,116.0,CENTRO,20
2024-10-28 21:00:00,1.62,23.0,2.3,11.6,7.26,14.1,27.0,3.6,7.0,115.0,CENTRO,21
2024-10-28 22:00:00,1.66,20.0,2.8,13.7,7.37,16.7,27.0,3.7,5.5,76.0,CENTRO,22
2024-10-28 23:00:00,1.68,15.0,3.2,17.2,8.21,20.5,30.0,3.6,4.7,46.0,CENTRO,23
2024-10-29 00:00:00,1.75,9.0,6.1,22.2,8.58,28.5,31.0,3.7,5.5,17.0,CENTRO,0
2024-10-29 01:00:00,1.61,10.0,4.4,19.5,16.08,24.1,34.0,3.6,4.7,2.0,CENTRO,1
2024-10-29 02:00:00,1.62,6.0,5.5,22.0,10.91,27.8,38.0,3.9,5.0,4.0,CENTRO,2
2024-10-29 03:00:00,1.64,5.0,4.5,20.3,16.07,25.1,41.0,4.3,4.1,344.0,CENTRO,3
2024-10-29 04:00:00,1.64,4.0,6.5,19.4,16.61,26.2,44.0,4.0,2.6,344.0,CENTRO,4
2024-10-29 05:00:00,1.65,4.0,8.8,18.6,18.27,27.8,47.0,3.9,4.1,62.0,CENTRO,5
2024-10-29 06:00:00,1.71,4.0,8.0,20.0,23.02,28.3,46.0,4.2,3.3,74.0,CENTRO,6
2024-10-29 07:00:00,1.65,5.0,10.2,20.2,31.76,30.8,52.0,4.5,5.1,38.0,CENTRO,7
2024-10-29 08:00:00,1.68,6.0,13.6,19.3,29.09,33.2,50.0,4.8,3.4,23.0,CENTRO,8
2024-10-29 09:00:00,1.89,8.0,19.5,21.2,37.51,40.9,54.0,4.7,4.1,197.0,CENTRO,9
2024-10-29 10:00:00,1.86,14.0,16.1,20.2,28.95,36.6,63.0,4.5,4.4,35.0,CENTRO,10
2024-10-29 11:00:00,2.0,17.0,25.7,28.3,27.33,54.2,60.0,5.0,6.9,56.0,CENTRO,11
2024-10-29 12:00:00,1.89,23.0,21.8,29.5,33.64,51.5,81.0,9.0,7.9,67.0,CENTRO,12
2024-10-29 13:00:00,1.78,42.0,8.3,20.6,36.06,29.1,79.0,6.4,8.8,55.0,CENTRO,13
2024-10-29 14:00:00,1.67,46.0,5.2,13.3,27.28,18.7,62.0,5.1,9.8,35.0,CENTRO,14
2024-10-29 15:00:00,1.62,48.0,3.6,9.5,18.43,13.3,47.0,4.5,10.1,85.0,CENTRO,15
2024-10-29 16:00:00,1.56,41.0,3.1,6.7,13.21,10.0,38.0,4.1,13.2,130.0,CENTRO,16
2024-10-29 17:00:00,1.6,41.0,3.2,7.9,10.65,11.3,38.0,4.0,12.7,127.0,CENTRO,17
2024-10-29 18:00:00,1.61,37.0,3.0,8.6,11.96,11.8,36.0,3.8,11.6,134.0,CENTRO,18
2024-10-29 19:00:00,1.69,26.0,2.7,11.0,12.15,13.9,34.0,3.8,11.3,112.0,CENTRO,19
2024-10-29 20:00:00,1.61,27.0,2.2,8.6,12.13,11.0,35.0,3.6,9.5,107.0,CENTRO,20
2024-10-29 21:00:00,1.58,28.0,2.2,5.9,12.21,8.3,35.0,3.6,12.3,132.0,CENTRO,21
2024-10-29 22:00:00,1.56,25.0,2.1,5.7,11.69,8.0,38.0,3.6,10.1,118.0,CENTRO,22
2024-10-29 23:00:00,1.57,22.0,2.2,7.1,9.71,9.5,32.0,3.5,8.3,75.0,CENTRO,23
2024-10-30 00:00:00,1.6,17.0,3.4,10.5,9.33,14.2,33.0,3.6,7.7,32.0,CENTRO,0
2024-10-30 01:00:00,1.59,17.0,2.0,8.8,10.18,11.0,48.9375,3.6,7.6,44.0,CENTRO,1
2024-10-30 02:00:00,1.55,18.0,2.0,6.4,10.77,8.7,64.875,3.5,6.8,58.0,CENTRO,2
2024-10-30 03:00:00,1.53,17.0,2.0,5.3,10.85,7.5,80.8125,3.4,3.7,42.0,CENTRO,3
2024-10-30 04:00:00,1.53,15.0,2.0,6.9,11.79,9.1,96.75,3.4,2.5,21.0,CENTRO,4
2024-10-30 05:00:00,1.54,10.0,2.2,11.1,12.57,13.5,50.0,3.4,3.4,31.0,CENTRO,5
2024-10-30 06:00:00,1.55,12.0,2.1,10.3,15.02,12.6,51.0,3.5,3.9,63.0,CENTRO,6
2024-10-30 07:00:00,1.62,5.0,6.6,17.9,13.14,24.8,54.0,3.5,3.6,43.0,CENTRO,7
2024-10-30 08:00:00,1.81,5.0,21.2,20.0,15.26,41.5,58.0,3.9,2.5,118.0,CENTRO,8
2024-10-30 09:00:00,1.97,6.0,26.1,21.5,19.08,47.8,63.5,4.1,2.9,229.0,CENTRO,9
2024-10-30 10:00:00,1.98,8.0,21.7,20.8,20.53,42.8,69.0,4.1,4.8,343.0,CENTRO,10
2024-10-30 11:00:00,1.84,19.0,14.9,18.4,26.33,33.6,73.5,3.9,5.6,21.0,CENTRO,11
2024-10-30 12:00:00,1.89,28.0,13.5,24.9,31.26,38.6,224.25,3.9,5.8,20.0,CENTRO,12
2024-10-30 13:00:00,2.02,31.0,17.4,37.0,36.26,54.6,240.1875,5.3,8.0,65.0,CENTRO,13
2024-10-30 14:00:00,1.86,67.0,4.7,22.7,42.22,27.6,256.125,5.7,9.6,63.0,CENTRO,14
2024-10-30 15:00:00,1.85,78.0,3.7,22.6,37.32,26.5,272.0625,4.8,8.9,57.0,CENTRO,15
2024-10-30 16:00:00,1.88,75.0,3.6,25.8,35.76,29.6,288.0,4.5,9.2,56.0,CENTRO,16
2024-10-30 17:00:00,1.94,77.0,3.4,28.6,34.0,32.3,81.0,4.4,9.4,68.0,CENTRO,17
2024-10-30 18:00:00,2.02,75.0,2.4,24.9,35.35,27.5,79.0,4.0,9.4,69.0,CENTRO,18
2024-10-30 19:00:00,2.07,58.0,2.3,26.3,36.73,28.8,75.0,3.6,8.4,63.0,CENTRO,19
2024-10-30 20:00:00,1.85,53.0,2.3,17.5,37.89,20.0,66.0,3.6,7.0,89.0,CENTRO,20
2024-10-30 21:00:00,1.86,41.0,2.3,21.4,36.59,23.8,52.0,3.8,6.0,64.0,CENTRO,21
2024-10-30 22:00:00,1.78,33.0,2.3,20.1,29.24,22.5,49.0,3.6,4.1,62.0,CENTRO,22
2024-10-30 23:00:00,1.8,30.0,2.2,16.9,27.73,19.3,46.0,3.6,3.5,44.0,CENTRO,23
2024-10-31 00:00:00,1.79,17.0,2.7,23.3,24.73,26.1,41.0,3.6,2.2,36.0,CENTRO,0
2024-10-31 01:00:00,2.03,5.0,15.5,38.6,22.83,54.3,44.0,3.6,2.5,6.0,CENTRO,1
2024-10-31 02:00:00,2.0,4.0,14.8,32.5,22.42,47.5,66.0,3.7,2.3,280.0,CENTRO,2
2024-10-31 03:00:00,1.77,5.0,3.9,22.2,40.15,26.4,64.0,3.6,2.6,320.0,CENTRO,3
2024-10-31 04:00:00,1.8,4.0,6.7,23.8,36.39,30.8,51.0,3.5,2.5,254.0,CENTRO,4
2024-10-31 05:00:00,1.81,6.0,3.5,30.5,25.33,34.1,46.0,4.0,2.7,221.0,CENTRO,5
2024-10-31 06:00:00,1.74,6.0,4.6,24.9,24.09,29.7,60.0,4.2,2.9,253.0,CENTRO,6
2024-10-31 07:00:00,1.86,4.0,14.7,28.4,35.75,43.3,63.0,4.2,5.7,221.0,CENTRO,7
2024-10-31 08:00:00,2.02,5.0,33.9,32.4,36.39,66.6,67.0,5.2,7.6,208.0,CENTRO,8
2024-10-31 09:00:00,2.24,8.0,40.5,35.0,34.25,75.7,95.0,6.3,9.1,216.0,CENTRO,9
2024-10-31 10:00:00,2.03,14.0,20.8,29.3,40.71,50.3,106.0,5.2,4.8,250.0,CENTRO,10
2024-10-31 11:00:00,1.99,23.0,13.9,23.4,52.48,37.5,81.0,4.1,6.2,6.0,CENTRO,11
2024-10-31 12:00:00,1.93,36.0,10.0,25.0,39.62,35.2,73.0,3.9,5.5,29.0,CENTRO,12
2024-10-31 13:00:00,2.07,40.0,10.8,30.5,37.54,41.6,84.0,3.9,8.4,34.0,CENTRO,13
2024-10-31 14:00:00,1.87,55.0,6.3,23.6,39.27,30.2,100.0,4.0,8.4,36.0,CENTRO,14
2024-10-31 15:00:00,1.83,64.0,5.6,27.2,47.19,33.1,79.0,4.6,8.9,54.0,CENTRO,15
2024-10-31 16:00:00,1.72,49.0,6.4,22.1,37.96,28.8,73.0,5.2,10.0,62.0,CENTRO,16
2024-10-31 17:00:00,1.76,58.0,3.3,15.9,36.2,19.4,59.0,4.3,11.8,73.0,CENTRO,17
2024-10-31 18:00:00,1.77,64.0,2.5,15.9,26.21,18.6,72.0,5.3,9.8,112.0,CENTRO,18
2024-10-31 19:00:00,1.84,56.0,2.6,18.0,30.29,20.7,67.0,5.9,9.8,86.0,CENTRO,19
2024-10-31 20:00:00,1.8,31.0,2.7,18.3,40.52,21.2,66.0,5.0,9.3,61.0,CENTRO,20
2024-10-31 21:00:00,1.76,39.0,2.4,14.8,36.05,17.3,54.0,4.2,5.6,89.0,CENTRO,21
2024-10-31 22:00:00,1.72,38.0,2.3,12.7,28.34,15.2,52.0,4.0,6.1,66.0,CENTRO,22
2024-10-31 23:00:00,1.83,35.0,2.3,15.8,27.76,18.2,51.0,4.1,5.4,89.0,CENTRO,23
2024-11-01 00:00:00,1.84,22.5,2.4,17.200000000000003,28.205,19.7,52.5,3.8499999999999996,6.1,78.0,CENTRO,0
2024-11-01 01:00:00,1.85,10.0,2.5,18.6,28.65,21.2,54.0,3.6,6.8,67.0,CENTRO,1
2024-11-01 02:00:00,1.84,7.0,3.7,20.7,24.34,24.7,53.0,3.9,6.4,39.0,CENTRO,2
2024-11-01 03:00:00,1.77,7.0,4.6,18.4,27.4,23.2,54.0,3.7,5.1,35.0,CENTRO,3
2024-11-01 04:00:00,1.64,10.0,2.7,11.0,29.77,13.8,56.0,3.6,5.4,76.0,CENTRO,4
2024-11-01 05:00:00,1.62,11.0,2.3,9.2,22.44,11.6,50.0,3.4,4.2,46.0,CENTRO,5
2024-11-01 06:00:00,1.61,10.0,2.5,11.9,21.57,14.6,50.0,3.3,6.8,63.0,CENTRO,6
2024-11-01 07:00:00,1.72,5.0,6.1,19.1,28.94,25.4,52.0,3.4,5.8,49.0,CENTRO,7
2024-11-01 08:00:00,1.79,7.0,7.8,19.0,32.25,27.1,62.0,3.5,6.5,61.0,CENTRO,8
2024-11-01 09:00:00,1.89,7.0,11.3,18.1,33.16,29.7,66.0,3.5,7.0,70.0,CENTRO,9
2024-11-01 10:00:00,1.81,12.0,12.3,14.0,33.52,26.6,65.0,3.5,8.8,52.0,CENTRO,10
2024-11-01 11:00:00,1.75,20.0,7.0,11.3,27.23,18.5,56.0,3.5,9.5,38.0,CENTRO,11
2024-11-01 12:00:00,1.71,25.0,5.1,9.7,20.67,15.1,57.0,3.5,12.3,58.0,CENTRO,12
2024-11-01 13:00:00,1.7,29.0,4.5,9.6,21.23,14.3,48.0,3.5,10.5,59.0,CENTRO,13
2024-11-01 14:00:00,1.7,29.0,4.7,9.1,21.11,14.0,43.0,3.5,11.5,81.0,CENTRO,14
2024-11-01 15:00:00,1.64,30.0,3.2,7.2,20.44,10.5,37.0,3.6,11.3,122.0,CENTRO,15
2024-11-01 16:00:00,1.65,30.0,3.3,7.3,20.57,10.9,40.0,3.4,12.6,126.0,CENTRO,16
2024-11-01 17:00:00,1.63,28.0,3.4,7.6,21.17,11.3,47.0,3.5,12.6,128.0,CENTRO,17
2024-11-01 18:00:00,1.72,26.0,2.7,11.0,21.73,13.9,43.0,3.4,13.2,114.0,CENTRO,18
2024-11-01 19:00:00,1.74,21.0,2.4,13.1,22.78,15.7,46.0,3.5,9.9,105.0,CENTRO,19
2024-11-01 20:00:00,1.79,17.0,2.6,16.3,23.43,19.1,43.0,3.4,7.4,105.0,CENTRO,20
2024-11-01 21:00:00,1.7,15.0,3.2,15.4,24.14,18.7,39.0,3.5,7.8,59.0,CENTRO,21
2024-11-01 22:00:00,1.73,14.0,2.9,14.8,21.97,17.9,35.0,3.6,7.9,68.0,CENTRO,22
2024-11-01 23:00:00,1.61,14.0,2.6,8.6,19.55,11.4,42.0,3.4,9.0,69.0,CENTRO,23
2024-11-02 00:00:00,1.62,12.0,3.4,8.7,15.43,12.3,36.0,3.2,9.0,74.0,CENTRO,0
2024-11-02 01:00:00,1.59,12.0,2.1,6.1,13.87,8.4,34.0,3.3,6.9,46.0,CENTRO,1
2024-11-02 02:00:00,1.61,10.0,2.0,6.8,12.58,9.0,27.0,3.3,5.0,13.0,CENTRO,2
2024-11-02 03:00:00,1.54,13.0,2.0,5.3,11.57,7.5,24.0,3.4,6.4,37.0,CENTRO,3
2024-11-02 04:00:00,1.54,14.0,2.2,6.5,10.31,8.9,25.0,3.4,8.6,10.0,CENTRO,4
2024-11-02 05:00:00,1.52,14.0,1.9,7.0,9.6,9.2,24.0,3.3,5.9,47.0,CENTRO,5
2024-11-02 06:00:00,1.52,16.0,1.9,4.6,10.21,6.6,23.0,3.3,4.8,38.0,CENTRO,6
2024-11-02 07:00:00,1.6,7.0,4.4,12.0,9.78,16.6,23.0,3.3,4.8,54.0,CENTRO,7
2024-11-02 08:00:00,1.69,6.0,8.6,13.0,10.37,21.8,28.0,3.4,5.8,57.0,CENTRO,8
2024-11-02 09:00:00,1.73,9.0,9.0,11.0,11.14,20.3,29.0,3.4,6.6,58.0,CENTRO,9
2024-11-02 10:00:00,1.72,9.0,21.5,14.9,11.89,36.7,32.0,3.5,6.3,38.0,CENTRO,10
2024-11-02 11:00:00,1.74,13.0,18.8,16.5,17.29,35.5,51.0,3.8,8.0,45.0,CENTRO,11
2024-11-02 12:00:00,1.69,26.0,6.8,14.0,23.14,21.0,48.0,4.0,7.9,68.0,CENTRO,12
2024-11-02 13:00:00,1.66,34.0,4.0,10.1,21.25,14.3,43.0,3.8,8.5,57.0,CENTRO,13
2024-11-02 14:00:00,1.6,35.0,3.0,7.6,18.72,10.8,42.0,3.6,7.3,86.0,CENTRO,14
2024-11-02 15:00:00,1.55,31.0,2.8,5.6,16.73,8.6,31.0,3.7,11.1,121.0,CENTRO,15
2024-11-02 16:00:00,1.53,30.0,2.6,4.8,14.95,7.7,28.0,3.5,12.7,129.0,CENTRO,16
2024-11-02 17:00:00,1.54,29.0,2.4,4.8,14.04,7.5,29.0,3.4,13.2,126.0,CENTRO,17
2024-11-02 18:00:00,1.58,23.0,2.2,6.8,13.14,9.3,31.0,3.4,13.2,110.0,CENTRO,18
2024-11-02 19:00:00,1.61,19.0,2.1,7.7,12.21,10.0,35.0,3.5,12.1,111.0,CENTRO,19
2024-11-02 20:00:00,1.59,20.0,2.1,6.2,11.51,8.5,31.0,3.5,13.4,122.0,CENTRO,20
2024-11-02 21:00:00,1.56,19.0,2.1,5.9,9.57,8.2,32.0,3.4,13.8,121.0,CENTRO,21
2024-11-02 22:00:00,1.53,21.0,1.9,3.3,10.04,5.5,37.0,3.4,13.6,129.0,CENTRO,22
2024-11-02 23:00:00,1.54,20.0,1.8,3.5,11.13,5.5,34.0,3.4,12.2,123.0,CENTRO,23
2024-11-03 00:00:00,1.56,18.0,1.9,4.7,11.69,6.7,34.0,3.4,10.8,108.0,CENTRO,0
2024-11-03 01:00:00,1.55,16.0,1.9,5.1,12.27,7.2,29.0,3.3,8.4,90.0,CENTRO,1
2024-11-03 02:00:00,1.58,10.0,4.0,9.5,12.55,13.7,32.0,3.4,7.9,34.0,CENTRO,2
2024-11-03 03:00:00,1.54,12.0,2.3,6.5,12.83,9.1,33.0,3.3,6.3,48.0,CENTRO,3
2024-11-03 04:00:00,1.57,12.0,1.8,5.8,12.67,7.8,31.0,3.3,6.9,64.0,CENTRO,4
2024-11-03 05:00:00,1.54,12.0,1.8,5.4,12.71,7.4,32.0,3.3,7.3,61.0,CENTRO,5
2024-11-03 06:00:00,1.57,9.0,2.6,7.9,11.05,10.7,43.0,3.4,5.1,58.0,CENTRO,6
2024-11-03 07:00:00,1.57,6.0,6.3,11.9,16.5,18.4,41.0,3.4,5.1,62.0,CENTRO,7
2024-11-03 08:00:00,1.63,5.0,13.3,14.0,22.45,27.6,51.0,3.5,4.8,64.0,CENTRO,8
2024-11-03 09:00:00,1.7,7.0,10.4,12.3,25.34,22.9,47.0,3.7,4.3,87.0,CENTRO,9
2024-11-03 10:00:00,1.69,11.0,13.5,13.2,27.83,26.9,50.0,3.9,4.8,18.0,CENTRO,10
2024-11-03 11:00:00,1.71,17.0,11.1,14.3,26.36,25.7,51.0,3.8,5.8,55.0,CENTRO,11
2024-11-03 12:00:00,1.74,25.0,11.0,18.3,28.66,29.5,56.0,4.0,7.3,62.0,CENTRO,12
2024-11-03 13:00:00,1.71,47.0,3.5,11.4,28.7,15.1,56.0,3.9,9.7,63.0,CENTRO,13
2024-11-03 14:00:00,1.65,51.0,3.5,11.7,32.34,15.4,55.0,3.7,10.7,50.0,CENTRO,14
2024-11-03 15:00:00,1.63,46.0,2.6,7.7,29.95,10.5,50.0,3.5,12.4,57.0,CENTRO,15
2024-11-03 16:00:00,1.62,40.0,2.4,6.4,28.42,9.0,44.0,3.5,10.6,90.0,CENTRO,16
2024-11-03 17:00:00,1.58,34.0,2.1,4.9,23.28,7.2,38.0,3.4,10.4,116.0,CENTRO,17
2024-11-03 18:00:00,1.56,32.0,1.8,4.7,20.93,6.7,36.0,3.3,11.1,108.0,CENTRO,18
2024-11-03 19:00:00,1.64,27.0,1.8,7.6,17.15,9.6,34.0,3.4,8.5,114.0,CENTRO,19
2024-11-03 20:00:00,1.64,24.0,1.8,7.6,15.76,9.5,33.0,3.4,6.1,115.0,CENTRO,20
2024-11-03 21:00:00,1.6,22.0,1.8,5.8,15.93,7.8,31.0,3.4,8.9,113.0,CENTRO,21
2024-11-03 22:00:00,1.6,19.0,1.8,7.3,16.14,9.3,32.0,3.4,6.3,82.0,CENTRO,22
2024-11-03 23:00:00,1.67,11.0,2.3,12.1,14.2,14.6,29.0,3.5,2.6,296.0,CENTRO,23
2024-11-04 00:00:00,1.71,9.0,2.6,15.8,13.21,18.6,35.0,3.5,5.7,19.0,CENTRO,0
2024-11-04 01:00:00,1.69,12.0,1.8,10.8,14.975,12.8,40.0,3.5,4.1,37.0,CENTRO,1
2024-11-04 02:00:00,1.68,5.0,6.4,18.0,16.74,24.6,37.0,3.5,3.0,7.0,CENTRO,2
2024-11-04 03:00:00,1.66,5.0,4.5,17.3,17.64,22.0,43.0,3.6,2.0,177.5,CENTRO,3
2024-11-04 04:00:00,1.73,5.0,3.8,16.9,18.84,20.9,48.0,3.7,2.3,348.0,CENTRO,4
2024-11-04 05:00:00,1.68,4.0,3.9,16.0,21.43,20.1,46.0,3.6,1.8,315.0,CENTRO,5
2024-11-04 06:00:00,1.69,4.0,5.3,18.2,22.38,23.8,43.0,3.6,2.8,225.0,CENTRO,6
2024-11-04 07:00:00,1.82,4.0,18.3,19.9,20.86,38.5,50.0,3.9,5.3,226.0,CENTRO,7
2024-11-04 08:00:00,1.92,5.0,23.4,18.0,22.13,41.6,63.0,4.4,5.9,222.0,CENTRO,8
2024-11-04 09:00:00,1.97,9.0,22.9,19.9,27.38,43.0,59.0,4.3,4.6,343.0,CENTRO,9
2024-11-04 10:00:00,2.04,15.0,25.1,29.4,28.37,54.7,72.0,4.2,3.9,32.0,CENTRO,10
2024-11-04 11:00:00,2.39,17.0,41.1,52.2,29.42,93.5,88.0,4.5,4.7,38.0,CENTRO,11
2024-11-04 12:00:00,2.27,30.0,24.3,48.6,35.05,73.1,112.0,8.4,6.7,71.0,CENTRO,12
2024-11-04 13:00:00,1.84,58.0,5.9,23.5,42.58,29.6,89.0,8.2,10.0,84.0,CENTRO,13
2024-11-04 14:00:00,1.85,89.0,3.2,19.2,50.01,22.7,64.0,6.0,9.6,57.0,CENTRO,14
2024-11-04 15:00:00,1.56,61.0,2.6,9.1,40.16,11.9,59.0,5.1,11.1,102.0,CENTRO,15
2024-11-04 16:00:00,1.58,64.0,2.6,9.2,30.31,12.1,41.0,4.6,12.0,111.0,CENTRO,16
2024-11-04 17:00:00,1.58,59.0,2.4,8.8,27.23,11.4,38.0,4.4,10.8,104.0,CENTRO,17
2024-11-04 18:00:00,1.62,57.0,2.1,11.0,23.085,13.3,42.0,4.1,10.2,104.0,CENTRO,18
2024-11-04 19:00:00,1.68,43.0,1.9,12.9,18.94,15.0,41.0,4.0,8.7,95.0,CENTRO,19
2024-11-04 20:00:00,1.7,34.0,1.8,12.6,14.18,14.6,39.0,3.9,8.3,99.0,CENTRO,20
2024-11-04 21:00:00,1.63,26.0,1.8,8.9,15.14,11.0,38.0,3.8,7.1,105.0,CENTRO,21
2024-11-04 22:00:00,1.62,21.0,2.0,10.4,15.64,12.6,38.0,3.7,5.0,65.0,CENTRO,22
2024-11-04 23:00:00,1.82,8.0,3.3,20.3,16.01,23.8,30.0,3.7,2.3,4.0,CENTRO,23
2024-11-05 00:00:00,1.73,6.0,16.1,21.9,15.55,38.2,32.0,3.8,3.1,320.0,CENTRO,0
2024-11-05 01:00:00,1.67,6.0,8.5,20.6,15.66,29.3,51.0,3.6,2.5,293.0,CENTRO,1
2024-11-05 02:00:00,1.61,9.0,2.9,15.2,15.42,18.3,59.0,3.6,6.1,351.0,CENTRO,2
2024-11-05 03:00:00,1.61,13.0,1.8,10.2,16.01,12.2,66.0,3.5,7.2,320.0,CENTRO,3
2024-11-05 04:00:00,1.58,21.0,1.8,9.4,19.12,11.5,60.0,3.6,10.0,8.0,CENTRO,4
2024-11-05 05:00:00,1.4,30.0,1.8,9.5,27.35,11.5,70.0,4.2,10.8,30.0,CENTRO,5
2024-11-05 06:00:00,1.3,35.0,1.8,7.3,30.27,9.3,99.0,4.1,9.2,15.0,CENTRO,6
2024-11-05 07:00:00,1.34,32.0,2.7,11.8,31.44,14.7,93.0,3.9,9.8,16.0,CENTRO,7
2024-11-05 08:00:00,1.46,25.0,5.0,18.8,29.21,24.0,94.0,4.0,8.2,18.0,CENTRO,8
2024-11-05 09:00:00,1.48,28.0,6.8,17.1,19.42,24.2,90.0,4.1,9.1,22.0,CENTRO,9
2024-11-05 10:00:00,1.42,32.0,7.3,14.8,17.24,22.4,104.0,4.5,11.6,16.0,CENTRO,10
2024-11-05 11:00:00,1.39,37.0,5.9,11.9,17.14,18.0,111.0,4.5,11.1,17.0,CENTRO,11
2024-11-05 12:00:00,1.38,42.0,5.1,11.1,16.58,16.4,98.0,4.6,8.6,13.0,CENTRO,12
2024-11-05 13:00:00,1.39,44.0,5.6,13.2,17.66,19.1,89.0,6.4,7.6,29.0,CENTRO,13
2024-11-05 14:00:00,1.42,44.0,5.2,15.8,19.94,21.2,89.0,7.3,7.9,62.0,CENTRO,14
2024-11-05 15:00:00,1.45,59.0,3.2,12.3,18.87,15.8,81.0,4.5,9.3,94.0,CENTRO,15
2024-11-05 16:00:00,1.47,67.0,2.7,12.4,17.66,15.3,78.0,4.3,9.1,90.0,CENTRO,16
2024-11-05 17:00:00,1.49,61.0,2.4,11.4,18.28,14.0,83.0,4.0,10.1,128.0,CENTRO,17
2024-11-05 18:00:00,1.53,59.0,2.2,12.6,18.875,15.0,78.0,3.8,9.6,129.0,CENTRO,18
2024-11-05 19:00:00,1.55,54.0,2.0,14.3,19.47,16.4,71.0,3.9,9.8,123.0,CENTRO,19
2024-11-05 20:00:00,1.45,52.0,1.9,11.6,19.78,13.8,70.0,4.1,11.3,111.0,CENTRO,20
2024-11-05 21:00:00,1.4,52.0,1.9,9.7,19.97,11.8,66.0,4.2,12.1,111.0,CENTRO,21
2024-11-05 22:00:00,1.39,49.0,1.9,8.6,19.74,10.7,57.0,4.0,9.8,122.0,CENTRO,22
2024-11-05 23:00:00,1.35,50.0,1.8,5.6,19.28,7.6,56.0,3.9,10.4,122.0,CENTRO,23
2024-11-06 00:00:00,1.33,49.0,1.8,4.3,17.86,6.2,55.0,3.7,9.1,130.0,CENTRO,0
2024-11-06 01:00:00,1.31,47.0,1.8,3.9,16.44,5.9,53.0,3.7,8.0,116.0,CENTRO,1
2024-11-06 02:00:00,1.33,43.0,1.8,4.7,15.46,6.6,47.0,3.6,3.3,41.0,CENTRO,2
2024-11-06 03:00:00,1.33,39.0,1.8,4.4,14.32,6.4,47.0,3.5,2.4,344.0,CENTRO,3
2024-11-06 04:00:00,1.54,10.0,10.6,34.1,13.71,45.0,40.0,3.8,4.6,328.0,CENTRO,4
2024-11-06 05:00:00,1.53,5.0,12.4,37.5,14.0,50.0,64.0,3.8,2.9,335.0,CENTRO,5
2024-11-06 06:00:00,1.54,8.0,6.6,32.2,12.83,38.9,69.0,4.1,2.0,220.0,CENTRO,6
2024-11-06 07:00:00,1.66,6.0,14.3,34.3,12.36,48.9,64.0,5.3,2.0,234.0,CENTRO,7
2024-11-06 08:00:00,1.89,6.0,30.4,34.4,11.92,65.0,71.0,6.7,4.3,219.0,CENTRO,8
2024-11-06 09:00:00,1.89,14.0,26.3,34.0,18.2,60.5,86.0,7.8,4.2,259.0,CENTRO,9
2024-11-06 10:00:00,2.01,19.0,30.7,41.9,27.1,72.8,79.0,7.1,4.7,8.0,CENTRO,10
2024-11-06 11:00:00,2.11,23.0,30.7,49.0,26.27,79.9,82.0,10.7,6.2,50.0,CENTRO,11
2024-11-06 12:00:00,1.83,37.0,18.2,42.5,26.84,60.9,102.0,15.4,7.1,37.0,CENTRO,12
2024-11-06 13:00:00,1.66,52.0,8.8,28.4,29.21,37.4,84.0,14.5,7.6,29.0,CENTRO,13
2024-11-06 14:00:00,1.63,70.0,5.5,25.9,30.48,31.6,75.0,13.1,8.5,38.0,CENTRO,14
2024-11-06 15:00:00,1.67,83.0,4.2,24.3,31.62,28.8,74.0,10.1,7.9,55.0,CENTRO,15
2024-11-06 16:00:00,1.65,80.0,3.1,17.2,35.51,20.5,72.0,6.6,9.1,44.0,CENTRO,16
2024-11-06 17:00:00,1.63,69.0,2.9,15.1,37.05,18.2,63.0,5.6,7.8,68.0,CENTRO,17
2024-11-06 18:00:00,1.61,57.0,2.2,14.0,26.09,16.4,58.0,4.7,8.5,103.0,CENTRO,18
2024-11-06 19:00:00,1.77,34.0,2.6,26.5,23.51,29.3,52.0,4.9,8.2,63.0,CENTRO,19
2024-11-06 20:00:00,1.77,25.0,2.4,26.1,24.7,28.6,53.0,4.9,3.9,80.0,CENTRO,20
2024-11-06 21:00:00,1.65,27.0,3.1,21.4,21.66,24.7,46.0,4.1,4.3,81.0,CENTRO,21
2024-11-06 22:00:00,1.62,27.0,2.7,17.9,18.9,20.7,40.0,4.0,2.3,342.0,CENTRO,22
2024-11-06 23:00:00,1.7,19.0,2.5,22.6,15.0,25.2,41.0,3.8,2.3,309.0,CENTRO,23
2024-11-07 00:00:00,1.76,9.0,3.0,33.8,15.0,37.0,40.0,3.8,3.1,330.0,CENTRO,0
2024-11-07 01:00:00,1.72,15.0,5.3,27.1,14.0,32.6,45.0,3.6,3.1,228.0,CENTRO,1
2024-11-07 02:00:00,1.75,5.0,6.9,37.2,15.0,44.3,41.0,3.9,3.1,283.0,CENTRO,2
2024-11-07 03:00:00,1.72,7.0,2.9,36.0,12.0,39.1,47.0,4.5,3.5,230.0,CENTRO,3
2024-11-07 04:00:00,1.76,7.0,5.6,38.2,18.0,44.0,55.0,5.2,2.8,220.0,CENTRO,4
2024-11-07 05:00:00,1.66,10.0,2.8,33.3,20.0,36.3,81.0,5.5,2.1,229.0,CENTRO,5
2024-11-07 06:00:00,1.65,11.0,2.8,31.6,28.0,34.6,79.0,5.6,1.9,237.0,CENTRO,6
2024-11-07 07:00:00,1.78,5.0,17.5,37.8,31.0,55.5,71.0,5.9,1.8,250.0,CENTRO,7
2024-11-07 08:00:00,2.05,6.0,36.7,37.8,28.0,74.7,78.0,6.2,1.8,232.0,CENTRO,8
2024-11-07 09:00:00,2.28,9.0,51.8,44.9,28.0,96.9,74.0,6.8,1.9,1.0,CENTRO,9
2024-11-07 10:00:00,2.35,17.0,36.5,47.4,25.0,84.1,82.0,6.6,2.9,16.0,CENTRO,10
2024-11-07 11:00:00,2.02,31.0,15.5,36.7,23.0,52.5,78.0,6.0,4.2,15.0,CENTRO,11
2024-11-07 12:00:00,2.19,37.0,15.0,45.3,23.0,60.6,75.0,6.0,5.8,26.0,CENTRO,12
2024-11-07 13:00:00,2.0,57.0,10.2,41.6,26.0,52.0,93.0,7.6,8.5,45.0,CENTRO,13
2024-11-07 14:00:00,1.9,88.0,3.9,24.9,37.0,29.0,89.0,6.5,7.9,53.0,CENTRO,14
2024-11-07 15:00:00,1.78,89.0,3.0,17.0,42.0,20.2,73.0,5.0,9.8,49.0,CENTRO,15
2024-11-07 16:00:00,1.66,69.0,2.5,11.2,36.0,14.0,61.0,4.5,13.1,116.0,CENTRO,16
2024-11-07 17:00:00,1.68,45.0,2.8,10.7,31.0,13.6,54.0,4.0,12.9,94.0,CENTRO,17
2024-11-07 18:00:00,1.68,31.0,2.4,9.5,23.0,12.1,53.0,3.7,12.5,102.0,CENTRO,18
2024-11-07 19:00:00,1.77,20.0,2.6,14.1,24.0,16.9,50.0,3.6,8.8,98.0,CENTRO,19
2024-11-07 20:00:00,1.78,19.0,2.9,15.6,24.94,18.7,47.0,3.5,6.4,102.0,CENTRO,20
2024-11-07 21:00:00,1.68,18.0,2.5,11.0,24.7,13.7,45.0,3.5,10.2,68.0,CENTRO,21
2024-11-07 22:00:00,1.62,13.0,2.5,9.0,24.17,11.7,42.0,3.4,9.6,62.0,CENTRO,22
2024-11-07 23:00:00,1.59,12.0,2.6,7.3,22.74,10.2,37.0,3.3,9.8,60.0,CENTRO,23
2024-11-08 00:00:00,1.57,12.0,2.2,6.4,17.87,8.7,37.0,3.3,8.8,57.0,CENTRO,0
2024-11-08 01:00:00,1.59,12.0,2.2,7.1,15.55,9.5,36.0,3.3,7.2,44.0,CENTRO,1
2024-11-08 02:00:00,1.54,11.0,2.3,7.8,15.49,10.3,38.0,3.3,6.2,39.0,CENTRO,2
2024-11-08 03:00:00,1.54,13.0,2.0,4.6,15.66,6.8,37.0,3.3,7.0,45.0,CENTRO,3
2024-11-08 04:00:00,1.52,9.0,4.7,8.3,16.62,13.3,39.0,3.4,5.7,38.0,CENTRO,4
2024-11-08 05:00:00,1.56,8.0,7.0,10.5,15.77,17.8,45.0,3.3,6.0,45.0,CENTRO,5
2024-11-08 06:00:00,1.53,12.0,2.1,6.8,18.1,9.1,41.0,3.3,4.3,56.0,CENTRO,6
2024-11-08 07:00:00,1.67,6.0,4.9,14.0,19.24,19.1,42.0,3.4,4.4,55.0,CENTRO,7
2024-11-08 08:00:00,1.76,4.0,9.4,16.5,18.34,26.1,49.0,3.4,4.2,60.0,CENTRO,8
2024-11-08 09:00:00,1.88,5.0,18.2,16.8,20.23,35.2,51.0,3.5,3.5,46.0,CENTRO,9
2024-11-08 10:00:00,2.0,7.0,23.1,20.4,23.04,43.7,56.0,3.5,5.4,41.0,CENTRO,10
2024-11-08 11:00:00,1.91,13.0,16.1,20.7,26.06,37.0,67.0,3.5,4.4,25.0,CENTRO,11
2024-11-08 12:00:00,1.9,22.0,8.1,20.8,31.76,29.1,62.0,3.5,3.6,53.0,CENTRO,12
2024-11-08 13:00:00,1.85,28.0,8.9,22.8,34.07,32.0,67.0,3.5,8.0,89.0,CENTRO,13
2024-11-08 14:00:00,1.82,46.0,5.0,18.8,34.18,24.1,71.0,3.5,7.8,66.0,CENTRO,14
2024-11-08 15:00:00,1.74,52.0,3.8,16.1,33.45,20.1,70.0,3.5,9.4,79.0,CENTRO,15
2024-11-08 16:00:00,1.71,54.0,3.0,12.3,34.81,15.5,71.0,3.6,10.2,69.0,CENTRO,16
2024-11-08 17:00:00,1.82,54.0,2.7,14.5,31.46,17.4,62.0,3.5,10.6,96.0,CENTRO,17
2024-11-08 18:00:00,1.77,49.0,2.2,12.9,29.26,15.3,68.0,3.5,11.6,99.0,CENTRO,18
2024-11-08 19:00:00,1.75,37.0,2.3,12.9,34.94,15.4,65.0,3.4,9.7,110.0,CENTRO,19
2024-11-08 20:00:00,1.71,32.0,2.1,11.8,35.5,14.1,62.0,3.4,9.1,101.0,CENTRO,20
2024-11-08 21:00:00,1.7,25.0,2.2,12.1,30.82,14.5,57.0,3.4,9.6,89.0,CENTRO,21
2024-11-08 22:00:00,1.94,11.0,3.5,19.9,28.65,23.7,46.0,3.6,10.5,11.0,CENTRO,22
2024-11-08 23:00:00,1.92,14.0,3.4,17.9,25.08,21.5,43.0,3.9,8.3,31.0,CENTRO,23
2024-11-09 00:00:00,1.75,18.0,2.2,13.3,18.85,15.7,43.0,3.8,10.4,64.0,CENTRO,0
2024-11-09 01:00:00,1.58,18.0,2.2,13.0,15.81,15.4,39.0,3.8,11.2,60.0,CENTRO,1
2024-11-09 02:00:00,1.55,20.0,2.1,11.4,14.84,13.7,41.0,4.0,9.3,57.0,CENTRO,2
2024-11-09 03:00:00,1.57,19.0,2.1,12.6,14.45,14.9,37.0,3.8,7.2,64.0,CENTRO,3
2024-11-09 04:00:00,1.54,13.0,2.2,16.1,14.1,18.4,33.0,3.7,7.9,111.0,CENTRO,4
2024-11-09 05:00:00,1.64,15.0,2.0,16.7,13.69,18.8,32.0,3.7,6.7,92.0,CENTRO,5
2024-11-09 06:00:00,1.62,6.0,4.1,23.7,13.4,28.0,31.0,3.6,3.3,139.0,CENTRO,6
2024-11-09 07:00:00,1.6,9.0,4.8,22.6,14.83,27.6,33.0,3.7,7.0,75.0,CENTRO,7
2024-11-09 08:00:00,1.62,14.0,3.8,22.2,17.65,26.2,38.0,3.9,7.8,60.0,CENTRO,8
2024-11-09 09:00:00,1.59,20.0,3.8,18.4,15.44,22.3,37.0,3.8,7.7,63.0,CENTRO,9
2024-11-09 10:00:00,1.72,19.0,5.1,19.3,13.08,24.7,32.0,3.7,6.6,71.0,CENTRO,10
2024-11-09 11:00:00,1.74,10.0,14.9,26.2,11.28,41.3,38.0,4.1,4.1,154.0,CENTRO,11
2024-11-09 12:00:00,1.83,12.0,16.9,27.6,13.57,44.6,42.0,4.2,4.2,172.0,CENTRO,12
2024-11-09 13:00:00,1.89,17.0,19.8,29.4,17.25,49.4,54.0,4.5,4.0,157.0,CENTRO,13
2024-11-09 14:00:00,1.97,18.0,21.3,35.0,20.2,56.5,62.0,4.7,5.5,107.0,CENTRO,14
2024-11-09 15:00:00,1.86,22.0,13.7,31.8,25.01,45.7,68.0,5.1,7.1,81.0,CENTRO,15
2024-11-09 16:00:00,1.74,20.0,11.6,31.6,29.91,43.4,65.0,5.4,4.3,62.0,CENTRO,16
2024-11-09 17:00:00,1.69,26.0,4.7,24.4,28.01,29.4,58.0,5.9,6.8,73.0,CENTRO,17
2024-11-09 18:00:00,1.76,24.0,2.8,24.8,25.65,27.9,46.0,4.7,6.7,72.0,CENTRO,18
2024-11-09 19:00:00,1.82,14.0,3.4,29.0,20.21,32.6,48.0,4.2,8.0,83.0,CENTRO,19
2024-11-09 20:00:00,1.79,19.0,3.0,25.2,22.85,28.3,57.0,4.0,7.3,79.0,CENTRO,20
2024-11-09 21:00:00,1.75,16.0,2.5,16.4,27.69,19.1,54.0,3.8,5.4,104.0,CENTRO,21
2024-11-09 22:00:00,1.64,22.0,2.1,10.1,29.92,12.5,40.0,3.7,5.8,105.0,CENTRO,22
2024-11-09 23:00:00,1.6,25.0,2.1,10.4,21.36,12.7,38.0,3.6,5.7,95.0,CENTRO,23
2024-11-10 00:00:00,1.66,21.0,2.1,13.0,19.44,15.3,38.0,3.7,4.9,99.0,CENTRO,0
2024-11-10 01:00:00,1.61,26.0,2.1,13.3,19.79,15.6,38.0,3.7,4.7,71.0,CENTRO,1
2024-11-10 02:00:00,1.62,25.0,2.1,12.5,19.61,14.8,37.0,3.8,3.5,90.0,CENTRO,2
2024-11-10 03:00:00,1.57,22.0,2.1,10.0,20.21,12.3,39.0,3.8,2.0,173.0,CENTRO,3
2024-11-10 04:00:00,1.57,22.0,2.0,10.2,19.95,12.5,38.0,3.8,3.2,41.0,CENTRO,4
2024-11-10 05:00:00,1.61,19.0,2.1,13.5,17.61,15.7,36.0,3.6,2.5,256.0,CENTRO,5
2024-11-10 06:00:00,1.82,9.0,2.3,23.3,17.46,25.8,42.0,3.6,1.8,230.0,CENTRO,6
2024-11-10 07:00:00,1.98,5.0,3.7,27.3,20.43,31.3,51.0,3.5,1.7,250.0,CENTRO,7
2024-11-10 08:00:00,1.99,6.0,6.3,25.9,28.69,32.5,56.0,3.5,1.8,208.0,CENTRO,8
2024-11-10 09:00:00,1.93,9.0,9.0,23.7,34.17,32.9,59.0,3.5,2.3,8.0,CENTRO,9
2024-11-10 10:00:00,1.89,12.0,7.7,21.0,37.28,29.0,66.0,3.7,2.1,9.0,CENTRO,10
2024-11-10 11:00:00,1.87,15.0,6.7,19.6,38.89,26.6,60.0,3.6,3.4,351.0,CENTRO,11
2024-11-10 12:00:00,1.94,20.0,7.2,20.7,36.89,28.2,67.0,3.7,3.4,56.0,CENTRO,12
2024-11-10 13:00:00,2.09,23.0,10.7,26.0,40.84,36.9,69.0,3.6,3.6,53.0,CENTRO,13
2024-11-10 14:00:00,2.1,20.0,15.6,35.2,45.14,51.0,70.0,3.8,4.1,60.0,CENTRO,14
2024-11-10 15:00:00,2.07,30.0,9.8,32.8,41.97,42.8,77.0,4.5,5.3,40.0,CENTRO,15
2024-11-10 16:00:00,1.81,50.0,2.8,15.7,46.53,18.7,66.0,4.7,6.4,104.0,CENTRO,16
2024-11-10 17:00:00,1.77,41.0,2.6,15.0,45.48,17.7,50.0,4.2,5.4,87.0,CENTRO,17
2024-11-10 18:00:00,2.0,30.0,2.5,24.2,27.38,26.8,48.0,4.0,4.9,103.0,CENTRO,18
2024-11-10 19:00:00,1.94,18.0,2.3,22.7,25.58,25.2,56.0,4.0,5.2,109.0,CENTRO,19
2024-11-10 20:00:00,1.86,16.0,2.2,19.5,37.72,21.9,56.0,3.8,4.1,109.0,CENTRO,20
2024-11-10 21:00:00,1.87,14.0,2.4,19.6,33.59,22.2,51.0,3.7,3.7,86.0,CENTRO,21
2024-11-10 22:00:00,1.86,11.0,2.6,18.6,30.41,21.4,45.0,3.6,2.1,54.0,CENTRO,22
2024-11-10 23:00:00,1.83,8.0,2.6,19.7,27.5,22.5,41.0,3.6,2.5,105.0,CENTRO,23
2024-11-11 00:00:00,1.82,8.0,3.2,17.6,23.0,21.0,38.0,3.6,2.0,281.0,CENTRO,0
2024-11-11 01:00:00,1.81,7.0,4.6,19.0,20.27,23.8,29.0,3.6,1.8,282.0,CENTRO,1
2024-11-11 02:00:00,1.84,5.0,3.8,20.0,17.67,24.0,31.0,3.6,2.0,46.0,CENTRO,2
2024-11-11 03:00:00,1.82,5.0,3.9,17.4,16.0,21.4,31.0,3.5,1.8,148.0,CENTRO,3
2024-11-11 04:00:00,1.81,5.0,4.1,17.8,17.01,22.2,28.0,3.6,2.4,171.0,CENTRO,4
2024-11-11 05:00:00,1.83,4.0,7.1,22.2,17.32,29.6,40.0,3.7,1.8,255.0,CENTRO,5
2024-11-11 06:00:00,1.9,4.0,5.7,21.1,19.03,27.1,44.0,3.7,1.8,295.0,CENTRO,6
2024-11-11 07:00:00,2.07,4.0,14.3,20.5,27.76,35.0,43.0,3.7,1.8,266.0,CENTRO,7
2024-11-11 08:00:00,2.21,4.5,36.1,25.4,24.7,61.7,45.0,4.2,3.9,221.0,CENTRO,8
2024-11-11 09:00:00,2.52,5.0,44.3,28.6,22.36,73.2,57.0,4.5,3.1,221.0,CENTRO,9
2024-11-11 10:00:00,2.34,6.0,24.4,28.2,26.48,52.8,65.0,4.9,2.6,200.0,CENTRO,10
2024-11-11 11:00:00,2.23,10.0,21.9,28.9,32.13,51.0,58.0,6.3,3.8,102.0,CENTRO,11
2024-11-11 12:00:00,1.84,21.0,10.9,20.6,28.63,31.8,48.0,5.9,4.6,81.0,CENTRO,12
2024-11-11 13:00:00,1.69,30.0,6.4,15.2,25.96,21.9,36.0,5.3,7.5,103.0,CENTRO,13
2024-11-11 14:00:00,1.68,39.0,4.8,14.8,17.58,19.8,41.0,4.7,7.9,60.0,CENTRO,14
2024-11-11 15:00:00,1.64,37.0,3.8,12.2,13.47,16.2,37.0,4.4,8.1,62.0,CENTRO,15
2024-11-11 16:00:00,1.58,34.0,3.0,8.9,15.86,12.1,44.0,4.1,9.5,120.0,CENTRO,16
2024-11-11 17:00:00,1.59,35.0,3.0,9.3,14.06,12.6,37.0,4.0,10.8,123.0,CENTRO,17
2024-11-11 18:00:00,1.64,32.0,2.6,11.4,12.1,14.3,32.0,3.9,9.5,112.0,CENTRO,18
2024-11-11 19:00:00,1.74,26.0,2.5,15.7,13.87,18.3,35.0,3.8,8.5,106.0,CENTRO,19
2024-11-11 20:00:00,1.7,24.0,2.3,15.6,15.25,18.1,40.0,3.7,6.9,114.0,CENTRO,20
2024-11-11 21:00:00,1.71,20.0,2.3,15.7,16.7,18.1,35.0,3.7,4.1,90.0,CENTRO,21
2024-11-11 22:00:00,1.81,9.0,5.8,21.3,15.8,27.3,34.0,3.6,2.2,222.0,CENTRO,22
2024-11-11 23:00:00,1.94,4.0,11.3,25.4,15.33,36.9,35.0,3.7,1.8,207.0,CENTRO,23
2024-11-12 00:00:00,1.82,4.0,6.4,23.4,17.03,30.0,33.0,3.6,2.3,230.0,CENTRO,0
2024-11-12 01:00:00,1.88,4.0,13.7,23.1,19.32,37.0,36.0,3.6,2.1,39.0,CENTRO,1
2024-11-12 02:00:00,1.94,8.5,23.4,26.7,18.0,50.2,39.0,3.8,4.0,356.0,CENTRO,2
2024-11-12 03:00:00,1.65,13.0,5.4,15.9,21.29,21.6,50.0,3.8,3.1,19.0,CENTRO,3
2024-11-12 04:00:00,1.52,17.0,2.3,8.5,29.62,11.0,38.0,3.6,3.6,40.0,CENTRO,4
2024-11-12 05:00:00,1.6,11.0,3.1,13.2,19.52,16.5,34.0,3.8,6.3,57.0,CENTRO,5
2024-11-12 06:00:00,1.57,11.0,3.1,12.4,14.58,15.8,41.0,3.7,5.7,54.0,CENTRO,6
2024-11-12 07:00:00,1.63,5.0,10.3,18.2,21.62,28.8,47.0,4.0,4.4,7.0,CENTRO,7
2024-11-12 08:00:00,1.74,7.0,8.8,17.8,28.22,26.9,53.0,3.9,3.8,353.0,CENTRO,8
2024-11-12 09:00:00,1.91,8.0,15.1,18.8,35.7,34.2,43.0,3.9,4.5,349.0,CENTRO,9
2024-11-12 10:00:00,2.22,9.0,18.1,21.6,24.42,40.0,49.0,4.1,5.8,3.0,CENTRO,10
2024-11-12 11:00:00,2.51,13.0,11.9,21.4,22.14,33.6,87.0,4.2,4.2,336.0,CENTRO,11
2024-11-12 12:00:00,2.1,13.0,13.4,27.2,31.31,40.7,101.0,3.9,5.4,5.0,CENTRO,12
2024-11-12 13:00:00,1.94,20.0,9.6,19.5,40.98,29.4,80.0,3.8,7.0,60.0,CENTRO,13
2024-11-12 14:00:00,1.74,26.0,5.9,14.8,35.31,20.9,58.0,3.9,6.4,92.0,CENTRO,14
2024-11-12 15:00:00,1.6,26.0,4.9,9.1,28.0,14.2,47.0,3.8,11.5,110.0,CENTRO,15
2024-11-12 16:00:00,1.56,26.0,4.8,8.4,19.38,13.4,37.0,3.8,12.9,117.0,CENTRO,16
2024-11-12 17:00:00,1.63,24.0,5.0,9.9,14.26,15.2,34.0,3.8,13.2,126.0,CENTRO,17
2024-11-12 18:00:00,1.63,22.0,2.9,9.5,12.89,12.6,41.0,3.7,12.3,110.0,CENTRO,18
2024-11-12 19:00:00,1.7,19.0,2.7,11.4,13.78,14.3,34.0,3.7,9.3,104.0,CENTRO,19
2024-11-12 20:00:00,1.66,17.0,2.8,12.6,14.2,15.5,34.0,3.6,7.1,101.0,CENTRO,20
2024-11-12 21:00:00,1.67,15.0,2.7,14.2,14.0,17.1,31.0,3.8,4.0,66.0,CENTRO,21
2024-11-12 22:00:00,1.74,7.0,6.6,19.7,14.46,26.5,32.0,3.8,2.1,341.0,CENTRO,22
2024-11-12 23:00:00,1.83,5.0,7.9,20.4,15.35,28.5,41.0,3.7,2.3,299.0,CENTRO,23
2024-11-13 00:00:00,1.63,16.0,2.9,13.9,17.22,17.1,36.0,3.6,6.4,42.0,CENTRO,0
2024-11-13 01:00:00,1.64,9.0,3.5,15.8,18.29,19.5,31.0,3.5,3.5,202.0,CENTRO,1
2024-11-13 02:00:00,1.7,4.0,7.0,19.4,16.54,26.7,32.0,3.5,2.4,193.0,CENTRO,2
2024-11-13 03:00:00,1.62,14.0,5.2,12.3,15.85,17.7,40.0,3.6,3.1,43.0,CENTRO,3
2024-11-13 04:00:00,1.56,14.0,2.8,14.7,17.87,17.7,34.0,3.6,2.5,4.0,CENTRO,4
2024-11-13 05:00:00,1.65,13.0,2.3,15.2,15.73,17.6,37.0,3.6,3.9,353.0,CENTRO,5
2024-11-13 06:00:00,1.55,12.0,2.7,13.9,16.26,16.8,45.0,3.5,6.4,287.0,CENTRO,6
2024-11-13 07:00:00,1.68,6.0,9.2,15.7,19.2,25.2,54.0,3.6,2.3,295.0,CENTRO,7
2024-11-13 08:00:00,2.01,5.0,31.7,22.1,28.23,54.0,59.0,3.7,2.4,30.0,CENTRO,8
2024-11-13 09:00:00,2.16,8.0,30.2,23.5,31.49,53.9,63.0,3.8,3.1,57.0,CENTRO,9
2024-11-13 10:00:00,2.01,13.0,21.5,22.6,27.65,44.3,64.0,3.7,4.1,64.0,CENTRO,10
2024-11-13 11:00:00,2.6,23.0,14.3,26.1,31.72,40.6,73.0,4.1,5.3,353.0,CENTRO,11
2024-11-13 12:00:00,2.11,36.0,10.9,26.3,31.95,37.4,88.0,3.7,5.1,17.0,CENTRO,12
2024-11-13 13:00:00,2.35,56.0,5.9,21.1,43.38,27.2,77.0,4.1,4.8,190.0,CENTRO,13
2024-11-13 14:00:00,1.81,68.0,4.5,19.4,37.56,24.1,95.0,4.1,6.6,76.0,CENTRO,14
2024-11-13 15:00:00,1.68,61.0,4.2,16.1,35.89,20.4,76.0,4.7,6.7,66.0,CENTRO,15
2024-11-13 16:00:00,1.56,46.0,3.9,11.5,30.96,15.6,59.0,4.7,10.5,44.0,CENTRO,16
2024-11-13 17:00:00,1.62,39.0,3.7,12.9,26.77,16.8,53.0,4.3,11.5,58.0,CENTRO,17
2024-11-13 18:00:00,1.7,29.0,3.3,15.8,19.16,19.3,54.0,3.8,9.4,77.0,CENTRO,18
2024-11-13 19:00:00,1.84,21.0,3.3,22.0,18.3,25.4,48.0,3.7,6.2,89.0,CENTRO,19
2024-11-13 20:00:00,1.75,24.0,2.7,16.5,16.71,19.4,48.0,3.9,7.5,99.0,CENTRO,20
2024-11-13 21:00:00,1.7,21.0,2.7,18.5,18.72,21.4,39.0,4.0,6.1,73.0,CENTRO,21
2024-11-13 22:00:00,1.61,25.0,2.3,12.9,17.9,15.4,36.0,4.1,3.8,93.0,CENTRO,22
2024-11-13 23:00:00,1.77,12.0,3.0,25.1,16.98,28.3,33.0,4.1,7.9,324.0,CENTRO,23
2024-11-14 00:00:00,1.54,32.0,2.6,15.5,15.95,18.4,42.0,4.7,10.0,355.0,CENTRO,0
2024-11-14 01:00:00,1.53,38.0,2.3,10.5,22.27,13.0,46.0,4.7,4.4,285.0,CENTRO,1
2024-11-14 02:00:00,1.48,34.0,2.3,11.3,16.8,13.7,37.0,4.4,2.5,195.0,CENTRO,2
2024-11-14 03:00:00,1.39,40.0,2.1,6.7,14.28,9.1,30.0,4.5,2.8,281.0,CENTRO,3
2024-11-14 04:00:00,1.4,35.0,2.1,6.6,12.13,8.9,29.0,4.1,2.1,216.0,CENTRO,4
2024-11-14 05:00:00,1.45,39.0,2.1,8.9,9.18,11.2,25.0,5.7,3.9,44.0,CENTRO,5
2024-11-14 06:00:00,1.34,31.0,2.6,19.3,8.38,22.1,29.0,5.8,7.9,6.0,CENTRO,6
2024-11-14 07:00:00,1.42,25.0,3.2,25.4,7.02,28.8,38.0,5.7,7.0,61.0,CENTRO,7
2024-11-14 08:00:00,1.52,21.0,5.8,29.7,8.72,35.7,45.0,5.4,8.5,67.0,CENTRO,8
2024-11-14 09:00:00,1.57,24.0,6.5,26.8,10.35,33.5,44.0,5.4,8.8,69.0,CENTRO,9
2024-11-14 10:00:00,1.59,24.0,9.5,27.0,9.74,36.8,51.0,5.7,8.9,67.0,CENTRO,10
2024-11-14 11:00:00,1.47,34.0,9.7,18.2,10.04,28.2,53.0,6.3,8.5,30.0,CENTRO,11
2024-11-14 12:00:00,1.48,36.0,10.2,20.9,11.45,31.3,59.0,7.7,7.0,27.0,CENTRO,12
2024-11-14 13:00:00,1.51,44.0,9.6,25.4,11.44,35.3,56.0,9.1,7.9,40.0,CENTRO,13
2024-11-14 14:00:00,1.55,59.0,5.6,20.2,13.31,26.1,52.0,5.7,8.9,51.0,CENTRO,14
2024-11-14 15:00:00,1.52,70.0,3.7,15.2,16.73,19.1,53.0,5.6,9.8,67.0,CENTRO,15
2024-11-14 16:00:00,1.48,72.0,3.1,13.0,16.45,16.2,51.0,6.6,11.4,59.0,CENTRO,16
2024-11-14 17:00:00,1.49,62.0,2.9,12.7,15.89,15.7,45.0,5.2,11.0,87.0,CENTRO,17
2024-11-14 18:00:00,1.6,38.0,3.0,21.6,14.67,24.8,45.0,4.3,8.5,78.0,CENTRO,18
2024-11-14 19:00:00,1.65,35.0,2.6,22.2,11.93,24.9,43.0,4.1,7.9,85.0,CENTRO,19
2024-11-14 20:00:00,1.68,28.0,2.7,22.9,11.2,25.7,41.0,4.0,8.2,70.0,CENTRO,20
2024-11-14 21:00:00,1.5,37.0,2.2,12.4,11.26,14.8,36.0,3.8,7.9,108.0,CENTRO,21
2024-11-14 22:00:00,1.52,33.0,2.2,14.3,11.9,16.7,37.0,3.8,5.5,110.0,CENTRO,22
2024-11-14 23:00:00,1.56,25.0,2.3,17.9,11.32,20.2,32.0,3.8,3.7,106.0,CENTRO,23
2024-11-15 00:00:00,1.54,26.0,2.2,15.1,12.03,17.5,33.0,3.7,2.7,105.0,CENTRO,0
2024-11-15 01:00:00,1.61,18.0,2.3,18.8,13.13,21.2,29.0,3.7,2.3,152.0,CENTRO,1
2024-11-15 02:00:00,1.62,15.0,2.3,20.2,12.8,22.8,32.0,3.7,2.0,171.0,CENTRO,2
2024-11-15 03:00:00,1.55,20.0,2.3,16.1,13.23,18.6,34.0,3.7,4.6,73.0,CENTRO,3
2024-11-15 04:00:00,1.41,27.0,2.4,12.4,13.71,15.0,32.0,5.1,5.1,26.0,CENTRO,4
2024-11-15 05:00:00,1.44,16.0,2.5,21.0,13.93,23.6,34.0,5.9,4.3,328.0,CENTRO,5
2024-11-15 06:00:00,1.49,14.0,2.6,20.1,15.5,22.8,38.0,5.8,3.4,291.0,CENTRO,6
2024-11-15 07:00:00,1.6,8.0,9.9,26.3,18.45,36.3,37.0,4.9,2.7,268.0,CENTRO,7
2024-11-15 08:00:00,1.77,6.0,24.7,28.2,16.74,53.1,40.0,4.6,3.2,246.0,CENTRO,8
2024-11-15 09:00:00,1.9,11.0,25.2,29.2,15.79,54.5,43.0,6.8,3.1,194.0,CENTRO,9
2024-11-15 10:00:00,2.06,22.0,17.5,29.3,17.27,47.0,52.0,7.4,3.4,4.0,CENTRO,10
2024-11-15 11:00:00,1.97,26.0,20.5,36.3,26.14,57.0,58.0,9.3,4.4,7.0,CENTRO,11
2024-11-15 12:00:00,1.93,30.0,20.6,37.2,27.46,58.0,73.0,14.8,7.7,62.0,CENTRO,12
2024-11-15 13:00:00,1.78,44.0,10.1,27.3,33.95,37.6,73.0,11.9,8.8,50.0,CENTRO,13
2024-11-15 14:00:00,1.69,58.0,5.0,16.3,36.06,21.5,66.0,7.4,11.2,49.0,CENTRO,14
2024-11-15 15:00:00,1.68,44.0,4.0,14.4,30.85,18.5,59.0,6.0,12.5,49.0,CENTRO,15
2024-11-15 16:00:00,1.69,34.0,4.1,15.3,24.22,19.6,49.0,5.1,11.2,64.0,CENTRO,16
2024-11-15 17:00:00,1.71,30.0,4.0,15.7,20.54,19.9,44.0,4.5,11.1,64.0,CENTRO,17
2024-11-15 18:00:00,1.7,28.0,3.4,16.2,17.97,19.8,42.0,4.3,9.5,76.0,CENTRO,18
2024-11-15 19:00:00,1.73,25.0,2.9,16.2,17.44,19.4,40.0,4.1,7.5,92.0,CENTRO,19
2024-11-15 20:00:00,1.71,24.0,2.5,15.6,16.9,18.3,39.0,3.9,6.3,100.0,CENTRO,20
2024-11-15 21:00:00,1.68,27.0,2.5,12.7,17.17,15.4,37.0,4.0,6.0,80.0,CENTRO,21
2024-11-15 22:00:00,1.65,27.0,2.5,12.4,16.98,15.1,36.0,3.7,5.4,63.0,CENTRO,22
2024-11-15 23:00:00,1.67,22.0,5.4,17.3,20.3,22.8,35.0,3.8,7.6,45.0,CENTRO,23
2024-11-16 00:00:00,1.63,25.0,2.4,13.8,19.09,16.4,33.0,3.7,6.6,35.0,CENTRO,0
2024-11-16 01:00:00,1.58,25.0,2.4,11.6,16.36,14.1,33.0,3.7,5.8,43.0,CENTRO,1
2024-11-16 02:00:00,1.57,25.0,2.3,9.5,13.86,12.1,32.0,3.7,4.3,45.0,CENTRO,2
2024-11-16 03:00:00,1.54,26.0,2.2,8.1,11.84,10.4,34.0,3.7,6.1,42.0,CENTRO,3
2024-11-16 04:00:00,1.5,29.0,2.2,6.6,14.62,9.0,29.0,3.6,6.6,57.0,CENTRO,4
2024-11-16 05:00:00,1.48,28.0,2.3,7.7,13.57,10.2,28.0,3.5,5.9,46.0,CENTRO,5
2024-11-16 06:00:00,1.49,15.0,4.0,20.6,11.11,24.7,31.0,3.7,4.7,26.0,CENTRO,6
2024-11-16 07:00:00,1.56,13.0,2.7,21.1,11.02,23.9,40.0,4.3,3.1,351.0,CENTRO,7
2024-11-16 08:00:00,1.68,9.0,7.3,26.2,16.78,33.7,44.0,4.1,2.6,9.0,CENTRO,8
2024-11-16 09:00:00,1.82,7.0,28.2,28.7,24.47,57.0,54.0,4.5,3.4,49.0,CENTRO,9
2024-11-16 10:00:00,2.03,13.0,17.9,26.2,24.93,44.2,64.0,4.7,4.5,4.0,CENTRO,10
2024-11-16 11:00:00,2.1,13.0,20.7,30.1,35.66,51.0,68.0,4.9,6.3,23.0,CENTRO,11
2024-11-16 12:00:00,1.99,16.0,22.4,28.8,36.35,51.4,73.0,5.9,7.0,74.0,CENTRO,12
2024-11-16 13:00:00,1.86,25.0,16.2,27.7,37.78,44.0,70.0,7.8,7.3,41.0,CENTRO,13
2024-11-16 14:00:00,1.79,38.0,8.1,20.7,43.81,29.0,70.0,6.4,9.3,55.0,CENTRO,14
2024-11-16 15:00:00,1.75,45.0,5.5,16.4,47.17,22.0,60.0,5.3,10.5,69.0,CENTRO,15
2024-11-16 16:00:00,1.73,36.0,5.2,13.8,35.79,19.2,49.0,4.9,12.2,55.0,CENTRO,16
2024-11-16 17:00:00,1.63,31.0,3.5,10.6,29.33,14.3,48.0,4.3,10.6,74.0,CENTRO,17
2024-11-16 18:00:00,1.56,30.0,2.4,7.6,21.57,10.3,38.0,4.2,10.8,117.0,CENTRO,18
2024-11-16 19:00:00,1.59,24.0,2.4,10.4,17.36,12.9,32.0,4.0,10.1,102.0,CENTRO,19
2024-11-16 20:00:00,1.73,16.0,3.3,17.5,17.71,20.9,32.0,3.9,5.2,80.0,CENTRO,20
2024-11-16 21:00:00,1.83,11.0,5.6,22.8,17.65,28.6,34.0,3.9,4.6,37.0,CENTRO,21
2024-11-16 22:00:00,2.2,5.0,21.3,31.4,22.19,52.9,41.0,4.1,4.8,350.0,CENTRO,22
2024-11-16 23:00:00,2.3,4.0,26.1,30.6,24.67,56.8,64.0,4.1,3.9,357.0,CENTRO,23
2024-11-17 00:00:00,2.18,4.0,16.5,29.3,46.85,45.9,75.0,4.0,3.0,1.0,CENTRO,0
2024-11-17 01:00:00,1.82,10.0,3.4,22.3,45.75,25.9,58.0,3.8,4.5,347.0,CENTRO,1
2024-11-17 02:00:00,1.68,8.0,7.4,22.3,41.29,29.8,44.0,4.5,4.9,18.0,CENTRO,2
2024-11-17 03:00:00,1.63,15.0,2.9,14.9,26.82,18.0,44.0,4.2,4.6,17.0,CENTRO,3
2024-11-17 04:00:00,1.67,15.0,2.5,14.0,27.16,16.6,47.0,4.3,3.6,351.0,CENTRO,4
2024-11-17 05:00:00,1.64,12.0,2.5,15.0,29.05,17.7,52.0,4.0,3.3,16.0,CENTRO,5
2024-11-17 06:00:00,1.74,7.0,2.9,18.6,35.67,21.7,49.0,4.0,2.3,32.0,CENTRO,6
2024-11-17 07:00:00,1.71,4.0,4.9,21.1,35.35,26.2,67.0,4.0,2.2,52.0,CENTRO,7
2024-11-17 08:00:00,1.73,5.0,5.0,18.9,43.97,24.2,71.0,4.2,2.2,69.0,CENTRO,8
2024-11-17 09:00:00,1.76,7.0,8.3,18.8,45.68,27.4,62.0,4.2,2.4,76.0,CENTRO,9
2024-11-17 10:00:00,1.74,11.0,9.0,17.4,40.14,26.8,58.0,4.2,4.1,34.0,CENTRO,10
2024-11-17 11:00:00,1.77,16.0,11.3,17.0,36.67,28.6,59.0,4.2,6.2,42.0,CENTRO,11
2024-11-17 12:00:00,1.95,17.0,13.0,21.7,35.31,35.0,71.0,4.1,6.3,5.0,CENTRO,12
2024-11-17 13:00:00,1.9,22.0,13.6,24.1,40.56,38.0,83.0,5.1,7.4,21.0,CENTRO,13
2024-11-17 14:00:00,1.81,29.0,7.7,19.0,53.46,26.9,77.0,5.3,9.3,64.0,CENTRO,14
2024-11-17 15:00:00,1.75,43.0,4.9,14.2,53.61,19.3,75.0,4.6,8.1,61.0,CENTRO,15
2024-11-17 16:00:00,1.66,47.0,3.4,10.3,47.51,13.9,61.0,4.2,7.4,64.0,CENTRO,16
2024-11-17 17:00:00,1.6,38.0,2.6,6.9,44.87,9.7,49.0,4.1,9.7,101.0,CENTRO,17
2024-11-17 18:00:00,1.63,33.0,2.5,8.7,32.46,11.4,40.0,4.0,8.7,79.0,CENTRO,18
2024-11-17 19:00:00,1.68,28.0,2.2,10.7,21.69,13.1,43.0,3.8,6.3,86.0,CENTRO,19
2024-11-17 20:00:00,1.63,29.0,2.1,8.5,20.69,10.8,37.0,3.8,5.1,103.0,CENTRO,20
2024-11-17 21:00:00,1.58,33.0,2.1,5.6,21.23,7.8,37.0,3.8,8.0,145.0,CENTRO,21
2024-11-17 22:00:00,1.71,19.0,2.4,13.5,19.83,16.2,36.0,3.8,3.6,277.0,CENTRO,22
2024-11-17 23:00:00,1.95,9.0,3.0,24.8,18.06,28.0,39.0,3.9,2.6,283.0,CENTRO,23
2024-11-18 00:00:00,1.81,14.0,2.4,20.1,21.71,22.7,45.0,3.9,4.4,318.0,CENTRO,0
2024-11-18 01:00:00,1.7,16.0,2.4,15.6,28.53,18.2,44.0,3.9,3.0,298.0,CENTRO,1
2024-11-18 02:00:00,1.7,10.0,2.6,20.8,24.39,23.6,36.0,3.9,3.2,294.0,CENTRO,2
2024-11-18 03:00:00,1.63,9.0,3.0,20.7,20.62,23.9,37.0,4.0,4.0,290.0,CENTRO,3
2024-11-18 04:00:00,1.6,16.0,2.3,10.6,20.22,13.1,39.0,4.0,2.4,257.0,CENTRO,4
2024-11-18 05:00:00,1.71,15.0,2.4,11.7,20.0,14.3,34.0,3.9,2.7,254.0,CENTRO,5
2024-11-18 06:00:00,1.74,7.0,3.2,19.5,17.47,22.9,38.0,3.8,5.3,236.0,CENTRO,6
2024-11-18 07:00:00,1.84,4.0,7.9,22.7,19.92,30.9,47.0,4.2,4.3,221.0,CENTRO,7
2024-11-18 08:00:00,1.84,5.0,12.7,20.1,27.47,33.1,55.0,4.2,2.8,230.0,CENTRO,8
2024-11-18 09:00:00,1.87,8.0,13.6,20.1,33.91,34.0,56.0,4.1,2.7,267.0,CENTRO,9
2024-11-18 10:00:00,1.88,14.0,15.5,21.3,32.66,37.1,56.0,4.3,3.1,238.0,CENTRO,10
2024-11-18 11:00:00,2.07,18.0,23.5,30.5,32.69,54.2,69.0,5.2,4.3,89.0,CENTRO,11
2024-11-18 12:00:00,2.13,23.0,24.2,37.9,35.29,62.4,76.0,8.0,7.1,74.0,CENTRO,12
2024-11-18 13:00:00,1.77,40.0,7.5,20.2,38.19,27.9,75.0,7.9,8.8,55.0,CENTRO,13
2024-11-18 14:00:00,1.6,41.0,4.4,9.4,39.3,14.0,67.0,6.7,9.3,24.0,CENTRO,14
2024-11-18 15:00:00,1.61,42.0,4.7,10.7,29.16,15.6,58.0,6.1,10.7,21.0,CENTRO,15
2024-11-18 16:00:00,1.68,41.0,5.2,13.6,21.63,19.0,60.0,7.2,8.1,33.0,CENTRO,16
2024-11-18 17:00:00,1.6,41.0,3.8,13.0,23.29,17.0,54.0,7.3,8.0,28.0,CENTRO,17
2024-11-18 18:00:00,1.5,33.0,2.9,12.2,21.94,15.3,48.0,5.1,10.2,187.5,CENTRO,18
2024-11-18 19:00:00,1.6,22.0,3.0,19.8,17.3,22.9,48.0,4.6,8.9,347.0,CENTRO,19
2024-11-18 20:00:00,1.6,27.0,2.7,14.9,19.19,17.8,46.0,4.5,7.6,356.0,CENTRO,20
2024-11-18 21:00:00,1.67,23.0,2.5,16.6,17.16,19.2,43.0,4.3,3.0,225.0,CENTRO,21
2024-11-18 22:00:00,1.7,14.0,2.7,21.1,15.23,24.0,43.0,4.0,1.8,193.0,CENTRO,22
2024-11-18 23:00:00,1.94,6.0,12.6,29.1,16.08,41.8,41.0,4.1,1.8,179.0,CENTRO,23
2024-11-19 00:00:00,1.86,7.0,5.4,28.7,16.6,34.3,44.0,4.0,1.8,223.0,CENTRO,0
2024-11-19 01:00:00,1.76,12.0,2.9,22.7,18.47,25.8,42.0,4.0,2.4,237.0,CENTRO,1
2024-11-19 02:00:00,1.86,5.0,13.6,29.5,17.19,43.3,43.0,4.4,3.3,212.0,CENTRO,2
2024-11-19 03:00:00,1.77,5.0,8.8,29.5,15.51,38.5,55.0,4.5,7.4,213.0,CENTRO,3
2024-11-19 04:00:00,1.72,5.0,7.4,29.2,21.62,36.7,56.0,4.4,3.3,233.0,CENTRO,4
2024-11-19 05:00:00,1.7,4.0,14.0,27.8,23.76,42.0,66.0,4.5,2.9,214.0,CENTRO,5
2024-11-19 06:00:00,1.66,4.0,9.8,26.0,27.12,36.0,85.0,4.3,3.5,203.0,CENTRO,6
2024-11-19 07:00:00,1.72,5.0,12.4,24.8,29.92,37.4,69.0,4.4,4.4,199.0,CENTRO,7
2024-11-19 08:00:00,1.9,5.0,29.9,25.7,28.73,55.8,57.0,4.7,5.4,218.0,CENTRO,8
2024-11-19 09:00:00,2.03,8.0,42.8,29.5,21.8,72.5,65.0,5.8,5.5,219.0,CENTRO,9
2024-11-19 10:00:00,1.175,4.5,30.65,14.899999999999999,23.56,45.65,33.5,3.4,3.5,163.5,CENTRO,10
2024-11-19 11:00:00,0.32,1.0,18.5,0.3,20.755,18.8,2.0,1.0,1.5,108.0,CENTRO,11
2024-11-19 12:00:00,1.18,47.0,9.1,10.0,17.95,19.3,127.5,5.8,7.6,119.0,CENTRO,12
2024-11-19 13:00:00,1.02,52.0,3.8,12.5,15.87,16.5,253.0,5.2,6.6,104.0,CENTRO,13
2024-11-19 14:00:00,1.05,64.0,3.4,12.7,14.94,16.3,40.0,5.2,7.8,54.0,CENTRO,14
2024-11-19 15:00:00,1.04,66.0,3.4,14.3,15.17,17.9,45.0,5.8,9.6,68.0,CENTRO,15
2024-11-19 16:00:00,1.04,66.0,3.0,13.5,15.0,16.7,55.0,5.4,9.7,66.0,CENTRO,16
2024-11-19 17:00:00,1.09,62.0,3.0,14.2,14.39,17.4,55.0,4.9,9.0,71.0,CENTRO,17
2024-11-19 18:00:00,1.13,57.0,2.1,15.4,13.96,17.6,47.0,4.5,7.2,102.0,CENTRO,18
2024-11-19 19:00:00,1.31,38.0,2.2,27.5,15.66,30.0,44.0,4.4,6.2,93.0,CENTRO,19
2024-11-19 20:00:00,1.11,43.0,2.1,15.6,11.51,17.8,42.0,4.2,8.2,97.0,CENTRO,20
2024-11-19 21:00:00,1.07,44.0,2.0,13.2,11.24,15.4,38.0,4.1,5.6,90.0,CENTRO,21
2024-11-19 22:00:00,1.09,39.0,2.3,15.7,12.23,18.2,39.0,4.1,5.1,85.0,CENTRO,22
2024-11-19 23:00:00,1.32,20.0,2.5,28.7,15.21,31.3,39.0,3.9,2.8,218.0,CENTRO,23
2024-11-20 00:00:00,1.43,11.0,6.9,34.5,19.24,41.5,41.0,3.9,1.8,222.0,CENTRO,0
2024-11-20 01:00:00,1.51,7.0,12.1,39.1,20.82,51.3,46.0,4.2,1.8,246.0,CENTRO,1
2024-11-20 02:00:00,1.43,8.0,5.8,35.5,20.49,41.5,45.0,4.4,1.8,290.0,CENTRO,2
2024-11-20 03:00:00,2.03,5.0,25.3,41.0,29.52,66.5,53.0,5.8,2.533333333333333,167.0,CENTRO,3
2024-11-20 04:00:00,1.76,5.0,12.3,37.4,25.25,49.9,60.0,5.4,3.2666666666666666,248.0,CENTRO,4
2024-11-20 05:00:00,1.36,12.0,4.0,31.0,20.69,35.3,56.0,5.9,4.0,237.0,CENTRO,5
2024-11-20 06:00:00,1.36,8.0,5.8,39.0,32.26,45.0,58.0,11.0,6.7,221.0,CENTRO,6
2024-11-20 07:00:00,1.48,10.0,9.7,35.4,22.77,45.3,57.0,8.9,3.8,76.0,CENTRO,7
2024-11-20 08:00:00,1.47,14.0,11.4,35.1,13.44,46.7,57.0,7.0,8.4,85.0,CENTRO,8
2024-11-20 09:00:00,1.33,22.0,14.7,28.9,11.95,43.9,56.0,7.5,8.9,75.0,CENTRO,9
2024-11-20 10:00:00,1.07,42.0,5.7,13.8,7.87,19.7,49.0,4.6,9.2,49.0,CENTRO,10
2024-11-20 11:00:00,1.1,45.0,5.3,12.2,9.93,17.7,52.0,4.5,8.8,28.0,CENTRO,11
2024-11-20 12:00:00,1.06,49.0,4.6,10.0,8.78,14.8,56.0,4.3,7.8,25.0,CENTRO,12
2024-11-20 13:00:00,1.1,52.0,4.2,9.5,7.9,14.0,52.0,4.2,8.7,16.0,CENTRO,13
2024-11-20 14:00:00,1.1,55.0,3.7,8.7,6.74,12.7,52.0,4.4,9.2,23.0,CENTRO,14
2024-11-20 15:00:00,1.14,54.0,4.5,13.1,8.0,17.8,45.0,6.4,7.4,38.0,CENTRO,15
2024-11-20 16:00:00,1.16,56.0,4.0,12.6,7.83,16.8,41.0,5.2,9.3,37.0,CENTRO,16
2024-11-20 17:00:00,1.22,50.0,3.9,17.4,8.52,21.5,42.0,6.5,8.8,49.0,CENTRO,17
2024-11-20 18:00:00,1.26,41.0,3.6,22.0,11.48,25.8,45.0,6.4,10.4,41.0,CENTRO,18
2024-11-20 19:00:00,1.28,43.0,2.5,15.9,8.96,18.6,54.0,6.0,8.7,104.0,CENTRO,19
2024-11-20 20:00:00,1.21,44.0,2.2,12.8,6.71,15.2,44.0,4.6,10.9,115.0,CENTRO,20
2024-11-20 21:00:00,1.19,46.0,2.2,10.5,6.87,12.9,35.0,4.3,11.6,121.0,CENTRO,21
2024-11-20 22:00:00,1.18,45.0,2.1,9.7,6.66,12.0,36.0,4.2,9.8,121.0,CENTRO,22
2024-11-20 23:00:00,1.17,45.0,2.1,9.7,6.29,11.9,29.0,4.0,7.6,110.0,CENTRO,23
2024-11-21 00:00:00,1.17,46.0,2.1,7.8,5.84,10.1,27.0,4.0,7.7,104.0,CENTRO,0
2024-11-21 01:00:00,1.2,41.0,2.0,9.8,6.04,12.0,27.0,4.0,6.0,65.0,CENTRO,1
2024-11-21 02:00:00,1.14,44.0,2.0,5.0,5.19,7.2,25.0,4.7,6.1,94.0,CENTRO,2
2024-11-21 03:00:00,1.17,40.0,2.0,5.6,5.4,7.8,23.0,4.3,4.2,11.0,CENTRO,3
2024-11-21 04:00:00,1.24,27.0,2.0,14.8,8.88,17.0,23.0,4.1,2.5,344.0,CENTRO,4
2024-11-21 05:00:00,1.31,17.0,2.2,21.1,11.84,23.4,28.0,4.1,2.2,66.0,CENTRO,5
2024-11-21 06:00:00,1.48,6.0,12.6,35.4,26.67,48.2,38.0,4.5,3.7,49.0,CENTRO,6
2024-11-21 07:00:00,1.66,5.0,41.7,36.5,31.65,78.5,56.0,4.9,2.0,330.0,CENTRO,7
2024-11-21 08:00:00,1.83,5.0,49.4,38.3,32.96,88.1,64.0,5.0,2.6,328.0,CENTRO,8
2024-11-21 09:00:00,2.01,9.0,53.3,42.6,36.83,96.2,67.0,6.5,3.3,13.0,CENTRO,9
2024-11-21 10:00:00,2.18,10.0,79.3,49.5,50.19,129.1,73.0,16.0,4.7,30.0,CENTRO,10
2024-11-21 11:00:00,1.82,21.0,36.4,41.9,36.75,78.5,89.0,16.4,5.2,40.0,CENTRO,11
2024-11-21 12:00:00,1.49,44.0,7.5,18.4,15.3,26.1,67.0,7.8,6.7,43.0,CENTRO,12
2024-11-21 13:00:00,1.43,53.0,4.9,12.9,11.88,18.0,43.0,6.1,7.9,46.0,CENTRO,13
2024-11-21 14:00:00,1.43,57.0,4.5,13.1,11.42,17.8,40.0,5.7,7.3,48.0,CENTRO,14
2024-11-21 15:00:00,1.45,60.0,4.4,13.5,12.72,18.1,42.0,5.4,9.2,49.0,CENTRO,15
2024-11-21 16:00:00,1.47,55.0,4.3,13.2,12.57,17.7,46.0,5.0,10.2,41.0,CENTRO,16
2024-11-21 17:00:00,1.49,52.0,3.9,13.7,11.31,17.8,46.0,4.7,9.1,56.0,CENTRO,17
2024-11-21 18:00:00,1.49,52.0,2.6,14.6,10.66,17.5,39.0,4.4,7.8,95.0,CENTRO,18
2024-11-21 19:00:00,1.64,39.0,2.6,22.2,12.46,25.0,34.0,4.3,6.4,93.0,CENTRO,19
2024-11-21 20:00:00,1.64,28.0,2.7,24.3,12.87,27.2,37.0,4.3,5.4,82.0,CENTRO,20
2024-11-21 21:00:00,1.53,33.0,2.7,18.2,11.6,21.0,34.0,4.1,6.4,97.0,CENTRO,21
2024-11-21 22:00:00,1.41,41.0,2.4,9.8,9.25,12.4,31.0,4.0,6.8,94.0,CENTRO,22
2024-11-21 23:00:00,1.48,32.0,2.4,15.9,10.08,18.5,29.0,3.8,4.6,176.0,CENTRO,23
2024-11-22 00:00:00,1.69,12.0,5.3,33.5,17.4,39.0,30.0,4.3,5.6,207.0,CENTRO,0
2024-11-22 01:00:00,1.72,7.0,12.9,39.1,23.71,52.2,43.0,6.2,6.7,218.0,CENTRO,1
2024-11-22 02:00:00,1.64,9.0,9.0,36.0,21.14,45.2,51.0,6.2,6.5,214.0,CENTRO,2
2024-11-22 03:00:00,1.61,8.0,4.3,34.8,22.77,39.4,49.0,7.9,4.0,244.0,CENTRO,3
2024-11-22 04:00:00,1.64,8.0,3.0,31.6,20.59,34.8,41.0,5.9,2.3,234.0,CENTRO,4
2024-11-22 05:00:00,1.63,5.0,7.1,35.2,26.06,42.5,48.0,5.4,1.8,255.0,CENTRO,5
2024-11-22 06:00:00,1.74,4.0,14.3,33.2,25.12,47.7,54.0,4.9,1.8,247.0,CENTRO,6
2024-11-22 07:00:00,1.69,5.0,11.3,32.0,22.86,43.6,47.0,5.0,2.3,267.0,CENTRO,7
2024-11-22 08:00:00,1.92,5.0,38.6,33.4,25.76,72.3,46.0,5.6,1.8,314.0,CENTRO,8
2024-11-22 09:00:00,2.29,7.0,71.1,44.6,42.18,115.9,55.0,6.8,5.3,234.0,CENTRO,9
2024-11-22 10:00:00,2.35,16.0,42.1,46.9,40.62,89.3,83.0,7.0,4.6,23.0,CENTRO,10
2024-11-22 11:00:00,2.73,19.0,41.0,52.8,52.24,94.0,89.0,12.0,5.2,16.0,CENTRO,11
2024-11-22 12:00:00,2.09,26.0,28.4,45.8,39.89,74.3,100.0,13.4,6.4,46.0,CENTRO,12
2024-11-22 13:00:00,1.87,37.0,17.6,39.9,30.05,57.8,86.0,18.9,6.3,35.0,CENTRO,13
2024-11-22 14:00:00,1.75,53.0,10.8,33.2,25.69,44.2,72.0,15.2,8.6,68.0,CENTRO,14
2024-11-22 15:00:00,1.77,70.0,5.9,24.7,24.61,30.8,61.0,8.2,8.5,62.0,CENTRO,15
2024-11-22 16:00:00,1.73,75.0,4.6,21.0,24.87,25.9,59.0,8.4,10.8,57.0,CENTRO,16
2024-11-22 17:00:00,1.7,75.0,3.6,17.2,22.26,21.0,60.0,7.5,8.8,107.0,CENTRO,17
2024-11-22 18:00:00,1.79,65.0,3.2,22.0,21.96,25.3,50.0,6.0,7.6,100.0,CENTRO,18
2024-11-22 19:00:00,1.91,52.0,3.0,28.6,21.56,31.8,48.0,5.6,6.2,90.0,CENTRO,19
2024-11-22 20:00:00,1.94,25.0,3.8,35.3,21.92,39.3,43.0,5.3,6.6,59.0,CENTRO,20
2024-11-22 21:00:00,2.03,10.0,5.5,40.7,25.47,46.4,46.0,4.8,2.1,310.0,CENTRO,21
2024-11-22 22:00:00,2.01,13.0,5.0,34.2,22.96,39.3,47.0,4.4,1.9,261.0,CENTRO,22
2024-11-22 23:00:00,1.77,22.0,3.2,23.2,16.32,26.6,40.0,4.3,2.4,276.0,CENTRO,23
2024-11-23 00:00:00,2.07,8.0,8.1,41.7,28.18,50.0,36.0,4.6,2.7,224.0,CENTRO,0
2024-11-23 01:00:00,2.12,4.0,23.0,48.4,39.25,71.7,52.0,8.0,3.5,236.0,CENTRO,1
2024-11-23 02:00:00,2.1,4.0,23.4,44.0,40.19,67.7,66.0,7.3,1.8,270.0,CENTRO,2
2024-11-23 03:00:00,2.08,4.0,19.7,41.1,35.95,61.0,66.0,6.1,1.8,253.0,CENTRO,3
2024-11-23 04:00:00,1.83,8.0,5.8,35.3,31.33,41.3,59.0,7.3,2.7,274.0,CENTRO,4
2024-11-23 05:00:00,1.97,5.0,18.9,34.1,33.97,53.3,53.0,6.1,1.8,274.0,CENTRO,5
2024-11-23 06:00:00,1.91,5.0,12.3,32.4,31.98,44.9,54.0,5.4,1.9,231.0,CENTRO,6
2024-11-23 07:00:00,1.78,5.0,8.3,32.0,29.5,40.5,49.0,5.4,1.8,231.0,CENTRO,7
2024-11-23 08:00:00,2.04,6.5,44.4,31.4,34.81,76.1,51.0,5.3,1.9,281.0,CENTRO,8
2024-11-23 09:00:00,2.05,8.0,37.1,30.3,47.81,67.6,58.0,5.2,5.6,347.0,CENTRO,9
2024-11-23 10:00:00,2.08,14.0,30.6,30.9,54.59,61.7,70.0,5.1,5.7,344.0,CENTRO,10
2024-11-23 11:00:00,2.04,22.0,22.9,31.0,53.34,54.2,79.0,5.3,6.2,351.0,CENTRO,11
2024-11-23 12:00:00,1.96,38.0,12.5,27.5,49.89,40.2,75.0,5.6,5.4,14.0,CENTRO,12
2024-11-23 13:00:00,2.18,35.0,17.7,39.0,54.81,57.0,77.0,8.3,6.6,50.0,CENTRO,13
2024-11-23 14:00:00,2.04,50.0,10.6,33.8,48.11,44.6,81.0,10.5,7.7,88.0,CENTRO,14
2024-11-23 15:00:00,2.06,73.0,6.3,29.4,56.08,35.9,73.0,7.4,7.7,47.0,CENTRO,15
2024-11-23 16:00:00,1.94,76.0,4.8,23.5,42.3,28.6,76.0,6.4,7.1,47.0,CENTRO,16
2024-11-23 17:00:00,1.65,67.0,3.2,9.6,20.08,13.1,65.0,5.5,8.8,119.0,CENTRO,17
2024-11-23 18:00:00,1.68,52.0,2.9,11.7,20.11,14.8,47.0,4.8,6.9,96.0,CENTRO,18
2024-11-23 19:00:00,1.73,38.0,2.8,14.3,20.99,17.3,37.0,4.4,5.4,98.0,CENTRO,19
2024-11-23 20:00:00,1.71,31.0,2.9,16.1,21.28,19.2,37.0,4.3,6.3,110.0,CENTRO,20
2024-11-23 21:00:00,1.57,37.0,2.6,7.4,18.96,10.2,35.0,4.1,8.7,126.0,CENTRO,21
2024-11-23 22:00:00,1.62,30.0,2.4,10.5,18.83,13.1,36.0,4.0,5.2,142.0,CENTRO,22
2024-11-23 23:00:00,1.85,17.0,3.1,24.4,26.53,27.7,34.0,4.1,4.5,214.0,CENTRO,23
2024-11-24 00:00:00,1.99,12.0,3.2,33.8,37.28,37.2,45.0,5.6,2.8,250.0,CENTRO,0
2024-11-24 01:00:00,2.33,6.0,24.7,35.0,45.89,60.0,53.0,5.3,1.8,254.0,CENTRO,1
2024-11-24 02:00:00,2.16,6.0,13.0,34.9,46.99,48.1,65.0,4.9,2.5,242.0,CENTRO,2
2024-11-24 03:00:00,1.97,4.0,12.1,32.3,45.0,44.6,53.0,4.7,2.0,318.0,CENTRO,3
2024-11-24 04:00:00,1.99,4.0,12.6,26.2,34.37,39.0,51.0,4.4,1.8,239.0,CENTRO,4
2024-11-24 05:00:00,2.24,4.0,16.5,25.5,38.37,42.2,46.0,4.3,1.8,284.0,CENTRO,5
2024-11-24 06:00:00,1.87,4.666666666666667,10.1,25.0,37.63,35.3,49.0,4.2,1.8,264.0,CENTRO,6
2024-11-24 07:00:00,1.76,5.333333333333333,9.9,21.5,41.92,31.7,48.0,4.3,1.7,320.0,CENTRO,7
2024-11-24 08:00:00,1.75,6.0,8.9,19.6,45.24,28.8,54.0,4.2,1.7,241.0,CENTRO,8
2024-11-24 09:00:00,1.84,11.0,15.3,22.2,49.01,37.7,54.0,4.3,1.8,90.0,CENTRO,9
2024-11-24 10:00:00,1.83,20.0,14.8,25.1,52.05,40.1,62.0,5.1,2.7,61.0,CENTRO,10
2024-11-24 11:00:00,1.85,28.0,13.7,24.6,53.36,38.5,69.0,5.6,3.8,29.0,CENTRO,11
2024-11-24 12:00:00,1.97,30.0,18.7,36.0,57.91,54.9,71.0,7.0,4.8,72.0,CENTRO,12
2024-11-24 13:00:00,2.13,40.0,16.2,41.5,68.13,58.0,82.0,10.5,6.6,71.0,CENTRO,13
2024-11-24 14:00:00,2.04,66.0,7.0,27.1,62.41,34.3,87.0,8.1,7.9,69.0,CENTRO,14
2024-11-24 15:00:00,1.93,77.0,4.8,20.7,51.99,25.8,85.0,6.0,9.1,56.0,CENTRO,15
2024-11-24 16:00:00,1.89,85.0,3.7,17.2,46.83,21.1,77.0,5.4,9.3,47.0,CENTRO,16
2024-11-24 17:00:00,1.85,74.0,3.4,17.3,38.58,20.8,73.0,5.1,8.8,33.0,CENTRO,17
2024-11-24 18:00:00,1.79,51.0,3.2,19.9,28.46,23.3,58.0,4.8,8.2,53.0,CENTRO,18
2024-11-24 19:00:00,1.77,44.0,2.8,17.2,25.35,20.1,47.0,4.5,6.7,48.0,CENTRO,19
2024-11-24 20:00:00,1.83,28.0,2.8,20.0,25.01,23.0,43.0,4.3,3.6,57.0,CENTRO,20
2024-11-24 21:00:00,1.96,20.0,3.1,30.5,28.92,33.8,40.0,4.0,3.0,225.0,CENTRO,21
2024-11-24 22:00:00,2.0,12.0,3.9,36.1,28.35,40.2,43.0,4.2,3.0,207.0,CENTRO,22
2024-11-24 23:00:00,2.17,7.0,8.0,43.1,39.88,51.4,44.0,4.4,3.8,224.0,CENTRO,23
2024-11-25 00:00:00,2.17,6.0,6.5,45.6,45.54,52.3,58.0,6.0,5.4,227.0,CENTRO,0
2024-11-25 01:00:00,1.96,10.0,4.4,39.2,39.65,43.8,66.0,9.1,4.6,243.0,CENTRO,1
2024-11-25 02:00:00,1.85,12.0,3.8,33.3,37.41,37.2,65.0,7.5,2.7,300.0,CENTRO,2
2024-11-25 03:00:00,1.73,13.0,3.7,28.4,32.17,32.2,59.0,6.4,2.9,253.0,CENTRO,3
2024-11-25 04:00:00,1.76,7.0,4.2,34.3,33.21,38.7,53.0,5.9,2.5,263.0,CENTRO,4
2024-11-25 05:00:00,1.74,5.0,4.7,33.9,32.92,38.9,52.0,5.2,2.7,265.0,CENTRO,5
2024-11-25 06:00:00,1.63,7.0,4.5,31.7,29.63,36.4,55.0,5.6,2.9,248.0,CENTRO,6
2024-11-25 07:00:00,1.84,6.0,18.1,32.2,26.85,50.5,54.0,6.0,2.6,212.0,CENTRO,7
2024-11-25 08:00:00,1.83,6.0,32.5,36.0,21.31,68.8,57.0,8.2,5.5,226.0,CENTRO,8
2024-11-25 09:00:00,2.53,7.0,78.0,41.4,29.78,119.7,62.0,7.6,2.9,1.0,CENTRO,9
2024-11-25 10:00:00,2.18,15.0,42.2,43.4,25.45,85.8,78.0,7.7,3.1,123.0,CENTRO,10
2024-11-25 11:00:00,2.12,22.0,31.8,48.5,27.24,80.5,73.0,8.1,4.6,83.0,CENTRO,11
2024-11-25 12:00:00,2.53,29.0,33.1,69.5,59.68,102.7,85.0,8.5,5.8,45.0,CENTRO,12
2024-11-25 13:00:00,2.65,47.0,21.1,74.3,71.07,95.5,109.0,13.1,8.3,103.0,CENTRO,13
2024-11-25 14:00:00,1.96,71.0,8.4,37.3,44.47,46.0,120.0,9.9,9.4,81.0,CENTRO,14
2024-11-25 15:00:00,1.88,80.0,6.5,29.0,35.66,35.7,100.0,7.0,9.7,69.0,CENTRO,15
2024-11-25 16:00:00,1.93,85.0,5.6,32.0,35.5,37.8,82.0,6.4,9.7,63.0,CENTRO,16
2024-11-25 17:00:00,2.05,91.0,5.0,40.3,50.33,45.5,83.0,14.7,9.6,52.0,CENTRO,17
2024-11-25 18:00:00,1.95,60.0,4.4,33.9,38.36,38.5,96.0,21.8,7.9,47.0,CENTRO,18
2024-11-25 19:00:00,2.02,47.0,4.1,38.0,33.26,42.3,82.0,18.8,7.8,54.0,CENTRO,19
2024-11-25 20:00:00,1.95,28.0,4.9,43.1,29.55,48.2,66.0,17.4,6.2,27.0,CENTRO,20
2024-11-25 21:00:00,2.29,7.0,7.6,57.0,33.18,64.8,59.0,11.7,2.3,242.0,CENTRO,21
2024-11-25 22:00:00,2.59,4.0,20.4,60.6,38.9,81.2,65.0,8.2,1.8,258.0,CENTRO,22
2024-11-25 23:00:00,2.7,4.0,50.9,51.9,45.35,103.1,72.0,7.1,1.9,228.0,CENTRO,23
2024-11-26 00:00:00,2.31,4.0,23.1,51.5,37.2,74.9,77.0,6.3,2.2,240.0,CENTRO,0
2024-11-26 01:00:00,1.92,6.0,5.9,42.0,30.17,48.1,65.0,5.8,1.9,261.0,CENTRO,1
2024-11-26 02:00:00,1.71,10.0,4.5,34.6,23.01,39.3,49.0,5.7,2.0,287.0,CENTRO,2
2024-11-26 03:00:00,1.63,20.0,3.9,20.3,21.21,24.4,40.0,5.9,2.5,210.0,CENTRO,3
2024-11-26 04:00:00,1.69,12.0,4.5,26.0,23.6,30.8,43.0,5.5,3.6,281.0,CENTRO,4
2024-11-26 05:00:00,1.58,16.0,4.0,24.4,21.62,28.6,55.0,6.5,8.5,68.0,CENTRO,5
2024-11-26 06:00:00,1.55,9.0,5.9,27.3,19.45,33.4,58.0,6.5,9.2,94.0,CENTRO,6
2024-11-26 07:00:00,1.6,6.0,10.9,27.8,19.17,38.9,57.0,8.5,8.7,89.0,CENTRO,7
2024-11-26 08:00:00,1.69,6.0,18.9,26.4,20.12,45.5,52.0,9.1,9.2,92.0,CENTRO,8
2024-11-26 09:00:00,1.67,8.0,23.9,23.3,19.54,47.5,59.0,10.7,9.7,67.0,CENTRO,9
2024-11-26 10:00:00,1.66,10.0,22.5,19.5,25.84,42.2,53.0,10.2,7.3,61.0,CENTRO,10
2024-11-26 11:00:00,1.15,15.0,24.2,21.6,25.652,46.0,166.0,10.4,8.6,35.0,CENTRO,11
2024-11-26 12:00:00,0.96,15.0,23.6,24.6,25.464,48.4,279.0,11.0,9.6,51.0,CENTRO,12
2024-11-26 13:00:00,0.94,20.0,15.1,25.9,25.276,41.2,73.0,10.4,10.2,48.0,CENTRO,13
2024-11-26 14:00:00,0.93,24.0,11.3,20.7,25.087999999999997,32.3,78.0,7.0,10.6,58.0,CENTRO,14
2024-11-26 15:00:00,0.89,25.0,8.8,17.5,24.9,26.6,67.0,6.2,11.0,57.0,CENTRO,15
2024-11-26 16:00:00,0.89,27.0,7.3,16.5,24.19,24.0,61.0,5.4,9.0,65.0,CENTRO,16
2024-11-26 17:00:00,0.98,19.0,10.8,22.0,27.83,33.0,57.0,6.2,8.7,56.0,CENTRO,17
2024-11-26 18:00:00,1.0,16.0,6.2,21.1,27.03,27.6,64.0,5.2,8.3,56.0,CENTRO,18
2024-11-26 19:00:00,1.13,7.0,8.9,26.3,27.52,35.4,57.0,4.6,6.1,39.0,CENTRO,19
2024-11-26 20:00:00,1.23,4.0,19.5,27.2,25.23,46.9,53.0,4.6,3.0,336.0,CENTRO,20
2024-11-26 21:00:00,0.99,12.0,8.0,17.6,25.87,25.8,53.0,4.3,5.5,97.0,CENTRO,21
2024-11-26 22:00:00,1.16,4.0,17.0,26.1,30.77,43.3,47.0,4.3,5.0,24.0,CENTRO,22
2024-11-26 23:00:00,1.21,4.0,33.4,26.6,36.19,60.1,50.0,4.5,2.9,342.0,CENTRO,23
2024-11-27 00:00:00,1.17,4.0,25.4,25.8,34.03,51.4,60.0,4.6,2.0,261.0,CENTRO,0
2024-11-27 01:00:00,1.28,4.2,32.2,24.7,33.63,57.0,53.0,4.4,1.8,245.0,CENTRO,1
2024-11-27 02:00:00,1.31,4.4,35.8,24.1,35.23,60.2,50.0,4.6,2.0,280.0,CENTRO,2
2024-11-27 03:00:00,1.41,4.6,51.7,25.4,42.26,77.4,58.0,4.7,1.9,294.0,CENTRO,3
2024-11-27 04:00:00,1.41,4.8,52.8,25.0,46.01,78.1,69.0,4.8,2.1,279.0,CENTRO,4
2024-11-27 05:00:00,1.42,5.0,63.3,28.0,58.65,91.6,70.0,5.4,3.8,259.0,CENTRO,5
2024-11-27 06:00:00,1.42,5.0,62.3,30.7,62.11666666666667,93.4,93.0,7.0,3.5,277.0,CENTRO,6
2024-11-27 07:00:00,1.43,5.0,55.3,30.0,65.58333333333333,85.6,103.0,7.2,3.2,241.0,CENTRO,7
2024-11-27 08:00:00,1.73,4.0,78.7,27.3,69.05,106.3,95.0,6.3,2.9,298.0,CENTRO,8
2024-11-27 09:00:00,2.17,6.0,100.8,35.6,72.51666666666667,136.8,76.0,6.5,3.5,71.0,CENTRO,9
2024-11-27 10:00:00,2.46,9.0,91.8,51.8,75.98333333333333,143.9,90.0,7.1,3.9,59.0,CENTRO,10
2024-11-27 11:00:00,1.83,19.0,38.5,53.6,79.45,92.3,96.0,7.7,4.1,72.0,CENTRO,11
2024-11-27 12:00:00,1.91,27.0,34.3,67.2,83.45,101.6,92.0,8.0,5.7,64.0,CENTRO,12
2024-11-27 13:00:00,2.03,30.0,37.7,87.1,84.51,124.9,103.0,13.7,6.1,85.0,CENTRO,13
2024-11-27 14:00:00,2.19,43.0,28.2,97.9,79.45,126.2,127.0,19.6,7.0,84.0,CENTRO,14
2024-11-27 15:00:00,1.94,78.0,9.3,61.6,83.45,71.1,135.0,12.7,7.6,81.0,CENTRO,15
2024-11-27 16:00:00,1.68,74.0,6.2,47.8,84.51,54.3,115.0,9.2,6.2,79.0,CENTRO,16
2024-11-27 17:00:00,1.75,60.0,5.9,46.6,88.27,52.7,93.0,6.5,5.9,69.0,CENTRO,17
2024-11-27 18:00:00,1.76,41.0,5.5,49.1,77.20666666666666,54.9,90.0,5.7,4.5,62.0,CENTRO,18
2024-11-27 19:00:00,1.96,22.0,6.9,58.5,66.14333333333333,65.6,76.0,5.3,4.7,29.0,CENTRO,19
2024-11-27 20:00:00,1.73,29.0,5.9,49.3,55.08,55.5,81.0,5.5,2.8,2.0,CENTRO,20
2024-11-27 21:00:00,1.82,15.0,6.5,62.0,47.06,68.8,79.0,5.6,2.7,274.0,CENTRO,21
2024-11-27 22:00:00,1.99,5.0,13.5,68.4,46.49,82.1,80.0,5.9,2.7,237.0,CENTRO,22
2024-11-27 23:00:00,2.26,4.0,27.2,65.9,45.53,93.3,85.0,6.3,4.0,232.0,CENTRO,23
2024-11-28 00:00:00,1.93,4.0,13.7,61.6,48.7,75.6,85.0,6.9,4.3,240.0,CENTRO,0
2024-11-28 01:00:00,1.89,4.0,28.1,62.0,54.8,90.2,86.0,7.6,3.1,253.0,CENTRO,1
2024-11-28 02:00:00,1.77,4.666666666666667,34.0,60.8,54.72,94.9,84.0,8.2,2.6,274.0,CENTRO,2
2024-11-28 03:00:00,1.74,5.333333333333333,34.2,56.5,53.02,91.0,92.0,7.5,2.5,5.0,CENTRO,3
2024-11-28 04:00:00,1.31,6.0,6.8,45.9,41.14,52.9,88.0,7.8,2.6,19.0,CENTRO,4
2024-11-28 05:00:00,1.24,5.0,8.7,43.1,37.03,52.0,95.0,7.3,3.1,287.0,CENTRO,5
2024-11-28 06:00:00,1.09,7.0,7.9,38.7,30.06,46.8,81.0,8.2,4.4,261.0,CENTRO,6
2024-11-28 07:00:00,1.34,5.0,32.9,41.5,26.28,74.6,67.0,8.0,3.4,266.0,CENTRO,7
2024-11-28 08:00:00,1.88,9.0,42.6,43.4,48.08,86.2,73.0,6.9,8.0,91.0,CENTRO,8
2024-11-28 09:00:00,1.33,18.0,14.0,30.6,35.24,44.8,81.0,7.0,10.8,82.0,CENTRO,9
2024-11-28 10:00:00,1.14,30.0,9.4,17.6,34.46,27.3,79.0,6.9,13.3,52.0,CENTRO,10
2024-11-28 11:00:00,1.1,30.0,9.1,15.6,35.15,24.9,111.0,5.9,13.0,55.0,CENTRO,11
2024-11-28 12:00:00,1.07,29.0,9.6,14.4,29.92,24.3,125.0,5.7,12.7,48.0,CENTRO,12
2024-11-28 13:00:00,1.03,34.0,8.1,13.5,24.97,21.8,143.0,5.5,12.5,45.0,CENTRO,13
2024-11-28 14:00:00,1.03,34.0,6.6,15.0,22.5,21.9,112.0,5.1,9.9,37.0,CENTRO,14
2024-11-28 15:00:00,1.1,31.0,6.6,18.7,21.34,25.6,93.0,5.2,9.5,66.0,CENTRO,15
2024-11-28 16:00:00,1.11,30.0,6.3,20.3,20.9,26.8,76.0,5.4,8.8,61.0,CENTRO,16
2024-11-28 17:00:00,1.13,22.0,6.9,24.4,18.89,31.6,66.0,4.9,8.6,36.0,CENTRO,17
2024-11-28 18:00:00,1.12,22.0,5.3,24.4,18.24,30.0,62.0,4.9,10.9,27.0,CENTRO,18
2024-11-28 19:00:00,1.03,25.0,5.0,19.3,15.14,24.5,64.0,4.8,11.9,18.0,CENTRO,19
2024-11-28 20:00:00,1.03,21.0,4.2,21.4,15.02,25.7,56.0,4.6,9.3,45.0,CENTRO,20
2024-11-28 21:00:00,1.0,18.0,4.5,23.0,14.81,27.7,49.0,4.3,8.9,25.0,CENTRO,21
2024-11-28 22:00:00,0.9,23.0,3.4,17.2,12.24,20.9,44.0,4.1,11.3,6.0,CENTRO,22
2024-11-28 23:00:00,1.1,22.0,7.0,18.2,12.12,25.4,44.0,4.3,9.5,13.0,CENTRO,23
2024-11-29 00:00:00,1.11,23.0,3.1,17.5,11.95,20.8,46.0,4.4,9.9,14.0,CENTRO,0
2024-11-29 01:00:00,1.01,24.0,2.7,14.6,11.68,17.5,42.0,4.4,7.7,7.0,CENTRO,1
2024-11-29 02:00:00,0.86,28.0,2.5,10.4,9.81,13.2,36.0,4.2,7.2,354.0,CENTRO,2
2024-11-29 03:00:00,0.86,33.0,2.3,7.5,6.97,10.0,33.0,4.1,9.8,357.0,CENTRO,3
2024-11-29 04:00:00,0.98,31.0,2.2,10.4,7.07,12.8,26.0,4.3,6.9,6.0,CENTRO,4
2024-11-29 05:00:00,0.8,32.0,2.1,7.8,6.3,10.1,25.0,4.1,7.3,9.0,CENTRO,5
2024-11-29 06:00:00,0.82,26.0,2.1,11.0,6.65,13.3,25.0,4.2,8.8,23.0,CENTRO,6
2024-11-29 07:00:00,0.83,23.0,2.6,14.3,6.39,17.1,30.0,4.2,9.1,40.0,CENTRO,7
2024-11-29 08:00:00,0.89,20.0,3.8,17.5,7.02,21.5,32.0,4.3,6.8,28.0,CENTRO,8
2024-11-29 09:00:00,1.09,20.0,5.7,17.8,9.05,23.7,30.0,4.6,8.3,32.0,CENTRO,9
2024-11-29 10:00:00,1.06,17.0,9.6,21.3,11.27,31.2,31.0,4.8,8.2,48.0,CENTRO,10
2024-11-29 11:00:00,1.16,17.0,12.1,21.8,14.32,34.2,49.0,5.1,6.3,38.0,CENTRO,11
2024-11-29 12:00:00,1.11,17.0,14.0,22.8,17.52,37.0,53.0,5.3,6.8,24.0,CENTRO,12
2024-11-29 13:00:00,1.11,15.0,16.2,23.1,18.06,39.6,57.0,5.3,8.0,43.0,CENTRO,13
2024-11-29 14:00:00,1.12,15.0,19.2,25.1,20.61,44.5,68.0,6.5,6.7,47.0,CENTRO,14
2024-11-29 15:00:00,1.11,18.0,16.6,24.2,19.61,41.0,71.0,6.2,8.0,51.0,CENTRO,15
2024-11-29 16:00:00,0.96,23.0,11.2,19.1,14.65,30.6,63.0,5.6,10.0,37.0,CENTRO,16
2024-11-29 17:00:00,0.96,22.0,8.3,18.8,11.09,27.5,56.0,5.9,10.4,29.0,CENTRO,17
2024-11-29 18:00:00,0.96,19.0,5.5,21.8,10.45,27.5,50.0,5.3,10.2,35.0,CENTRO,18
2024-11-29 19:00:00,1.04,13.0,6.0,26.3,11.19,32.5,47.0,4.9,9.1,32.0,CENTRO,19
2024-11-29 20:00:00,1.0,14.0,5.0,22.2,13.2,27.5,45.0,4.9,8.9,70.0,CENTRO,20
2024-11-29 21:00:00,0.87,23.0,3.3,11.2,9.94,14.8,40.0,4.5,11.9,107.0,CENTRO,21
2024-11-29 22:00:00,0.83,25.0,3.0,9.2,8.77,12.5,40.0,4.3,11.3,114.0,CENTRO,22
2024-11-29 23:00:00,0.82,27.0,2.8,8.0,7.76,11.1,35.0,4.1,10.6,102.0,CENTRO,23
2024-11-30 00:00:00,0.79,31.0,2.3,6.2,6.72,8.7,31.0,4.1,10.7,115.0,CENTRO,0
2024-11-30 01:00:00,0.78,32.0,2.2,5.4,6.21,7.8,28.0,4.1,9.0,98.0,CENTRO,1
2024-11-30 02:00:00,0.77,31.0,2.1,5.5,6.28,7.8,25.0,4.0,10.7,100.0,CENTRO,2
2024-11-30 03:00:00,0.78,32.0,2.0,5.2,6.0,7.5,24.0,4.1,7.2,107.0,CENTRO,3
2024-11-30 04:00:00,0.76,34.0,1.9,4.4,5.38,6.6,22.0,4.0,6.1,94.0,CENTRO,4
2024-11-30 05:00:00,0.77,33.0,1.9,4.6,5.47,6.8,20.0,4.0,5.2,99.0,CENTRO,5
2024-11-30 06:00:00,0.78,31.0,1.9,5.7,5.87,7.9,19.0,4.1,4.3,100.0,CENTRO,6
2024-11-30 07:00:00,0.78,30.0,1.9,7.7,5.8,9.8,22.0,4.1,4.0,97.0,CENTRO,7
2024-11-30 08:00:00,0.87,13.0,4.5,25.6,7.96,30.3,24.0,5.4,3.5,29.0,CENTRO,8
2024-11-30 09:00:00,0.99,10.0,13.4,30.4,12.25,44.0,27.0,8.1,4.7,26.0,CENTRO,9
2024-11-30 10:00:00,1.05,14.0,14.6,28.0,15.83,42.8,43.0,9.0,3.8,322.0,CENTRO,10
2024-11-30 11:00:00,1.2,16.0,18.6,29.1,20.14,47.8,44.0,7.7,4.0,306.0,CENTRO,11
2024-11-30 12:00:00,1.43,18.0,26.8,36.0,37.01,63.0,54.0,7.4,4.0,211.0,CENTRO,12
2024-11-30 13:00:00,1.62,23.0,29.4,43.4,51.95,73.0,79.0,8.1,6.4,68.0,CENTRO,13
2024-11-30 14:00:00,1.62,28.0,23.2,44.7,55.86,68.1,94.0,8.7,6.5,67.0,CENTRO,14
2024-11-30 15:00:00,1.55,34.0,15.0,41.1,50.66,56.3,92.0,7.6,6.8,56.0,CENTRO,15
2024-11-30 16:00:00,1.51,36.0,12.0,43.7,48.53,55.9,83.0,7.6,5.4,79.0,CENTRO,16
2024-11-30 17:00:00,1.51,37.0,7.1,43.1,48.39,50.4,72.0,6.2,6.4,72.0,CENTRO,17
2024-11-30 18:00:00,1.39,29.0,4.0,34.7,39.33,38.9,72.0,5.1,7.5,69.0,CENTRO,18
2024-11-30 19:00:00,1.26,28.0,3.3,26.6,32.35,30.0,61.0,4.8,7.2,65.0,CENTRO,19
2024-11-30 20:00:00,1.29,20.0,4.3,30.3,28.88,34.8,52.0,5.3,7.3,47.0,CENTRO,20
2024-11-30 21:00:00,1.28,11.0,5.1,31.1,28.99,36.3,50.0,5.0,5.3,45.0,CENTRO,21
2024-11-30 22:00:00,1.4,4.0,11.0,35.0,35.42,46.3,48.0,4.7,2.4,331.0,CENTRO,22
2024-11-30 23:00:00,1.44,4.0,15.8,34.1,38.31,50.1,48.0,4.6,1.9,282.0,CENTRO,23
2024-12-01 00:00:00,1.535,4.0,21.099999999999998,33.550000000000004,35.94,54.85,50.0,4.55,1.85,262.0,CENTRO,0
2024-12-01 01:00:00,1.63,4.0,26.4,33.0,33.57,59.6,50.0,4.5,1.8,242.0,CENTRO,1
2024-12-01 02:00:00,1.69,4.0,27.2,34.7,38.71,62.1,53.0,4.7,2.1,238.0,CENTRO,2
2024-12-01 03:00:00,1.78,4.0,38.8,36.7,47.3,75.7,60.0,5.6,2.0,310.0,CENTRO,3
2024-12-01 04:00:00,1.64,4.4,19.7,34.3,60.08,54.2,67.0,6.5,1.9,243.0,CENTRO,4
2024-12-01 05:00:00,1.68,4.8,25.2,34.1,56.34,59.5,65.0,6.9,3.2,241.0,CENTRO,5
2024-12-01 06:00:00,1.54,5.2,13.6,33.5,62.2,47.4,73.0,8.1,2.4,267.0,CENTRO,6
2024-12-01 07:00:00,1.52,5.6,12.7,31.9,63.85,44.7,92.0,9.3,2.6,253.0,CENTRO,7
2024-12-01 08:00:00,1.55,6.0,23.8,33.5,62.32,57.6,83.0,13.2,4.0,239.0,CENTRO,8
2024-12-01 09:00:00,1.54,10.0,23.3,31.8,69.64,55.2,96.0,15.5,5.4,219.0,CENTRO,9
2024-12-01 10:00:00,1.61,18.0,25.6,35.7,63.02,61.5,84.0,13.3,3.7,11.0,CENTRO,10
2024-12-01 11:00:00,1.9,28.0,19.5,38.6,69.02,58.3,82.0,10.0,6.2,38.0,CENTRO,11
2024-12-01 12:00:00,1.7,36.0,16.6,39.2,69.65,56.0,95.0,9.7,6.3,65.0,CENTRO,12
2024-12-01 13:00:00,1.4,49.0,8.9,23.1,75.05,32.2,83.0,8.3,6.0,54.0,CENTRO,13
2024-12-01 14:00:00,1.28,54.0,7.6,21.6,44.79,29.5,62.0,8.2,7.3,56.0,CENTRO,14
2024-12-01 15:00:00,1.32,61.0,6.1,22.4,35.28,28.7,52.0,8.0,7.2,84.0,CENTRO,15
2024-12-01 16:00:00,1.4,74.0,4.1,19.9,38.26,24.3,54.0,6.4,7.9,72.0,CENTRO,16
2024-12-01 17:00:00,1.43,72.0,3.9,20.4,44.94,24.6,57.0,6.0,9.0,64.0,CENTRO,17
2024-12-01 18:00:00,1.34,57.0,3.3,18.3,45.42,21.8,57.0,5.7,8.3,76.0,CENTRO,18
2024-12-01 19:00:00,1.39,41.0,3.5,24.3,33.61,28.0,53.0,6.9,6.9,65.0,CENTRO,19
2024-12-01 20:00:00,1.32,24.0,3.8,19.7,33.86,23.7,50.0,6.8,7.2,57.0,CENTRO,20
2024-12-01 21:00:00,1.27,18.0,3.7,19.3,21.68,23.2,40.0,6.0,7.5,43.0,CENTRO,21
2024-12-01 22:00:00,1.3,17.0,3.5,19.6,17.96,23.3,34.0,5.9,4.5,42.0,CENTRO,22
2024-12-01 23:00:00,1.3,21.0,3.1,16.5,17.11,19.8,33.0,5.3,4.4,105.0,CENTRO,23
2024-12-02 00:00:00,1.21,21.0,2.7,10.6,18.51,13.5,28.0,4.8,2.1,264.0,CENTRO,0
2024-12-02 01:00:00,1.28,17.0,2.9,15.1,16.01,18.1,32.0,4.5,3.3,254.0,CENTRO,1
2024-12-02 02:00:00,1.24,17.0,5.0,17.9,16.74,23.1,31.0,4.5,5.2,18.0,CENTRO,2
2024-12-02 03:00:00,1.42,7.0,4.7,27.5,17.62,32.4,35.0,4.4,5.3,26.0,CENTRO,3
2024-12-02 04:00:00,1.68,5.0,4.6,26.9,24.11,31.7,42.0,4.4,3.2,272.0,CENTRO,4
2024-12-02 05:00:00,1.67,8.0,3.5,22.7,28.21,26.4,40.0,4.3,2.1,242.0,CENTRO,5
2024-12-02 06:00:00,1.51,5.0,4.6,26.3,33.65,31.2,41.0,4.2,3.0,205.0,CENTRO,6
2024-12-02 07:00:00,1.53,5.0,10.5,26.6,42.61,37.3,46.0,4.3,3.2,203.0,CENTRO,7
2024-12-02 08:00:00,1.57,5.0,9.6,29.0,48.68,38.8,53.0,4.5,2.8,221.0,CENTRO,8
2024-12-02 09:00:00,1.67,6.0,14.6,29.4,40.25,44.2,59.0,4.7,1.8,34.0,CENTRO,9
2024-12-02 10:00:00,1.71,7.0,12.4,29.2,35.39,41.8,58.0,4.5,1.8,24.0,CENTRO,10
2024-12-02 11:00:00,1.97,5.0,34.6,33.7,36.39,68.5,52.0,4.5,2.7,152.0,CENTRO,11
2024-12-02 12:00:00,1.99,7.0,34.2,30.9,29.5,65.4,55.0,4.4,3.8,25.0,CENTRO,12
2024-12-02 13:00:00,1.7,10.0,14.1,22.5,11.86,36.8,36.0,4.2,5.6,22.0,CENTRO,13
2024-12-02 14:00:00,1.47,9.0,13.3,21.0,8.88,34.6,27.0,4.3,5.8,22.0,CENTRO,14
2024-12-02 15:00:00,1.44,10.0,10.6,19.5,5.45,30.4,23.0,4.1,9.1,8.0,CENTRO,15
2024-12-02 16:00:00,1.44,9.0,11.3,21.1,5.71,32.7,20.0,4.0,8.2,13.0,CENTRO,16
2024-12-02 17:00:00,1.45,9.0,10.5,22.0,5.8,32.8,18.0,4.0,9.8,14.0,CENTRO,17
2024-12-02 18:00:00,1.86,11.0,6.7,23.0,12.02,30.0,21.0,4.1,10.0,19.0,CENTRO,18
2024-12-02 19:00:00,1.55,10.0,6.5,25.0,10.46,31.7,23.0,3.9,7.6,59.0,CENTRO,19
2024-12-02 20:00:00,1.51,9.0,7.9,25.5,10.65,33.6,21.0,4.1,8.2,66.0,CENTRO,20
2024-12-02 21:00:00,1.28,16.0,3.7,18.8,7.37,22.7,22.0,4.1,7.4,48.0,CENTRO,21
2024-12-02 22:00:00,1.21,16.0,3.3,19.2,7.22,22.8,23.0,4.0,6.2,28.0,CENTRO,22
2024-12-02 23:00:00,1.16,20.0,3.1,13.5,6.05,16.8,21.0,3.9,7.7,22.0,CENTRO,23
2024-12-03 00:00:00,1.11,24.0,2.6,10.0,4.23,12.9,19.0,3.9,7.9,29.0,CENTRO,0
2024-12-03 01:00:00,1.12,24.0,4.0,11.1,5.93,15.3,17.0,3.9,6.8,30.0,CENTRO,1
2024-12-03 02:00:00,1.1,28.0,2.3,8.6,5.61,11.2,17.0,4.0,7.8,42.0,CENTRO,2
2024-12-03 03:00:00,1.29,27.0,2.4,10.6,8.57,13.2,16.0,3.9,7.1,45.0,CENTRO,3
2024-12-03 04:00:00,1.51,30.0,2.2,9.9,10.61,12.3,20.0,4.0,7.2,44.0,CENTRO,4
2024-12-03 05:00:00,1.32,31.0,2.1,9.1,9.34,11.4,23.0,4.0,7.1,63.0,CENTRO,5
2024-12-03 06:00:00,1.31,29.0,2.2,11.1,8.46,13.5,23.0,3.9,7.2,65.0,CENTRO,6
2024-12-03 07:00:00,1.21,18.0,2.6,19.0,8.81,21.9,19.0,3.8,7.2,87.0,CENTRO,7
2024-12-03 08:00:00,1.33,9.0,5.2,26.7,11.58,32.1,20.0,3.8,6.8,91.0,CENTRO,8
2024-12-03 09:00:00,1.46,9.0,7.9,27.1,14.41,35.1,24.0,3.9,6.9,100.0,CENTRO,9
2024-12-03 10:00:00,1.48,7.0,3.6,7.2,15.9709375,11.0,18.0,4.1,7.0,100.0,CENTRO,10
2024-12-03 11:00:00,1.214,8.0,3.58,5.76,17.531875,9.5,18.75,4.233333333333333,5.64,90.8,CENTRO,11
2024-12-03 12:00:00,0.948,9.0,3.56,4.32,19.0928125,8.0,19.5,4.366666666666666,4.28,81.6,CENTRO,12
2024-12-03 13:00:00,0.6819999999999999,10.0,3.54,2.88,20.65375,6.5,20.25,4.5,2.92,72.39999999999999,CENTRO,13
2024-12-03 14:00:00,0.41599999999999987,11.0,3.52,1.44,21.83,5.0,21.0,4.633333333333334,1.56,63.199999999999996,CENTRO,14
2024-12-03 15:00:00,0.15,12.0,3.5,0.0,20.25,3.5,21.75,4.766666666666667,0.2,54.0,CENTRO,15
2024-12-03 16:00:00,1.59,13.0,12.2,14.5,19.0,26.4,22.5,4.9,6.3,47.0,CENTRO,16
2024-12-03 17:00:00,1.12,13.0,7.2,24.9,17.744999999999997,32.2,23.25,3.8,6.3,44.0,CENTRO,17
2024-12-03 18:00:00,1.23,9.0,7.2,28.3,17.0,35.7,24.0,3.8,6.1,62.0,CENTRO,18
2024-12-03 19:00:00,1.18,8.0,8.7,28.9,16.525,37.8,22.0,3.7,6.7,74.0,CENTRO,19
2024-12-03 20:00:00,1.08,6.0,8.2,29.7,16.0,38.0,19.0,3.8,7.3,107.0,CENTRO,20
2024-12-03 21:00:00,1.1675,6.1,8.635,29.245,16.31,37.955,22.40909090909091,3.9949999999999997,7.194999999999999,104.95,CENTRO,21
2024-12-03 22:00:00,1.2550000000000001,6.2,9.069999999999999,28.79,16.29,37.910000000000004,25.818181818181817,4.1899999999999995,7.09,102.9,CENTRO,22
2024-12-03 23:00:00,1.3425,6.3,9.504999999999999,28.335,16.08,37.865,29.227272727272727,4.385,6.984999999999999,100.85,CENTRO,23
2024-12-04 00:00:00,1.4300000000000002,6.4,9.94,27.88,16.0,37.82,32.63636363636363,4.58,6.88,98.8,CENTRO,0
2024-12-04 01:00:00,1.67,18.5,2.5,11.6,16.0,14.4,47.0,3.5,6.4,87.0,CENTRO,1
2024-12-04 02:00:00,1.64,18.0,2.6,11.9,16.54,15.3,46.0,3.5,5.9,77.0,CENTRO,2
2024-12-04 03:00:00,1.63,17.0,2.7,13.649999999999999,16.8,17.1,47.0,3.5,5.2,73.5,CENTRO,3
2024-12-04 04:00:00,1.64,15.0,2.9,14.5,17.91,17.9,48.0,3.6,4.8,76.0,CENTRO,4
2024-12-04 05:00:00,1.64,13.0,2.9,14.1,18.58,17.6,50.0,3.6,4.1,89.0,CENTRO,5
2024-12-04 06:00:00,1.62,11.25,3.2,15.7,19.46,20.1,51.0,3.6,4.0,118.0,CENTRO,6
2024-12-04 07:00:00,1.666,10.0,7.5,18.7,20.869999999999997,27.0,54.0,3.6,3.9,142.0,CENTRO,7
2024-12-04 08:00:00,1.78,10.0,13.3,20.0,22.875,33.9,58.0,3.7,4.4,112.0,CENTRO,8
2024-12-04 09:00:00,1.84,15.0,14.6,21.0,24.189999999999998,36.2,63.5,3.8,5.2,65.0,CENTRO,9
2024-12-04 10:00:00,1.84,20.0,13.3,20.8,24.855,35.6,69.0,3.8,5.8,51.0,CENTRO,10
2024-12-04 11:00:00,1.83,28.0,11.3,21.4,27.284999999999997,33.7,73.5,3.9,6.9,49.0,CENTRO,11
2024-12-04 12:00:00,2.48,7.6,15.159999999999998,22.42,27.89,37.28,75.0,6.92,5.62,74.2,CENTRO,12
2024-12-04 13:00:00,2.5675,7.7,15.594999999999999,21.965000000000003,58.11625,37.235,75.0,7.115,5.515,72.15,CENTRO,13
2024-12-04 14:00:00,2.6550000000000002,7.8,16.029999999999998,21.51,59.6771875,37.190000000000005,80.36363636363636,7.3100000000000005,5.41,70.1,CENTRO,14
2024-12-04 15:00:00,2.7425,7.9,16.464999999999996,21.055000000000003,61.238125000000004,37.145,83.77272727272727,7.505,5.305,68.05,CENTRO,15
2024-12-04 16:00:00,2.83,8.0,16.9,20.6,62.799062500000005,37.1,87.18181818181817,7.7,5.2,66.0,CENTRO,16
2024-12-04 17:00:00,1.64,12.0,20.8,44.1,64.36,65.2,90.5909090909091,5.1,7.0,60.0,CENTRO,17
2024-12-04 18:00:00,1.36,7.0,13.1,35.5,48.9,48.9,94.0,4.1,6.2,66.0,CENTRO,18
2024-12-04 19:00:00,1.35,4.0,21.8,29.7,38.65,51.7,69.0,3.9,3.4,68.0,CENTRO,19
2024-12-04 20:00:00,1.27,4.0,19.2,25.9,34.79,45.3,50.0,3.7,1.8,55.0,CENTRO,20
2024-12-04 21:00:00,1.1,4.0,11.6,25.3,35.05,37.1,48.0,3.6,1.9,59.0,CENTRO,21
2024-12-04 22:00:00,1.06,4.076923076923077,12.4,23.6,35.25,36.3,47.0,3.7,1.8,49.0,CENTRO,22
2024-12-04 23:00:00,1.2,4.153846153846154,30.9,28.8,55.455,59.9,48.0,3.9,1.7,299.0,CENTRO,23
2024-12-05 00:00:00,1.35,4.230769230769231,28.6,31.7,75.66,60.5,86.0,3.9,1.8,34.0,CENTRO,0
2024-12-05 01:00:00,1.66,4.3076923076923075,22.5,34.5,78.02,57.3,97.0,3.9,1.9,283.0,CENTRO,1
2024-12-05 02:00:00,1.57,18.0,30.2,36.7,87.72,67.1,100.0,4.0,2.7,178.0,CENTRO,2
2024-12-05 03:00:00,1.56,17.0,36.5,38.3,106.62,75.0,113.0,4.2,2.2,62.0,CENTRO,3
2024-12-05 04:00:00,1.66,15.0,39.7,39.0,95.61,79.1,125.0,4.2,3.6,315.0,CENTRO,4
2024-12-05 05:00:00,1.63,13.0,38.8,37.3,86.78,76.4,115.0,4.1,2.7,290.0,CENTRO,5
2024-12-05 06:00:00,1.62,4.6923076923076925,37.2,34.8,87.3,72.3,109.0,4.0,3.1,146.0,CENTRO,6
2024-12-05 07:00:00,1.28,4.769230769230769,25.2,29.4,63.17,54.7,107.0,4.0,3.2,75.0,CENTRO,7
2024-12-05 08:00:00,1.34,4.846153846153846,34.9,29.0,63.67,64.1,92.0,4.0,1.9,29.0,CENTRO,8
2024-12-05 09:00:00,1.66,4.923076923076923,50.4,31.7,63.49,82.5,95.0,4.1,3.9,13.0,CENTRO,9
2024-12-05 10:00:00,1.76,5.0,55.9,31.1,61.1,87.2,93.0,4.1,5.9,13.0,CENTRO,10
2024-12-05 11:00:00,1.7,6.0,51.6,33.5,71.93,85.4,92.0,4.0,3.9,2.0,CENTRO,11
2024-12-05 12:00:00,1.79,6.0,53.5,40.8,88.15,94.5,111.0,4.3,5.3,2.0,CENTRO,12
2024-12-05 13:00:00,1.84,9.0,45.7,42.6,97.93,88.6,113.0,4.4,4.8,4.0,CENTRO,13
2024-12-05 14:00:00,1.84,17.0,33.4,45.9,87.02,79.5,124.0,5.1,5.5,88.0,CENTRO,14
2024-12-05 15:00:00,1.14,26.0,10.9,25.2,40.75,36.4,110.0,6.0,8.7,42.0,CENTRO,15
2024-12-05 16:00:00,1.02,26.0,5.3,17.8,25.71,23.3,69.0,5.0,11.3,17.0,CENTRO,16
2024-12-05 17:00:00,1.0,24.0,4.8,17.7,24.18,22.7,51.0,4.6,12.7,12.0,CENTRO,17
2024-12-05 18:00:00,1.06,19.0,4.4,21.6,22.99,26.2,47.0,4.3,10.3,22.0,CENTRO,18
2024-12-05 19:00:00,1.05,17.0,3.9,21.6,18.41,25.8,45.0,4.1,9.3,16.0,CENTRO,19
2024-12-05 20:00:00,1.01,20.0,3.0,18.9,16.48,22.1,44.0,3.9,7.6,22.0,CENTRO,20
2024-12-05 21:00:00,1.08,16.0,2.7,21.9,14.58,24.8,40.0,3.8,4.3,54.0,CENTRO,21
2024-12-05 22:00:00,1.09,11.0,2.9,24.2,16.05,27.3,34.0,3.9,3.3,270.0,CENTRO,22
2024-12-05 23:00:00,1.12,10.0,3.1,23.6,17.61,26.9,30.0,3.8,3.6,25.0,CENTRO,23
2024-12-06 00:00:00,1.2,10.0,3.1,20.5,13.42,23.8,31.0,3.7,5.4,18.0,CENTRO,0
2024-12-06 01:00:00,1.03,9.0,3.1,18.8,10.66,22.1,28.0,3.8,4.4,14.0,CENTRO,1
2024-12-06 02:00:00,1.04,7.0,3.6,20.9,12.15,24.7,28.0,3.8,5.0,1.0,CENTRO,2
2024-12-06 03:00:00,1.03,19.0,2.4,11.6,11.57,14.1,24.0,3.8,2.8,51.0,CENTRO,3
2024-12-06 04:00:00,0.99,26.0,2.4,5.4,7.44,8.0,24.0,3.8,3.5,99.0,CENTRO,4
2024-12-06 05:00:00,1.12,26.0,2.5,5.8,8.44,8.5,22.0,3.9,7.2,73.0,CENTRO,5
2024-12-06 06:00:00,1.1,23.0,2.5,9.0,8.3,11.7,19.0,3.8,7.0,58.0,CENTRO,6
2024-12-06 07:00:00,1.27,17.0,3.3,14.5,6.75,18.0,19.0,3.7,6.5,74.0,CENTRO,7
2024-12-06 08:00:00,1.32,6.0,13.3,19.4,7.48,33.0,19.0,3.9,7.0,23.0,CENTRO,8
2024-12-06 09:00:00,1.2225000000000001,5.25,13.85,14.674999999999999,20.79,28.724999999999998,15.75,3.525,6.275,21.5,CENTRO,9
2024-12-06 10:00:00,1.125,4.5,14.4,9.95,21.166,24.45,12.5,3.15,5.55,20.0,CENTRO,10
2024-12-06 11:00:00,1.0275,3.75,14.95,5.225,21.542,20.174999999999997,9.25,2.775,4.825,18.5,CENTRO,11
2024-12-06 12:00:00,0.93,3.0,15.5,0.5,21.918,15.9,6.0,2.4,4.1,17.0,CENTRO,12
2024-12-06 13:00:00,1.44,9.0,13.9,17.1,22.294,31.4,11.0,4.1,9.7,20.0,CENTRO,13
2024-12-06 14:00:00,1.55,11.0,13.5,18.1,22.67,31.8,16.0,4.1,10.3,15.0,CENTRO,14
2024-12-06 15:00:00,1.39,9.0,13.3,19.0,17.715,32.5,21.0,4.0,8.2,12.0,CENTRO,15
2024-12-06 16:00:00,1.57,6.0,15.9,21.2,12.76,37.5,18.0,3.9,7.7,14.0,CENTRO,16
2024-12-06 17:00:00,1.6633333333333333,5.777777777777778,15.28888888888889,20.155555555555555,12.52,35.7,17.90909090909091,4.088888888888889,7.766666666666667,12.88888888888889,CENTRO,17
2024-12-06 18:00:00,1.7566666666666668,5.555555555555555,14.677777777777779,19.11111111111111,12.662749999999999,33.9,17.818181818181817,4.277777777777778,7.833333333333334,11.777777777777779,CENTRO,18
2024-12-06 19:00:00,1.85,5.333333333333333,14.066666666666666,18.066666666666666,12.8055,32.1,17.727272727272727,4.466666666666667,7.9,10.666666666666666,CENTRO,19
2024-12-06 20:00:00,1.9433333333333334,5.111111111111112,13.455555555555556,17.022222222222222,12.94825,30.3,17.636363636363637,4.655555555555555,7.966666666666667,9.555555555555555,CENTRO,20
2024-12-06 21:00:00,2.0366666666666666,4.888888888888889,12.844444444444445,15.977777777777778,13.091,28.5,46.0,4.844444444444444,8.033333333333333,8.444444444444445,CENTRO,21
2024-12-06 22:00:00,2.13,4.666666666666667,12.233333333333334,14.933333333333334,16.29,26.7,45.0,5.033333333333333,8.100000000000001,7.333333333333333,CENTRO,22
2024-12-06 23:00:00,2.2233333333333336,4.444444444444445,11.622222222222222,13.88888888888889,16.08,24.9,17.363636363636363,5.222222222222222,8.166666666666668,6.222222222222222,CENTRO,23
2024-12-07 00:00:00,2.316666666666667,4.222222222222222,11.011111111111111,12.844444444444445,16.0,23.1,17.272727272727273,5.4111111111111105,8.233333333333334,5.111111111111111,CENTRO,0
2024-12-07 01:00:00,2.41,4.0,10.4,11.8,16.0,21.3,17.181818181818183,5.6,8.3,4.0,CENTRO,1
2024-12-07 02:00:00,1.3,7.0,5.6,17.6,16.54,23.4,17.09090909090909,3.9,9.2,6.0,CENTRO,2
2024-12-07 03:00:00,1.77,8.0,5.8,18.6,16.8,24.6,17.0,3.9,7.8,8.0,CENTRO,3
2024-12-07 04:00:00,1.57,10.0,2.3,13.7,17.91,16.2,15.0,3.7,6.2,29.0,CENTRO,4
2024-12-07 05:00:00,1.68,9.0,2.3,13.4,18.58,15.9,15.0,3.7,4.6,54.0,CENTRO,5
2024-12-07 06:00:00,2.03,8.0,3.5,15.8,19.46,19.4,14.0,3.8,3.2,58.0,CENTRO,6
2024-12-07 07:00:00,1.99,4.0,15.5,18.5,20.869999999999997,34.3,16.0,4.0,4.7,101.0,CENTRO,7
2024-12-07 08:00:00,2.03,4.0,20.3,18.6,22.875,39.2,21.0,4.0,4.3,73.0,CENTRO,8
2024-12-07 09:00:00,2.49,4.0,27.8,19.7,24.189999999999998,47.7,23.0,3.9,3.7,36.0,CENTRO,9
2024-12-07 10:00:00,2.43,5.0,43.8,19.6,24.855,63.8,35.0,4.1,4.7,86.0,CENTRO,10
2024-12-07 11:00:00,2.45,5.0,58.8,21.0,27.284999999999997,80.1,50.0,4.8,5.0,67.0,CENTRO,11
2024-12-07 12:00:00,2.42,6.0,70.4,22.4,27.89,93.1,70.0,6.2,3.8,70.0,CENTRO,12
2024-12-07 13:00:00,2.37,6.0,52.0,23.5,25.137999999999998,75.9,73.0,6.1,4.2,85.0,CENTRO,13
2024-12-07 14:00:00,2.35,7.0,36.0,25.2,21.83,61.3,56.0,4.8,5.7,61.0,CENTRO,14
2024-12-07 15:00:00,2.28,6.0,30.3,26.2,20.25,56.6,44.0,4.6,6.8,82.0,CENTRO,15
2024-12-07 16:00:00,2.31,6.0,29.8,25.8,19.0,55.7,47.0,4.6,6.4,89.0,CENTRO,16
2024-12-07 17:00:00,2.33,5.0,28.7,25.7,17.744999999999997,54.5,54.0,4.1,6.5,81.0,CENTRO,17
2024-12-07 18:00:00,2.35,4.0,32.8,21.9,17.0,54.9,58.0,4.2,6.6,62.0,CENTRO,18
2024-12-07 19:00:00,2.09,4.0,22.2,15.2,16.525,37.7,48.0,4.0,5.6,75.0,CENTRO,19
2024-12-07 20:00:00,2.17,4.0,32.9,14.9,16.0,47.9,33.0,4.2,4.7,78.0,CENTRO,20
2024-12-07 21:00:00,2.14,4.066666666666666,37.5,14.5,16.31,52.3,33.0,4.4,4.4,48.0,CENTRO,21
2024-12-07 22:00:00,2.09,4.133333333333334,23.7,14.1,16.29,38.1,40.0,4.2,4.5,54.0,CENTRO,22
2024-12-07 23:00:00,2.04,4.2,24.5,14.4,16.08,39.2,33.0,4.3,4.1,15.0,CENTRO,23
2024-12-08 00:00:00,1.99,4.266666666666667,17.7,13.0,16.0,31.0,42.0,4.2,4.2,43.0,CENTRO,0
2024-12-08 01:00:00,1.99,18.5,35.6,13.3,16.0,49.2,34.0,4.5,3.1,352.0,CENTRO,1
2024-12-08 02:00:00,2.03,18.0,23.0,14.5,16.54,37.8,45.0,4.3,2.9,11.0,CENTRO,2
2024-12-08 03:00:00,2.18,17.0,20.7,15.6,16.8,36.6,39.0,4.2,2.5,80.0,CENTRO,3
2024-12-08 04:00:00,2.26,15.0,27.3,15.0,17.91,42.5,39.0,4.2,2.1,252.0,CENTRO,4
2024-12-08 05:00:00,2.34,13.0,35.9,14.1,18.58,50.2,40.0,4.1,1.8,240.0,CENTRO,5
2024-12-08 06:00:00,2.37,11.25,41.5,13.0,19.46,54.7,45.0,4.2,1.9,156.0,CENTRO,6
2024-12-08 07:00:00,2.46,4.733333333333333,53.1,12.8,20.869999999999997,66.3,49.0,4.2,1.8,76.0,CENTRO,7
2024-12-08 08:00:00,2.57,4.8,59.4,12.5,22.875,72.4,50.0,4.3,2.1,77.0,CENTRO,8
2024-12-08 09:00:00,2.56,4.866666666666666,55.1,12.6,24.189999999999998,68.1,52.0,4.3,2.9,55.0,CENTRO,9
2024-12-08 10:00:00,2.44,4.933333333333334,42.3,13.3,24.855,55.9,43.0,4.2,2.9,325.0,CENTRO,10
2024-12-08 11:00:00,2.61,5.0,53.5,15.7,27.284999999999997,69.6,37.0,4.3,3.0,65.0,CENTRO,11
2024-12-08 12:00:00,2.88,5.0,62.7,19.4,27.89,82.5,43.0,4.4,4.3,7.0,CENTRO,12
2024-12-08 13:00:00,3.08,5.0,90.6,25.5,25.137999999999998,116.5,52.0,4.9,4.0,13.0,CENTRO,13
2024-12-08 14:00:00,3.65,4.8,104.7,33.7,21.83,138.7,73.0,5.6,4.6,39.0,CENTRO,14
2024-12-08 15:00:00,3.76,4.6,97.8,37.4,20.25,135.5,90.0,5.3,3.8,358.0,CENTRO,15
2024-12-08 16:00:00,4.11,4.4,110.1,42.1,19.0,152.6,89.0,5.3,4.5,72.0,CENTRO,16
2024-12-08 17:00:00,4.58,4.2,129.1,46.9,17.744999999999997,176.3,106.0,5.3,5.2,358.0,CENTRO,17
2024-12-08 18:00:00,4.81,4.0,135.2,40.0,17.0,175.6,121.0,5.4,4.3,210.0,CENTRO,18
2024-12-08 19:00:00,4.17,4.0,100.7,40.4,16.525,141.4,122.0,5.0,4.2,210.0,CENTRO,19
2024-12-08 20:00:00,4.18,4.0,104.3,33.7,16.0,138.3,99.0,5.1,6.0,192.0,CENTRO,20
2024-12-08 21:00:00,5.35,5.0,196.4,33.6,16.31,230.2,90.0,6.0,4.2,15.0,CENTRO,21
2024-12-08 22:00:00,5.49,5.0,192.9,27.5,16.29,220.6,158.0,5.9,3.6,288.0,CENTRO,22
2024-12-08 23:00:00,5.03,4.0,165.6,30.0,16.08,195.8,160.0,5.6,5.0,224.0,CENTRO,23
2024-12-09 00:00:00,5.16,4.0,173.9,28.3,16.0,202.5,125.0,5.6,5.2,95.0,CENTRO,0
2024-12-09 01:00:00,4.74,4.0,147.9,25.4,16.0,173.6,118.0,5.5,4.6,225.0,CENTRO,1
2024-12-09 02:00:00,4.28,4.125,117.4,24.2,16.54,142.0,95.0,5.2,4.7,133.0,CENTRO,2
2024-12-09 03:00:00,4.24,4.25,118.1,21.4,16.8,139.9,83.0,5.1,3.6,250.0,CENTRO,3
2024-12-09 04:00:00,3.31,4.375,60.8,19.9,17.91,81.1,73.0,4.7,3.4,282.0,CENTRO,4
2024-12-09 05:00:00,2.98,4.5,41.6,19.9,18.58,61.8,45.0,4.5,3.3,176.0,CENTRO,5
2024-12-09 06:00:00,2.71,4.625,29.9,22.3,19.46,52.4,42.0,4.7,3.2,273.0,CENTRO,6
2024-12-09 07:00:00,2.81,4.75,54.6,22.5,20.869999999999997,77.4,42.0,4.8,5.0,259.0,CENTRO,7
2024-12-09 08:00:00,2.73,4.875,43.4,27.3,22.875,70.9,42.0,5.6,8.1,220.0,CENTRO,8
2024-12-09 09:00:00,2.86,5.0,49.6,31.1,24.189999999999998,80.9,54.0,7.2,8.3,225.0,CENTRO,9
2024-12-09 10:00:00,3.04,6.0,57.4,34.9,24.855,92.7,70.0,6.7,5.0,160.0,CENTRO,10
2024-12-09 11:00:00,2.85,12.0,36.6,40.8,27.284999999999997,77.6,66.0,7.7,5.6,172.0,CENTRO,11
2024-12-09 12:00:00,2.54,24.0,15.4,27.4,27.89,43.0,66.0,6.7,4.5,79.0,CENTRO,12
2024-12-09 13:00:00,2.31,32.0,7.3,14.3,25.137999999999998,21.8,44.0,5.2,4.4,65.0,CENTRO,13
2024-12-09 14:00:00,2.34,38.0,6.3,14.0,21.83,20.5,29.0,4.8,5.5,150.0,CENTRO,14
2024-12-09 15:00:00,2.38,40.0,5.7,15.9,20.25,21.9,31.0,4.6,7.5,138.0,CENTRO,15
2024-12-09 16:00:00,2.4,48.0,4.9,16.1,19.0,21.2,31.0,4.6,8.5,123.0,CENTRO,16
2024-12-09 17:00:00,2.45,42.0,4.4,17.6,17.744999999999997,22.2,33.0,4.6,7.8,103.0,CENTRO,17
2024-12-09 18:00:00,2.7,19.0,10.4,29.4,17.0,40.0,28.0,4.4,4.7,96.0,CENTRO,18
2024-12-09 19:00:00,2.96,10.0,15.3,37.5,16.525,53.0,35.0,4.3,1.8,193.0,CENTRO,19
2024-12-09 20:00:00,3.42,4.0,41.0,43.2,16.0,84.4,35.0,4.4,2.2,300.0,CENTRO,20
2024-12-09 21:00:00,3.21,4.0,32.0,41.4,23.369,73.6,52.0,4.3,2.6,274.0,CENTRO,21
2024-12-09 22:00:00,3.4,4.0,53.1,38.7,23.51175,92.1,63.0,4.5,1.8,239.0,CENTRO,22
2024-12-09 23:00:00,3.7,4.285714285714286,78.8,37.1,23.6545,116.2,79.0,4.7,2.2,237.0,CENTRO,23
2024-12-10 00:00:00,3.2,4.571428571428571,55.1,36.5,23.797250000000002,91.8,76.0,5.4,4.3,217.0,CENTRO,0
2024-12-10 01:00:00,2.83,4.857142857142857,37.7,35.6,23.94,73.5,71.0,6.3,4.6,251.0,CENTRO,1
2024-12-10 02:00:00,2.88,5.142857142857143,47.4,31.8,23.26,79.6,66.0,5.7,1.8,1.0,CENTRO,2
2024-12-10 03:00:00,2.59,5.428571428571429,22.9,31.6,18.2,54.6,57.0,5.7,2.5,34.0,CENTRO,3
2024-12-10 04:00:00,2.46,5.714285714285714,11.7,29.4,15.19,41.2,47.0,5.6,3.1,309.0,CENTRO,4
2024-12-10 05:00:00,2.37,6.0,5.5,27.5,13.5,33.2,43.0,6.0,2.9,340.0,CENTRO,5
2024-12-10 06:00:00,2.39,6.0,9.7,28.1,14.31,38.0,45.0,5.9,3.4,286.0,CENTRO,6
2024-12-10 07:00:00,2.57,4.0,29.2,28.5,15.02,57.9,50.0,5.7,3.6,228.0,CENTRO,7
2024-12-10 08:00:00,3.19,4.0,94.9,30.5,18.32,125.8,48.0,6.3,3.5,325.0,CENTRO,8
2024-12-10 09:00:00,3.69,5.0,116.0,33.1,21.53,149.4,73.0,6.4,2.7,346.0,CENTRO,9
2024-12-10 10:00:00,3.0,9.0,48.8,36.8,17.18,85.8,77.0,7.5,5.3,242.0,CENTRO,10
2024-12-10 11:00:00,2.76,17.0,30.4,35.4,18.63,66.0,69.0,9.1,5.1,346.0,CENTRO,11
2024-12-10 12:00:00,3.01,30.0,19.8,34.5,29.08,54.5,70.0,7.9,11.4,26.0,CENTRO,12
2024-12-10 13:00:00,2.42,36.0,7.6,13.6,10.92,21.5,76.0,6.1,13.3,26.0,CENTRO,13
2024-12-10 14:00:00,2.43,34.0,8.4,17.2,14.47,25.8,70.0,5.5,13.2,49.0,CENTRO,14
2024-12-10 15:00:00,2.49,30.0,9.4,19.2,18.67,28.9,79.0,5.3,13.9,57.0,CENTRO,15
2024-12-10 16:00:00,2.44,31.0,7.8,18.1,19.45,26.2,85.0,5.0,14.7,58.0,CENTRO,16
2024-12-10 17:00:00,2.45,26.0,7.2,20.4,20.69,27.9,95.0,5.2,12.0,52.0,CENTRO,17
2024-12-10 18:00:00,2.42,22.0,5.7,21.9,17.78,27.9,97.0,5.3,11.8,51.0,CENTRO,18
2024-12-10 19:00:00,2.37,14.0,6.7,27.2,14.87,34.1,94.0,6.7,8.9,63.0,CENTRO,19
2024-12-10 20:00:00,2.35,16.0,5.0,24.1,13.92,29.4,74.0,5.7,9.6,70.0,CENTRO,20
2024-12-10 21:00:00,2.33,19.0,3.9,20.8,11.72,25.0,62.0,4.5,8.3,59.0,CENTRO,21
2024-12-10 22:00:00,2.29,24.0,3.3,16.6,9.8,20.2,56.0,4.3,8.6,62.0,CENTRO,22
2024-12-10 23:00:00,2.23,29.0,3.0,12.9,8.04,16.1,60.0,4.9,7.8,47.0,CENTRO,23
2024-12-11 00:00:00,2.16,23.0,3.0,18.9,9.12,22.0,49.0,7.0,8.4,81.0,CENTRO,0
2024-12-11 01:00:00,2.14,19.0,3.1,21.1,8.86,24.4,47.0,8.6,8.8,105.0,CENTRO,1
2024-12-11 02:00:00,2.14,20.0,2.7,19.2,8.48,22.1,41.0,7.7,6.7,90.0,CENTRO,2
2024-12-11 03:00:00,2.12,23.0,2.6,16.4,7.49,19.2,40.0,7.4,8.1,89.0,CENTRO,3
2024-12-11 04:00:00,2.08,24.0,2.6,15.1,6.86,17.9,35.0,7.1,8.6,100.0,CENTRO,4
2024-12-11 05:00:00,2.13,21.0,2.75,18.2,7.6,21.15,32.0,7.2,8.1,89.0,CENTRO,5
2024-12-11 06:00:00,2.11,17.0,2.9,21.3,7.81,24.4,35.0,7.5,6.7,101.0,CENTRO,6
2024-12-11 07:00:00,2.23,10.0,6.2,28.4,9.84,34.8,33.0,6.3,6.6,110.0,CENTRO,7
2024-12-11 08:00:00,2.32,10.0,8.0,30.6,11.32,38.8,37.0,6.8,6.4,105.0,CENTRO,8
2024-12-11 09:00:00,2.31,16.0,12.5,25.0,10.66,37.7,37.0,7.7,7.4,94.0,CENTRO,9
2024-12-11 10:00:00,2.33,18.0,20.8,25.5,15.06,46.4,40.0,11.7,6.8,68.0,CENTRO,10
2024-12-11 11:00:00,2.31,26.0,14.8,21.2,15.19,36.2,53.0,7.9,7.0,56.0,CENTRO,11
2024-12-11 12:00:00,2.3,31.0,10.8,18.7,13.5,29.8,45.0,5.7,8.4,74.0,CENTRO,12
2024-12-11 13:00:00,2.33,34.0,11.6,20.1,15.63,31.9,49.0,6.5,9.9,60.0,CENTRO,13
2024-12-11 14:00:00,2.21,42.0,7.2,14.4,12.52,21.9,55.0,4.4,12.9,54.0,CENTRO,14
2024-12-11 15:00:00,2.18,43.0,5.6,11.3,7.68,17.2,52.0,4.1,14.7,76.0,CENTRO,15
2024-12-11 16:00:00,2.17,46.0,4.7,11.4,6.99,16.4,42.0,6.8,12.5,83.0,CENTRO,16
2024-12-11 17:00:00,2.19,43.0,4.5,12.7,7.79,17.4,35.0,6.0,13.8,79.0,CENTRO,17
2024-12-11 18:00:00,2.24,35.0,4.1,15.9,7.02,20.2,43.0,4.5,14.2,68.0,CENTRO,18
2024-12-11 19:00:00,2.25,31.0,3.0,17.2,5.91,20.4,35.0,4.1,9.8,101.0,CENTRO,19
2024-12-11 20:00:00,2.18,34.0,2.7,13.4,5.41,16.3,26.0,4.0,9.9,103.0,CENTRO,20
2024-12-11 21:00:00,2.14,35.0,2.7,11.3,5.52,14.2,24.0,3.8,10.5,107.0,CENTRO,21
2024-12-11 22:00:00,2.12,34.0,2.5,10.25,5.71,13.0,25.0,3.9,9.7,99.0,CENTRO,22
2024-12-11 23:00:00,2.1,35.0,2.3,9.2,5.9,11.8,23.0,3.8,8.8,106.0,CENTRO,23
2024-12-12 00:00:00,2.08,37.0,2.2,7.6,4.48,10.0,20.0,3.8,8.0,111.0,CENTRO,0
2024-12-12 01:00:00,2.12,30.0,2.3,12.6,6.14,15.1,20.0,4.1,5.9,41.0,CENTRO,1
2024-12-12 02:00:00,2.19,9.0,7.2,33.5,14.14,40.9,24.0,8.5,6.4,354.0,CENTRO,2
2024-12-12 03:00:00,2.32,7.0,3.3,34.2,17.07,37.7,44.0,4.7,4.5,311.0,CENTRO,3
2024-12-12 04:00:00,2.29,8.0,3.1,31.6,15.59,34.9,49.0,4.8,5.5,313.0,CENTRO,4
2024-12-12 05:00:00,2.31,8.0,3.1,30.2,16.74,33.5,47.0,5.1,5.5,313.0,CENTRO,5
2024-12-12 06:00:00,2.27,8.0,3.4,29.1,15.8,32.7,44.0,4.8,4.2,329.0,CENTRO,6
2024-12-12 07:00:00,2.34,6.0,11.3,30.1,14.96,41.6,42.0,4.5,2.6,340.0,CENTRO,7
2024-12-12 08:00:00,2.59,5.0,32.3,32.7,18.59,65.2,45.0,4.8,3.1,5.0,CENTRO,8
2024-12-12 09:00:00,2.75,11.0,31.3,31.2,24.87,62.6,53.0,6.4,3.8,9.0,CENTRO,9
2024-12-12 10:00:00,2.97,17.0,27.6,30.0,28.78,57.8,52.0,9.0,4.0,33.0,CENTRO,10
2024-12-12 11:00:00,2.89,20.0,27.1,30.8,30.94,58.1,63.0,10.6,4.9,20.0,CENTRO,11
2024-12-12 12:00:00,2.91,21.0,30.8,38.2,39.44,69.2,75.0,11.3,6.8,6.0,CENTRO,12
2024-12-12 13:00:00,2.55,24.0,26.5,36.6,35.56,63.3,89.0,14.7,5.7,44.0,CENTRO,13
2024-12-12 14:00:00,2.53,33.0,15.1,31.0,36.51,46.3,79.0,8.5,6.8,67.0,CENTRO,14
2024-12-12 15:00:00,2.32,42.0,6.7,16.3,17.59,23.2,56.0,6.0,7.7,38.0,CENTRO,15
2024-12-12 16:00:00,2.29,42.0,5.3,13.6,10.33,19.1,41.0,5.1,9.7,86.0,CENTRO,16
2024-12-12 17:00:00,2.4,33.0,6.7,19.9,12.49,26.9,40.0,6.1,9.5,44.0,CENTRO,17
2024-12-12 18:00:00,2.5,23.0,5.5,27.0,13.17,32.7,44.0,7.0,8.5,56.0,CENTRO,18
2024-12-12 19:00:00,2.64,10.0,8.3,35.7,16.09,44.2,46.0,8.3,7.3,45.0,CENTRO,19
2024-12-12 20:00:00,2.75,5.0,16.2,37.1,20.96,53.6,68.0,7.7,4.8,25.0,CENTRO,20
2024-12-12 21:00:00,2.96,4.0,33.1,38.3,29.66,71.5,100.0,6.1,3.0,288.0,CENTRO,21
2024-12-12 22:00:00,2.94,4.0,21.9,35.9,25.05,58.0,105.0,5.6,3.4,242.0,CENTRO,22
2024-12-12 23:00:00,2.98,4.0,30.9,34.7,25.92,65.8,61.0,5.3,1.8,224.0,CENTRO,23
2024-12-13 00:00:00,2.95,4.1,45.0,34.9,31.9,80.2,53.0,5.5,3.0,228.0,CENTRO,0
2024-12-13 01:00:00,2.92,4.2,47.4,34.2,32.1,81.9,62.0,5.5,2.3,226.0,CENTRO,1
2024-12-13 02:00:00,2.85,4.3,55.2,33.8,35.87,89.3,65.0,5.7,3.0,264.0,CENTRO,2
2024-12-13 03:00:00,2.72,4.4,43.0,32.2,36.78,75.4,71.0,5.4,4.0,223.0,CENTRO,3
2024-12-13 04:00:00,2.61,15.0,35.7,30.8,34.96,66.7,72.0,5.3,3.3,247.0,CENTRO,4
2024-12-13 05:00:00,2.54,4.6,28.7,27.8,30.08,56.6,70.0,5.0,2.6,222.0,CENTRO,5
2024-12-13 06:00:00,2.52,4.7,25.0,26.0,28.87,51.1,55.0,4.8,1.8,273.0,CENTRO,6
2024-12-13 07:00:00,2.63,4.8,47.9,27.5,30.72,75.6,51.0,5.2,2.6,256.0,CENTRO,7
2024-12-13 08:00:00,2.86,4.9,59.2,29.2,31.72,88.7,67.0,5.5,3.0,278.0,CENTRO,8
2024-12-13 09:00:00,3.15,5.0,87.4,33.9,42.84,121.6,69.0,6.1,4.7,220.0,CENTRO,9
2024-12-13 10:00:00,3.08,8.0,69.0,40.1,44.28,109.4,88.0,6.7,3.0,332.0,CENTRO,10
2024-12-13 11:00:00,3.31,15.0,36.6,40.8,44.27,77.6,88.0,8.6,4.5,8.0,CENTRO,11
2024-12-13 12:00:00,3.7,18.0,38.0,48.7,60.94,86.9,84.0,10.8,4.7,1.0,CENTRO,12
2024-12-13 13:00:00,3.11,21.0,39.7,53.1,61.21,93.1,114.0,15.3,5.8,65.0,CENTRO,13
2024-12-13 14:00:00,3.03,37.0,17.1,47.8,61.33,65.1,107.0,9.6,7.7,57.0,CENTRO,14
2024-12-13 15:00:00,2.88,39.0,14.6,40.6,52.82,55.4,103.0,8.3,8.9,46.0,CENTRO,15
2024-12-13 16:00:00,2.7,43.0,8.8,29.0,33.74,38.0,87.0,7.6,6.7,38.0,CENTRO,16
2024-12-13 17:00:00,2.69,43.0,6.4,26.6,27.23,33.2,70.0,6.6,5.6,61.0,CENTRO,17
2024-12-13 18:00:00,2.6,43.0,3.9,22.1,20.6,26.2,55.0,5.7,5.9,88.0,CENTRO,18
2024-12-13 19:00:00,2.7,34.0,4.2,28.6,22.56,33.1,47.0,5.2,4.7,80.0,CENTRO,19
2024-12-13 20:00:00,3.01,20.0,9.9,38.7,28.8,48.8,48.0,5.1,4.0,27.0,CENTRO,20
2024-12-13 21:00:00,3.66,4.0,54.8,48.1,50.26,103.2,67.0,5.2,4.0,311.0,CENTRO,21
2024-12-13 22:00:00,3.46,4.0,51.2,40.6,41.89,92.1,83.0,5.0,2.3,197.0,CENTRO,22
2024-12-13 23:00:00,3.57,4.0,65.4,41.8,42.09,107.5,75.0,5.0,2.0,220.0,CENTRO,23
2024-12-14 00:00:00,3.53,4.1,74.4,46.8,58.1,121.6,81.0,5.0,4.0,235.0,CENTRO,0
2024-12-14 01:00:00,3.54,4.2,80.2,42.7,60.75,123.1,101.0,5.0,2.5,240.0,CENTRO,1
2024-12-14 02:00:00,3.63,4.3,71.9,37.0,51.76,109.2,96.0,4.8,1.8,249.0,CENTRO,2
2024-12-14 03:00:00,3.24,4.4,57.5,36.4,50.23,94.2,76.0,4.6,1.8,187.0,CENTRO,3
2024-12-14 04:00:00,3.14,15.0,57.2,34.2,55.82,91.7,76.0,4.7,1.8,277.0,CENTRO,4
2024-12-14 05:00:00,2.86,4.6,21.0,30.9,44.17,52.1,80.0,4.4,2.5,285.0,CENTRO,5
2024-12-14 06:00:00,2.86,4.7,31.4,28.4,43.78,59.9,71.0,4.4,1.9,259.0,CENTRO,6
2024-12-14 07:00:00,2.84,4.8,31.9,26.0,42.81,58.0,67.0,4.3,1.8,242.0,CENTRO,7
2024-12-14 08:00:00,2.83,4.9,39.0,23.3,38.72,62.5,58.0,4.3,1.8,279.0,CENTRO,8
2024-12-14 09:00:00,3.2,5.0,67.9,29.4,43.07,97.6,59.0,4.6,3.9,275.0,CENTRO,9
2024-12-14 10:00:00,3.08,8.0,51.3,36.5,49.43,88.1,64.0,4.8,4.0,309.0,CENTRO,10
2024-12-14 11:00:00,2.71,20.0,15.6,23.7,35.97,39.4,75.0,4.9,5.7,322.0,CENTRO,11
2024-12-14 12:00:00,2.61,35.0,9.1,19.1,29.41,28.5,57.0,5.3,5.8,346.0,CENTRO,12
2024-12-14 13:00:00,2.7,42.0,8.8,22.7,33.36,31.8,51.0,5.5,6.0,352.0,CENTRO,13
2024-12-14 14:00:00,2.85,41.0,10.5,30.4,40.71,41.1,64.0,6.5,6.7,25.0,CENTRO,14
2024-12-14 15:00:00,2.79,56.0,7.5,28.8,42.92,36.5,87.0,7.2,7.8,49.0,CENTRO,15
2024-12-14 16:00:00,2.87,67.0,5.6,28.5,47.38,34.3,85.0,6.2,9.6,46.0,CENTRO,16
2024-12-14 17:00:00,2.77,64.0,4.2,23.0,36.75,27.4,79.0,6.0,6.5,53.0,CENTRO,17
2024-12-14 18:00:00,2.7,45.0,3.4,21.7,27.7,25.3,58.0,5.3,7.4,79.0,CENTRO,18
2024-12-14 19:00:00,2.64,15.0,4.2,27.3,21.07,31.6,50.0,5.1,7.7,35.0,CENTRO,19
2024-12-14 20:00:00,2.76,7.0,5.7,30.6,20.61,36.5,69.0,5.1,4.9,53.0,CENTRO,20
2024-12-14 21:00:00,2.84,5.0,8.3,30.4,20.68,38.9,104.0,5.1,2.6,340.0,CENTRO,21
2024-12-14 22:00:00,2.99,3.0,15.1,30.4,22.93,45.7,120.0,4.9,2.0,275.0,CENTRO,22
2024-12-14 23:00:00,3.02,3.0,26.8,30.6,26.93,57.6,98.0,4.8,2.1,287.0,CENTRO,23
2024-12-15 00:00:00,2.86,7.0,7.0,27.4,24.91,34.5,65.0,4.7,7.1,42.0,CENTRO,0
2024-12-15 01:00:00,2.58,12.0,3.4,17.2,17.32,20.8,51.0,4.5,5.2,39.0,CENTRO,1
2024-12-15 02:00:00,2.61,4.0,5.2,22.5,22.95,27.9,41.0,4.5,2.2,306.0,CENTRO,2
2024-12-15 03:00:00,2.72,3.0,9.3,21.2,19.48,30.7,40.0,4.5,2.4,5.0,CENTRO,3
2024-12-15 04:00:00,2.75,3.0,12.3,22.8,28.2,35.3,42.0,4.5,3.7,42.0,CENTRO,4
2024-12-15 05:00:00,2.67,4.0,9.8,22.2,33.13,32.2,52.0,4.4,4.2,16.0,CENTRO,5
2024-12-15 06:00:00,2.52,4.0,7.2,19.6,46.79,27.0,59.0,4.5,5.1,58.0,CENTRO,6
2024-12-15 07:00:00,2.52,7.0,4.4,16.2,48.34,20.9,71.0,4.8,2.3,22.0,CENTRO,7
2024-12-15 08:00:00,2.49,6.0,5.3,18.4,36.0,24.0,62.0,4.6,1.8,53.0,CENTRO,8
2024-12-15 09:00:00,2.53,5.0,10.2,18.9,37.17,29.3,52.0,4.6,1.8,53.0,CENTRO,9
2024-12-15 10:00:00,2.66,7.0,11.4,18.7,36.72,30.4,53.0,4.4,1.8,64.0,CENTRO,10
2024-12-15 11:00:00,2.82,11.0,8.1,17.8,53.57,26.1,63.0,4.5,2.0,25.0,CENTRO,11
2024-12-15 12:00:00,2.81,16.0,10.3,18.6,46.27,29.2,75.0,4.7,2.2,42.0,CENTRO,12
2024-12-15 13:00:00,2.86,15.0,14.3,23.4,52.45,37.9,81.0,5.0,8.5,64.0,CENTRO,13
2024-12-15 14:00:00,2.67,18.0,10.4,24.4,49.01,35.0,85.0,5.5,8.8,55.0,CENTRO,14
2024-12-15 15:00:00,2.65,33.0,7.1,20.7,45.51,28.0,83.0,6.3,6.0,11.0,CENTRO,15
2024-12-15 16:00:00,2.58,37.0,5.5,16.6,32.1,22.3,67.0,6.0,4.5,48.0,CENTRO,16
2024-12-15 17:00:00,2.57,37.0,3.6,13.5,24.41,17.2,49.0,5.2,2.8,290.0,CENTRO,17
2024-12-15 18:00:00,2.51,30.0,2.9,11.3,20.7,14.4,43.0,4.8,6.5,113.0,CENTRO,18
2024-12-15 19:00:00,2.53,27.0,2.5,12.0,21.08,14.7,41.0,4.4,4.6,87.0,CENTRO,19
2024-12-15 20:00:00,2.6,18.0,2.8,15.4,24.73,18.4,39.0,4.3,2.6,59.0,CENTRO,20
2024-12-15 21:00:00,2.75,13.0,2.9,19.8,29.25,23.0,40.0,4.1,3.0,301.0,CENTRO,21
2024-12-15 22:00:00,3.33,4.0,15.6,33.3,41.725,49.1,40.0,4.2,4.5,285.0,CENTRO,22
2024-12-15 23:00:00,3.42,4.0,20.7,30.7,54.2,51.6,70.0,4.3,2.8,259.0,CENTRO,23
2024-12-16 00:00:00,2.94,4.0,14.5,28.8,35.06,43.6,70.0,4.2,5.9,332.0,CENTRO,0
2024-12-16 01:00:00,2.72,5.0,6.3,25.3,24.87,31.8,50.0,4.2,5.2,318.0,CENTRO,1
2024-12-16 02:00:00,2.59,7.0,3.6,17.7,25.48,21.4,47.0,4.2,2.7,293.0,CENTRO,2
2024-12-16 03:00:00,2.53,9.0,3.1,15.2,27.1,18.4,46.0,4.2,2.4,292.0,CENTRO,3
2024-12-16 04:00:00,2.69,6.0,6.2,20.3,34.12,26.7,41.0,4.4,5.5,237.0,CENTRO,4
2024-12-16 05:00:00,2.66,6.0,9.1,20.3,39.1,29.7,51.0,4.6,4.6,228.0,CENTRO,5
2024-12-16 06:00:00,2.66,5.0,8.3,21.2,43.55,29.7,63.0,4.7,5.7,221.0,CENTRO,6
2024-12-16 07:00:00,2.57,7.0,6.8,18.9,41.51,25.9,66.0,4.7,6.9,232.0,CENTRO,7
2024-12-16 08:00:00,2.68,5.0,15.0,20.6,38.8,35.9,68.0,4.7,2.7,267.0,CENTRO,8
2024-12-16 09:00:00,2.91,4.0,31.3,21.7,46.31,53.3,65.0,4.7,2.2,264.0,CENTRO,9
2024-12-16 10:00:00,3.07,4.0,45.9,23.7,53.5,69.8,76.0,4.6,2.0,209.0,CENTRO,10
2024-12-16 11:00:00,3.0,5.0,31.6,24.2,55.21,56.0,92.0,4.4,2.9,253.0,CENTRO,11
2024-12-16 12:00:00,2.85,7.0,19.3,24.4,42.48,43.8,89.0,4.3,3.7,344.0,CENTRO,12
2024-12-16 13:00:00,2.91,8.0,20.0,27.0,42.12,47.1,77.0,4.3,4.6,40.0,CENTRO,13
2024-12-16 14:00:00,3.08,7.0,28.4,30.6,46.71,59.2,79.0,4.4,5.0,137.0,CENTRO,14
2024-12-16 15:00:00,2.8,14.0,11.2,24.1,45.51,35.5,79.0,4.3,3.6,91.0,CENTRO,15
2024-12-16 16:00:00,2.65,19.0,8.2,20.4,35.9,28.9,66.0,4.2,4.0,184.0,CENTRO,16
2024-12-16 17:00:00,2.83,18.0,8.0,21.6,33.45,29.9,58.0,4.3,2.4,247.0,CENTRO,17
2024-12-16 18:00:00,2.73,14.0,6.5,23.9,31.82,30.6,57.0,4.3,3.0,196.0,CENTRO,18
2024-12-16 19:00:00,3.33,4.0,30.3,31.1,37.0,61.6,54.0,4.4,2.3,188.0,CENTRO,19
2024-12-16 20:00:00,3.37,4.0,35.2,30.8,36.91,66.2,63.0,4.5,2.9,201.0,CENTRO,20
2024-12-16 21:00:00,3.19,4.0,35.3,29.3,33.49,64.8,59.0,4.4,2.6,209.0,CENTRO,21
2024-12-16 22:00:00,3.21,3.8,42.0,32.7,38.13,75.0,55.0,4.4,4.0,347.0,CENTRO,22
2024-12-16 23:00:00,3.06,3.6,36.0,32.0,41.36,68.3,73.0,4.3,2.8,98.0,CENTRO,23
2024-12-17 00:00:00,3.21,3.4,33.8,27.8,43.31,61.8,83.0,4.3,2.3,48.0,CENTRO,0
2024-12-17 01:00:00,2.94,3.2,28.3,25.2,37.09,53.6,69.0,4.1,1.8,283.0,CENTRO,1
2024-12-17 02:00:00,2.66,3.0,29.3,23.5,30.23,52.9,64.0,4.1,2.0,308.0,CENTRO,2
2024-12-17 03:00:00,2.63,5.0,17.7,24.3,30.15,42.1,62.0,4.0,3.1,25.0,CENTRO,3
2024-12-17 04:00:00,2.45,15.0,3.6,14.2,27.59,17.9,56.0,3.9,5.4,60.0,CENTRO,4
2024-12-17 05:00:00,2.4,18.0,3.1,9.5,19.98,12.8,45.0,4.0,5.0,67.0,CENTRO,5
2024-12-17 06:00:00,2.4,17.0,2.8,9.5,16.6,12.6,37.0,3.9,3.7,68.0,CENTRO,6
2024-12-17 07:00:00,2.57,8.0,7.2,19.5,20.88,26.8,35.0,4.0,6.2,72.0,CENTRO,7
2024-12-17 08:00:00,2.78,4.0,18.2,20.5,31.26,38.9,44.0,4.0,3.2,75.0,CENTRO,8
2024-12-17 09:00:00,2.86,5.0,16.1,21.3,29.34,37.6,46.0,4.0,1.8,41.0,CENTRO,9
2024-12-17 10:00:00,2.79,6.0,18.3,20.8,30.4,39.4,55.0,4.1,4.3,48.0,CENTRO,10
2024-12-17 11:00:00,2.74,10.0,16.5,20.4,34.4,37.2,59.0,4.6,7.8,47.0,CENTRO,11
2024-12-17 12:00:00,2.68,13.0,17.0,22.7,41.27,39.9,61.0,6.1,7.5,38.0,CENTRO,12
2024-12-17 13:00:00,2.61,23.0,9.0,18.1,34.62,27.3,66.0,6.7,9.2,44.0,CENTRO,13
2024-12-17 14:00:00,2.6,24.0,6.5,15.4,27.86,22.2,55.0,5.5,8.7,47.0,CENTRO,14
2024-12-17 15:00:00,2.55,27.0,5.6,13.3,28.32,19.2,49.0,5.0,7.8,56.0,CENTRO,15
2024-12-17 16:00:00,2.5,27.0,4.8,11.8,25.27,16.8,45.0,4.7,7.7,88.0,CENTRO,16
2024-12-17 17:00:00,2.48,27.0,4.1,10.3,21.51,14.6,42.0,4.6,8.7,96.0,CENTRO,17
2024-12-17 18:00:00,2.53,22.0,3.6,13.8,21.86,17.6,39.0,4.4,6.9,88.0,CENTRO,18
2024-12-17 19:00:00,2.61,17.0,3.7,17.4,21.39,21.2,44.0,4.3,6.6,78.0,CENTRO,19
2024-12-17 20:00:00,2.54,21.0,3.5,14.5,22.05,18.2,41.0,4.1,7.9,63.0,CENTRO,20
2024-12-17 21:00:00,2.71,8.0,5.2,23.8,24.25,29.1,41.0,4.1,3.2,313.0,CENTRO,21
2024-12-17 22:00:00,2.59,11.0,6.2,19.0,18.0,25.3,43.0,3.9,6.8,42.0,CENTRO,22
2024-12-17 23:00:00,2.48,11.0,3.5,15.4,9.9,19.1,36.0,4.0,3.0,2.0,CENTRO,23
2024-12-18 00:00:00,2.5,5.0,6.6,19.1,13.54,26.0,27.0,4.0,2.2,282.0,CENTRO,0
2024-12-18 01:00:00,2.53,4.0,5.6,20.7,14.62,26.6,34.0,4.0,2.1,267.0,CENTRO,1
2024-12-18 02:00:00,2.56,4.0,4.9,21.2,21.1,26.3,34.0,3.9,2.0,23.0,CENTRO,2
2024-12-18 03:00:00,2.49,9.0,2.8,14.2,16.41,17.2,44.0,4.0,1.8,93.0,CENTRO,3
2024-12-18 04:00:00,2.48,8.0,3.8,12.7,15.99,16.6,31.0,3.9,1.7,263.0,CENTRO,4
2024-12-18 05:00:00,2.48,4.0,9.4,18.8,25.71,28.4,34.0,4.1,3.3,251.0,CENTRO,5
2024-12-18 06:00:00,2.52,4.0,15.1,18.7,30.42,34.1,47.0,4.1,2.2,235.0,CENTRO,6
2024-12-18 07:00:00,2.62,4.0,27.2,18.5,32.83,45.9,57.0,4.1,1.8,236.0,CENTRO,7
2024-12-18 08:00:00,2.78,4.5,36.7,18.3,34.18,55.3,72.0,4.2,3.9,219.0,CENTRO,8
2024-12-18 09:00:00,2.91,5.0,50.3,20.4,34.26,71.0,72.0,4.4,2.7,227.0,CENTRO,9
2024-12-18 10:00:00,2.83,8.0,38.2,23.7,35.1,62.1,74.0,4.3,3.1,111.0,CENTRO,10
2024-12-18 11:00:00,2.84,16.0,19.0,22.3,38.08,41.5,70.0,4.3,4.6,17.0,CENTRO,11
2024-12-18 12:00:00,2.74,24.0,14.5,23.1,40.88,37.9,72.0,4.6,5.4,34.0,CENTRO,12
2024-12-18 13:00:00,2.57,38.0,7.0,14.8,28.4,22.0,63.0,4.6,5.8,60.0,CENTRO,13
2024-12-18 14:00:00,2.57,41.0,5.6,15.8,28.82,21.6,60.0,4.6,6.9,45.0,CENTRO,14
2024-12-18 15:00:00,2.5,35.0,4.5,14.3,23.69,18.9,62.0,4.6,7.1,36.0,CENTRO,15
2024-12-18 16:00:00,2.5,26.0,4.9,19.3,21.43,24.4,59.0,4.5,9.5,59.0,CENTRO,16
2024-12-18 17:00:00,2.53,22.0,5.1,18.8,19.34,24.1,56.0,4.4,9.6,47.0,CENTRO,17
2024-12-18 18:00:00,2.62,16.0,5.0,21.0,22.64,26.2,52.0,4.3,9.0,63.0,CENTRO,18
2024-12-18 19:00:00,2.57,10.0,5.8,20.2,18.24,26.2,50.0,4.2,10.5,354.0,CENTRO,19
2024-12-18 20:00:00,2.61,9.0,4.8,17.2,17.27,22.3,48.0,4.0,9.0,349.0,CENTRO,20
2024-12-18 21:00:00,2.42,14.0,3.2,11.6,17.99,15.0,43.0,4.0,9.2,18.0,CENTRO,21
2024-12-18 22:00:00,2.6,9.0,3.8,16.1,20.67,20.1,38.0,3.9,9.2,65.0,CENTRO,22
2024-12-18 23:00:00,2.51,10.0,3.5,17.1,17.4,20.8,36.0,4.0,7.4,62.0,CENTRO,23
2024-12-19 00:00:00,2.53,8.0,4.0,18.2,17.4,22.5,36.0,4.0,9.9,62.0,CENTRO,0
2024-12-19 01:00:00,2.43,15.0,2.5,11.7,14.04,14.4,44.0,4.0,7.5,36.0,CENTRO,1
2024-12-19 02:00:00,2.41,18.0,3.1,10.7,11.73,14.1,35.0,4.0,9.7,69.0,CENTRO,2
2024-12-19 03:00:00,2.36,15.0,2.4,15.5,13.15,18.0,34.0,4.0,7.9,75.0,CENTRO,3
2024-12-19 04:00:00,2.33,18.0,2.3,11.3,12.03,13.9,40.0,4.0,6.7,108.0,CENTRO,4
2024-12-19 05:00:00,2.46,16.0,2.6,14.7,14.44,17.4,33.0,4.0,4.3,138.0,CENTRO,5
2024-12-19 06:00:00,2.5,14.0,2.7,18.7,16.3,21.5,30.0,4.0,3.5,156.0,CENTRO,6
2024-12-19 07:00:00,2.42,11.0,4.9,21.4,15.08,26.5,32.0,4.1,4.1,110.0,CENTRO,7
2024-12-19 08:00:00,2.55,10.0,5.5,22.2,11.42,27.9,34.0,4.3,4.4,38.0,CENTRO,8
2024-12-19 09:00:00,2.81,10.0,9.4,24.7,13.78,34.4,37.0,4.5,4.3,75.0,CENTRO,9
2024-12-19 10:00:00,2.52,13.0,13.1,22.4,13.08,35.8,43.0,4.5,4.9,86.0,CENTRO,10
2024-12-19 11:00:00,2.66,13.0,23.6,26.9,20.49,50.7,48.0,5.5,6.6,69.0,CENTRO,11
2024-12-19 12:00:00,2.69,11.0,35.4,32.1,26.62,67.7,62.0,7.8,5.4,78.0,CENTRO,12
2024-12-19 13:00:00,2.69,15.0,31.6,31.8,28.65,63.6,66.0,8.8,4.7,21.0,CENTRO,13
2024-12-19 14:00:00,2.79,18.0,32.1,39.1,35.3,71.4,69.0,9.7,5.0,14.0,CENTRO,14
2024-12-19 15:00:00,2.73,29.0,18.8,37.1,34.57,56.1,85.0,9.2,6.4,61.0,CENTRO,15
2024-12-19 16:00:00,2.7,41.0,8.0,29.5,31.75,37.7,74.0,5.7,7.2,66.0,CENTRO,16
2024-12-19 17:00:00,2.58,33.0,6.0,20.5,22.46,26.6,61.0,4.7,8.5,63.0,CENTRO,17
2024-12-19 18:00:00,2.48,24.0,3.9,13.4,13.99,17.6,50.0,4.5,9.8,94.0,CENTRO,18
2024-12-19 19:00:00,2.41,27.0,2.9,11.3,13.37,14.4,35.0,4.2,10.3,104.0,CENTRO,19
2024-12-19 20:00:00,2.43,23.0,2.9,13.7,14.17,16.7,32.0,4.1,8.1,113.0,CENTRO,20
2024-12-19 21:00:00,2.44,22.0,2.8,13.5,15.66,16.5,30.0,4.1,8.2,109.0,CENTRO,21
2024-12-19 22:00:00,2.41,22.0,2.7,12.1,15.24,15.0,31.0,4.1,6.0,92.0,CENTRO,22
2024-12-19 23:00:00,2.52,9.0,3.8,17.4,14.52,21.4,30.0,3.9,1.9,134.0,CENTRO,23
2024-12-20 00:00:00,2.55,5.0,6.9,20.5,15.73,27.6,33.0,3.9,2.1,178.0,CENTRO,0
2024-12-20 01:00:00,2.57,4.0,7.8,18.4,17.01,26.5,33.0,4.0,1.8,314.0,CENTRO,1
2024-12-20 02:00:00,2.5,6.0,3.5,18.3,15.91,21.9,31.0,4.0,1.8,262.0,CENTRO,2
2024-12-20 03:00:00,2.49,5.0,4.3,24.5,18.72,29.0,32.0,3.9,1.8,280.0,CENTRO,3
2024-12-20 04:00:00,2.52,4.0,8.2,25.9,18.34,34.3,42.0,4.0,1.9,245.0,CENTRO,4
2024-12-20 05:00:00,2.53,4.0,11.4,23.7,22.01,35.4,39.0,4.0,1.9,286.0,CENTRO,5
2024-12-20 06:00:00,2.51,4.0,10.5,26.1,20.17,36.7,39.0,3.9,1.8,339.0,CENTRO,6
2024-12-20 07:00:00,2.69,4.666666666666667,49.9,29.1,33.99,79.2,47.0,4.3,1.8,327.0,CENTRO,7
2024-12-20 08:00:00,2.84,5.333333333333333,32.3,30.6,36.67,63.2,71.0,4.2,1.8,215.0,CENTRO,8
2024-12-20 09:00:00,2.94,6.0,33.6,33.7,37.18,67.6,70.0,4.8,2.0,299.0,CENTRO,9
2024-12-20 10:00:00,3.08,6.0,49.4,37.0,42.98,86.7,73.0,6.5,3.1,4.0,CENTRO,10
2024-12-20 11:00:00,3.61,7.0,46.9,39.4,57.27,86.6,78.0,7.4,6.7,13.0,CENTRO,11
2024-12-20 12:00:00,3.23,9.0,26.9,35.4,53.58,62.4,99.0,7.4,6.6,29.0,CENTRO,12
2024-12-20 13:00:00,2.82,10.0,20.3,33.3,33.69,53.8,101.0,6.7,7.1,69.0,CENTRO,13
2024-12-20 14:00:00,2.76,11.0,18.6,31.8,32.45,50.6,80.0,6.2,4.4,125.0,CENTRO,14
2024-12-20 15:00:00,2.79,9.0,17.8,33.0,40.19,51.0,70.0,6.2,4.9,134.0,CENTRO,15
2024-12-20 16:00:00,2.7,8.0,16.5,34.3,36.65,51.0,64.0,6.6,3.2,176.0,CENTRO,16
2024-12-20 17:00:00,2.72,8.0,11.3,35.1,31.04,46.6,61.0,6.6,4.5,16.0,CENTRO,17
2024-12-20 18:00:00,2.89,5.0,18.6,36.7,31.36,55.5,59.0,5.4,3.9,55.0,CENTRO,18
2024-12-20 19:00:00,2.65,7.0,11.6,33.6,17.75,45.4,51.0,4.7,5.3,17.0,CENTRO,19
2024-12-20 20:00:00,2.94,7.0,7.8,34.4,25.57,42.4,35.0,4.4,4.3,9.0,CENTRO,20
2024-12-20 21:00:00,3.27,4.0,16.7,36.0,32.36,52.9,36.0,4.4,5.5,12.0,CENTRO,21
2024-12-20 22:00:00,2.53,20.0,7.4,18.4,18.67,26.0,42.0,4.2,6.6,98.0,CENTRO,22
2024-12-20 23:00:00,2.43,19.0,3.7,18.1,13.47,22.0,31.0,4.2,6.2,85.0,CENTRO,23
2024-12-21 00:00:00,2.46,21.0,6.0,19.6,17.65,25.8,26.0,4.3,4.4,58.0,CENTRO,0
2024-12-21 01:00:00,2.23,28.0,2.3,11.3,13.48,13.7,25.0,4.3,2.6,224.0,CENTRO,1
2024-12-21 02:00:00,2.28,27.0,2.3,11.6,14.73,14.1,30.0,4.3,3.0,123.0,CENTRO,2
2024-12-21 03:00:00,2.26,31.0,2.1,6.5,13.47,8.9,29.0,4.8,2.2,295.0,CENTRO,3
2024-12-21 04:00:00,2.29,19.0,2.3,22.0,19.33,24.5,30.0,4.9,4.3,353.0,CENTRO,4
2024-12-21 05:00:00,2.47,31.0,2.2,10.7,18.39,13.0,32.0,4.6,3.4,320.0,CENTRO,5
2024-12-21 06:00:00,2.64,25.0,2.2,13.1,23.58,15.5,32.0,4.3,2.7,326.0,CENTRO,6
2024-12-21 07:00:00,2.4,22.0,2.4,15.7,15.47,18.2,31.0,4.1,5.3,62.0,CENTRO,7
2024-12-21 08:00:00,2.39,19.0,2.9,18.3,9.82,21.4,26.0,4.1,6.4,49.0,CENTRO,8
2024-12-21 09:00:00,2.49,15.0,5.1,24.9,12.13,30.2,26.0,4.4,6.2,53.0,CENTRO,9
2024-12-21 10:00:00,2.63,9.0,22.3,32.2,21.6,54.7,28.0,4.8,4.2,15.0,CENTRO,10
2024-12-21 11:00:00,2.67,11.0,23.7,31.1,30.49,54.9,40.0,5.7,4.6,351.0,CENTRO,11
2024-12-21 12:00:00,2.67,12.0,14.2,29.0,21.11,43.4,43.0,4.9,4.3,354.0,CENTRO,12
2024-12-21 13:00:00,2.55,24.0,5.6,19.1,14.99,24.9,41.0,4.5,8.7,69.0,CENTRO,13
2024-12-21 14:00:00,2.49,28.0,4.8,15.6,12.98,20.6,32.0,4.3,9.8,65.0,CENTRO,14
2024-12-21 15:00:00,2.51,25.0,4.6,16.6,12.32,21.4,28.0,4.1,7.4,68.0,CENTRO,15
2024-12-21 16:00:00,2.62,21.0,5.6,22.2,19.17,28.0,28.0,4.1,8.3,58.0,CENTRO,16
2024-12-21 17:00:00,2.56,23.0,4.2,20.5,18.04,24.9,36.0,3.9,9.1,62.0,CENTRO,17
2024-12-21 18:00:00,2.58,17.0,3.9,23.8,16.14,27.9,30.0,3.9,6.2,61.0,CENTRO,18
2024-12-21 19:00:00,2.62,14.0,4.2,27.3,19.19,31.7,35.0,3.9,6.0,48.0,CENTRO,19
2024-12-21 20:00:00,2.55,16.0,4.2,20.9,13.09,25.3,34.0,4.0,6.0,60.0,CENTRO,20
2024-12-21 21:00:00,2.37,24.0,2.4,10.1,8.57,12.7,23.0,3.9,5.4,114.0,CENTRO,21
2024-12-21 22:00:00,2.36,25.0,2.7,9.9,11.12,12.8,21.0,3.8,6.2,102.0,CENTRO,22
2024-12-21 23:00:00,2.35,26.0,2.3,8.8,12.96,11.3,21.0,3.7,5.8,104.0,CENTRO,23
2024-12-22 00:00:00,2.32,27.0,2.1,7.2,12.06,9.5,23.0,3.7,6.9,106.0,CENTRO,0
2024-12-22 01:00:00,2.29,28.0,2.0,5.7,7.58,7.9,22.0,3.8,8.2,113.0,CENTRO,1
2024-12-22 02:00:00,2.29,26.0,2.0,6.3,5.32,8.5,20.0,3.9,3.6,58.0,CENTRO,2
2024-12-22 03:00:00,2.33,20.0,2.1,8.6,5.88,10.9,18.0,3.8,3.4,106.0,CENTRO,3
2024-12-22 04:00:00,2.41,15.0,2.5,15.2,17.88,17.9,20.0,3.8,4.3,34.0,CENTRO,4
2024-12-22 05:00:00,2.37,8.0,8.2,20.1,25.71,28.6,32.0,4.4,3.4,42.0,CENTRO,5
2024-12-22 06:00:00,2.34,14.0,3.6,13.1,22.63,16.9,36.0,4.3,1.8,50.0,CENTRO,6
2024-12-22 07:00:00,2.39,4.0,9.0,24.3,38.89,33.5,41.0,4.9,2.0,49.0,CENTRO,7
2024-12-22 08:00:00,2.41,5.0,7.3,22.1,31.82,29.6,51.0,5.0,2.0,27.0,CENTRO,8
2024-12-22 09:00:00,2.45,6.0,11.5,21.5,33.71,33.3,47.0,4.9,2.7,29.0,CENTRO,9
2024-12-22 10:00:00,2.5,6.0,19.0,21.3,40.9,40.5,52.0,5.3,2.8,51.0,CENTRO,10
2024-12-22 11:00:00,2.56,8.0,20.4,21.5,38.98,42.3,57.0,5.4,3.8,46.0,CENTRO,11
2024-12-22 12:00:00,2.55,11.0,25.6,22.9,40.93,48.7,61.0,6.4,5.3,35.0,CENTRO,12
2024-12-22 13:00:00,2.49,19.0,11.4,18.7,30.23,30.3,58.0,6.3,6.7,55.0,CENTRO,13
2024-12-22 14:00:00,2.44,22.0,7.1,14.4,19.95,21.7,43.0,5.3,8.6,55.0,CENTRO,14
2024-12-22 15:00:00,2.43,21.0,6.5,13.9,15.6,20.6,37.0,5.1,9.7,46.0,CENTRO,15
2024-12-22 16:00:00,2.44,19.0,5.1,14.5,13.35,19.8,32.0,4.5,8.1,48.0,CENTRO,16
2024-12-22 17:00:00,2.49,16.0,5.4,16.9,11.59,22.4,30.0,4.4,7.4,47.0,CENTRO,17
2024-12-22 18:00:00,2.51,13.0,5.2,19.0,12.3,24.5,29.0,4.1,4.6,66.0,CENTRO,18
2024-12-22 19:00:00,2.59,7.0,8.9,24.2,15.9,33.3,34.0,4.2,4.1,51.0,CENTRO,19
2024-12-22 20:00:00,2.43,17.0,3.2,13.2,13.2,16.7,33.0,4.0,6.1,111.0,CENTRO,20
2024-12-22 21:00:00,2.3,25.0,2.2,6.1,7.48,8.5,24.0,4.0,9.2,127.0,CENTRO,21
2024-12-22 22:00:00,2.36,21.0,2.1,9.1,8.53,11.4,21.0,3.9,5.7,96.0,CENTRO,22
2024-12-22 23:00:00,2.41,15.0,3.0,12.7,9.71,15.9,23.0,3.9,5.8,111.0,CENTRO,23
2024-12-23 00:00:00,2.39,17.0,2.3,11.7,9.91,14.2,21.0,3.9,4.8,61.0,CENTRO,0
2024-12-23 01:00:00,2.52,6.0,5.5,17.3,13.01,23.0,23.0,4.0,3.2,211.0,CENTRO,1
2024-12-23 02:00:00,2.54,4.0,7.7,18.7,14.76,26.7,25.0,3.8,2.9,220.0,CENTRO,2
2024-12-23 03:00:00,2.45,6.0,3.6,16.1,16.35,19.8,28.0,3.9,2.7,232.0,CENTRO,3
2024-12-23 04:00:00,2.37,8.0,2.7,12.5,18.67,15.4,32.0,3.8,6.1,222.0,CENTRO,4
2024-12-23 05:00:00,2.33,8.0,2.6,11.8,21.45,14.7,34.0,3.8,5.5,219.0,CENTRO,5
2024-12-23 06:00:00,2.32,7.0,3.4,12.6,23.09,16.2,40.0,3.9,7.0,218.0,CENTRO,6
2024-12-23 07:00:00,2.36,5.0,11.8,16.0,25.04,28.1,51.0,4.0,7.3,215.0,CENTRO,7
2024-12-23 08:00:00,2.5,4.0,24.9,17.0,23.95,42.0,56.0,4.1,6.4,215.0,CENTRO,8
2024-12-23 09:00:00,2.64,5.0,36.6,17.4,23.12,54.2,47.0,4.2,4.2,218.0,CENTRO,9
2024-12-23 10:00:00,2.58,10.0,27.4,19.2,24.84,46.9,47.0,4.3,3.4,88.0,CENTRO,10
2024-12-23 11:00:00,2.64,15.0,23.7,23.2,33.14,47.0,48.0,4.5,4.0,36.0,CENTRO,11
2024-12-23 12:00:00,2.74,18.0,26.5,28.5,36.77,55.1,50.0,5.5,4.6,34.0,CENTRO,12
2024-12-23 13:00:00,2.74,23.0,20.7,28.6,34.68,49.5,51.0,6.1,5.0,42.0,CENTRO,13
2024-12-23 14:00:00,2.74,34.0,11.6,26.3,34.14,38.2,56.0,5.3,7.3,85.0,CENTRO,14
2024-12-23 15:00:00,2.56,37.0,7.4,19.0,23.05,26.7,51.0,4.7,9.8,51.0,CENTRO,15
2024-12-23 16:00:00,2.5,37.0,5.7,14.7,14.48,20.6,44.0,4.5,10.5,50.0,CENTRO,16
2024-12-23 17:00:00,2.55,31.0,5.6,18.1,13.7,23.9,38.0,4.3,8.5,40.0,CENTRO,17
2024-12-23 18:00:00,2.66,21.0,5.1,24.2,13.6,29.5,39.0,4.3,8.2,58.0,CENTRO,18
2024-12-23 19:00:00,2.63,18.0,4.1,24.1,13.96,28.4,38.0,4.2,8.4,58.0,CENTRO,19
2024-12-23 20:00:00,2.62,14.0,4.1,23.5,15.57,27.8,39.0,4.1,6.9,55.0,CENTRO,20
2024-12-23 21:00:00,2.49,16.0,3.1,16.2,13.68,19.4,37.0,4.0,6.2,97.0,CENTRO,21
2024-12-23 22:00:00,2.61,6.0,6.0,23.1,16.65,29.4,29.0,4.0,2.2,212.0,CENTRO,22
2024-12-23 23:00:00,2.76,4.0,15.0,25.1,19.69,40.2,34.0,3.9,3.5,225.0,CENTRO,23
2024-12-24 00:00:00,2.85,4.0,24.0,27.3,25.35,51.5,38.0,4.0,4.3,222.0,CENTRO,0
2024-12-24 01:00:00,2.59,4.0,11.4,27.2,21.96,38.8,50.0,4.0,7.0,220.0,CENTRO,1
2024-12-24 02:00:00,2.57,4.333333333333333,15.0,27.3,21.59,42.5,44.0,4.0,3.1,288.0,CENTRO,2
2024-12-24 03:00:00,2.45,4.666666666666667,9.3,26.6,20.11,36.1,42.0,4.1,1.9,236.0,CENTRO,3
2024-12-24 04:00:00,2.35,5.0,5.3,23.7,16.98,29.2,36.0,3.9,2.3,225.0,CENTRO,4
2024-12-24 05:00:00,2.45,4.0,12.1,22.0,18.9,34.3,37.0,4.0,3.1,231.0,CENTRO,5
2024-12-24 06:00:00,2.44,5.0,8.6,20.7,28.49,29.6,37.0,3.9,4.2,279.0,CENTRO,6
2024-12-24 07:00:00,2.48,5.0,7.0,19.3,36.425,26.6,49.0,3.9,2.6,248.0,CENTRO,7
2024-12-24 08:00:00,2.68,4.0,20.3,15.8,44.36,36.4,59.0,4.0,1.7,235.0,CENTRO,8
2024-12-24 09:00:00,2.74,6.0,31.1,19.3,44.66,50.6,56.0,4.1,1.8,226.0,CENTRO,9
2024-12-24 10:00:00,2.81,9.0,35.8,28.0,45.84,64.0,63.0,4.1,2.9,70.0,CENTRO,10
2024-12-24 11:00:00,2.67,15.0,29.6,30.9,36.85,60.6,73.0,4.7,3.8,69.0,CENTRO,11
2024-12-24 12:00:00,2.56,20.0,26.9,33.5,24.09,60.6,67.0,6.0,4.8,60.0,CENTRO,12
2024-12-24 13:00:00,2.62,22.0,29.6,42.6,31.55,72.4,65.0,8.3,5.2,84.0,CENTRO,13
2024-12-24 14:00:00,2.94,29.0,28.2,56.2,57.22,84.6,71.0,10.4,8.5,78.0,CENTRO,14
2024-12-24 15:00:00,2.76,48.0,9.3,32.4,45.07,41.9,98.0,6.8,7.8,79.0,CENTRO,15
2024-12-24 16:00:00,2.66,50.0,6.3,23.4,34.8,30.0,77.0,5.3,9.5,56.0,CENTRO,16
2024-12-24 17:00:00,2.69,45.0,5.0,22.8,36.15,28.0,66.0,4.7,9.1,62.0,CENTRO,17
2024-12-24 18:00:00,2.68,40.0,3.7,26.0,36.78,29.9,64.0,4.5,9.2,44.0,CENTRO,18
2024-12-24 19:00:00,2.7,33.0,3.0,29.5,35.01,32.7,61.0,4.4,6.2,47.0,CENTRO,19
2024-12-24 20:00:00,2.78,17.0,3.6,35.2,38.12,38.9,56.0,4.3,2.3,231.0,CENTRO,20
2024-12-24 21:00:00,3.07,7.0,4.1,44.6,53.99,48.9,63.0,4.2,2.1,209.0,CENTRO,21
2024-12-24 22:00:00,3.07,6.0,5.9,43.2,61.62,49.2,74.0,4.2,1.8,230.0,CENTRO,22
2024-12-24 23:00:00,3.02,5.0,8.2,40.3,58.02,48.7,76.0,4.3,1.8,269.0,CENTRO,23
2024-12-25 00:00:00,3.0,5.0,9.5,36.9,61.97,46.6,71.0,4.2,4.3,217.0,CENTRO,0
2024-12-25 01:00:00,2.8,8.0,4.6,31.9,61.75,36.7,72.0,4.3,4.3,205.0,CENTRO,1
2024-12-25 02:00:00,2.84,6.0,5.4,31.5,58.91,37.1,65.0,4.3,2.8,198.0,CENTRO,2
2024-12-25 03:00:00,2.79,5.0,5.7,29.8,41.57,35.8,75.0,4.3,3.1,183.0,CENTRO,3
2024-12-25 04:00:00,2.58,8.0,4.0,21.1,37.24,25.3,62.0,4.2,3.7,181.0,CENTRO,4
2024-12-25 05:00:00,2.49,10.0,3.6,17.4,32.51,21.3,49.0,4.1,3.6,171.0,CENTRO,5
2024-12-25 06:00:00,2.34,15.0,3.2,10.4,27.805,13.8,43.0,4.1,6.1,123.0,CENTRO,6
2024-12-25 07:00:00,2.39,14.0,3.0,13.8,23.1,17.0,44.0,4.3,5.5,123.0,CENTRO,7
2024-12-25 08:00:00,2.5,20.0,2.9,12.9,21.21,16.0,45.0,4.5,4.4,122.0,CENTRO,8
2024-12-25 09:00:00,2.27,19.0,4.0,15.8,23.09,20.0,37.0,5.0,5.5,93.0,CENTRO,9
2024-12-25 10:00:00,2.59,27.0,3.8,10.2,20.81,14.3,38.0,5.6,5.8,56.0,CENTRO,10
2024-12-25 11:00:00,2.24,26.0,5.8,14.0,23.26,20.1,37.0,6.3,7.2,123.0,CENTRO,11
2024-12-25 12:00:00,2.3,29.0,9.1,17.2,19.28,26.5,34.0,8.5,5.4,87.0,CENTRO,12
2024-12-25 13:00:00,2.24,42.0,4.1,9.1,19.56,13.4,41.0,6.4,8.7,63.0,CENTRO,13
2024-12-25 14:00:00,2.24,52.0,3.0,7.8,22.13,11.1,29.0,5.2,9.1,54.0,CENTRO,14
2024-12-25 15:00:00,2.27,59.0,2.8,8.6,27.58,11.7,31.0,4.9,10.3,62.0,CENTRO,15
2024-12-25 16:00:00,2.3,58.0,2.9,10.0,25.58,13.2,38.0,6.5,11.1,45.0,CENTRO,16
2024-12-25 17:00:00,2.33,49.0,2.9,9.8,29.0,12.9,44.0,6.2,9.9,49.0,CENTRO,17
2024-12-25 18:00:00,2.34,39.0,2.7,10.2,28.7,13.1,46.0,5.1,9.5,68.0,CENTRO,18
2024-12-25 19:00:00,2.36,34.0,2.5,9.8,28.99,12.5,44.0,4.7,9.7,91.0,CENTRO,19
2024-12-25 20:00:00,2.33,33.0,2.3,7.2,27.53,9.7,45.0,4.4,8.8,86.0,CENTRO,20
2024-12-25 21:00:00,2.33,32.0,2.1,6.8,27.73,9.2,40.0,4.2,7.1,85.0,CENTRO,21
2024-12-25 22:00:00,2.34,27.0,2.2,8.0,28.73,10.4,39.0,4.0,5.2,89.0,CENTRO,22
2024-12-25 23:00:00,2.44,16.0,2.3,14.4,29.85,16.9,37.0,4.0,3.0,178.0,CENTRO,23
2024-12-26 00:00:00,2.45,13.0,3.1,16.7,32.1,20.0,39.0,4.0,5.0,215.0,CENTRO,0
2024-12-26 01:00:00,2.44,11.0,2.9,18.3,34.35,21.4,47.0,4.0,6.0,207.0,CENTRO,1
2024-12-26 02:00:00,2.38,14.0,2.5,16.2,31.75,18.8,41.0,4.0,4.2,218.0,CENTRO,2
2024-12-26 03:00:00,2.34,14.0,2.5,14.4,31.03,17.1,42.0,3.9,5.9,214.0,CENTRO,3
2024-12-26 04:00:00,2.3,16.0,2.7,16.8,31.7,19.7,43.0,3.9,8.1,218.0,CENTRO,4
2024-12-26 05:00:00,2.27,15.0,2.9,19.200000000000003,34.71,22.3,41.0,4.1,9.4,221.0,CENTRO,5
2024-12-26 06:00:00,2.33,8.0,3.1,21.6,39.16,24.9,63.0,4.2,5.5,253.0,CENTRO,6
2024-12-26 07:00:00,2.44,7.0,8.4,22.0,37.36,30.6,62.0,4.0,3.6,264.0,CENTRO,7
2024-12-26 08:00:00,2.48,6.0,15.5,25.6,32.57,41.3,55.0,4.1,3.9,237.0,CENTRO,8
2024-12-26 09:00:00,2.71,7.0,31.6,27.8,29.58,59.6,48.0,4.3,5.3,231.0,CENTRO,9
2024-12-26 10:00:00,2.51,15.0,21.6,27.3,21.31,49.1,57.0,4.7,5.6,187.0,CENTRO,10
2024-12-26 11:00:00,2.91,13.0,45.3,39.6,26.61,85.1,60.0,5.3,4.7,102.0,CENTRO,11
2024-12-26 12:00:00,2.96,18.0,39.2,43.3,39.04,82.7,65.0,6.8,6.7,62.0,CENTRO,12
2024-12-26 13:00:00,2.7,27.0,21.1,39.5,38.98,60.8,87.0,9.7,9.3,98.0,CENTRO,13
2024-12-26 14:00:00,2.48,47.0,8.0,26.1,28.35,34.3,88.0,6.2,9.0,107.0,CENTRO,14
2024-12-26 15:00:00,2.36,53.0,5.4,17.9,21.91,23.5,81.0,5.2,9.7,107.0,CENTRO,15
2024-12-26 16:00:00,2.27,53.0,4.9,15.6,17.08,20.7,61.0,4.9,9.1,80.0,CENTRO,16
2024-12-26 17:00:00,2.42,58.0,4.1,18.5,22.88,22.9,58.0,4.8,12.7,77.0,CENTRO,17
2024-12-26 18:00:00,2.53,41.0,3.6,22.9,30.01,26.8,60.0,5.1,9.7,76.0,CENTRO,18
2024-12-26 19:00:00,2.57,23.0,3.7,25.0,26.56,28.9,62.0,5.3,9.4,66.0,CENTRO,19
2024-12-26 20:00:00,2.4,31.0,3.0,14.0,22.93,17.1,54.0,4.9,10.0,84.0,CENTRO,20
2024-12-26 21:00:00,2.32,33.0,2.6,9.7,22.58,12.5,42.0,4.6,10.6,102.0,CENTRO,21
2024-12-26 22:00:00,2.3,34.0,2.4,7.6,22.22,10.1,37.0,4.4,9.2,115.0,CENTRO,22
2024-12-26 23:00:00,2.31,33.0,2.2,8.3,20.97,10.6,35.0,4.3,5.7,101.0,CENTRO,23
2024-12-27 00:00:00,2.44,18.0,2.4,17.9,24.15,20.4,35.0,4.2,2.8,210.0,CENTRO,0
2024-12-27 01:00:00,2.61,7.0,10.8,28.6,32.13,39.6,39.0,4.4,3.3,229.0,CENTRO,1
2024-12-27 02:00:00,2.61,4.0,14.6,31.9,37.31,46.8,54.0,4.7,3.9,214.0,CENTRO,2
2024-12-27 03:00:00,2.41,8.0,3.5,26.7,30.63,30.4,66.0,4.7,3.6,218.0,CENTRO,3
2024-12-27 04:00:00,2.39,6.0,6.9,29.6,34.08,36.8,59.0,4.7,3.4,240.0,CENTRO,4
2024-12-27 05:00:00,2.31,9.0,3.6,25.1,28.13,28.8,65.0,4.9,4.2,213.0,CENTRO,5
2024-12-27 06:00:00,2.32,6.0,6.2,27.6,29.98,33.9,63.0,4.9,4.0,244.0,CENTRO,6
2024-12-27 07:00:00,2.33,8.0,8.7,26.7,24.96,35.7,62.0,5.0,7.0,224.0,CENTRO,7
2024-12-27 08:00:00,2.47,5.0,15.9,29.2,28.97,45.3,67.0,5.0,6.6,205.0,CENTRO,8
2024-12-27 09:00:00,2.54,7.0,26.8,28.6,27.97,55.6,89.0,5.2,7.6,218.0,CENTRO,9
2024-12-27 10:00:00,2.59,9.0,42.2,34.0,34.29,76.5,80.0,6.3,8.2,224.0,CENTRO,10
2024-12-27 11:00:00,2.5,18.0,23.0,30.2,31.26,53.3,86.0,7.0,5.0,217.0,CENTRO,11
2024-12-27 12:00:00,2.44,28.0,15.3,27.2,29.89,42.6,69.0,7.0,4.1,28.0,CENTRO,12
2024-12-27 13:00:00,2.4,42.0,8.8,21.8,25.68,30.8,58.0,5.9,5.0,55.0,CENTRO,13
2024-12-27 14:00:00,2.42,56.0,5.5,17.8,26.29,23.5,49.0,5.4,6.2,66.0,CENTRO,14
2024-12-27 15:00:00,2.42,59.0,4.7,16.2,27.2,21.1,50.0,5.3,8.8,70.0,CENTRO,15
2024-12-27 16:00:00,2.39,58.0,4.2,15.3,27.03,19.7,52.0,5.1,7.9,75.0,CENTRO,16
2024-12-27 17:00:00,2.43,54.0,3.7,17.1,26.02,21.0,52.0,5.1,7.2,61.0,CENTRO,17
2024-12-27 18:00:00,2.47,42.0,3.2,19.7,25.74,23.1,53.0,5.1,7.5,83.0,CENTRO,18
2024-12-27 19:00:00,2.67,23.0,4.2,32.7,27.71,37.1,49.0,5.1,5.8,73.0,CENTRO,19
2024-12-27 20:00:00,3.26,4.0,23.1,44.7,34.32,68.0,55.0,4.8,1.9,153.0,CENTRO,20
2024-12-27 21:00:00,3.13,4.0,18.0,43.1,32.91,61.3,66.0,4.6,2.6,324.0,CENTRO,21
2024-12-27 22:00:00,2.85,5.0,10.6,40.3,29.31,51.2,53.0,4.4,3.4,219.0,CENTRO,22
2024-12-27 23:00:00,2.68,10.0,5.3,35.6,29.66,41.1,46.0,4.2,4.2,205.0,CENTRO,23
2024-12-28 00:00:00,2.52,13.0,4.4,31.8,29.18,36.3,50.0,4.4,6.5,208.0,CENTRO,0
2024-12-28 01:00:00,2.48,10.0,4.1,32.3,26.23,36.5,49.0,4.4,4.3,225.0,CENTRO,1
2024-12-28 02:00:00,2.4,14.0,3.4,28.0,24.44,31.6,43.0,4.4,8.0,217.0,CENTRO,2
2024-12-28 03:00:00,2.26,19.0,3.3,21.5,20.94,25.0,46.0,4.5,7.3,220.0,CENTRO,3
2024-12-28 04:00:00,2.22,19.0,3.2,21.0,21.7,24.4,42.0,4.6,8.3,217.0,CENTRO,4
2024-12-28 05:00:00,2.2,18.0,3.1,21.3,23.03,24.6,51.0,4.9,5.4,227.0,CENTRO,5
2024-12-28 06:00:00,2.19,19.0,3.1,19.4,19.49,22.7,48.0,4.7,6.8,237.0,CENTRO,6
2024-12-28 07:00:00,2.27,7.0,7.1,31.7,24.76,38.9,41.0,5.0,4.9,234.0,CENTRO,7
2024-12-28 08:00:00,2.37,5.0,19.9,35.4,26.31,55.5,53.0,5.4,5.2,213.0,CENTRO,8
2024-12-28 09:00:00,2.62,7.0,48.6,37.1,30.93,86.0,66.0,6.0,3.3,87.0,CENTRO,9
2024-12-28 10:00:00,2.36,18.0,21.5,27.8,20.63,49.6,77.0,6.2,5.2,245.0,CENTRO,10
2024-12-28 11:00:00,2.16,31.0,11.0,18.2,13.92,29.5,70.0,5.1,10.3,288.0,CENTRO,11
2024-12-28 12:00:00,1.98,43.0,4.2,6.8,9.42,11.2,90.0,4.6,15.7,308.0,CENTRO,12
2024-12-28 13:00:00,1.99,44.0,4.0,7.4,8.18,11.7,88.0,4.5,14.0,316.0,CENTRO,13
2024-12-28 14:00:00,2.0,47.0,3.7,7.2,7.38,11.2,56.0,4.4,13.9,311.0,CENTRO,14
2024-12-28 15:00:00,2.0,47.0,3.7,7.6,7.72,11.5,40.0,4.4,13.6,323.0,CENTRO,15
2024-12-28 16:00:00,2.0,44.0,3.4,7.5,6.18,11.1,37.0,4.2,10.5,308.0,CENTRO,16
2024-12-28 17:00:00,2.01,39.0,3.4,8.9,5.14,12.5,34.0,4.2,8.2,309.0,CENTRO,17
2024-12-28 18:00:00,2.2,32.0,3.7,20.0,11.42,23.8,32.0,4.5,6.8,127.0,CENTRO,18
2024-12-28 19:00:00,2.25,35.0,2.7,21.7,12.68,24.5,38.0,4.6,2.7,268.0,CENTRO,19
2024-12-28 20:00:00,2.55,6.0,14.2,46.5,27.0,61.0,43.0,6.3,2.9,240.0,CENTRO,20
2024-12-28 21:00:00,2.6,5.0,8.6,43.7,26.06,52.5,60.0,5.6,2.6,264.0,CENTRO,21
2024-12-28 22:00:00,2.58,5.0,8.5,39.9,25.79,48.6,58.0,5.5,1.8,213.0,CENTRO,22
2024-12-28 23:00:00,2.81,4.0,30.3,39.3,28.69,69.8,56.0,5.5,1.8,228.0,CENTRO,23
2024-12-29 00:00:00,2.62,4.0,19.5,37.1,25.28,56.8,54.0,5.3,2.1,215.0,CENTRO,0
2024-12-29 01:00:00,2.59,5.0,22.8,35.5,25.55,58.5,49.0,6.8,3.7,217.0,CENTRO,1
2024-12-29 02:00:00,2.44,5.0,14.6,33.7,23.46,48.5,53.0,6.4,3.0,214.0,CENTRO,2
2024-12-29 03:00:00,2.38,5.0,6.1,31.7,18.37,38.0,51.0,5.8,2.6,242.0,CENTRO,3
2024-12-29 04:00:00,2.4,7.5,8.2,32.6,19.56,41.0,43.0,6.1,5.4,214.0,CENTRO,4
2024-12-29 05:00:00,2.2,10.0,3.7,26.4,15.85,30.3,46.0,6.9,6.8,219.0,CENTRO,5
2024-12-29 06:00:00,2.09,13.0,3.3,23.3,12.89,26.9,45.0,6.1,10.1,215.0,CENTRO,6
2024-12-29 07:00:00,2.05,14.0,3.3,22.0,10.72,25.5,41.0,6.3,7.5,212.0,CENTRO,7
2024-12-29 08:00:00,2.09,9.0,7.7,27.8,11.45,35.6,37.0,6.6,9.5,213.0,CENTRO,8
2024-12-29 09:00:00,2.12,15.0,10.6,24.3,11.45,35.1,40.0,6.8,9.8,211.0,CENTRO,9
2024-12-29 10:00:00,2.07,26.0,8.1,17.4,9.74,25.8,40.0,6.0,8.9,213.0,CENTRO,10
2024-12-29 11:00:00,2.09,31.0,8.5,16.1,10.07,24.8,37.0,6.0,3.1,318.0,CENTRO,11
2024-12-29 12:00:00,2.14,39.0,7.4,16.2,12.81,23.8,46.0,5.8,2.2,353.0,CENTRO,12
2024-12-29 13:00:00,2.12,53.0,4.7,11.2,9.61,16.2,40.0,4.6,5.2,68.0,CENTRO,13
2024-12-29 14:00:00,2.03,54.0,3.6,7.3,7.0,11.2,39.0,4.3,7.9,68.0,CENTRO,14
2024-12-29 15:00:00,2.04,60.0,3.2,7.4,7.69,10.8,30.0,4.3,7.9,69.0,CENTRO,15
2024-12-29 16:00:00,2.07,62.0,3.2,8.5,8.82,11.9,28.0,4.5,7.6,57.0,CENTRO,16
2024-12-29 17:00:00,2.1,56.0,2.9,8.1,10.11,11.2,30.0,4.5,8.4,101.0,CENTRO,17
2024-12-29 18:00:00,2.1,47.0,2.6,9.4,8.92,12.2,29.0,4.5,5.6,100.0,CENTRO,18
2024-12-29 19:00:00,2.23,31.0,2.5,18.6,10.9,21.3,32.0,4.4,2.8,123.0,CENTRO,19
2024-12-29 20:00:00,2.3,25.0,2.7,24.0,12.45,26.8,30.0,4.4,3.2,177.0,CENTRO,20
2024-12-29 21:00:00,2.4,15.0,3.4,34.3,16.31,37.9,28.0,4.6,2.7,255.0,CENTRO,21
2024-12-29 22:00:00,2.39,16.0,3.2,34.1,18.32,37.5,38.0,5.2,8.9,218.0,CENTRO,22
2024-12-29 23:00:00,2.26,19.0,3.0,29.4,15.17,32.6,44.0,5.3,8.9,217.0,CENTRO,23
2024-12-30 00:00:00,2.17,23.0,2.9,23.9,12.26,27.1,40.0,5.1,8.4,214.0,CENTRO,0
2024-12-30 01:00:00,2.09,28.0,2.8,17.3,10.41,20.3,34.0,5.1,5.0,240.0,CENTRO,1
2024-12-30 02:00:00,2.05,26.0,2.8,17.9,9.43,21.0,35.0,4.9,2.6,294.0,CENTRO,2
2024-12-30 03:00:00,2.33,6.0,8.5,36.5,14.76,45.1,35.0,4.7,2.0,317.0,CENTRO,3
2024-12-30 04:00:00,2.09,25.0,4.6,18.3,13.25,23.1,39.0,5.1,6.8,237.0,CENTRO,4
2024-12-30 05:00:00,1.93,32.0,2.8,11.7,9.78,14.7,50.0,5.3,8.2,215.0,CENTRO,5
2024-12-30 06:00:00,2.02,19.0,3.6,21.4,10.82,25.2,51.0,4.9,1.9,334.0,CENTRO,6
2024-12-30 07:00:00,2.39,4.0,49.2,35.3,16.08,84.8,49.0,5.0,2.1,303.0,CENTRO,7
2024-12-30 08:00:00,2.53,6.0,56.3,36.4,17.3,92.9,53.0,5.6,4.0,294.0,CENTRO,8
2024-12-30 09:00:00,2.88,6.0,78.8,38.0,27.52,117.2,64.0,6.3,2.9,304.0,CENTRO,9
2024-12-30 10:00:00,2.69,13.0,56.5,38.4,25.05,95.2,78.0,6.7,4.8,293.0,CENTRO,10
2024-12-30 11:00:00,2.36,21.0,29.9,33.3,13.67,63.5,72.0,7.4,5.2,248.0,CENTRO,11
2024-12-30 12:00:00,2.18,30.0,15.0,29.2,11.07,44.5,65.0,6.9,4.1,129.0,CENTRO,12
2024-12-30 13:00:00,2.29,33.0,16.6,34.9,12.79,51.7,59.0,5.6,5.9,84.0,CENTRO,13
2024-12-30 14:00:00,2.24,40.0,11.6,33.7,12.73,45.6,53.0,7.5,8.8,100.0,CENTRO,14
2024-12-30 15:00:00,2.28,61.0,6.7,26.6,12.97,33.6,55.0,6.4,9.6,74.0,CENTRO,15
2024-12-30 16:00:00,2.15,57.0,4.9,18.4,8.38,23.5,51.0,4.7,8.6,95.0,CENTRO,16
2024-12-30 17:00:00,2.14,53.0,4.0,17.0,8.02,21.1,40.0,4.4,8.6,106.0,CENTRO,17
2024-12-30 18:00:00,2.38,32.0,5.0,30.1,12.21,35.3,32.0,4.7,3.9,218.0,CENTRO,18
2024-12-30 19:00:00,2.46,16.0,4.6,39.9,8.41,44.7,36.0,4.6,2.5,268.0,CENTRO,19
2024-12-30 20:00:00,2.46,10.0,8.5,43.7,10.36,52.5,34.0,4.7,5.8,211.0,CENTRO,20
2024-12-30 21:00:00,2.76,5.0,29.6,49.4,16.68,79.2,36.0,6.0,2.8,257.0,CENTRO,21
2024-12-30 22:00:00,2.63,5.0,27.0,43.3,17.47,70.5,45.0,5.0,2.2,244.0,CENTRO,22
2024-12-30 23:00:00,2.54,5.0,16.9,39.8,16.55,56.9,44.0,5.0,2.0,236.0,CENTRO,23
2024-12-31 00:00:00,2.19,9.0,5.3,33.9,12.47,39.4,38.0,6.0,7.1,224.0,CENTRO,0
2024-12-31 01:00:00,2.12,9.0,6.5,34.1,12.4,40.8,34.0,6.3,10.2,221.0,CENTRO,1
2024-12-31 02:00:00,1.97,13.0,3.4,28.5,10.09,32.1,57.0,6.0,11.4,212.0,CENTRO,2
2024-12-31 03:00:00,1.88,21.0,3.0,19.5,7.64,22.7,48.0,5.7,12.7,211.0,CENTRO,3
2024-12-31 04:00:00,1.85,25.0,2.9,15.8,8.57,18.9,48.0,5.4,4.1,229.0,CENTRO,4
2024-12-31 05:00:00,1.82,30.0,2.8,9.7,5.99,12.7,49.0,4.9,10.3,210.0,CENTRO,5
2024-12-31 06:00:00,1.88,22.0,3.2,18.4,9.23,21.8,39.0,5.1,5.7,243.0,CENTRO,6
2024-12-31 07:00:00,1.9,18.0,10.1,22.9,12.68,32.8,50.0,5.2,9.2,222.0,CENTRO,7
2024-12-31 08:00:00,2.07,8.0,15.3,31.7,12.56,47.2,74.0,5.3,2.0,229.0,CENTRO,8
2024-12-31 09:00:00,2.33,10.0,48.2,34.0,12.37,82.5,59.0,5.5,2.0,327.0,CENTRO,9
2024-12-31 10:00:00,2.05,24.0,11.6,23.5,8.07,35.3,54.0,5.3,8.1,212.0,CENTRO,10
2024-12-31 11:00:00,2.09,27.0,14.3,24.9,8.64,39.5,45.0,5.6,3.7,285.0,CENTRO,11
2024-12-31 12:00:00,2.3,32.0,16.2,28.1,14.71,44.5,45.0,8.7,7.5,47.0,CENTRO,12
2024-12-31 13:00:00,2.09,41.0,8.7,19.7,15.05,28.7,66.0,8.2,7.4,50.0,CENTRO,13
2024-12-31 14:00:00,2.08,49.0,6.4,16.6,12.08,23.3,67.0,7.3,6.8,62.0,CENTRO,14
2024-12-31 15:00:00,1.98,50.0,6.4,17.1,10.16,23.7,53.0,10.8,9.1,49.0,CENTRO,15
2024-12-31 16:00:00,2.01,61.0,5.1,16.3,13.18,21.6,45.0,9.4,10.4,58.0,CENTRO,16
2024-12-31 17:00:00,2.06,59.0,3.6,12.6,14.21,16.4,46.0,6.5,13.7,59.0,CENTRO,17
2024-12-31 18:00:00,2.04,51.0,3.0,11.5,11.7,14.8,69.0,5.3,11.7,87.0,CENTRO,18
2024-12-31 19:00:00,2.01,53.0,2.7,10.0,11.83,12.9,48.0,4.8,10.9,87.0,CENTRO,19
2024-12-31 20:00:00,2.03,55.0,2.6,11.0,14.77,13.9,43.0,4.7,8.4,69.0,CENTRO,20
2024-12-31 21:00:00,2.06,56.0,2.6,10.9,18.96,13.8,46.0,4.6,7.1,91.0,CENTRO,21
2024-12-31 22:00:00,2.1,56.0,2.7,10.3,28.23,13.2,44.0,4.7,7.3,91.0,CENTRO,22
2024-12-31 23:00:00,2.35,46.0,2.8,16.2,28.23,19.3,50.0,4.9,6.0,47.0,CENTRO,23
