station_name,street_name,hour_start,date,weighted_harmonic_speed,avg_tti_street,total_sample_size,avg_travel_time_std
NORTE,Avenida Licenciado Raúl Salinas Lozano,0,2024-08-01,38.72181981205721,1.0,7333,2.892592592592593
NORTE,Avenida Licenciado Raúl Salinas Lozano,1,2024-08-01,41.585477884317974,0.9719135802469135,4457,2.6881481481481484
NORTE,Avenida Licenciado Raúl Salinas Lozano,2,2024-08-01,37.6732167703961,1.129748427672956,2041,2.842075471698113
NORTE,Avenida Licenciado Raúl Salinas Lozano,3,2024-08-01,39.04857971131198,0.9898611111111111,998,1.8029166666666667
NORTE,Avenida Licenciado Raúl Salinas Lozano,4,2024-08-01,33.78188700601168,1.1958620689655173,790,3.0217241379310344
NORTE,Avenida Licenciado Raúl Salinas Lozano,5,2024-08-01,35.04734895350036,1.1837037037037037,3186,3.1723456790123454
NORTE,Avenida Licenciado Raúl Salinas Lozano,6,2024-08-01,34.21042964664988,1.247530864197531,8874,4.446234567901234
NORTE,Avenida Licenciado Raúl Salinas Lozano,7,2024-08-01,34.4806907560426,1.1941975308641977,15603,4.304382716049382
NORTE,Avenida Licenciado Raúl Salinas Lozano,8,2024-08-01,34.50577968273607,1.204753086419753,16506,3.993395061728395
NORTE,Avenida Licenciado Raúl Salinas Lozano,9,2024-08-01,35.29234935854949,1.2266666666666666,13809,4.50962962962963
NORTE,Avenida Licenciado Raúl Salinas Lozano,10,2024-08-01,31.907655612507916,1.291111111111111,14441,5.071049382716049
NORTE,Avenida Licenciado Raúl Salinas Lozano,11,2024-08-01,31.915710934853376,1.3454320987654322,12762,4.816666666666666
NORTE,Avenida Licenciado Raúl Salinas Lozano,12,2024-08-01,33.13303617456881,1.2694444444444444,15926,4.555987654320988
NORTE,Avenida Licenciado Raúl Salinas Lozano,13,2024-08-01,30.70044573814679,1.4056172839506174,17175,5.815925925925926
NORTE,Avenida Licenciado Raúl Salinas Lozano,14,2024-08-01,32.2766294021475,1.4006172839506172,17039,5.289012345679012
NORTE,Avenida Licenciado Raúl Salinas Lozano,15,2024-08-01,31.47123341139735,1.3924074074074073,15679,5.27141975308642
NORTE,Avenida Licenciado Raúl Salinas Lozano,16,2024-08-01,31.3980611035011,1.367037037037037,16686,5.467654320987655
NORTE,Avenida Licenciado Raúl Salinas Lozano,17,2024-08-01,28.4844078181845,1.5107407407407407,16650,6.08179012345679
NORTE,Avenida Licenciado Raúl Salinas Lozano,18,2024-08-01,28.177357017660146,1.561358024691358,22389,5.86962962962963
NORTE,Avenida Licenciado Raúl Salinas Lozano,19,2024-08-01,27.375150420514633,1.6656790123456788,21365,6.118333333333333
NORTE,Avenida Licenciado Raúl Salinas Lozano,20,2024-08-01,26.321863631007616,1.7561728395061729,20530,7.233827160493828
NORTE,Avenida Licenciado Raúl Salinas Lozano,21,2024-08-01,29.61718918003329,1.500864197530864,17424,6.801358024691358
NORTE,Avenida Licenciado Raúl Salinas Lozano,22,2024-08-01,34.05298576436452,1.1806172839506173,13890,3.833456790123457
NORTE,Avenida Licenciado Raúl Salinas Lozano,23,2024-08-01,35.66717095282282,1.1393827160493828,10791,3.594074074074074
NORTE,Avenida Parque Industrial,0,2024-08-01,43.085460929803354,1.0,5991,2.7238135593220343
NORTE,Avenida Parque Industrial,1,2024-08-01,44.988069523357,0.9575423728813559,2909,2.177542372881356
NORTE,Avenida Parque Industrial,2,2024-08-01,43.23506921555702,1.0060194174757282,1805,2.505631067961165
NORTE,Avenida Parque Industrial,3,2024-08-01,44.846719570464884,0.9407017543859648,764,1.873684210526316
NORTE,Avenida Parque Industrial,4,2024-08-01,45.23217915399031,0.982,1370,1.8156
NORTE,Avenida Parque Industrial,5,2024-08-01,40.181509604959246,1.0671186440677967,3363,2.931101694915254
NORTE,Avenida Parque Industrial,6,2024-08-01,39.635109148515,1.0958474576271187,9975,3.346440677966102
NORTE,Avenida Parque Industrial,7,2024-08-01,38.42455460911457,1.1719491525423729,15081,3.5589830508474574
NORTE,Avenida Parque Industrial,8,2024-08-01,37.39426197478183,1.2067796610169492,15919,3.8850000000000002
NORTE,Avenida Parque Industrial,9,2024-08-01,39.4410471432791,1.1654237288135594,10557,3.7030508474576274
NORTE,Avenida Parque Industrial,10,2024-08-01,37.91998686438579,1.202457627118644,12244,3.9309322033898306
NORTE,Avenida Parque Industrial,11,2024-08-01,38.240582993782596,1.1811016949152542,10349,3.724830508474576
NORTE,Avenida Parque Industrial,12,2024-08-01,38.56572375216251,1.178050847457627,11521,3.5890677966101694
NORTE,Avenida Parque Industrial,13,2024-08-01,37.04752046935971,1.2584745762711864,13291,4.342033898305085
NORTE,Avenida Parque Industrial,14,2024-08-01,36.499142332452124,1.2526271186440678,13283,3.9265254237288136
NORTE,Avenida Parque Industrial,15,2024-08-01,36.18380393444668,1.2726271186440679,11886,4.084152542372881
NORTE,Avenida Parque Industrial,16,2024-08-01,36.58358750497094,1.2370833333333333,12674,4.174
NORTE,Avenida Parque Industrial,17,2024-08-01,33.16648253568723,1.3644067796610169,14936,4.874406779661016
NORTE,Avenida Parque Industrial,18,2024-08-01,27.783160134284667,1.8153333333333335,16077,6.5495833333333335
NORTE,Avenida Parque Industrial,19,2024-08-01,30.97627572314675,1.5689830508474576,13541,5.413389830508474
NORTE,Avenida Parque Industrial,20,2024-08-01,32.98817060887975,1.3955084745762711,12479,4.895423728813559
NORTE,Avenida Parque Industrial,21,2024-08-01,34.96991313167429,1.256,12847,4.5873333333333335
NORTE,Avenida Parque Industrial,22,2024-08-01,37.040988460121206,1.18675,11481,3.8517500000000005
NORTE,Avenida Parque Industrial,23,2024-08-01,39.73175773230866,1.0953389830508475,9361,3.009406779661017
NORTE,Libramiento Noroeste de Monterrey,0,2024-08-01,79.22975669957687,1.0,1074,1.1182608695652174
NORTE,Libramiento Noroeste de Monterrey,1,2024-08-01,80.27797171289767,0.9860869565217392,1051,1.0460869565217392
NORTE,Libramiento Noroeste de Monterrey,2,2024-08-01,82.70372864754741,0.9547826086956522,745,0.688695652173913
NORTE,Libramiento Noroeste de Monterrey,3,2024-08-01,80.43791803792509,1.001304347826087,503,1.363913043478261
NORTE,Libramiento Noroeste de Monterrey,4,2024-08-01,83.06839601943268,0.9595652173913044,649,0.8443478260869566
NORTE,Libramiento Noroeste de Monterrey,5,2024-08-01,80.9435997492556,0.9739130434782608,1372,1.09
NORTE,Libramiento Noroeste de Monterrey,6,2024-08-01,62.43717200540668,1.0846666666666667,3635,2.3996666666666666
NORTE,Libramiento Noroeste de Monterrey,7,2024-08-01,57.38451648909183,1.1470270270270269,5285,3.399189189189189
NORTE,Libramiento Noroeste de Monterrey,8,2024-08-01,60.36344029178698,1.097878787878788,4863,2.7663636363636366
NORTE,Libramiento Noroeste de Monterrey,9,2024-08-01,39.209423040652005,2.8857575757575757,2641,11.530000000000001
NORTE,Libramiento Noroeste de Monterrey,10,2024-08-01,36.202540119381894,3.225757575757576,2571,11.918787878787878
NORTE,Libramiento Noroeste de Monterrey,11,2024-08-01,35.85401565725124,3.8990909090909094,2318,13.213030303030305
NORTE,Libramiento Noroeste de Monterrey,12,2024-08-01,14.947283623641546,5.489393939393939,1434,27.796666666666667
NORTE,Libramiento Noroeste de Monterrey,13,2024-08-01,23.832755373380547,4.157272727272727,1438,22.867575757575757
NORTE,Libramiento Noroeste de Monterrey,14,2024-08-01,33.0682094575748,2.9433333333333334,1782,14.118787878787879
NORTE,Libramiento Noroeste de Monterrey,15,2024-08-01,32.80905458786152,2.2636363636363637,2296,13.485757575757576
NORTE,Libramiento Noroeste de Monterrey,16,2024-08-01,54.8957878965782,1.2066666666666668,3624,4.119090909090909
NORTE,Libramiento Noroeste de Monterrey,17,2024-08-01,46.35137592013581,1.4118181818181819,4829,4.761818181818182
NORTE,Libramiento Noroeste de Monterrey,18,2024-08-01,54.40323452139656,1.2778787878787878,4712,5.25878787878788
NORTE,Libramiento Noroeste de Monterrey,19,2024-08-01,48.98343556326523,1.523030303030303,2988,4.803333333333333
NORTE,Libramiento Noroeste de Monterrey,20,2024-08-01,57.31904770759672,1.1793939393939394,3025,2.703333333333333
NORTE,Libramiento Noroeste de Monterrey,21,2024-08-01,64.89361298766288,1.1176923076923078,2225,2.1126923076923076
NORTE,Libramiento Noroeste de Monterrey,22,2024-08-01,63.50617869030574,1.0569696969696971,2343,2.1321212121212123
NORTE,Libramiento Noroeste de Monterrey,23,2024-08-01,77.02002899232095,1.0304347826086957,1767,1.0556521739130436
NORTE,Avenida Licenciado Raúl Salinas Lozano,0,2024-08-02,37.860889009176205,1.0,6584,4.648148148148148
NORTE,Avenida Licenciado Raúl Salinas Lozano,1,2024-08-02,41.051698444611375,0.9554938271604938,4290,2.3582098765432096
NORTE,Avenida Licenciado Raúl Salinas Lozano,2,2024-08-02,41.61902804791867,1.0238848920863308,1762,2.301151079136691
NORTE,Avenida Licenciado Raúl Salinas Lozano,3,2024-08-02,45.033926351900035,0.9492307692307693,605,1.6766666666666667
NORTE,Avenida Licenciado Raúl Salinas Lozano,4,2024-08-02,43.2101333014942,0.9281889763779527,1387,1.6135433070866143
NORTE,Avenida Licenciado Raúl Salinas Lozano,5,2024-08-02,41.19951670275287,0.9779012345679011,3534,2.4412962962962963
NORTE,Avenida Licenciado Raúl Salinas Lozano,6,2024-08-02,36.24165396285332,1.0976543209876544,8592,3.7783333333333333
NORTE,Avenida Licenciado Raúl Salinas Lozano,7,2024-08-02,35.277141605172844,1.1476543209876542,13837,4.02783950617284
NORTE,Avenida Licenciado Raúl Salinas Lozano,8,2024-08-02,34.772221547140354,1.1513580246913582,15423,4.21716049382716
NORTE,Avenida Licenciado Raúl Salinas Lozano,9,2024-08-02,33.825032956269425,1.19179012345679,13084,4.567283950617284
NORTE,Avenida Licenciado Raúl Salinas Lozano,10,2024-08-02,34.77332512188296,1.1709876543209876,15412,4.396975308641975
NORTE,Avenida Licenciado Raúl Salinas Lozano,11,2024-08-02,33.53008704873846,1.1851851851851851,14357,5.114567901234568
NORTE,Avenida Licenciado Raúl Salinas Lozano,12,2024-08-02,32.99899731931127,1.2245061728395061,16867,4.909814814814815
NORTE,Avenida Licenciado Raúl Salinas Lozano,13,2024-08-02,32.23296234516077,1.2826543209876542,17988,4.870185185185186
NORTE,Avenida Licenciado Raúl Salinas Lozano,14,2024-08-02,29.766803646915,1.3739506172839506,16098,5.789444444444444
NORTE,Avenida Licenciado Raúl Salinas Lozano,15,2024-08-02,30.550846552663753,1.398641975308642,18742,5.95962962962963
NORTE,Avenida Licenciado Raúl Salinas Lozano,16,2024-08-02,31.477296076178693,1.3112962962962964,19930,5.25425925925926
NORTE,Avenida Licenciado Raúl Salinas Lozano,17,2024-08-02,30.357093330682105,1.3698148148148148,20704,5.872222222222223
NORTE,Avenida Licenciado Raúl Salinas Lozano,18,2024-08-02,29.37179642967611,1.5207407407407407,23387,5.910493827160494
NORTE,Avenida Licenciado Raúl Salinas Lozano,19,2024-08-02,29.037518963663413,1.5542592592592592,25461,6.351296296296296
NORTE,Avenida Licenciado Raúl Salinas Lozano,20,2024-08-02,28.8236093927209,1.4782716049382716,25181,6.301481481481481
NORTE,Avenida Licenciado Raúl Salinas Lozano,21,2024-08-02,33.110207237859576,1.2146296296296297,25534,5.331913580246914
NORTE,Avenida Licenciado Raúl Salinas Lozano,22,2024-08-02,33.15269836360155,1.1995061728395062,15675,5.1543827160493825
NORTE,Avenida Licenciado Raúl Salinas Lozano,23,2024-08-02,35.37921803425979,1.103827160493827,13197,4.072160493827161
NORTE,Avenida Parque Industrial,0,2024-08-02,43.59502351018102,1.0,6076,2.5370338983050846
NORTE,Avenida Parque Industrial,1,2024-08-02,41.758184716822946,1.032457627118644,3879,2.731949152542373
NORTE,Avenida Parque Industrial,2,2024-08-02,42.17442966454196,1.062087912087912,1486,2.546923076923077
NORTE,Avenida Parque Industrial,3,2024-08-02,47.31382742843736,0.955,1089,1.8756578947368423
NORTE,Avenida Parque Industrial,4,2024-08-02,43.88034266517866,0.9635789473684211,1467,2.3783157894736844
NORTE,Avenida Parque Industrial,5,2024-08-02,43.64589301078918,0.9989830508474576,4246,2.7550847457627117
NORTE,Avenida Parque Industrial,6,2024-08-02,39.90882269305776,1.0871186440677967,9309,3.421864406779661
NORTE,Avenida Parque Industrial,7,2024-08-02,37.57395699370555,1.1628813559322033,13389,3.5144915254237286
NORTE,Avenida Parque Industrial,8,2024-08-02,37.89537758469811,1.1924576271186442,15745,3.7886440677966102
NORTE,Avenida Parque Industrial,9,2024-08-02,39.76962792822378,1.134915254237288,10449,3.5487288135593222
NORTE,Avenida Parque Industrial,10,2024-08-02,38.01896830390968,1.178813559322034,11578,3.9683898305084746
NORTE,Avenida Parque Industrial,11,2024-08-02,39.58995914383681,1.1473728813559323,11706,3.58771186440678
NORTE,Avenida Parque Industrial,12,2024-08-02,38.27117456483748,1.1459166666666667,13503,4.024166666666667
NORTE,Avenida Parque Industrial,13,2024-08-02,37.61598288700987,1.2069491525423728,12976,3.82
NORTE,Avenida Parque Industrial,14,2024-08-02,37.334757825872394,1.2166101694915255,12487,3.8472033898305087
NORTE,Avenida Parque Industrial,15,2024-08-02,35.8612208265078,1.2355833333333335,13702,4.440166666666667
NORTE,Avenida Parque Industrial,16,2024-08-02,36.13550688610726,1.2466101694915255,14856,4.158474576271186
NORTE,Avenida Parque Industrial,17,2024-08-02,33.62611070240679,1.3840677966101695,14996,4.775254237288136
NORTE,Avenida Parque Industrial,18,2024-08-02,29.980938771626807,1.6784873949579833,19279,6.725546218487395
NORTE,Avenida Parque Industrial,19,2024-08-02,30.184426591913528,1.7178813559322035,16514,6.176610169491526
NORTE,Avenida Parque Industrial,20,2024-08-02,30.29529020024299,2.00725,16063,6.658833333333334
NORTE,Avenida Parque Industrial,21,2024-08-02,35.55021616750519,1.2470833333333333,16355,4.48325
NORTE,Avenida Parque Industrial,22,2024-08-02,37.24886576906636,1.2209322033898304,13003,3.676271186440678
NORTE,Avenida Parque Industrial,23,2024-08-02,38.563361359646144,1.1584745762711863,9724,3.181101694915254
NORTE,Libramiento Noroeste de Monterrey,0,2024-08-02,77.60046544428774,1.0,1336,1.2
NORTE,Libramiento Noroeste de Monterrey,1,2024-08-02,77.71044507130544,1.0182608695652176,927,1.7321739130434781
NORTE,Libramiento Noroeste de Monterrey,2,2024-08-02,77.64383717285692,1.0139130434782608,662,1.3343478260869566
NORTE,Libramiento Noroeste de Monterrey,3,2024-08-02,81.1731515436452,0.9717391304347827,544,1.1078260869565217
NORTE,Libramiento Noroeste de Monterrey,4,2024-08-02,83.44395980253877,0.9291304347826087,599,1.1708695652173913
NORTE,Libramiento Noroeste de Monterrey,5,2024-08-02,77.92237580316564,1.0060869565217392,1242,1.2934782608695652
NORTE,Libramiento Noroeste de Monterrey,6,2024-08-02,62.52014323701848,1.0972727272727274,3397,3.2584848484848483
NORTE,Libramiento Noroeste de Monterrey,7,2024-08-02,54.36094410330044,1.136388888888889,4842,3.1077777777777778
NORTE,Libramiento Noroeste de Monterrey,8,2024-08-02,49.138079210708774,1.4248484848484848,3994,6.648484848484848
NORTE,Libramiento Noroeste de Monterrey,9,2024-08-02,59.267370012140084,1.2724242424242425,2837,6.033333333333333
NORTE,Libramiento Noroeste de Monterrey,10,2024-08-02,60.205768735651915,1.2216666666666667,2609,4.237666666666667
NORTE,Libramiento Noroeste de Monterrey,11,2024-08-02,66.27894178028522,1.3039130434782609,1639,2.3908695652173915
NORTE,Libramiento Noroeste de Monterrey,12,2024-08-02,39.77114645388133,2.6323333333333334,1178,13.962
NORTE,Libramiento Noroeste de Monterrey,13,2024-08-02,36.11206579346398,3.1623333333333337,1001,15.157
NORTE,Libramiento Noroeste de Monterrey,14,2024-08-02,39.91252585801598,3.7621739130434784,770,12.615652173913045
NORTE,Libramiento Noroeste de Monterrey,15,2024-08-02,36.365677423495995,3.039615384615385,1406,9.971923076923076
NORTE,Libramiento Noroeste de Monterrey,16,2024-08-02,49.00708428191553,1.3436363636363637,3126,3.5548484848484847
NORTE,Libramiento Noroeste de Monterrey,17,2024-08-02,38.23745972122974,1.8342424242424242,4035,5.409090909090909
NORTE,Libramiento Noroeste de Monterrey,18,2024-08-02,45.464292753938885,1.4445454545454546,4243,3.8445454545454547
NORTE,Libramiento Noroeste de Monterrey,19,2024-08-02,44.496217182597974,2.0672727272727274,3468,5.463939393939394
NORTE,Libramiento Noroeste de Monterrey,20,2024-08-02,40.581099726648944,2.4996969696969695,2807,7.388484848484849
NORTE,Libramiento Noroeste de Monterrey,21,2024-08-02,53.29561947619668,1.2760606060606061,2703,3.5993939393939396
NORTE,Libramiento Noroeste de Monterrey,22,2024-08-02,61.827641397411,1.0560606060606061,2279,2.4366666666666665
NORTE,Libramiento Noroeste de Monterrey,23,2024-08-02,77.48553714151386,1.0069565217391305,1855,1.1282608695652174
NORTE,Avenida Licenciado Raúl Salinas Lozano,0,2024-08-03,39.4326430928078,1.0,10577,2.9301234567901235
NORTE,Avenida Licenciado Raúl Salinas Lozano,1,2024-08-03,37.72549471226784,1.0308024691358024,8664,3.2703086419753085
NORTE,Avenida Licenciado Raúl Salinas Lozano,2,2024-08-03,39.71825630035497,0.9957407407407407,5470,2.259814814814815
NORTE,Avenida Licenciado Raúl Salinas Lozano,3,2024-08-03,42.00443933837067,0.9396296296296296,3346,2.242283950617284
NORTE,Avenida Licenciado Raúl Salinas Lozano,4,2024-08-03,39.87526806887308,1.1581481481481481,2836,4.615
NORTE,Avenida Licenciado Raúl Salinas Lozano,5,2024-08-03,43.115830056117716,0.9724691358024691,3484,2.594382716049383
NORTE,Avenida Licenciado Raúl Salinas Lozano,6,2024-08-03,38.699675776589636,1.1291358024691358,6576,3.8072222222222223
NORTE,Avenida Licenciado Raúl Salinas Lozano,7,2024-08-03,38.86714757044172,1.0669135802469136,9341,3.85537037037037
NORTE,Avenida Licenciado Raúl Salinas Lozano,8,2024-08-03,36.620020657505194,1.1048765432098766,12834,3.7195061728395067
NORTE,Avenida Licenciado Raúl Salinas Lozano,9,2024-08-03,35.113330534812135,1.156358024691358,13563,4.251049382716049
NORTE,Avenida Licenciado Raúl Salinas Lozano,10,2024-08-03,34.557754297202955,1.1772839506172839,16387,4.757283950617284
NORTE,Avenida Licenciado Raúl Salinas Lozano,11,2024-08-03,32.62658926546183,1.2599382716049383,16874,5.625
NORTE,Avenida Licenciado Raúl Salinas Lozano,12,2024-08-03,32.381969790700076,1.3048148148148149,18107,5.2098148148148145
NORTE,Avenida Licenciado Raúl Salinas Lozano,13,2024-08-03,29.473650265859515,1.46,17669,5.801604938271605
NORTE,Avenida Licenciado Raúl Salinas Lozano,14,2024-08-03,29.943174922304216,1.4968518518518519,20592,5.900617283950617
NORTE,Avenida Licenciado Raúl Salinas Lozano,15,2024-08-03,30.00759172521468,1.5333333333333334,20434,5.850740740740741
NORTE,Avenida Licenciado Raúl Salinas Lozano,16,2024-08-03,29.465385790876823,1.518148148148148,22219,6.132037037037037
NORTE,Avenida Licenciado Raúl Salinas Lozano,17,2024-08-03,30.149528486000033,1.4108024691358025,24247,5.851728395061729
NORTE,Avenida Licenciado Raúl Salinas Lozano,18,2024-08-03,31.42761311917282,1.3737654320987656,23342,5.622407407407407
NORTE,Avenida Licenciado Raúl Salinas Lozano,19,2024-08-03,30.606172212157364,1.3398148148148148,22352,5.404567901234568
NORTE,Avenida Licenciado Raúl Salinas Lozano,20,2024-08-03,31.041379634130177,1.364567901234568,24948,5.330740740740741
NORTE,Avenida Licenciado Raúl Salinas Lozano,21,2024-08-03,29.663786215073724,1.3688888888888888,27014,6.860370370370371
NORTE,Avenida Licenciado Raúl Salinas Lozano,22,2024-08-03,35.00999256182523,1.136111111111111,26113,4.0525925925925925
NORTE,Avenida Licenciado Raúl Salinas Lozano,23,2024-08-03,36.217908878676745,1.1116049382716051,19582,3.9128395061728396
NORTE,Avenida Parque Industrial,0,2024-08-03,40.822853216849545,1.0,7703,3.254322033898305
NORTE,Avenida Parque Industrial,1,2024-08-03,42.20267573929108,0.96,6648,2.713728813559322
NORTE,Avenida Parque Industrial,2,2024-08-03,42.51997842530404,0.9776271186440678,4788,2.714745762711864
NORTE,Avenida Parque Industrial,3,2024-08-03,43.242046440633814,0.9559322033898305,2889,2.809237288135593
NORTE,Avenida Parque Industrial,4,2024-08-03,42.810028655579075,0.9532727272727273,2666,2.9388181818181818
NORTE,Avenida Parque Industrial,5,2024-08-03,41.10649405686841,0.984406779661017,2961,3.0210169491525427
NORTE,Avenida Parque Industrial,6,2024-08-03,42.35341204917417,0.9688983050847457,7319,2.7604237288135596
NORTE,Avenida Parque Industrial,7,2024-08-03,40.042380151279716,1.0584745762711865,9454,3.4881355932203393
NORTE,Avenida Parque Industrial,8,2024-08-03,38.75425375585003,1.098728813559322,12589,3.9334745762711867
NORTE,Avenida Parque Industrial,9,2024-08-03,40.01892462972442,1.0389166666666667,11717,3.30625
NORTE,Avenida Parque Industrial,10,2024-08-03,38.70062614317453,1.086186440677966,13017,3.888220338983051
NORTE,Avenida Parque Industrial,11,2024-08-03,38.084454294116675,1.1048305084745762,13632,3.935508474576271
NORTE,Avenida Parque Industrial,12,2024-08-03,37.453458280665515,1.1468644067796612,13218,4.084406779661017
NORTE,Avenida Parque Industrial,13,2024-08-03,36.025615758155084,1.20075,14359,4.38625
NORTE,Avenida Parque Industrial,14,2024-08-03,35.13679243906266,1.2055833333333332,15216,4.6845
NORTE,Avenida Parque Industrial,15,2024-08-03,35.75895571940911,1.20175,16052,4.702166666666667
NORTE,Avenida Parque Industrial,16,2024-08-03,35.13472003346279,1.2210169491525424,16699,4.576610169491525
NORTE,Avenida Parque Industrial,17,2024-08-03,37.73923365799337,1.1542372881355931,17045,4.751016949152542
NORTE,Avenida Parque Industrial,18,2024-08-03,36.006184362581195,1.1783606557377049,18888,4.555901639344262
NORTE,Avenida Parque Industrial,19,2024-08-03,36.52926743842419,1.1461666666666666,18193,3.9915000000000003
NORTE,Avenida Parque Industrial,20,2024-08-03,36.01682697864362,1.1836440677966102,19317,4.105593220338982
NORTE,Avenida Parque Industrial,21,2024-08-03,37.09422234778924,1.1531355932203389,21663,3.8845762711864404
NORTE,Avenida Parque Industrial,22,2024-08-03,36.7360451089142,1.1558196721311476,23900,3.8154918032786886
NORTE,Avenida Parque Industrial,23,2024-08-03,38.92617491281145,1.0835593220338984,19210,3.3660169491525425
NORTE,Libramiento Noroeste de Monterrey,0,2024-08-03,80.37787768374862,1.0,1500,1.0426086956521738
NORTE,Libramiento Noroeste de Monterrey,1,2024-08-03,80.50290314997649,0.998695652173913,1307,1.6139130434782607
NORTE,Libramiento Noroeste de Monterrey,2,2024-08-03,84.00416078984485,0.9652173913043478,1103,1.142608695652174
NORTE,Libramiento Noroeste de Monterrey,3,2024-08-03,82.2421415138693,1.0073913043478262,852,1.6326086956521741
NORTE,Libramiento Noroeste de Monterrey,4,2024-08-03,82.62263634226609,0.9721739130434782,926,0.8613043478260869
NORTE,Libramiento Noroeste de Monterrey,5,2024-08-03,78.6919699106723,1.0695652173913044,1176,2.252173913043478
NORTE,Libramiento Noroeste de Monterrey,6,2024-08-03,63.65354280507599,1.1733333333333333,1985,3.484545454545455
NORTE,Libramiento Noroeste de Monterrey,7,2024-08-03,66.38389167966125,1.0866666666666667,3034,1.865151515151515
NORTE,Libramiento Noroeste de Monterrey,8,2024-08-03,62.219435818286634,1.1557575757575758,3202,3.682424242424242
NORTE,Libramiento Noroeste de Monterrey,9,2024-08-03,64.53451050502206,1.1121212121212123,3221,2.178181818181818
NORTE,Libramiento Noroeste de Monterrey,10,2024-08-03,62.055492390533395,1.226060606060606,3044,3.9351515151515155
NORTE,Libramiento Noroeste de Monterrey,11,2024-08-03,64.29478189029298,1.0996969696969696,3065,2.2684848484848485
NORTE,Libramiento Noroeste de Monterrey,12,2024-08-03,60.375273550296335,1.2312121212121212,3472,3.309090909090909
NORTE,Libramiento Noroeste de Monterrey,13,2024-08-03,60.569023400869725,1.1996969696969697,3501,2.7627272727272727
NORTE,Libramiento Noroeste de Monterrey,14,2024-08-03,63.08871663137985,1.1766666666666665,4055,2.2824242424242427
NORTE,Libramiento Noroeste de Monterrey,15,2024-08-03,63.856295707936745,1.1245454545454545,4404,1.9954545454545454
NORTE,Libramiento Noroeste de Monterrey,16,2024-08-03,63.30209303499372,1.1721212121212121,4269,4.181818181818182
NORTE,Libramiento Noroeste de Monterrey,17,2024-08-03,68.48180528584977,1.0509090909090908,4056,2.602121212121212
NORTE,Libramiento Noroeste de Monterrey,18,2024-08-03,66.09019947454966,1.093030303030303,4307,3.786969696969697
NORTE,Libramiento Noroeste de Monterrey,19,2024-08-03,70.25537683396247,1.0127272727272727,4641,1.55
NORTE,Libramiento Noroeste de Monterrey,20,2024-08-03,65.46407917351816,1.0981818181818181,4305,1.4075757575757577
NORTE,Libramiento Noroeste de Monterrey,21,2024-08-03,66.73856747042682,1.091212121212121,3815,1.7566666666666666
NORTE,Libramiento Noroeste de Monterrey,22,2024-08-03,78.04082040432534,1.0369565217391306,3524,1.0252173913043479
NORTE,Libramiento Noroeste de Monterrey,23,2024-08-03,78.32823773703181,1.0269565217391305,3023,1.14
NORTE,Avenida Licenciado Raúl Salinas Lozano,0,2024-08-04,36.85341032948905,1.0,14455,3.5750617283950614
NORTE,Avenida Licenciado Raúl Salinas Lozano,1,2024-08-04,38.06872947137408,0.975246913580247,11270,3.4386419753086415
NORTE,Avenida Licenciado Raúl Salinas Lozano,2,2024-08-04,41.42070813633217,0.9111728395061729,6980,2.419753086419753
NORTE,Avenida Licenciado Raúl Salinas Lozano,3,2024-08-04,39.82495433991723,0.9517901234567901,4860,2.9014814814814818
NORTE,Avenida Licenciado Raúl Salinas Lozano,4,2024-08-04,42.744324157129604,0.8735185185185185,6644,2.1140123456790123
NORTE,Avenida Licenciado Raúl Salinas Lozano,5,2024-08-04,43.91908536226121,0.8498148148148147,3791,2.203950617283951
NORTE,Avenida Licenciado Raúl Salinas Lozano,6,2024-08-04,43.25265564933057,0.9051851851851853,3829,2.779320987654321
NORTE,Avenida Licenciado Raúl Salinas Lozano,7,2024-08-04,40.893828524295586,0.9206790123456791,5761,3.4737037037037037
NORTE,Avenida Licenciado Raúl Salinas Lozano,8,2024-08-04,39.89415017012063,0.9403086419753087,7965,3.271543209876543
NORTE,Avenida Licenciado Raúl Salinas Lozano,9,2024-08-04,38.27444692383604,1.0087654320987653,8935,4.115864197530864
NORTE,Avenida Licenciado Raúl Salinas Lozano,10,2024-08-04,38.253667719794386,0.998641975308642,12834,3.654691358024692
NORTE,Avenida Licenciado Raúl Salinas Lozano,11,2024-08-04,36.874592005066795,1.0219135802469137,11814,3.8447530864197534
NORTE,Avenida Licenciado Raúl Salinas Lozano,12,2024-08-04,36.56861624173332,1.0378395061728394,14046,4.010617283950618
NORTE,Avenida Licenciado Raúl Salinas Lozano,13,2024-08-04,35.33089291237683,1.093395061728395,15133,4.363703703703703
NORTE,Avenida Licenciado Raúl Salinas Lozano,14,2024-08-04,33.18002886895557,1.136111111111111,16242,4.518950617283951
NORTE,Avenida Licenciado Raúl Salinas Lozano,15,2024-08-04,34.05073240245681,1.1284567901234568,16506,4.593827160493827
NORTE,Avenida Licenciado Raúl Salinas Lozano,16,2024-08-04,35.19047085119232,1.1024691358024692,19575,4.618333333333333
NORTE,Avenida Licenciado Raúl Salinas Lozano,17,2024-08-04,34.188057494881654,1.1200617283950616,19576,4.747530864197531
NORTE,Avenida Licenciado Raúl Salinas Lozano,18,2024-08-04,33.46086304920979,1.1394444444444445,19747,4.474444444444445
NORTE,Avenida Licenciado Raúl Salinas Lozano,19,2024-08-04,33.69466568718425,1.1139506172839506,18895,4.762037037037038
NORTE,Avenida Licenciado Raúl Salinas Lozano,20,2024-08-04,32.81271025731666,1.1496913580246915,19124,4.708827160493827
NORTE,Avenida Licenciado Raúl Salinas Lozano,21,2024-08-04,35.82642522056766,1.0729012345679012,20338,4.3617283950617285
NORTE,Avenida Licenciado Raúl Salinas Lozano,22,2024-08-04,37.137379958169475,0.9948765432098765,17360,3.8262962962962965
NORTE,Avenida Licenciado Raúl Salinas Lozano,23,2024-08-04,38.34471410896558,0.9803086419753086,11972,3.5058024691358027
NORTE,Avenida Parque Industrial,0,2024-08-04,39.446185626776106,1.0,13910,3.1767796610169494
NORTE,Avenida Parque Industrial,1,2024-08-04,42.47489996936247,0.9344915254237288,9750,2.822457627118644
NORTE,Avenida Parque Industrial,2,2024-08-04,44.271171913268255,0.890593220338983,6511,2.4848305084745763
NORTE,Avenida Parque Industrial,3,2024-08-04,43.791435065852355,0.9058474576271186,6615,2.6291525423728817
NORTE,Avenida Parque Industrial,4,2024-08-04,44.068583316669205,0.9151694915254237,6708,2.6877118644067797
NORTE,Avenida Parque Industrial,5,2024-08-04,46.24148762665503,0.8659322033898305,7159,2.388220338983051
NORTE,Avenida Parque Industrial,6,2024-08-04,45.668655782697314,0.884406779661017,5602,2.6027118644067797
NORTE,Avenida Parque Industrial,7,2024-08-04,43.755757196610425,0.9102542372881356,5664,2.6838983050847456
NORTE,Avenida Parque Industrial,8,2024-08-04,43.53567273240956,0.936271186440678,6434,2.9460169491525425
NORTE,Avenida Parque Industrial,9,2024-08-04,43.02098964744819,0.9339830508474576,7532,3.1788983050847457
NORTE,Avenida Parque Industrial,10,2024-08-04,41.50778688750154,0.9807627118644068,8602,3.413389830508475
NORTE,Avenida Parque Industrial,11,2024-08-04,41.4145673227747,0.9804237288135593,7950,3.28635593220339
NORTE,Avenida Parque Industrial,12,2024-08-04,40.616815460445906,0.9943333333333333,11951,3.8020833333333335
NORTE,Avenida Parque Industrial,13,2024-08-04,39.6206166767263,1.0216949152542374,12973,3.6553389830508474
NORTE,Avenida Parque Industrial,14,2024-08-04,38.06322090119366,1.0894166666666665,12953,4.243166666666666
NORTE,Avenida Parque Industrial,15,2024-08-04,39.03649664363042,1.057457627118644,12133,3.9574576271186443
NORTE,Avenida Parque Industrial,16,2024-08-04,38.94807304575634,1.056779661016949,15091,3.844322033898305
NORTE,Avenida Parque Industrial,17,2024-08-04,39.38111682074106,1.0449152542372881,13763,3.7522881355932203
NORTE,Avenida Parque Industrial,18,2024-08-04,39.23533260072319,1.0413559322033898,14086,3.606949152542373
NORTE,Avenida Parque Industrial,19,2024-08-04,38.28801870540817,1.0722033898305083,15828,3.7533898305084743
NORTE,Avenida Parque Industrial,20,2024-08-04,36.652907831390046,1.1059166666666667,14589,3.8609999999999998
NORTE,Avenida Parque Industrial,21,2024-08-04,37.762707881185065,1.0642372881355933,13914,3.6272881355932203
NORTE,Avenida Parque Industrial,22,2024-08-04,39.70865776404695,0.9966949152542373,13768,3.5766101694915258
NORTE,Avenida Parque Industrial,23,2024-08-04,41.12055888736211,0.9651694915254238,10156,3.055677966101695
NORTE,Libramiento Noroeste de Monterrey,0,2024-08-04,74.94998609515748,1.0,2511,0.993103448275862
NORTE,Libramiento Noroeste de Monterrey,1,2024-08-04,80.61408243222066,0.9921739130434782,1858,1.4082608695652175
NORTE,Libramiento Noroeste de Monterrey,2,2024-08-04,84.61135206080552,0.9630434782608696,1336,1.067826086956522
NORTE,Libramiento Noroeste de Monterrey,3,2024-08-04,83.39096419056574,0.9678260869565216,1043,0.9834782608695651
NORTE,Libramiento Noroeste de Monterrey,4,2024-08-04,85.22922308415608,0.9434782608695652,1234,1.0456521739130435
NORTE,Libramiento Noroeste de Monterrey,5,2024-08-04,86.5669511048425,0.9626086956521739,1258,1.434782608695652
NORTE,Libramiento Noroeste de Monterrey,6,2024-08-04,78.98536474239671,0.934516129032258,1506,1.3241935483870966
NORTE,Libramiento Noroeste de Monterrey,7,2024-08-04,90.01659888732173,0.8991304347826087,1604,0.9539130434782609
NORTE,Libramiento Noroeste de Monterrey,8,2024-08-04,88.52682534085567,0.911304347826087,1954,1.056521739130435
NORTE,Libramiento Noroeste de Monterrey,9,2024-08-04,75.55633342985185,0.9693939393939395,2243,1.6227272727272728
NORTE,Libramiento Noroeste de Monterrey,10,2024-08-04,76.35792200064287,0.9430303030303031,2814,1.4224242424242424
NORTE,Libramiento Noroeste de Monterrey,11,2024-08-04,86.8579109857389,0.9330434782608696,2434,0.9834782608695652
NORTE,Libramiento Noroeste de Monterrey,12,2024-08-04,72.33997327588267,0.9812121212121213,2725,1.5745454545454545
NORTE,Libramiento Noroeste de Monterrey,13,2024-08-04,72.97361617685735,1.0057575757575756,3458,1.7527272727272727
NORTE,Libramiento Noroeste de Monterrey,14,2024-08-04,72.5736246775706,0.9975757575757577,3309,1.6936363636363636
NORTE,Libramiento Noroeste de Monterrey,15,2024-08-04,74.20834398136219,1.0166666666666666,3502,1.713939393939394
NORTE,Libramiento Noroeste de Monterrey,16,2024-08-04,73.23465395455838,1.0257575757575759,3290,1.973030303030303
NORTE,Libramiento Noroeste de Monterrey,17,2024-08-04,73.9231570055175,1.0057575757575756,3853,1.7315151515151515
NORTE,Libramiento Noroeste de Monterrey,18,2024-08-04,73.59577966151222,1.0142424242424242,3828,1.7469696969696968
NORTE,Libramiento Noroeste de Monterrey,19,2024-08-04,83.77134540040747,0.9630434782608696,3554,0.8986956521739131
NORTE,Libramiento Noroeste de Monterrey,20,2024-08-04,67.02984759815003,1.0815151515151515,3813,1.4948484848484849
NORTE,Libramiento Noroeste de Monterrey,21,2024-08-04,68.18580301190897,1.0778787878787879,3000,1.2054545454545456
NORTE,Libramiento Noroeste de Monterrey,22,2024-08-04,69.3782782867875,1.066969696969697,2745,1.51
NORTE,Libramiento Noroeste de Monterrey,23,2024-08-04,80.65751057827927,1.0104347826086957,1846,1.7043478260869567
NORTE,Avenida Licenciado Raúl Salinas Lozano,0,2024-08-05,39.69815058253428,1.0,8112,3.542160493827161
NORTE,Avenida Licenciado Raúl Salinas Lozano,1,2024-08-05,38.50695045881019,1.0809876543209878,5264,3.4324691358024695
NORTE,Avenida Licenciado Raúl Salinas Lozano,2,2024-08-05,39.49634361859078,1.276346153846154,2656,3.746923076923077
NORTE,Avenida Licenciado Raúl Salinas Lozano,3,2024-08-05,41.372485203056435,1.1534782608695653,258,3.0595652173913046
NORTE,Avenida Licenciado Raúl Salinas Lozano,4,2024-08-05,45.62717880558006,0.9361403508771929,1470,1.5276315789473685
NORTE,Avenida Licenciado Raúl Salinas Lozano,5,2024-08-05,34.83625667307704,1.3056953642384106,2956,3.5519867549668875
NORTE,Avenida Licenciado Raúl Salinas Lozano,6,2024-08-05,36.070150273224044,1.1467283950617284,11612,4.005493827160493
NORTE,Avenida Licenciado Raúl Salinas Lozano,7,2024-08-05,36.315894127524196,1.1435185185185186,19123,3.9823456790123455
NORTE,Avenida Licenciado Raúl Salinas Lozano,8,2024-08-05,36.80028537551736,1.1291975308641975,17261,3.790925925925926
NORTE,Avenida Licenciado Raúl Salinas Lozano,9,2024-08-05,34.909658028073586,1.1780246913580248,12553,4.248086419753086
NORTE,Avenida Licenciado Raúl Salinas Lozano,10,2024-08-05,35.588271986802766,1.1690740740740742,13239,3.9568518518518516
NORTE,Avenida Licenciado Raúl Salinas Lozano,11,2024-08-05,31.45926439397287,1.3328395061728395,13915,5.109197530864198
NORTE,Avenida Licenciado Raúl Salinas Lozano,12,2024-08-05,32.55588904599885,1.286111111111111,13844,4.91395061728395
NORTE,Avenida Licenciado Raúl Salinas Lozano,13,2024-08-05,31.38098386431591,1.320925925925926,17732,4.716296296296296
NORTE,Avenida Licenciado Raúl Salinas Lozano,14,2024-08-05,33.130322161342114,1.2780864197530866,15550,4.821234567901234
NORTE,Avenida Licenciado Raúl Salinas Lozano,15,2024-08-05,30.690182345749932,1.423888888888889,13345,5.369074074074073
NORTE,Avenida Licenciado Raúl Salinas Lozano,16,2024-08-05,31.476260991560252,1.3706790123456791,14506,5.287901234567901
NORTE,Avenida Licenciado Raúl Salinas Lozano,17,2024-08-05,29.842578027189845,1.4553086419753085,18268,5.502962962962963
NORTE,Avenida Licenciado Raúl Salinas Lozano,18,2024-08-05,29.57055513823222,1.564320987654321,19184,5.867901234567902
NORTE,Avenida Licenciado Raúl Salinas Lozano,19,2024-08-05,28.531586098714154,1.5362345679012346,21954,5.926728395061728
NORTE,Avenida Licenciado Raúl Salinas Lozano,20,2024-08-05,29.028534974150507,1.5092592592592593,20534,5.838827160493827
NORTE,Avenida Licenciado Raúl Salinas Lozano,21,2024-08-05,34.20640750887426,1.2008024691358026,18258,4.257530864197531
NORTE,Avenida Licenciado Raúl Salinas Lozano,22,2024-08-05,34.10135267995228,1.1650617283950617,13376,4.6856790123456795
NORTE,Avenida Licenciado Raúl Salinas Lozano,23,2024-08-05,37.96554983577099,1.040246913580247,7604,3.0555555555555554
NORTE,Avenida Parque Industrial,0,2024-08-05,42.439600024216496,1.0,8452,3.0022033898305085
NORTE,Avenida Parque Industrial,1,2024-08-05,43.879797205196276,0.983813559322034,5123,2.9088983050847457
NORTE,Avenida Parque Industrial,2,2024-08-05,45.99991842982715,0.9830232558139536,1539,1.3532558139534883
NORTE,Avenida Parque Industrial,3,2024-08-05,49.462954835917586,0.85671875,670,1.4284375
NORTE,Avenida Parque Industrial,4,2024-08-05,48.53636547094663,0.8633050847457627,1899,1.9769491525423728
NORTE,Avenida Parque Industrial,5,2024-08-05,39.53301295399049,1.107457627118644,3227,3.161949152542373
NORTE,Avenida Parque Industrial,6,2024-08-05,39.59762880148528,1.083050847457627,10728,3.421186440677966
NORTE,Avenida Parque Industrial,7,2024-08-05,37.27132198215685,1.1883050847457628,15368,3.9966949152542375
NORTE,Avenida Parque Industrial,8,2024-08-05,37.78648077448756,1.170169491525424,14593,3.6950847457627116
NORTE,Avenida Parque Industrial,9,2024-08-05,38.49373673367175,1.1157627118644067,10906,3.29135593220339
NORTE,Avenida Parque Industrial,10,2024-08-05,38.4296894234456,1.1300000000000001,11049,3.4991525423728813
NORTE,Avenida Parque Industrial,11,2024-08-05,38.106583034143426,1.142542372881356,11161,3.7003389830508473
NORTE,Avenida Parque Industrial,12,2024-08-05,37.635916365030646,1.1372033898305085,11304,3.68864406779661
NORTE,Avenida Parque Industrial,13,2024-08-05,38.23281463556926,1.1320338983050848,13918,3.85864406779661
NORTE,Avenida Parque Industrial,14,2024-08-05,36.74001812567994,1.2227118644067796,13256,4.315254237288135
NORTE,Avenida Parque Industrial,15,2024-08-05,37.01378377237962,1.1937288135593223,12628,3.923135593220339
NORTE,Avenida Parque Industrial,16,2024-08-05,37.52841897472495,1.1897457627118646,13794,3.925169491525424
NORTE,Avenida Parque Industrial,17,2024-08-05,34.37566921001022,1.3184745762711865,15882,4.5618644067796605
NORTE,Avenida Parque Industrial,18,2024-08-05,34.49791371222364,1.327542372881356,17501,4.842372881355932
NORTE,Avenida Parque Industrial,19,2024-08-05,34.847904447579545,1.281101694915254,16046,4.6125423728813555
NORTE,Avenida Parque Industrial,20,2024-08-05,34.27153791647464,1.3415833333333333,14302,4.268083333333333
NORTE,Avenida Parque Industrial,21,2024-08-05,37.27547089158899,1.2047457627118643,11943,3.989152542372881
NORTE,Avenida Parque Industrial,22,2024-08-05,38.133515629729786,1.1410169491525426,9913,3.601186440677966
NORTE,Avenida Parque Industrial,23,2024-08-05,40.89206157594348,1.032457627118644,5653,2.8094915254237285
NORTE,Libramiento Noroeste de Monterrey,0,2024-08-05,82.05930614323773,1.0,1551,0.8204347826086957
NORTE,Libramiento Noroeste de Monterrey,1,2024-08-05,83.72573812881993,0.9656521739130435,1144,1.1230434782608696
NORTE,Libramiento Noroeste de Monterrey,2,2024-08-05,85.54939468735307,0.9504347826086956,639,1.2995652173913044
NORTE,Libramiento Noroeste de Monterrey,3,2024-08-05,87.32503016768531,0.9304347826086956,449,0.8682608695652173
NORTE,Libramiento Noroeste de Monterrey,4,2024-08-05,86.77318131954239,0.9447826086956522,559,0.8256521739130436
NORTE,Libramiento Noroeste de Monterrey,5,2024-08-05,82.69042352295878,0.991304347826087,1232,0.9213043478260871
NORTE,Libramiento Noroeste de Monterrey,6,2024-08-05,54.4746802010571,1.5096296296296297,3747,4.323333333333333
NORTE,Libramiento Noroeste de Monterrey,7,2024-08-05,49.527545915778795,1.4427027027027028,5120,4.182162162162163
NORTE,Libramiento Noroeste de Monterrey,8,2024-08-05,64.61299188229326,0.9467567567567567,4517,1.8105405405405404
NORTE,Libramiento Noroeste de Monterrey,9,2024-08-05,60.05556969389463,1.1854545454545453,2704,3.520909090909091
NORTE,Libramiento Noroeste de Monterrey,10,2024-08-05,58.44529764450549,1.3666666666666667,2564,3.9584848484848485
NORTE,Libramiento Noroeste de Monterrey,11,2024-08-05,56.327466601494535,1.4448484848484848,2356,7.165757575757576
NORTE,Libramiento Noroeste de Monterrey,12,2024-08-05,56.3787926464409,1.5711111111111111,2251,7.262962962962963
NORTE,Libramiento Noroeste de Monterrey,13,2024-08-05,63.437767394250734,1.205925925925926,2333,3.733703703703704
NORTE,Libramiento Noroeste de Monterrey,14,2024-08-05,62.28349113977638,1.3048148148148146,2461,3.4099999999999997
NORTE,Libramiento Noroeste de Monterrey,15,2024-08-05,65.23543868295596,1.1677777777777778,2385,3.053703703703704
NORTE,Libramiento Noroeste de Monterrey,16,2024-08-05,61.83794532447489,1.1566666666666667,3294,3.190909090909091
NORTE,Libramiento Noroeste de Monterrey,17,2024-08-05,56.452532282786855,1.2993939393939395,4303,2.7124242424242424
NORTE,Libramiento Noroeste de Monterrey,18,2024-08-05,59.13963935723982,1.249090909090909,4534,2.4987878787878786
NORTE,Libramiento Noroeste de Monterrey,19,2024-08-05,47.82250005977064,1.8093939393939393,3389,4.517878787878788
NORTE,Libramiento Noroeste de Monterrey,20,2024-08-05,62.55818841019919,1.1629032258064516,2595,2.1738709677419354
NORTE,Libramiento Noroeste de Monterrey,21,2024-08-05,66.2532925653293,1.053030303030303,2490,2.1375757575757577
NORTE,Libramiento Noroeste de Monterrey,22,2024-08-05,63.519062052550346,1.1063636363636362,1869,1.7193939393939395
NORTE,Libramiento Noroeste de Monterrey,23,2024-08-05,76.07698871650211,1.0830434782608696,1535,1.0943478260869566
NORTE,Avenida Licenciado Raúl Salinas Lozano,0,2024-08-06,39.19433133754585,1.0,4644,2.88641975308642
NORTE,Avenida Licenciado Raúl Salinas Lozano,1,2024-08-06,40.10746500478567,0.9777777777777779,2015,2.5115972222222225
NORTE,Avenida Licenciado Raúl Salinas Lozano,2,2024-08-06,40.31358726861235,1.2332432432432434,852,3.5727027027027027
NORTE,Avenida Licenciado Raúl Salinas Lozano,3,2024-08-06,39.131957682753,1.0918627450980392,1187,2.6591176470588236
NORTE,Avenida Licenciado Raúl Salinas Lozano,4,2024-08-06,53.399348096288975,0.91875,80,0.57375
NORTE,Avenida Licenciado Raúl Salinas Lozano,5,2024-08-06,33.37299443126114,1.251970802919708,3591,3.5962773722627737
NORTE,Avenida Licenciado Raúl Salinas Lozano,6,2024-08-06,36.9945983017395,1.1246913580246913,10980,3.375
NORTE,Avenida Licenciado Raúl Salinas Lozano,7,2024-08-06,36.86815779977318,1.1670987654320988,18789,3.7399999999999998
NORTE,Avenida Licenciado Raúl Salinas Lozano,8,2024-08-06,34.66471469812794,1.195925925925926,15374,3.9012345679012346
NORTE,Avenida Licenciado Raúl Salinas Lozano,9,2024-08-06,33.88576289160886,1.2394444444444443,15473,4.7921604938271605
NORTE,Avenida Licenciado Raúl Salinas Lozano,10,2024-08-06,33.33691378345338,1.2535802469135804,14216,4.53
NORTE,Avenida Licenciado Raúl Salinas Lozano,11,2024-08-06,32.02928836551633,1.3332098765432099,14327,4.926604938271605
NORTE,Avenida Licenciado Raúl Salinas Lozano,12,2024-08-06,32.26902018617531,1.3193827160493827,14270,4.455
NORTE,Avenida Licenciado Raúl Salinas Lozano,13,2024-08-06,31.294595540040948,1.4034567901234567,15671,5.337037037037037
NORTE,Avenida Licenciado Raúl Salinas Lozano,14,2024-08-06,30.491385709866996,1.5128395061728397,16819,5.138518518518519
NORTE,Avenida Licenciado Raúl Salinas Lozano,15,2024-08-06,31.766470770182494,1.422901234567901,15936,5.223765432098766
NORTE,Avenida Licenciado Raúl Salinas Lozano,16,2024-08-06,31.364176903362644,1.3535185185185186,17199,4.698950617283951
NORTE,Avenida Licenciado Raúl Salinas Lozano,17,2024-08-06,28.83931130602566,1.6631481481481483,16098,5.801049382716049
NORTE,Avenida Licenciado Raúl Salinas Lozano,18,2024-08-06,26.989301732137335,1.914506172839506,18696,6.724012345679012
NORTE,Avenida Licenciado Raúl Salinas Lozano,19,2024-08-06,27.126000287216648,1.9535185185185184,21222,6.929753086419752
NORTE,Avenida Licenciado Raúl Salinas Lozano,20,2024-08-06,28.76454347281752,1.6707407407407409,19765,5.852407407407408
NORTE,Avenida Licenciado Raúl Salinas Lozano,21,2024-08-06,33.737873013418174,1.232962962962963,16063,4.291172839506173
NORTE,Avenida Licenciado Raúl Salinas Lozano,22,2024-08-06,36.347707237859574,1.170246913580247,11916,3.4008641975308644
NORTE,Avenida Licenciado Raúl Salinas Lozano,23,2024-08-06,36.743420713475615,1.127037037037037,6804,4.483333333333333
NORTE,Avenida Parque Industrial,0,2024-08-06,42.53578776076304,1.0,4335,2.4089830508474575
NORTE,Avenida Parque Industrial,1,2024-08-06,47.44317324150634,0.9234745762711865,2354,2.279915254237288
NORTE,Avenida Parque Industrial,2,2024-08-06,41.407489152414925,1.04265625,764,2.7603125
NORTE,Avenida Parque Industrial,3,2024-08-06,41.151428571428575,1.0789285714285715,318,2.8432142857142857
NORTE,Avenida Parque Industrial,4,2024-08-06,46.68915640032852,0.9325641025641025,456,1.1343589743589744
NORTE,Avenida Parque Industrial,5,2024-08-06,39.42682270406525,1.1076271186440676,3832,2.9160169491525427
NORTE,Avenida Parque Industrial,6,2024-08-06,39.969571423067684,1.0783898305084745,11193,3.380169491525424
NORTE,Avenida Parque Industrial,7,2024-08-06,37.25697829504864,1.1953389830508476,16304,3.7370338983050844
NORTE,Avenida Parque Industrial,8,2024-08-06,37.589311337960474,1.2005042016806724,15086,3.87890756302521
NORTE,Avenida Parque Industrial,9,2024-08-06,39.67056099713255,1.1333050847457626,11471,3.4767796610169492
NORTE,Avenida Parque Industrial,10,2024-08-06,39.23966625266244,1.1305084745762712,12283,3.6633050847457627
NORTE,Avenida Parque Industrial,11,2024-08-06,37.9163292562784,1.1746610169491527,11077,3.6664406779661016
NORTE,Avenida Parque Industrial,12,2024-08-06,37.55543816262845,1.205593220338983,11084,4.063135593220339
NORTE,Avenida Parque Industrial,13,2024-08-06,38.170935252062534,1.1862711864406779,11993,3.881016949152542
NORTE,Avenida Parque Industrial,14,2024-08-06,38.127770816554545,1.1999152542372882,12822,3.773474576271186
NORTE,Avenida Parque Industrial,15,2024-08-06,36.863859529429796,1.1983333333333335,12743,4.21725
NORTE,Avenida Parque Industrial,16,2024-08-06,36.10423274987479,1.2429661016949152,13279,4.053813559322034
NORTE,Avenida Parque Industrial,17,2024-08-06,35.00038617971942,1.3257627118644069,13473,4.557796610169492
NORTE,Avenida Parque Industrial,18,2024-08-06,32.387237539970975,1.4910169491525425,15454,5.46271186440678
NORTE,Avenida Parque Industrial,19,2024-08-06,35.25864972139392,1.3960000000000001,14548,4.580166666666667
NORTE,Avenida Parque Industrial,20,2024-08-06,34.44074425362743,1.3207627118644067,15200,4.739915254237289
NORTE,Avenida Parque Industrial,21,2024-08-06,35.92443022438785,1.2656779661016948,12291,4.203983050847458
NORTE,Avenida Parque Industrial,22,2024-08-06,37.80403314724547,1.1937288135593223,10261,3.651016949152542
NORTE,Avenida Parque Industrial,23,2024-08-06,41.10166048106436,1.0530508474576272,5715,2.9044067796610173
NORTE,Libramiento Noroeste de Monterrey,0,2024-08-06,80.87442172073342,1.0,1019,1.0382608695652173
NORTE,Libramiento Noroeste de Monterrey,1,2024-08-06,84.05002781695659,0.9543478260869565,869,0.8882608695652173
NORTE,Libramiento Noroeste de Monterrey,2,2024-08-06,83.48862795800031,0.956086956521739,365,0.7652173913043478
NORTE,Libramiento Noroeste de Monterrey,3,2024-08-06,86.6234257953299,0.9347826086956522,559,0.777391304347826
NORTE,Libramiento Noroeste de Monterrey,4,2024-08-06,82.86143081021783,0.9852173913043478,754,0.8339130434782609
NORTE,Libramiento Noroeste de Monterrey,5,2024-08-06,79.99731115812568,1.0152173913043478,1449,1.2043478260869565
NORTE,Libramiento Noroeste de Monterrey,6,2024-08-06,60.5100686026304,1.1516666666666666,3693,2.308
NORTE,Libramiento Noroeste de Monterrey,7,2024-08-06,52.0341867072552,1.3037837837837838,5205,3.2378378378378376
NORTE,Libramiento Noroeste de Monterrey,8,2024-08-06,54.5519635319401,1.2445454545454546,3847,3.587272727272727
NORTE,Libramiento Noroeste de Monterrey,9,2024-08-06,64.69464485032978,1.171891891891892,2444,1.904864864864865
NORTE,Libramiento Noroeste de Monterrey,10,2024-08-06,74.93334156088387,1.0634782608695652,1875,1.6565217391304348
NORTE,Libramiento Noroeste de Monterrey,11,2024-08-06,73.65178851277228,1.093913043478261,1515,1.6360869565217393
NORTE,Libramiento Noroeste de Monterrey,12,2024-08-06,62.2842056747574,1.0981818181818181,1888,2.012121212121212
NORTE,Libramiento Noroeste de Monterrey,13,2024-08-06,62.53345429139914,1.1163636363636364,2240,2.2836363636363637
NORTE,Libramiento Noroeste de Monterrey,14,2024-08-06,65.06464156296303,1.1677777777777778,1686,3.011851851851852
NORTE,Libramiento Noroeste de Monterrey,15,2024-08-06,53.97482380943526,1.2993939393939395,2237,4.371515151515152
NORTE,Libramiento Noroeste de Monterrey,16,2024-08-06,60.22974877735835,1.157878787878788,3541,2.4196969696969695
NORTE,Libramiento Noroeste de Monterrey,17,2024-08-06,59.60679392942814,1.1557575757575758,4687,2.1145454545454547
NORTE,Libramiento Noroeste de Monterrey,18,2024-08-06,58.97619481509621,1.169090909090909,4011,2.1575757575757577
NORTE,Libramiento Noroeste de Monterrey,19,2024-08-06,63.13297904839828,1.0915151515151515,3135,1.725151515151515
NORTE,Libramiento Noroeste de Monterrey,20,2024-08-06,66.92062020059551,1.2017391304347826,2402,1.9743478260869565
NORTE,Libramiento Noroeste de Monterrey,21,2024-08-06,63.45920773352389,1.0942424242424242,2708,1.946969696969697
NORTE,Libramiento Noroeste de Monterrey,22,2024-08-06,73.26611346183984,1.1152173913043477,1899,1.2760869565217392
NORTE,Libramiento Noroeste de Monterrey,23,2024-08-06,74.52645039962388,1.098695652173913,1469,1.5743478260869566
NORTE,Avenida Licenciado Raúl Salinas Lozano,0,2024-08-07,37.84309814708438,1.0,6286,3.2402469135802465
NORTE,Avenida Licenciado Raúl Salinas Lozano,1,2024-08-07,40.535461682353116,0.9878395061728396,2294,2.154135802469136
NORTE,Avenida Licenciado Raúl Salinas Lozano,2,2024-08-07,40.72884034723533,0.9717499999999999,493,1.605
NORTE,Avenida Licenciado Raúl Salinas Lozano,3,2024-08-07,33.51803096020849,1.1603333333333334,331,3.7923333333333336
NORTE,Avenida Licenciado Raúl Salinas Lozano,4,2024-08-07,41.7637631495059,0.961,108,0.8549999999999999
NORTE,Avenida Licenciado Raúl Salinas Lozano,5,2024-08-07,37.70237671777651,1.124320987654321,3869,3.226296296296296
NORTE,Avenida Licenciado Raúl Salinas Lozano,6,2024-08-07,36.85347440089553,1.0680246913580247,11768,3.519135802469136
NORTE,Avenida Licenciado Raúl Salinas Lozano,7,2024-08-07,37.08146384752478,1.0939506172839506,17380,3.6246913580246916
NORTE,Avenida Licenciado Raúl Salinas Lozano,8,2024-08-07,36.3595516106226,1.1174074074074074,15212,3.913827160493827
NORTE,Avenida Licenciado Raúl Salinas Lozano,9,2024-08-07,36.92785891034422,1.0889506172839507,15064,3.6231481481481485
NORTE,Avenida Licenciado Raúl Salinas Lozano,10,2024-08-07,35.12608497930567,1.132037037037037,13403,4.008641975308642
NORTE,Avenida Licenciado Raúl Salinas Lozano,11,2024-08-07,32.780927893891864,1.2362962962962962,14227,4.514012345679013
NORTE,Avenida Licenciado Raúl Salinas Lozano,12,2024-08-07,32.795833333333334,1.290246913580247,14529,4.981111111111111
NORTE,Avenida Licenciado Raúl Salinas Lozano,13,2024-08-07,31.460319546934148,1.326358024691358,17459,5.154567901234568
NORTE,Avenida Licenciado Raúl Salinas Lozano,14,2024-08-07,31.648913179561962,1.3353086419753086,13027,5.02104938271605
NORTE,Avenida Licenciado Raúl Salinas Lozano,15,2024-08-07,32.790415985447694,1.3041975308641975,13608,4.534814814814815
NORTE,Avenida Licenciado Raúl Salinas Lozano,16,2024-08-07,31.848082644749827,1.2714197530864197,14233,4.915061728395062
NORTE,Avenida Licenciado Raúl Salinas Lozano,17,2024-08-07,30.850934927017516,1.3709876543209876,18251,5.320925925925926
NORTE,Avenida Licenciado Raúl Salinas Lozano,18,2024-08-07,29.34891925529878,1.4667901234567902,20702,6.047592592592593
NORTE,Avenida Licenciado Raúl Salinas Lozano,19,2024-08-07,29.911487561309713,1.441358024691358,23287,5.404567901234568
NORTE,Avenida Licenciado Raúl Salinas Lozano,20,2024-08-07,30.07807800509626,1.3794444444444445,22120,5.274876543209876
NORTE,Avenida Licenciado Raúl Salinas Lozano,21,2024-08-07,32.77999020517579,1.2458641975308642,18667,5.060802469135803
NORTE,Avenida Licenciado Raúl Salinas Lozano,22,2024-08-07,35.11485462418806,1.1406172839506172,13564,4.443765432098766
NORTE,Avenida Licenciado Raúl Salinas Lozano,23,2024-08-07,36.796875598368025,1.0806790123456789,7160,3.1566666666666667
NORTE,Avenida Parque Industrial,0,2024-08-07,42.91021073854807,1.0,5500,2.5835593220338984
NORTE,Avenida Parque Industrial,1,2024-08-07,44.52864974260604,1.0026785714285713,2532,2.045714285714286
NORTE,Avenida Parque Industrial,2,2024-08-07,49.86354721345445,0.9836,267,1.2104000000000001
NORTE,Avenida Parque Industrial,4,2024-08-07,42.26990843128581,1.0073170731707317,450,2.5612195121951222
NORTE,Avenida Parque Industrial,5,2024-08-07,39.59606812173559,1.1427966101694915,3598,3.3952542372881354
NORTE,Avenida Parque Industrial,6,2024-08-07,38.71778132871508,1.130169491525424,11126,3.4639830508474576
NORTE,Avenida Parque Industrial,7,2024-08-07,38.35267729868662,1.1576271186440676,15104,3.643389830508475
NORTE,Avenida Parque Industrial,8,2024-08-07,38.1337554097266,1.1670338983050847,15357,3.5720338983050848
NORTE,Avenida Parque Industrial,9,2024-08-07,38.81078312844099,1.1738135593220338,12097,4.121440677966102
NORTE,Avenida Parque Industrial,10,2024-08-07,38.96849397247759,1.1560169491525423,11527,3.805
NORTE,Avenida Parque Industrial,11,2024-08-07,38.04426995521783,1.1835593220338982,12013,3.661101694915254
NORTE,Avenida Parque Industrial,12,2024-08-07,38.80125081868266,1.1685593220338983,12491,3.616186440677966
NORTE,Avenida Parque Industrial,13,2024-08-07,37.897313803585874,1.214406779661017,13735,3.91635593220339
NORTE,Avenida Parque Industrial,14,2024-08-07,37.083436100557165,1.2261016949152543,11702,3.8384745762711865
NORTE,Avenida Parque Industrial,15,2024-08-07,36.10137501995109,1.2430508474576272,11098,3.8743220338983053
NORTE,Avenida Parque Industrial,16,2024-08-07,36.1930230808886,1.2401694915254238,10986,4.196440677966102
NORTE,Avenida Parque Industrial,17,2024-08-07,35.29768608499717,1.3149166666666665,15018,4.38
NORTE,Avenida Parque Industrial,18,2024-08-07,29.211725003348114,1.843135593220339,17824,7.040169491525424
NORTE,Avenida Parque Industrial,19,2024-08-07,30.900106898023665,1.5668333333333335,15372,5.948083333333333
NORTE,Avenida Parque Industrial,20,2024-08-07,34.188170608879744,1.2922881355932203,14627,4.171271186440678
NORTE,Avenida Parque Industrial,21,2024-08-07,36.23800632197298,1.2523728813559323,12508,4.02542372881356
NORTE,Avenida Parque Industrial,22,2024-08-07,38.33446591242352,1.16725,9830,3.609166666666667
NORTE,Avenida Parque Industrial,23,2024-08-07,40.41103758510172,1.099915254237288,6241,2.9503389830508473
NORTE,Libramiento Noroeste de Monterrey,0,2024-08-07,76.66075184140416,1.0,1086,1.33
NORTE,Libramiento Noroeste de Monterrey,1,2024-08-07,82.460158674189,0.9247826086956522,774,0.7626086956521739
NORTE,Libramiento Noroeste de Monterrey,2,2024-08-07,85.61295917567779,0.8952173913043479,673,0.7369565217391304
NORTE,Libramiento Noroeste de Monterrey,3,2024-08-07,80.36040314997648,0.97,527,1.2939130434782609
NORTE,Libramiento Noroeste de Monterrey,4,2024-08-07,81.46037572480803,0.9608695652173914,769,0.9952173913043478
NORTE,Libramiento Noroeste de Monterrey,5,2024-08-07,72.31968230457652,0.9593103448275863,1354,1.3079310344827586
NORTE,Libramiento Noroeste de Monterrey,6,2024-08-07,57.44827767579873,1.0960606060606062,3754,3.318484848484849
NORTE,Libramiento Noroeste de Monterrey,7,2024-08-07,47.537610386734215,1.1853846153846153,5039,3.7751282051282047
NORTE,Libramiento Noroeste de Monterrey,8,2024-08-07,58.40503652968036,0.9651351351351352,4803,3.06027027027027
NORTE,Libramiento Noroeste de Monterrey,9,2024-08-07,62.71834586745794,1.0024242424242424,2368,2.741212121212121
NORTE,Libramiento Noroeste de Monterrey,10,2024-08-07,64.89201783024606,0.9636363636363636,1880,2.3763636363636365
NORTE,Libramiento Noroeste de Monterrey,11,2024-08-07,74.66586702711174,1.0178260869565217,1668,1.6665217391304348
NORTE,Libramiento Noroeste de Monterrey,12,2024-08-07,59.85240175233083,1.2238461538461538,1386,5.8173076923076925
NORTE,Libramiento Noroeste de Monterrey,13,2024-08-07,47.41354030799147,1.4266666666666665,2135,8.514848484848486
NORTE,Libramiento Noroeste de Monterrey,14,2024-08-07,58.432231516925725,1.0775757575757576,2415,2.392121212121212
NORTE,Libramiento Noroeste de Monterrey,15,2024-08-07,59.002668427022705,1.1051515151515152,2925,3.41
NORTE,Libramiento Noroeste de Monterrey,16,2024-08-07,47.320179365049846,1.3815151515151516,3273,8.684242424242424
NORTE,Libramiento Noroeste de Monterrey,17,2024-08-07,55.188121847098735,1.12,4696,2.816666666666667
NORTE,Libramiento Noroeste de Monterrey,18,2024-08-07,54.34722013393936,1.1606060606060604,4561,3.1796969696969697
NORTE,Libramiento Noroeste de Monterrey,19,2024-08-07,47.28991310677162,1.7545454545454544,3264,5.38030303030303
NORTE,Libramiento Noroeste de Monterrey,20,2024-08-07,50.98660526672317,1.4393939393939394,2693,5.864545454545454
NORTE,Libramiento Noroeste de Monterrey,21,2024-08-07,61.29718546696809,1.006060606060606,2829,2.2796969696969698
NORTE,Libramiento Noroeste de Monterrey,22,2024-08-07,60.572430858651735,1.0984848484848484,1893,4.763939393939395
NORTE,Libramiento Noroeste de Monterrey,23,2024-08-07,77.0255191192603,1.0304347826086957,1338,1.1530434782608696
NORTE,Avenida Licenciado Raúl Salinas Lozano,0,2024-08-08,40.04252003152018,1.0,4849,2.700493827160494
NORTE,Avenida Licenciado Raúl Salinas Lozano,1,2024-08-08,40.54591765719588,1.1204320987654321,3482,3.6816049382716045
NORTE,Avenida Licenciado Raúl Salinas Lozano,2,2024-08-08,40.34619493664913,1.0515037593984962,1933,1.6051127819548872
NORTE,Avenida Licenciado Raúl Salinas Lozano,3,2024-08-08,43.21301449966088,0.9907228915662651,1157,1.8724096385542168
NORTE,Avenida Licenciado Raúl Salinas Lozano,4,2024-08-08,38.804728637039915,1.078684210526316,416,2.900263157894737
NORTE,Avenida Licenciado Raúl Salinas Lozano,5,2024-08-08,37.898540799109945,1.1798181818181819,2357,2.643181818181818
NORTE,Avenida Licenciado Raúl Salinas Lozano,6,2024-08-08,36.26894322684224,1.1539506172839507,10395,3.7539506172839507
NORTE,Avenida Licenciado Raúl Salinas Lozano,7,2024-08-08,33.96499528670113,1.2277777777777779,14701,3.8969135802469133
NORTE,Avenida Licenciado Raúl Salinas Lozano,8,2024-08-08,35.012062546948876,1.2203703703703703,14719,3.803024691358025
NORTE,Avenida Licenciado Raúl Salinas Lozano,9,2024-08-08,33.94459259422916,1.2571604938271606,11175,4.5253703703703705
NORTE,Avenida Licenciado Raúl Salinas Lozano,10,2024-08-08,33.96198135301136,1.2547530864197531,10628,3.8543827160493827
NORTE,Avenida Licenciado Raúl Salinas Lozano,11,2024-08-08,30.793364927164802,1.3868518518518518,9929,4.725432098765432
NORTE,Avenida Licenciado Raúl Salinas Lozano,12,2024-08-08,31.112390820850457,1.367716049382716,11136,4.901296296296296
NORTE,Avenida Licenciado Raúl Salinas Lozano,13,2024-08-08,31.578181476735452,1.3811728395061729,12989,5.027716049382716
NORTE,Avenida Licenciado Raúl Salinas Lozano,14,2024-08-08,32.113438609282255,1.3606790123456791,12260,4.5966049382716045
NORTE,Avenida Licenciado Raúl Salinas Lozano,15,2024-08-08,32.30220291488077,1.355246913580247,13253,4.737716049382716
NORTE,Avenida Licenciado Raúl Salinas Lozano,16,2024-08-08,31.694593330682107,1.3493827160493828,14824,4.738271604938272
NORTE,Avenida Licenciado Raúl Salinas Lozano,17,2024-08-08,29.928869139675665,1.439506172839506,15938,5.0982716049382715
NORTE,Avenida Licenciado Raúl Salinas Lozano,18,2024-08-08,28.13441389392132,1.6770987654320988,21297,6.267407407407408
NORTE,Avenida Licenciado Raúl Salinas Lozano,19,2024-08-08,28.49093260719073,1.662777777777778,18655,5.748395061728395
NORTE,Avenida Licenciado Raúl Salinas Lozano,20,2024-08-08,29.78250187795502,1.4772222222222222,16419,4.965925925925926
NORTE,Avenida Licenciado Raúl Salinas Lozano,21,2024-08-08,32.13615763038899,1.2934567901234568,15300,4.925185185185185
NORTE,Avenida Licenciado Raúl Salinas Lozano,22,2024-08-08,34.963065043524374,1.2366049382716051,11129,3.8560493827160496
NORTE,Avenida Licenciado Raúl Salinas Lozano,23,2024-08-08,36.70996181491464,1.156604938271605,7644,3.2659259259259263
NORTE,Avenida Parque Industrial,0,2024-08-08,41.33073330116698,1.0,3873,2.9420338983050844
NORTE,Avenida Parque Industrial,1,2024-08-08,45.93890875334582,0.9338135593220339,3171,2.5199152542372882
NORTE,Avenida Parque Industrial,2,2024-08-08,46.23659049091443,0.9742352941176471,1791,1.4147058823529413
NORTE,Avenida Parque Industrial,3,2024-08-08,45.69468801398027,0.9664285714285714,856,1.7664285714285715
NORTE,Avenida Parque Industrial,4,2024-08-08,49.21377193434988,0.8907936507936508,781,1.3214285714285714
NORTE,Avenida Parque Industrial,5,2024-08-08,40.01142413173773,1.0777118644067796,2931,2.921271186440678
NORTE,Avenida Parque Industrial,6,2024-08-08,39.33606588354434,1.0901694915254239,10187,3.1589830508474575
NORTE,Avenida Parque Industrial,7,2024-08-08,36.63203622200656,1.1846610169491525,13899,3.9928813559322034
NORTE,Avenida Parque Industrial,8,2024-08-08,36.048661213062964,1.214406779661017,14186,3.8418644067796612
NORTE,Avenida Parque Industrial,9,2024-08-08,37.64472328067468,1.1794067796610168,10800,3.804152542372881
NORTE,Avenida Parque Industrial,10,2024-08-08,38.65132484410631,1.1509322033898306,8676,3.748813559322034
NORTE,Avenida Parque Industrial,11,2024-08-08,36.9683983907038,1.178898305084746,8522,3.8272033898305087
NORTE,Avenida Parque Industrial,12,2024-08-08,36.24354401072864,1.1994915254237288,10007,4.159661016949152
NORTE,Avenida Parque Industrial,13,2024-08-08,36.05922767725282,1.2126271186440678,10389,4.002118644067797
NORTE,Avenida Parque Industrial,14,2024-08-08,34.906403245010395,1.2357627118644068,10507,3.9666949152542372
NORTE,Avenida Parque Industrial,15,2024-08-08,35.85040938719424,1.205,10559,3.7477118644067797
NORTE,Avenida Parque Industrial,16,2024-08-08,35.440233689181284,1.2588135593220338,11004,4.056440677966101
NORTE,Avenida Parque Industrial,17,2024-08-08,31.268269969894494,1.4363559322033899,14313,5.384745762711864
NORTE,Avenida Parque Industrial,18,2024-08-08,28.943811921316325,1.6011666666666666,16006,6.046833333333334
NORTE,Avenida Parque Industrial,19,2024-08-08,30.080897359655303,1.5558333333333332,12353,5.95775
NORTE,Avenida Parque Industrial,20,2024-08-08,32.01392520057061,1.3233333333333335,11656,4.902
NORTE,Avenida Parque Industrial,21,2024-08-08,35.53322319720116,1.2589830508474575,10620,3.9843220338983047
NORTE,Avenida Parque Industrial,22,2024-08-08,37.952281212219056,1.1342372881355933,8179,3.318305084745763
NORTE,Avenida Parque Industrial,23,2024-08-08,38.64219357418962,1.111949152542373,6460,3.4528813559322034
NORTE,Libramiento Noroeste de Monterrey,0,2024-08-08,79.22269197617928,1.0,1145,0.9765217391304348
NORTE,Libramiento Noroeste de Monterrey,1,2024-08-08,84.52515749882464,0.9543478260869565,969,0.8908695652173912
NORTE,Libramiento Noroeste de Monterrey,2,2024-08-08,82.09367340542234,0.966086956521739,581,1.0391304347826087
NORTE,Libramiento Noroeste de Monterrey,3,2024-08-08,84.03977393825419,0.9578260869565218,607,0.9343478260869564
NORTE,Libramiento Noroeste de Monterrey,4,2024-08-08,86.2189884030716,0.9243478260869565,702,0.653913043478261
NORTE,Libramiento Noroeste de Monterrey,5,2024-08-08,77.58437392258267,1.0356521739130435,1156,1.2417391304347825
NORTE,Libramiento Noroeste de Monterrey,6,2024-08-08,59.720196100829085,1.1027272727272728,3384,2.258181818181818
NORTE,Libramiento Noroeste de Monterrey,7,2024-08-08,57.44174472706794,1.1186206896551723,4201,2.546551724137931
NORTE,Libramiento Noroeste de Monterrey,8,2024-08-08,59.41183401364027,1.0441176470588236,4398,2.7214705882352943
NORTE,Libramiento Noroeste de Monterrey,9,2024-08-08,66.31661690787831,1.0618518518518518,2015,1.9281481481481482
NORTE,Libramiento Noroeste de Monterrey,10,2024-08-08,63.999906562121076,1.0780645161290323,1708,2.4951612903225806
NORTE,Libramiento Noroeste de Monterrey,11,2024-08-08,40.20316757493188,2.428,1254,15.977666666666666
NORTE,Libramiento Noroeste de Monterrey,12,2024-08-08,61.15073104846581,1.2022222222222223,1153,2.237407407407407
NORTE,Libramiento Noroeste de Monterrey,13,2024-08-08,33.745867457941394,2.1551515151515153,1636,9.70909090909091
NORTE,Libramiento Noroeste de Monterrey,14,2024-08-08,35.400557472278834,2.7476923076923074,1243,10.433076923076923
NORTE,Libramiento Noroeste de Monterrey,15,2024-08-08,44.20252418054453,1.508181818181818,1697,4.707575757575757
NORTE,Libramiento Noroeste de Monterrey,16,2024-08-08,31.664844237711822,2.520909090909091,2307,11.84
NORTE,Libramiento Noroeste de Monterrey,17,2024-08-08,42.53817882844232,1.5172727272727273,3720,5.905454545454545
NORTE,Libramiento Noroeste de Monterrey,18,2024-08-08,53.793855843841904,1.2381818181818183,4018,2.901212121212121
NORTE,Libramiento Noroeste de Monterrey,19,2024-08-08,53.47954356482724,1.2818181818181817,3005,2.8875757575757577
NORTE,Libramiento Noroeste de Monterrey,20,2024-08-08,59.43977218088455,1.123030303030303,2859,2.117272727272727
NORTE,Libramiento Noroeste de Monterrey,21,2024-08-08,58.665035503760244,1.1336363636363636,2242,2.630909090909091
NORTE,Libramiento Noroeste de Monterrey,22,2024-08-08,74.32411534242281,1.0743478260869566,1898,1.178695652173913
NORTE,Libramiento Noroeste de Monterrey,23,2024-08-08,77.82840228804262,1.0343478260869565,1539,1.2082608695652173
NORTE,Avenida Licenciado Raúl Salinas Lozano,0,2024-08-09,39.54134778254018,1.0,5991,2.5703086419753087
NORTE,Avenida Licenciado Raúl Salinas Lozano,1,2024-08-09,41.02665278452859,1.0248148148148148,4564,2.5188888888888887
NORTE,Avenida Licenciado Raúl Salinas Lozano,2,2024-08-09,40.010903228024866,1.0371153846153847,2777,2.3387179487179486
NORTE,Avenida Licenciado Raúl Salinas Lozano,3,2024-08-09,42.47253955318058,0.967032967032967,1058,2.4427472527472527
NORTE,Avenida Licenciado Raúl Salinas Lozano,4,2024-08-09,44.4077093047376,0.8627272727272727,358,1.562121212121212
NORTE,Avenida Licenciado Raúl Salinas Lozano,5,2024-08-09,35.09139180945751,1.3426605504587155,2199,3.5720183486238533
NORTE,Avenida Licenciado Raúl Salinas Lozano,6,2024-08-09,34.813506178840235,1.2403703703703703,9608,4.255864197530864
NORTE,Avenida Licenciado Raúl Salinas Lozano,7,2024-08-09,33.76517534944693,1.219320987654321,14355,4.125617283950618
NORTE,Avenida Licenciado Raúl Salinas Lozano,8,2024-08-09,34.74577681056957,1.2112962962962963,11649,4.051604938271605
NORTE,Avenida Licenciado Raúl Salinas Lozano,9,2024-08-09,32.52575891476293,1.2680246913580246,12110,4.569259259259259
NORTE,Avenida Licenciado Raúl Salinas Lozano,10,2024-08-09,33.090931870737776,1.242037037037037,12276,4.532469135802469
NORTE,Avenida Licenciado Raúl Salinas Lozano,11,2024-08-09,33.23310668993858,1.2334567901234568,10256,4.100679012345679
NORTE,Avenida Licenciado Raúl Salinas Lozano,12,2024-08-09,30.954239759621757,1.3730864197530863,12953,5.033333333333333
NORTE,Avenida Licenciado Raúl Salinas Lozano,13,2024-08-09,31.08400939713962,1.353395061728395,14038,5.72
NORTE,Avenida Licenciado Raúl Salinas Lozano,14,2024-08-09,30.302844733624973,1.3591358024691358,12863,5.391481481481481
NORTE,Avenida Licenciado Raúl Salinas Lozano,15,2024-08-09,31.382049143505224,1.3198148148148148,12106,4.627530864197531
NORTE,Avenida Licenciado Raúl Salinas Lozano,16,2024-08-09,29.849062127170694,1.380679012345679,14762,5.59641975308642
NORTE,Avenida Licenciado Raúl Salinas Lozano,17,2024-08-09,29.929227055808408,1.445,16434,5.578827160493827
NORTE,Avenida Licenciado Raúl Salinas Lozano,18,2024-08-09,28.526810385459477,1.5810493827160494,19221,5.891481481481481
NORTE,Avenida Licenciado Raúl Salinas Lozano,19,2024-08-09,27.14934013815857,1.7286419753086422,21510,6.372654320987654
NORTE,Avenida Licenciado Raúl Salinas Lozano,20,2024-08-09,28.840461645530468,1.5145061728395062,20800,5.76141975308642
NORTE,Avenida Licenciado Raúl Salinas Lozano,21,2024-08-09,32.922053267641736,1.2693827160493827,19546,4.4914197530864195
NORTE,Avenida Licenciado Raúl Salinas Lozano,22,2024-08-09,32.30738570250247,1.2469753086419753,15871,5.373827160493827
NORTE,Avenida Licenciado Raúl Salinas Lozano,23,2024-08-09,34.644824024568074,1.1414814814814813,11391,3.8280864197530864
NORTE,Avenida Parque Industrial,0,2024-08-09,41.572886514530815,1.0,4390,2.840338983050848
NORTE,Avenida Parque Industrial,1,2024-08-09,42.11258010247981,0.9944915254237288,3221,2.5177966101694915
NORTE,Avenida Parque Industrial,2,2024-08-09,41.34180490182049,1.0282882882882882,2415,2.4103603603603605
NORTE,Avenida Parque Industrial,3,2024-08-09,44.64707750812521,0.999047619047619,1035,1.8634920634920635
NORTE,Avenida Parque Industrial,4,2024-08-09,50.07273839441665,0.9431746031746032,847,1.696825396825397
NORTE,Avenida Parque Industrial,5,2024-08-09,38.21657894302336,1.0957627118644069,2688,3.2332203389830507
NORTE,Avenida Parque Industrial,6,2024-08-09,38.83616274952622,1.1210169491525424,8709,3.479406779661017
NORTE,Avenida Parque Industrial,7,2024-08-09,36.73768948949059,1.1850847457627118,12749,3.7150847457627116
NORTE,Avenida Parque Industrial,8,2024-08-09,37.21633494348567,1.1710169491525424,12653,3.776016949152542
NORTE,Avenida Parque Industrial,9,2024-08-09,38.26906306012112,1.133135593220339,10860,3.558220338983051
NORTE,Avenida Parque Industrial,10,2024-08-09,37.85273875721679,1.1680508474576272,9788,3.7849152542372884
NORTE,Avenida Parque Industrial,11,2024-08-09,38.852600796575935,1.1255084745762711,9544,3.2233898305084745
NORTE,Avenida Parque Industrial,12,2024-08-09,36.54752909189976,1.1876271186440677,10052,4.086525423728814
NORTE,Avenida Parque Industrial,13,2024-08-09,37.23921898132945,1.2052542372881356,10977,3.79906779661017
NORTE,Avenida Parque Industrial,14,2024-08-09,36.47938515785669,1.21,11021,3.7506779661016947
NORTE,Avenida Parque Industrial,15,2024-08-09,34.90099581164703,1.2438983050847459,12255,3.859915254237288
NORTE,Avenida Parque Industrial,16,2024-08-09,35.76919056363893,1.2264406779661017,12155,3.9562711864406777
NORTE,Avenida Parque Industrial,17,2024-08-09,33.594682461203156,1.3622881355932204,13546,4.534576271186441
NORTE,Avenida Parque Industrial,18,2024-08-09,29.746646290564925,1.6477966101694914,15816,6.144915254237288
NORTE,Avenida Parque Industrial,19,2024-08-09,30.080418872426513,1.5625833333333332,13906,6.005833333333333
NORTE,Avenida Parque Industrial,20,2024-08-09,30.810738914990928,1.6332203389830509,13906,5.65771186440678
NORTE,Avenida Parque Industrial,21,2024-08-09,35.711802973125195,1.2317796610169491,15068,3.823898305084746
NORTE,Avenida Parque Industrial,22,2024-08-09,38.48242891449559,1.141864406779661,11109,3.3111864406779663
NORTE,Avenida Parque Industrial,23,2024-08-09,39.90544650998105,1.0814406779661017,9464,3.2877966101694915
NORTE,Libramiento Noroeste de Monterrey,0,2024-08-09,80.52902993261245,1.0,1081,1.0682608695652174
NORTE,Libramiento Noroeste de Monterrey,1,2024-08-09,82.93428537846732,0.9739130434782608,966,0.9065217391304349
NORTE,Libramiento Noroeste de Monterrey,2,2024-08-09,82.36969479705374,0.9960869565217392,727,0.9639130434782609
NORTE,Libramiento Noroeste de Monterrey,3,2024-08-09,82.02432416549131,1.0008695652173913,672,0.9686956521739131
NORTE,Libramiento Noroeste de Monterrey,4,2024-08-09,85.8174008776054,0.9378260869565217,648,0.64
NORTE,Libramiento Noroeste de Monterrey,5,2024-08-09,78.05251371258423,1.0265217391304347,1261,1.026086956521739
NORTE,Libramiento Noroeste de Monterrey,6,2024-08-09,58.261334720762086,1.2266666666666666,3204,4.831666666666666
NORTE,Libramiento Noroeste de Monterrey,7,2024-08-09,54.07755631659056,1.0072972972972973,4012,2.3110810810810807
NORTE,Libramiento Noroeste de Monterrey,8,2024-08-09,64.81874912004336,0.9742424242424242,3639,1.9675757575757573
NORTE,Libramiento Noroeste de Monterrey,9,2024-08-09,62.11734214422108,1.057,2478,2.0653333333333332
NORTE,Libramiento Noroeste de Monterrey,10,2024-08-09,72.8175560257013,1.1069565217391304,1773,1.8256521739130436
NORTE,Libramiento Noroeste de Monterrey,11,2024-08-09,65.00858283811492,1.1296296296296295,1711,2.7800000000000002
NORTE,Libramiento Noroeste de Monterrey,12,2024-08-09,64.93509147718835,1.1403703703703703,1733,2.5662962962962967
NORTE,Libramiento Noroeste de Monterrey,13,2024-08-09,70.65022397512455,1.1692,1875,1.9692
NORTE,Libramiento Noroeste de Monterrey,14,2024-08-09,53.32459601688454,1.2303030303030305,2597,6.8960606060606064
NORTE,Libramiento Noroeste de Monterrey,15,2024-08-09,59.38289072067453,1.0581818181818183,2297,2.7351515151515153
NORTE,Libramiento Noroeste de Monterrey,16,2024-08-09,62.304293657139674,1.0163636363636364,3023,2.0851515151515154
NORTE,Libramiento Noroeste de Monterrey,17,2024-08-09,36.397644048060805,1.9447058823529413,3886,10.045882352941177
NORTE,Libramiento Noroeste de Monterrey,18,2024-08-09,29.740540748039052,3.626764705882353,2891,15.296764705882353
NORTE,Libramiento Noroeste de Monterrey,19,2024-08-09,40.9570818031759,2.0041176470588233,2743,5.106176470588235
NORTE,Libramiento Noroeste de Monterrey,20,2024-08-09,52.818572995890435,1.220909090909091,3066,3.9072727272727272
NORTE,Libramiento Noroeste de Monterrey,21,2024-08-09,59.3663810072814,1.070909090909091,2772,2.5230303030303034
NORTE,Libramiento Noroeste de Monterrey,22,2024-08-09,64.66924388811998,0.9669696969696969,2283,1.9675757575757578
NORTE,Libramiento Noroeste de Monterrey,23,2024-08-09,70.47717890657319,1.448846153846154,1719,3.898846153846154
NORTE,Avenida Licenciado Raúl Salinas Lozano,0,2024-08-10,37.88490860618916,1.0,10886,3.197345679012346
NORTE,Avenida Licenciado Raúl Salinas Lozano,1,2024-08-10,40.71990079978791,0.9552469135802469,7550,2.6071604938271604
NORTE,Avenida Licenciado Raúl Salinas Lozano,2,2024-08-10,44.190215670245834,0.899320987654321,4543,1.9251234567901234
NORTE,Avenida Licenciado Raúl Salinas Lozano,3,2024-08-10,42.95149131721975,0.9283333333333332,3209,2.7814814814814817
NORTE,Avenida Licenciado Raúl Salinas Lozano,4,2024-08-10,46.12620658015467,0.8711111111111111,306,0.8625925925925926
NORTE,Avenida Licenciado Raúl Salinas Lozano,5,2024-08-10,36.33143880812455,1.077530864197531,2972,3.0551851851851852
NORTE,Avenida Licenciado Raúl Salinas Lozano,6,2024-08-10,36.35898472596586,1.089320987654321,5569,3.507222222222222
NORTE,Avenida Licenciado Raúl Salinas Lozano,7,2024-08-10,37.28305292887338,1.0731481481481482,7140,3.3858641975308643
NORTE,Avenida Licenciado Raúl Salinas Lozano,8,2024-08-10,36.83553680055382,1.1519135802469136,11318,4.112716049382716
NORTE,Avenida Licenciado Raúl Salinas Lozano,9,2024-08-10,35.31166817639521,1.1326543209876543,11118,3.864444444444444
NORTE,Avenida Licenciado Raúl Salinas Lozano,10,2024-08-10,33.99124467912745,1.1756172839506172,13785,4.14783950617284
NORTE,Avenida Licenciado Raúl Salinas Lozano,11,2024-08-10,32.013299235561846,1.255925925925926,16405,5.173703703703704
NORTE,Avenida Licenciado Raúl Salinas Lozano,12,2024-08-10,29.186579986154687,1.4690740740740742,15585,6.435061728395062
NORTE,Avenida Licenciado Raúl Salinas Lozano,13,2024-08-10,26.698685615601022,1.5742592592592592,19735,6.759691358024691
NORTE,Avenida Licenciado Raúl Salinas Lozano,14,2024-08-10,27.768831838333853,1.6096913580246912,21667,6.467345679012346
NORTE,Avenida Licenciado Raúl Salinas Lozano,15,2024-08-10,28.800005155170638,1.5309259259259258,22240,6.3563580246913585
NORTE,Avenida Licenciado Raúl Salinas Lozano,16,2024-08-10,27.84656941805488,1.5743827160493828,22680,6.614444444444445
NORTE,Avenida Licenciado Raúl Salinas Lozano,17,2024-08-10,26.29914884450533,1.6738271604938273,16553,6.863580246913581
NORTE,Avenida Licenciado Raúl Salinas Lozano,18,2024-08-10,29.073066811011444,1.4832098765432098,18722,6.2693209876543206
NORTE,Avenida Licenciado Raúl Salinas Lozano,19,2024-08-10,28.692225450340977,1.4774074074074075,18747,6.342037037037038
NORTE,Avenida Licenciado Raúl Salinas Lozano,20,2024-08-10,26.767940730266748,1.6800617283950618,18156,7.12641975308642
NORTE,Avenida Licenciado Raúl Salinas Lozano,21,2024-08-10,30.405023897898165,1.3269753086419753,17951,5.336111111111111
NORTE,Avenida Licenciado Raúl Salinas Lozano,22,2024-08-10,33.32808702664487,1.1841975308641977,15591,4.7115432098765435
NORTE,Avenida Licenciado Raúl Salinas Lozano,23,2024-08-10,35.28437081142386,1.105061728395062,14695,3.965617283950617
NORTE,Avenida Parque Industrial,0,2024-08-10,41.53649407521423,1.0,8869,2.9390677966101695
NORTE,Avenida Parque Industrial,1,2024-08-10,42.461758851404284,1.0020338983050847,6063,2.785677966101695
NORTE,Avenida Parque Industrial,2,2024-08-10,45.6636851635439,0.9324576271186441,3185,2.4112711864406777
NORTE,Avenida Parque Industrial,3,2024-08-10,45.57886510472214,0.9518749999999999,2136,2.7085416666666666
NORTE,Avenida Parque Industrial,4,2024-08-10,45.93923859647566,0.9390999999999999,1485,2.0458000000000003
NORTE,Avenida Parque Industrial,5,2024-08-10,42.142471513512625,1.01364406779661,3257,2.7047457627118647
NORTE,Avenida Parque Industrial,6,2024-08-10,42.22712375913393,1.0248305084745761,5443,3.187372881355932
NORTE,Avenida Parque Industrial,7,2024-08-10,40.03005505583553,1.0580508474576271,7498,3.1763559322033896
NORTE,Avenida Parque Industrial,8,2024-08-10,38.999269652511636,1.147457627118644,10158,4.06542372881356
NORTE,Avenida Parque Industrial,9,2024-08-10,38.907196215547664,1.127,9220,3.866
NORTE,Avenida Parque Industrial,10,2024-08-10,38.86465914365335,1.1005084745762712,10398,3.6159322033898307
NORTE,Avenida Parque Industrial,11,2024-08-10,38.1951379881596,1.1388983050847459,12289,3.913898305084746
NORTE,Avenida Parque Industrial,12,2024-08-10,37.261754081488505,1.1906779661016949,13065,4.338898305084746
NORTE,Avenida Parque Industrial,13,2024-08-10,35.70507519038385,1.2059322033898305,14955,4.119067796610169
NORTE,Avenida Parque Industrial,14,2024-08-10,33.370016928560744,1.3173333333333335,17084,5.272166666666666
NORTE,Avenida Parque Industrial,15,2024-08-10,34.970524122014446,1.2692372881355933,17096,4.485508474576271
NORTE,Avenida Parque Industrial,16,2024-08-10,33.87311712161267,1.3161016949152544,17328,4.904491525423729
NORTE,Avenida Parque Industrial,17,2024-08-10,36.23590480715781,1.196186440677966,13872,4.000593220338983
NORTE,Avenida Parque Industrial,18,2024-08-10,37.140320464956716,1.1891525423728813,14611,4.035
NORTE,Avenida Parque Industrial,19,2024-08-10,36.30979227016803,1.2254237288135592,13344,4.212203389830509
NORTE,Avenida Parque Industrial,20,2024-08-10,34.896851672130666,1.3215254237288134,14959,4.854915254237288
NORTE,Avenida Parque Industrial,21,2024-08-10,36.122566654986485,1.1984745762711864,12812,3.685
NORTE,Avenida Parque Industrial,22,2024-08-10,39.08048187156818,1.1000847457627119,11565,3.357542372881356
NORTE,Avenida Parque Industrial,23,2024-08-10,38.31166336135965,1.1349152542372882,10460,3.6615254237288135
NORTE,Libramiento Noroeste de Monterrey,0,2024-08-10,81.99895314214072,1.0,1748,0.8873913043478261
NORTE,Libramiento Noroeste de Monterrey,1,2024-08-10,80.72543762733113,1.0239130434782608,1646,1.0978260869565217
NORTE,Libramiento Noroeste de Monterrey,2,2024-08-10,82.84234916157342,1.0017391304347825,1014,0.9013043478260869
NORTE,Libramiento Noroeste de Monterrey,3,2024-08-10,84.53070992007522,0.9969565217391304,746,1.1865217391304348
NORTE,Libramiento Noroeste de Monterrey,4,2024-08-10,77.62707569346497,1.0704347826086957,786,1.316086956521739
NORTE,Libramiento Noroeste de Monterrey,5,2024-08-10,72.75165436123932,1.0792592592592594,1281,1.967037037037037
NORTE,Libramiento Noroeste de Monterrey,6,2024-08-10,61.42673102415,1.240909090909091,2319,3.139090909090909
NORTE,Libramiento Noroeste de Monterrey,7,2024-08-10,46.367256315100185,2.0500000000000003,2795,6.695757575757576
NORTE,Libramiento Noroeste de Monterrey,8,2024-08-10,46.550081155246936,2.2569696969696973,2776,5.5148484848484856
NORTE,Libramiento Noroeste de Monterrey,9,2024-08-10,48.824772406684744,2.1645454545454546,3053,5.15969696969697
NORTE,Libramiento Noroeste de Monterrey,10,2024-08-10,46.090123765072164,2.4148484848484846,2705,5.903939393939393
NORTE,Libramiento Noroeste de Monterrey,11,2024-08-10,43.868724547669075,2.473030303030303,2584,6.452424242424243
NORTE,Libramiento Noroeste de Monterrey,12,2024-08-10,45.74995019113322,2.0803030303030305,2976,6.909393939393939
NORTE,Libramiento Noroeste de Monterrey,13,2024-08-10,58.20489455130845,1.1733333333333333,3704,4.228787878787879
NORTE,Libramiento Noroeste de Monterrey,14,2024-08-10,40.17766080560236,2.6795999999999998,3203,9.261999999999999
NORTE,Libramiento Noroeste de Monterrey,15,2024-08-10,38.2406530946501,2.7494117647058824,2574,14.410882352941178
NORTE,Libramiento Noroeste de Monterrey,16,2024-08-10,40.304528287102336,3.534782608695652,2464,14.076521739130435
NORTE,Libramiento Noroeste de Monterrey,17,2024-08-10,56.12165848915761,1.2457575757575758,3189,4.582121212121212
NORTE,Libramiento Noroeste de Monterrey,18,2024-08-10,67.13403340249018,1.0351515151515152,3584,1.8887878787878787
NORTE,Libramiento Noroeste de Monterrey,19,2024-08-10,68.76635060777498,1.1075,3445,1.753125
NORTE,Libramiento Noroeste de Monterrey,20,2024-08-10,64.30308177420511,1.0824242424242423,3213,3.845151515151515
NORTE,Libramiento Noroeste de Monterrey,21,2024-08-10,77.93442015358093,1.0695652173913044,2832,1.157391304347826
NORTE,Libramiento Noroeste de Monterrey,22,2024-08-10,66.85488591777154,1.0227272727272727,2569,1.8284848484848486
NORTE,Libramiento Noroeste de Monterrey,23,2024-08-10,70.21978514447228,0.9703030303030304,2180,1.5063636363636363
NORTE,Avenida Licenciado Raúl Salinas Lozano,0,2024-08-11,35.04516684341537,1.0,12773,3.8656790123456792
NORTE,Avenida Licenciado Raúl Salinas Lozano,1,2024-08-11,38.66532171947035,0.9277777777777778,10068,3.3783950617283947
NORTE,Avenida Licenciado Raúl Salinas Lozano,2,2024-08-11,40.92072986169414,0.8702469135802469,6819,2.1848765432098767
NORTE,Avenida Licenciado Raúl Salinas Lozano,3,2024-08-11,40.650819303904676,0.8956172839506173,5139,2.559506172839506
NORTE,Avenida Licenciado Raúl Salinas Lozano,4,2024-08-11,42.07149061758945,0.9181481481481482,3132,2.9188271604938274
NORTE,Avenida Licenciado Raúl Salinas Lozano,5,2024-08-11,37.76556972000059,0.9650000000000001,3732,2.9694444444444446
NORTE,Avenida Licenciado Raúl Salinas Lozano,6,2024-08-11,44.66122998689114,0.8279629629629629,3830,2.5577160493827162
NORTE,Avenida Licenciado Raúl Salinas Lozano,7,2024-08-11,40.82058146642511,0.8938271604938273,3901,3.1669135802469133
NORTE,Avenida Licenciado Raúl Salinas Lozano,8,2024-08-11,38.468285574359655,0.9350617283950616,4805,3.3841358024691357
NORTE,Avenida Licenciado Raúl Salinas Lozano,9,2024-08-11,36.910382513661204,0.9831481481481482,7121,3.5551851851851857
NORTE,Avenida Licenciado Raúl Salinas Lozano,10,2024-08-11,36.94993556036705,1.0049382716049384,7524,3.8792592592592596
NORTE,Avenida Licenciado Raúl Salinas Lozano,11,2024-08-11,34.914382557848384,1.0433950617283951,8887,4.6792592592592595
NORTE,Avenida Licenciado Raúl Salinas Lozano,12,2024-08-11,34.315618325895166,1.067716049382716,11281,4.662160493827161
NORTE,Avenida Licenciado Raúl Salinas Lozano,13,2024-08-11,33.778063460150534,1.0953086419753086,11631,4.690925925925926
NORTE,Avenida Licenciado Raúl Salinas Lozano,14,2024-08-11,33.309454030606986,1.0989506172839507,14110,4.93679012345679
NORTE,Avenida Licenciado Raúl Salinas Lozano,15,2024-08-11,32.5126437924381,1.105493827160494,14602,4.977283950617284
NORTE,Avenida Licenciado Raúl Salinas Lozano,16,2024-08-11,34.15516732210979,1.0789506172839505,15163,4.8096296296296295
NORTE,Avenida Licenciado Raúl Salinas Lozano,17,2024-08-11,32.65056228182582,1.1321604938271606,14441,5.053456790123456
NORTE,Avenida Licenciado Raúl Salinas Lozano,18,2024-08-11,30.30191974872226,1.2862962962962963,15427,6.312345679012346
NORTE,Avenida Licenciado Raúl Salinas Lozano,19,2024-08-11,32.373301187162156,1.1296913580246912,14716,5.275555555555555
NORTE,Avenida Licenciado Raúl Salinas Lozano,20,2024-08-11,32.8602366959775,1.0753703703703703,17887,4.596666666666667
NORTE,Avenida Licenciado Raúl Salinas Lozano,21,2024-08-11,35.44673383117553,1.0087037037037037,17173,4.113703703703703
NORTE,Avenida Licenciado Raúl Salinas Lozano,22,2024-08-11,35.14364643630419,1.0025308641975308,14385,3.958456790123457
NORTE,Avenida Licenciado Raúl Salinas Lozano,23,2024-08-11,37.904278055175055,0.9567283950617285,9794,3.315987654320988
NORTE,Avenida Parque Industrial,0,2024-08-11,40.65874389771833,1.0,11143,3.157966101694915
NORTE,Avenida Parque Industrial,1,2024-08-11,40.42661723077036,1.0398305084745763,8395,3.5999152542372883
NORTE,Avenida Parque Industrial,2,2024-08-11,42.1208021530666,0.9478813559322034,7619,2.730677966101695
NORTE,Avenida Parque Industrial,3,2024-08-11,42.81896812045138,0.9375423728813559,5171,2.7800000000000002
NORTE,Avenida Parque Industrial,4,2024-08-11,43.2624992890991,0.9374576271186441,3883,2.3888983050847457
NORTE,Avenida Parque Industrial,5,2024-08-11,43.689904106347115,0.9447457627118644,2788,2.325
NORTE,Avenida Parque Industrial,6,2024-08-11,46.11062553776214,0.8765254237288136,3013,2.5546610169491526
NORTE,Avenida Parque Industrial,7,2024-08-11,43.274476914524946,0.9307627118644067,4455,3.0147457627118643
NORTE,Avenida Parque Industrial,8,2024-08-11,43.00646708849845,0.9305932203389831,4657,2.844915254237288
NORTE,Avenida Parque Industrial,9,2024-08-11,41.105304513257614,0.9750847457627119,5725,3.1190677966101696
NORTE,Avenida Parque Industrial,10,2024-08-11,40.13621283364185,0.9964406779661017,7066,3.464237288135593
NORTE,Avenida Parque Industrial,11,2024-08-11,40.30004861644924,1.0179661016949153,7641,3.5803389830508476
NORTE,Avenida Parque Industrial,12,2024-08-11,39.33790248457574,1.049322033898305,7414,3.6427118644067793
NORTE,Avenida Parque Industrial,13,2024-08-11,38.28504264488161,1.0560169491525424,9377,3.7766949152542373
NORTE,Avenida Parque Industrial,14,2024-08-11,38.33501338328291,1.0916949152542372,10875,3.8647457627118644
NORTE,Avenida Parque Industrial,15,2024-08-11,37.381346877448024,1.0865254237288136,11645,4.094406779661017
NORTE,Avenida Parque Industrial,16,2024-08-11,38.02645822596975,1.0827731092436974,11593,4.0556302521008405
NORTE,Avenida Parque Industrial,17,2024-08-11,38.30255832597971,1.057457627118644,11640,3.5089830508474575
NORTE,Avenida Parque Industrial,18,2024-08-11,38.66985486613965,1.055677966101695,12125,3.9180508474576268
NORTE,Avenida Parque Industrial,19,2024-08-11,36.75192475274408,1.1213559322033897,11160,4.254406779661017
NORTE,Avenida Parque Industrial,20,2024-08-11,36.35329206744661,1.1309322033898304,12591,4.138305084745762
NORTE,Avenida Parque Industrial,21,2024-08-11,37.8373174360602,1.0792372881355934,12809,3.7209322033898307
NORTE,Avenida Parque Industrial,22,2024-08-11,39.214111245443355,1.0332203389830508,11742,3.2655084745762712
NORTE,Avenida Parque Industrial,23,2024-08-11,39.74321470308192,1.009322033898305,8050,3.074576271186441
NORTE,Libramiento Noroeste de Monterrey,0,2024-08-11,82.72943386616517,1.0,1873,0.937391304347826
NORTE,Libramiento Noroeste de Monterrey,1,2024-08-11,83.25322872590503,0.9908695652173912,1908,1.123913043478261
NORTE,Libramiento Noroeste de Monterrey,2,2024-08-11,85.28801128349788,0.9643478260869565,1361,0.911304347826087
NORTE,Libramiento Noroeste de Monterrey,3,2024-08-11,82.72898056730921,1.0043478260869565,1110,0.9721739130434782
NORTE,Libramiento Noroeste de Monterrey,4,2024-08-11,84.98206354803321,0.9747826086956521,821,0.8660869565217392
NORTE,Libramiento Noroeste de Monterrey,5,2024-08-11,85.22825458392101,0.988695652173913,612,0.8434782608695651
NORTE,Libramiento Noroeste de Monterrey,6,2024-08-11,92.77523037141513,0.8873913043478261,1038,0.6608695652173913
NORTE,Libramiento Noroeste de Monterrey,7,2024-08-11,90.67442250430967,0.9134782608695653,1566,0.7743478260869565
NORTE,Libramiento Noroeste de Monterrey,8,2024-08-11,91.67295956746591,0.9004347826086957,1722,0.8573913043478261
NORTE,Libramiento Noroeste de Monterrey,9,2024-08-11,91.05000783576241,0.9078260869565217,1568,0.8600000000000001
NORTE,Libramiento Noroeste de Monterrey,10,2024-08-11,75.27241279463605,1.030909090909091,2097,1.9896969696969695
NORTE,Libramiento Noroeste de Monterrey,11,2024-08-11,86.5151006895471,0.9617391304347827,2336,1.085217391304348
NORTE,Libramiento Noroeste de Monterrey,12,2024-08-11,74.43914605022329,0.9890909090909091,2603,1.6781818181818182
NORTE,Libramiento Noroeste de Monterrey,13,2024-08-11,86.85287885911299,0.9526086956521739,2770,0.7365217391304348
NORTE,Libramiento Noroeste de Monterrey,14,2024-08-11,73.31275186683634,1.0424242424242425,3046,1.842121212121212
NORTE,Libramiento Noroeste de Monterrey,15,2024-08-11,70.98794944200787,1.0542424242424242,3434,2.4178787878787875
NORTE,Libramiento Noroeste de Monterrey,16,2024-08-11,75.34196589620099,0.973939393939394,3033,1.3763636363636365
NORTE,Libramiento Noroeste de Monterrey,17,2024-08-11,71.71244371598056,1.0706060606060606,2879,3.412727272727273
NORTE,Libramiento Noroeste de Monterrey,18,2024-08-11,72.45885256309788,1.029090909090909,3380,2.3396969696969694
NORTE,Libramiento Noroeste de Monterrey,19,2024-08-11,71.51347734958387,1.029090909090909,3384,1.7239393939393939
NORTE,Libramiento Noroeste de Monterrey,20,2024-08-11,78.49503212662592,1.0769565217391304,3199,1.5234782608695652
NORTE,Libramiento Noroeste de Monterrey,21,2024-08-11,77.86948989186648,1.0595652173913044,2678,1.0569565217391304
NORTE,Libramiento Noroeste de Monterrey,22,2024-08-11,79.82529344930262,1.0408695652173914,2040,1.953478260869565
NORTE,Libramiento Noroeste de Monterrey,23,2024-08-11,82.90402797367183,1.0069565217391305,1838,0.9578260869565218
NORTE,Avenida Licenciado Raúl Salinas Lozano,0,2024-08-12,39.05615361672043,1.0,7254,3.422037037037037
NORTE,Avenida Licenciado Raúl Salinas Lozano,1,2024-08-12,41.50787470725995,0.9579012345679013,5345,2.4080246913580243
NORTE,Avenida Licenciado Raúl Salinas Lozano,2,2024-08-12,40.84440872448992,1.0974814814814815,1694,2.458296296296296
NORTE,Avenida Licenciado Raúl Salinas Lozano,3,2024-08-12,40.87237076982028,0.8996875,326,2.3321875
NORTE,Avenida Licenciado Raúl Salinas Lozano,4,2024-08-12,41.38191077956933,0.9778947368421054,451,2.648421052631579
NORTE,Avenida Licenciado Raúl Salinas Lozano,5,2024-08-12,38.323017520275364,1.0707453416149069,2883,2.979627329192547
NORTE,Avenida Licenciado Raúl Salinas Lozano,6,2024-08-12,36.731085678935976,1.138641975308642,13605,3.786296296296296
NORTE,Avenida Licenciado Raúl Salinas Lozano,7,2024-08-12,36.04436797608001,1.1462345679012345,17614,3.961172839506173
NORTE,Avenida Licenciado Raúl Salinas Lozano,8,2024-08-12,36.75422337354367,1.1340123456790123,17177,3.6565432098765434
NORTE,Avenida Licenciado Raúl Salinas Lozano,9,2024-08-12,33.62672403635132,1.2449999999999999,13106,4.758148148148148
NORTE,Avenida Licenciado Raúl Salinas Lozano,10,2024-08-12,34.37382811924647,1.1901234567901235,13910,4.215493827160493
NORTE,Avenida Licenciado Raúl Salinas Lozano,11,2024-08-12,33.202462146318474,1.268888888888889,13603,5.004753086419753
NORTE,Avenida Licenciado Raúl Salinas Lozano,12,2024-08-12,32.795641303227136,1.2758024691358025,16814,4.770185185185185
NORTE,Avenida Licenciado Raúl Salinas Lozano,13,2024-08-12,31.09301179797623,1.3300617283950618,14483,4.811604938271605
NORTE,Avenida Licenciado Raúl Salinas Lozano,14,2024-08-12,33.066257567054045,1.2918518518518518,16766,5.460864197530864
NORTE,Avenida Licenciado Raúl Salinas Lozano,15,2024-08-12,32.47057060374413,1.3118518518518518,15778,5.189814814814815
NORTE,Avenida Licenciado Raúl Salinas Lozano,16,2024-08-12,30.820904032816347,1.3720987654320989,14439,5.613395061728395
NORTE,Avenida Licenciado Raúl Salinas Lozano,17,2024-08-12,30.201593868292754,1.433641975308642,19659,6.535061728395062
NORTE,Avenida Licenciado Raúl Salinas Lozano,18,2024-08-12,29.05033987303551,1.5354320987654322,22031,6.034074074074074
NORTE,Avenida Licenciado Raúl Salinas Lozano,19,2024-08-12,28.685151451548762,1.7080246913580246,19840,6.4772839506172835
NORTE,Avenida Licenciado Raúl Salinas Lozano,20,2024-08-12,30.028069720000587,1.615432098765432,19537,5.751049382716049
NORTE,Avenida Licenciado Raúl Salinas Lozano,21,2024-08-12,33.41391122796164,1.241358024691358,16622,4.962962962962963
NORTE,Avenida Licenciado Raúl Salinas Lozano,22,2024-08-12,36.48563198709735,1.135864197530864,10797,3.9611111111111112
NORTE,Avenida Licenciado Raúl Salinas Lozano,23,2024-08-12,34.63924226356178,1.1692592592592592,6578,4.4403703703703705
NORTE,Avenida Parque Industrial,0,2024-08-12,42.12595751472711,1.0,7074,3.1216101694915257
NORTE,Avenida Parque Industrial,1,2024-08-12,43.81024174300061,0.953728813559322,5020,2.8166101694915255
NORTE,Avenida Parque Industrial,2,2024-08-12,42.95967250966565,0.9723809523809523,1617,2.6018095238095236
NORTE,Avenida Parque Industrial,3,2024-08-12,48.2995821957475,1.06,96,1.2000000000000002
NORTE,Avenida Parque Industrial,4,2024-08-12,45.37005121779221,1.003,1047,2.1427500000000004
NORTE,Avenida Parque Industrial,5,2024-08-12,42.4175534735077,1.0361864406779662,3934,2.786949152542373
NORTE,Avenida Parque Industrial,6,2024-08-12,39.91591739239712,1.0922033898305084,11184,3.526016949152542
NORTE,Avenida Parque Industrial,7,2024-08-12,37.720990748197984,1.1766101694915254,15479,3.940677966101695
NORTE,Avenida Parque Industrial,8,2024-08-12,38.839705601084184,1.15025,16075,3.6540833333333333
NORTE,Avenida Parque Industrial,9,2024-08-12,39.01541490011613,1.1359322033898305,10249,3.6319491525423726
NORTE,Avenida Parque Industrial,10,2024-08-12,39.56516420435053,1.1103389830508474,10158,3.6601694915254237
NORTE,Avenida Parque Industrial,11,2024-08-12,38.689749817917644,1.1661016949152543,10107,3.5913559322033897
NORTE,Avenida Parque Industrial,12,2024-08-12,38.22927884377241,1.1497457627118646,11121,3.9628813559322036
NORTE,Avenida Parque Industrial,13,2024-08-12,35.92516882749967,1.2314406779661018,12304,4.006694915254237
NORTE,Avenida Parque Industrial,14,2024-08-12,37.455185724009006,1.2005932203389829,12752,3.9904237288135596
NORTE,Avenida Parque Industrial,15,2024-08-12,34.428542992535085,1.2989830508474576,11676,4.335423728813559
NORTE,Avenida Parque Industrial,16,2024-08-12,33.031908535030446,1.3941525423728813,11875,4.90135593220339
NORTE,Avenida Parque Industrial,17,2024-08-12,31.92023233158987,1.461949152542373,15736,5.037881355932203
NORTE,Avenida Parque Industrial,18,2024-08-12,30.267464587961836,1.6514406779661017,18080,6.123305084745763
NORTE,Avenida Parque Industrial,19,2024-08-12,34.47202903044124,1.3140677966101695,14173,4.5914406779661014
NORTE,Avenida Parque Industrial,20,2024-08-12,34.09521008727111,1.3266101694915253,14266,4.783898305084746
NORTE,Avenida Parque Industrial,21,2024-08-12,35.07421750449014,1.2575423728813557,12894,4.280423728813559
NORTE,Avenida Parque Industrial,22,2024-08-12,39.409394899492376,1.1071186440677965,9473,3.2565254237288133
NORTE,Avenida Parque Industrial,23,2024-08-12,41.07302612629636,1.0564406779661017,5146,3.0256779661016946
NORTE,Libramiento Noroeste de Monterrey,0,2024-08-12,84.38371532675129,1.0,1171,0.8339130434782609
NORTE,Libramiento Noroeste de Monterrey,1,2024-08-12,82.70122394608995,1.0213043478260868,714,0.8495652173913043
NORTE,Libramiento Noroeste de Monterrey,2,2024-08-12,85.07316133834821,1.0,542,0.7930434782608695
NORTE,Libramiento Noroeste de Monterrey,3,2024-08-12,78.22097711957373,1.6504347826086956,454,2.1217391304347823
NORTE,Libramiento Noroeste de Monterrey,4,2024-08-12,84.58350219401348,1.0078260869565216,502,0.9608695652173914
NORTE,Libramiento Noroeste de Monterrey,5,2024-08-12,80.83523193856762,1.0356521739130435,1331,0.9782608695652174
NORTE,Libramiento Noroeste de Monterrey,6,2024-08-12,56.73730644274371,0.995151515151515,3530,2.893939393939394
NORTE,Libramiento Noroeste de Monterrey,7,2024-08-12,44.07949891875984,1.4317647058823528,4724,4.970882352941176
NORTE,Libramiento Noroeste de Monterrey,8,2024-08-12,45.22897463216641,1.5702702702702702,4072,7.612972972972973
NORTE,Libramiento Noroeste de Monterrey,9,2024-08-12,59.306706000175325,0.8966666666666666,2612,2.91
NORTE,Libramiento Noroeste de Monterrey,10,2024-08-12,69.580200741169,0.932962962962963,1629,2.576666666666667
NORTE,Libramiento Noroeste de Monterrey,11,2024-08-12,69.29876155774957,1.3295652173913042,1521,5.400434782608696
NORTE,Libramiento Noroeste de Monterrey,12,2024-08-12,44.30792117223006,4.7126086956521736,1180,23.00695652173913
NORTE,Libramiento Noroeste de Monterrey,13,2024-08-12,40.967142053548194,3.8689285714285715,1008,19.493214285714288
NORTE,Libramiento Noroeste de Monterrey,14,2024-08-12,45.922631249020526,3.4443478260869567,902,14.711739130434783
NORTE,Libramiento Noroeste de Monterrey,15,2024-08-12,40.87821440309614,3.9356,1091,16.2816
NORTE,Libramiento Noroeste de Monterrey,16,2024-08-12,42.16427097086115,1.5896969696969698,2152,8.208181818181819
NORTE,Libramiento Noroeste de Monterrey,17,2024-08-12,58.39358435231207,0.8942424242424242,4347,3.4736363636363636
NORTE,Libramiento Noroeste de Monterrey,18,2024-08-12,59.08332106928347,0.9227272727272727,4680,2.685151515151515
NORTE,Libramiento Noroeste de Monterrey,19,2024-08-12,58.634654485852955,0.9521212121212121,3837,2.2033333333333336
NORTE,Libramiento Noroeste de Monterrey,20,2024-08-12,52.397817441869734,1.0660606060606062,2765,4.200909090909091
NORTE,Libramiento Noroeste de Monterrey,21,2024-08-12,60.442074811589656,0.8433333333333333,2688,2.4527272727272726
NORTE,Libramiento Noroeste de Monterrey,22,2024-08-12,63.24271316202625,0.842121212121212,1811,2.477272727272727
NORTE,Libramiento Noroeste de Monterrey,23,2024-08-12,78.22179399780599,1.0947826086956522,1351,1.1456521739130434
NORTE,Avenida Licenciado Raúl Salinas Lozano,0,2024-08-13,38.73639219065294,1.0,4645,2.7221604938271606
NORTE,Avenida Licenciado Raúl Salinas Lozano,1,2024-08-13,42.61628665694549,0.9817901234567902,3972,2.136111111111111
NORTE,Avenida Licenciado Raúl Salinas Lozano,2,2024-08-13,42.92133078080831,0.9997278911564627,1867,2.0292517006802724
NORTE,Avenida Licenciado Raúl Salinas Lozano,3,2024-08-13,41.63614267994234,1.0047368421052632,190,2.126315789473684
NORTE,Avenida Licenciado Raúl Salinas Lozano,4,2024-08-13,42.63378097053217,0.97,70,0.7628571428571428
NORTE,Avenida Licenciado Raúl Salinas Lozano,5,2024-08-13,34.36704869367139,1.342945205479452,2796,4.379520547945205
NORTE,Avenida Licenciado Raúl Salinas Lozano,6,2024-08-13,37.650490845889856,1.1753703703703704,11303,3.732901234567901
NORTE,Avenida Licenciado Raúl Salinas Lozano,7,2024-08-13,36.27072709999558,1.1650617283950617,17400,3.700987654320987
NORTE,Avenida Licenciado Raúl Salinas Lozano,8,2024-08-13,34.280755379788786,1.2240123456790124,16282,4.471481481481481
NORTE,Avenida Licenciado Raúl Salinas Lozano,9,2024-08-13,32.70164597233883,1.3431481481481482,13602,4.95962962962963
NORTE,Avenida Licenciado Raúl Salinas Lozano,10,2024-08-13,34.27766467087918,1.2459259259259259,14062,4.1896913580246915
NORTE,Avenida Licenciado Raúl Salinas Lozano,11,2024-08-13,30.692441231054747,1.3746913580246913,14472,5.854135802469136
NORTE,Avenida Licenciado Raúl Salinas Lozano,12,2024-08-13,30.6616825372277,1.4176543209876542,16043,5.281111111111111
NORTE,Avenida Licenciado Raúl Salinas Lozano,13,2024-08-13,32.16414247418732,1.3530246913580246,16399,5.305493827160494
NORTE,Avenida Licenciado Raúl Salinas Lozano,14,2024-08-13,32.99090848835668,1.3025308641975308,16338,4.724814814814814
NORTE,Avenida Licenciado Raúl Salinas Lozano,15,2024-08-13,31.973509603346443,1.3395061728395061,15510,5.0048765432098765
NORTE,Avenida Licenciado Raúl Salinas Lozano,16,2024-08-13,30.71220560293403,1.3467283950617284,16755,5.17962962962963
NORTE,Avenida Licenciado Raúl Salinas Lozano,17,2024-08-13,29.971765498652292,1.3892592592592592,17809,5.217037037037037
NORTE,Avenida Licenciado Raúl Salinas Lozano,18,2024-08-13,29.52377122825623,1.5037037037037038,20345,5.5737654320987655
NORTE,Avenida Licenciado Raúl Salinas Lozano,19,2024-08-13,30.77490923217416,1.4357407407407408,21022,5.393888888888888
NORTE,Avenida Licenciado Raúl Salinas Lozano,20,2024-08-13,29.556612426907048,1.4645061728395061,18098,5.934567901234567
NORTE,Avenida Licenciado Raúl Salinas Lozano,21,2024-08-13,29.836912310547483,1.4889506172839506,18391,5.48783950617284
NORTE,Avenida Licenciado Raúl Salinas Lozano,22,2024-08-13,35.11989361937166,1.1633333333333333,12613,3.793888888888889
NORTE,Avenida Licenciado Raúl Salinas Lozano,23,2024-08-13,37.73507283519656,1.1025308641975309,7142,3.218888888888889
NORTE,Avenida Parque Industrial,0,2024-08-13,44.5665803189606,1.0,3738,2.633050847457627
NORTE,Avenida Parque Industrial,1,2024-08-13,44.601874393440994,1.1068644067796611,3165,2.6629661016949155
NORTE,Avenida Parque Industrial,2,2024-08-13,48.21746256004521,0.9659090909090909,1549,1.7927272727272727
NORTE,Avenida Parque Industrial,3,2024-08-13,49.9701199014454,0.9804166666666667,512,1.085
NORTE,Avenida Parque Industrial,4,2024-08-13,30.88704474299529,1.0044444444444445,97,2.6377777777777776
NORTE,Avenida Parque Industrial,5,2024-08-13,40.50023739503892,1.1661864406779663,3330,3.0491525423728816
NORTE,Avenida Parque Industrial,6,2024-08-13,39.42027452699864,1.2211016949152542,10023,3.656779661016949
NORTE,Avenida Parque Industrial,7,2024-08-13,36.85232395800273,1.3120338983050848,16636,3.974237288135593
NORTE,Avenida Parque Industrial,8,2024-08-13,37.59200433695419,1.2789830508474576,16417,3.7911864406779663
NORTE,Avenida Parque Industrial,9,2024-08-13,38.64315471221814,1.2282203389830508,12366,3.542627118644068
NORTE,Avenida Parque Industrial,10,2024-08-13,38.164894337192685,1.214322033898305,11782,3.86635593220339
NORTE,Avenida Parque Industrial,11,2024-08-13,37.588593296800674,1.2315254237288136,11805,3.4821186440677967
NORTE,Avenida Parque Industrial,12,2024-08-13,37.880253465985916,1.2787288135593222,12198,3.755677966101695
NORTE,Avenida Parque Industrial,13,2024-08-13,38.0450553401959,1.2427118644067796,13206,3.603559322033898
NORTE,Avenida Parque Industrial,14,2024-08-13,36.998928528967944,1.3136974789915967,12894,4.168991596638656
NORTE,Avenida Parque Industrial,15,2024-08-13,35.96395767130135,1.2956666666666665,13335,4.3094166666666665
NORTE,Avenida Parque Industrial,16,2024-08-13,36.386771372433195,1.3161016949152544,12276,4.039152542372881
NORTE,Avenida Parque Industrial,17,2024-08-13,26.896523832150336,2.327627118644068,14492,9.852372881355931
NORTE,Avenida Parque Industrial,18,2024-08-13,26.41095191007608,2.3298305084745765,16064,7.743135593220339
NORTE,Avenida Parque Industrial,19,2024-08-13,32.090237633534706,1.7913559322033898,14083,5.9425423728813564
NORTE,Avenida Parque Industrial,20,2024-08-13,31.626996989449314,1.6508474576271188,13939,5.661101694915254
NORTE,Avenida Parque Industrial,21,2024-08-13,36.96297077692755,1.2915254237288136,12903,3.821186440677966
NORTE,Avenida Parque Industrial,22,2024-08-13,37.391251424095046,1.2584745762711864,9763,3.782118644067797
NORTE,Avenida Parque Industrial,23,2024-08-13,40.3477079637413,1.140084745762712,7495,3.0048305084745763
NORTE,Libramiento Noroeste de Monterrey,0,2024-08-13,79.9759916157342,1.0,1097,1.0256521739130435
NORTE,Libramiento Noroeste de Monterrey,1,2024-08-13,85.12837682181475,0.9430434782608696,867,0.7717391304347826
NORTE,Libramiento Noroeste de Monterrey,2,2024-08-13,79.45522096850023,1.0195652173913043,674,0.9147826086956521
NORTE,Libramiento Noroeste de Monterrey,3,2024-08-13,83.8661314840934,0.9643478260869565,478,0.9639130434782609
NORTE,Libramiento Noroeste de Monterrey,4,2024-08-13,83.47503682808338,0.9691304347826086,728,1.2186956521739132
NORTE,Libramiento Noroeste de Monterrey,5,2024-08-13,79.12954513399153,1.0026086956521738,1240,1.0608695652173912
NORTE,Libramiento Noroeste de Monterrey,6,2024-08-13,62.87148515430123,1.0175757575757576,3740,1.8315151515151515
NORTE,Libramiento Noroeste de Monterrey,7,2024-08-13,52.99175849822426,1.2127027027027026,4614,2.8770270270270273
NORTE,Libramiento Noroeste de Monterrey,8,2024-08-13,61.13601648909183,1.1208108108108108,4309,2.5889189189189192
NORTE,Libramiento Noroeste de Monterrey,9,2024-08-13,53.75944655043712,1.186969696969697,2998,5.4784848484848485
NORTE,Libramiento Noroeste de Monterrey,10,2024-08-13,51.51831770884525,1.2757575757575759,2549,5.188787878787879
NORTE,Libramiento Noroeste de Monterrey,11,2024-08-13,61.186689742561214,1.083939393939394,2560,2.941515151515152
NORTE,Libramiento Noroeste de Monterrey,12,2024-08-13,60.42436835715746,1.0581818181818183,2842,2.5587878787878786
NORTE,Libramiento Noroeste de Monterrey,13,2024-08-13,61.20599167461395,1.041818181818182,3181,2.1966666666666663
NORTE,Libramiento Noroeste de Monterrey,14,2024-08-13,60.07740590108889,1.0778787878787879,3024,3.0096969696969693
NORTE,Libramiento Noroeste de Monterrey,15,2024-08-13,60.33343941515093,1.0757575757575757,2557,2.5172727272727276
NORTE,Libramiento Noroeste de Monterrey,16,2024-08-13,44.95097452708141,1.7642424242424242,3185,7.5248484848484845
NORTE,Libramiento Noroeste de Monterrey,17,2024-08-13,47.18331549069039,1.46,4423,5.196363636363636
NORTE,Libramiento Noroeste de Monterrey,18,2024-08-13,60.30159016467476,1.0754545454545454,3360,2.0821212121212125
NORTE,Libramiento Noroeste de Monterrey,19,2024-08-13,61.20689275021982,1.054848484848485,2968,1.8903030303030304
NORTE,Libramiento Noroeste de Monterrey,20,2024-08-13,54.46986098677342,1.2542424242424242,2044,4.996969696969697
NORTE,Libramiento Noroeste de Monterrey,21,2024-08-13,68.86629916940919,1.2047826086956521,1725,2.1934782608695653
NORTE,Libramiento Noroeste de Monterrey,22,2024-08-13,57.18978958078201,1.1827272727272728,1780,2.7406060606060607
NORTE,Libramiento Noroeste de Monterrey,23,2024-08-13,64.13310257438788,0.9939393939393941,1543,2.652727272727273
NORTE,Avenida Licenciado Raúl Salinas Lozano,0,2024-08-14,40.353779108302774,1.0,4659,3.2500617283950617
NORTE,Avenida Licenciado Raúl Salinas Lozano,1,2024-08-14,40.72708867097286,1.0316153846153848,2066,2.439153846153846
NORTE,Avenida Licenciado Raúl Salinas Lozano,2,2024-08-14,44.506672419164424,0.937887323943662,1696,1.817887323943662
NORTE,Avenida Licenciado Raúl Salinas Lozano,4,2024-08-14,42.80230344813724,1.0305747126436782,949,1.8417241379310343
NORTE,Avenida Licenciado Raúl Salinas Lozano,5,2024-08-14,35.49570223831074,1.2815238095238095,2815,3.1242857142857146
NORTE,Avenida Licenciado Raúl Salinas Lozano,6,2024-08-14,36.76921442564035,1.184135802469136,12769,3.716296296296296
NORTE,Avenida Licenciado Raúl Salinas Lozano,7,2024-08-14,35.82011584404873,1.21,15606,4.039320987654321
NORTE,Avenida Licenciado Raúl Salinas Lozano,8,2024-08-14,35.530142650936035,1.2089506172839506,17197,4.283827160493828
NORTE,Avenida Licenciado Raúl Salinas Lozano,9,2024-08-14,35.7088814384399,1.1701234567901235,15863,3.7976543209876543
NORTE,Avenida Licenciado Raúl Salinas Lozano,10,2024-08-14,35.15577268643307,1.2345061728395061,15710,4.289320987654321
NORTE,Avenida Licenciado Raúl Salinas Lozano,11,2024-08-14,32.44291900490478,1.3094444444444444,15445,4.633518518518518
NORTE,Avenida Licenciado Raúl Salinas Lozano,12,2024-08-14,31.76499988953206,1.345185185185185,15886,4.767530864197531
NORTE,Avenida Licenciado Raúl Salinas Lozano,13,2024-08-14,29.857942276817937,1.4742592592592594,16614,5.837592592592593
NORTE,Avenida Licenciado Raúl Salinas Lozano,14,2024-08-14,32.883249561810494,1.297901234567901,15022,5.014197530864197
NORTE,Avenida Licenciado Raúl Salinas Lozano,15,2024-08-14,32.4471252559174,1.3303086419753085,15088,4.876728395061728
NORTE,Avenida Licenciado Raúl Salinas Lozano,16,2024-08-14,31.84077555859956,1.334753086419753,15881,4.752283950617284
NORTE,Avenida Licenciado Raúl Salinas Lozano,17,2024-08-14,31.256389097550556,1.3693827160493828,17896,5.0542592592592595
NORTE,Avenida Licenciado Raúl Salinas Lozano,18,2024-08-14,31.13908300561177,1.4301234567901235,22553,5.123271604938272
NORTE,Avenida Licenciado Raúl Salinas Lozano,19,2024-08-14,29.26174292636944,1.4883950617283952,21848,6.023395061728395
NORTE,Avenida Licenciado Raúl Salinas Lozano,20,2024-08-14,29.536847870914528,1.4485802469135802,21816,5.657283950617284
NORTE,Avenida Licenciado Raúl Salinas Lozano,21,2024-08-14,32.512036771095694,1.2761728395061729,17543,4.53925925925926
NORTE,Avenida Licenciado Raúl Salinas Lozano,22,2024-08-14,35.79530971528729,1.1591358024691358,13248,3.4951234567901235
NORTE,Avenida Licenciado Raúl Salinas Lozano,23,2024-08-14,37.83526541764247,1.0803703703703704,9142,3.4614197530864197
NORTE,Avenida Parque Industrial,0,2024-08-14,43.33190206548809,1.0,4210,2.283482142857143
NORTE,Avenida Parque Industrial,1,2024-08-14,44.21013612275034,0.987719298245614,2507,2.608157894736842
NORTE,Avenida Parque Industrial,2,2024-08-14,47.90287279246721,0.9023655913978494,1462,1.6891397849462366
NORTE,Avenida Parque Industrial,3,2024-08-14,52.34095834567706,0.8368518518518518,652,1.2925925925925925
NORTE,Avenida Parque Industrial,4,2024-08-14,46.210712619312325,0.9325,1589,2.2149107142857143
NORTE,Avenida Parque Industrial,5,2024-08-14,40.83687511810128,1.0610169491525423,3447,3.1422881355932204
NORTE,Avenida Parque Industrial,6,2024-08-14,39.36154053602846,1.135677966101695,10498,3.4239830508474576
NORTE,Avenida Parque Industrial,7,2024-08-14,37.03449970004568,1.2007627118644069,16014,3.816186440677966
NORTE,Avenida Parque Industrial,8,2024-08-14,38.29574560204593,1.156949152542373,15668,3.3910169491525424
NORTE,Avenida Parque Industrial,9,2024-08-14,37.96332246648676,1.186186440677966,13624,3.529491525423729
NORTE,Avenida Parque Industrial,10,2024-08-14,38.126057682958375,1.1615254237288135,11445,3.651440677966102
NORTE,Avenida Parque Industrial,11,2024-08-14,38.280059673978975,1.14625,11560,3.4959166666666666
NORTE,Avenida Parque Industrial,12,2024-08-14,38.25005733071844,1.1821186440677967,12739,3.8240677966101697
NORTE,Avenida Parque Industrial,13,2024-08-14,37.06573549349365,1.2328813559322034,12878,3.9312711864406777
NORTE,Avenida Parque Industrial,14,2024-08-14,37.883821546443386,1.1904237288135593,12528,3.8361016949152544
NORTE,Avenida Parque Industrial,15,2024-08-14,35.01573063184873,1.2934745762711863,11457,4.317881355932204
NORTE,Avenida Parque Industrial,16,2024-08-14,36.69820155829479,1.236949152542373,12988,4.147372881355932
NORTE,Avenida Parque Industrial,17,2024-08-14,35.799351474912996,1.278813559322034,16831,4.141016949152542
NORTE,Avenida Parque Industrial,18,2024-08-14,31.99380809895007,1.487542372881356,18498,5.591101694915254
NORTE,Avenida Parque Industrial,19,2024-08-14,35.03363065808326,1.3015254237288136,14568,4.475508474576271
NORTE,Avenida Parque Industrial,20,2024-08-14,35.134121775949716,1.3026271186440679,14568,4.294745762711865
NORTE,Avenida Parque Industrial,21,2024-08-14,36.522236980423166,1.2278813559322033,13123,3.7481355932203386
NORTE,Avenida Parque Industrial,22,2024-08-14,38.9546487415678,1.120593220338983,10150,3.2667796610169493
NORTE,Avenida Parque Industrial,23,2024-08-14,41.02080902323023,1.0487499999999998,6854,3.029416666666667
NORTE,Libramiento Noroeste de Monterrey,0,2024-08-14,77.34398330982604,1.0,891,1.5273913043478262
NORTE,Libramiento Noroeste de Monterrey,1,2024-08-14,84.20654246983231,0.9034782608695653,866,0.8060869565217391
NORTE,Libramiento Noroeste de Monterrey,2,2024-08-14,81.17057710390222,0.9482608695652174,569,0.908695652173913
NORTE,Libramiento Noroeste de Monterrey,3,2024-08-14,83.67221281930732,0.9160869565217391,603,1.0269565217391305
NORTE,Libramiento Noroeste de Monterrey,4,2024-08-14,84.14643590346341,0.9091304347826087,637,0.8821739130434783
NORTE,Libramiento Noroeste de Monterrey,5,2024-08-14,78.25506503682809,0.9882608695652174,1353,1.2921739130434782
NORTE,Libramiento Noroeste de Monterrey,6,2024-08-14,66.34874866844297,1.0615151515151515,3575,1.61
NORTE,Libramiento Noroeste de Monterrey,7,2024-08-14,59.297981481481486,1.031081081081081,5301,1.6972972972972973
NORTE,Libramiento Noroeste de Monterrey,8,2024-08-14,63.440287270978835,1.1375757575757575,4367,1.882121212121212
NORTE,Libramiento Noroeste de Monterrey,9,2024-08-14,62.83308769813968,1.1781818181818182,3488,2.0975757575757576
NORTE,Libramiento Noroeste de Monterrey,10,2024-08-14,60.564341898687445,1.1896969696969697,3363,2.437272727272727
NORTE,Libramiento Noroeste de Monterrey,11,2024-08-14,61.64115221855334,1.176969696969697,2697,3.013030303030303
NORTE,Libramiento Noroeste de Monterrey,12,2024-08-14,59.66258171974742,1.2384848484848483,3162,2.8433333333333333
NORTE,Libramiento Noroeste de Monterrey,13,2024-08-14,58.97720932209469,1.2448484848484849,2694,4.452424242424243
NORTE,Libramiento Noroeste de Monterrey,14,2024-08-14,61.06019009720035,1.1748484848484848,2787,2.9327272727272726
NORTE,Libramiento Noroeste de Monterrey,15,2024-08-14,50.95365729905775,1.3875757575757575,2692,3.6348484848484848
NORTE,Libramiento Noroeste de Monterrey,16,2024-08-14,62.38655957538938,1.129090909090909,3327,1.7521212121212122
NORTE,Libramiento Noroeste de Monterrey,17,2024-08-14,57.630726890678176,1.2451515151515151,4385,2.4987878787878786
NORTE,Libramiento Noroeste de Monterrey,18,2024-08-14,58.59945675129304,1.2163636363636363,4605,1.9327272727272728
NORTE,Libramiento Noroeste de Monterrey,19,2024-08-14,56.48445591450408,1.2884848484848483,3507,2.832121212121212
NORTE,Libramiento Noroeste de Monterrey,20,2024-08-14,59.54046950501941,1.2745454545454546,2735,2.5454545454545454
NORTE,Libramiento Noroeste de Monterrey,21,2024-08-14,38.28058968385316,2.9433333333333334,2498,15.034242424242423
NORTE,Libramiento Noroeste de Monterrey,22,2024-08-14,55.23626926817956,1.3492307692307692,1744,3.6065384615384612
NORTE,Libramiento Noroeste de Monterrey,23,2024-08-14,76.94922582667293,0.9952173913043478,1383,1.0073913043478262
NORTE,Avenida Licenciado Raúl Salinas Lozano,0,2024-08-15,38.22850975063703,1.0,6698,3.1396913580246912
NORTE,Avenida Licenciado Raúl Salinas Lozano,1,2024-08-15,40.25411437850736,0.9687654320987654,3750,2.5400617283950617
NORTE,Avenida Licenciado Raúl Salinas Lozano,2,2024-08-15,43.921028291539585,0.9050515463917524,1598,2.078659793814433
NORTE,Avenida Licenciado Raúl Salinas Lozano,3,2024-08-15,43.25430134639431,0.9398863636363636,1170,2.20375
NORTE,Avenida Licenciado Raúl Salinas Lozano,4,2024-08-15,45.54455557816998,0.8610606060606061,804,1.3492424242424241
NORTE,Avenida Licenciado Raúl Salinas Lozano,5,2024-08-15,34.858375645767914,1.2092537313432836,2809,4.065
NORTE,Avenida Licenciado Raúl Salinas Lozano,6,2024-08-15,35.74414630374265,1.1310493827160493,11540,3.408888888888889
NORTE,Avenida Licenciado Raúl Salinas Lozano,7,2024-08-15,36.2277777164067,1.117716049382716,17051,4.100493827160494
NORTE,Avenida Licenciado Raúl Salinas Lozano,8,2024-08-15,35.09121061817861,1.155,17844,4.3398765432098765
NORTE,Avenida Licenciado Raúl Salinas Lozano,9,2024-08-15,36.090826189739744,1.1403086419753086,15033,4.0986419753086425
NORTE,Avenida Licenciado Raúl Salinas Lozano,10,2024-08-15,33.40220807005141,1.232283950617284,15116,4.770185185185185
NORTE,Avenida Licenciado Raúl Salinas Lozano,11,2024-08-15,32.01681193201067,1.240061728395062,13616,4.9302469135802465
NORTE,Avenida Licenciado Raúl Salinas Lozano,12,2024-08-15,31.41762203025349,1.3335185185185185,16219,5.338765432098765
NORTE,Avenida Licenciado Raúl Salinas Lozano,13,2024-08-15,31.60361561574831,1.3227777777777778,16294,5.146296296296296
NORTE,Avenida Licenciado Raúl Salinas Lozano,14,2024-08-15,31.687300053024614,1.2767901234567902,16344,4.814135802469136
NORTE,Avenida Licenciado Raúl Salinas Lozano,15,2024-08-15,31.163842185497767,1.3722222222222222,16847,5.229382716049383
NORTE,Avenida Licenciado Raúl Salinas Lozano,16,2024-08-15,31.24208294669554,1.3246296296296296,16895,4.992654320987655
NORTE,Avenida Licenciado Raúl Salinas Lozano,17,2024-08-15,30.709862393766663,1.3435802469135802,19574,5.302777777777777
NORTE,Avenida Licenciado Raúl Salinas Lozano,18,2024-08-15,28.773687640846628,1.5203703703703704,24487,6.094753086419753
NORTE,Avenida Licenciado Raúl Salinas Lozano,19,2024-08-15,28.211494741725954,1.649753086419753,24072,6.014444444444445
NORTE,Avenida Licenciado Raúl Salinas Lozano,20,2024-08-15,29.23099785692192,1.5082716049382716,22899,5.823333333333333
NORTE,Avenida Licenciado Raúl Salinas Lozano,21,2024-08-15,32.89501679112722,1.240432098765432,21464,5.038827160493827
NORTE,Avenida Licenciado Raúl Salinas Lozano,22,2024-08-15,34.041682684518285,1.1558641975308641,15335,4.288148148148148
NORTE,Avenida Licenciado Raúl Salinas Lozano,23,2024-08-15,37.01141888707231,1.0760493827160493,11910,3.898333333333333
NORTE,Avenida Parque Industrial,0,2024-08-15,43.37316151852104,1.0,4945,2.958135593220339
NORTE,Avenida Parque Industrial,1,2024-08-15,43.59145818159803,1.0115254237288136,2606,2.7805084745762714
NORTE,Avenida Parque Industrial,2,2024-08-15,50.32850328947369,0.9321111111111111,1606,1.731888888888889
NORTE,Avenida Parque Industrial,3,2024-08-15,49.32181262016443,0.8694915254237288,954,1.696101694915254
NORTE,Avenida Parque Industrial,4,2024-08-15,46.56911759238375,0.927142857142857,1165,2.50797619047619
NORTE,Avenida Parque Industrial,5,2024-08-15,42.32300677144582,1.0338983050847457,3676,2.5858474576271187
NORTE,Avenida Parque Industrial,6,2024-08-15,38.84831906333531,1.1551694915254238,9826,3.4206779661016946
NORTE,Avenida Parque Industrial,7,2024-08-15,37.520467158212604,1.218898305084746,17135,3.9221186440677966
NORTE,Avenida Parque Industrial,8,2024-08-15,36.99364151881457,1.2141525423728814,18185,4.0366949152542375
NORTE,Avenida Parque Industrial,9,2024-08-15,38.99361282588276,1.1742016806722688,11760,3.6067226890756303
NORTE,Avenida Parque Industrial,10,2024-08-15,38.03325805427797,1.1819491525423729,12824,3.651101694915254
NORTE,Avenida Parque Industrial,11,2024-08-15,38.1636299425959,1.1955932203389832,10437,3.7677118644067793
NORTE,Avenida Parque Industrial,12,2024-08-15,37.79089129545409,1.2,12833,3.8371186440677967
NORTE,Avenida Parque Industrial,13,2024-08-15,37.2277058723167,1.2277966101694915,12620,3.895338983050847
NORTE,Avenida Parque Industrial,14,2024-08-15,37.348754409878865,1.2236440677966103,12738,3.843220338983051
NORTE,Avenida Parque Industrial,15,2024-08-15,36.23074047859669,1.3274166666666667,12713,4.186916666666667
NORTE,Avenida Parque Industrial,16,2024-08-15,36.39737764707393,1.2572881355932204,13475,3.814406779661017
NORTE,Avenida Parque Industrial,17,2024-08-15,34.53174580751922,1.3016949152542372,15763,4.342033898305085
NORTE,Avenida Parque Industrial,18,2024-08-15,28.025694381104223,2.0464166666666666,16834,7.545416666666667
NORTE,Avenida Parque Industrial,19,2024-08-15,26.253575428777822,2.7829166666666665,14879,9.510583333333333
NORTE,Avenida Parque Industrial,20,2024-08-15,26.571345492223447,2.705,13413,8.223333333333334
NORTE,Avenida Parque Industrial,21,2024-08-15,30.938773336057473,1.6344999999999998,13452,6.218083333333333
NORTE,Avenida Parque Industrial,22,2024-08-15,37.48591116883686,1.2201666666666666,11050,3.8604166666666666
NORTE,Avenida Parque Industrial,23,2024-08-15,40.268915743107016,1.1243220338983049,9142,3.375508474576271
NORTE,Libramiento Noroeste de Monterrey,0,2024-08-15,79.7001120514026,1.0,1321,1.25
NORTE,Libramiento Noroeste de Monterrey,1,2024-08-15,83.70193856762263,0.9482608695652174,1031,0.8260869565217391
NORTE,Libramiento Noroeste de Monterrey,2,2024-08-15,84.12537768374862,0.9426086956521739,512,0.7895652173913044
NORTE,Libramiento Noroeste de Monterrey,3,2024-08-15,82.95986914276759,0.9495652173913044,816,0.8934782608695653
NORTE,Libramiento Noroeste de Monterrey,4,2024-08-15,83.64263516690174,0.9421739130434782,697,0.8656521739130435
NORTE,Libramiento Noroeste de Monterrey,5,2024-08-15,75.98442446325026,1.0826086956521739,1271,1.465217391304348
NORTE,Libramiento Noroeste de Monterrey,6,2024-08-15,62.50688717162675,1.0318181818181817,4059,2.292121212121212
NORTE,Libramiento Noroeste de Monterrey,7,2024-08-15,46.71066608280295,1.2030769230769232,5162,4.105128205128205
NORTE,Libramiento Noroeste de Monterrey,8,2024-08-15,43.58019816810016,1.5847222222222224,4123,4.941388888888889
NORTE,Libramiento Noroeste de Monterrey,9,2024-08-15,58.952072712976076,1.1127272727272728,3282,3.1657575757575755
NORTE,Libramiento Noroeste de Monterrey,10,2024-08-15,59.44382064557605,1.1193939393939394,2764,5.172121212121212
NORTE,Libramiento Noroeste de Monterrey,11,2024-08-15,57.595357547969265,1.13,2775,3.0239393939393935
NORTE,Libramiento Noroeste de Monterrey,12,2024-08-15,60.72403496980919,1.0754545454545454,3016,2.9475757575757573
NORTE,Libramiento Noroeste de Monterrey,13,2024-08-15,60.22574653529523,1.0827272727272728,2889,2.857878787878788
NORTE,Libramiento Noroeste de Monterrey,14,2024-08-15,44.99881043143776,1.9339393939393938,2730,8.10969696969697
NORTE,Libramiento Noroeste de Monterrey,15,2024-08-15,40.02857328810246,2.87030303030303,2218,10.026969696969697
NORTE,Libramiento Noroeste de Monterrey,16,2024-08-15,45.151263020037774,2.0275757575757574,2836,7.8096969696969705
NORTE,Libramiento Noroeste de Monterrey,17,2024-08-15,39.63612085889082,3.0463636363636364,2654,17.80666666666667
NORTE,Libramiento Noroeste de Monterrey,18,2024-08-15,39.84289071838192,3.48625,2175,23.342916666666667
NORTE,Libramiento Noroeste de Monterrey,19,2024-08-15,49.0988830843119,5.141176470588236,1426,16.61176470588235
NORTE,Libramiento Noroeste de Monterrey,20,2024-08-15,38.78664678090096,6.607307692307692,1235,25.565384615384616
NORTE,Libramiento Noroeste de Monterrey,21,2024-08-15,39.988384040973436,2.4054545454545453,2203,7.732727272727273
NORTE,Libramiento Noroeste de Monterrey,22,2024-08-15,54.36691973998443,1.3424242424242423,2031,3.9415151515151514
NORTE,Libramiento Noroeste de Monterrey,23,2024-08-15,49.73621239262369,2.3051851851851852,1496,6.111851851851851
NORTE,Avenida Licenciado Raúl Salinas Lozano,0,2024-08-16,40.58325158705611,1.0,6497,2.4798765432098766
NORTE,Avenida Licenciado Raúl Salinas Lozano,1,2024-08-16,39.41585527963119,1.0434567901234568,6375,2.23820987654321
NORTE,Avenida Licenciado Raúl Salinas Lozano,2,2024-08-16,38.694624998158865,1.1531481481481483,2650,2.547037037037037
NORTE,Avenida Licenciado Raúl Salinas Lozano,3,2024-08-16,43.167333964079155,1.0016233766233766,2168,2.2192857142857143
NORTE,Avenida Licenciado Raúl Salinas Lozano,4,2024-08-16,45.65006031637646,0.9864285714285714,144,0.7742857142857142
NORTE,Avenida Licenciado Raúl Salinas Lozano,5,2024-08-16,36.777272088643166,1.2636942675159235,3628,3.8433757961783437
NORTE,Avenida Licenciado Raúl Salinas Lozano,6,2024-08-16,36.463407862371675,1.1806172839506173,10543,3.953456790123457
NORTE,Avenida Licenciado Raúl Salinas Lozano,7,2024-08-16,34.57886969201538,1.2567283950617285,16458,3.945493827160494
NORTE,Avenida Licenciado Raúl Salinas Lozano,8,2024-08-16,34.4480342229685,1.2408024691358024,16704,4.186172839506173
NORTE,Avenida Licenciado Raúl Salinas Lozano,9,2024-08-16,35.96111675725038,1.2282716049382716,15737,3.8425925925925926
NORTE,Avenida Licenciado Raúl Salinas Lozano,10,2024-08-16,34.46335612655207,1.2665432098765432,14559,4.9292592592592595
NORTE,Avenida Licenciado Raúl Salinas Lozano,11,2024-08-16,32.94458430913349,1.3061111111111112,15280,4.661913580246914
NORTE,Avenida Licenciado Raúl Salinas Lozano,12,2024-08-16,30.018927208990622,1.491543209876543,17567,5.806543209876543
NORTE,Avenida Licenciado Raúl Salinas Lozano,13,2024-08-16,30.530349594214425,1.4503703703703703,20245,5.739567901234568
NORTE,Avenida Licenciado Raúl Salinas Lozano,14,2024-08-16,30.39852506885835,1.4293209876543211,17628,5.394629629629629
NORTE,Avenida Licenciado Raúl Salinas Lozano,15,2024-08-16,29.927767958405138,1.4781481481481482,15556,6.024197530864197
NORTE,Avenida Licenciado Raúl Salinas Lozano,16,2024-08-16,30.72580310193982,1.4670987654320986,19526,5.5670370370370375
NORTE,Avenida Licenciado Raúl Salinas Lozano,17,2024-08-16,30.352352046602743,1.4619135802469136,22646,5.396296296296296
NORTE,Avenida Licenciado Raúl Salinas Lozano,18,2024-08-16,27.877320379125976,1.7409876543209877,25563,6.167469135802469
NORTE,Avenida Licenciado Raúl Salinas Lozano,19,2024-08-16,28.64563706862269,1.692222222222222,25046,6.253950617283951
NORTE,Avenida Licenciado Raúl Salinas Lozano,20,2024-08-16,29.06582471683384,1.5579012345679013,27611,6.600370370370371
NORTE,Avenida Licenciado Raúl Salinas Lozano,21,2024-08-16,31.22582409084884,1.3291975308641977,22887,5.115308641975308
NORTE,Avenida Licenciado Raúl Salinas Lozano,22,2024-08-16,34.77496483437174,1.2075925925925926,16636,3.992283950617284
NORTE,Avenida Licenciado Raúl Salinas Lozano,23,2024-08-16,36.477182846537936,1.146358024691358,11517,3.9846296296296297
NORTE,Avenida Parque Industrial,0,2024-08-16,41.83878712049358,1.0,6384,2.8366949152542373
NORTE,Avenida Parque Industrial,1,2024-08-16,42.44550609723657,0.9845762711864408,4545,2.976101694915254
NORTE,Avenida Parque Industrial,2,2024-08-16,43.82075438769209,0.9225773195876288,1850,2.312783505154639
NORTE,Avenida Parque Industrial,3,2024-08-16,46.91680335981341,0.9097777777777777,1376,1.868
NORTE,Avenida Parque Industrial,4,2024-08-16,48.84045508587632,0.8807499999999999,1280,1.22175
NORTE,Avenida Parque Industrial,5,2024-08-16,41.83373889847969,1.0513559322033899,4561,3.127372881355932
NORTE,Avenida Parque Industrial,6,2024-08-16,39.49379892603512,1.0809322033898305,10414,3.3323728813559326
NORTE,Avenida Parque Industrial,7,2024-08-16,36.59538510648837,1.213220338983051,14893,3.933135593220339
NORTE,Avenida Parque Industrial,8,2024-08-16,36.524604404872285,1.1815833333333332,17065,3.912916666666667
NORTE,Avenida Parque Industrial,9,2024-08-16,38.366458502650055,1.1795762711864406,13265,3.9642372881355934
NORTE,Avenida Parque Industrial,10,2024-08-16,39.31306076322321,1.116949152542373,12262,3.4365254237288134
NORTE,Avenida Parque Industrial,11,2024-08-16,38.576746110225415,1.136949152542373,12157,3.5095762711864404
NORTE,Avenida Parque Industrial,12,2024-08-16,37.097777586165776,1.2377966101694915,13135,4.326101694915255
NORTE,Avenida Parque Industrial,13,2024-08-16,36.454865589277226,1.2470338983050848,13721,4.132796610169492
NORTE,Avenida Parque Industrial,14,2024-08-16,35.57748856596152,1.2240677966101694,15062,4.1890677966101695
NORTE,Avenida Parque Industrial,15,2024-08-16,37.1967159129894,1.1967796610169492,14193,3.9585593220338984
NORTE,Avenida Parque Industrial,16,2024-08-16,35.76839618920421,1.2726271186440679,16975,4.415677966101694
NORTE,Avenida Parque Industrial,17,2024-08-16,34.40261850030179,1.3140677966101695,18060,4.746864406779661
NORTE,Avenida Parque Industrial,18,2024-08-16,29.955805262684766,1.721186440677966,19516,6.403050847457627
NORTE,Avenida Parque Industrial,19,2024-08-16,29.869265476755434,1.6441803278688525,18794,6.548114754098361
NORTE,Avenida Parque Industrial,20,2024-08-16,31.422650862345733,1.7059322033898305,18046,5.918220338983051
NORTE,Avenida Parque Industrial,21,2024-08-16,35.83313403646784,1.23,16689,3.9860169491525426
NORTE,Avenida Parque Industrial,22,2024-08-16,37.87697928572346,1.1613559322033897,13420,3.788220338983051
NORTE,Avenida Parque Industrial,23,2024-08-16,40.13502530807235,1.094322033898305,9546,3.1350000000000002
NORTE,Libramiento Noroeste de Monterrey,0,2024-08-16,69.38957412631248,1.0,1510,1.8104347826086957
NORTE,Libramiento Noroeste de Monterrey,1,2024-08-16,80.25393316094656,0.8356521739130435,872,1.3052173913043479
NORTE,Libramiento Noroeste de Monterrey,2,2024-08-16,81.1860754583921,0.8165217391304348,803,1.0913043478260869
NORTE,Libramiento Noroeste de Monterrey,3,2024-08-16,86.62168664786083,0.768695652173913,783,0.7956521739130435
NORTE,Libramiento Noroeste de Monterrey,4,2024-08-16,84.67344460115969,0.788695652173913,852,0.6495652173913044
NORTE,Libramiento Noroeste de Monterrey,5,2024-08-16,78.68071893120201,0.8460869565217392,1505,0.9917391304347827
NORTE,Libramiento Noroeste de Monterrey,6,2024-08-16,56.43221573619479,0.9616129032258065,3225,5.3103225806451615
NORTE,Libramiento Noroeste de Monterrey,7,2024-08-16,56.268189751395234,0.8602702702702704,4183,2.573243243243243
NORTE,Libramiento Noroeste de Monterrey,8,2024-08-16,42.5760870116692,1.481081081081081,3842,6.3667567567567565
NORTE,Libramiento Noroeste de Monterrey,9,2024-08-16,48.60426071687578,1.2239393939393939,2469,5.0
NORTE,Libramiento Noroeste de Monterrey,10,2024-08-16,62.56140755872798,0.86,2286,3.58030303030303
NORTE,Libramiento Noroeste de Monterrey,11,2024-08-16,56.470769234856114,1.0084848484848485,2443,6.642121212121212
NORTE,Libramiento Noroeste de Monterrey,12,2024-08-16,64.06858933319874,0.8648484848484849,2642,2.1903030303030304
NORTE,Libramiento Noroeste de Monterrey,13,2024-08-16,36.197783970311264,1.8109090909090908,2605,10.194848484848485
NORTE,Libramiento Noroeste de Monterrey,14,2024-08-16,48.11547034641195,1.4720689655172412,2551,7.364137931034483
NORTE,Libramiento Noroeste de Monterrey,15,2024-08-16,58.78625780006854,0.9187878787878788,3163,2.0924242424242423
NORTE,Libramiento Noroeste de Monterrey,16,2024-08-16,59.35071180191213,0.9206060606060605,4030,2.828181818181818
NORTE,Libramiento Noroeste de Monterrey,17,2024-08-16,54.17307229832572,0.8808108108108109,5172,2.535945945945946
NORTE,Libramiento Noroeste de Monterrey,18,2024-08-16,41.469956885444915,1.3509090909090908,4338,7.289090909090909
NORTE,Libramiento Noroeste de Monterrey,19,2024-08-16,33.27467185918569,2.6615151515151516,2501,11.270303030303031
NORTE,Libramiento Noroeste de Monterrey,20,2024-08-16,52.01487013832254,1.0445454545454544,3188,3.895151515151515
NORTE,Libramiento Noroeste de Monterrey,21,2024-08-16,67.44030240706164,0.9103703703703704,2865,1.5407407407407407
NORTE,Libramiento Noroeste de Monterrey,22,2024-08-16,62.43773599441079,0.9054545454545454,2336,2.463939393939394
NORTE,Libramiento Noroeste de Monterrey,23,2024-08-16,66.9510706914002,0.8163636363636364,2443,1.7803030303030303
NORTE,Avenida Licenciado Raúl Salinas Lozano,0,2024-08-17,38.63062079301254,1.0,10790,2.85537037037037
NORTE,Avenida Licenciado Raúl Salinas Lozano,1,2024-08-17,37.187854602094475,1.0532716049382715,7422,3.2080864197530867
NORTE,Avenida Licenciado Raúl Salinas Lozano,2,2024-08-17,38.900752470799645,1.0097530864197533,5634,2.9641358024691358
NORTE,Avenida Licenciado Raúl Salinas Lozano,3,2024-08-17,39.13113870354823,1.0277777777777777,3857,2.7358024691358023
NORTE,Avenida Licenciado Raúl Salinas Lozano,4,2024-08-17,40.0415096180755,0.9920987654320987,4661,2.667716049382716
NORTE,Avenida Licenciado Raúl Salinas Lozano,5,2024-08-17,42.77872958184202,0.9153086419753087,3049,2.458271604938272
NORTE,Avenida Licenciado Raúl Salinas Lozano,6,2024-08-17,38.725548841559515,1.040185185185185,6755,3.1133333333333333
NORTE,Avenida Licenciado Raúl Salinas Lozano,7,2024-08-17,38.479799095635784,1.0285802469135803,8957,3.2785185185185184
NORTE,Avenida Licenciado Raúl Salinas Lozano,8,2024-08-17,38.23114146524679,1.068395061728395,12723,3.7127777777777777
NORTE,Avenida Licenciado Raúl Salinas Lozano,9,2024-08-17,33.49633301665857,1.1867901234567901,15600,5.503950617283951
NORTE,Avenida Licenciado Raúl Salinas Lozano,10,2024-08-17,34.03530997304583,1.1681481481481482,16193,4.246913580246914
NORTE,Avenida Licenciado Raúl Salinas Lozano,11,2024-08-17,32.20749617044468,1.2383333333333335,18094,4.943888888888889
NORTE,Avenida Licenciado Raúl Salinas Lozano,12,2024-08-17,31.229691389392137,1.3419135802469138,17244,5.232098765432099
NORTE,Avenida Licenciado Raúl Salinas Lozano,13,2024-08-17,28.967275529141446,1.483395061728395,19519,6.378086419753086
NORTE,Avenida Licenciado Raúl Salinas Lozano,14,2024-08-17,28.143449251027356,1.5420987654320988,22222,6.459135802469136
NORTE,Avenida Licenciado Raúl Salinas Lozano,15,2024-08-17,28.608603979791734,1.5392592592592593,24694,6.161234567901235
NORTE,Avenida Licenciado Raúl Salinas Lozano,16,2024-08-17,28.248516967875926,1.5269135802469136,22346,6.982654320987654
NORTE,Avenida Licenciado Raúl Salinas Lozano,17,2024-08-17,31.588160045954666,1.2983333333333333,25043,5.089320987654321
NORTE,Avenida Licenciado Raúl Salinas Lozano,18,2024-08-17,32.121147982855376,1.3121604938271605,20990,5.040617283950618
NORTE,Avenida Licenciado Raúl Salinas Lozano,19,2024-08-17,31.134046588013494,1.3296296296296297,23959,5.253456790123456
NORTE,Avenida Licenciado Raúl Salinas Lozano,20,2024-08-17,30.718607404297938,1.299074074074074,26899,5.129074074074074
NORTE,Avenida Licenciado Raúl Salinas Lozano,21,2024-08-17,33.567624055499095,1.206358024691358,21735,5.28783950617284
NORTE,Avenida Licenciado Raúl Salinas Lozano,22,2024-08-17,34.02295947299427,1.1341975308641976,19566,4.719382716049383
NORTE,Avenida Licenciado Raúl Salinas Lozano,23,2024-08-17,34.96858825652129,1.1493827160493826,16183,4.664506172839506
NORTE,Avenida Parque Industrial,0,2024-08-17,41.662895925941555,1.0,8412,3.2129661016949154
NORTE,Avenida Parque Industrial,1,2024-08-17,42.92067721796497,0.981864406779661,6474,2.5634745762711866
NORTE,Avenida Parque Industrial,2,2024-08-17,45.203651553983526,0.9383050847457627,5322,2.5087288135593218
NORTE,Avenida Parque Industrial,3,2024-08-17,45.27731134524467,0.9119491525423729,3456,2.283728813559322
NORTE,Avenida Parque Industrial,4,2024-08-17,45.607236329146204,0.9328813559322033,2756,2.336186440677966
NORTE,Avenida Parque Industrial,5,2024-08-17,44.710667733170915,0.9283050847457628,3885,2.4184745762711866
NORTE,Avenida Parque Industrial,6,2024-08-17,42.25194896923955,0.9916101694915255,6569,2.8956779661016947
NORTE,Avenida Parque Industrial,7,2024-08-17,40.68078696271944,1.0556779661016948,8555,3.23135593220339
NORTE,Avenida Parque Industrial,8,2024-08-17,39.43649260754784,1.0652542372881355,10996,3.43135593220339
NORTE,Avenida Parque Industrial,9,2024-08-17,39.58145053138696,1.063813559322034,13829,3.5421186440677968
NORTE,Avenida Parque Industrial,10,2024-08-17,38.29455440731045,1.125593220338983,13826,4.065508474576271
NORTE,Avenida Parque Industrial,11,2024-08-17,37.52435097040267,1.14135593220339,12829,3.7647457627118643
NORTE,Avenida Parque Industrial,12,2024-08-17,37.41947042927407,1.1638983050847458,13338,4.465338983050847
NORTE,Avenida Parque Industrial,13,2024-08-17,35.805642259986094,1.2042372881355932,15842,4.241271186440678
NORTE,Avenida Parque Industrial,14,2024-08-17,34.81194754664534,1.248,16774,4.852916666666667
NORTE,Avenida Parque Industrial,15,2024-08-17,35.9509918672936,1.2266101694915255,19412,4.429152542372881
NORTE,Avenida Parque Industrial,16,2024-08-17,34.20319590952725,1.27575,17000,4.763
NORTE,Avenida Parque Industrial,17,2024-08-17,37.460810738914994,1.1599152542372881,18747,4.030423728813559
NORTE,Avenida Parque Industrial,18,2024-08-17,36.601939040006705,1.2110833333333335,18597,4.482166666666667
NORTE,Avenida Parque Industrial,19,2024-08-17,36.669407099050325,1.1984166666666667,18732,4.149666666666667
NORTE,Avenida Parque Industrial,20,2024-08-17,36.012838831074916,1.193,19342,3.9709999999999996
NORTE,Avenida Parque Industrial,21,2024-08-17,37.59717851240273,1.1710833333333333,17382,3.9781666666666666
NORTE,Avenida Parque Industrial,22,2024-08-17,38.70861465134668,1.0757627118644069,15928,3.3307627118644065
NORTE,Avenida Parque Industrial,23,2024-08-17,39.98948765600835,1.063898305084746,12743,3.2014406779661013
NORTE,Libramiento Noroeste de Monterrey,0,2024-08-17,75.77506072715875,1.0,1929,3.039565217391304
NORTE,Libramiento Noroeste de Monterrey,1,2024-08-17,82.29280951261556,0.8926086956521739,1289,0.8326086956521739
NORTE,Libramiento Noroeste de Monterrey,2,2024-08-17,80.94638653816016,0.9334782608695652,1362,0.9647826086956522
NORTE,Libramiento Noroeste de Monterrey,3,2024-08-17,84.38928224416236,0.8708695652173913,908,0.9239130434782609
NORTE,Libramiento Noroeste de Monterrey,4,2024-08-17,81.6060511675286,0.9052173913043479,1025,1.0134782608695652
NORTE,Libramiento Noroeste de Monterrey,5,2024-08-17,78.78644804889515,0.937391304347826,1196,1.0221739130434782
NORTE,Libramiento Noroeste de Monterrey,6,2024-08-17,68.31705136821637,0.9775757575757575,2064,2.1766666666666667
NORTE,Libramiento Noroeste de Monterrey,7,2024-08-17,66.39289818536336,0.9675757575757575,2776,1.719090909090909
NORTE,Libramiento Noroeste de Monterrey,8,2024-08-17,62.75309412680408,1.115151515151515,2883,3.5309090909090908
NORTE,Libramiento Noroeste de Monterrey,9,2024-08-17,60.43889883337182,1.1178125,3008,2.9568749999999997
NORTE,Libramiento Noroeste de Monterrey,10,2024-08-17,64.54311960237914,1.009090909090909,3492,2.4851515151515153
NORTE,Libramiento Noroeste de Monterrey,11,2024-08-17,61.16353778434222,1.0681818181818181,2996,2.4948484848484846
NORTE,Libramiento Noroeste de Monterrey,12,2024-08-17,62.04403449164407,1.053030303030303,3354,2.127878787878788
NORTE,Libramiento Noroeste de Monterrey,13,2024-08-17,57.242712630731674,1.1445454545454545,3861,3.3406060606060604
NORTE,Libramiento Noroeste de Monterrey,14,2024-08-17,63.354213564481896,1.0345454545454547,4377,1.9324242424242426
NORTE,Libramiento Noroeste de Monterrey,15,2024-08-17,65.22229551135776,1.0124242424242424,4787,2.3233333333333333
NORTE,Libramiento Noroeste de Monterrey,16,2024-08-17,63.466787447634275,1.0563636363636364,4192,4.1475757575757575
NORTE,Libramiento Noroeste de Monterrey,17,2024-08-17,65.14455223821123,0.9927272727272727,4438,2.1139393939393942
NORTE,Libramiento Noroeste de Monterrey,18,2024-08-17,67.95171515172446,0.9451515151515152,4456,1.4284848484848485
NORTE,Libramiento Noroeste de Monterrey,19,2024-08-17,65.52896857126917,0.9872727272727272,5036,2.0545454545454547
NORTE,Libramiento Noroeste de Monterrey,20,2024-08-17,66.63392581533795,0.9915151515151515,4081,1.7236363636363636
NORTE,Libramiento Noroeste de Monterrey,21,2024-08-17,66.47497204062279,1.0048484848484847,3547,2.4727272727272727
NORTE,Libramiento Noroeste de Monterrey,22,2024-08-17,66.13836557848681,0.996060606060606,3312,2.0690909090909093
NORTE,Libramiento Noroeste de Monterrey,23,2024-08-17,70.08968939712894,0.9353125,2750,2.086875
NORTE,Avenida Licenciado Raúl Salinas Lozano,0,2024-08-18,37.4124547081437,1.0,12000,3.260123456790123
NORTE,Avenida Licenciado Raúl Salinas Lozano,1,2024-08-18,39.35780437600342,0.9558641975308642,11620,2.792901234567901
NORTE,Avenida Licenciado Raúl Salinas Lozano,2,2024-08-18,38.86676166909697,0.9814814814814815,7298,3.216172839506173
NORTE,Avenida Licenciado Raúl Salinas Lozano,3,2024-08-18,42.09545682176366,0.9264197530864199,4881,2.2311111111111113
NORTE,Avenida Licenciado Raúl Salinas Lozano,4,2024-08-18,42.951269644882395,0.9132716049382715,6108,2.8240123456790123
NORTE,Avenida Licenciado Raúl Salinas Lozano,5,2024-08-18,43.59225269910006,0.9020987654320987,4409,2.4353703703703706
NORTE,Avenida Licenciado Raúl Salinas Lozano,6,2024-08-18,43.24649779800569,0.8951234567901234,3543,2.8725308641975307
NORTE,Avenida Licenciado Raúl Salinas Lozano,7,2024-08-18,39.25989792762141,1.0276543209876543,5177,3.8066049382716045
NORTE,Avenida Licenciado Raúl Salinas Lozano,8,2024-08-18,36.22009688038531,1.0622222222222224,5945,3.9090123456790122
NORTE,Avenida Licenciado Raúl Salinas Lozano,9,2024-08-18,39.808912001237246,0.9768518518518519,9061,3.139382716049383
NORTE,Avenida Licenciado Raúl Salinas Lozano,10,2024-08-18,37.485678751859545,1.0358024691358025,11882,4.142222222222222
NORTE,Avenida Licenciado Raúl Salinas Lozano,11,2024-08-18,34.14296724257287,1.2867283950617283,12641,5.587283950617284
NORTE,Avenida Licenciado Raúl Salinas Lozano,12,2024-08-18,35.07203098994005,1.1628395061728394,13364,4.8466049382716045
NORTE,Avenida Licenciado Raúl Salinas Lozano,13,2024-08-18,33.93269225104208,1.2052469135802468,16893,5.31216049382716
NORTE,Avenida Licenciado Raúl Salinas Lozano,14,2024-08-18,30.443247462919594,1.3006172839506172,18151,6.043086419753086
NORTE,Avenida Licenciado Raúl Salinas Lozano,15,2024-08-18,33.27716480344071,1.200925925925926,17121,4.864074074074074
NORTE,Avenida Licenciado Raúl Salinas Lozano,16,2024-08-18,33.21284815813118,1.222962962962963,18160,5.04962962962963
NORTE,Avenida Licenciado Raúl Salinas Lozano,17,2024-08-18,33.41375786163522,1.209320987654321,17490,5.261358024691358
NORTE,Avenida Licenciado Raúl Salinas Lozano,18,2024-08-18,33.130552118775135,1.190679012345679,20987,5.2236419753086425
NORTE,Avenida Licenciado Raúl Salinas Lozano,19,2024-08-18,32.87902931819186,1.2133333333333334,18559,5.236851851851852
NORTE,Avenida Licenciado Raúl Salinas Lozano,20,2024-08-18,34.81708018499698,1.0999999999999999,20872,4.090123456790123
NORTE,Avenida Licenciado Raúl Salinas Lozano,21,2024-08-18,36.09253512880562,1.0846913580246913,17674,4.054876543209876
NORTE,Avenida Licenciado Raúl Salinas Lozano,22,2024-08-18,37.51685703975373,1.027469135802469,17031,3.550555555555555
NORTE,Avenida Licenciado Raúl Salinas Lozano,23,2024-08-18,36.72602385371099,1.058148148148148,12138,3.837901234567901
NORTE,Avenida Parque Industrial,0,2024-08-18,40.6686590849467,1.0,11463,2.8990677966101694
NORTE,Avenida Parque Industrial,1,2024-08-18,42.72841493864237,0.9777966101694915,9247,3.0677966101694913
NORTE,Avenida Parque Industrial,2,2024-08-18,42.68637822129841,0.9596610169491525,7379,2.976525423728814
NORTE,Avenida Parque Industrial,3,2024-08-18,42.929230594239776,0.9545762711864407,4801,3.01228813559322
NORTE,Avenida Parque Industrial,4,2024-08-18,45.773970202703076,0.9133898305084746,4884,2.633813559322034
NORTE,Avenida Parque Industrial,5,2024-08-18,43.165727054411896,0.9646610169491525,4131,2.5894915254237287
NORTE,Avenida Parque Industrial,6,2024-08-18,45.76977928132046,0.8767796610169492,4845,2.4564406779661017
NORTE,Avenida Parque Industrial,7,2024-08-18,44.276759869597846,0.9271186440677966,5569,2.8266949152542376
NORTE,Avenida Parque Industrial,8,2024-08-18,42.81321596894418,0.9407627118644069,6091,2.6573728813559323
NORTE,Avenida Parque Industrial,9,2024-08-18,45.071161272686915,0.9291525423728814,8798,2.7334745762711865
NORTE,Avenida Parque Industrial,10,2024-08-18,41.66866679019525,1.0116101694915254,8481,3.3553389830508475
NORTE,Avenida Parque Industrial,11,2024-08-18,40.334363023612916,1.0327966101694916,9559,3.4115254237288135
NORTE,Avenida Parque Industrial,12,2024-08-18,39.86768455446235,1.0261864406779662,12305,3.545847457627119
NORTE,Avenida Parque Industrial,13,2024-08-18,39.94824237776633,1.0822033898305086,11750,3.933813559322034
NORTE,Avenida Parque Industrial,14,2024-08-18,37.62768409269571,1.1095901639344263,14403,4.15172131147541
NORTE,Avenida Parque Industrial,15,2024-08-18,38.41361884336881,1.1151694915254238,14550,4.183305084745762
NORTE,Avenida Parque Industrial,16,2024-08-18,37.48758158727148,1.1364166666666666,15925,4.504333333333333
NORTE,Avenida Parque Industrial,17,2024-08-18,39.021088298504736,1.094033613445378,14437,3.942268907563025
NORTE,Avenida Parque Industrial,18,2024-08-18,38.211700043415924,1.08375,14911,4.004166666666666
NORTE,Avenida Parque Industrial,19,2024-08-18,37.49388148226967,1.1251694915254238,15775,3.9372033898305085
NORTE,Avenida Parque Industrial,20,2024-08-18,37.443447511663365,1.1060169491525422,15859,3.7185593220338986
NORTE,Avenida Parque Industrial,21,2024-08-18,38.05314933688998,1.0927118644067797,14302,3.5457627118644064
NORTE,Avenida Parque Industrial,22,2024-08-18,39.51324477189713,1.0459322033898306,11755,3.134152542372881
NORTE,Avenida Parque Industrial,23,2024-08-18,41.38447851061215,1.012457627118644,10783,3.7159322033898308
NORTE,Libramiento Noroeste de Monterrey,0,2024-08-18,81.52147743300422,1.0,2417,1.04
NORTE,Libramiento Noroeste de Monterrey,1,2024-08-18,70.3304992309511,1.123939393939394,2518,1.6306060606060604
NORTE,Libramiento Noroeste de Monterrey,2,2024-08-18,85.25234289296348,0.9626086956521739,1471,1.0260869565217392
NORTE,Libramiento Noroeste de Monterrey,3,2024-08-18,82.50475669957687,0.9791304347826086,1163,1.4734782608695653
NORTE,Libramiento Noroeste de Monterrey,4,2024-08-18,89.62818993888105,0.9026086956521739,742,0.8700000000000001
NORTE,Libramiento Noroeste de Monterrey,5,2024-08-18,83.24087838896723,0.9891304347826086,1300,1.0
NORTE,Libramiento Noroeste de Monterrey,6,2024-08-18,89.52756072715876,0.9121739130434783,1345,0.8665217391304347
NORTE,Libramiento Noroeste de Monterrey,7,2024-08-18,87.14177052982213,0.93,1456,0.9540000000000001
NORTE,Libramiento Noroeste de Monterrey,8,2024-08-18,77.36382282388382,0.9754545454545454,2083,1.2821212121212122
NORTE,Libramiento Noroeste de Monterrey,9,2024-08-18,89.4459336310923,0.9178260869565217,2123,0.9326086956521739
NORTE,Libramiento Noroeste de Monterrey,10,2024-08-18,76.991396481236,1.0396969696969698,3002,1.4727272727272727
NORTE,Libramiento Noroeste de Monterrey,11,2024-08-18,73.67207515693114,1.0730303030303032,3044,2.6484848484848484
NORTE,Libramiento Noroeste de Monterrey,12,2024-08-18,75.04925047617276,1.0575757575757576,2776,1.136969696969697
NORTE,Libramiento Noroeste de Monterrey,13,2024-08-18,73.53442788871504,1.0324242424242425,3260,1.5154545454545454
NORTE,Libramiento Noroeste de Monterrey,14,2024-08-18,73.79186508305463,1.0793939393939394,3358,1.8096969696969696
NORTE,Libramiento Noroeste de Monterrey,15,2024-08-18,72.0418893897816,1.103939393939394,3730,2.1393939393939396
NORTE,Libramiento Noroeste de Monterrey,16,2024-08-18,74.52188800841571,1.0324242424242425,3810,1.6636363636363636
NORTE,Libramiento Noroeste de Monterrey,17,2024-08-18,73.67553760370207,1.0518181818181818,4172,1.3181818181818181
NORTE,Libramiento Noroeste de Monterrey,18,2024-08-18,83.88272271030212,0.9667999999999999,3659,1.0008
NORTE,Libramiento Noroeste de Monterrey,19,2024-08-18,67.45045412404134,1.1866666666666665,4114,1.802121212121212
NORTE,Libramiento Noroeste de Monterrey,20,2024-08-18,77.12413336467638,1.0717391304347825,3487,1.0995652173913044
NORTE,Libramiento Noroeste de Monterrey,21,2024-08-18,80.42840072089014,1.0108695652173914,3096,0.9804347826086957
NORTE,Libramiento Noroeste de Monterrey,22,2024-08-18,71.11889695454992,1.1083333333333334,2604,1.2606666666666666
NORTE,Libramiento Noroeste de Monterrey,23,2024-08-18,83.58174267356213,0.9782608695652174,1991,0.8804347826086957
NORTE,Avenida Licenciado Raúl Salinas Lozano,0,2024-08-19,41.34475019516003,1.0,9638,2.559012345679012
NORTE,Avenida Licenciado Raúl Salinas Lozano,1,2024-08-19,40.191050807888885,1.0651851851851852,4859,2.8508024691358025
NORTE,Avenida Licenciado Raúl Salinas Lozano,2,2024-08-19,40.111414266613316,1.267124183006536,2681,5.585032679738562
NORTE,Avenida Licenciado Raúl Salinas Lozano,3,2024-08-19,42.377250781342134,0.9739024390243902,910,1.6341463414634145
NORTE,Avenida Licenciado Raúl Salinas Lozano,4,2024-08-19,48.380827274963735,0.9917647058823529,367,2.0176470588235293
NORTE,Avenida Licenciado Raúl Salinas Lozano,5,2024-08-19,37.51226963938887,1.3472727272727274,2898,3.9762121212121215
NORTE,Avenida Licenciado Raúl Salinas Lozano,6,2024-08-19,36.66453721296747,1.2194444444444446,10475,3.4144444444444444
NORTE,Avenida Licenciado Raúl Salinas Lozano,7,2024-08-19,35.68534808448588,1.2266049382716049,18332,4.163271604938272
NORTE,Avenida Licenciado Raúl Salinas Lozano,8,2024-08-19,36.1549489638107,1.214320987654321,16796,3.9047530864197535
NORTE,Avenida Licenciado Raúl Salinas Lozano,9,2024-08-19,36.41846931937019,1.2261728395061728,14401,3.97962962962963
NORTE,Avenida Licenciado Raúl Salinas Lozano,10,2024-08-19,35.38370671497798,1.2078395061728395,17137,3.872530864197531
NORTE,Avenida Licenciado Raúl Salinas Lozano,11,2024-08-19,32.54876018146201,1.3233333333333333,14404,4.230432098765433
NORTE,Avenida Licenciado Raúl Salinas Lozano,12,2024-08-19,31.32232004772215,1.400679012345679,15342,5.10679012345679
NORTE,Avenida Licenciado Raúl Salinas Lozano,13,2024-08-19,31.863846235988984,1.424074074074074,18316,5.139567901234568
NORTE,Avenida Licenciado Raúl Salinas Lozano,14,2024-08-19,31.471050771066242,1.4504938271604937,16064,5.7518518518518515
NORTE,Avenida Licenciado Raúl Salinas Lozano,15,2024-08-19,32.38226013727483,1.3702469135802469,17471,4.600802469135803
NORTE,Avenida Licenciado Raúl Salinas Lozano,16,2024-08-19,31.499996317735263,1.4035185185185186,15789,4.889444444444445
NORTE,Avenida Licenciado Raúl Salinas Lozano,17,2024-08-19,30.020091909327917,1.499320987654321,18332,5.597901234567901
NORTE,Avenida Licenciado Raúl Salinas Lozano,18,2024-08-19,28.05778522822677,1.6841975308641974,21296,6.152037037037037
NORTE,Avenida Licenciado Raúl Salinas Lozano,19,2024-08-19,27.969245540777404,1.6546296296296297,20724,5.716543209876543
NORTE,Avenida Licenciado Raúl Salinas Lozano,20,2024-08-19,30.466838628430033,1.4485185185185185,20565,5.307901234567901
NORTE,Avenida Licenciado Raúl Salinas Lozano,21,2024-08-19,31.78157173788167,1.3622222222222222,14819,5.41037037037037
NORTE,Avenida Licenciado Raúl Salinas Lozano,22,2024-08-19,35.41247496059977,1.2146296296296297,11523,3.827283950617284
NORTE,Avenida Licenciado Raúl Salinas Lozano,23,2024-08-19,35.64647680909667,1.195925925925926,8015,4.145493827160494
NORTE,Avenida Parque Industrial,0,2024-08-19,44.57507333745503,1.0,7709,2.490593220338983
NORTE,Avenida Parque Industrial,1,2024-08-19,46.0657631956968,1.0096610169491524,3635,2.6268644067796614
NORTE,Avenida Parque Industrial,2,2024-08-19,48.69949790344071,0.9582954545454545,1874,1.523409090909091
NORTE,Avenida Parque Industrial,3,2024-08-19,47.07772924134631,0.9547959183673469,1258,1.794591836734694
NORTE,Avenida Parque Industrial,4,2024-08-19,47.73288181061103,0.9957142857142857,889,1.7831746031746032
NORTE,Avenida Parque Industrial,5,2024-08-19,43.0976423773994,1.1104237288135594,3225,2.7211016949152547
NORTE,Avenida Parque Industrial,6,2024-08-19,39.46068672110486,1.1688135593220341,11412,3.732033898305085
NORTE,Avenida Parque Industrial,7,2024-08-19,37.69158843699034,1.263135593220339,16169,4.001355932203389
NORTE,Avenida Parque Industrial,8,2024-08-19,37.11290519058565,1.2498305084745762,14243,4.257118644067797
NORTE,Avenida Parque Industrial,9,2024-08-19,38.55897780704957,1.2122033898305085,10848,3.9353389830508476
NORTE,Avenida Parque Industrial,10,2024-08-19,39.15951570678227,1.1855932203389832,11549,3.6183898305084745
NORTE,Avenida Parque Industrial,11,2024-08-19,38.83844038430845,1.2045762711864405,10172,3.7524576271186443
NORTE,Avenida Parque Industrial,12,2024-08-19,33.37985921410134,1.5917796610169492,12617,5.726610169491526
NORTE,Avenida Parque Industrial,13,2024-08-19,36.21266504367225,1.306186440677966,11904,4.028559322033899
NORTE,Avenida Parque Industrial,14,2024-08-19,38.60055496135451,1.2583050847457626,12708,3.570508474576271
NORTE,Avenida Parque Industrial,15,2024-08-19,34.30680703672652,1.4686440677966102,11886,5.356271186440678
NORTE,Avenida Parque Industrial,16,2024-08-19,32.53437549877725,1.6110169491525423,14519,5.752118644067797
NORTE,Avenida Parque Industrial,17,2024-08-19,31.080597817213157,1.6660169491525425,15515,6.372457627118645
NORTE,Avenida Parque Industrial,18,2024-08-19,29.14770319382553,1.8195762711864407,16396,6.844152542372881
NORTE,Avenida Parque Industrial,19,2024-08-19,27.728380815398758,2.3263559322033895,14244,7.725762711864407
NORTE,Avenida Parque Industrial,20,2024-08-19,32.54624361074526,1.5449166666666665,13740,5.553083333333333
NORTE,Avenida Parque Industrial,21,2024-08-19,36.7652440087106,1.2585593220338982,11120,3.735
NORTE,Avenida Parque Industrial,22,2024-08-19,38.6671925193044,1.19135593220339,8355,3.500084745762712
NORTE,Avenida Parque Industrial,23,2024-08-19,40.657102312858775,1.1039830508474577,7271,3.220084745762712
NORTE,Libramiento Noroeste de Monterrey,0,2024-08-19,81.9874494593324,1.0,1732,1.605217391304348
NORTE,Libramiento Noroeste de Monterrey,1,2024-08-19,85.11513673405422,0.9569565217391305,1045,0.8408695652173913
NORTE,Libramiento Noroeste de Monterrey,2,2024-08-19,85.22401034320639,0.9843478260869566,475,1.1521739130434783
NORTE,Libramiento Noroeste de Monterrey,3,2024-08-19,83.66023938254192,1.0082608695652175,580,1.0904347826086958
NORTE,Libramiento Noroeste de Monterrey,4,2024-08-19,90.54450360445071,0.8982608695652174,762,0.6365217391304349
NORTE,Libramiento Noroeste de Monterrey,5,2024-08-19,82.80457177558375,0.982608695652174,1226,0.9647826086956522
NORTE,Libramiento Noroeste de Monterrey,6,2024-08-19,76.0363743927284,1.0691304347826087,3860,0.9317391304347826
NORTE,Libramiento Noroeste de Monterrey,7,2024-08-19,57.88950902739568,1.095294117647059,5773,2.538529411764706
NORTE,Libramiento Noroeste de Monterrey,8,2024-08-19,63.82401610885164,1.0190909090909093,4348,2.1712121212121214
NORTE,Libramiento Noroeste de Monterrey,9,2024-08-19,64.08219127136137,1.086969696969697,2985,2.507878787878788
NORTE,Libramiento Noroeste de Monterrey,10,2024-08-19,59.19235334277267,1.1818181818181819,2803,3.48
NORTE,Libramiento Noroeste de Monterrey,11,2024-08-19,62.08102481411331,1.0787878787878789,2296,2.6066666666666665
NORTE,Libramiento Noroeste de Monterrey,12,2024-08-19,60.8654374281092,1.0924242424242423,2584,2.9945454545454546
NORTE,Libramiento Noroeste de Monterrey,13,2024-08-19,61.57588613294584,1.0724242424242425,2770,6.445454545454545
NORTE,Libramiento Noroeste de Monterrey,14,2024-08-19,60.96760245351836,1.1009090909090908,3060,3.7072727272727275
NORTE,Libramiento Noroeste de Monterrey,15,2024-08-19,42.40123180648126,1.9312121212121214,3030,7.616969696969697
NORTE,Libramiento Noroeste de Monterrey,16,2024-08-19,48.58680768995774,1.4493939393939392,3821,5.4406060606060604
NORTE,Libramiento Noroeste de Monterrey,17,2024-08-19,61.68751776516248,1.0615151515151515,4540,2.259090909090909
NORTE,Libramiento Noroeste de Monterrey,18,2024-08-19,65.54318096690301,1.0245454545454546,3528,1.7718181818181817
NORTE,Libramiento Noroeste de Monterrey,19,2024-08-19,63.890801165660314,1.0312121212121212,2647,2.018787878787879
NORTE,Libramiento Noroeste de Monterrey,20,2024-08-19,75.92928185237423,1.0847826086956522,1684,1.4178260869565218
NORTE,Libramiento Noroeste de Monterrey,21,2024-08-19,75.4842849866792,1.0926086956521741,1480,1.2086956521739132
NORTE,Libramiento Noroeste de Monterrey,22,2024-08-19,65.23574256763429,1.155357142857143,1522,2.143214285714286
NORTE,Libramiento Noroeste de Monterrey,23,2024-08-19,72.37735112051402,1.1565217391304348,1715,1.3121739130434782
NORTE,Avenida Licenciado Raúl Salinas Lozano,0,2024-08-20,40.038187110600504,1.0,4458,2.724814814814815
NORTE,Avenida Licenciado Raúl Salinas Lozano,1,2024-08-20,43.06367188075354,0.9392592592592592,3073,2.3518518518518516
NORTE,Avenida Licenciado Raúl Salinas Lozano,2,2024-08-20,43.00511408529916,1.1167777777777779,1311,3.241333333333334
NORTE,Avenida Licenciado Raúl Salinas Lozano,4,2024-08-20,52.78432659990991,0.885625,195,2.475
NORTE,Avenida Licenciado Raúl Salinas Lozano,5,2024-08-20,37.19807620078654,1.116543209876543,4403,3.1556790123456793
NORTE,Avenida Licenciado Raúl Salinas Lozano,6,2024-08-20,38.12153406831338,1.1260493827160494,12848,3.6289506172839507
NORTE,Avenida Licenciado Raúl Salinas Lozano,7,2024-08-20,35.35637123856657,1.2163580246913581,17003,4.145246913580246
NORTE,Avenida Licenciado Raúl Salinas Lozano,8,2024-08-20,35.96360339062938,1.1741975308641974,17289,4.27104938271605
NORTE,Avenida Licenciado Raúl Salinas Lozano,9,2024-08-20,33.991675135875575,1.2023456790123457,13124,3.919259259259259
NORTE,Avenida Licenciado Raúl Salinas Lozano,10,2024-08-20,33.95724835402766,1.2864197530864199,15544,4.7686419753086415
NORTE,Avenida Licenciado Raúl Salinas Lozano,11,2024-08-20,34.066640522587015,1.2701234567901234,15876,4.2662962962962965
NORTE,Avenida Licenciado Raúl Salinas Lozano,12,2024-08-20,32.269608796194014,1.3859876543209877,16643,4.95
NORTE,Avenida Licenciado Raúl Salinas Lozano,13,2024-08-20,31.144460769151458,1.3496913580246914,16748,4.9816666666666665
NORTE,Avenida Licenciado Raúl Salinas Lozano,14,2024-08-20,33.85934706081628,1.2724074074074074,15265,4.156049382716049
NORTE,Avenida Licenciado Raúl Salinas Lozano,15,2024-08-20,28.851202443550886,1.468641975308642,15515,6.24574074074074
NORTE,Avenida Licenciado Raúl Salinas Lozano,16,2024-08-20,31.147832250747502,1.3718518518518519,14980,5.230246913580246
NORTE,Avenida Licenciado Raúl Salinas Lozano,17,2024-08-20,30.470827809936225,1.4101234567901235,17230,5.1664814814814815
NORTE,Avenida Licenciado Raúl Salinas Lozano,18,2024-08-20,28.520781597513736,1.6290740740740741,22937,6.046296296296297
NORTE,Avenida Licenciado Raúl Salinas Lozano,19,2024-08-20,27.317378264327694,1.9165432098765434,21550,6.836604938271605
NORTE,Avenida Licenciado Raúl Salinas Lozano,20,2024-08-20,28.81203511407656,1.5771604938271604,21995,5.572222222222223
NORTE,Avenida Licenciado Raúl Salinas Lozano,21,2024-08-20,32.4489586555315,1.2890123456790124,15622,4.500740740740741
NORTE,Avenida Licenciado Raúl Salinas Lozano,22,2024-08-20,34.70157895512056,1.191851851851852,12119,4.086481481481481
NORTE,Avenida Licenciado Raúl Salinas Lozano,23,2024-08-20,35.882284440222115,1.1145061728395063,8808,3.6575925925925925
NORTE,Avenida Parque Industrial,0,2024-08-20,42.624490949084816,1.0,4359,2.7497457627118647
NORTE,Avenida Parque Industrial,1,2024-08-20,47.819955428939025,0.9133333333333333,1725,2.370967741935484
NORTE,Avenida Parque Industrial,2,2024-08-20,47.736094483758585,0.9086,1415,1.972
NORTE,Avenida Parque Industrial,4,2024-08-20,50.0759449554733,0.8923809523809524,766,1.3155555555555556
NORTE,Avenida Parque Industrial,5,2024-08-20,40.81090329362684,1.0660169491525424,4058,3.151271186440678
NORTE,Avenida Parque Industrial,6,2024-08-20,39.78440402654275,1.0792372881355932,12094,3.5415254237288134
NORTE,Avenida Parque Industrial,7,2024-08-20,36.96112903906378,1.1939830508474576,15877,4.128389830508475
NORTE,Avenida Parque Industrial,8,2024-08-20,38.69932384062895,1.1266666666666665,15537,3.508666666666667
NORTE,Avenida Parque Industrial,9,2024-08-20,37.50820021904921,1.1607627118644068,12803,4.2133050847457625
NORTE,Avenida Parque Industrial,10,2024-08-20,39.486976478811485,1.105508474576271,12841,3.533813559322034
NORTE,Avenida Parque Industrial,11,2024-08-20,38.56704538574859,1.1511864406779662,11956,3.5692372881355934
NORTE,Avenida Parque Industrial,12,2024-08-20,39.20917181420077,1.1247457627118644,14660,3.5177966101694915
NORTE,Avenida Parque Industrial,13,2024-08-20,38.99306307479779,1.1458474576271187,12563,3.619491525423729
NORTE,Avenida Parque Industrial,14,2024-08-20,38.562864371114124,1.161864406779661,11904,3.6592372881355932
NORTE,Avenida Parque Industrial,15,2024-08-20,38.47774630544115,1.1575,11432,3.689583333333333
NORTE,Avenida Parque Industrial,16,2024-08-20,37.86441697869866,1.1641525423728813,12497,3.643389830508475
NORTE,Avenida Parque Industrial,17,2024-08-20,36.30331674258783,1.2170338983050848,14244,4.113728813559322
NORTE,Avenida Parque Industrial,18,2024-08-20,32.86015083941344,1.4014406779661017,13701,5.288474576271186
NORTE,Avenida Parque Industrial,19,2024-08-20,32.157786979230686,1.5079661016949153,14956,5.707881355932203
NORTE,Avenida Parque Industrial,20,2024-08-20,34.53884124069179,1.2991525423728814,14827,4.415932203389831
NORTE,Avenida Parque Industrial,21,2024-08-20,36.75833130000385,1.1766949152542372,13008,3.9989830508474578
NORTE,Avenida Parque Industrial,22,2024-08-20,38.23410214591172,1.1111864406779661,10165,3.5150847457627115
NORTE,Avenida Parque Industrial,23,2024-08-20,43.024079819036736,0.9990677966101695,7822,2.7460169491525424
NORTE,Libramiento Noroeste de Monterrey,0,2024-08-20,80.67209567465913,1.0,893,1.0508695652173914
NORTE,Libramiento Noroeste de Monterrey,1,2024-08-20,85.24562803635793,0.9426086956521739,1039,0.7682608695652173
NORTE,Libramiento Noroeste de Monterrey,2,2024-08-20,84.93979822911768,0.9347826086956522,587,0.6782608695652174
NORTE,Libramiento Noroeste de Monterrey,3,2024-08-20,87.18244710860367,0.9260869565217391,853,0.8534782608695651
NORTE,Libramiento Noroeste de Monterrey,4,2024-08-20,83.65863736091522,0.9578260869565218,619,0.6426086956521739
NORTE,Libramiento Noroeste de Monterrey,5,2024-08-20,77.66274917724495,1.0334782608695652,1274,1.1708695652173913
NORTE,Libramiento Noroeste de Monterrey,6,2024-08-20,56.06728022335624,1.1433333333333333,3726,2.9393939393939394
NORTE,Libramiento Noroeste de Monterrey,7,2024-08-20,52.61614524531199,1.1872727272727273,5127,4.1000000000000005
NORTE,Libramiento Noroeste de Monterrey,8,2024-08-20,63.47382267884322,0.8424324324324325,4087,2.0089189189189187
NORTE,Libramiento Noroeste de Monterrey,9,2024-08-20,63.48099399902774,0.9663636363636364,2911,2.6827272727272726
NORTE,Libramiento Noroeste de Monterrey,10,2024-08-20,57.59671500561844,1.0687878787878788,2692,6.916060606060606
NORTE,Libramiento Noroeste de Monterrey,11,2024-08-20,60.804830264664396,0.9878787878787879,2186,3.220909090909091
NORTE,Libramiento Noroeste de Monterrey,12,2024-08-20,60.08866722098401,1.0193939393939395,2613,3.0051515151515154
NORTE,Libramiento Noroeste de Monterrey,13,2024-08-20,59.030868215036165,1.0233333333333332,2705,2.9493939393939392
NORTE,Libramiento Noroeste de Monterrey,14,2024-08-20,58.261104455170695,1.0703030303030303,2297,5.452424242424243
NORTE,Libramiento Noroeste de Monterrey,15,2024-08-20,59.13823913037704,1.0478787878787879,2399,3.0103030303030303
NORTE,Libramiento Noroeste de Monterrey,16,2024-08-20,63.135099179415526,0.9751515151515151,3055,2.256363636363637
NORTE,Libramiento Noroeste de Monterrey,17,2024-08-20,42.973164576465244,2.0454545454545454,3206,10.415151515151514
NORTE,Libramiento Noroeste de Monterrey,18,2024-08-20,40.8738467587046,3.54030303030303,2038,13.886969696969697
NORTE,Libramiento Noroeste de Monterrey,19,2024-08-20,38.55829975108849,2.935151515151515,2065,10.120909090909091
NORTE,Libramiento Noroeste de Monterrey,20,2024-08-20,43.07676223770651,1.690909090909091,2292,5.525454545454545
NORTE,Libramiento Noroeste de Monterrey,21,2024-08-20,68.3001473123335,1.1721739130434783,1773,2.112173913043478
NORTE,Libramiento Noroeste de Monterrey,22,2024-08-20,77.23845243692212,1.0378260869565217,1734,1.0030434782608695
NORTE,Libramiento Noroeste de Monterrey,23,2024-08-20,80.99044232878859,0.9873913043478261,1358,0.8108695652173913
NORTE,Avenida Licenciado Raúl Salinas Lozano,0,2024-08-21,39.67273098846715,1.0,6803,2.4470987654320986
NORTE,Avenida Licenciado Raúl Salinas Lozano,1,2024-08-21,40.440633791407066,1.0192592592592593,4075,2.8358024691358024
NORTE,Avenida Licenciado Raúl Salinas Lozano,2,2024-08-21,42.62141317224278,0.929375,924,1.68875
NORTE,Avenida Licenciado Raúl Salinas Lozano,3,2024-08-21,49.06547824348304,0.9466666666666667,246,1.385
NORTE,Avenida Licenciado Raúl Salinas Lozano,4,2024-08-21,44.15255778704055,1.2175,43,1.5225
NORTE,Avenida Licenciado Raúl Salinas Lozano,5,2024-08-21,37.70671389327507,1.1765441176470588,3555,2.706544117647059
NORTE,Avenida Licenciado Raúl Salinas Lozano,6,2024-08-21,36.13877130190152,1.2076543209876542,13334,3.7936419753086423
NORTE,Avenida Licenciado Raúl Salinas Lozano,7,2024-08-21,34.748114864566304,1.282962962962963,19591,4.258024691358024
NORTE,Avenida Licenciado Raúl Salinas Lozano,8,2024-08-21,35.97927363645737,1.1856172839506172,17209,3.9146913580246916
NORTE,Avenida Licenciado Raúl Salinas Lozano,9,2024-08-21,34.82334463788609,1.21179012345679,14328,4.066172839506173
NORTE,Avenida Licenciado Raúl Salinas Lozano,10,2024-08-21,31.006075184481464,1.4153703703703704,13583,5.863024691358024
NORTE,Avenida Licenciado Raúl Salinas Lozano,11,2024-08-21,31.416605541071984,1.3437037037037038,15896,4.927469135802469
NORTE,Avenida Licenciado Raúl Salinas Lozano,12,2024-08-21,32.185645795590126,1.3699382716049384,14511,4.688888888888889
NORTE,Avenida Licenciado Raúl Salinas Lozano,13,2024-08-21,30.664005862165464,1.4266666666666667,17237,5.219444444444444
NORTE,Avenida Licenciado Raúl Salinas Lozano,14,2024-08-21,31.11763528640655,1.3499999999999999,16190,4.8778395061728395
NORTE,Avenida Licenciado Raúl Salinas Lozano,15,2024-08-21,32.339464304125606,1.3353703703703705,16528,5.006172839506172
NORTE,Avenida Licenciado Raúl Salinas Lozano,16,2024-08-21,31.550173987008975,1.3691358024691358,15780,5.16283950617284
NORTE,Avenida Licenciado Raúl Salinas Lozano,17,2024-08-21,31.575338031903144,1.3895061728395062,19128,4.946111111111111
NORTE,Avenida Licenciado Raúl Salinas Lozano,18,2024-08-21,28.269486176778166,1.5913580246913581,22219,5.725679012345679
NORTE,Avenida Licenciado Raúl Salinas Lozano,19,2024-08-21,27.7678967272031,1.6429629629629632,23483,5.8156790123456785
NORTE,Avenida Licenciado Raúl Salinas Lozano,20,2024-08-21,30.042265771139885,1.4196913580246915,19949,5.275925925925926
NORTE,Avenida Licenciado Raúl Salinas Lozano,21,2024-08-21,32.2891159618812,1.2660493827160493,17611,4.330061728395062
NORTE,Avenida Licenciado Raúl Salinas Lozano,22,2024-08-21,34.316443521423416,1.2474074074074075,12431,4.44358024691358
NORTE,Avenida Licenciado Raúl Salinas Lozano,23,2024-08-21,36.32684904923924,1.1422222222222222,8181,3.500864197530864
NORTE,Avenida Parque Industrial,0,2024-08-21,43.45417119961547,1.0,3938,2.583220338983051
NORTE,Avenida Parque Industrial,1,2024-08-21,43.286168267804925,1.015304347826087,3535,3.04095652173913
NORTE,Avenida Parque Industrial,2,2024-08-21,46.592649882346144,0.9861797752808988,1304,1.8797752808988766
NORTE,Avenida Parque Industrial,3,2024-08-21,48.27059147677229,1.0046666666666666,543,2.429111111111111
NORTE,Avenida Parque Industrial,4,2024-08-21,44.281174729193296,1.0517567567567567,1271,2.602837837837838
NORTE,Avenida Parque Industrial,5,2024-08-21,39.87523955067393,1.1245762711864407,3258,3.2348305084745763
NORTE,Avenida Parque Industrial,6,2024-08-21,38.49867488070624,1.1777118644067797,11526,3.535593220338983
NORTE,Avenida Parque Industrial,7,2024-08-21,30.899884604729923,1.6246610169491527,17537,5.902881355932203
NORTE,Avenida Parque Industrial,8,2024-08-21,32.63229930120734,1.619915254237288,16018,5.503050847457628
NORTE,Avenida Parque Industrial,9,2024-08-21,39.199586668452326,1.15864406779661,13560,3.648898305084746
NORTE,Avenida Parque Industrial,10,2024-08-21,39.19932010354386,1.2015254237288135,12665,3.732796610169492
NORTE,Avenida Parque Industrial,11,2024-08-21,39.160444189233566,1.1711016949152542,11818,3.376101694915254
NORTE,Avenida Parque Industrial,12,2024-08-21,38.23676210778909,1.1952542372881356,13594,3.7097457627118646
NORTE,Avenida Parque Industrial,13,2024-08-21,37.02862426456154,1.257457627118644,13621,4.185
NORTE,Avenida Parque Industrial,14,2024-08-21,37.4698091850232,1.2182203389830508,13143,3.7911864406779663
NORTE,Avenida Parque Industrial,15,2024-08-21,37.3636121471409,1.208135593220339,12513,3.902457627118644
NORTE,Avenida Parque Industrial,16,2024-08-21,36.77946771409125,1.2489830508474575,13115,4.074576271186441
NORTE,Avenida Parque Industrial,17,2024-08-21,33.83943637941378,1.3534745762711866,16480,4.693559322033899
NORTE,Avenida Parque Industrial,18,2024-08-21,30.930214664555674,1.6234745762711864,15745,5.590677966101695
NORTE,Avenida Parque Industrial,19,2024-08-21,29.247205833331815,1.91,15077,7.120500000000001
NORTE,Avenida Parque Industrial,20,2024-08-21,32.72638059830632,1.45625,14141,5.3375
NORTE,Avenida Parque Industrial,21,2024-08-21,36.536541223997084,1.2534745762711863,14081,3.774491525423729
NORTE,Avenida Parque Industrial,22,2024-08-21,38.4348680843101,1.1636440677966102,9928,3.347966101694915
NORTE,Avenida Parque Industrial,23,2024-08-21,40.37820093453658,1.0815254237288137,6084,2.954067796610169
NORTE,Libramiento Noroeste de Monterrey,0,2024-08-21,82.74741576555398,1.0,1108,0.9330434782608696
NORTE,Libramiento Noroeste de Monterrey,1,2024-08-21,85.04101355586899,0.9721739130434782,990,0.7086956521739131
NORTE,Libramiento Noroeste de Monterrey,2,2024-08-21,83.8680563391318,0.9973913043478262,623,1.0395652173913044
NORTE,Libramiento Noroeste de Monterrey,3,2024-08-21,86.1935476414355,0.9643478260869565,737,0.9434782608695652
NORTE,Libramiento Noroeste de Monterrey,4,2024-08-21,86.12152679830747,0.9630434782608696,753,0.7456521739130434
NORTE,Libramiento Noroeste de Monterrey,5,2024-08-21,77.83297328005014,1.0608695652173914,1430,0.991304347826087
NORTE,Libramiento Noroeste de Monterrey,6,2024-08-21,62.38160419085164,1.1172727272727272,4052,1.9030303030303028
NORTE,Libramiento Noroeste de Monterrey,7,2024-08-21,54.06569609335363,1.1686486486486487,5656,2.3408108108108108
NORTE,Libramiento Noroeste de Monterrey,8,2024-08-21,60.523265093860985,1.035945945945946,4370,1.9281081081081082
NORTE,Libramiento Noroeste de Monterrey,9,2024-08-21,51.29212196398355,1.412121212121212,3205,5.460909090909091
NORTE,Libramiento Noroeste de Monterrey,10,2024-08-21,35.901860327968144,2.703939393939394,2681,14.16
NORTE,Libramiento Noroeste de Monterrey,11,2024-08-21,47.07564545650159,1.5736363636363637,2566,6.828787878787878
NORTE,Libramiento Noroeste de Monterrey,12,2024-08-21,60.72602679318562,1.2136363636363636,3022,2.4957575757575756
NORTE,Libramiento Noroeste de Monterrey,13,2024-08-21,61.18334630577598,1.2066666666666668,2732,2.3557575757575755
NORTE,Libramiento Noroeste de Monterrey,14,2024-08-21,60.87100273882356,1.2127272727272727,2693,2.5784848484848486
NORTE,Libramiento Noroeste de Monterrey,15,2024-08-21,57.73504923772511,1.2148484848484848,2338,2.42
NORTE,Libramiento Noroeste de Monterrey,16,2024-08-21,62.728381225112166,1.1545454545454545,2613,2.0921212121212123
NORTE,Libramiento Noroeste de Monterrey,17,2024-08-21,62.03508935046581,1.1612121212121211,3887,2.286969696969697
NORTE,Libramiento Noroeste de Monterrey,18,2024-08-21,61.205814753519164,1.156969696969697,3938,1.9572727272727273
NORTE,Libramiento Noroeste de Monterrey,19,2024-08-21,41.318857504137455,2.5506060606060608,2521,7.911818181818181
NORTE,Libramiento Noroeste de Monterrey,20,2024-08-21,48.892590565802166,1.679090909090909,2691,6.539090909090909
NORTE,Libramiento Noroeste de Monterrey,21,2024-08-21,70.98811314840934,1.1569565217391304,2532,1.2156521739130435
NORTE,Libramiento Noroeste de Monterrey,22,2024-08-21,60.76702599890022,1.2169696969696968,2141,2.4451515151515153
NORTE,Libramiento Noroeste de Monterrey,23,2024-08-21,79.57336389280677,1.0452173913043479,1461,1.0017391304347825
NORTE,Avenida Licenciado Raúl Salinas Lozano,0,2024-08-22,38.798427857069214,1.0,5129,2.589814814814815
NORTE,Avenida Licenciado Raúl Salinas Lozano,1,2024-08-22,41.964766065721065,0.9353086419753087,3261,2.0857407407407407
NORTE,Avenida Licenciado Raúl Salinas Lozano,2,2024-08-22,39.373443322581124,1.0233333333333334,2339,2.5498765432098764
NORTE,Avenida Licenciado Raúl Salinas Lozano,3,2024-08-22,45.21829900971364,0.9375,417,1.6208333333333333
NORTE,Avenida Licenciado Raúl Salinas Lozano,4,2024-08-22,41.5040239182306,0.9298130841121495,1201,1.9945794392523364
NORTE,Avenida Licenciado Raúl Salinas Lozano,5,2024-08-22,36.95610909999217,1.141055900621118,3662,3.3469565217391306
NORTE,Avenida Licenciado Raúl Salinas Lozano,6,2024-08-22,35.20250541292917,1.1368518518518518,12793,4.2306790123456794
NORTE,Avenida Licenciado Raúl Salinas Lozano,7,2024-08-22,34.90140091762037,1.1732716049382717,18136,4.378148148148148
NORTE,Avenida Licenciado Raúl Salinas Lozano,8,2024-08-22,35.095902375797216,1.180246913580247,16862,3.9034567901234567
NORTE,Avenida Licenciado Raúl Salinas Lozano,9,2024-08-22,34.930764033110925,1.1784567901234568,14442,4.157469135802469
NORTE,Avenida Licenciado Raúl Salinas Lozano,10,2024-08-22,35.757287938373615,1.1504320987654322,13491,4.251234567901235
NORTE,Avenida Licenciado Raúl Salinas Lozano,11,2024-08-22,32.5800305259747,1.2358641975308642,14633,4.898641975308642
NORTE,Avenida Licenciado Raúl Salinas Lozano,12,2024-08-22,32.75754661747161,1.2593827160493827,15522,4.309938271604938
NORTE,Avenida Licenciado Raúl Salinas Lozano,13,2024-08-22,28.98826977744392,1.507530864197531,14457,6.218456790123457
NORTE,Avenida Licenciado Raúl Salinas Lozano,14,2024-08-22,34.12233937961204,1.2678395061728394,14293,5.130617283950617
NORTE,Avenida Licenciado Raúl Salinas Lozano,15,2024-08-22,32.951837634218556,1.247716049382716,16814,4.728888888888889
NORTE,Avenida Licenciado Raúl Salinas Lozano,16,2024-08-22,32.15399746660186,1.2735185185185185,15797,4.840308641975309
NORTE,Avenida Licenciado Raúl Salinas Lozano,17,2024-08-22,30.38106395357401,1.3793209876543209,18236,5.761666666666667
NORTE,Avenida Licenciado Raúl Salinas Lozano,18,2024-08-22,29.215221561869413,1.4761728395061728,23249,5.419444444444444
NORTE,Avenida Licenciado Raúl Salinas Lozano,19,2024-08-22,29.77875903995994,1.4627777777777777,21705,5.235864197530865
NORTE,Avenida Licenciado Raúl Salinas Lozano,20,2024-08-22,30.9897712208917,1.367716049382716,20413,5.403888888888889
NORTE,Avenida Licenciado Raúl Salinas Lozano,21,2024-08-22,32.76123753553386,1.2398148148148147,16189,4.4477160493827155
NORTE,Avenida Licenciado Raúl Salinas Lozano,22,2024-08-22,34.06907560425965,1.2183333333333333,12400,4.23820987654321
NORTE,Avenida Licenciado Raúl Salinas Lozano,23,2024-08-22,36.64100091320166,1.0816049382716049,8677,4.082777777777777
NORTE,Avenida Parque Industrial,0,2024-08-22,42.32274442607823,1.0,3954,2.778050847457627
NORTE,Avenida Parque Industrial,1,2024-08-22,44.34237501444734,0.9763559322033898,2950,2.280593220338983
NORTE,Avenida Parque Industrial,2,2024-08-22,45.49509826774866,1.0871186440677967,816,2.943898305084746
NORTE,Avenida Parque Industrial,3,2024-08-22,45.80559920111432,1.0326984126984127,897,2.0853968253968254
NORTE,Avenida Parque Industrial,4,2024-08-22,46.24119618147011,1.0385365853658537,1071,2.265731707317073
NORTE,Avenida Parque Industrial,5,2024-08-22,42.39940302669502,1.0221186440677965,4026,2.669830508474576
NORTE,Avenida Parque Industrial,6,2024-08-22,39.81715736188553,1.1039999999999999,11400,3.491333333333333
NORTE,Avenida Parque Industrial,7,2024-08-22,35.920431383844296,1.233220338983051,16239,4.40542372881356
NORTE,Avenida Parque Industrial,8,2024-08-22,34.52885688968469,1.3055084745762713,15466,4.528728813559322
NORTE,Avenida Parque Industrial,9,2024-08-22,38.91661508430826,1.1404237288135592,12509,3.6103389830508474
NORTE,Avenida Parque Industrial,10,2024-08-22,39.07200463048747,1.1111016949152543,11329,3.6615254237288135
NORTE,Avenida Parque Industrial,11,2024-08-22,38.42769651594344,1.1527966101694915,11467,3.5950847457627115
NORTE,Avenida Parque Industrial,12,2024-08-22,36.825737181310004,1.1985593220338984,13004,3.9210169491525426
NORTE,Avenida Parque Industrial,13,2024-08-22,36.314028138833905,1.2169491525423728,11556,4.445508474576272
NORTE,Avenida Parque Industrial,14,2024-08-22,36.108106288400116,1.2761016949152544,11271,4.810338983050848
NORTE,Avenida Parque Industrial,15,2024-08-22,35.33910193493468,1.3072033898305084,12461,5.152372881355932
NORTE,Avenida Parque Industrial,16,2024-08-22,36.440190026106116,1.2089830508474575,12349,4.199830508474576
NORTE,Avenida Parque Industrial,17,2024-08-22,30.860037645642954,1.432457627118644,15976,5.73271186440678
NORTE,Avenida Parque Industrial,18,2024-08-22,30.621585520003375,1.5153389830508475,17077,5.834745762711864
NORTE,Avenida Parque Industrial,19,2024-08-22,32.90561620890764,1.3620338983050848,13797,5.053898305084746
NORTE,Avenida Parque Industrial,20,2024-08-22,33.277036524712756,1.335593220338983,13218,4.973813559322034
NORTE,Avenida Parque Industrial,21,2024-08-22,35.72831101122612,1.25075,13042,4.577416666666666
NORTE,Avenida Parque Industrial,22,2024-08-22,37.85135786660013,1.1750847457627118,9749,3.694406779661017
NORTE,Avenida Parque Industrial,23,2024-08-22,39.580877040744255,1.0980508474576272,8213,3.224491525423729
NORTE,Libramiento Noroeste de Monterrey,0,2024-08-22,68.35331062934499,1.0,1587,1.9157575757575758
NORTE,Libramiento Noroeste de Monterrey,1,2024-08-22,74.2230786710547,1.108695652173913,821,3.0152173913043474
NORTE,Libramiento Noroeste de Monterrey,2,2024-08-22,83.28589915373766,0.9643478260869565,587,0.7847826086956522
NORTE,Libramiento Noroeste de Monterrey,3,2024-08-22,82.39338583294155,0.9652173913043478,580,0.9856521739130434
NORTE,Libramiento Noroeste de Monterrey,4,2024-08-22,76.745061510735,1.0678260869565217,1009,1.7213043478260872
NORTE,Libramiento Noroeste de Monterrey,5,2024-08-22,79.26816016298386,1.03,1180,1.4930434782608695
NORTE,Libramiento Noroeste de Monterrey,6,2024-08-22,60.54089214985695,1.0848484848484847,3686,2.463939393939394
NORTE,Libramiento Noroeste de Monterrey,7,2024-08-22,55.36123329410608,1.210909090909091,4686,2.846969696969697
NORTE,Libramiento Noroeste de Monterrey,8,2024-08-22,60.28243531202435,1.1156756756756756,4335,2.3029729729729733
NORTE,Libramiento Noroeste de Monterrey,9,2024-08-22,56.62646989286445,1.2406060606060605,3174,2.957878787878788
NORTE,Libramiento Noroeste de Monterrey,10,2024-08-22,59.568475636158844,1.1360606060606062,2362,4.078181818181818
NORTE,Libramiento Noroeste de Monterrey,11,2024-08-22,59.7535576813242,1.13,2778,2.2772727272727273
NORTE,Libramiento Noroeste de Monterrey,12,2024-08-22,60.76594561137396,1.093030303030303,2550,2.2027272727272726
NORTE,Libramiento Noroeste de Monterrey,13,2024-08-22,58.57241571675623,1.3254545454545454,2844,6.64
NORTE,Libramiento Noroeste de Monterrey,14,2024-08-22,57.52385379835777,1.2196969696969697,2602,3.914242424242424
NORTE,Libramiento Noroeste de Monterrey,15,2024-08-22,58.11497692853291,1.1712121212121211,2904,3.153939393939394
NORTE,Libramiento Noroeste de Monterrey,16,2024-08-22,59.08117437353728,1.1345454545454545,3391,2.438787878787879
NORTE,Libramiento Noroeste de Monterrey,17,2024-08-22,57.33645637141741,1.1487878787878787,4789,2.644848484848485
NORTE,Libramiento Noroeste de Monterrey,18,2024-08-22,59.153489144323515,1.1593939393939394,4559,1.9545454545454546
NORTE,Libramiento Noroeste de Monterrey,19,2024-08-22,52.84968055913442,1.530909090909091,2748,3.831212121212121
NORTE,Libramiento Noroeste de Monterrey,20,2024-08-22,57.367729698570024,1.226969696969697,2757,2.352424242424242
NORTE,Libramiento Noroeste de Monterrey,21,2024-08-22,65.71233035574362,1.1956521739130435,2191,2.322608695652174
NORTE,Libramiento Noroeste de Monterrey,22,2024-08-22,65.25625080956759,1.1244444444444444,2105,1.9274074074074075
NORTE,Libramiento Noroeste de Monterrey,23,2024-08-22,74.88848691427675,1.068695652173913,1682,1.4495652173913043
NORTE,Avenida Licenciado Raúl Salinas Lozano,0,2024-08-23,40.174647607264376,1.0,6395,2.786913580246914
NORTE,Avenida Licenciado Raúl Salinas Lozano,1,2024-08-23,40.71254068902538,1.0128395061728397,4139,2.3391358024691358
NORTE,Avenida Licenciado Raúl Salinas Lozano,2,2024-08-23,41.6018602801467,1.00320987654321,3242,2.081111111111111
NORTE,Avenida Licenciado Raúl Salinas Lozano,3,2024-08-23,45.409316592014,0.9536893203883495,1543,1.702621359223301
NORTE,Avenida Licenciado Raúl Salinas Lozano,4,2024-08-23,43.69584505679365,0.961,247,2.25
NORTE,Avenida Licenciado Raúl Salinas Lozano,5,2024-08-23,37.655670135360054,1.1599382716049382,4378,4.11320987654321
NORTE,Avenida Licenciado Raúl Salinas Lozano,6,2024-08-23,36.02806272369759,1.1512345679012346,12303,3.7285185185185186
NORTE,Avenida Licenciado Raúl Salinas Lozano,7,2024-08-23,33.49008181992253,1.2274074074074075,18939,4.805246913580247
NORTE,Avenida Licenciado Raúl Salinas Lozano,8,2024-08-23,35.24441474084221,1.1901851851851852,16175,4.370555555555556
NORTE,Avenida Licenciado Raúl Salinas Lozano,9,2024-08-23,33.87432209506135,1.2385802469135803,14986,4.561543209876543
NORTE,Avenida Licenciado Raúl Salinas Lozano,10,2024-08-23,35.312834901978114,1.2108024691358026,14210,4.122962962962963
NORTE,Avenida Licenciado Raúl Salinas Lozano,11,2024-08-23,33.188055101409574,1.3319753086419752,14389,4.822839506172839
NORTE,Avenida Licenciado Raúl Salinas Lozano,12,2024-08-23,30.30902228506621,1.417962962962963,13145,5.409876543209877
NORTE,Avenida Licenciado Raúl Salinas Lozano,13,2024-08-23,28.737282746380334,1.516851851851852,14024,5.448456790123457
NORTE,Avenida Licenciado Raúl Salinas Lozano,14,2024-08-23,30.393185784985196,1.4441975308641977,13185,5.533518518518518
NORTE,Avenida Licenciado Raúl Salinas Lozano,15,2024-08-23,28.347412840793602,1.5133333333333334,18049,6.2199382716049385
NORTE,Avenida Licenciado Raúl Salinas Lozano,16,2024-08-23,32.170242513955785,1.3456172839506173,17920,4.698888888888889
NORTE,Avenida Licenciado Raúl Salinas Lozano,17,2024-08-23,31.674100975063705,1.3798148148148148,22288,5.236296296296296
NORTE,Avenida Licenciado Raúl Salinas Lozano,18,2024-08-23,28.816421980174685,1.5876543209876544,25141,6.081111111111111
NORTE,Avenida Licenciado Raúl Salinas Lozano,19,2024-08-23,23.313530113561047,2.166049382716049,24341,8.554506172839506
NORTE,Avenida Licenciado Raúl Salinas Lozano,20,2024-08-23,29.961751763804813,1.4591975308641973,23694,5.630123456790123
NORTE,Avenida Licenciado Raúl Salinas Lozano,21,2024-08-23,32.80451813883611,1.2753703703703705,21836,4.680370370370371
NORTE,Avenida Licenciado Raúl Salinas Lozano,22,2024-08-23,35.31393074396477,1.1564197530864198,15958,3.7935802469135798
NORTE,Avenida Licenciado Raúl Salinas Lozano,23,2024-08-23,38.236629144388964,1.086111111111111,12597,3.530925925925926
NORTE,Avenida Parque Industrial,0,2024-08-23,42.27149259837493,1.0,5014,2.7003389830508473
NORTE,Avenida Parque Industrial,1,2024-08-23,43.362957017555125,0.9735593220338983,3306,2.4227966101694913
NORTE,Avenida Parque Industrial,2,2024-08-23,44.144254547418626,0.9766666666666667,2270,2.3630476190476193
NORTE,Avenida Parque Industrial,3,2024-08-23,49.70913412288395,0.9098412698412699,927,1.2128571428571429
NORTE,Avenida Parque Industrial,4,2024-08-23,45.14137005397497,0.9628571428571429,1682,2.0926785714285714
NORTE,Avenida Parque Industrial,5,2024-08-23,41.763589948686715,1.0515254237288136,3579,2.767457627118644
NORTE,Avenida Parque Industrial,6,2024-08-23,38.06387962934085,1.1432203389830509,11071,3.7353389830508474
NORTE,Avenida Parque Industrial,7,2024-08-23,35.62990828919632,1.259406779661017,16337,4.363559322033898
NORTE,Avenida Parque Industrial,8,2024-08-23,38.44789344008161,1.1806779661016948,15501,3.734745762711864
NORTE,Avenida Parque Industrial,9,2024-08-23,38.18863677641754,1.1680508474576272,11829,4.021271186440678
NORTE,Avenida Parque Industrial,10,2024-08-23,39.397605685739606,1.1491525423728812,12408,3.861186440677966
NORTE,Avenida Parque Industrial,11,2024-08-23,38.12122630865391,1.2046610169491525,12138,3.9193220338983052
NORTE,Avenida Parque Industrial,12,2024-08-23,35.46820025574087,1.3001694915254236,10200,4.323305084745763
NORTE,Avenida Parque Industrial,13,2024-08-23,34.57745811188388,1.2613559322033898,9888,3.990593220338983
NORTE,Avenida Parque Industrial,14,2024-08-23,35.90635316089476,1.23364406779661,11254,3.8528813559322033
NORTE,Avenida Parque Industrial,15,2024-08-23,35.99470942957311,1.2786440677966102,13413,4.2951694915254235
NORTE,Avenida Parque Industrial,16,2024-08-23,35.753544645280456,1.2949166666666667,14432,4.541833333333333
NORTE,Avenida Parque Industrial,17,2024-08-23,31.287551987495483,1.7883898305084747,15090,6.20813559322034
NORTE,Avenida Parque Industrial,18,2024-08-23,27.50494102366715,1.9446666666666668,17562,7.4718333333333335
NORTE,Avenida Parque Industrial,19,2024-08-23,27.791573691717232,2.07025,18940,7.681416666666666
NORTE,Avenida Parque Industrial,20,2024-08-23,32.413933107435014,1.5052542372881357,16238,5.381101694915254
NORTE,Avenida Parque Industrial,21,2024-08-23,36.21245883654416,1.2521186440677967,16726,4.385508474576271
NORTE,Avenida Parque Industrial,22,2024-08-23,36.64014287732327,1.2285593220338984,12177,3.804576271186441
NORTE,Avenida Parque Industrial,23,2024-08-23,41.005959826301684,1.0577118644067798,11193,2.983898305084746
NORTE,Libramiento Noroeste de Monterrey,0,2024-08-23,81.36964621532675,1.0,1262,0.9804347826086957
NORTE,Libramiento Noroeste de Monterrey,1,2024-08-23,81.52509481272527,0.9917391304347826,1074,1.3247826086956522
NORTE,Libramiento Noroeste de Monterrey,2,2024-08-23,81.21001097006739,0.9965217391304348,820,1.066086956521739
NORTE,Libramiento Noroeste de Monterrey,3,2024-08-23,84.20427049051872,0.9682608695652174,740,0.9247826086956522
NORTE,Libramiento Noroeste de Monterrey,4,2024-08-23,79.10049247766808,1.0239130434782608,644,1.072608695652174
NORTE,Libramiento Noroeste de Monterrey,5,2024-08-23,78.51005171603197,1.0260869565217392,1294,1.1330434782608696
NORTE,Libramiento Noroeste de Monterrey,6,2024-08-23,55.86805133651521,1.1426470588235293,3352,3.117058823529412
NORTE,Libramiento Noroeste de Monterrey,7,2024-08-23,57.3091633688483,0.9808108108108108,4993,2.132972972972973
NORTE,Libramiento Noroeste de Monterrey,8,2024-08-23,58.88476636225267,0.9745945945945946,4051,2.282972972972973
NORTE,Libramiento Noroeste de Monterrey,9,2024-08-23,61.515212557678666,1.0827272727272728,3761,2.516969696969697
NORTE,Libramiento Noroeste de Monterrey,10,2024-08-23,60.706768161641065,1.0854545454545454,2737,3.0442424242424244
NORTE,Libramiento Noroeste de Monterrey,11,2024-08-23,62.26878139618903,1.0424242424242425,3057,2.004848484848485
NORTE,Libramiento Noroeste de Monterrey,12,2024-08-23,59.319078257035,1.0987878787878786,2901,2.4600000000000004
NORTE,Libramiento Noroeste de Monterrey,13,2024-08-23,58.980829563355556,1.113030303030303,2843,2.145757575757576
NORTE,Libramiento Noroeste de Monterrey,14,2024-08-23,60.817594351276036,1.0609090909090908,2395,2.9157575757575755
NORTE,Libramiento Noroeste de Monterrey,15,2024-08-23,54.988484455648866,1.2203030303030302,3181,4.983333333333333
NORTE,Libramiento Noroeste de Monterrey,16,2024-08-23,55.7371428040134,1.1833333333333333,3879,3.885757575757576
NORTE,Libramiento Noroeste de Monterrey,17,2024-08-23,38.13787795421684,2.033823529411765,3950,9.539705882352942
NORTE,Libramiento Noroeste de Monterrey,18,2024-08-23,33.51445099870763,3.066470588235294,3427,11.000588235294117
NORTE,Libramiento Noroeste de Monterrey,19,2024-08-23,40.25910014637166,1.802121212121212,3573,6.6478787878787875
NORTE,Libramiento Noroeste de Monterrey,20,2024-08-23,59.77856863927489,1.1333333333333333,3320,2.0024242424242424
NORTE,Libramiento Noroeste de Monterrey,21,2024-08-23,62.56779000050473,1.0624242424242425,2795,1.7606060606060607
NORTE,Libramiento Noroeste de Monterrey,22,2024-08-23,74.50036005328319,1.086521739130435,2138,1.0204347826086957
NORTE,Libramiento Noroeste de Monterrey,23,2024-08-23,70.46158400389224,1.0351851851851852,2132,1.4103703703703703
NORTE,Avenida Licenciado Raúl Salinas Lozano,0,2024-08-24,39.396970048458606,1.0,10321,2.5103086419753087
NORTE,Avenida Licenciado Raúl Salinas Lozano,1,2024-08-24,38.74197837037692,1.0333333333333334,6941,3.1698765432098766
NORTE,Avenida Licenciado Raúl Salinas Lozano,2,2024-08-24,41.863018094648936,0.9894444444444443,5217,2.777345679012346
NORTE,Avenida Licenciado Raúl Salinas Lozano,3,2024-08-24,42.98641016360353,0.9223417721518987,3135,1.8012025316455695
NORTE,Avenida Licenciado Raúl Salinas Lozano,4,2024-08-24,42.21444828627399,0.9600000000000001,3767,2.1441975308641976
NORTE,Avenida Licenciado Raúl Salinas Lozano,5,2024-08-24,38.37352149418589,1.1236024844720498,2842,3.6331677018633535
NORTE,Avenida Licenciado Raúl Salinas Lozano,6,2024-08-24,40.806138703548235,1.030246913580247,6824,3.427716049382716
NORTE,Avenida Licenciado Raúl Salinas Lozano,7,2024-08-24,38.40264257729074,1.0505555555555555,10137,3.4768518518518516
NORTE,Avenida Licenciado Raúl Salinas Lozano,8,2024-08-24,36.55044813161887,1.1348765432098764,13323,4.204444444444444
NORTE,Avenida Licenciado Raúl Salinas Lozano,9,2024-08-24,34.56937294713741,1.2074074074074073,15799,4.659382716049383
NORTE,Avenida Licenciado Raúl Salinas Lozano,10,2024-08-24,33.674091585288615,1.2101851851851853,17625,4.292962962962963
NORTE,Avenida Licenciado Raúl Salinas Lozano,11,2024-08-24,32.71870480020032,1.291172839506173,16679,4.875740740740741
NORTE,Avenida Licenciado Raúl Salinas Lozano,12,2024-08-24,30.02304545387595,1.4246296296296297,19324,5.831234567901235
NORTE,Avenida Licenciado Raúl Salinas Lozano,13,2024-08-24,30.0600998998424,1.4458024691358025,20870,5.469012345679013
NORTE,Avenida Licenciado Raúl Salinas Lozano,14,2024-08-24,27.581116241733316,1.6454938271604937,22180,6.954382716049382
NORTE,Avenida Licenciado Raúl Salinas Lozano,15,2024-08-24,27.60327813618488,1.730679012345679,23329,6.861913580246913
NORTE,Avenida Licenciado Raúl Salinas Lozano,16,2024-08-24,28.73463317278659,1.5676543209876543,24231,6.424753086419753
NORTE,Avenida Licenciado Raúl Salinas Lozano,17,2024-08-24,30.75734151532559,1.4046913580246914,23767,5.862222222222222
NORTE,Avenida Licenciado Raúl Salinas Lozano,18,2024-08-24,30.415987472935356,1.4280864197530865,20112,5.695987654320987
NORTE,Avenida Licenciado Raúl Salinas Lozano,19,2024-08-24,30.03274711678671,1.394814814814815,24806,5.514567901234568
NORTE,Avenida Licenciado Raúl Salinas Lozano,20,2024-08-24,31.752181189518804,1.3335802469135802,23598,5.557901234567901
NORTE,Avenida Licenciado Raúl Salinas Lozano,21,2024-08-24,32.81746516577556,1.2221604938271606,21025,4.547098765432099
NORTE,Avenida Licenciado Raúl Salinas Lozano,22,2024-08-24,34.45948680276317,1.1645679012345678,20653,4.382469135802469
NORTE,Avenida Licenciado Raúl Salinas Lozano,23,2024-08-24,35.97081749959495,1.1059876543209877,15067,3.8201234567901237
NORTE,Avenida Parque Industrial,0,2024-08-24,42.49390790026473,1.0,7927,2.9565254237288134
NORTE,Avenida Parque Industrial,1,2024-08-24,43.48247386177885,0.9752542372881355,5710,2.649661016949153
NORTE,Avenida Parque Industrial,2,2024-08-24,44.54274486637815,0.9395762711864407,3603,2.0621186440677968
NORTE,Avenida Parque Industrial,3,2024-08-24,44.61125956964352,0.948728813559322,2849,2.6435593220338984
NORTE,Avenida Parque Industrial,4,2024-08-24,42.35636774582954,1.0471186440677966,2730,2.636440677966102
NORTE,Avenida Parque Industrial,5,2024-08-24,40.6212657521882,1.155,3129,2.930084745762712
NORTE,Avenida Parque Industrial,6,2024-08-24,41.37183988493496,1.0525423728813559,6134,3.1960169491525425
NORTE,Avenida Parque Industrial,7,2024-08-24,40.36558065468929,1.0763559322033898,9060,3.3260169491525424
NORTE,Avenida Parque Industrial,8,2024-08-24,39.310113138733,1.1034745762711866,11109,3.3654237288135596
NORTE,Avenida Parque Industrial,9,2024-08-24,38.79967876451843,1.1403389830508475,11451,3.934322033898305
NORTE,Avenida Parque Industrial,10,2024-08-24,38.35735365072842,1.1308474576271186,12609,4.025084745762712
NORTE,Avenida Parque Industrial,11,2024-08-24,37.18068404261369,1.1772881355932203,12272,4.286016949152542
NORTE,Avenida Parque Industrial,12,2024-08-24,36.60656101914754,1.2116949152542371,12856,4.011694915254237
NORTE,Avenida Parque Industrial,13,2024-08-24,34.762525340177554,1.3048305084745762,15265,4.701525423728813
NORTE,Avenida Parque Industrial,14,2024-08-24,35.28689467615573,1.2746666666666668,17082,4.7630833333333324
NORTE,Avenida Parque Industrial,15,2024-08-24,33.77034108860862,1.3454166666666665,17347,5.273750000000001
NORTE,Avenida Parque Industrial,16,2024-08-24,33.62207517020344,1.3911016949152544,16651,5.304152542372881
NORTE,Avenida Parque Industrial,17,2024-08-24,37.64293346746536,1.1665546218487395,18087,4.109243697478991
NORTE,Avenida Parque Industrial,18,2024-08-24,37.729527613225876,1.1814406779661017,16462,3.9788135593220337
NORTE,Avenida Parque Industrial,19,2024-08-24,35.44586821618371,1.2584426229508197,18483,4.61811475409836
NORTE,Avenida Parque Industrial,20,2024-08-24,36.30756635451371,1.2078333333333333,17399,4.1985
NORTE,Avenida Parque Industrial,21,2024-08-24,37.967647128969354,1.1315254237288137,16888,3.414322033898305
NORTE,Avenida Parque Industrial,22,2024-08-24,38.56820484219835,1.1333898305084746,18035,3.634152542372881
NORTE,Avenida Parque Industrial,23,2024-08-24,38.7709225934399,1.1006779661016948,13191,3.2787288135593218
NORTE,Libramiento Noroeste de Monterrey,0,2024-08-24,81.56389594107506,1.0,1732,0.9008695652173913
NORTE,Libramiento Noroeste de Monterrey,1,2024-08-24,83.13921838269863,0.9817391304347826,1301,0.8760869565217391
NORTE,Libramiento Noroeste de Monterrey,2,2024-08-24,83.77812960351042,0.9752173913043478,1005,0.8665217391304347
NORTE,Libramiento Noroeste de Monterrey,3,2024-08-24,81.12319855821971,1.0117391304347827,909,1.1304347826086956
NORTE,Libramiento Noroeste de Monterrey,4,2024-08-24,83.49225865851747,0.9969565217391304,1029,1.0947826086956522
NORTE,Libramiento Noroeste de Monterrey,5,2024-08-24,77.59781538943739,1.0843478260869566,1073,1.3617391304347826
NORTE,Libramiento Noroeste de Monterrey,6,2024-08-24,69.00966956133664,0.963030303030303,2061,1.8624242424242425
NORTE,Libramiento Noroeste de Monterrey,7,2024-08-24,58.262141807836066,1.1784848484848485,2429,2.8790909090909094
NORTE,Libramiento Noroeste de Monterrey,8,2024-08-24,58.403801870737425,1.2205882352941178,2620,3.395
NORTE,Libramiento Noroeste de Monterrey,9,2024-08-24,59.89250715255327,1.1875757575757575,2342,2.8236363636363633
NORTE,Libramiento Noroeste de Monterrey,10,2024-08-24,51.04230698732066,1.398787878787879,2593,4.626363636363636
NORTE,Libramiento Noroeste de Monterrey,11,2024-08-24,56.76974436761335,1.166969696969697,2822,4.2684848484848485
NORTE,Libramiento Noroeste de Monterrey,12,2024-08-24,53.65512818809954,1.349090909090909,3269,5.474848484848485
NORTE,Libramiento Noroeste de Monterrey,13,2024-08-24,63.09942434232373,1.0472727272727274,3130,2.58
NORTE,Libramiento Noroeste de Monterrey,14,2024-08-24,65.28920542239247,1.0003030303030302,3397,1.8848484848484848
NORTE,Libramiento Noroeste de Monterrey,15,2024-08-24,64.94182935349419,1.0190909090909093,3465,1.8636363636363635
NORTE,Libramiento Noroeste de Monterrey,16,2024-08-24,66.35872425545706,1.0063636363636363,3839,1.852121212121212
NORTE,Libramiento Noroeste de Monterrey,17,2024-08-24,68.25696726428453,0.9866666666666667,3941,2.713939393939394
NORTE,Libramiento Noroeste de Monterrey,18,2024-08-24,69.00192567720136,0.9884848484848486,4257,1.8027272727272727
NORTE,Libramiento Noroeste de Monterrey,19,2024-08-24,58.70416959985549,1.120909090909091,4848,2.628484848484849
NORTE,Libramiento Noroeste de Monterrey,20,2024-08-24,61.33606746378564,1.0884848484848486,4251,2.508181818181818
NORTE,Libramiento Noroeste de Monterrey,21,2024-08-24,65.74990370285757,1.0003030303030302,3477,2.1884848484848485
NORTE,Libramiento Noroeste de Monterrey,22,2024-08-24,68.31281615348038,0.9584848484848486,3060,1.58
NORTE,Libramiento Noroeste de Monterrey,23,2024-08-24,67.67872829329586,0.9533333333333334,2367,1.7618181818181817
NORTE,Avenida Licenciado Raúl Salinas Lozano,0,2024-08-25,37.460997267759566,1.0,12614,3.4493209876543207
NORTE,Avenida Licenciado Raúl Salinas Lozano,1,2024-08-25,39.467038575405425,0.9845679012345679,10320,2.7130246913580245
NORTE,Avenida Licenciado Raúl Salinas Lozano,2,2024-08-25,40.8121422679805,0.9377777777777777,7617,2.5167283950617283
NORTE,Avenida Licenciado Raúl Salinas Lozano,3,2024-08-25,40.80642573608473,0.9968518518518519,5234,3.3193209876543213
NORTE,Avenida Licenciado Raúl Salinas Lozano,4,2024-08-25,41.75038281379809,0.9566250000000001,2953,2.3491875
NORTE,Avenida Licenciado Raúl Salinas Lozano,5,2024-08-25,44.29248238516144,0.9124375,2920,2.380125
NORTE,Avenida Licenciado Raúl Salinas Lozano,6,2024-08-25,43.15334165525165,0.9488271604938272,3596,2.9014197530864196
NORTE,Avenida Licenciado Raúl Salinas Lozano,7,2024-08-25,41.55409283725863,0.9217283950617283,5100,3.09641975308642
NORTE,Avenida Licenciado Raúl Salinas Lozano,8,2024-08-25,39.565103729397734,0.9906790123456791,7692,3.6854938271604936
NORTE,Avenida Licenciado Raúl Salinas Lozano,9,2024-08-25,37.03020248773806,1.027530864197531,10454,4.006666666666667
NORTE,Avenida Licenciado Raúl Salinas Lozano,10,2024-08-25,35.2089550837347,1.1858641975308644,9712,5.217592592592593
NORTE,Avenida Licenciado Raúl Salinas Lozano,11,2024-08-25,36.13043980970056,1.09320987654321,14174,4.37537037037037
NORTE,Avenida Licenciado Raúl Salinas Lozano,12,2024-08-25,35.51768610165997,1.0880864197530864,15075,4.165555555555556
NORTE,Avenida Licenciado Raúl Salinas Lozano,13,2024-08-25,33.10645961292033,1.1920370370370372,16041,5.305802469135802
NORTE,Avenida Licenciado Raúl Salinas Lozano,14,2024-08-25,32.493822632672,1.2340123456790124,18819,5.225123456790124
NORTE,Avenida Licenciado Raúl Salinas Lozano,15,2024-08-25,32.67606896145406,1.2122839506172838,20909,5.101913580246913
NORTE,Avenida Licenciado Raúl Salinas Lozano,16,2024-08-25,32.20931833915132,1.2388271604938272,18250,5.468765432098766
NORTE,Avenida Licenciado Raúl Salinas Lozano,17,2024-08-25,33.348552317617425,1.172777777777778,19106,4.764135802469135
NORTE,Avenida Licenciado Raúl Salinas Lozano,18,2024-08-25,32.57388685136907,1.211604938271605,18380,4.831604938271605
NORTE,Avenida Licenciado Raúl Salinas Lozano,19,2024-08-25,32.87111336956682,1.155246913580247,17761,4.6426543209876545
NORTE,Avenida Licenciado Raúl Salinas Lozano,20,2024-08-25,33.80498136774042,1.1658024691358027,21513,4.693641975308642
NORTE,Avenida Licenciado Raúl Salinas Lozano,21,2024-08-25,35.37352690999072,1.0669135802469136,17718,4.232283950617284
NORTE,Avenida Licenciado Raúl Salinas Lozano,22,2024-08-25,36.8057161636693,1.0378395061728394,15288,3.5418518518518516
NORTE,Avenida Licenciado Raúl Salinas Lozano,23,2024-08-25,37.27855430604039,1.0391975308641974,9596,3.8836419753086417
NORTE,Avenida Parque Industrial,0,2024-08-25,41.25823333327218,1.0,10531,2.929152542372881
NORTE,Avenida Parque Industrial,1,2024-08-25,42.747263811199396,0.9549152542372881,9840,2.9579661016949155
NORTE,Avenida Parque Industrial,2,2024-08-25,42.75116853763556,0.9684745762711865,6397,2.7733898305084743
NORTE,Avenida Parque Industrial,3,2024-08-25,43.920201877512234,0.9567796610169492,4652,2.963305084745763
NORTE,Avenida Parque Industrial,4,2024-08-25,45.156290535705494,0.9254385964912281,2888,2.0166666666666666
NORTE,Avenida Parque Industrial,5,2024-08-25,46.630298321540025,0.8879661016949153,3964,2.350508474576271
NORTE,Avenida Parque Industrial,6,2024-08-25,45.19449936982074,0.9247457627118645,3982,2.5534745762711863
NORTE,Avenida Parque Industrial,7,2024-08-25,44.75125494649439,0.9229661016949152,4623,2.5430508474576268
NORTE,Avenida Parque Industrial,8,2024-08-25,44.91936549112704,0.9391525423728813,7222,2.84
NORTE,Avenida Parque Industrial,9,2024-08-25,41.305635288570734,1.0015254237288136,7780,3.0732203389830506
NORTE,Avenida Parque Industrial,10,2024-08-25,41.06067332864903,1.0328813559322034,9601,3.458220338983051
NORTE,Avenida Parque Industrial,11,2024-08-25,41.44383589288237,1.0045762711864408,11319,3.3609322033898303
NORTE,Avenida Parque Industrial,12,2024-08-25,39.506672561793344,1.0777966101694916,10547,4.078050847457627
NORTE,Avenida Parque Industrial,13,2024-08-25,38.303428652150224,1.0954237288135593,12197,3.8614406779661015
NORTE,Avenida Parque Industrial,14,2024-08-25,37.61734506488003,1.1211016949152541,12526,3.800677966101695
NORTE,Avenida Parque Industrial,15,2024-08-25,38.51968067248474,1.1023728813559324,15293,3.8177966101694913
NORTE,Avenida Parque Industrial,16,2024-08-25,36.85222004939929,1.1211666666666666,14027,4.533
NORTE,Avenida Parque Industrial,17,2024-08-25,37.685725283024375,1.11075,14281,4.335
NORTE,Avenida Parque Industrial,18,2024-08-25,38.67142557453128,1.1255833333333334,14829,4.118666666666667
NORTE,Avenida Parque Industrial,19,2024-08-25,36.90291262846067,1.1451260504201681,13867,4.204873949579832
NORTE,Avenida Parque Industrial,20,2024-08-25,36.73953581381184,1.1479661016949154,16103,3.890084745762712
NORTE,Avenida Parque Industrial,21,2024-08-25,38.0368869345681,1.0840833333333333,14181,3.696166666666667
NORTE,Avenida Parque Industrial,22,2024-08-25,39.08079454936211,1.0431932773109245,12273,3.30655462184874
NORTE,Avenida Parque Industrial,23,2024-08-25,41.45887708844341,0.9812711864406779,9148,2.9008474576271186
NORTE,Libramiento Noroeste de Monterrey,0,2024-08-25,81.95260617458078,1.0,1946,0.9347826086956522
NORTE,Libramiento Noroeste de Monterrey,1,2024-08-25,68.62916143120134,1.0851515151515152,2298,2.8006060606060608
NORTE,Libramiento Noroeste de Monterrey,2,2024-08-25,85.89099044036985,0.966086956521739,1353,0.7969565217391306
NORTE,Libramiento Noroeste de Monterrey,3,2024-08-25,87.65206707412631,0.9413043478260869,1002,0.7904347826086956
NORTE,Libramiento Noroeste de Monterrey,4,2024-08-25,84.3396434728099,0.9817391304347827,614,1.1047826086956523
NORTE,Libramiento Noroeste de Monterrey,5,2024-08-25,87.02624510264849,0.9404347826086956,762,0.8991304347826087
NORTE,Libramiento Noroeste de Monterrey,6,2024-08-25,88.74861816329728,0.9269565217391305,1478,1.2582608695652173
NORTE,Libramiento Noroeste de Monterrey,7,2024-08-25,88.95443974298699,0.9213043478260871,1837,0.8321739130434783
NORTE,Libramiento Noroeste de Monterrey,8,2024-08-25,86.9294723014508,0.908076923076923,1796,1.2684615384615385
NORTE,Libramiento Noroeste de Monterrey,9,2024-08-25,76.63681154184344,0.913030303030303,2266,1.3142424242424242
NORTE,Libramiento Noroeste de Monterrey,10,2024-08-25,88.8403604450713,0.9239130434782609,2135,0.9304347826086956
NORTE,Libramiento Noroeste de Monterrey,11,2024-08-25,73.11682981837694,0.9612121212121212,2659,1.5421212121212122
NORTE,Libramiento Noroeste de Monterrey,12,2024-08-25,74.19283134426446,0.9396774193548387,2806,1.835483870967742
NORTE,Libramiento Noroeste de Monterrey,13,2024-08-25,73.05537736525706,0.9645454545454546,3442,1.6257575757575757
NORTE,Libramiento Noroeste de Monterrey,14,2024-08-25,72.58178004935726,0.9587878787878789,3501,1.6490909090909092
NORTE,Libramiento Noroeste de Monterrey,15,2024-08-25,73.36444443854117,0.9609090909090909,4222,1.4321212121212121
NORTE,Libramiento Noroeste de Monterrey,16,2024-08-25,73.69180743759281,0.9669696969696969,4196,1.8545454545454547
NORTE,Libramiento Noroeste de Monterrey,17,2024-08-25,81.92174917147669,0.8996296296296296,3458,0.9144444444444445
NORTE,Libramiento Noroeste de Monterrey,18,2024-08-25,78.14194965990264,0.9485185185185185,3831,1.3259259259259257
NORTE,Libramiento Noroeste de Monterrey,19,2024-08-25,73.80875704421993,1.0558620689655174,4143,1.2872413793103448
NORTE,Libramiento Noroeste de Monterrey,20,2024-08-25,69.38881199875676,1.0036363636363637,3399,1.0954545454545455
NORTE,Libramiento Noroeste de Monterrey,21,2024-08-25,77.52286906440996,1.0691304347826087,3110,1.2830434782608695
NORTE,Libramiento Noroeste de Monterrey,22,2024-08-25,66.5028073605551,1.1033333333333335,2179,2.065757575757576
NORTE,Libramiento Noroeste de Monterrey,23,2024-08-25,81.68287611659615,1.008695652173913,1838,0.7904347826086956
NORTE,Avenida Licenciado Raúl Salinas Lozano,0,2024-08-26,39.42086665782923,1.0,6573,3.2111111111111112
NORTE,Avenida Licenciado Raúl Salinas Lozano,1,2024-08-26,38.2423235826963,1.1161728395061727,3951,3.314135802469136
NORTE,Avenida Licenciado Raúl Salinas Lozano,2,2024-08-26,40.1738599562451,1.0391156462585034,2232,2.076530612244898
NORTE,Avenida Licenciado Raúl Salinas Lozano,3,2024-08-26,43.14817117237218,0.8962222222222221,489,1.9302222222222223
NORTE,Avenida Licenciado Raúl Salinas Lozano,4,2024-08-26,41.637161246612465,0.9502127659574469,1067,1.6205319148936168
NORTE,Avenida Licenciado Raúl Salinas Lozano,5,2024-08-26,37.09082232336176,1.1430246913580246,4664,3.34358024691358
NORTE,Avenida Licenciado Raúl Salinas Lozano,6,2024-08-26,34.2881064690027,1.238641975308642,16699,4.271851851851852
NORTE,Avenida Licenciado Raúl Salinas Lozano,7,2024-08-26,31.806578365958202,1.3793209876543209,22682,5.25679012345679
NORTE,Avenida Licenciado Raúl Salinas Lozano,8,2024-08-26,33.208024391321636,1.269074074074074,18825,4.612098765432099
NORTE,Avenida Licenciado Raúl Salinas Lozano,9,2024-08-26,34.57000776957861,1.2319753086419754,13283,4.440123456790123
NORTE,Avenida Licenciado Raúl Salinas Lozano,10,2024-08-26,33.65892765086239,1.2574691358024692,13844,4.525123456790124
NORTE,Avenida Licenciado Raúl Salinas Lozano,11,2024-08-26,31.543899039665362,1.3312962962962962,13118,5.06895061728395
NORTE,Avenida Licenciado Raúl Salinas Lozano,12,2024-08-26,29.869840042419693,1.4081481481481481,15976,6.036728395061728
NORTE,Avenida Licenciado Raúl Salinas Lozano,13,2024-08-26,30.584896454715512,1.447962962962963,21411,5.606913580246914
NORTE,Avenida Licenciado Raúl Salinas Lozano,14,2024-08-26,30.96187235797505,1.3635802469135803,16955,5.1896913580246915
NORTE,Avenida Licenciado Raúl Salinas Lozano,15,2024-08-26,28.747877542603806,1.5187037037037037,16601,6.49925925925926
NORTE,Avenida Licenciado Raúl Salinas Lozano,16,2024-08-26,32.93208633437909,1.329320987654321,15379,5.016111111111111
NORTE,Avenida Licenciado Raúl Salinas Lozano,17,2024-08-26,30.065198547714786,1.4401234567901235,17602,6.217407407407408
NORTE,Avenida Licenciado Raúl Salinas Lozano,18,2024-08-26,28.510260630698305,1.5475925925925926,22264,5.945987654320987
NORTE,Avenida Licenciado Raúl Salinas Lozano,19,2024-08-26,27.59184857054483,1.689506172839506,22932,6.346543209876544
NORTE,Avenida Licenciado Raúl Salinas Lozano,20,2024-08-26,31.07753082055588,1.3757407407407407,19143,5.0
NORTE,Avenida Licenciado Raúl Salinas Lozano,21,2024-08-26,32.62811887823487,1.2559876543209876,17560,5.115679012345679
NORTE,Avenida Licenciado Raúl Salinas Lozano,22,2024-08-26,35.19631202774955,1.156604938271605,9587,4.280864197530864
NORTE,Avenida Licenciado Raúl Salinas Lozano,23,2024-08-26,36.426414910226384,1.173827160493827,6440,3.597962962962963
NORTE,Avenida Parque Industrial,0,2024-08-26,43.07875534551619,1.0,6518,3.046271186440678
NORTE,Avenida Parque Industrial,1,2024-08-26,43.405692160643426,1.020677966101695,3169,3.071694915254237
NORTE,Avenida Parque Industrial,2,2024-08-26,48.77900447798209,0.95,1222,1.62425
NORTE,Avenida Parque Industrial,3,2024-08-26,46.672686478608746,0.9615178571428571,1582,1.8861607142857142
NORTE,Avenida Parque Industrial,4,2024-08-26,48.163803633497984,0.9546153846153846,1032,1.6063076923076922
NORTE,Avenida Parque Industrial,5,2024-08-26,39.07349504570863,1.1203389830508474,3786,3.358050847457627
NORTE,Avenida Parque Industrial,6,2024-08-26,38.110905862043026,1.1583050847457628,12811,3.7727118644067796
NORTE,Avenida Parque Industrial,7,2024-08-26,36.26751760741025,1.250762711864407,17785,4.125084745762712
NORTE,Avenida Parque Industrial,8,2024-08-26,37.67677177617522,1.2214166666666666,18448,3.958583333333333
NORTE,Avenida Parque Industrial,9,2024-08-26,39.29346338080623,1.1671186440677965,12315,3.8088983050847456
NORTE,Avenida Parque Industrial,10,2024-08-26,39.30937288449649,1.1333898305084746,10912,3.451186440677966
NORTE,Avenida Parque Industrial,11,2024-08-26,37.319769099384864,1.2013559322033898,10411,3.7782203389830507
NORTE,Avenida Parque Industrial,12,2024-08-26,36.14764613829453,1.233220338983051,13246,4.0099152542372885
NORTE,Avenida Parque Industrial,13,2024-08-26,35.3263680944003,1.2683050847457626,13890,4.48135593220339
NORTE,Avenida Parque Industrial,14,2024-08-26,35.96466703236021,1.2838983050847457,13285,4.483644067796611
NORTE,Avenida Parque Industrial,15,2024-08-26,35.75699884237814,1.242542372881356,12458,4.064491525423729
NORTE,Avenida Parque Industrial,16,2024-08-26,36.09303280417845,1.2496610169491527,12125,4.139915254237288
NORTE,Avenida Parque Industrial,17,2024-08-26,34.31268559100174,1.311949152542373,14004,4.480338983050847
NORTE,Avenida Parque Industrial,18,2024-08-26,32.1150118422332,1.4409322033898304,17243,5.282881355932203
NORTE,Avenida Parque Industrial,19,2024-08-26,33.50026106115949,1.3480508474576272,16340,4.62271186440678
NORTE,Avenida Parque Industrial,20,2024-08-26,35.44315431482842,1.2860504201680671,13340,4.157058823529412
NORTE,Avenida Parque Industrial,21,2024-08-26,37.45755306989945,1.1933898305084745,11816,3.8
NORTE,Avenida Parque Industrial,22,2024-08-26,39.71860523993593,1.091271186440678,8090,3.047542372881356
NORTE,Avenida Parque Industrial,23,2024-08-26,41.25568289599933,1.056186440677966,6270,2.9175423728813557
NORTE,Libramiento Noroeste de Monterrey,0,2024-08-26,84.18867301363422,1.0,1173,0.831304347826087
NORTE,Libramiento Noroeste de Monterrey,1,2024-08-26,84.99849670897979,0.9839130434782608,760,0.7834782608695652
NORTE,Libramiento Noroeste de Monterrey,2,2024-08-26,88.70696481742674,0.9491304347826086,457,0.8565217391304347
NORTE,Libramiento Noroeste de Monterrey,3,2024-08-26,83.13221908791725,1.0426086956521738,582,1.1621739130434783
NORTE,Libramiento Noroeste de Monterrey,4,2024-08-26,88.98744279893434,0.9556521739130435,624,0.99
NORTE,Libramiento Noroeste de Monterrey,5,2024-08-26,82.60068954709293,1.0126086956521738,1167,0.9130434782608695
NORTE,Libramiento Noroeste de Monterrey,6,2024-08-26,64.35721641743011,1.1226666666666667,3605,2.1076666666666664
NORTE,Libramiento Noroeste de Monterrey,7,2024-08-26,59.65502808665277,1.1485294117647058,5648,2.1602941176470587
NORTE,Libramiento Noroeste de Monterrey,8,2024-08-26,64.35362709284627,1.011081081081081,4750,1.845135135135135
NORTE,Libramiento Noroeste de Monterrey,9,2024-08-26,63.445076625960645,1.1618181818181816,3450,2.1187878787878787
NORTE,Libramiento Noroeste de Monterrey,10,2024-08-26,63.157846822459945,1.187878787878788,2617,2.143939393939394
NORTE,Libramiento Noroeste de Monterrey,11,2024-08-26,61.58594221108865,1.1581818181818182,2163,2.8745454545454545
NORTE,Libramiento Noroeste de Monterrey,12,2024-08-26,60.7216738967004,1.1933333333333334,2275,2.702121212121212
NORTE,Libramiento Noroeste de Monterrey,13,2024-08-26,59.75815736414133,1.3166666666666667,2734,8.543636363636363
NORTE,Libramiento Noroeste de Monterrey,14,2024-08-26,51.90767375325086,1.4278787878787877,2752,7.218484848484849
NORTE,Libramiento Noroeste de Monterrey,15,2024-08-26,35.31217036491968,2.1666666666666665,2485,11.69030303030303
NORTE,Libramiento Noroeste de Monterrey,16,2024-08-26,58.23225064353056,1.2693939393939395,3351,3.4515151515151516
NORTE,Libramiento Noroeste de Monterrey,17,2024-08-26,60.29879847730974,1.2018181818181817,4720,2.337272727272727
NORTE,Libramiento Noroeste de Monterrey,18,2024-08-26,59.40916509713393,1.2554545454545454,3701,2.626060606060606
NORTE,Libramiento Noroeste de Monterrey,19,2024-08-26,47.99615634936869,1.726060606060606,3261,4.381818181818182
NORTE,Libramiento Noroeste de Monterrey,20,2024-08-26,61.17668573128714,1.2487878787878788,2293,2.6933333333333334
NORTE,Libramiento Noroeste de Monterrey,21,2024-08-26,67.59283502448685,1.1268,1969,1.7728
NORTE,Libramiento Noroeste de Monterrey,22,2024-08-26,67.61067862701992,1.186923076923077,1783,1.7930769230769232
NORTE,Libramiento Noroeste de Monterrey,23,2024-08-26,76.44646372042,1.1004347826086958,1181,1.6195652173913044
NORTE,Avenida Licenciado Raúl Salinas Lozano,0,2024-08-27,39.94485716495073,1.0,4884,3.2103703703703705
NORTE,Avenida Licenciado Raúl Salinas Lozano,1,2024-08-27,42.785340074211895,0.9671917808219178,2263,1.7510958904109588
NORTE,Avenida Licenciado Raúl Salinas Lozano,2,2024-08-27,41.73254137785722,1.11,1048,4.047441860465116
NORTE,Avenida Licenciado Raúl Salinas Lozano,3,2024-08-27,40.78043384026298,0.9792857142857143,144,2.330714285714286
NORTE,Avenida Licenciado Raúl Salinas Lozano,4,2024-08-27,44.35435501418606,0.9770909090909091,1240,2.0466363636363636
NORTE,Avenida Licenciado Raúl Salinas Lozano,5,2024-08-27,36.755114665435805,1.1793442622950818,3175,2.818688524590164
NORTE,Avenida Licenciado Raúl Salinas Lozano,6,2024-08-27,34.65914785029385,1.2767901234567902,16685,4.072654320987654
NORTE,Avenida Licenciado Raúl Salinas Lozano,7,2024-08-27,30.326367593124477,1.5440123456790122,22687,5.515555555555555
NORTE,Avenida Licenciado Raúl Salinas Lozano,8,2024-08-27,33.796674914939686,1.279320987654321,17462,4.433333333333334
NORTE,Avenida Licenciado Raúl Salinas Lozano,9,2024-08-27,33.42943418320004,1.279320987654321,15754,4.946296296296296
NORTE,Avenida Licenciado Raúl Salinas Lozano,10,2024-08-27,34.28799195056928,1.2255555555555555,12968,4.267037037037037
NORTE,Avenida Licenciado Raúl Salinas Lozano,11,2024-08-27,32.81800774748502,1.2851851851851852,14904,4.528950617283951
NORTE,Avenida Licenciado Raúl Salinas Lozano,12,2024-08-27,32.26637521541249,1.362283950617284,16665,5.144074074074075
NORTE,Avenida Licenciado Raúl Salinas Lozano,13,2024-08-27,30.82554607986096,1.4572222222222222,17868,5.696049382716049
NORTE,Avenida Licenciado Raúl Salinas Lozano,14,2024-08-27,30.310199320990385,1.4480246913580246,16605,5.062592592592592
NORTE,Avenida Licenciado Raúl Salinas Lozano,15,2024-08-27,29.516912089611598,1.4754938271604938,14592,5.485432098765432
NORTE,Avenida Licenciado Raúl Salinas Lozano,16,2024-08-27,30.65893391071245,1.3862345679012344,17611,4.991111111111111
NORTE,Avenida Licenciado Raúl Salinas Lozano,17,2024-08-27,29.93608619445304,1.4358024691358025,20361,5.5283950617283955
NORTE,Avenida Licenciado Raúl Salinas Lozano,18,2024-08-27,26.032892382130708,1.9530864197530864,23024,7.444259259259259
NORTE,Avenida Licenciado Raúl Salinas Lozano,19,2024-08-27,25.704327581635813,2.5414814814814815,17600,8.223580246913581
NORTE,Avenida Licenciado Raúl Salinas Lozano,20,2024-08-27,27.358889539422325,1.692962962962963,18435,6.37074074074074
NORTE,Avenida Licenciado Raúl Salinas Lozano,21,2024-08-27,31.23612485823281,1.288395061728395,15502,5.041296296296296
NORTE,Avenida Licenciado Raúl Salinas Lozano,22,2024-08-27,33.33741254621242,1.262283950617284,10793,4.827160493827161
NORTE,Avenida Licenciado Raúl Salinas Lozano,23,2024-08-27,37.66623805105092,1.079074074074074,7287,3.6881481481481484
NORTE,Avenida Parque Industrial,0,2024-08-27,44.618540112239785,1.0,3877,2.7629661016949156
NORTE,Avenida Parque Industrial,1,2024-08-27,42.49329066795699,1.1103571428571428,2068,2.676428571428571
NORTE,Avenida Parque Industrial,2,2024-08-27,47.2288740947182,0.934179104477612,836,1.8025373134328357
NORTE,Avenida Parque Industrial,3,2024-08-27,38.21284912576637,1.0673684210526317,201,5.983684210526316
NORTE,Avenida Parque Industrial,4,2024-08-27,45.04752144871605,1.0512820512820513,996,2.1107692307692307
NORTE,Avenida Parque Industrial,5,2024-08-27,40.17471779527155,1.111949152542373,3097,2.773898305084746
NORTE,Avenida Parque Industrial,6,2024-08-27,36.98234067105376,1.239322033898305,13572,3.9408474576271186
NORTE,Avenida Parque Industrial,7,2024-08-27,34.69229144919214,1.3976271186440676,19594,4.643135593220339
NORTE,Avenida Parque Industrial,8,2024-08-27,37.4559476263248,1.2538135593220339,15440,3.8906779661016953
NORTE,Avenida Parque Industrial,9,2024-08-27,38.13160344387919,1.2172033898305084,13281,3.7676271186440675
NORTE,Avenida Parque Industrial,10,2024-08-27,39.17389406750898,1.19364406779661,10159,3.5944915254237286
NORTE,Avenida Parque Industrial,11,2024-08-27,38.47032158405234,1.2011864406779662,12166,3.6483050847457625
NORTE,Avenida Parque Industrial,12,2024-08-27,36.45962816671957,1.2697457627118645,13440,4.192203389830508
NORTE,Avenida Parque Industrial,13,2024-08-27,36.225090857722584,1.3247457627118644,14247,4.2810169491525425
NORTE,Avenida Parque Industrial,14,2024-08-27,35.964711062351974,1.3261864406779662,12337,4.280677966101695
NORTE,Avenida Parque Industrial,15,2024-08-27,33.34394598739852,1.3978333333333335,11547,4.484
NORTE,Avenida Parque Industrial,16,2024-08-27,34.738027970052265,1.3620338983050848,12944,4.428728813559323
NORTE,Avenida Parque Industrial,17,2024-08-27,33.7261839022681,1.4046610169491525,15083,4.635762711864406
NORTE,Avenida Parque Industrial,18,2024-08-27,31.944777524987117,1.462,16903,5.454416666666666
NORTE,Avenida Parque Industrial,19,2024-08-27,34.56319569680214,1.382627118644068,14128,4.433135593220339
NORTE,Avenida Parque Industrial,20,2024-08-27,35.25051964563195,1.3142372881355933,12683,4.135
NORTE,Avenida Parque Industrial,21,2024-08-27,35.42229862241164,1.3075423728813558,12059,4.1657627118644065
NORTE,Avenida Parque Industrial,22,2024-08-27,38.230602128483184,1.170169491525424,9580,3.461271186440678
NORTE,Avenida Parque Industrial,23,2024-08-27,42.28190881021789,1.0616949152542372,6255,2.752033898305085
NORTE,Libramiento Noroeste de Monterrey,0,2024-08-27,82.01252899232095,1.0,865,1.1352173913043477
NORTE,Libramiento Noroeste de Monterrey,1,2024-08-27,81.27653385049364,1.0404347826086957,926,1.1569565217391304
NORTE,Libramiento Noroeste de Monterrey,2,2024-08-27,88.12636224729667,0.9417391304347826,634,0.6356521739130434
NORTE,Libramiento Noroeste de Monterrey,3,2024-08-27,81.94149114558846,1.0213043478260868,725,1.7782608695652173
NORTE,Libramiento Noroeste de Monterrey,4,2024-08-27,82.34038512772293,1.07,788,1.0639130434782609
NORTE,Libramiento Noroeste de Monterrey,5,2024-08-27,80.37892806770098,1.0221739130434784,1196,0.9260869565217391
NORTE,Libramiento Noroeste de Monterrey,6,2024-08-27,62.254397923700786,1.2336363636363636,4084,2.6827272727272726
NORTE,Libramiento Noroeste de Monterrey,7,2024-08-27,49.92024429223744,1.4878378378378379,5318,3.6962162162162158
NORTE,Libramiento Noroeste de Monterrey,8,2024-08-27,42.110452815829525,1.8221621621621622,4396,6.2148648648648654
NORTE,Libramiento Noroeste de Monterrey,9,2024-08-27,40.66207247389352,3.046969696969697,2819,10.714848484848487
NORTE,Libramiento Noroeste de Monterrey,10,2024-08-27,48.53583821017483,1.7642424242424242,2035,6.923636363636363
NORTE,Libramiento Noroeste de Monterrey,11,2024-08-27,68.42895095443315,1.2296,1849,2.0416
NORTE,Libramiento Noroeste de Monterrey,12,2024-08-27,58.46920111890638,1.3887878787878787,2334,3.15
NORTE,Libramiento Noroeste de Monterrey,13,2024-08-27,57.354562093725676,1.331818181818182,2642,2.7875757575757576
NORTE,Libramiento Noroeste de Monterrey,14,2024-08-27,49.57930315403027,1.6706060606060606,2621,6.256363636363637
NORTE,Libramiento Noroeste de Monterrey,15,2024-08-27,37.87234638281369,3.1272727272727274,2023,11.156969696969696
NORTE,Libramiento Noroeste de Monterrey,16,2024-08-27,44.108715621920155,2.3057575757575757,2911,5.361515151515151
NORTE,Libramiento Noroeste de Monterrey,17,2024-08-27,30.811844946990085,3.177878787878788,3502,12.338181818181818
NORTE,Libramiento Noroeste de Monterrey,18,2024-08-27,48.26932411360141,1.6557575757575758,3644,5.93969696969697
NORTE,Libramiento Noroeste de Monterrey,19,2024-08-27,45.54200335246879,1.8981818181818182,3286,5.418787878787879
NORTE,Libramiento Noroeste de Monterrey,20,2024-08-27,60.24187398223882,1.2236363636363636,2005,2.125151515151515
NORTE,Libramiento Noroeste de Monterrey,21,2024-08-27,71.18012770090365,1.156,2061,1.4312
NORTE,Libramiento Noroeste de Monterrey,22,2024-08-27,39.50293434683297,4.626296296296296,1565,23.173333333333336
NORTE,Libramiento Noroeste de Monterrey,23,2024-08-27,42.40195022857449,3.7729629629629633,839,16.215185185185184
NORTE,Avenida Licenciado Raúl Salinas Lozano,0,2024-08-28,40.96376927665592,1.0,4486,2.5253703703703705
NORTE,Avenida Licenciado Raúl Salinas Lozano,1,2024-08-28,40.68179167609311,1.2055737704918035,2571,2.9624590163934426
NORTE,Avenida Licenciado Raúl Salinas Lozano,2,2024-08-28,40.81585114972152,1.07344,1491,2.2288
NORTE,Avenida Licenciado Raúl Salinas Lozano,3,2024-08-28,42.698850198272204,0.992972972972973,413,1.8027027027027027
NORTE,Avenida Licenciado Raúl Salinas Lozano,5,2024-08-28,38.010541378110865,1.253125,3144,3.03609375
NORTE,Avenida Licenciado Raúl Salinas Lozano,6,2024-08-28,35.65420477810673,1.297469135802469,17539,4.009814814814815
NORTE,Avenida Licenciado Raúl Salinas Lozano,7,2024-08-28,30.166329371216477,1.5946296296296296,23873,5.33462962962963
NORTE,Avenida Licenciado Raúl Salinas Lozano,8,2024-08-28,33.741993283549114,1.3142592592592592,17763,4.303395061728395
NORTE,Avenida Licenciado Raúl Salinas Lozano,9,2024-08-28,36.0624427407833,1.2347530864197531,14093,4.000432098765432
NORTE,Avenida Licenciado Raúl Salinas Lozano,10,2024-08-28,34.760637694607695,1.290679012345679,12820,3.944135802469136
NORTE,Avenida Licenciado Raúl Salinas Lozano,11,2024-08-28,32.23925018043097,1.3437037037037038,14379,4.48320987654321
NORTE,Avenida Licenciado Raúl Salinas Lozano,12,2024-08-28,31.611693768135158,1.4266666666666667,17654,4.756975308641976
NORTE,Avenida Licenciado Raúl Salinas Lozano,13,2024-08-28,29.70477516091497,1.593395061728395,19688,5.9629012345679016
NORTE,Avenida Licenciado Raúl Salinas Lozano,14,2024-08-28,31.113385952896472,1.481851851851852,17655,5.568518518518519
NORTE,Avenida Licenciado Raúl Salinas Lozano,15,2024-08-28,31.560276832663163,1.4368518518518518,14604,5.298395061728395
NORTE,Avenida Licenciado Raúl Salinas Lozano,16,2024-08-28,32.46242212010075,1.3928395061728396,16905,5.252407407407407
NORTE,Avenida Licenciado Raúl Salinas Lozano,17,2024-08-28,30.133486699659763,1.5140740740740741,19886,5.389197530864197
NORTE,Avenida Licenciado Raúl Salinas Lozano,18,2024-08-28,29.133563290766354,1.5475308641975307,24342,5.321172839506173
NORTE,Avenida Licenciado Raúl Salinas Lozano,19,2024-08-28,29.391911537271888,1.5559876543209876,23279,5.543765432098765
NORTE,Avenida Licenciado Raúl Salinas Lozano,20,2024-08-28,31.01191470401956,1.424135802469136,19909,4.922345679012345
NORTE,Avenida Licenciado Raúl Salinas Lozano,21,2024-08-28,31.67303330240231,1.430493827160494,17794,5.956234567901235
NORTE,Avenida Licenciado Raúl Salinas Lozano,22,2024-08-28,35.22547979909564,1.2395061728395063,10419,4.331975308641975
NORTE,Avenida Licenciado Raúl Salinas Lozano,23,2024-08-28,37.26710006922658,1.135246913580247,7536,3.2743209876543213
NORTE,Avenida Parque Industrial,0,2024-08-28,42.61682496060233,1.0,3679,2.769830508474576
NORTE,Avenida Parque Industrial,1,2024-08-28,43.52596443527901,1.0065178571428572,2664,2.275089285714286
NORTE,Avenida Parque Industrial,2,2024-08-28,45.633111773372626,0.9041025641025641,1098,1.6425641025641027
NORTE,Avenida Parque Industrial,3,2024-08-28,47.75621137542497,0.8994117647058824,583,1.2829411764705885
NORTE,Avenida Parque Industrial,4,2024-08-28,48.8585808538589,0.918030303030303,791,1.3274242424242424
NORTE,Avenida Parque Industrial,5,2024-08-28,42.86441679524036,1.0216101694915254,3344,2.8027966101694917
NORTE,Avenida Parque Industrial,6,2024-08-28,36.73118002212507,1.188050847457627,13219,4.097796610169492
NORTE,Avenida Parque Industrial,7,2024-08-28,35.0661150687143,1.3227118644067797,20773,5.159661016949153
NORTE,Avenida Parque Industrial,8,2024-08-28,35.498075889359974,1.3327966101694917,16854,4.810762711864406
NORTE,Avenida Parque Industrial,9,2024-08-28,39.20682244722364,1.1204237288135594,11550,3.4129661016949155
NORTE,Avenida Parque Industrial,10,2024-08-28,38.59982406349125,1.124237288135593,11270,3.6790677966101692
NORTE,Avenida Parque Industrial,11,2024-08-28,37.40785550090537,1.1783898305084746,10657,4.158728813559322
NORTE,Avenida Parque Industrial,12,2024-08-28,36.57597173274529,1.1887288135593221,12921,4.020169491525424
NORTE,Avenida Parque Industrial,13,2024-08-28,36.310877426006684,1.240677966101695,14687,4.383135593220339
NORTE,Avenida Parque Industrial,14,2024-08-28,37.093933034051695,1.1883050847457628,13077,4.196610169491525
NORTE,Avenida Parque Industrial,15,2024-08-28,37.47947101634063,1.1719491525423729,13738,4.13728813559322
NORTE,Avenida Parque Industrial,16,2024-08-28,37.35303100628712,1.1955084745762712,14550,3.929152542372881
NORTE,Avenida Parque Industrial,17,2024-08-28,34.149364775639675,1.3394915254237287,17255,4.793135593220339
NORTE,Avenida Parque Industrial,18,2024-08-28,29.660322648497875,1.6,18217,6.1316806722689075
NORTE,Avenida Parque Industrial,19,2024-08-28,30.02389525998793,1.649406779661017,15321,5.888474576271187
NORTE,Avenida Parque Industrial,20,2024-08-28,34.596929458449445,1.2716101694915256,13257,4.471271186440678
NORTE,Avenida Parque Industrial,21,2024-08-28,37.27350403516529,1.1916949152542373,11749,4.083135593220339
NORTE,Avenida Parque Industrial,22,2024-08-28,39.26740844972233,1.0978813559322036,8703,3.407457627118644
NORTE,Avenida Parque Industrial,23,2024-08-28,40.48902607492804,1.0658474576271186,6382,3.1533898305084747
NORTE,Libramiento Noroeste de Monterrey,0,2024-08-28,51.84665668331612,1.0,692,6.349259259259259
NORTE,Libramiento Noroeste de Monterrey,1,2024-08-28,75.66835018022253,0.6513043478260869,703,0.9578260869565218
NORTE,Libramiento Noroeste de Monterrey,2,2024-08-28,78.18452907067858,0.6378260869565218,665,1.0113043478260868
NORTE,Libramiento Noroeste de Monterrey,3,2024-08-28,83.5376829650525,0.5878260869565217,594,1.0030434782608695
NORTE,Libramiento Noroeste de Monterrey,4,2024-08-28,85.79164002507443,0.5817391304347826,681,0.7643478260869564
NORTE,Libramiento Noroeste de Monterrey,5,2024-08-28,75.42553714151387,0.6695652173913044,1185,1.1269565217391304
NORTE,Libramiento Noroeste de Monterrey,6,2024-08-28,66.28612152300904,0.7906060606060606,3540,1.6527272727272726
NORTE,Libramiento Noroeste de Monterrey,7,2024-08-28,54.21912067663882,1.055294117647059,5714,4.272352941176471
NORTE,Libramiento Noroeste de Monterrey,8,2024-08-28,57.25965753424658,0.8454054054054054,4929,2.895945945945946
NORTE,Libramiento Noroeste de Monterrey,9,2024-08-28,62.67440461801248,0.8651515151515152,3629,2.413030303030303
NORTE,Libramiento Noroeste de Monterrey,10,2024-08-28,59.4431937179729,0.9121212121212121,2325,3.31030303030303
NORTE,Libramiento Noroeste de Monterrey,11,2024-08-28,59.836050462359104,0.8663636363636363,2394,2.3366666666666664
NORTE,Libramiento Noroeste de Monterrey,12,2024-08-28,59.34471295482137,0.8793939393939394,2883,2.1566666666666667
NORTE,Libramiento Noroeste de Monterrey,13,2024-08-28,59.23726447047198,0.8948484848484849,2663,2.361818181818182
NORTE,Libramiento Noroeste de Monterrey,14,2024-08-28,54.117728503157224,0.9163636363636363,2764,3.4787878787878785
NORTE,Libramiento Noroeste de Monterrey,15,2024-08-28,57.04211651821411,0.933030303030303,2859,2.451515151515151
NORTE,Libramiento Noroeste de Monterrey,16,2024-08-28,36.34648083753277,2.461212121212121,3122,9.034242424242423
NORTE,Libramiento Noroeste de Monterrey,17,2024-08-28,31.05604841908613,3.116470588235294,4135,13.60558823529412
NORTE,Libramiento Noroeste de Monterrey,18,2024-08-28,29.619980299968525,2.7991666666666664,3617,12.943055555555555
NORTE,Libramiento Noroeste de Monterrey,19,2024-08-28,30.795133872951528,1.6563636363636365,3322,9.104848484848484
NORTE,Libramiento Noroeste de Monterrey,20,2024-08-28,60.197732434737105,0.8951515151515151,2601,2.5624242424242425
NORTE,Libramiento Noroeste de Monterrey,21,2024-08-28,71.58090698950008,0.6995652173913044,2010,1.4417391304347829
NORTE,Libramiento Noroeste de Monterrey,22,2024-08-28,64.23518392370572,0.7563333333333334,1851,2.0896666666666666
NORTE,Libramiento Noroeste de Monterrey,23,2024-08-28,76.56750901112679,0.6456521739130434,1305,1.2056521739130435
NORTE,Avenida Licenciado Raúl Salinas Lozano,0,2024-08-29,40.07742624423726,1.0,4096,3.094259259259259
NORTE,Avenida Licenciado Raúl Salinas Lozano,1,2024-08-29,41.11226507150958,1.0114197530864197,4266,2.150493827160494
NORTE,Avenida Licenciado Raúl Salinas Lozano,2,2024-08-29,39.138576569855076,1.0165517241379312,2078,2.3215172413793104
NORTE,Avenida Licenciado Raúl Salinas Lozano,3,2024-08-29,45.77923089204331,0.9431764705882353,1620,2.011529411764706
NORTE,Avenida Licenciado Raúl Salinas Lozano,5,2024-08-29,35.59939610501189,1.1402797202797204,2880,3.0826573426573427
NORTE,Avenida Licenciado Raúl Salinas Lozano,6,2024-08-29,33.45053208725495,1.2995061728395063,16462,4.293827160493827
NORTE,Avenida Licenciado Raúl Salinas Lozano,7,2024-08-29,30.349149028618562,1.4496296296296296,23244,5.020555555555556
NORTE,Avenida Licenciado Raúl Salinas Lozano,8,2024-08-29,34.36491648623569,1.2437037037037035,16594,4.1000000000000005
NORTE,Avenida Licenciado Raúl Salinas Lozano,9,2024-08-29,33.947274755865855,1.270925925925926,14833,4.81858024691358
NORTE,Avenida Licenciado Raúl Salinas Lozano,10,2024-08-29,34.046826808360215,1.2456790123456791,14547,4.308395061728396
NORTE,Avenida Licenciado Raúl Salinas Lozano,11,2024-08-29,32.43379306408614,1.2908024691358027,14282,4.40537037037037
NORTE,Avenida Licenciado Raúl Salinas Lozano,12,2024-08-29,31.575502629137027,1.3784567901234568,15018,4.392222222222222
NORTE,Avenida Licenciado Raúl Salinas Lozano,13,2024-08-29,30.987172094324894,1.4206172839506173,20522,4.986790123456791
NORTE,Avenida Licenciado Raúl Salinas Lozano,14,2024-08-29,31.043956114768832,1.440246913580247,20516,5.654814814814815
NORTE,Avenida Licenciado Raúl Salinas Lozano,15,2024-08-29,31.48903826609518,1.3312345679012345,15702,5.431172839506173
NORTE,Avenida Licenciado Raúl Salinas Lozano,16,2024-08-29,32.083911817124005,1.3246296296296296,14135,4.8980246913580245
NORTE,Avenida Licenciado Raúl Salinas Lozano,17,2024-08-29,31.972084566892025,1.3749382716049383,20913,5.389197530864197
NORTE,Avenida Licenciado Raúl Salinas Lozano,18,2024-08-29,28.285493718056355,1.6148765432098766,22297,5.6389506172839505
NORTE,Avenida Licenciado Raúl Salinas Lozano,19,2024-08-29,24.475554364956626,2.0446913580246915,24918,7.593333333333333
NORTE,Avenida Licenciado Raúl Salinas Lozano,20,2024-08-29,29.408061029855805,1.5101851851851853,22750,5.630864197530864
NORTE,Avenida Licenciado Raúl Salinas Lozano,21,2024-08-29,33.697182146907636,1.2319135802469134,18236,4.390493827160494
NORTE,Avenida Licenciado Raúl Salinas Lozano,22,2024-08-29,36.08171258450798,1.1789506172839506,14388,4.450555555555556
NORTE,Avenida Licenciado Raúl Salinas Lozano,23,2024-08-29,38.05520064660569,1.077098765432099,8781,3.0425925925925923
NORTE,Avenida Parque Industrial,0,2024-08-29,42.64615425540698,1.0,3208,2.7706779661016947
NORTE,Avenida Parque Industrial,1,2024-08-29,44.337564921305564,0.9761016949152543,3287,2.6073728813559325
NORTE,Avenida Parque Industrial,2,2024-08-29,40.793674357850094,1.0584745762711865,1886,2.903050847457627
NORTE,Avenida Parque Industrial,3,2024-08-29,48.140400516926306,0.9404651162790697,644,1.5444186046511628
NORTE,Avenida Parque Industrial,4,2024-08-29,47.58434093286451,0.9267857142857142,705,1.3901785714285715
NORTE,Avenida Parque Industrial,5,2024-08-29,37.63342867049605,1.181864406779661,3555,4.7527118644067805
NORTE,Avenida Parque Industrial,6,2024-08-29,36.84135792911621,1.1789166666666666,12892,3.7391666666666667
NORTE,Avenida Parque Industrial,7,2024-08-29,35.139118262723294,1.3233898305084746,19394,4.5653389830508475
NORTE,Avenida Parque Industrial,8,2024-08-29,36.44032578524739,1.2852542372881355,18332,4.470847457627119
NORTE,Avenida Parque Industrial,9,2024-08-29,37.366274860892744,1.2421186440677965,13106,4.134745762711864
NORTE,Avenida Parque Industrial,10,2024-08-29,36.147102551354564,1.3366949152542371,10591,4.38906779661017
NORTE,Avenida Parque Industrial,11,2024-08-29,38.536629650897204,1.1815254237288138,11103,3.601186440677966
NORTE,Avenida Parque Industrial,12,2024-08-29,36.85332692452342,1.2384745762711864,13110,4.31542372881356
NORTE,Avenida Parque Industrial,13,2024-08-29,34.56402456139707,1.337542372881356,13824,4.821525423728813
NORTE,Avenida Parque Industrial,14,2024-08-29,36.453704513237916,1.2905882352941178,13996,4.446470588235294
NORTE,Avenida Parque Industrial,15,2024-08-29,35.09228291127464,1.5210833333333333,11876,5.406833333333334
NORTE,Avenida Parque Industrial,16,2024-08-29,36.606102189941716,1.2592372881355933,11965,4.142881355932204
NORTE,Avenida Parque Industrial,17,2024-08-29,32.44557837980638,1.3841525423728815,16546,4.829830508474576
NORTE,Avenida Parque Industrial,18,2024-08-29,29.4735385253255,1.6260169491525425,18289,6.146101694915254
NORTE,Avenida Parque Industrial,19,2024-08-29,31.4775281929541,1.4963559322033897,16115,5.683305084745762
NORTE,Avenida Parque Industrial,20,2024-08-29,32.591541009803244,1.3370833333333332,15461,4.779833333333333
NORTE,Avenida Parque Industrial,21,2024-08-29,36.61073744732454,1.2097457627118644,12635,3.523050847457627
NORTE,Avenida Parque Industrial,22,2024-08-29,38.85580874839245,1.157457627118644,9768,3.6048305084745764
NORTE,Avenida Parque Industrial,23,2024-08-29,40.057885679795554,1.0649152542372882,6406,2.976186440677966
NORTE,Libramiento Noroeste de Monterrey,0,2024-08-29,79.72703612286476,1.0,1132,1.5917391304347825
NORTE,Libramiento Noroeste de Monterrey,1,2024-08-29,84.50861542078043,0.9269565217391305,941,0.7782608695652173
NORTE,Libramiento Noroeste de Monterrey,2,2024-08-29,82.55384148252624,0.9647826086956522,887,0.9404347826086956
NORTE,Libramiento Noroeste de Monterrey,3,2024-08-29,86.7385660554772,0.9056521739130434,460,0.8352173913043479
NORTE,Libramiento Noroeste de Monterrey,4,2024-08-29,83.6369456198088,0.9400000000000001,627,0.768695652173913
NORTE,Libramiento Noroeste de Monterrey,5,2024-08-29,77.96084195267198,1.0134782608695654,1604,1.0821739130434782
NORTE,Libramiento Noroeste de Monterrey,6,2024-08-29,64.57551502368246,1.152121212121212,3812,1.8272727272727272
NORTE,Libramiento Noroeste de Monterrey,7,2024-08-29,60.23152815829528,1.098108108108108,4383,2.4686486486486485
NORTE,Libramiento Noroeste de Monterrey,8,2024-08-29,52.140253932014204,1.2883783783783784,3748,4.072432432432433
NORTE,Libramiento Noroeste de Monterrey,9,2024-08-29,39.81063279840824,2.3593939393939394,2554,9.977575757575757
NORTE,Libramiento Noroeste de Monterrey,10,2024-08-29,16.59643331499277,4.559705882352941,1213,24.597941176470588
NORTE,Libramiento Noroeste de Monterrey,11,2024-08-29,21.516870728059526,4.399393939393939,1114,24.971818181818183
NORTE,Libramiento Noroeste de Monterrey,12,2024-08-29,40.807708818693065,3.041212121212121,1947,16.374848484848485
NORTE,Libramiento Noroeste de Monterrey,13,2024-08-29,38.957301272877196,3.2014814814814816,1955,18.52074074074074
NORTE,Libramiento Noroeste de Monterrey,14,2024-08-29,37.13086715244701,3.8530303030303026,2068,18.252727272727274
NORTE,Libramiento Noroeste de Monterrey,15,2024-08-29,41.15990851107351,2.699090909090909,1926,14.007575757575758
NORTE,Libramiento Noroeste de Monterrey,16,2024-08-29,46.38686613236142,1.7524242424242424,2631,4.514545454545455
NORTE,Libramiento Noroeste de Monterrey,17,2024-08-29,21.73343859963404,3.453529411764706,3296,16.315
NORTE,Libramiento Noroeste de Monterrey,18,2024-08-29,13.718291256669781,5.72735294117647,2273,21.884411764705884
NORTE,Libramiento Noroeste de Monterrey,19,2024-08-29,25.773809568084072,4.31,2463,17.03727272727273
NORTE,Libramiento Noroeste de Monterrey,20,2024-08-29,44.34441189133915,2.11375,2282,9.927916666666667
NORTE,Libramiento Noroeste de Monterrey,21,2024-08-29,61.515888098735786,1.2793939393939393,2611,2.2393939393939397
NORTE,Libramiento Noroeste de Monterrey,22,2024-08-29,61.880508927077166,1.2666666666666666,2184,2.2812121212121212
NORTE,Libramiento Noroeste de Monterrey,23,2024-08-29,76.76114558846575,1.0534782608695652,1379,1.29
NORTE,Avenida Licenciado Raúl Salinas Lozano,0,2024-08-30,38.06575272855818,1.0,6571,3.0619753086419754
NORTE,Avenida Licenciado Raúl Salinas Lozano,1,2024-08-30,39.83958195248406,0.9827777777777779,3989,2.6488271604938274
NORTE,Avenida Licenciado Raúl Salinas Lozano,2,2024-08-30,40.13638095974549,0.955679012345679,3504,1.8356172839506173
NORTE,Avenida Licenciado Raúl Salinas Lozano,3,2024-08-30,42.76716507895771,0.9691836734693877,2261,2.178095238095238
NORTE,Avenida Licenciado Raúl Salinas Lozano,4,2024-08-30,42.451661101060445,0.8999999999999999,1008,1.5941573033707865
NORTE,Avenida Licenciado Raúl Salinas Lozano,5,2024-08-30,35.536312366484694,1.0945341614906832,4450,3.2421739130434784
NORTE,Avenida Licenciado Raúl Salinas Lozano,6,2024-08-30,32.655901197472495,1.2501851851851853,15003,4.549382716049383
NORTE,Avenida Licenciado Raúl Salinas Lozano,7,2024-08-30,29.63753774321359,1.4503703703703703,22280,5.5643209876543205
NORTE,Avenida Licenciado Raúl Salinas Lozano,8,2024-08-30,33.73067989336161,1.2274691358024692,18051,4.455740740740741
NORTE,Avenida Licenciado Raúl Salinas Lozano,9,2024-08-30,32.72890117537891,1.2487037037037036,16087,5.04925925925926
NORTE,Avenida Licenciado Raúl Salinas Lozano,10,2024-08-30,34.95312421751874,1.163888888888889,17476,4.088518518518518
NORTE,Avenida Licenciado Raúl Salinas Lozano,11,2024-08-30,33.02676196367814,1.2005555555555556,14972,4.567592592592593
NORTE,Avenida Licenciado Raúl Salinas Lozano,12,2024-08-30,29.763958913290033,1.4341358024691357,16962,6.107222222222222
NORTE,Avenida Licenciado Raúl Salinas Lozano,13,2024-08-30,29.023626515251944,1.4912962962962963,19997,5.966358024691358
NORTE,Avenida Licenciado Raúl Salinas Lozano,14,2024-08-30,29.800665569351775,1.4346296296296297,20850,5.78358024691358
NORTE,Avenida Licenciado Raúl Salinas Lozano,15,2024-08-30,31.80606671527256,1.3485185185185187,18949,5.002098765432099
NORTE,Avenida Licenciado Raúl Salinas Lozano,16,2024-08-30,31.36293100908783,1.3471604938271606,21042,5.327530864197531
NORTE,Avenida Licenciado Raúl Salinas Lozano,17,2024-08-30,30.098373359551058,1.3903086419753086,21186,5.224444444444445
NORTE,Avenida Licenciado Raúl Salinas Lozano,18,2024-08-30,27.67431528287158,1.5888888888888888,24448,6.188888888888889
NORTE,Avenida Licenciado Raúl Salinas Lozano,19,2024-08-30,27.180617847200743,1.6063580246913582,26364,6.238950617283951
NORTE,Avenida Licenciado Raúl Salinas Lozano,20,2024-08-30,30.452452572430147,1.3675308641975308,22360,5.756481481481481
NORTE,Avenida Licenciado Raúl Salinas Lozano,21,2024-08-30,34.37491622847717,1.1735802469135803,25365,4.759074074074074
NORTE,Avenida Licenciado Raúl Salinas Lozano,22,2024-08-30,34.646895850824095,1.1195061728395062,17545,4.450987654320988
NORTE,Avenida Licenciado Raúl Salinas Lozano,23,2024-08-30,35.668634468943786,1.1223456790123456,15200,5.049382716049383
NORTE,Avenida Parque Industrial,0,2024-08-30,42.72846795809078,1.0,5023,2.6859322033898305
NORTE,Avenida Parque Industrial,1,2024-08-30,43.158272409889875,1.0027966101694916,3190,2.772966101694915
NORTE,Avenida Parque Industrial,2,2024-08-30,43.913907239814854,0.9827118644067797,2431,2.479491525423729
NORTE,Avenida Parque Industrial,3,2024-08-30,48.12604529306931,0.9066101694915255,1015,1.4638983050847458
NORTE,Avenida Parque Industrial,4,2024-08-30,49.16495341401577,0.925774647887324,847,1.8074647887323945
NORTE,Avenida Parque Industrial,5,2024-08-30,39.847227302997894,1.087033898305085,3774,3.280677966101695
NORTE,Avenida Parque Industrial,6,2024-08-30,37.32401634246527,1.2036440677966103,11757,4.013728813559322
NORTE,Avenida Parque Industrial,7,2024-08-30,35.03760564904795,1.406864406779661,18333,5.026949152542373
NORTE,Avenida Parque Industrial,8,2024-08-30,36.44714658134633,1.2416101694915254,17718,4.164406779661017
NORTE,Avenida Parque Industrial,9,2024-08-30,38.443825802675924,1.160677966101695,11196,3.9447457627118645
NORTE,Avenida Parque Industrial,10,2024-08-30,39.172328801301816,1.130084745762712,11457,3.7285593220338984
NORTE,Avenida Parque Industrial,11,2024-08-30,37.92876607782668,1.1635593220338984,10710,3.795593220338983
NORTE,Avenida Parque Industrial,12,2024-08-30,37.580692298237146,1.1972033898305086,14143,3.974491525423729
NORTE,Avenida Parque Industrial,13,2024-08-30,37.02862059539556,1.2432203389830507,14362,4.158050847457627
NORTE,Avenida Parque Industrial,14,2024-08-30,36.09203093840755,1.2388983050847457,13929,4.321694915254237
NORTE,Avenida Parque Industrial,15,2024-08-30,37.37567838292517,1.2433050847457627,14302,4.176440677966101
NORTE,Avenida Parque Industrial,16,2024-08-30,36.78722543172324,1.210677966101695,14852,3.94635593220339
NORTE,Avenida Parque Industrial,17,2024-08-30,33.9411405982641,1.3258333333333332,17865,4.857583333333333
NORTE,Avenida Parque Industrial,18,2024-08-30,26.920973686576176,1.798050847457627,17472,6.931779661016949
NORTE,Avenida Parque Industrial,19,2024-08-30,28.156733378219467,2.0583898305084745,17128,7.125593220338984
NORTE,Avenida Parque Industrial,20,2024-08-30,31.81344217302686,1.5442372881355932,16728,5.703220338983051
NORTE,Avenida Parque Industrial,21,2024-08-30,37.258346160126074,1.2038983050847458,16194,3.6220338983050846
NORTE,Avenida Parque Industrial,22,2024-08-30,37.510511426700155,1.1655084745762712,12774,3.7315254237288134
NORTE,Avenida Parque Industrial,23,2024-08-30,40.42055668586252,1.0764406779661018,9667,3.1245762711864407
NORTE,Libramiento Noroeste de Monterrey,0,2024-08-30,78.50487776210625,1.0,1128,2.5756521739130434
NORTE,Libramiento Noroeste de Monterrey,1,2024-08-30,84.42243378780755,0.9495652173913044,651,0.7821739130434784
NORTE,Libramiento Noroeste de Monterrey,2,2024-08-30,82.45612991694092,0.9734782608695652,785,0.8839130434782608
NORTE,Libramiento Noroeste de Monterrey,3,2024-08-30,80.95285378467325,1.0143478260869565,508,1.1508695652173913
NORTE,Libramiento Noroeste de Monterrey,4,2024-08-30,82.34301676853157,0.9843478260869566,806,1.5791304347826087
NORTE,Libramiento Noroeste de Monterrey,5,2024-08-30,72.37306064880113,1.1352173913043477,1364,2.2769565217391308
NORTE,Libramiento Noroeste de Monterrey,6,2024-08-30,62.76039913275475,1.2049999999999998,3787,2.293
NORTE,Libramiento Noroeste de Monterrey,7,2024-08-30,54.880456113647895,1.0810810810810811,4947,2.5902702702702705
NORTE,Libramiento Noroeste de Monterrey,8,2024-08-30,59.4004928970066,0.9994594594594594,4517,2.160810810810811
NORTE,Libramiento Noroeste de Monterrey,9,2024-08-30,58.76438041754441,1.2003030303030302,3324,2.95030303030303
NORTE,Libramiento Noroeste de Monterrey,10,2024-08-30,58.526986842489755,1.1833333333333333,2593,4.002727272727273
NORTE,Libramiento Noroeste de Monterrey,11,2024-08-30,59.1224001763898,1.185151515151515,2402,3.2724242424242425
NORTE,Libramiento Noroeste de Monterrey,12,2024-08-30,59.19798798742958,1.1584848484848485,3040,3.138181818181818
NORTE,Libramiento Noroeste de Monterrey,13,2024-08-30,52.94108793190929,1.6027272727272728,2950,9.359090909090908
NORTE,Libramiento Noroeste de Monterrey,14,2024-08-30,60.58963338017581,1.1415151515151516,3193,2.2793939393939393
NORTE,Libramiento Noroeste de Monterrey,15,2024-08-30,46.47431509487593,1.4972727272727273,3263,4.4354545454545455
NORTE,Libramiento Noroeste de Monterrey,16,2024-08-30,60.52533690717487,1.1357575757575757,3334,2.5472727272727274
NORTE,Libramiento Noroeste de Monterrey,17,2024-08-30,56.260588604112556,1.1685294117647058,4825,3.238235294117647
NORTE,Libramiento Noroeste de Monterrey,18,2024-08-30,47.036197630957474,1.49,4908,3.7187878787878788
NORTE,Libramiento Noroeste de Monterrey,19,2024-08-30,46.962767652170186,1.8,3849,4.944999999999999
NORTE,Libramiento Noroeste de Monterrey,20,2024-08-30,62.67012513940359,1.212222222222222,3459,2.033333333333333
NORTE,Libramiento Noroeste de Monterrey,21,2024-08-30,71.24204823681907,1.1344,2799,1.7352
NORTE,Libramiento Noroeste de Monterrey,22,2024-08-30,55.73243340886571,1.2584848484848485,2790,4.04969696969697
NORTE,Libramiento Noroeste de Monterrey,23,2024-08-30,64.96331145285158,1.1081818181818182,2359,2.2624242424242422
NORTE,Avenida Licenciado Raúl Salinas Lozano,0,2024-08-31,39.87499631773526,1.0,10700,3.332530864197531
NORTE,Avenida Licenciado Raúl Salinas Lozano,1,2024-08-31,40.05938185821808,0.9955555555555555,8587,2.710679012345679
NORTE,Avenida Licenciado Raúl Salinas Lozano,2,2024-08-31,40.995257795354455,0.9646913580246914,5260,2.900679012345679
NORTE,Avenida Licenciado Raúl Salinas Lozano,3,2024-08-31,39.592184024862654,1.0409876543209877,3758,2.680617283950617
NORTE,Avenida Licenciado Raúl Salinas Lozano,4,2024-08-31,44.66377035910471,0.9118238993710691,2915,1.8636477987421383
NORTE,Avenida Licenciado Raúl Salinas Lozano,5,2024-08-31,39.658943300487536,1.0030246913580247,3344,2.879259259259259
NORTE,Avenida Licenciado Raúl Salinas Lozano,6,2024-08-31,39.10887260100452,1.0229629629629629,6241,3.1956790123456793
NORTE,Avenida Licenciado Raúl Salinas Lozano,7,2024-08-31,37.47302188738162,1.0804938271604938,10514,3.6686419753086423
NORTE,Avenida Licenciado Raúl Salinas Lozano,8,2024-08-31,35.60362924012785,1.1442592592592593,13233,4.3943209876543206
NORTE,Avenida Licenciado Raúl Salinas Lozano,9,2024-08-31,34.98691930685049,1.1739506172839507,16713,4.013827160493827
NORTE,Avenida Licenciado Raúl Salinas Lozano,10,2024-08-31,32.18059078255491,1.2259259259259259,17920,4.5693827160493825
NORTE,Avenida Licenciado Raúl Salinas Lozano,11,2024-08-31,29.043647172757133,1.4108641975308642,18034,6.12962962962963
NORTE,Avenida Licenciado Raúl Salinas Lozano,12,2024-08-31,29.343735915337373,1.430925925925926,20246,5.961111111111111
NORTE,Avenida Licenciado Raúl Salinas Lozano,13,2024-08-31,26.704061906234813,1.634567901234568,21866,6.686728395061729
NORTE,Avenida Licenciado Raúl Salinas Lozano,14,2024-08-31,27.523287746895853,1.6087037037037037,24678,6.500432098765431
NORTE,Avenida Licenciado Raúl Salinas Lozano,15,2024-08-31,27.315112750946344,1.7408024691358024,23887,6.703333333333334
NORTE,Avenida Licenciado Raúl Salinas Lozano,16,2024-08-31,27.75292408643012,1.6615432098765432,26439,6.584938271604938
NORTE,Avenida Licenciado Raúl Salinas Lozano,17,2024-08-31,29.803475505574948,1.5336419753086419,20327,6.066481481481482
NORTE,Avenida Licenciado Raúl Salinas Lozano,18,2024-08-31,30.52098264916855,1.3747530864197532,23092,5.596666666666667
NORTE,Avenida Licenciado Raúl Salinas Lozano,19,2024-08-31,30.4281319502747,1.3417901234567902,24878,5.427901234567901
NORTE,Avenida Licenciado Raúl Salinas Lozano,20,2024-08-31,32.13096011370834,1.244320987654321,22798,4.685617283950617
NORTE,Avenida Licenciado Raúl Salinas Lozano,21,2024-08-31,34.163699497739096,1.1688271604938272,23987,4.438086419753087
NORTE,Avenida Licenciado Raúl Salinas Lozano,22,2024-08-31,32.51800240820114,1.2416049382716048,20749,5.549135802469136
NORTE,Avenida Licenciado Raúl Salinas Lozano,23,2024-08-31,33.74249628091261,1.1640123456790124,17625,4.909567901234568
NORTE,Avenida Parque Industrial,0,2024-08-31,41.96763520417991,1.0,8205,2.6161016949152542
NORTE,Avenida Parque Industrial,1,2024-08-31,43.583015430677534,1.0078813559322033,6076,2.6812711864406777
NORTE,Avenida Parque Industrial,2,2024-08-31,43.06143431367333,1.0103389830508474,4368,3.036949152542373
NORTE,Avenida Parque Industrial,3,2024-08-31,45.18960121222135,0.9439252336448598,2962,2.3270093457943926
NORTE,Avenida Parque Industrial,4,2024-08-31,42.14890612989215,1.0547457627118644,2110,2.760677966101695
NORTE,Avenida Parque Industrial,5,2024-08-31,42.20979171979313,1.0585593220338982,3968,3.245423728813559
NORTE,Avenida Parque Industrial,6,2024-08-31,40.87761368452144,1.0585593220338982,6763,3.1647457627118643
NORTE,Avenida Parque Industrial,7,2024-08-31,40.46806743193239,1.063728813559322,9779,3.219830508474576
NORTE,Avenida Parque Industrial,8,2024-08-31,38.97475283580666,1.127542372881356,12124,3.5721186440677966
NORTE,Avenida Parque Industrial,9,2024-08-31,37.33044362051284,1.2477966101694915,12417,4.0036440677966105
NORTE,Avenida Parque Industrial,10,2024-08-31,36.36251194772173,1.291864406779661,13141,4.418728813559322
NORTE,Avenida Parque Industrial,11,2024-08-31,37.80752472559225,1.185677966101695,14312,4.080423728813559
NORTE,Avenida Parque Industrial,12,2024-08-31,35.55130631481811,1.261271186440678,15517,4.3436440677966095
NORTE,Avenida Parque Industrial,13,2024-08-31,34.5138352189412,1.3119166666666666,17344,4.682583333333333
NORTE,Avenida Parque Industrial,14,2024-08-31,34.62757061694078,1.3659166666666667,19207,4.9344166666666665
NORTE,Avenida Parque Industrial,15,2024-08-31,33.706560494587265,1.4020000000000001,18938,5.074666666666667
NORTE,Avenida Parque Industrial,16,2024-08-31,34.90846537489101,1.2836666666666665,19621,4.600833333333333
NORTE,Avenida Parque Industrial,17,2024-08-31,37.112018055158075,1.2540983606557377,17284,4.645901639344262
NORTE,Avenida Parque Industrial,18,2024-08-31,36.83896030512784,1.2383898305084746,16595,4.451186440677966
NORTE,Avenida Parque Industrial,19,2024-08-31,36.13246215263565,1.2777049180327869,18365,4.584180327868852
NORTE,Avenida Parque Industrial,20,2024-08-31,37.08563234198509,1.2279166666666665,18074,4.03375
NORTE,Avenida Parque Industrial,21,2024-08-31,37.33378036005526,1.1672033898305083,17520,3.751525423728814
NORTE,Avenida Parque Industrial,22,2024-08-31,38.751723132073465,1.1353389830508474,16299,3.381779661016949
NORTE,Avenida Parque Industrial,23,2024-08-31,39.36979193994309,1.1266101694915254,14236,3.1824576271186444
NORTE,Libramiento Noroeste de Monterrey,0,2024-08-31,83.11424345713839,1.0,1658,0.8621739130434782
NORTE,Libramiento Noroeste de Monterrey,1,2024-08-31,83.247694326908,1.0043478260869565,1482,1.5234782608695652
NORTE,Libramiento Noroeste de Monterrey,2,2024-08-31,78.20319855821971,1.0717391304347827,1058,1.733913043478261
NORTE,Libramiento Noroeste de Monterrey,3,2024-08-31,84.11347986209059,0.9878260869565217,1086,1.2069565217391305
NORTE,Libramiento Noroeste de Monterrey,4,2024-08-31,86.7942795016455,0.9595652173913044,985,0.8308695652173913
NORTE,Libramiento Noroeste de Monterrey,5,2024-08-31,81.46793762733114,1.0234782608695652,1310,1.1121739130434782
NORTE,Libramiento Noroeste de Monterrey,6,2024-08-31,69.567283676771,1.0415151515151515,1980,1.929090909090909
NORTE,Libramiento Noroeste de Monterrey,7,2024-08-31,73.29617598176897,1.1315384615384614,2456,1.4938461538461536
NORTE,Libramiento Noroeste de Monterrey,8,2024-08-31,63.348389778954896,1.1263636363636365,2876,2.1712121212121214
NORTE,Libramiento Noroeste de Monterrey,9,2024-08-31,62.99084340357933,1.1981818181818182,3171,2.7784848484848483
NORTE,Libramiento Noroeste de Monterrey,10,2024-08-31,63.60890901314689,1.1293939393939394,3208,2.6657575757575755
NORTE,Libramiento Noroeste de Monterrey,11,2024-08-31,44.732923262467494,2.4124242424242426,2793,13.988181818181816
NORTE,Libramiento Noroeste de Monterrey,12,2024-08-31,43.16044325906721,1.884848484848485,2961,7.1848484848484855
NORTE,Libramiento Noroeste de Monterrey,13,2024-08-31,57.70743838975239,1.2724242424242425,3709,2.8766666666666665
NORTE,Libramiento Noroeste de Monterrey,14,2024-08-31,56.65168460228616,1.4321212121212121,4225,5.880909090909091
NORTE,Libramiento Noroeste de Monterrey,15,2024-08-31,63.901602118802785,1.1227272727272726,4840,3.985454545454545
NORTE,Libramiento Noroeste de Monterrey,16,2024-08-31,67.92404453311161,1.0684848484848484,4258,1.991818181818182
NORTE,Libramiento Noroeste de Monterrey,17,2024-08-31,67.727631302814,1.0754545454545454,4618,2.0833333333333335
NORTE,Libramiento Noroeste de Monterrey,18,2024-08-31,68.27725607601764,1.055757575757576,4330,1.982727272727273
NORTE,Libramiento Noroeste de Monterrey,19,2024-08-31,63.09966183100051,1.139090909090909,3983,1.6360606060606062
NORTE,Libramiento Noroeste de Monterrey,20,2024-08-31,64.57519943470257,1.136969696969697,4062,1.8333333333333333
NORTE,Libramiento Noroeste de Monterrey,21,2024-08-31,67.10465679698437,1.0660606060606062,3249,1.4272727272727272
NORTE,Libramiento Noroeste de Monterrey,22,2024-08-31,66.32634796075858,1.1042424242424242,3086,2.747878787878788
NORTE,Libramiento Noroeste de Monterrey,23,2024-08-31,66.21027975316053,1.0857575757575757,2701,2.0266666666666664
