0,1,2,3,4,5,6,7
SURESTE,,7,2024-08-01,4.2,12.02,16,111.73
SURESTE,,8,2024-08-01,23.9532559807053,6.656000000000001,60,17.04
SURESTE,,9,2024-08-01,2.4,21.49,15,89.63
SURESTE,,10,2024-08-01,6.600163098878695,5.015,23,44.685
SURESTE,,11,2024-08-01,24.06116961070142,7.153333333333333,33,22.456666666666667
SURESTE,,12,2024-08-01,32.05857526109035,1.4275,55,7.885
SURESTE,,13,2024-08-01,3.16706082229018,12.965,20,51.29
SURESTE,,14,2024-08-01,22.802991982269734,1.572,92,10.022
SURESTE,,15,2024-08-01,29.698433457890197,1.1275,46,7.569999999999999
SURESTE,,16,2024-08-01,23.005801447102538,1.6640000000000001,87,9.664
SURESTE,,17,2024-08-01,30.724336744671145,1.286,65,6.077999999999999
SURESTE,,18,2024-08-01,27.316264252179746,0.9025,66,5.53
SURESTE,,19,2024-08-01,28.91892640636204,1.568,99,9.834
SURESTE,,20,2024-08-01,32.6621667427156,1.092,69,5.62
SURESTE,,21,2024-08-01,31.563409025582065,1.3399999999999999,44,7.51
SURESTE,,23,2024-08-01,37.92436553470823,1.0550000000000002,20,10.855
SURESTE,Avenida Azteca,0,2024-08-01,38.002724274769434,1.0,2923,2.3239393939393937
SURESTE,Avenida Azteca,1,2024-08-01,39.066635140342186,0.9795454545454546,1648,2.20030303030303
SURESTE,Avenida Azteca,2,2024-08-01,38.01599607649535,1.0511320754716982,795,2.108301886792453
SURESTE,Avenida Azteca,3,2024-08-01,40.61068721855902,0.9532307692307692,1180,2.205538461538462
SURESTE,Avenida Azteca,4,2024-08-01,37.1819409741615,1.0977551020408163,789,3.169387755102041
SURESTE,Avenida Azteca,5,2024-08-01,38.26161695015338,1.0412121212121213,1322,2.2812121212121212
SURESTE,Avenida Azteca,6,2024-08-01,30.049878184634053,1.3050746268656717,4910,4.317313432835821
SURESTE,Avenida Azteca,7,2024-08-01,23.652201513581577,1.9767647058823528,9964,7.9282352941176475
SURESTE,Avenida Azteca,8,2024-08-01,21.473942525871227,2.5336764705882353,10142,9.003970588235294
SURESTE,Avenida Azteca,9,2024-08-01,19.16789458656232,2.7821739130434784,9250,9.60463768115942
SURESTE,Avenida Azteca,10,2024-08-01,20.757309304897937,2.4019117647058827,8506,8.33705882352941
SURESTE,Avenida Azteca,11,2024-08-01,20.732604086058174,2.3575,8252,7.458235294117648
SURESTE,Avenida Azteca,12,2024-08-01,20.09677100466863,2.435882352941176,8929,9.268529411764705
SURESTE,Avenida Azteca,13,2024-08-01,21.278970397210635,2.0523188405797104,8799,8.309855072463767
SURESTE,Avenida Azteca,14,2024-08-01,19.39662992290647,2.1395652173913042,7304,9.358695652173912
SURESTE,Avenida Azteca,15,2024-08-01,19.46986201797671,2.289705882352941,9580,9.5875
SURESTE,Avenida Azteca,16,2024-08-01,20.16728411197664,1.8715942028985506,9626,7.766521739130434
SURESTE,Avenida Azteca,17,2024-08-01,17.654941104082297,2.411159420289855,10702,9.69840579710145
SURESTE,Avenida Azteca,18,2024-08-01,16.465728372293942,2.6672058823529414,10186,10.163970588235294
SURESTE,Avenida Azteca,19,2024-08-01,18.063156772929997,2.3175362318840578,10159,9.260289855072465
SURESTE,Avenida Azteca,20,2024-08-01,23.111481185076748,1.6610144927536232,9119,6.972173913043478
SURESTE,Avenida Azteca,21,2024-08-01,27.488939008788982,1.3329411764705883,7238,5.117794117647058
SURESTE,Avenida Azteca,22,2024-08-01,28.635315007725666,1.2225,6541,4.763970588235294
SURESTE,Avenida Azteca,23,2024-08-01,32.322546478592436,1.1330882352941176,4817,3.435441176470588
SURESTE,Avenida Benito Juárez,0,2024-08-01,44.174011129646665,1.0,15102,2.164396551724138
SURESTE,Avenida Benito Juárez,1,2024-08-01,46.636880041564886,0.9857826086956522,8266,1.87
SURESTE,Avenida Benito Juárez,2,2024-08-01,47.095837411770496,0.9702222222222223,4606,1.6990222222222222
SURESTE,Avenida Benito Juárez,3,2024-08-01,45.406698490302134,1.0390047393364927,3630,2.3185308056872036
SURESTE,Avenida Benito Juárez,4,2024-08-01,49.03764725412558,0.9235111111111111,3697,1.448
SURESTE,Avenida Benito Juárez,5,2024-08-01,42.74923020875499,1.0945887445887446,8808,2.646017316017316
SURESTE,Avenida Benito Juárez,6,2024-08-01,37.70692079969628,1.247744680851064,25042,3.4631063829787236
SURESTE,Avenida Benito Juárez,7,2024-08-01,30.581872229848663,1.792,46082,5.751872340425532
SURESTE,Avenida Benito Juárez,8,2024-08-01,26.877064121105644,2.3173191489361704,46645,7.077531914893617
SURESTE,Avenida Benito Juárez,9,2024-08-01,29.17345653652731,1.9037446808510639,37702,6.155276595744681
SURESTE,Avenida Benito Juárez,10,2024-08-01,31.31295092023857,1.7048936170212765,42174,5.6819999999999995
SURESTE,Avenida Benito Juárez,11,2024-08-01,31.022338055225227,1.5479746835443038,41614,5.214388185654008
SURESTE,Avenida Benito Juárez,12,2024-08-01,30.41952866022852,1.54253164556962,38937,5.359704641350211
SURESTE,Avenida Benito Juárez,13,2024-08-01,30.32703577138028,1.5641772151898734,40795,5.313755274261603
SURESTE,Avenida Benito Juárez,14,2024-08-01,32.03046957718347,1.5154468085106383,35520,4.932936170212766
SURESTE,Avenida Benito Juárez,15,2024-08-01,29.300881869938888,1.729071729957806,35964,6.056371308016877
SURESTE,Avenida Benito Juárez,16,2024-08-01,28.709921853560367,1.9048523206751053,36026,6.636413502109704
SURESTE,Avenida Benito Juárez,17,2024-08-01,29.654981835526574,1.7844303797468355,44557,5.893586497890295
SURESTE,Avenida Benito Juárez,18,2024-08-01,27.249324712831434,2.013248945147679,48070,7.542489451476793
SURESTE,Avenida Benito Juárez,19,2024-08-01,29.005029772437034,1.821822033898305,41217,6.050677966101695
SURESTE,Avenida Benito Juárez,20,2024-08-01,33.64724429436501,1.4693191489361703,39914,4.715787234042553
SURESTE,Avenida Benito Juárez,21,2024-08-01,36.46804543799704,1.293659574468085,33342,3.684765957446808
SURESTE,Avenida Benito Juárez,22,2024-08-01,38.18254424727034,1.197191489361702,26807,3.0098723404255323
SURESTE,Avenida Benito Juárez,23,2024-08-01,40.57230199367395,1.0895319148936171,19412,2.6317021276595747
SURESTE,Avenida Chapultepec,0,2024-08-01,52.71040320403204,1.0,5478,1.1442857142857141
SURESTE,Avenida Chapultepec,1,2024-08-01,55.370994509945106,1.0245714285714285,3672,1.2005714285714284
SURESTE,Avenida Chapultepec,2,2024-08-01,52.93721627216272,1.0222857142857142,2120,0.8777142857142857
SURESTE,Avenida Chapultepec,3,2024-08-01,52.95421542348185,0.9829230769230769,892,0.6772307692307693
SURESTE,Avenida Chapultepec,4,2024-08-01,57.58385248852489,0.9565714285714285,1524,0.9545714285714286
SURESTE,Avenida Chapultepec,5,2024-08-01,51.57642066420665,1.0330000000000001,3709,1.0682857142857143
SURESTE,Avenida Chapultepec,6,2024-08-01,43.65864818648186,1.263,9736,2.1351428571428572
SURESTE,Avenida Chapultepec,7,2024-08-01,35.839378093780944,2.016285714285714,17825,3.3002857142857143
SURESTE,Avenida Chapultepec,8,2024-08-01,33.89304743047431,2.3272857142857144,16393,3.974428571428571
SURESTE,Avenida Chapultepec,9,2024-08-01,29.311715867158675,2.5917142857142856,13281,5.131142857142858
SURESTE,Avenida Chapultepec,10,2024-08-01,31.14979659796598,2.408857142857143,13090,4.432857142857143
SURESTE,Avenida Chapultepec,11,2024-08-01,37.31625011250113,1.5807142857142857,13461,2.920857142857143
SURESTE,Avenida Chapultepec,12,2024-08-01,39.95690396903969,1.4175714285714287,15330,2.4721428571428574
SURESTE,Avenida Chapultepec,13,2024-08-01,40.56841148411484,1.344857142857143,16601,2.319571428571429
SURESTE,Avenida Chapultepec,14,2024-08-01,41.747578975789764,1.321,15698,2.2405714285714287
SURESTE,Avenida Chapultepec,15,2024-08-01,42.71328953289533,1.2854285714285716,16632,2.236857142857143
SURESTE,Avenida Chapultepec,16,2024-08-01,42.54255422554226,1.3117142857142856,17324,2.2924285714285713
SURESTE,Avenida Chapultepec,17,2024-08-01,42.063842588425885,1.3227142857142857,17675,2.6234285714285717
SURESTE,Avenida Chapultepec,18,2024-08-01,41.074807398073986,1.3672857142857142,20331,2.3642857142857143
SURESTE,Avenida Chapultepec,19,2024-08-01,42.351362613626144,1.3204285714285715,23336,2.2277142857142858
SURESTE,Avenida Chapultepec,20,2024-08-01,43.78413059130592,1.2722857142857142,19644,1.9664285714285714
SURESTE,Avenida Chapultepec,21,2024-08-01,45.79685176851768,1.2082857142857142,15626,1.7672857142857141
SURESTE,Avenida Chapultepec,22,2024-08-01,47.586031860318606,1.1457142857142857,10975,1.5724285714285713
SURESTE,Avenida Chapultepec,23,2024-08-01,51.71014490144902,1.0527142857142857,7555,1.051
SURESTE,Avenida Constitución,0,2024-08-01,74.09498331792419,1.0,1861,1.719
SURESTE,Avenida Constitución,1,2024-08-01,76.36550613241822,0.9885714285714285,1063,2.0085714285714285
SURESTE,Avenida Constitución,2,2024-08-01,78.50444160098269,0.96,644,1.14
SURESTE,Avenida Constitución,3,2024-08-01,71.83026307708055,1.03,321,3.1566666666666667
SURESTE,Avenida Constitución,4,2024-08-01,77.70764970826082,0.9666666666666667,451,1.2883333333333333
SURESTE,Avenida Constitución,5,2024-08-01,74.78508137987511,1.0066666666666666,1424,1.3366666666666667
SURESTE,Avenida Constitución,6,2024-08-01,28.609497389702117,2.643333333333333,3796,12.695
SURESTE,Avenida Constitución,7,2024-08-01,8.566715119254786,8.808333333333334,1741,27.63
SURESTE,Avenida Constitución,8,2024-08-01,5.948836114238918,12.64,1230,31.66333333333333
SURESTE,Avenida Constitución,9,2024-08-01,7.6867355921793425,9.896666666666667,1296,26.17
SURESTE,Avenida Constitución,10,2024-08-01,9.656849216910636,7.853333333333333,1565,18.106666666666666
SURESTE,Avenida Constitución,11,2024-08-01,9.765048623195824,7.661666666666666,1814,12.363333333333335
SURESTE,Avenida Constitución,12,2024-08-01,15.271934691370662,4.945,2440,10.76
SURESTE,Avenida Constitución,13,2024-08-01,14.920007165523595,5.108333333333333,2900,13.423333333333332
SURESTE,Avenida Constitución,14,2024-08-01,27.272713686150063,2.811666666666667,3568,11.551666666666668
SURESTE,Avenida Constitución,15,2024-08-01,20.811484287030403,3.8683333333333336,3064,13.788333333333334
SURESTE,Avenida Constitución,16,2024-08-01,23.164706725355718,3.4033333333333338,4450,10.293333333333333
SURESTE,Avenida Constitución,17,2024-08-01,17.23358992732112,4.378333333333333,3601,14.076666666666666
SURESTE,Avenida Constitución,18,2024-08-01,15.614418057119458,4.888333333333333,4032,12.266666666666666
SURESTE,Avenida Constitución,19,2024-08-01,25.163725048623192,3.015,5266,12.878333333333332
SURESTE,Avenida Constitución,20,2024-08-01,63.576018008602325,1.167,3855,2.1919999999999997
SURESTE,Avenida Constitución,21,2024-08-01,67.63578456003538,1.096,3813,1.7600000000000002
SURESTE,Avenida Constitución,22,2024-08-01,71.47863086385013,1.036,2864,1.5379999999999998
SURESTE,Avenida Constitución,23,2024-08-01,74.25217972424328,1.001,2527,1.486
SURESTE,Avenida Doctor Ignacio Morones Prieto,0,2024-08-01,72.35009297136482,1.0,8825,1.5775
SURESTE,Avenida Doctor Ignacio Morones Prieto,1,2024-08-01,73.53166681521596,0.9585416666666666,4270,0.8295833333333333
SURESTE,Avenida Doctor Ignacio Morones Prieto,2,2024-08-01,75.50678122377977,0.933125,3117,0.5216666666666666
SURESTE,Avenida Doctor Ignacio Morones Prieto,3,2024-08-01,75.96786479351137,0.9741666666666666,3271,1.1110416666666667
SURESTE,Avenida Doctor Ignacio Morones Prieto,4,2024-08-01,77.27463464558701,0.914375,6210,0.7156250000000001
SURESTE,Avenida Doctor Ignacio Morones Prieto,5,2024-08-01,80.58818141863546,0.8720833333333333,9174,0.5579166666666667
SURESTE,Avenida Doctor Ignacio Morones Prieto,6,2024-08-01,80.64127252442611,0.881875,17835,0.8262499999999999
SURESTE,Avenida Doctor Ignacio Morones Prieto,7,2024-08-01,77.64237711644317,0.9397916666666667,21314,1.4195833333333334
SURESTE,Avenida Doctor Ignacio Morones Prieto,8,2024-08-01,78.14548312838653,0.9220833333333333,19608,0.63875
SURESTE,Avenida Doctor Ignacio Morones Prieto,9,2024-08-01,75.66881294776086,0.9625,18777,0.6725
SURESTE,Avenida Doctor Ignacio Morones Prieto,10,2024-08-01,69.87109036201974,1.0764583333333333,16859,1.1835416666666667
SURESTE,Avenida Doctor Ignacio Morones Prieto,11,2024-08-01,67.00237392007229,1.1158333333333335,16976,1.506875
SURESTE,Avenida Doctor Ignacio Morones Prieto,12,2024-08-01,64.94084347310284,1.1675,19534,1.343125
SURESTE,Avenida Doctor Ignacio Morones Prieto,13,2024-08-01,64.10590929068226,1.28875,19703,1.6518750000000002
SURESTE,Avenida Doctor Ignacio Morones Prieto,14,2024-08-01,43.34319003961656,1.994375,19310,5.191666666666666
SURESTE,Avenida Doctor Ignacio Morones Prieto,15,2024-08-01,38.09481972775526,3.3347916666666664,16324,7.311041666666667
SURESTE,Avenida Doctor Ignacio Morones Prieto,16,2024-08-01,47.26703588848354,2.0710416666666664,19798,3.391666666666666
SURESTE,Avenida Doctor Ignacio Morones Prieto,17,2024-08-01,28.61587274755739,2.8091666666666666,22032,5.772291666666667
SURESTE,Avenida Doctor Ignacio Morones Prieto,18,2024-08-01,19.558837197151544,3.858333333333333,19727,7.613958333333334
SURESTE,Avenida Doctor Ignacio Morones Prieto,19,2024-08-01,18.134750391094418,4.197291666666667,21115,6.822500000000001
SURESTE,Avenida Doctor Ignacio Morones Prieto,20,2024-08-01,19.04250220518857,4.06125,20338,7.682916666666666
SURESTE,Avenida Doctor Ignacio Morones Prieto,21,2024-08-01,47.86399103786778,1.5079166666666666,18892,3.599375
SURESTE,Avenida Doctor Ignacio Morones Prieto,22,2024-08-01,67.52361226791734,1.0654166666666667,16433,0.6602083333333334
SURESTE,Avenida Doctor Ignacio Morones Prieto,23,2024-08-01,70.25929360203338,1.0272916666666667,12198,1.1460416666666666
SURESTE,Avenida Eloy Cavazos,0,2024-08-01,51.88860168307564,1.0,17996,1.6025925925925928
SURESTE,Avenida Eloy Cavazos,1,2024-08-01,53.235861353179,0.9703255813953489,11630,1.4222325581395348
SURESTE,Avenida Eloy Cavazos,2,2024-08-01,52.62560360682919,0.9826511627906978,6091,1.239813953488372
SURESTE,Avenida Eloy Cavazos,3,2024-08-01,53.190863640708564,0.9775132275132276,2473,1.0883068783068783
SURESTE,Avenida Eloy Cavazos,4,2024-08-01,56.36685176172921,0.9386,4365,1.1381000000000001
SURESTE,Avenida Eloy Cavazos,5,2024-08-01,50.96164546055887,1.0623557692307692,11707,1.6641826923076921
SURESTE,Avenida Eloy Cavazos,6,2024-08-01,46.428075192338476,1.1655357142857141,29861,2.523258928571429
SURESTE,Avenida Eloy Cavazos,7,2024-08-01,33.72264118554719,2.0419130434782606,46699,5.799043478260869
SURESTE,Avenida Eloy Cavazos,8,2024-08-01,31.878686032441372,2.76508547008547,38623,6.165341880341881
SURESTE,Avenida Eloy Cavazos,9,2024-08-01,34.02196940475968,1.787008547008547,39041,5.013247863247863
SURESTE,Avenida Eloy Cavazos,10,2024-08-01,39.149050154737175,1.4445887445887446,47175,3.601255411255411
SURESTE,Avenida Eloy Cavazos,11,2024-08-01,41.285375137236,1.3091774891774892,42376,3.4029870129870132
SURESTE,Avenida Eloy Cavazos,12,2024-08-01,42.573835908537305,1.299098712446352,45474,3.0567811158798284
SURESTE,Avenida Eloy Cavazos,13,2024-08-01,42.89560774050191,1.2614163090128756,48796,2.9879828326180258
SURESTE,Avenida Eloy Cavazos,14,2024-08-01,43.09272108313687,1.241923076923077,49490,2.8217521367521368
SURESTE,Avenida Eloy Cavazos,15,2024-08-01,42.63702834060652,1.3262660944206008,51090,3.444935622317596
SURESTE,Avenida Eloy Cavazos,16,2024-08-01,41.658327553037566,1.3718103448275862,51925,3.232456896551724
SURESTE,Avenida Eloy Cavazos,17,2024-08-01,40.684162972501404,1.457391304347826,55422,3.36695652173913
SURESTE,Avenida Eloy Cavazos,18,2024-08-01,37.93766149293966,1.7178297872340424,61747,3.848340425531915
SURESTE,Avenida Eloy Cavazos,19,2024-08-01,37.8865272384992,1.7477682403433477,64816,3.916351931330472
SURESTE,Avenida Eloy Cavazos,20,2024-08-01,39.73093513532607,1.451057268722467,61697,3.470528634361233
SURESTE,Avenida Eloy Cavazos,21,2024-08-01,42.85844160677228,1.2899122807017545,48743,2.856842105263158
SURESTE,Avenida Eloy Cavazos,22,2024-08-01,43.82562609441254,1.2690350877192982,38302,2.684473684210526
SURESTE,Avenida Eloy Cavazos,23,2024-08-01,46.04013673669836,1.1279910714285715,24781,2.2950000000000004
SURESTE,Avenida Exposición,0,2024-08-01,39.973071951744934,1.0,567,2.59
SURESTE,Avenida Exposición,1,2024-08-01,39.11870471191884,1.0425,527,1.717142857142857
SURESTE,Avenida Exposición,2,2024-08-01,32.38187134502924,0.98,20,0.13
SURESTE,Avenida Exposición,3,2024-08-01,28.999999999999996,1.09,32,0.465
SURESTE,Avenida Exposición,4,2024-08-01,21.995321637426898,1.4449999999999998,28,0.76
SURESTE,Avenida Exposición,5,2024-08-01,16.670676871561827,1.2280000000000002,59,2.2640000000000002
SURESTE,Avenida Exposición,6,2024-08-01,37.598750538560964,1.3735714285714287,1036,5.2875000000000005
SURESTE,Avenida Exposición,7,2024-08-01,34.41219987466217,1.2553571428571428,2626,4.3567857142857145
SURESTE,Avenida Exposición,8,2024-08-01,24.042101758646353,2.5710714285714285,3429,8.867857142857144
SURESTE,Avenida Exposición,9,2024-08-01,31.512435862285063,1.4821428571428572,2312,5.456071428571429
SURESTE,Avenida Exposición,10,2024-08-01,32.40487838314206,1.3110714285714287,2133,3.8667857142857143
SURESTE,Avenida Exposición,11,2024-08-01,32.72513708824566,1.3232142857142857,2366,4.649285714285715
SURESTE,Avenida Exposición,12,2024-08-01,31.707708276213232,1.5464285714285713,2178,4.895357142857143
SURESTE,Avenida Exposición,13,2024-08-01,31.790650581645842,1.7535714285714286,2328,6.383214285714286
SURESTE,Avenida Exposición,14,2024-08-01,32.869469468489285,1.5085714285714287,2064,5.121071428571429
SURESTE,Avenida Exposición,15,2024-08-01,27.685462770749286,1.7264285714285716,2710,7.647857142857142
SURESTE,Avenida Exposición,16,2024-08-01,27.530384630449255,1.8128571428571427,2667,7.168571428571428
SURESTE,Avenida Exposición,17,2024-08-01,28.422235713446398,1.7342857142857144,2782,6.281428571428571
SURESTE,Avenida Exposición,18,2024-08-01,29.64525282989307,1.4810714285714286,2723,4.821071428571429
SURESTE,Avenida Exposición,19,2024-08-01,29.044135560690926,1.7482142857142857,2749,5.886428571428572
SURESTE,Avenida Exposición,20,2024-08-01,32.088303435039755,1.3178571428571428,2177,3.8085714285714287
SURESTE,Avenida Exposición,21,2024-08-01,37.067147781128824,1.1289285714285715,1488,2.650714285714286
SURESTE,Avenida Exposición,22,2024-08-01,35.73785593983784,1.172857142857143,1234,3.6839285714285714
SURESTE,Avenida Exposición,23,2024-08-01,34.09659825310407,1.1910714285714286,834,4.1292857142857144
SURESTE,Avenida General Lázaro Cárdenas,0,2024-08-01,39.01620544155073,1.0,5580,2.1784666666666666
SURESTE,Avenida General Lázaro Cárdenas,1,2024-08-01,37.96975155613489,1.0666216216216218,3262,2.848445945945946
SURESTE,Avenida General Lázaro Cárdenas,2,2024-08-01,38.41404694959139,1.0388333333333333,859,2.201833333333333
SURESTE,Avenida General Lázaro Cárdenas,3,2024-08-01,38.42291158250423,1.08,30,0.8666666666666667
SURESTE,Avenida General Lázaro Cárdenas,4,2024-08-01,38.82373419912754,1.0715068493150686,2132,2.7836301369863015
SURESTE,Avenida General Lázaro Cárdenas,5,2024-08-01,38.71136345518482,1.0533846153846154,2602,2.633230769230769
SURESTE,Avenida General Lázaro Cárdenas,6,2024-08-01,34.8555886,1.2118439716312057,6461,4.372340425531915
SURESTE,Avenida General Lázaro Cárdenas,7,2024-08-01,28.135078048861367,1.819342105263158,14293,7.357171052631578
SURESTE,Avenida General Lázaro Cárdenas,8,2024-08-01,27.179100443809055,1.8760526315789476,12653,7.283486842105263
SURESTE,Avenida General Lázaro Cárdenas,9,2024-08-01,27.055078196245027,1.9357236842105265,15413,7.150394736842105
SURESTE,Avenida General Lázaro Cárdenas,10,2024-08-01,24.817076608186056,1.9866447368421054,13470,8.306381578947368
SURESTE,Avenida General Lázaro Cárdenas,11,2024-08-01,27.146187754015735,1.8488666666666667,11695,6.3788
SURESTE,Avenida General Lázaro Cárdenas,12,2024-08-01,27.858545028472683,1.7101315789473683,10975,6.128947368421053
SURESTE,Avenida General Lázaro Cárdenas,13,2024-08-01,25.80223931053922,1.9970394736842105,11459,7.882631578947369
SURESTE,Avenida General Lázaro Cárdenas,14,2024-08-01,28.478775831289923,1.6957236842105263,11903,5.846381578947368
SURESTE,Avenida General Lázaro Cárdenas,15,2024-08-01,24.827087275078707,2.0519736842105263,12289,7.657631578947369
SURESTE,Avenida General Lázaro Cárdenas,16,2024-08-01,24.914171123487243,2.028684210526316,10678,8.16
SURESTE,Avenida General Lázaro Cárdenas,17,2024-08-01,25.886004631531627,1.9293421052631579,13262,6.752631578947369
SURESTE,Avenida General Lázaro Cárdenas,18,2024-08-01,23.925506585286318,2.305855263157895,14258,8.02282894736842
SURESTE,Avenida General Lázaro Cárdenas,19,2024-08-01,24.704852238665733,1.9536842105263157,13176,7.274407894736842
SURESTE,Avenida General Lázaro Cárdenas,20,2024-08-01,27.15406935506751,1.6230263157894735,15300,6.179802631578948
SURESTE,Avenida General Lázaro Cárdenas,21,2024-08-01,30.240785481235292,1.3445394736842105,10377,4.492171052631579
SURESTE,Avenida General Lázaro Cárdenas,22,2024-08-01,32.01951173531907,1.2408666666666666,7857,3.7407333333333335
SURESTE,Avenida General Lázaro Cárdenas,23,2024-08-01,34.28570839779026,1.1599333333333335,7201,3.1603333333333334
SURESTE,Avenida Ignacio Morones Prieto,0,2024-08-01,68.36837248322148,1.0,520,0.3233333333333333
SURESTE,Avenida Ignacio Morones Prieto,1,2024-08-01,55.11840044742729,1.2166666666666666,265,3.026666666666667
SURESTE,Avenida Ignacio Morones Prieto,2,2024-08-01,67.90557885906041,1.0033333333333332,179,0.32
SURESTE,Avenida Ignacio Morones Prieto,3,2024-08-01,67.78652125279643,1.0133333333333334,177,0.6266666666666666
SURESTE,Avenida Ignacio Morones Prieto,4,2024-08-01,74.26114373601789,0.9233333333333333,282,0.18333333333333335
SURESTE,Avenida Ignacio Morones Prieto,5,2024-08-01,79.19842002237137,0.8666666666666667,447,0.15
SURESTE,Avenida Ignacio Morones Prieto,6,2024-08-01,76.33404642058166,0.9,796,0.26666666666666666
SURESTE,Avenida Ignacio Morones Prieto,7,2024-08-01,74.25515939597317,0.9233333333333333,1053,0.25333333333333335
SURESTE,Avenida Ignacio Morones Prieto,8,2024-08-01,73.64326062639822,0.9333333333333332,948,0.34
SURESTE,Avenida Ignacio Morones Prieto,9,2024-08-01,70.21307326621923,0.9766666666666666,935,0.26
SURESTE,Avenida Ignacio Morones Prieto,10,2024-08-01,59.86423378076063,1.15,780,1.64
SURESTE,Avenida Ignacio Morones Prieto,11,2024-08-01,61.48053691275169,1.1166666666666667,795,0.7233333333333333
SURESTE,Avenida Ignacio Morones Prieto,12,2024-08-01,61.47976789709173,1.1233333333333333,956,0.3933333333333333
SURESTE,Avenida Ignacio Morones Prieto,13,2024-08-01,61.37337807606264,1.1266666666666667,909,0.35000000000000003
SURESTE,Avenida Ignacio Morones Prieto,14,2024-08-01,56.28467561521253,1.21,934,0.6133333333333333
SURESTE,Avenida Ignacio Morones Prieto,15,2024-08-01,17.51905760626398,3.8633333333333333,672,5.306666666666666
SURESTE,Avenida Ignacio Morones Prieto,16,2024-08-01,54.18695469798657,1.25,863,0.6866666666666666
SURESTE,Avenida Ignacio Morones Prieto,17,2024-08-01,26.867757270693513,2.513333333333333,1082,3.5233333333333334
SURESTE,Avenida Ignacio Morones Prieto,18,2024-08-01,16.978621364653243,3.9566666666666666,1126,2.893333333333333
SURESTE,Avenida Ignacio Morones Prieto,19,2024-08-01,13.91623322147651,4.906666666666666,1219,3.2100000000000004
SURESTE,Avenida Ignacio Morones Prieto,20,2024-08-01,15.48295581655481,4.323333333333333,1169,4.006666666666667
SURESTE,Avenida Ignacio Morones Prieto,21,2024-08-01,57.79250559284116,1.1866666666666665,1099,0.4266666666666667
SURESTE,Avenida Ignacio Morones Prieto,22,2024-08-01,61.09643456375839,1.12,949,0.31
SURESTE,Avenida Ignacio Morones Prieto,23,2024-08-01,63.15528523489933,1.0966666666666667,707,1.1466666666666667
SURESTE,Avenida Las Torres,0,2024-08-01,43.11809121291911,1.0,1232,1.755593220338983
SURESTE,Avenida Las Torres,1,2024-08-01,39.144725321563584,1.1249152542372882,988,2.0483050847457624
SURESTE,Avenida Las Torres,6,2024-08-01,40.64347651161772,1.0598305084745763,2097,1.973220338983051
SURESTE,Avenida Las Torres,7,2024-08-01,33.0869315126335,1.531186440677966,6008,5.024406779661017
SURESTE,Avenida Las Torres,8,2024-08-01,27.9931699855401,1.9979661016949153,8198,6.020169491525424
SURESTE,Avenida Las Torres,9,2024-08-01,35.41990049354881,1.3179661016949153,5215,3.570677966101695
SURESTE,Avenida Las Torres,10,2024-08-01,34.44949987850493,1.2640677966101694,4658,2.851864406779661
SURESTE,Avenida Las Torres,11,2024-08-01,35.52578125311207,1.2340677966101696,5205,2.7589830508474575
SURESTE,Avenida Las Torres,12,2024-08-01,34.17320814694131,1.2683050847457626,4855,3.9920338983050847
SURESTE,Avenida Las Torres,13,2024-08-01,36.623639753185756,1.2164406779661017,5075,2.8823728813559324
SURESTE,Avenida Las Torres,14,2024-08-01,35.59331299120854,1.2228813559322036,4859,2.7859322033898306
SURESTE,Avenida Las Torres,15,2024-08-01,35.66344392703923,1.2372881355932204,6072,2.6850847457627123
SURESTE,Avenida Las Torres,16,2024-08-01,35.101773031281994,1.2464406779661017,5760,3.1138983050847457
SURESTE,Avenida Las Torres,17,2024-08-01,33.17194937838344,1.2905084745762712,6262,3.631016949152542
SURESTE,Avenida Las Torres,18,2024-08-01,35.922641103573554,1.2057627118644068,5970,2.673050847457627
SURESTE,Avenida Las Torres,19,2024-08-01,34.8761869669653,1.2432203389830507,6308,3.1205084745762712
SURESTE,Avenida Las Torres,20,2024-08-01,33.61150697700357,1.2864406779661017,4468,3.3766101694915256
SURESTE,Avenida Las Torres,21,2024-08-01,36.48029190683519,1.259322033898305,3486,3.8415254237288137
SURESTE,Avenida Las Torres,22,2024-08-01,36.99749799831899,1.2583050847457626,2410,3.5749152542372884
SURESTE,Avenida Las Torres,23,2024-08-01,39.908232983719664,1.0759322033898306,1578,1.9230508474576273
SURESTE,Avenida Pablo Livas,0,2024-08-01,49.80163267514364,1.0,7110,1.6569620253164559
SURESTE,Avenida Pablo Livas,1,2024-08-01,48.673878140964405,1.0639568345323742,3223,2.3714388489208633
SURESTE,Avenida Pablo Livas,2,2024-08-01,50.01323995506527,1.0002083333333334,1943,1.495486111111111
SURESTE,Avenida Pablo Livas,4,2024-08-01,51.26487212724629,1.0186363636363638,986,1.4437878787878788
SURESTE,Avenida Pablo Livas,5,2024-08-01,46.89363610265116,1.0368103448275863,3955,2.1637068965517243
SURESTE,Avenida Pablo Livas,6,2024-08-01,46.07228720294675,1.1264556962025316,18902,2.7362025316455694
SURESTE,Avenida Pablo Livas,7,2024-08-01,36.957881369559566,1.4734810126582278,39017,4.478481012658228
SURESTE,Avenida Pablo Livas,8,2024-08-01,33.517483480134835,1.9135443037974682,36544,5.337911392405063
SURESTE,Avenida Pablo Livas,9,2024-08-01,41.12952280620549,1.308860759493671,34955,3.909620253164557
SURESTE,Avenida Pablo Livas,10,2024-08-01,42.271625356358705,1.2443037974683544,29799,3.573354430379747
SURESTE,Avenida Pablo Livas,11,2024-08-01,41.91206622673806,1.2696202531645568,27309,3.47253164556962
SURESTE,Avenida Pablo Livas,12,2024-08-01,41.81925020776633,1.2791139240506328,27056,3.456392405063291
SURESTE,Avenida Pablo Livas,13,2024-08-01,40.4763941383596,1.3103164556962026,26810,4.149556962025317
SURESTE,Avenida Pablo Livas,14,2024-08-01,41.08740011812249,1.3185443037974685,26571,3.8779113924050637
SURESTE,Avenida Pablo Livas,15,2024-08-01,41.244740468672745,1.3437974683544303,28577,4.2834810126582274
SURESTE,Avenida Pablo Livas,16,2024-08-01,41.689116200363394,1.3545569620253166,29332,4.082721518987342
SURESTE,Avenida Pablo Livas,17,2024-08-01,40.81125980784809,1.4352531645569622,33907,4.329240506329114
SURESTE,Avenida Pablo Livas,18,2024-08-01,38.91097847796325,1.5979113924050632,37834,5.069303797468355
SURESTE,Avenida Pablo Livas,19,2024-08-01,38.97297429708857,1.6349367088607594,36435,5.0201898734177215
SURESTE,Avenida Pablo Livas,20,2024-08-01,40.309512466731086,1.4641772151898735,30061,4.074873417721519
SURESTE,Avenida Pablo Livas,21,2024-08-01,43.984799469801374,1.2468354430379747,20488,3.1782911392405064
SURESTE,Avenida Pablo Livas,22,2024-08-01,45.54476090716865,1.1215189873417721,13877,2.4475949367088607
SURESTE,Avenida Pablo Livas,23,2024-08-01,47.59566177896068,1.099240506329114,12267,3.2929746835443034
SURESTE,Avenida Puesta del Sol,7,2024-08-01,23.07805129486739,1.3128571428571427,112,6.168571428571428
SURESTE,Avenida Puesta del Sol,8,2024-08-01,28.79168723251382,1.1171428571428572,366,3.132857142857143
SURESTE,Avenida Puesta del Sol,9,2024-08-01,28.70338321202087,1.2328571428571429,300,4.069999999999999
SURESTE,Avenida Puesta del Sol,10,2024-08-01,29.138730436412484,1.1385714285714286,128,3.06
SURESTE,Avenida Puesta del Sol,11,2024-08-01,27.649617319046577,1.1485714285714284,80,2.718571428571429
SURESTE,Avenida Puesta del Sol,12,2024-08-01,28.87871669113742,1.1614285714285715,186,4.851428571428571
SURESTE,Avenida Puesta del Sol,13,2024-08-01,28.116185061385146,1.2257142857142858,134,3.892857142857143
SURESTE,Avenida Puesta del Sol,14,2024-08-01,29.555355971384834,1.1771428571428573,169,2.8242857142857143
SURESTE,Avenida Puesta del Sol,15,2024-08-01,28.39907219393334,1.3114285714285714,199,3.0014285714285713
SURESTE,Avenida Puesta del Sol,16,2024-08-01,28.247555527787323,1.2642857142857142,163,4.252857142857143
SURESTE,Avenida Puesta del Sol,17,2024-08-01,26.69790696947924,1.2,182,3.295714285714286
SURESTE,Avenida Puesta del Sol,18,2024-08-01,27.209687294992346,1.2414285714285713,270,3.5614285714285714
SURESTE,Avenida Puesta del Sol,19,2024-08-01,27.695926400299896,1.19,255,3.555714285714285
SURESTE,Avenida Puesta del Sol,20,2024-08-01,27.939317734528757,1.26,134,3.358571428571429
SURESTE,Avenida Puesta del Sol,21,2024-08-01,25.40784105463747,1.352857142857143,171,4.314285714285714
SURESTE,Avenida Puesta del Sol,22,2024-08-01,27.730052169566708,1.2542857142857142,154,3.7685714285714282
SURESTE,Avenida Valparaíso,0,2024-08-01,36.66854348493929,1.0,1344,2.613396226415094
SURESTE,Avenida Valparaíso,1,2024-08-01,35.281420861556455,1.0995348837209302,598,2.4041860465116276
SURESTE,Avenida Valparaíso,2,2024-08-01,33.23305439330544,1.48,20,6.935
SURESTE,Avenida Valparaíso,5,2024-08-01,44.61971733407233,0.9333333333333332,60,0.25
SURESTE,Avenida Valparaíso,6,2024-08-01,35.72126363765845,1.0095454545454545,1633,2.335909090909091
SURESTE,Avenida Valparaíso,7,2024-08-01,21.336438812870476,2.1881132075471696,4822,10.002641509433962
SURESTE,Avenida Valparaíso,8,2024-08-01,21.258540583905962,2.3096296296296295,5658,8.830185185185185
SURESTE,Avenida Valparaíso,9,2024-08-01,21.35235819362117,2.791320754716981,4612,8.799811320754717
SURESTE,Avenida Valparaíso,10,2024-08-01,25.77956970835453,1.4969811320754718,4622,5.34188679245283
SURESTE,Avenida Valparaíso,11,2024-08-01,28.76926794995092,1.2694444444444444,4889,4.448148148148148
SURESTE,Avenida Valparaíso,12,2024-08-01,28.1089778406741,1.3553703703703703,4853,4.432407407407407
SURESTE,Avenida Valparaíso,13,2024-08-01,30.173438153130242,1.2377358490566037,4604,4.288867924528302
SURESTE,Avenida Valparaíso,14,2024-08-01,28.34485332589208,1.2994444444444444,5102,4.895185185185185
SURESTE,Avenida Valparaíso,15,2024-08-01,29.00711769307814,1.2877777777777777,5971,4.825185185185185
SURESTE,Avenida Valparaíso,16,2024-08-01,27.834135427515037,1.3492592592592592,5736,4.918703703703704
SURESTE,Avenida Valparaíso,17,2024-08-01,27.643476029359736,1.4009259259259261,6083,4.412592592592593
SURESTE,Avenida Valparaíso,18,2024-08-01,27.629082682638792,1.4568518518518518,6102,4.415
SURESTE,Avenida Valparaíso,19,2024-08-01,27.15466880602742,1.4674074074074073,6236,5.195555555555556
SURESTE,Avenida Valparaíso,20,2024-08-01,29.07771261143196,1.3294444444444447,4182,3.904074074074074
SURESTE,Avenida Valparaíso,21,2024-08-01,32.39056672189683,1.0964150943396227,3352,3.0449056603773585
SURESTE,Avenida Valparaíso,22,2024-08-01,31.488723981809304,1.1569811320754717,2414,3.220188679245283
SURESTE,Avenida Valparaíso,23,2024-08-01,34.792318307036055,1.0028301886792452,1583,2.7743396226415094
SURESTE,Paseo de las Américas,0,2024-08-01,46.30882249792529,1.0,4160,1.7405882352941175
SURESTE,Paseo de las Américas,1,2024-08-01,50.42882671291373,0.9854385964912281,1621,1.8278947368421052
SURESTE,Paseo de las Américas,2,2024-08-01,46.0968748387702,1.0496078431372549,847,1.5688235294117647
SURESTE,Paseo de las Américas,3,2024-08-01,48.77522800795104,1.0622448979591836,596,1.663265306122449
SURESTE,Paseo de las Américas,4,2024-08-01,49.766486902927575,0.9878260869565217,265,1.1817391304347826
SURESTE,Paseo de las Américas,5,2024-08-01,51.35179104817931,0.9235593220338983,1572,1.7520338983050847
SURESTE,Paseo de las Américas,6,2024-08-01,43.265672890750004,1.117313432835821,7741,2.113283582089552
SURESTE,Paseo de las Américas,7,2024-08-01,24.87404928355397,2.788133333333333,14069,7.127066666666666
SURESTE,Paseo de las Américas,8,2024-08-01,25.764320491843918,2.9261333333333335,16910,6.5068
SURESTE,Paseo de las Américas,9,2024-08-01,24.696125406977703,2.897733333333333,17592,6.378533333333333
SURESTE,Paseo de las Américas,10,2024-08-01,28.521154577156366,1.8628,21089,4.3675999999999995
SURESTE,Paseo de las Américas,11,2024-08-01,36.912368486290845,1.3357333333333334,18487,3.078933333333333
SURESTE,Paseo de las Américas,12,2024-08-01,35.819458575040905,1.3630666666666666,17816,3.207466666666667
SURESTE,Paseo de las Américas,13,2024-08-01,36.84233196159122,1.3745333333333334,16753,3.1948000000000003
SURESTE,Paseo de las Américas,14,2024-08-01,35.74032756540566,1.4514666666666667,17422,3.7913333333333337
SURESTE,Paseo de las Américas,15,2024-08-01,37.703327812175466,1.3526315789473684,19553,3.308947368421053
SURESTE,Paseo de las Américas,16,2024-08-01,37.74950441035349,1.3575,18420,3.0886842105263157
SURESTE,Paseo de las Américas,17,2024-08-01,30.012583998545622,1.7992,20182,4.5992
SURESTE,Paseo de las Américas,18,2024-08-01,25.190315954831668,2.3938157894736842,19754,5.026710526315789
SURESTE,Paseo de las Américas,19,2024-08-01,29.370170630069275,2.1023684210526317,18806,4.695394736842106
SURESTE,Paseo de las Américas,20,2024-08-01,32.85649524786055,1.5736842105263158,16475,4.03828947368421
SURESTE,Paseo de las Américas,21,2024-08-01,40.00336264805247,1.2217105263157895,12593,2.9939473684210527
SURESTE,Paseo de las Américas,22,2024-08-01,42.08013684367098,1.1657333333333335,7811,2.1952000000000003
SURESTE,Paseo de las Américas,23,2024-08-01,45.03285427629831,1.0267567567567568,6325,1.6098648648648648
SURESTE,,7,2024-08-02,3.7999999999999994,8.88,19,91.42
SURESTE,,8,2024-08-02,19.711078717201165,3.3333333333333335,37,30.456666666666667
SURESTE,,9,2024-08-02,34.654163073680174,1.2375,43,5.607499999999999
SURESTE,,10,2024-08-02,27.176494361514898,1.948,71,16.462
SURESTE,,11,2024-08-02,26.70862068965517,1.484,80,12.804000000000002
SURESTE,,12,2024-08-02,5.06738702004757,5.34,21,44.36
SURESTE,,13,2024-08-02,18.027338504660715,3.4240000000000004,75,22.470000000000002
SURESTE,,14,2024-08-02,21.695043686452536,3.5683333333333334,71,15.65
SURESTE,,15,2024-08-02,26.746616908936833,1.734,66,10.735999999999999
SURESTE,,16,2024-08-02,24.59260323847849,0.905,69,8.412500000000001
SURESTE,,17,2024-08-02,26.17619451143993,1.076,104,10.314
SURESTE,,18,2024-08-02,28.125879084027975,1.28,109,7.4775
SURESTE,,19,2024-08-02,32.0521366292996,1.4875,89,7.9125
SURESTE,,20,2024-08-02,27.634861550253905,1.0225,96,7.2
SURESTE,,21,2024-08-02,36.99042349334099,0.6925,52,5.545
SURESTE,Avenida Azteca,0,2024-08-02,36.914676755090504,1.0,2895,2.396666666666667
SURESTE,Avenida Azteca,1,2024-08-02,37.739146932293345,0.9909230769230769,2071,1.9735384615384615
SURESTE,Avenida Azteca,2,2024-08-02,37.57948093546806,1.0707936507936506,1484,3.162063492063492
SURESTE,Avenida Azteca,3,2024-08-02,39.25692052864142,1.0757575757575757,1624,3.247878787878788
SURESTE,Avenida Azteca,4,2024-08-02,35.63611763682242,1.0932558139534883,782,2.8786046511627905
SURESTE,Avenida Azteca,5,2024-08-02,35.97960747223932,1.1553030303030303,1947,2.605
SURESTE,Avenida Azteca,6,2024-08-02,32.13939527048445,1.171641791044776,4522,3.631194029850746
SURESTE,Avenida Azteca,7,2024-08-02,23.449645650529668,2.1294117647058823,10353,7.947499999999999
SURESTE,Avenida Azteca,8,2024-08-02,20.17841783325759,2.6315942028985506,10138,9.627246376811593
SURESTE,Avenida Azteca,9,2024-08-02,20.611987985782303,2.3170588235294116,10262,8.076617647058825
SURESTE,Avenida Azteca,10,2024-08-02,22.260438994767934,1.8850724637681158,9750,7.931159420289855
SURESTE,Avenida Azteca,11,2024-08-02,19.856568231996427,2.686086956521739,9024,9.119275362318842
SURESTE,Avenida Azteca,12,2024-08-02,18.093472989113604,2.9079710144927535,8430,11.208260869565217
SURESTE,Avenida Azteca,13,2024-08-02,18.19708315403826,2.9731884057971016,8850,10.595942028985508
SURESTE,Avenida Azteca,14,2024-08-02,18.628467499668222,2.6291304347826085,8990,9.596666666666666
SURESTE,Avenida Azteca,15,2024-08-02,17.779263971945515,2.642608695652174,9118,10.570869565217391
SURESTE,Avenida Azteca,16,2024-08-02,17.796963315556,2.8080882352941177,12228,10.111911764705882
SURESTE,Avenida Azteca,17,2024-08-02,17.069617025725993,2.6366666666666667,11089,10.090579710144928
SURESTE,Avenida Azteca,18,2024-08-02,19.98359930442973,2.0791044776119403,10848,7.264029850746269
SURESTE,Avenida Azteca,19,2024-08-02,23.302980174435977,1.7276119402985075,12598,5.416268656716418
SURESTE,Avenida Azteca,20,2024-08-02,22.807268618731488,1.8377611940298506,12642,6.614328358208955
SURESTE,Avenida Azteca,21,2024-08-02,28.56678697254852,1.3556716417910448,8333,4.13820895522388
SURESTE,Avenida Azteca,22,2024-08-02,30.94963591243784,1.1807462686567165,7481,3.2707462686567164
SURESTE,Avenida Azteca,23,2024-08-02,29.5696444259281,1.3577611940298506,7420,4.426865671641791
SURESTE,Avenida Benito Juárez,0,2024-08-02,44.93555839322106,1.0,14925,2.108103448275862
SURESTE,Avenida Benito Juárez,1,2024-08-02,44.71447058196462,1.0507758620689656,10300,1.9904310344827585
SURESTE,Avenida Benito Juárez,2,2024-08-02,44.525242121089455,1.0449350649350648,7563,1.9816450216450217
SURESTE,Avenida Benito Juárez,3,2024-08-02,48.41590080081781,0.9918834080717489,3689,1.6985201793721971
SURESTE,Avenida Benito Juárez,4,2024-08-02,46.88845153008119,0.9742924528301887,3036,1.5977358490566038
SURESTE,Avenida Benito Juárez,5,2024-08-02,42.494478345919745,1.0676595744680852,8488,2.3022978723404255
SURESTE,Avenida Benito Juárez,6,2024-08-02,36.88395296768728,1.3141702127659574,23834,3.7211914893617024
SURESTE,Avenida Benito Juárez,7,2024-08-02,31.410183914111812,1.694468085106383,42485,5.477787234042553
SURESTE,Avenida Benito Juárez,8,2024-08-02,28.00347821343122,2.1964680851063827,41904,6.867446808510638
SURESTE,Avenida Benito Juárez,9,2024-08-02,29.615546470628185,1.8432765957446808,37180,6.232255319148936
SURESTE,Avenida Benito Juárez,10,2024-08-02,30.917615406968007,1.6701702127659575,40113,5.199702127659575
SURESTE,Avenida Benito Juárez,11,2024-08-02,31.54918815258158,1.5706329113924051,39693,5.160801687763713
SURESTE,Avenida Benito Juárez,12,2024-08-02,30.47863983798838,1.6368644067796612,42589,5.226016949152542
SURESTE,Avenida Benito Juárez,13,2024-08-02,30.169684931327836,1.650084388185654,39599,5.406751054852321
SURESTE,Avenida Benito Juárez,14,2024-08-02,30.997723451337066,1.5557805907172997,41337,5.254852320675106
SURESTE,Avenida Benito Juárez,15,2024-08-02,31.22098050414667,1.6170212765957446,39647,5.101446808510638
SURESTE,Avenida Benito Juárez,16,2024-08-02,28.489678484464367,1.9283966244725737,42649,6.554936708860759
SURESTE,Avenida Benito Juárez,17,2024-08-02,28.265188897455666,2.1043459915611815,44817,6.623544303797468
SURESTE,Avenida Benito Juárez,18,2024-08-02,26.017940616194107,2.3447659574468083,44200,7.446127659574468
SURESTE,Avenida Benito Juárez,19,2024-08-02,25.645683987949027,2.23,48085,7.335021459227468
SURESTE,Avenida Benito Juárez,20,2024-08-02,33.24777314832164,1.6416309012875536,45801,4.955407725321888
SURESTE,Avenida Benito Juárez,21,2024-08-02,34.50627160592792,1.4479574468085106,40630,4.1633191489361705
SURESTE,Avenida Benito Juárez,22,2024-08-02,38.476622678249946,1.239191489361702,32951,3.0556595744680854
SURESTE,Avenida Benito Juárez,23,2024-08-02,40.38015533444446,1.1527234042553192,28859,2.7049787234042553
SURESTE,Avenida Chapultepec,0,2024-08-02,53.56758797587976,1.0,6549,0.8021428571428572
SURESTE,Avenida Chapultepec,1,2024-08-02,54.38436459364594,0.9801428571428571,3931,0.7855714285714286
SURESTE,Avenida Chapultepec,2,2024-08-02,54.2219998199982,0.9995714285714286,1600,0.6822857142857143
SURESTE,Avenida Chapultepec,3,2024-08-02,55.13923454234543,1.0071428571428571,1710,1.7188571428571429
SURESTE,Avenida Chapultepec,4,2024-08-02,55.70276977769778,0.9600000000000001,1634,0.8522857142857142
SURESTE,Avenida Chapultepec,5,2024-08-02,51.41334713347134,1.058857142857143,2998,1.465142857142857
SURESTE,Avenida Chapultepec,6,2024-08-02,43.63612231122312,1.2830000000000001,10580,1.8955714285714285
SURESTE,Avenida Chapultepec,7,2024-08-02,36.25459994599946,1.9197142857142857,16177,3.150285714285714
SURESTE,Avenida Chapultepec,8,2024-08-02,34.37449689496895,2.0995714285714286,16345,3.462857142857143
SURESTE,Avenida Chapultepec,9,2024-08-02,32.25317613176132,2.442857142857143,15904,4.345285714285715
SURESTE,Avenida Chapultepec,10,2024-08-02,32.52747637476375,2.414285714285714,14774,4.227857142857142
SURESTE,Avenida Chapultepec,11,2024-08-02,35.72185086850869,1.7997142857142858,13928,3.4625714285714286
SURESTE,Avenida Chapultepec,12,2024-08-02,38.25120196201962,1.4562857142857142,15613,2.940714285714286
SURESTE,Avenida Chapultepec,13,2024-08-02,38.724801548015485,1.4518571428571427,15317,2.7674285714285713
SURESTE,Avenida Chapultepec,14,2024-08-02,40.97757852578526,1.3151428571428572,16789,2.325
SURESTE,Avenida Chapultepec,15,2024-08-02,39.942032670326704,1.3744285714285713,16233,2.783
SURESTE,Avenida Chapultepec,16,2024-08-02,41.08016290162902,1.3285714285714285,18099,2.3407142857142857
SURESTE,Avenida Chapultepec,17,2024-08-02,41.894071640716405,1.3087142857142857,20112,2.822857142857143
SURESTE,Avenida Chapultepec,18,2024-08-02,41.11060210602106,1.335142857142857,22356,2.103857142857143
SURESTE,Avenida Chapultepec,19,2024-08-02,41.739198091980924,1.3194285714285714,25551,2.190714285714286
SURESTE,Avenida Chapultepec,20,2024-08-02,42.12459049590496,1.304857142857143,26128,2.019428571428571
SURESTE,Avenida Chapultepec,21,2024-08-02,44.95730312303123,1.2135714285714285,18475,2.0714285714285716
SURESTE,Avenida Chapultepec,22,2024-08-02,45.57139231392315,1.2027142857142856,15700,2.1719999999999997
SURESTE,Avenida Chapultepec,23,2024-08-02,47.52035100351004,1.1352857142857142,15072,1.552857142857143
SURESTE,Avenida Constitución,0,2024-08-02,73.72362051107811,1.0,1721,1.6833333333333331
SURESTE,Avenida Constitución,1,2024-08-02,75.19324905312723,0.9916666666666667,1387,1.9966666666666668
SURESTE,Avenida Constitución,2,2024-08-02,77.35383764970827,0.9666666666666667,953,1.2716666666666667
SURESTE,Avenida Constitución,3,2024-08-02,77.77835397686559,0.9616666666666666,467,1.3216666666666665
SURESTE,Avenida Constitución,4,2024-08-02,78.53402497696794,0.9466666666666667,541,2.0983333333333336
SURESTE,Avenida Constitución,5,2024-08-02,75.26854028047906,0.9899999999999999,1536,1.1983333333333335
SURESTE,Avenida Constitución,6,2024-08-02,33.06726210159489,2.2955555555555556,4065,9.835555555555555
SURESTE,Avenida Constitución,7,2024-08-02,12.370596785750843,6.091666666666666,2480,21.790000000000003
SURESTE,Avenida Constitución,8,2024-08-02,7.326049749206674,10.221666666666666,1588,25.005
SURESTE,Avenida Constitución,9,2024-08-02,8.830035827617975,8.686666666666667,1597,28.023333333333337
SURESTE,Avenida Constitución,10,2024-08-02,10.318654928856587,7.273333333333333,1685,17.22
SURESTE,Avenida Constitución,11,2024-08-02,10.595425325007676,7.146666666666667,1938,18.403333333333332
SURESTE,Avenida Constitución,12,2024-08-02,13.064104821373732,5.8183333333333325,2261,14.781666666666666
SURESTE,Avenida Constitución,13,2024-08-02,13.257971133176374,5.746666666666667,2250,14.441666666666668
SURESTE,Avenida Constitución,14,2024-08-02,14.077858532091309,5.325,2365,13.424999999999999
SURESTE,Avenida Constitución,15,2024-08-02,16.759575186815436,4.591666666666667,3094,11.465000000000002
SURESTE,Avenida Constitución,16,2024-08-02,17.11980857815539,4.403333333333333,3475,10.89
SURESTE,Avenida Constitución,17,2024-08-02,18.10539052103593,4.21,3938,10.435
SURESTE,Avenida Constitución,18,2024-08-02,17.24161224280888,4.375,4266,12.878333333333332
SURESTE,Avenida Constitución,19,2024-08-02,26.81547965992684,2.94,5806,10.699
SURESTE,Avenida Constitución,20,2024-08-02,56.061784982111995,1.327,6317,2.772
SURESTE,Avenida Constitución,21,2024-08-02,63.01137044257748,1.174,5205,1.95
SURESTE,Avenida Constitución,22,2024-08-02,69.19395375855588,1.0666666666666669,3082,1.8233333333333333
SURESTE,Avenida Constitución,23,2024-08-02,71.01098705631708,1.049,2817,1.5230000000000001
SURESTE,Avenida Doctor Ignacio Morones Prieto,0,2024-08-02,72.99146138691762,1.0,8107,0.665625
SURESTE,Avenida Doctor Ignacio Morones Prieto,1,2024-08-02,72.59124624656927,1.034375,5408,1.0677083333333333
SURESTE,Avenida Doctor Ignacio Morones Prieto,2,2024-08-02,75.70237023195203,0.9979166666666667,3741,1.0314583333333334
SURESTE,Avenida Doctor Ignacio Morones Prieto,3,2024-08-02,75.60139779757752,1.004375,5522,0.8450000000000001
SURESTE,Avenida Doctor Ignacio Morones Prieto,4,2024-08-02,77.73970445863004,0.9733333333333333,7843,0.8047916666666667
SURESTE,Avenida Doctor Ignacio Morones Prieto,5,2024-08-02,79.68613543392271,0.928125,8039,0.5620833333333334
SURESTE,Avenida Doctor Ignacio Morones Prieto,6,2024-08-02,81.10888283763973,0.9122916666666666,15999,0.7054166666666667
SURESTE,Avenida Doctor Ignacio Morones Prieto,7,2024-08-02,78.28033156201113,0.9691666666666666,19002,0.7945833333333333
SURESTE,Avenida Doctor Ignacio Morones Prieto,8,2024-08-02,73.89478776404637,1.00125,20237,1.293125
SURESTE,Avenida Doctor Ignacio Morones Prieto,9,2024-08-02,64.4743608026579,1.1760416666666667,18006,2.03125
SURESTE,Avenida Doctor Ignacio Morones Prieto,10,2024-08-02,50.67816233261313,1.8187499999999999,17445,3.5714583333333336
SURESTE,Avenida Doctor Ignacio Morones Prieto,11,2024-08-02,40.32621700284907,2.4895833333333335,16628,5.755624999999999
SURESTE,Avenida Doctor Ignacio Morones Prieto,12,2024-08-02,35.78889322584512,2.6808333333333336,16630,6.42625
SURESTE,Avenida Doctor Ignacio Morones Prieto,13,2024-08-02,64.96527050825371,1.278125,19005,1.335
SURESTE,Avenida Doctor Ignacio Morones Prieto,14,2024-08-02,50.88688781045521,1.7877083333333335,19213,3.6075
SURESTE,Avenida Doctor Ignacio Morones Prieto,15,2024-08-02,30.470775642424446,2.6370833333333334,20286,7.789791666666666
SURESTE,Avenida Doctor Ignacio Morones Prieto,16,2024-08-02,15.15559165132511,5.242083333333333,18633,9.159166666666666
SURESTE,Avenida Doctor Ignacio Morones Prieto,17,2024-08-02,16.250870550052404,5.122708333333334,19778,8.678958333333334
SURESTE,Avenida Doctor Ignacio Morones Prieto,18,2024-08-02,13.80214371989956,5.568541666666667,17174,8.449791666666668
SURESTE,Avenida Doctor Ignacio Morones Prieto,19,2024-08-02,16.92981507150343,4.935208333333334,20206,9.148125
SURESTE,Avenida Doctor Ignacio Morones Prieto,20,2024-08-02,40.77840421183333,1.8341666666666667,22809,3.4447916666666667
SURESTE,Avenida Doctor Ignacio Morones Prieto,21,2024-08-02,58.0936416806764,1.5089583333333334,22515,1.5139583333333333
SURESTE,Avenida Doctor Ignacio Morones Prieto,22,2024-08-02,66.34365443542562,1.1297916666666667,18353,0.8122916666666667
SURESTE,Avenida Doctor Ignacio Morones Prieto,23,2024-08-02,69.19953468216087,1.1118750000000002,16563,1.093125
SURESTE,Avenida Eloy Cavazos,0,2024-08-02,49.73528214652246,1.0,19025,1.6327272727272726
SURESTE,Avenida Eloy Cavazos,1,2024-08-02,52.16735067271073,0.966093023255814,11774,1.469581395348837
SURESTE,Avenida Eloy Cavazos,2,2024-08-02,53.86232191227588,0.9349302325581395,5224,1.4288372093023256
SURESTE,Avenida Eloy Cavazos,3,2024-08-02,54.14587987323671,0.9927441860465116,6355,1.5956744186046512
SURESTE,Avenida Eloy Cavazos,4,2024-08-02,56.7252640145554,0.8992424242424243,4036,1.2283838383838384
SURESTE,Avenida Eloy Cavazos,5,2024-08-02,51.12448153428768,1.035720930232558,10554,1.7744186046511627
SURESTE,Avenida Eloy Cavazos,6,2024-08-02,47.74859045771269,1.1400456621004567,33833,2.423698630136986
SURESTE,Avenida Eloy Cavazos,7,2024-08-02,36.548151378480625,1.7183549783549783,44538,4.192597402597403
SURESTE,Avenida Eloy Cavazos,8,2024-08-02,34.406173966178095,2.0155021834061135,41159,4.495720524017467
SURESTE,Avenida Eloy Cavazos,9,2024-08-02,37.715344314654054,1.5492241379310345,46478,3.8351293103448274
SURESTE,Avenida Eloy Cavazos,10,2024-08-02,39.21934410908738,1.4539655172413792,45164,3.790948275862069
SURESTE,Avenida Eloy Cavazos,11,2024-08-02,41.64228163775727,1.290948275862069,45817,3.036853448275862
SURESTE,Avenida Eloy Cavazos,12,2024-08-02,42.84045254817181,1.2435470085470086,49414,2.907820512820513
SURESTE,Avenida Eloy Cavazos,13,2024-08-02,43.55335269767875,1.1945299145299144,48038,2.9205128205128204
SURESTE,Avenida Eloy Cavazos,14,2024-08-02,42.410068921365436,1.2526495726495728,53261,3.106025641025641
SURESTE,Avenida Eloy Cavazos,15,2024-08-02,41.05718737710989,1.328068669527897,52268,3.9232188841201716
SURESTE,Avenida Eloy Cavazos,16,2024-08-02,41.211959604633,1.3614102564102564,57042,3.157735042735043
SURESTE,Avenida Eloy Cavazos,17,2024-08-02,39.685004378824345,1.4406410256410258,59541,3.713290598290598
SURESTE,Avenida Eloy Cavazos,18,2024-08-02,39.19941080591264,1.4837606837606838,63597,3.481025641025641
SURESTE,Avenida Eloy Cavazos,19,2024-08-02,38.27499040991715,1.5493506493506493,68493,3.252424242424242
SURESTE,Avenida Eloy Cavazos,20,2024-08-02,38.71327896110634,1.4217872340425532,71727,3.281659574468085
SURESTE,Avenida Eloy Cavazos,21,2024-08-02,41.06484753902721,1.3287878787878786,57976,2.862077922077922
SURESTE,Avenida Eloy Cavazos,22,2024-08-02,43.70998507183464,1.2209442060085838,47795,2.546909871244635
SURESTE,Avenida Eloy Cavazos,23,2024-08-02,46.03446412494618,1.0950660792951543,40350,1.9309251101321585
SURESTE,Avenida Exposición,0,2024-08-02,37.16773432297991,1.0,611,4.11
SURESTE,Avenida Exposición,1,2024-08-02,39.25433817770429,1.0558823529411765,247,1.7011764705882353
SURESTE,Avenida Exposición,2,2024-08-02,22.81345029239766,1.255,26,0.845
SURESTE,Avenida Exposición,3,2024-08-02,43.07689584569165,0.7575,171,2.020625
SURESTE,Avenida Exposición,5,2024-08-02,40.678612296446545,0.993125,207,2.7075
SURESTE,Avenida Exposición,6,2024-08-02,38.624580901648976,1.0610714285714287,1028,3.3939285714285714
SURESTE,Avenida Exposición,7,2024-08-02,34.40586150170381,1.3192857142857142,3201,4.058571428571429
SURESTE,Avenida Exposición,8,2024-08-02,30.993381575339782,1.5292857142857144,2713,5.3082142857142856
SURESTE,Avenida Exposición,9,2024-08-02,33.84070052093533,1.2589285714285714,2552,3.700714285714286
SURESTE,Avenida Exposición,10,2024-08-02,34.85655967255493,1.2532142857142856,2174,3.7489285714285714
SURESTE,Avenida Exposición,11,2024-08-02,33.51633602287415,1.2217857142857143,2742,3.3546428571428573
SURESTE,Avenida Exposición,12,2024-08-02,31.093619521366183,1.825357142857143,2166,5.925357142857143
SURESTE,Avenida Exposición,13,2024-08-02,30.055444361756297,1.6296428571428572,2562,7.167857142857143
SURESTE,Avenida Exposición,14,2024-08-02,31.264732090399903,1.4057142857142857,2286,4.851071428571428
SURESTE,Avenida Exposición,15,2024-08-02,31.297296423955192,1.4789285714285714,2534,4.792142857142857
SURESTE,Avenida Exposición,16,2024-08-02,30.106699698405862,1.6167857142857145,3309,5.039642857142857
SURESTE,Avenida Exposición,17,2024-08-02,27.325224237201834,1.792142857142857,3200,6.608214285714285
SURESTE,Avenida Exposición,18,2024-08-02,29.448209039990598,1.610357142857143,3089,5.3253571428571425
SURESTE,Avenida Exposición,19,2024-08-02,28.960202303082525,1.3314285714285714,3112,4.147142857142858
SURESTE,Avenida Exposición,20,2024-08-02,26.272593122086874,1.5160714285714287,2884,5.0321428571428575
SURESTE,Avenida Exposición,21,2024-08-02,33.67924875641377,1.2357142857142858,1494,3.9746428571428574
SURESTE,Avenida Exposición,22,2024-08-02,32.28263287767812,1.1557142857142857,1545,2.8975
SURESTE,Avenida Exposición,23,2024-08-02,25.41238298539031,1.8157142857142858,1865,7.519642857142857
SURESTE,Avenida General Lázaro Cárdenas,0,2024-08-02,37.61198704762327,1.0,5380,2.3301333333333334
SURESTE,Avenida General Lázaro Cárdenas,1,2024-08-02,38.94072255355552,1.0690604026845638,3279,2.257986577181208
SURESTE,Avenida General Lázaro Cárdenas,2,2024-08-02,36.83817676740324,1.20609375,1925,3.091171875
SURESTE,Avenida General Lázaro Cárdenas,3,2024-08-02,40.33365781117545,0.9604545454545454,1115,1.8170454545454546
SURESTE,Avenida General Lázaro Cárdenas,4,2024-08-02,40.115276008492565,0.9855357142857143,622,1.8555357142857143
SURESTE,Avenida General Lázaro Cárdenas,5,2024-08-02,39.53124202840141,1.0113333333333334,2866,2.5045833333333336
SURESTE,Avenida General Lázaro Cárdenas,6,2024-08-02,35.717009476801216,1.1137162162162162,6579,3.564121621621622
SURESTE,Avenida General Lázaro Cárdenas,7,2024-08-02,31.76099616210527,1.506357142857143,12430,6.146714285714285
SURESTE,Avenida General Lázaro Cárdenas,8,2024-08-02,26.355067695158997,2.0391447368421054,14744,8.878881578947368
SURESTE,Avenida General Lázaro Cárdenas,9,2024-08-02,29.990421562158655,1.5202666666666667,13576,6.0422666666666665
SURESTE,Avenida General Lázaro Cárdenas,10,2024-08-02,29.411687708755142,1.6154605263157895,12183,5.964605263157895
SURESTE,Avenida General Lázaro Cárdenas,11,2024-08-02,27.309671316007154,1.8311184210526315,14530,6.7055921052631575
SURESTE,Avenida General Lázaro Cárdenas,12,2024-08-02,28.045297447867632,1.7044736842105261,11083,6.156842105263158
SURESTE,Avenida General Lázaro Cárdenas,13,2024-08-02,25.41751286383039,1.90875,14235,7.479802631578948
SURESTE,Avenida General Lázaro Cárdenas,14,2024-08-02,28.119409875810838,1.7833552631578946,13454,6.777236842105264
SURESTE,Avenida General Lázaro Cárdenas,15,2024-08-02,25.247704038865074,1.95375,12569,7.524473684210527
SURESTE,Avenida General Lázaro Cárdenas,16,2024-08-02,25.778429663909975,2.0392763157894733,13976,7.705065789473685
SURESTE,Avenida General Lázaro Cárdenas,17,2024-08-02,23.557549820284045,2.4278947368421053,13964,8.63921052631579
SURESTE,Avenida General Lázaro Cárdenas,18,2024-08-02,23.544812555614303,2.404078947368421,14318,9.446973684210526
SURESTE,Avenida General Lázaro Cárdenas,19,2024-08-02,23.470745816606822,2.4859868421052633,15152,9.86657894736842
SURESTE,Avenida General Lázaro Cárdenas,20,2024-08-02,25.29723176633794,1.8358552631578948,14393,7.743223684210527
SURESTE,Avenida General Lázaro Cárdenas,21,2024-08-02,27.865471507974373,1.4899342105263158,13897,5.989868421052631
SURESTE,Avenida General Lázaro Cárdenas,22,2024-08-02,31.390625477845468,1.2611184210526316,12025,4.22953947368421
SURESTE,Avenida General Lázaro Cárdenas,23,2024-08-02,32.47299139095175,1.22625,10658,3.8623026315789475
SURESTE,Avenida Ignacio Morones Prieto,0,2024-08-02,66.25999720357942,1.0,433,0.7200000000000001
SURESTE,Avenida Ignacio Morones Prieto,1,2024-08-02,65.25255872483223,1.02,283,0.49
SURESTE,Avenida Ignacio Morones Prieto,2,2024-08-02,68.36747762863534,0.98,202,0.44
SURESTE,Avenida Ignacio Morones Prieto,3,2024-08-02,74.31293344519015,0.9033333333333333,307,0.22666666666666668
SURESTE,Avenida Ignacio Morones Prieto,4,2024-08-02,72.88762583892617,0.9166666666666666,413,0.3066666666666667
SURESTE,Avenida Ignacio Morones Prieto,5,2024-08-02,73.68769574944072,0.91,363,0.31
SURESTE,Avenida Ignacio Morones Prieto,6,2024-08-02,77.34484060402686,0.8666666666666667,726,0.21
SURESTE,Avenida Ignacio Morones Prieto,7,2024-08-02,72.3449105145414,0.93,889,0.27666666666666667
SURESTE,Avenida Ignacio Morones Prieto,8,2024-08-02,72.85357941834452,0.9166666666666666,990,0.24333333333333332
SURESTE,Avenida Ignacio Morones Prieto,9,2024-08-02,65.41663870246086,1.03,852,0.25
SURESTE,Avenida Ignacio Morones Prieto,10,2024-08-02,56.54359619686801,1.1933333333333334,920,0.29666666666666663
SURESTE,Avenida Ignacio Morones Prieto,11,2024-08-02,54.2015100671141,1.2433333333333334,857,0.33666666666666667
SURESTE,Avenida Ignacio Morones Prieto,12,2024-08-02,46.02118288590604,1.46,806,0.8433333333333334
SURESTE,Avenida Ignacio Morones Prieto,13,2024-08-02,55.79284116331096,1.21,945,0.4466666666666666
SURESTE,Avenida Ignacio Morones Prieto,14,2024-08-02,53.50789988814318,1.26,885,0.41
SURESTE,Avenida Ignacio Morones Prieto,15,2024-08-02,41.27469239373602,1.62,1031,2.2566666666666664
SURESTE,Avenida Ignacio Morones Prieto,16,2024-08-02,11.122217561521254,5.97,1014,4.62
SURESTE,Avenida Ignacio Morones Prieto,17,2024-08-02,11.902894295302014,5.5566666666666675,1016,4.8
SURESTE,Avenida Ignacio Morones Prieto,18,2024-08-02,11.053579418344519,6.006666666666667,972,4.783333333333333
SURESTE,Avenida Ignacio Morones Prieto,19,2024-08-02,11.990925615212527,5.54,1108,4.596666666666667
SURESTE,Avenida Ignacio Morones Prieto,20,2024-08-02,47.92653803131991,1.5133333333333334,1069,3.483333333333333
SURESTE,Avenida Ignacio Morones Prieto,21,2024-08-02,54.88063478747204,1.2033333333333334,1253,1.3866666666666667
SURESTE,Avenida Ignacio Morones Prieto,22,2024-08-02,59.7611437360179,1.12,1073,0.3933333333333333
SURESTE,Avenida Ignacio Morones Prieto,23,2024-08-02,52.84372203579419,1.2300000000000002,1036,3.816666666666667
SURESTE,Avenida Las Torres,0,2024-08-02,41.241655678998086,1.0,1457,2.0652542372881353
SURESTE,Avenida Las Torres,1,2024-08-02,40.34500471028751,1.0356410256410256,565,2.864102564102564
SURESTE,Avenida Las Torres,3,2024-08-02,42.81521412916856,1.0811538461538461,275,2.353076923076923
SURESTE,Avenida Las Torres,5,2024-08-02,35.675062344139654,0.8766666666666666,36,0.6466666666666666
SURESTE,Avenida Las Torres,6,2024-08-02,38.48451236660439,1.1152542372881356,2097,3.657118644067797
SURESTE,Avenida Las Torres,7,2024-08-02,31.356594393699787,1.492542372881356,6893,5.437288135593221
SURESTE,Avenida Las Torres,8,2024-08-02,29.64852552790602,1.7159322033898303,6440,5.436101694915255
SURESTE,Avenida Las Torres,9,2024-08-02,36.27524607730273,1.1671186440677965,5709,2.5749152542372884
SURESTE,Avenida Las Torres,10,2024-08-02,36.56156135102514,1.1442372881355933,5081,2.789322033898305
SURESTE,Avenida Las Torres,11,2024-08-02,34.62290839271986,1.26,5914,3.234745762711864
SURESTE,Avenida Las Torres,12,2024-08-02,34.19311182724597,1.227627118644068,5014,3.158813559322034
SURESTE,Avenida Las Torres,13,2024-08-02,34.89708013495911,1.194915254237288,5808,3.185254237288136
SURESTE,Avenida Las Torres,14,2024-08-02,31.5899828313529,1.3823728813559322,5429,3.82864406779661
SURESTE,Avenida Las Torres,15,2024-08-02,35.54606375901752,1.1686440677966101,5360,2.881186440677966
SURESTE,Avenida Las Torres,16,2024-08-02,35.26455849489522,1.209322033898305,7141,2.936610169491525
SURESTE,Avenida Las Torres,17,2024-08-02,34.848689645831925,1.2123728813559322,7081,2.766101694915254
SURESTE,Avenida Las Torres,18,2024-08-02,34.68258756607539,1.206271186440678,7747,3.224406779661017
SURESTE,Avenida Las Torres,19,2024-08-02,33.21145758228801,1.2616949152542372,8249,3.2779661016949153
SURESTE,Avenida Las Torres,20,2024-08-02,30.94957436892276,1.336271186440678,7008,3.9322033898305087
SURESTE,Avenida Las Torres,21,2024-08-02,35.17041615047861,1.221186440677966,3464,3.0549152542372884
SURESTE,Avenida Las Torres,22,2024-08-02,32.9414628802696,1.2457627118644068,3325,4.505932203389831
SURESTE,Avenida Las Torres,23,2024-08-02,34.507511980210246,1.206101694915254,3249,4.060169491525424
SURESTE,Avenida Pablo Livas,0,2024-08-02,49.29210773491872,1.0,8134,2.3086708860759493
SURESTE,Avenida Pablo Livas,1,2024-08-02,50.05478598941106,0.9998734177215189,4758,2.1234810126582278
SURESTE,Avenida Pablo Livas,2,2024-08-02,49.64710443829322,1.0179577464788734,2119,1.8138028169014084
SURESTE,Avenida Pablo Livas,3,2024-08-02,49.83867888818909,1.0105128205128207,2181,1.7565384615384614
SURESTE,Avenida Pablo Livas,4,2024-08-02,51.02819169144119,1.0220588235294117,364,1.8129411764705883
SURESTE,Avenida Pablo Livas,5,2024-08-02,47.68001229484038,1.0015,5044,2.1865
SURESTE,Avenida Pablo Livas,6,2024-08-02,47.6701160636058,1.0932278481012658,18231,2.616012658227848
SURESTE,Avenida Pablo Livas,7,2024-08-02,41.32931120765963,1.3033544303797469,39332,3.5303797468354428
SURESTE,Avenida Pablo Livas,8,2024-08-02,38.2101690534121,1.4278481012658228,42847,4.306075949367089
SURESTE,Avenida Pablo Livas,9,2024-08-02,42.18172467843183,1.2167088607594938,31365,3.280126582278481
SURESTE,Avenida Pablo Livas,10,2024-08-02,41.864245255939565,1.2365822784810125,26787,3.5148734177215193
SURESTE,Avenida Pablo Livas,11,2024-08-02,40.74565749589352,1.2979113924050631,30310,3.859113924050633
SURESTE,Avenida Pablo Livas,12,2024-08-02,41.16799076059758,1.2598101265822785,29420,3.814556962025317
SURESTE,Avenida Pablo Livas,13,2024-08-02,41.792236076650376,1.2387974683544303,32382,3.5782278481012657
SURESTE,Avenida Pablo Livas,14,2024-08-02,41.12618381721974,1.2755063291139241,35988,3.771392405063291
SURESTE,Avenida Pablo Livas,15,2024-08-02,38.604642995081235,1.390632911392405,30141,4.569303797468355
SURESTE,Avenida Pablo Livas,16,2024-08-02,40.09134114103915,1.3627215189873418,35820,4.119240506329114
SURESTE,Avenida Pablo Livas,17,2024-08-02,39.42483187082871,1.4535443037974682,37690,4.791962025316455
SURESTE,Avenida Pablo Livas,18,2024-08-02,37.99671992197304,1.5920886075949368,39554,5.494430379746835
SURESTE,Avenida Pablo Livas,19,2024-08-02,36.55049450640281,1.6194936708860759,41708,5.110822784810127
SURESTE,Avenida Pablo Livas,20,2024-08-02,36.07113648557058,1.5888607594936708,41957,5.166898734177215
SURESTE,Avenida Pablo Livas,21,2024-08-02,41.06289871973863,1.314113924050633,26102,4.307531645569621
SURESTE,Avenida Pablo Livas,22,2024-08-02,41.87355724507109,1.2280379746835444,20402,3.573037974683544
SURESTE,Avenida Pablo Livas,23,2024-08-02,44.059901925276264,1.1422151898734176,17155,2.834873417721519
SURESTE,Avenida Puesta del Sol,0,2024-08-02,30.073743400706004,1.0,82,2.4514285714285715
SURESTE,Avenida Puesta del Sol,7,2024-08-02,27.805391976444607,1.0733333333333333,90,2.195
SURESTE,Avenida Puesta del Sol,8,2024-08-02,27.957955077941953,1.0814285714285714,225,4.055714285714285
SURESTE,Avenida Puesta del Sol,9,2024-08-02,27.34909874730561,1.162857142857143,211,4.6971428571428575
SURESTE,Avenida Puesta del Sol,10,2024-08-02,19.65371591015588,1.6114285714285714,121,6.715714285714285
SURESTE,Avenida Puesta del Sol,11,2024-08-02,27.273465371278622,1.1585714285714286,116,3.4214285714285713
SURESTE,Avenida Puesta del Sol,12,2024-08-02,31.823313860860324,0.99,107,3.0799999999999996
SURESTE,Avenida Puesta del Sol,13,2024-08-02,23.551402283560584,1.2583333333333333,150,9.555
SURESTE,Avenida Puesta del Sol,14,2024-08-02,26.611324232295146,1.1042857142857143,163,3.41
SURESTE,Avenida Puesta del Sol,15,2024-08-02,29.050417044141074,1.0885714285714285,252,3.412857142857143
SURESTE,Avenida Puesta del Sol,16,2024-08-02,27.397475867670487,1.1185714285714285,236,3.0585714285714287
SURESTE,Avenida Puesta del Sol,17,2024-08-02,23.304020492955544,1.2485714285714287,229,7.3914285714285715
SURESTE,Avenida Puesta del Sol,18,2024-08-02,26.651700977788884,1.16,162,3.652857142857143
SURESTE,Avenida Puesta del Sol,19,2024-08-02,27.77678298085033,1.1285714285714286,278,3.6128571428571425
SURESTE,Avenida Puesta del Sol,20,2024-08-02,25.73344162943988,1.2485714285714287,345,5.168571428571428
SURESTE,Avenida Puesta del Sol,21,2024-08-02,28.34019555777701,1.07,231,3.4271428571428575
SURESTE,Avenida Puesta del Sol,22,2024-08-02,28.793740531352768,1.0666666666666667,121,3.3049999999999997
SURESTE,Avenida Puesta del Sol,23,2024-08-02,28.44186998219362,1.0671428571428572,103,2.8114285714285714
SURESTE,Avenida Valparaíso,0,2024-08-02,34.98053967758344,1.0,1368,3.337169811320755
SURESTE,Avenida Valparaíso,1,2024-08-02,36.937577441500274,1.0058333333333334,732,2.126875
SURESTE,Avenida Valparaíso,3,2024-08-02,41.252645664474684,0.8836363636363637,111,0.81
SURESTE,Avenida Valparaíso,6,2024-08-02,33.60130890447868,1.0750943396226416,2046,2.7252830188679247
SURESTE,Avenida Valparaíso,7,2024-08-02,28.07176513247685,1.429433962264151,5783,4.826415094339623
SURESTE,Avenida Valparaíso,8,2024-08-02,23.910216404868986,2.2324528301886795,5878,7.507735849056603
SURESTE,Avenida Valparaíso,9,2024-08-02,26.340438402854254,2.012592592592593,5063,6.049444444444445
SURESTE,Avenida Valparaíso,10,2024-08-02,23.359536682230186,2.1214814814814815,4588,7.832222222222222
SURESTE,Avenida Valparaíso,11,2024-08-02,27.250413338449196,1.4212962962962963,5926,4.973148148148148
SURESTE,Avenida Valparaíso,12,2024-08-02,26.527011578189292,1.4969811320754718,4971,4.926981132075472
SURESTE,Avenida Valparaíso,13,2024-08-02,26.77228115983915,1.5266666666666666,5634,5.463703703703704
SURESTE,Avenida Valparaíso,14,2024-08-02,27.12107702196997,1.5731481481481482,4681,4.883148148148148
SURESTE,Avenida Valparaíso,15,2024-08-02,28.45949930985684,1.3574074074074074,5165,4.405
SURESTE,Avenida Valparaíso,16,2024-08-02,27.009942546204712,1.5105555555555554,6661,4.759814814814814
SURESTE,Avenida Valparaíso,17,2024-08-02,27.41879082931788,1.4842592592592594,7345,4.842962962962963
SURESTE,Avenida Valparaíso,18,2024-08-02,27.158416507626455,1.6557407407407407,7020,4.933148148148148
SURESTE,Avenida Valparaíso,19,2024-08-02,27.37522610285874,1.6557407407407407,7328,5.0848148148148145
SURESTE,Avenida Valparaíso,20,2024-08-02,25.61397228464793,1.867962962962963,6140,5.633888888888889
SURESTE,Avenida Valparaíso,21,2024-08-02,31.027661535855056,1.2638888888888888,3915,4.061481481481481
SURESTE,Avenida Valparaíso,22,2024-08-02,31.95333168817957,1.1884905660377358,3100,3.3462264150943395
SURESTE,Avenida Valparaíso,23,2024-08-02,31.967207888680168,1.2043396226415095,2389,3.5035849056603774
SURESTE,Paseo de las Américas,0,2024-08-02,47.49642315211239,1.0,4219,1.557205882352941
SURESTE,Paseo de las Américas,1,2024-08-02,50.752407645363796,0.9370149253731344,1936,1.1591044776119404
SURESTE,Paseo de las Américas,2,2024-08-02,52.16197603245703,0.9103921568627451,839,1.1847058823529413
SURESTE,Paseo de las Américas,3,2024-08-02,47.46902855458635,0.9983333333333333,1288,1.4678787878787878
SURESTE,Paseo de las Américas,4,2024-08-02,63.571303176898915,0.9166666666666666,157,0.59
SURESTE,Paseo de las Américas,5,2024-08-02,51.47200651044956,0.9223809523809524,1828,1.4933333333333334
SURESTE,Paseo de las Américas,6,2024-08-02,43.15038803295936,1.1719117647058823,8177,2.2880882352941176
SURESTE,Paseo de las Américas,7,2024-08-02,35.54052589674391,1.4562857142857142,16963,2.9732857142857143
SURESTE,Paseo de las Américas,8,2024-08-02,26.6809430313848,2.7014666666666667,17139,7.250666666666666
SURESTE,Paseo de las Américas,9,2024-08-02,23.989703009569144,2.9685333333333332,17283,7.4981333333333335
SURESTE,Paseo de las Américas,10,2024-08-02,25.56741434875304,2.3908,17365,6.528933333333334
SURESTE,Paseo de las Américas,11,2024-08-02,33.96483022439563,1.335921052631579,20129,3.7356578947368426
SURESTE,Paseo de las Américas,12,2024-08-02,35.38474845867676,1.2836842105263158,20580,3.264605263157895
SURESTE,Paseo de las Américas,13,2024-08-02,35.34500663853505,1.2863157894736843,21871,3.2635526315789476
SURESTE,Paseo de las Américas,14,2024-08-02,36.28897115852296,1.2580263157894738,20445,3.248684210526316
SURESTE,Paseo de las Américas,15,2024-08-02,36.67108301518833,1.2934666666666668,19135,3.1442666666666668
SURESTE,Paseo de las Américas,16,2024-08-02,33.59478053397484,1.4144736842105263,24812,3.666842105263158
SURESTE,Paseo de las Américas,17,2024-08-02,28.871538759842778,2.000394736842105,22404,4.735131578947368
SURESTE,Paseo de las Américas,18,2024-08-02,28.686407192556235,2.0656,20797,4.420400000000001
SURESTE,Paseo de las Américas,19,2024-08-02,29.66635430611334,2.0936000000000003,19857,4.454533333333333
SURESTE,Paseo de las Américas,20,2024-08-02,29.432989901994812,1.9089333333333331,19504,5.219733333333334
SURESTE,Paseo de las Américas,21,2024-08-02,38.39959380052846,1.180921052631579,15490,2.807763157894737
SURESTE,Paseo de las Américas,22,2024-08-02,41.499694911332575,1.1086666666666667,11477,2.352533333333333
SURESTE,Paseo de las Américas,23,2024-08-02,41.647829176789465,1.1176000000000001,9291,2.5474666666666668
SURESTE,,0,2024-08-03,34.39359011210118,1.0,45,5.9125
SURESTE,,9,2024-08-03,27.284860229806206,1.3099999999999998,34,16.06
SURESTE,,10,2024-08-03,29.379202789909396,1.024,114,6.859999999999999
SURESTE,,11,2024-08-03,12.46117527704074,2.125,48,10.915000000000001
SURESTE,,12,2024-08-03,20.211651782804253,1.304,75,11.008
SURESTE,,13,2024-08-03,19.18827325467701,1.342,61,19.06
SURESTE,,14,2024-08-03,22.964450732253347,1.7016666666666669,110,10.781666666666666
SURESTE,,15,2024-08-03,27.092220194250707,1.018,56,10.1
SURESTE,,16,2024-08-03,34.61050110184919,0.9375,84,6.8675
SURESTE,,17,2024-08-03,36.29271821404618,0.915,49,7.19
SURESTE,,18,2024-08-03,28.328307942895464,1.0125,55,6.0249999999999995
SURESTE,,19,2024-08-03,24.430037155335377,1.184,106,11.24
SURESTE,,22,2024-08-03,29.433994442847563,1.0825,56,6.075
SURESTE,,23,2024-08-03,34.9,0.57,10,3.83
SURESTE,Avenida Azteca,0,2024-08-03,32.793200402251514,1.0,4751,3.7402985074626867
SURESTE,Avenida Azteca,1,2024-08-03,35.61391657944143,0.9486764705882353,3909,3.5022058823529414
SURESTE,Avenida Azteca,2,2024-08-03,34.99054481418619,0.9565671641791045,4111,3.121044776119403
SURESTE,Avenida Azteca,3,2024-08-03,37.21712830213229,1.0054545454545454,2160,2.871363636363636
SURESTE,Avenida Azteca,4,2024-08-03,36.12809117094324,1.0265671641791045,1983,3.2326865671641793
SURESTE,Avenida Azteca,5,2024-08-03,36.58927760131875,0.994,1935,2.6418461538461537
SURESTE,Avenida Azteca,6,2024-08-03,39.03335335004729,0.958030303030303,3236,2.5842424242424245
SURESTE,Avenida Azteca,7,2024-08-03,33.751114452102556,1.067910447761194,4264,3.7288059701492537
SURESTE,Avenida Azteca,8,2024-08-03,26.21685856219575,1.2741176470588236,6394,5.729117647058823
SURESTE,Avenida Azteca,9,2024-08-03,23.301779143324794,1.6184057971014494,8854,6.808695652173913
SURESTE,Avenida Azteca,10,2024-08-03,21.373732702214678,1.7627536231884058,10079,7.382753623188406
SURESTE,Avenida Azteca,11,2024-08-03,23.821965732373243,1.793970588235294,9149,7.078676470588236
SURESTE,Avenida Azteca,12,2024-08-03,19.249939877502925,2.350144927536232,11039,9.32913043478261
SURESTE,Avenida Azteca,13,2024-08-03,16.383043689256716,3.0657352941176472,10420,10.606029411764707
SURESTE,Avenida Azteca,14,2024-08-03,15.813890508688603,3.042173913043478,10358,13.038695652173912
SURESTE,Avenida Azteca,15,2024-08-03,17.45773931367857,2.49,9350,10.677536231884059
SURESTE,Avenida Azteca,16,2024-08-03,24.73703292960508,1.453529411764706,10244,6.376029411764706
SURESTE,Avenida Azteca,17,2024-08-03,25.173434099254017,1.3673529411764707,10054,5.852205882352941
SURESTE,Avenida Azteca,18,2024-08-03,25.44884821146721,1.3544117647058822,11611,5.6641176470588235
SURESTE,Avenida Azteca,19,2024-08-03,26.753733020299133,1.3258823529411765,10923,5.749117647058823
SURESTE,Avenida Azteca,20,2024-08-03,26.792190018109622,1.2408823529411763,10684,4.509117647058823
SURESTE,Avenida Azteca,21,2024-08-03,28.851535164232665,1.138970588235294,8487,4.154705882352941
SURESTE,Avenida Azteca,22,2024-08-03,30.207436990147706,1.0829411764705883,7160,3.942941176470588
SURESTE,Avenida Azteca,23,2024-08-03,29.92007546142156,1.117794117647059,8076,4.248382352941176
SURESTE,Avenida Benito Juárez,0,2024-08-03,42.65390468174364,1.0,21611,2.5421702127659573
SURESTE,Avenida Benito Juárez,1,2024-08-03,45.013994796207044,0.9859574468085106,14374,2.182382978723404
SURESTE,Avenida Benito Juárez,2,2024-08-03,44.24180469410181,1.0115744680851064,13589,2.1100851063829786
SURESTE,Avenida Benito Juárez,3,2024-08-03,43.960483630437665,1.0478017241379312,9684,2.18448275862069
SURESTE,Avenida Benito Juárez,4,2024-08-03,46.2799133084183,0.9533905579399141,8402,2.1634334763948497
SURESTE,Avenida Benito Juárez,5,2024-08-03,45.942526340137626,0.9857142857142857,8553,2.307316017316017
SURESTE,Avenida Benito Juárez,6,2024-08-03,41.00118460327481,1.0842127659574468,16555,3.1728936170212765
SURESTE,Avenida Benito Juárez,7,2024-08-03,37.54631676336102,1.213531914893617,23402,4.111106382978724
SURESTE,Avenida Benito Juárez,8,2024-08-03,35.437962415566396,1.2854893617021275,36006,4.0659148936170215
SURESTE,Avenida Benito Juárez,9,2024-08-03,35.441384404876025,1.3296170212765956,43368,4.382808510638298
SURESTE,Avenida Benito Juárez,10,2024-08-03,33.00517851993619,1.4518297872340427,42310,5.179489361702128
SURESTE,Avenida Benito Juárez,11,2024-08-03,31.457156444851517,1.475508474576271,45651,5.283135593220338
SURESTE,Avenida Benito Juárez,12,2024-08-03,30.545907112894163,1.548776371308017,48311,5.409113924050633
SURESTE,Avenida Benito Juárez,13,2024-08-03,29.331768008746828,1.6885654008438817,52598,6.243713080168776
SURESTE,Avenida Benito Juárez,14,2024-08-03,30.08351541366648,1.6042194092827005,44746,5.729029535864979
SURESTE,Avenida Benito Juárez,15,2024-08-03,31.749260135297014,1.5072995780590719,47371,5.340042194092827
SURESTE,Avenida Benito Juárez,16,2024-08-03,33.61134974669925,1.3666666666666665,46186,5.064556962025316
SURESTE,Avenida Benito Juárez,17,2024-08-03,35.049369343491534,1.289276595744681,40561,4.319744680851064
SURESTE,Avenida Benito Juárez,18,2024-08-03,34.40889819618502,1.2939662447257385,45132,4.43240506329114
SURESTE,Avenida Benito Juárez,19,2024-08-03,35.257857659352965,1.2543037974683544,42598,4.001603375527426
SURESTE,Avenida Benito Juárez,20,2024-08-03,35.31189936359003,1.2669198312236287,47672,4.239957805907173
SURESTE,Avenida Benito Juárez,21,2024-08-03,36.76241356237148,1.213276595744681,40646,3.850468085106383
SURESTE,Avenida Benito Juárez,22,2024-08-03,39.42649926351967,1.1201276595744682,33013,3.204212765957447
SURESTE,Avenida Benito Juárez,23,2024-08-03,41.95391180717687,1.0335744680851064,33365,2.5070212765957445
SURESTE,Avenida Chapultepec,0,2024-08-03,52.003627036270366,1.0,10073,1.2032857142857143
SURESTE,Avenida Chapultepec,1,2024-08-03,53.804822248222486,0.9795714285714284,6627,0.854
SURESTE,Avenida Chapultepec,2,2024-08-03,53.3739514895149,0.9871428571428571,6581,0.8528571428571429
SURESTE,Avenida Chapultepec,3,2024-08-03,50.77030780307803,1.1487142857142856,3675,1.4762857142857144
SURESTE,Avenida Chapultepec,4,2024-08-03,53.9969714697147,0.9902857142857142,3513,0.75
SURESTE,Avenida Chapultepec,5,2024-08-03,53.750102151021515,0.9704285714285713,3348,1.3482857142857143
SURESTE,Avenida Chapultepec,6,2024-08-03,53.4369647196472,0.9762857142857143,5908,1.192
SURESTE,Avenida Chapultepec,7,2024-08-03,49.037030870308705,1.054857142857143,10408,2.0435714285714286
SURESTE,Avenida Chapultepec,8,2024-08-03,44.45514895148952,1.1760000000000002,12977,2.1514285714285712
SURESTE,Avenida Chapultepec,9,2024-08-03,38.894695796957976,1.6247142857142858,16717,3.0104285714285712
SURESTE,Avenida Chapultepec,10,2024-08-03,32.32352353523535,2.161285714285714,16132,4.418
SURESTE,Avenida Chapultepec,11,2024-08-03,32.10738367383674,2.3075714285714284,17515,4.188428571428571
SURESTE,Avenida Chapultepec,12,2024-08-03,35.75366483664837,1.7719999999999998,18825,3.357857142857143
SURESTE,Avenida Chapultepec,13,2024-08-03,33.46977229772298,1.7475714285714286,19459,3.391285714285714
SURESTE,Avenida Chapultepec,14,2024-08-03,39.78917784177842,1.3335714285714284,21747,2.589714285714286
SURESTE,Avenida Chapultepec,15,2024-08-03,42.04016425164252,1.2397142857142858,20710,2.142714285714286
SURESTE,Avenida Chapultepec,16,2024-08-03,42.75832328323283,1.2212857142857143,20232,2.0664285714285717
SURESTE,Avenida Chapultepec,17,2024-08-03,43.87573305733058,1.192,21032,2.2114285714285717
SURESTE,Avenida Chapultepec,18,2024-08-03,45.02069930699307,1.1622857142857144,18681,2.0527142857142855
SURESTE,Avenida Chapultepec,19,2024-08-03,44.47921879218793,1.1767142857142858,21233,1.925714285714286
SURESTE,Avenida Chapultepec,20,2024-08-03,43.49228917289173,1.2009999999999998,21467,2.5094285714285713
SURESTE,Avenida Chapultepec,21,2024-08-03,45.97388488884889,1.1328571428571428,19602,2.0604285714285715
SURESTE,Avenida Chapultepec,22,2024-08-03,47.700732157321575,1.0962857142857143,16000,1.551
SURESTE,Avenida Chapultepec,23,2024-08-03,49.75978939789398,1.0604285714285715,13988,1.2388571428571429
SURESTE,Avenida Constitución,0,2024-08-03,73.32609739920407,1.0,2583,2.035
SURESTE,Avenida Constitución,1,2024-08-03,74.2549202074205,0.9810000000000001,2387,1.465
SURESTE,Avenida Constitución,2,2024-08-03,70.07030639477853,1.02,1357,3.7333333333333334
SURESTE,Avenida Constitución,3,2024-08-03,74.69234619715425,0.9683333333333333,596,1.07
SURESTE,Avenida Constitución,4,2024-08-03,76.53072269423687,0.9466666666666667,709,1.2300000000000002
SURESTE,Avenida Constitución,5,2024-08-03,75.11335653598115,0.9583333333333334,1163,2.0566666666666666
SURESTE,Avenida Constitución,6,2024-08-03,76.5304074111987,0.9483333333333333,2608,1.0
SURESTE,Avenida Constitución,7,2024-08-03,56.47711289544559,1.288,4125,4.714
SURESTE,Avenida Constitución,8,2024-08-03,24.106264714914527,3.198333333333333,4598,7.668333333333334
SURESTE,Avenida Constitución,9,2024-08-03,18.79919439041867,3.9166666666666665,4092,8.66
SURESTE,Avenida Constitución,10,2024-08-03,14.694431364520423,4.97,2942,10.66
SURESTE,Avenida Constitución,11,2024-08-03,13.790166854335142,5.306666666666667,2913,12.311666666666667
SURESTE,Avenida Constitución,12,2024-08-03,14.08346401883509,5.233333333333333,2654,15.093333333333334
SURESTE,Avenida Constitución,13,2024-08-03,14.328314054662707,5.14,2859,12.19
SURESTE,Avenida Constitución,14,2024-08-03,15.73674685228785,4.7,3164,14.188333333333333
SURESTE,Avenida Constitución,15,2024-08-03,43.17672035379802,1.822222222222222,4445,9.855555555555556
SURESTE,Avenida Constitución,16,2024-08-03,59.047108775173854,1.213,5528,3.157
SURESTE,Avenida Constitución,17,2024-08-03,58.8575551714435,1.24,6488,3.947
SURESTE,Avenida Constitución,18,2024-08-03,43.15606894921605,1.8142857142857143,5536,6.324285714285715
SURESTE,Avenida Constitución,19,2024-08-03,60.307784298749844,1.2129999999999999,6068,1.9899999999999998
SURESTE,Avenida Constitución,20,2024-08-03,60.083094324074445,1.209,6600,1.999
SURESTE,Avenida Constitución,21,2024-08-03,66.1117523214214,1.099,5652,1.654
SURESTE,Avenida Constitución,22,2024-08-03,68.20276711420186,1.068,4420,1.283
SURESTE,Avenida Constitución,23,2024-08-03,71.01410238372794,1.027,3572,1.526
SURESTE,Avenida Doctor Ignacio Morones Prieto,0,2024-08-03,70.83439079936933,1.0,14054,0.8175
SURESTE,Avenida Doctor Ignacio Morones Prieto,1,2024-08-03,72.68045081123279,0.975625,9848,1.0904166666666668
SURESTE,Avenida Doctor Ignacio Morones Prieto,2,2024-08-03,72.25672083081055,0.9847916666666666,8613,1.12125
SURESTE,Avenida Doctor Ignacio Morones Prieto,3,2024-08-03,75.30300090051603,0.92875,6983,0.5041666666666667
SURESTE,Avenida Doctor Ignacio Morones Prieto,4,2024-08-03,77.45096213837212,0.9249999999999999,8501,1.043125
SURESTE,Avenida Doctor Ignacio Morones Prieto,5,2024-08-03,78.33316695813062,0.893125,10102,0.5085416666666667
SURESTE,Avenida Doctor Ignacio Morones Prieto,6,2024-08-03,81.29291389161229,0.8810416666666666,12257,0.8697916666666666
SURESTE,Avenida Doctor Ignacio Morones Prieto,7,2024-08-03,79.05490166549365,0.9135416666666667,13181,1.3568750000000003
SURESTE,Avenida Doctor Ignacio Morones Prieto,8,2024-08-03,77.90723855069167,0.910625,16266,0.483125
SURESTE,Avenida Doctor Ignacio Morones Prieto,9,2024-08-03,75.55754850646497,0.9529166666666667,16641,0.734375
SURESTE,Avenida Doctor Ignacio Morones Prieto,10,2024-08-03,72.08132428104706,1.0258333333333334,18348,1.6564583333333334
SURESTE,Avenida Doctor Ignacio Morones Prieto,11,2024-08-03,71.9901118422468,1.0185416666666667,18270,1.2585416666666667
SURESTE,Avenida Doctor Ignacio Morones Prieto,12,2024-08-03,68.67847490080493,1.100625,20618,1.230625
SURESTE,Avenida Doctor Ignacio Morones Prieto,13,2024-08-03,63.09046221367125,1.4016666666666666,21570,1.9039583333333334
SURESTE,Avenida Doctor Ignacio Morones Prieto,14,2024-08-03,43.352423863367434,2.1495833333333336,21369,3.3129166666666667
SURESTE,Avenida Doctor Ignacio Morones Prieto,15,2024-08-03,52.21161819349722,1.6270833333333332,23152,2.724375
SURESTE,Avenida Doctor Ignacio Morones Prieto,16,2024-08-03,56.14335416096801,1.5952083333333336,23354,2.2979166666666666
SURESTE,Avenida Doctor Ignacio Morones Prieto,17,2024-08-03,70.37436387609145,1.0175,25158,0.6283333333333333
SURESTE,Avenida Doctor Ignacio Morones Prieto,18,2024-08-03,68.55076451659501,1.095,23397,1.3370833333333332
SURESTE,Avenida Doctor Ignacio Morones Prieto,19,2024-08-03,67.25304623366087,1.0791666666666668,24382,0.9179166666666667
SURESTE,Avenida Doctor Ignacio Morones Prieto,20,2024-08-03,64.07389978762575,1.14625,25302,1.0418749999999999
SURESTE,Avenida Doctor Ignacio Morones Prieto,21,2024-08-03,66.11098014869272,1.1002083333333335,24586,1.155
SURESTE,Avenida Doctor Ignacio Morones Prieto,22,2024-08-03,66.71486035854676,1.1335416666666667,19635,1.623125
SURESTE,Avenida Doctor Ignacio Morones Prieto,23,2024-08-03,68.7490947201485,1.0785416666666667,17153,1.18
SURESTE,Avenida Eloy Cavazos,0,2024-08-03,47.06982319030186,1.0,28334,2.0864502164502166
SURESTE,Avenida Eloy Cavazos,1,2024-08-03,50.51118333508152,0.9429545454545454,20853,1.516909090909091
SURESTE,Avenida Eloy Cavazos,2,2024-08-03,53.02134689582602,0.9013824884792626,17065,1.3159907834101383
SURESTE,Avenida Eloy Cavazos,3,2024-08-03,52.60667276187554,0.9325116279069768,11657,1.538
SURESTE,Avenida Eloy Cavazos,4,2024-08-03,52.87808772412147,0.9055813953488372,10029,1.5386976744186047
SURESTE,Avenida Eloy Cavazos,5,2024-08-03,52.99662291329672,0.9070697674418605,10026,1.4485581395348837
SURESTE,Avenida Eloy Cavazos,6,2024-08-03,52.26450491651419,0.9405022831050228,19871,1.7998173515981737
SURESTE,Avenida Eloy Cavazos,7,2024-08-03,48.57596930094129,1.0264732142857143,31394,2.097901785714286
SURESTE,Avenida Eloy Cavazos,8,2024-08-03,43.94069204869006,1.1188260869565216,42856,2.819478260869565
SURESTE,Avenida Eloy Cavazos,9,2024-08-03,42.509852301548136,1.14025974025974,53486,3.12004329004329
SURESTE,Avenida Eloy Cavazos,10,2024-08-03,39.503003029711834,1.3514285714285714,50989,3.69948051948052
SURESTE,Avenida Eloy Cavazos,11,2024-08-03,39.160817918887,1.4335864978902952,53287,3.847341772151899
SURESTE,Avenida Eloy Cavazos,12,2024-08-03,40.48773128629537,1.3651293103448274,56550,3.5592672413793105
SURESTE,Avenida Eloy Cavazos,13,2024-08-03,37.8918086539247,1.4561965811965811,63098,3.9773076923076927
SURESTE,Avenida Eloy Cavazos,14,2024-08-03,40.377385794371925,1.2916239316239317,64749,3.358974358974359
SURESTE,Avenida Eloy Cavazos,15,2024-08-03,40.10977399187305,1.3029914529914528,67153,3.573119658119658
SURESTE,Avenida Eloy Cavazos,16,2024-08-03,40.98441632456112,1.255769230769231,68910,3.316837606837607
SURESTE,Avenida Eloy Cavazos,17,2024-08-03,41.579341352629285,1.22508547008547,67898,3.153888888888889
SURESTE,Avenida Eloy Cavazos,18,2024-08-03,41.83740247379829,1.2184615384615385,60327,3.028632478632479
SURESTE,Avenida Eloy Cavazos,19,2024-08-03,41.41518084259599,1.2376068376068377,70638,3.0076068376068377
SURESTE,Avenida Eloy Cavazos,20,2024-08-03,41.001300919268154,1.2333760683760684,73631,2.8467521367521367
SURESTE,Avenida Eloy Cavazos,21,2024-08-03,42.380072074878846,1.1770512820512822,66666,2.53508547008547
SURESTE,Avenida Eloy Cavazos,22,2024-08-03,43.87966573709599,1.1275757575757577,53639,2.263203463203463
SURESTE,Avenida Eloy Cavazos,23,2024-08-03,45.21843828336604,1.0538362068965517,47129,2.0072844827586205
SURESTE,Avenida Exposición,0,2024-08-03,39.4285711487995,1.0,854,1.9828571428571427
SURESTE,Avenida Exposición,1,2024-08-03,40.58258391759038,0.9760714285714286,715,2.1035714285714286
SURESTE,Avenida Exposición,2,2024-08-03,40.551964278719986,0.9432142857142857,532,1.4428571428571428
SURESTE,Avenida Exposición,3,2024-08-03,44.59927832830676,0.9460714285714286,373,1.5996428571428571
SURESTE,Avenida Exposición,4,2024-08-03,20.23245614035088,1.4825,58,2.085
SURESTE,Avenida Exposición,5,2024-08-03,41.86563981042654,0.9535714285714285,212,0.9935714285714285
SURESTE,Avenida Exposición,6,2024-08-03,39.18676053991001,1.0157894736842106,409,2.7794736842105263
SURESTE,Avenida Exposición,7,2024-08-03,38.70605342524774,1.0367857142857144,918,2.05
SURESTE,Avenida Exposición,8,2024-08-03,35.09634268144608,1.209642857142857,1557,3.522142857142857
SURESTE,Avenida Exposición,9,2024-08-03,36.32248638909561,1.1557142857142857,2386,3.2546428571428576
SURESTE,Avenida Exposición,10,2024-08-03,33.80573126787043,1.2496428571428573,2408,3.6174999999999997
SURESTE,Avenida Exposición,11,2024-08-03,31.367128197093727,1.4885714285714287,2486,5.7924999999999995
SURESTE,Avenida Exposición,12,2024-08-03,30.39053601504054,1.657857142857143,3039,6.6346428571428575
SURESTE,Avenida Exposición,13,2024-08-03,29.29197348321648,2.12,3015,7.1175
SURESTE,Avenida Exposición,14,2024-08-03,26.005868356116093,3.283214285714286,2653,8.923214285714286
SURESTE,Avenida Exposición,15,2024-08-03,29.87031256120011,1.6649999999999998,2166,5.929285714285714
SURESTE,Avenida Exposición,16,2024-08-03,35.33860894598723,1.2460714285714285,2615,3.483571428571428
SURESTE,Avenida Exposición,17,2024-08-03,35.45537875523873,1.1614285714285715,2190,3.1653571428571428
SURESTE,Avenida Exposición,18,2024-08-03,35.753165759273045,1.1535714285714285,2643,2.9696428571428575
SURESTE,Avenida Exposición,19,2024-08-03,34.808503388038076,1.2182142857142857,2660,3.43
SURESTE,Avenida Exposición,20,2024-08-03,33.32844189416788,1.210357142857143,2451,4.463928571428571
SURESTE,Avenida Exposición,21,2024-08-03,35.11447358113666,1.1103571428571428,1688,2.9
SURESTE,Avenida Exposición,22,2024-08-03,35.07141905918296,1.1732142857142858,1521,3.9660714285714285
SURESTE,Avenida Exposición,23,2024-08-03,35.01421898868042,1.155,1438,4.085357142857143
SURESTE,Avenida General Lázaro Cárdenas,0,2024-08-03,34.50644048187089,1.0,7129,3.271907894736842
SURESTE,Avenida General Lázaro Cárdenas,1,2024-08-03,38.48281869444922,0.9481333333333333,7153,2.7676
SURESTE,Avenida General Lázaro Cárdenas,2,2024-08-03,37.69492797544588,0.9583552631578947,5469,2.212236842105263
SURESTE,Avenida General Lázaro Cárdenas,3,2024-08-03,37.536060125119725,0.9638194444444443,3177,2.8702083333333333
SURESTE,Avenida General Lázaro Cárdenas,4,2024-08-03,38.00711215934077,0.9586259541984733,2219,3.053435114503817
SURESTE,Avenida General Lázaro Cárdenas,5,2024-08-03,39.95779815144982,0.9260544217687074,3553,2.5897278911564627
SURESTE,Avenida General Lázaro Cárdenas,6,2024-08-03,38.59106881573807,1.0944444444444443,4393,3.8284027777777774
SURESTE,Avenida General Lázaro Cárdenas,7,2024-08-03,34.75952142002998,1.0925333333333334,7079,4.336133333333333
SURESTE,Avenida General Lázaro Cárdenas,8,2024-08-03,32.570637121154896,1.169671052631579,9215,4.430526315789474
SURESTE,Avenida General Lázaro Cárdenas,9,2024-08-03,31.350904843579873,1.2976315789473685,12547,5.329013157894737
SURESTE,Avenida General Lázaro Cárdenas,10,2024-08-03,28.166036908553963,1.4330263157894736,15764,6.417105263157895
SURESTE,Avenida General Lázaro Cárdenas,11,2024-08-03,27.682771586640406,1.531907894736842,14240,7.0502631578947375
SURESTE,Avenida General Lázaro Cárdenas,12,2024-08-03,26.504729173306607,1.539078947368421,13986,6.807171052631579
SURESTE,Avenida General Lázaro Cárdenas,13,2024-08-03,24.759256154649677,2.013092105263158,13924,8.424342105263158
SURESTE,Avenida General Lázaro Cárdenas,14,2024-08-03,25.329253262245278,1.8498026315789475,13729,7.999934210526316
SURESTE,Avenida General Lázaro Cárdenas,15,2024-08-03,23.745467123310384,1.9901973684210525,13995,8.26796052631579
SURESTE,Avenida General Lázaro Cárdenas,16,2024-08-03,28.188703779101363,1.5322368421052632,15120,6.358684210526316
SURESTE,Avenida General Lázaro Cárdenas,17,2024-08-03,27.371891908821095,1.4905263157894737,14586,6.848815789473684
SURESTE,Avenida General Lázaro Cárdenas,18,2024-08-03,30.1645387536132,1.3583552631578948,15136,5.631184210526316
SURESTE,Avenida General Lázaro Cárdenas,19,2024-08-03,29.978707666345493,1.2561184210526317,14190,5.023618421052632
SURESTE,Avenida General Lázaro Cárdenas,20,2024-08-03,29.441767240664625,1.2730921052631579,17067,5.028552631578948
SURESTE,Avenida General Lázaro Cárdenas,21,2024-08-03,30.446181381390232,1.1926973684210527,15497,4.412697368421052
SURESTE,Avenida General Lázaro Cárdenas,22,2024-08-03,32.89741489053999,1.0967763157894737,12940,3.777828947368421
SURESTE,Avenida General Lázaro Cárdenas,23,2024-08-03,34.8238802065582,1.0296052631578947,10908,3.1450657894736844
SURESTE,Avenida Ignacio Morones Prieto,0,2024-08-03,62.780536912751685,1.0,740,0.9566666666666667
SURESTE,Avenida Ignacio Morones Prieto,1,2024-08-03,62.167100111856826,0.9866666666666667,584,1.61
SURESTE,Avenida Ignacio Morones Prieto,2,2024-08-03,66.13185123042506,0.9466666666666667,527,0.93
SURESTE,Avenida Ignacio Morones Prieto,3,2024-08-03,70.91307326621924,0.8833333333333333,455,0.31
SURESTE,Avenida Ignacio Morones Prieto,4,2024-08-03,73.73253635346757,0.8466666666666667,488,0.31333333333333335
SURESTE,Avenida Ignacio Morones Prieto,5,2024-08-03,74.37256711409397,0.84,479,0.25666666666666665
SURESTE,Avenida Ignacio Morones Prieto,6,2024-08-03,70.86463926174497,0.89,528,1.05
SURESTE,Avenida Ignacio Morones Prieto,7,2024-08-03,75.04208612975393,0.84,675,0.25666666666666665
SURESTE,Avenida Ignacio Morones Prieto,8,2024-08-03,73.52537751677852,0.8533333333333334,793,0.21666666666666665
SURESTE,Avenida Ignacio Morones Prieto,9,2024-08-03,69.78218680089486,0.9,869,0.29333333333333333
SURESTE,Avenida Ignacio Morones Prieto,10,2024-08-03,68.29684004474272,0.9166666666666666,942,0.3333333333333333
SURESTE,Avenida Ignacio Morones Prieto,11,2024-08-03,66.71347874720357,0.94,917,0.2933333333333333
SURESTE,Avenida Ignacio Morones Prieto,12,2024-08-03,66.00694910514541,0.9499999999999998,1084,0.4066666666666667
SURESTE,Avenida Ignacio Morones Prieto,13,2024-08-03,60.967463646532444,1.0333333333333334,1052,0.6833333333333332
SURESTE,Avenida Ignacio Morones Prieto,14,2024-08-03,55.636535234899334,1.1166666666666667,1024,0.6133333333333333
SURESTE,Avenida Ignacio Morones Prieto,15,2024-08-03,60.14759507829979,1.04,1198,0.5499999999999999
SURESTE,Avenida Ignacio Morones Prieto,16,2024-08-03,60.56430369127517,1.0366666666666668,1158,0.53
SURESTE,Avenida Ignacio Morones Prieto,17,2024-08-03,63.53351510067115,0.9766666666666666,1333,1.4666666666666668
SURESTE,Avenida Ignacio Morones Prieto,18,2024-08-03,61.851160514541384,1.02,1368,1.04
SURESTE,Avenida Ignacio Morones Prieto,19,2024-08-03,60.14168064876957,1.0433333333333332,1444,0.8533333333333334
SURESTE,Avenida Ignacio Morones Prieto,20,2024-08-03,57.73310961968681,1.07,1388,1.2
SURESTE,Avenida Ignacio Morones Prieto,21,2024-08-03,60.86672259507829,1.0266666666666666,1434,0.31
SURESTE,Avenida Ignacio Morones Prieto,22,2024-08-03,62.6011744966443,1.0,1086,0.4266666666666666
SURESTE,Avenida Ignacio Morones Prieto,23,2024-08-03,58.8430648769575,1.06,951,1.1900000000000002
SURESTE,Avenida Las Torres,0,2024-08-03,40.46382832946276,1.0,1914,1.8498305084745763
SURESTE,Avenida Las Torres,1,2024-08-03,40.98929967056912,1.001864406779661,1635,2.1550847457627116
SURESTE,Avenida Las Torres,2,2024-08-03,40.97048665745163,1.035593220338983,1031,1.6735593220338982
SURESTE,Avenida Las Torres,3,2024-08-03,40.138125151868834,1.0693220338983052,966,2.5720338983050848
SURESTE,Avenida Las Torres,4,2024-08-03,45.074291652756386,0.9362499999999999,265,2.157083333333333
SURESTE,Avenida Las Torres,5,2024-08-03,38.57219243217326,1.0927586206896551,398,1.7382758620689653
SURESTE,Avenida Las Torres,6,2024-08-03,41.33192951612259,1.0075862068965518,706,1.956206896551724
SURESTE,Avenida Las Torres,7,2024-08-03,39.57106226522572,1.0484745762711865,1646,2.414237288135593
SURESTE,Avenida Las Torres,8,2024-08-03,37.81231561629866,1.0691525423728814,3240,2.4661016949152543
SURESTE,Avenida Las Torres,9,2024-08-03,37.73748182553309,1.108135593220339,4803,2.38728813559322
SURESTE,Avenida Las Torres,10,2024-08-03,36.95042085094348,1.1020338983050846,5419,2.4181355932203394
SURESTE,Avenida Las Torres,11,2024-08-03,37.13743760929577,1.1179661016949154,5657,2.661864406779661
SURESTE,Avenida Las Torres,12,2024-08-03,36.388886985687485,1.1252542372881356,6778,2.66864406779661
SURESTE,Avenida Las Torres,13,2024-08-03,36.19204705245002,1.1583050847457628,6563,2.884745762711864
SURESTE,Avenida Las Torres,14,2024-08-03,34.37547034524516,1.2198305084745762,6464,3.4435593220338983
SURESTE,Avenida Las Torres,15,2024-08-03,36.90636952824064,1.1220338983050848,4805,2.8584745762711865
SURESTE,Avenida Las Torres,16,2024-08-03,38.67862005505121,1.0722033898305083,5448,2.6006779661016948
SURESTE,Avenida Las Torres,17,2024-08-03,36.79289313612626,1.1433898305084744,4422,2.995423728813559
SURESTE,Avenida Las Torres,18,2024-08-03,38.257811734431705,1.0794915254237287,5095,2.425423728813559
SURESTE,Avenida Las Torres,19,2024-08-03,36.60922047968643,1.1354237288135591,5014,3.055084745762712
SURESTE,Avenida Las Torres,20,2024-08-03,35.793890989049515,1.1361016949152543,5087,2.6340677966101693
SURESTE,Avenida Las Torres,21,2024-08-03,36.25232414087054,1.1559322033898305,3375,2.866949152542373
SURESTE,Avenida Las Torres,22,2024-08-03,37.27927174662104,1.1676271186440679,2994,3.28
SURESTE,Avenida Las Torres,23,2024-08-03,36.862331350905635,1.1062711864406778,2627,2.9572881355932203
SURESTE,Avenida Pablo Livas,0,2024-08-03,47.26912975589523,1.0,11950,2.086962025316456
SURESTE,Avenida Pablo Livas,1,2024-08-03,50.06071721086668,0.9945569620253164,10447,2.6878481012658226
SURESTE,Avenida Pablo Livas,2,2024-08-03,50.057275277986086,0.9571518987341772,8259,1.9843037974683544
SURESTE,Avenida Pablo Livas,3,2024-08-03,50.39857366349519,0.9807594936708861,3207,1.9024683544303795
SURESTE,Avenida Pablo Livas,4,2024-08-03,50.89573782218809,0.9153164556962026,3169,1.8401898734177216
SURESTE,Avenida Pablo Livas,5,2024-08-03,50.57424479006208,0.9601265822784809,4803,2.353987341772152
SURESTE,Avenida Pablo Livas,6,2024-08-03,50.27699512030911,0.984873417721519,7017,2.2706962025316453
SURESTE,Avenida Pablo Livas,7,2024-08-03,47.58287734948777,1.0317721518987342,13322,2.759113924050633
SURESTE,Avenida Pablo Livas,8,2024-08-03,44.4226753089444,1.132848101265823,25956,3.1826582278481013
SURESTE,Avenida Pablo Livas,9,2024-08-03,42.900762536237,1.165126582278481,31167,3.790379746835443
SURESTE,Avenida Pablo Livas,10,2024-08-03,42.263544486039464,1.2043037974683544,32911,3.566645569620253
SURESTE,Avenida Pablo Livas,11,2024-08-03,40.95024999586722,1.2353164556962026,29556,4.059240506329114
SURESTE,Avenida Pablo Livas,12,2024-08-03,40.439747764915225,1.2734177215189872,33273,4.314493670886076
SURESTE,Avenida Pablo Livas,13,2024-08-03,39.34618168320031,1.3509493670886075,38706,4.704746835443038
SURESTE,Avenida Pablo Livas,14,2024-08-03,38.817065993799325,1.4265822784810127,39054,4.925632911392405
SURESTE,Avenida Pablo Livas,15,2024-08-03,37.96348647677902,1.4912658227848101,35549,4.907341772151899
SURESTE,Avenida Pablo Livas,16,2024-08-03,40.633679635593644,1.31626582278481,30668,4.371898734177215
SURESTE,Avenida Pablo Livas,17,2024-08-03,42.45509767647364,1.2321518987341773,30695,4.053037974683544
SURESTE,Avenida Pablo Livas,18,2024-08-03,42.66795709719257,1.2301898734177215,31045,3.6415189873417724
SURESTE,Avenida Pablo Livas,19,2024-08-03,42.567498583582186,1.2278481012658229,29284,4.03506329113924
SURESTE,Avenida Pablo Livas,20,2024-08-03,42.28330054657948,1.2148101265822784,28992,3.8517088607594934
SURESTE,Avenida Pablo Livas,21,2024-08-03,42.30601598110041,1.1908860759493671,25375,3.54873417721519
SURESTE,Avenida Pablo Livas,22,2024-08-03,43.91486089048723,1.1476582278481013,18874,3.760126582278481
SURESTE,Avenida Pablo Livas,23,2024-08-03,47.868197399802526,1.0282911392405063,15679,2.300822784810127
SURESTE,Avenida Puesta del Sol,0,2024-08-03,27.97031740753058,1.0,90,3.018333333333334
SURESTE,Avenida Puesta del Sol,2,2024-08-03,29.812448845709284,0.9557142857142856,77,2.287142857142857
SURESTE,Avenida Puesta del Sol,5,2024-08-03,28.36007199424046,1.135,20,6.404999999999999
SURESTE,Avenida Puesta del Sol,8,2024-08-03,28.80192144255995,1.18,104,3.4266666666666663
SURESTE,Avenida Puesta del Sol,9,2024-08-03,31.149957506558774,0.98,95,3.2533333333333334
SURESTE,Avenida Puesta del Sol,10,2024-08-03,30.852653775264752,0.9657142857142856,119,3.0885714285714285
SURESTE,Avenida Puesta del Sol,11,2024-08-03,29.448367748586417,1.0657142857142856,181,4.198571428571428
SURESTE,Avenida Puesta del Sol,12,2024-08-03,26.661756896066976,1.282857142857143,161,10.627142857142857
SURESTE,Avenida Puesta del Sol,13,2024-08-03,30.54037674549373,0.9771428571428571,241,2.8528571428571428
SURESTE,Avenida Puesta del Sol,14,2024-08-03,26.79450188997532,1.1285714285714286,220,5.188571428571429
SURESTE,Avenida Puesta del Sol,15,2024-08-03,28.79141857486489,0.9971428571428571,179,2.988571428571429
SURESTE,Avenida Puesta del Sol,16,2024-08-03,26.02511949017525,1.1014285714285714,182,4.381428571428572
SURESTE,Avenida Puesta del Sol,17,2024-08-03,27.227424947674233,1.1157142857142857,158,3.8742857142857146
SURESTE,Avenida Puesta del Sol,18,2024-08-03,30.2692105838618,0.9357142857142857,158,2.5557142857142856
SURESTE,Avenida Puesta del Sol,19,2024-08-03,28.44934241354534,1.002857142857143,273,3.1714285714285717
SURESTE,Avenida Puesta del Sol,20,2024-08-03,26.423888663272,1.2128571428571429,221,3.98
SURESTE,Avenida Puesta del Sol,21,2024-08-03,25.956789853487862,1.1300000000000001,173,3.6128571428571425
SURESTE,Avenida Puesta del Sol,22,2024-08-03,27.236568679516417,1.0942857142857143,154,2.781428571428571
SURESTE,Avenida Puesta del Sol,23,2024-08-03,28.127215644622158,1.062857142857143,214,2.807142857142857
SURESTE,Avenida Valparaíso,0,2024-08-03,34.57743605586921,1.0,1945,2.5703703703703704
SURESTE,Avenida Valparaíso,1,2024-08-03,33.84056042666559,0.9881132075471698,1468,2.960754716981132
SURESTE,Avenida Valparaíso,2,2024-08-03,33.57171376338996,1.0175471698113208,994,3.209245283018868
SURESTE,Avenida Valparaíso,3,2024-08-03,34.073564715978065,1.0277083333333332,859,2.801458333333333
SURESTE,Avenida Valparaíso,4,2024-08-03,40.894301833197446,0.8022222222222222,191,1.2672222222222222
SURESTE,Avenida Valparaíso,5,2024-08-03,34.37380563717488,1.1776470588235295,257,2.7705882352941176
SURESTE,Avenida Valparaíso,6,2024-08-03,37.70886382598032,1.1546153846153846,546,3.0415384615384613
SURESTE,Avenida Valparaíso,7,2024-08-03,34.23778800682907,0.968867924528302,1389,2.7673584905660373
SURESTE,Avenida Valparaíso,8,2024-08-03,31.364569934982853,1.0939622641509434,3123,3.696415094339623
SURESTE,Avenida Valparaíso,9,2024-08-03,29.31049316583866,1.2096296296296298,4412,4.180370370370371
SURESTE,Avenida Valparaíso,10,2024-08-03,26.538189084277192,1.475925925925926,5616,5.732222222222223
SURESTE,Avenida Valparaíso,11,2024-08-03,25.72884928209183,1.7037735849056603,5045,5.682264150943396
SURESTE,Avenida Valparaíso,12,2024-08-03,27.2428242551686,1.3437037037037038,6318,4.7448148148148155
SURESTE,Avenida Valparaíso,13,2024-08-03,24.78193917770813,1.5696296296296297,6850,5.910740740740741
SURESTE,Avenida Valparaíso,14,2024-08-03,27.14274153764893,1.3814814814814813,6663,4.758333333333333
SURESTE,Avenida Valparaíso,15,2024-08-03,30.67471933347618,1.1396296296296295,5942,3.7214814814814816
SURESTE,Avenida Valparaíso,16,2024-08-03,29.28555483025468,1.2196296296296296,5611,4.162962962962963
SURESTE,Avenida Valparaíso,17,2024-08-03,30.882032857790644,1.2138888888888888,4566,4.041111111111111
SURESTE,Avenida Valparaíso,18,2024-08-03,30.77161642989192,1.1835185185185186,4883,3.993148148148148
SURESTE,Avenida Valparaíso,19,2024-08-03,28.194713054917457,1.2627777777777778,5309,4.935925925925926
SURESTE,Avenida Valparaíso,20,2024-08-03,30.873325846204985,1.1681132075471699,4638,3.5700000000000003
SURESTE,Avenida Valparaíso,21,2024-08-03,32.21279644243892,1.07,3932,3.031509433962264
SURESTE,Avenida Valparaíso,22,2024-08-03,31.32942401698201,1.175185185185185,2913,4.022037037037037
SURESTE,Avenida Valparaíso,23,2024-08-03,32.67994691861021,1.1016981132075472,2493,3.810377358490566
SURESTE,Paseo de las Américas,0,2024-08-03,45.780467792396294,1.0,6484,1.5826470588235295
SURESTE,Paseo de las Américas,1,2024-08-03,45.010627865313374,0.9976811594202899,4477,1.856376811594203
SURESTE,Paseo de las Américas,2,2024-08-03,47.78519259282408,0.9757352941176469,3137,1.7129411764705882
SURESTE,Paseo de las Américas,3,2024-08-03,48.32055242970333,0.943731343283582,2081,1.445223880597015
SURESTE,Paseo de las Américas,4,2024-08-03,49.77404045136135,0.9059016393442623,1289,1.3701639344262295
SURESTE,Paseo de las Américas,5,2024-08-03,50.16137390725229,0.9164516129032259,1250,1.1543548387096776
SURESTE,Paseo de las Américas,6,2024-08-03,48.87571136966013,0.9704477611940298,3999,1.882686567164179
SURESTE,Paseo de las Américas,7,2024-08-03,42.770405077098516,1.1556,6718,2.449866666666667
SURESTE,Paseo de las Américas,8,2024-08-03,38.13131235479603,1.2234782608695653,11583,2.535072463768116
SURESTE,Paseo de las Américas,9,2024-08-03,32.94116779876709,1.6664,17035,4.1268
SURESTE,Paseo de las Américas,10,2024-08-03,25.62317933246572,2.182236842105263,20541,6.0961842105263155
SURESTE,Paseo de las Américas,11,2024-08-03,25.345288644289095,2.6434666666666664,17756,6.7216000000000005
SURESTE,Paseo de las Américas,12,2024-08-03,34.24222765574266,1.3738157894736842,22428,3.6277631578947367
SURESTE,Paseo de las Américas,13,2024-08-03,31.519875182395396,1.5978947368421053,22112,4.6410526315789475
SURESTE,Paseo de las Américas,14,2024-08-03,30.161040672529612,1.6473684210526316,23309,4.353421052631579
SURESTE,Paseo de las Américas,15,2024-08-03,34.41963856134401,1.3771052631578946,22498,4.319078947368421
SURESTE,Paseo de las Américas,16,2024-08-03,37.330914211723254,1.2610526315789474,21009,3.1982894736842105
SURESTE,Paseo de las Américas,17,2024-08-03,38.85372337084966,1.224,17599,3.321066666666667
SURESTE,Paseo de las Américas,18,2024-08-03,38.84172746513126,1.163421052631579,18362,3.3119736842105265
SURESTE,Paseo de las Américas,19,2024-08-03,38.96683525916578,1.1648684210526317,18881,2.586315789473684
SURESTE,Paseo de las Américas,20,2024-08-03,38.24443089229346,1.1425333333333334,17471,2.826
SURESTE,Paseo de las Américas,21,2024-08-03,39.625536218949875,1.1097333333333335,13427,2.412
SURESTE,Paseo de las Américas,22,2024-08-03,39.14146168872588,1.1281081081081081,10566,3.8678378378378384
SURESTE,Paseo de las Américas,23,2024-08-03,40.623718908556036,1.1141333333333334,8865,2.5398666666666667
SURESTE,,2,2024-08-04,31.10916938026568,1.135,20,11.73
SURESTE,,11,2024-08-04,7.065355921666149,2.3466666666666667,32,9.646666666666667
SURESTE,,12,2024-08-04,23.826963692067014,1.238,59,9.85
SURESTE,,13,2024-08-04,34.74729483084545,0.986,64,5.458
SURESTE,,15,2024-08-04,32.71966625382961,1.516,59,5.508
SURESTE,,16,2024-08-04,33.175901179844864,1.234,66,4.168
SURESTE,,17,2024-08-04,32.692746957938105,1.3,73,8.334999999999999
SURESTE,,18,2024-08-04,29.1,1.19,16,2.57
SURESTE,,19,2024-08-04,34.321452317319604,1.158,71,7.4239999999999995
SURESTE,,20,2024-08-04,38.47061143341373,1.134,67,3.97
SURESTE,,21,2024-08-04,35.3439704061013,1.1560000000000001,75,4.706
SURESTE,,22,2024-08-04,38.17045606975184,1.5175,51,6.169999999999999
SURESTE,Avenida Azteca,0,2024-08-04,33.36777484257921,1.0,5902,3.286470588235294
SURESTE,Avenida Azteca,1,2024-08-04,32.828520161491305,1.0394117647058825,5248,3.5097058823529412
SURESTE,Avenida Azteca,2,2024-08-04,37.48032789869086,0.9292537313432836,4501,2.7349253731343284
SURESTE,Avenida Azteca,3,2024-08-04,36.835862172026836,0.9404477611940298,4166,2.5301492537313433
SURESTE,Avenida Azteca,4,2024-08-04,35.068200184946924,1.0375384615384615,2580,3.133538461538462
SURESTE,Avenida Azteca,5,2024-08-04,36.20679322995513,1.0483333333333333,3523,2.7275757575757575
SURESTE,Avenida Azteca,6,2024-08-04,39.18711624206212,0.9425757575757576,2547,2.610909090909091
SURESTE,Avenida Azteca,7,2024-08-04,37.04777689370624,0.9718181818181818,3175,2.8974242424242425
SURESTE,Avenida Azteca,8,2024-08-04,37.313523291948776,0.9845454545454546,2982,2.763181818181818
SURESTE,Avenida Azteca,9,2024-08-04,33.91316602211696,1.0155223880597015,5050,2.7838805970149254
SURESTE,Avenida Azteca,10,2024-08-04,33.433845199387754,1.0361194029850747,5534,3.127910447761194
SURESTE,Avenida Azteca,11,2024-08-04,30.887712040406058,1.0923529411764705,6304,3.9739705882352943
SURESTE,Avenida Azteca,12,2024-08-04,29.629893017501058,1.1994117647058824,6669,4.601764705882353
SURESTE,Avenida Azteca,13,2024-08-04,29.007011791246413,1.2026470588235294,7144,4.658088235294118
SURESTE,Avenida Azteca,14,2024-08-04,27.86125579424812,1.2088235294117649,7991,5.79764705882353
SURESTE,Avenida Azteca,15,2024-08-04,27.19380476877973,1.2546376811594202,8315,5.48391304347826
SURESTE,Avenida Azteca,16,2024-08-04,28.556404554027807,1.162753623188406,10220,5.2724637681159425
SURESTE,Avenida Azteca,17,2024-08-04,29.81088549355601,1.1835820895522389,9198,4.521343283582089
SURESTE,Avenida Azteca,18,2024-08-04,29.835540749096094,1.1575,8124,4.056323529411764
SURESTE,Avenida Azteca,19,2024-08-04,29.606295222730832,1.1730882352941177,8479,4.118823529411764
SURESTE,Avenida Azteca,20,2024-08-04,26.94206121636458,1.2198550724637682,8466,4.651884057971015
SURESTE,Avenida Azteca,21,2024-08-04,28.24568786973325,1.1756521739130434,7624,4.184492753623188
SURESTE,Avenida Azteca,22,2024-08-04,30.776653956703054,1.0839705882352941,6332,4.323235294117647
SURESTE,Avenida Azteca,23,2024-08-04,33.17707762215687,1.0420588235294117,5488,3.247205882352941
SURESTE,Avenida Benito Juárez,0,2024-08-04,42.75067285243339,1.0,28286,2.4418723404255323
SURESTE,Avenida Benito Juárez,1,2024-08-04,43.72945676365049,0.9839574468085106,23741,2.456978723404255
SURESTE,Avenida Benito Juárez,2,2024-08-04,44.21635041989955,0.9725531914893617,20721,2.355787234042553
SURESTE,Avenida Benito Juárez,3,2024-08-04,45.176221761295764,0.9508085106382979,15170,2.0669787234042554
SURESTE,Avenida Benito Juárez,4,2024-08-04,47.254798478274665,0.9207234042553192,9882,1.8069787234042554
SURESTE,Avenida Benito Juárez,5,2024-08-04,45.48463044051878,0.977872340425532,10274,2.4392340425531915
SURESTE,Avenida Benito Juárez,6,2024-08-04,46.02183110273873,0.9494893617021276,13208,2.5582553191489366
SURESTE,Avenida Benito Juárez,7,2024-08-04,44.90677078076502,0.9900431034482758,15804,2.639439655172414
SURESTE,Avenida Benito Juárez,8,2024-08-04,42.58701980294825,1.0405555555555557,18069,2.972350427350427
SURESTE,Avenida Benito Juárez,9,2024-08-04,40.04294287072572,1.1065957446808512,22731,3.5278297872340425
SURESTE,Avenida Benito Juárez,10,2024-08-04,39.122478960488365,1.1618297872340424,22151,3.8656170212765955
SURESTE,Avenida Benito Juárez,11,2024-08-04,37.84022685598052,1.177276595744681,29199,3.7871063829787235
SURESTE,Avenida Benito Juárez,12,2024-08-04,37.064515899179575,1.2006808510638298,32012,3.5959999999999996
SURESTE,Avenida Benito Juárez,13,2024-08-04,37.0165664095944,1.2045106382978723,34093,3.96468085106383
SURESTE,Avenida Benito Juárez,14,2024-08-04,37.424719797904906,1.1846808510638296,32621,3.711617021276596
SURESTE,Avenida Benito Juárez,15,2024-08-04,36.39736715242081,1.2353617021276595,35475,4.583914893617021
SURESTE,Avenida Benito Juárez,16,2024-08-04,36.35430273686778,1.2326160337552743,37054,4.115780590717299
SURESTE,Avenida Benito Juárez,17,2024-08-04,35.77970838832769,1.2362869198312236,32481,4.298987341772152
SURESTE,Avenida Benito Juárez,18,2024-08-04,36.177033811185304,1.2284810126582277,32349,4.06759493670886
SURESTE,Avenida Benito Juárez,19,2024-08-04,35.97632630476146,1.229404255319149,34426,3.8409787234042554
SURESTE,Avenida Benito Juárez,20,2024-08-04,36.02558286600512,1.2297021276595745,34904,3.7057872340425533
SURESTE,Avenida Benito Juárez,21,2024-08-04,37.39164721089389,1.2030638297872343,32826,3.6029787234042554
SURESTE,Avenida Benito Juárez,22,2024-08-04,39.450098475713965,1.120851063829787,26846,2.981446808510638
SURESTE,Avenida Benito Juárez,23,2024-08-04,43.53412154154792,1.0095689655172413,21997,2.1791379310344827
SURESTE,Avenida Chapultepec,0,2024-08-04,51.06429259292593,1.0,11132,1.1477142857142857
SURESTE,Avenida Chapultepec,1,2024-08-04,51.95222167221672,0.9954285714285716,9661,0.9167142857142857
SURESTE,Avenida Chapultepec,2,2024-08-04,52.31402619026191,0.9901428571428572,7748,1.0251428571428571
SURESTE,Avenida Chapultepec,3,2024-08-04,52.34318063180633,0.9892857142857143,6481,1.0122857142857142
SURESTE,Avenida Chapultepec,4,2024-08-04,54.672867878678794,0.9455714285714285,3678,0.8641428571428572
SURESTE,Avenida Chapultepec,5,2024-08-04,53.62460219602197,0.960857142857143,4756,0.938
SURESTE,Avenida Chapultepec,6,2024-08-04,55.31945639456395,0.9211428571428572,6112,0.9841428571428571
SURESTE,Avenida Chapultepec,7,2024-08-04,52.698687786877876,0.984,6684,1.6192857142857142
SURESTE,Avenida Chapultepec,8,2024-08-04,53.15853118531185,0.9617142857142856,7028,1.2825714285714287
SURESTE,Avenida Chapultepec,9,2024-08-04,50.24558275582756,1.0202857142857142,9950,1.6084285714285715
SURESTE,Avenida Chapultepec,10,2024-08-04,47.08087570875709,1.0802857142857143,11540,1.891
SURESTE,Avenida Chapultepec,11,2024-08-04,46.849147691476915,1.0872857142857142,12159,2.088
SURESTE,Avenida Chapultepec,12,2024-08-04,45.44085275852759,1.1325714285714286,14082,2.2647142857142857
SURESTE,Avenida Chapultepec,13,2024-08-04,46.07328593285933,1.1217142857142857,15691,1.975142857142857
SURESTE,Avenida Chapultepec,14,2024-08-04,45.48014940149402,1.1261428571428571,15113,2.0987142857142858
SURESTE,Avenida Chapultepec,15,2024-08-04,47.313465484654856,1.0815714285714286,16535,1.7069999999999999
SURESTE,Avenida Chapultepec,16,2024-08-04,47.254589145891465,1.0857142857142856,17145,1.6478571428571427
SURESTE,Avenida Chapultepec,17,2024-08-04,48.00430159301593,1.060857142857143,16699,1.808
SURESTE,Avenida Chapultepec,18,2024-08-04,47.22912429124292,1.0908571428571427,14842,1.6804285714285716
SURESTE,Avenida Chapultepec,19,2024-08-04,46.85697821978221,1.1038571428571429,15931,1.7502857142857142
SURESTE,Avenida Chapultepec,20,2024-08-04,46.30857798577986,1.1124285714285715,14791,1.9945714285714287
SURESTE,Avenida Chapultepec,21,2024-08-04,46.46741922419225,1.1071428571428572,15087,2.288142857142857
SURESTE,Avenida Chapultepec,22,2024-08-04,48.25122401224012,1.0675714285714286,12226,1.7817142857142858
SURESTE,Avenida Chapultepec,23,2024-08-04,51.29880928809288,0.9890000000000001,9574,1.1864285714285714
SURESTE,Avenida Constitución,0,2024-08-04,72.90609478964069,1.0,2504,1.465
SURESTE,Avenida Constitución,1,2024-08-04,71.21263918478915,1.008,2774,1.48
SURESTE,Avenida Constitución,2,2024-08-04,74.45256935203193,0.975,1572,1.1816666666666666
SURESTE,Avenida Constitución,3,2024-08-04,73.70936738663117,0.9899999999999999,1008,1.155
SURESTE,Avenida Constitución,4,2024-08-04,74.45657795066025,0.98,700,1.3233333333333333
SURESTE,Avenida Constitución,5,2024-08-04,78.06962739277304,0.9349999999999999,1127,1.1916666666666667
SURESTE,Avenida Constitución,6,2024-08-04,80.14127848444791,0.9271428571428572,1653,1.06
SURESTE,Avenida Constitución,7,2024-08-04,77.18853802651088,0.9550000000000001,2287,1.2075
SURESTE,Avenida Constitución,8,2024-08-04,75.6931382401415,0.958,3376,1.483
SURESTE,Avenida Constitución,9,2024-08-04,71.20686929694094,1.017,4514,2.064
SURESTE,Avenida Constitución,10,2024-08-04,70.29146551031073,1.027,5097,1.448
SURESTE,Avenida Constitución,11,2024-08-04,67.65493628652973,1.07,5596,1.467
SURESTE,Avenida Constitución,12,2024-08-04,64.92586374964827,1.107,6260,1.691
SURESTE,Avenida Constitución,13,2024-08-04,62.558420930980425,1.151,6642,2.587
SURESTE,Avenida Constitución,14,2024-08-04,64.56777696265627,1.131,5903,2.2079999999999997
SURESTE,Avenida Constitución,15,2024-08-04,65.40814310574265,1.1050000000000002,5797,2.005
SURESTE,Avenida Constitución,16,2024-08-04,62.30928412281646,1.1442857142857144,5148,2.8214285714285716
SURESTE,Avenida Constitución,17,2024-08-04,65.86750261285525,1.093,5877,1.9609999999999999
SURESTE,Avenida Constitución,18,2024-08-04,62.74980504080074,1.158,6694,2.8289999999999997
SURESTE,Avenida Constitución,19,2024-08-04,63.20693813562728,1.142,6641,1.475
SURESTE,Avenida Constitución,20,2024-08-04,63.71010923744824,1.136,5872,1.8210000000000002
SURESTE,Avenida Constitución,21,2024-08-04,67.38221349037264,1.076,5291,1.702
SURESTE,Avenida Constitución,22,2024-08-04,72.85513174820115,1.001,3773,1.3809999999999998
SURESTE,Avenida Constitución,23,2024-08-04,72.41528068095027,1.0,2584,1.446
SURESTE,Avenida Doctor Ignacio Morones Prieto,0,2024-08-04,69.68123822490772,1.0,14633,0.8758333333333334
SURESTE,Avenida Doctor Ignacio Morones Prieto,1,2024-08-04,72.19484554459706,0.9579166666666666,13241,0.90875
SURESTE,Avenida Doctor Ignacio Morones Prieto,2,2024-08-04,72.0269908934164,0.9656250000000001,11965,1.18375
SURESTE,Avenida Doctor Ignacio Morones Prieto,3,2024-08-04,72.97860060423704,0.9472916666666666,10165,1.016875
SURESTE,Avenida Doctor Ignacio Morones Prieto,4,2024-08-04,76.84343806570386,0.89,7950,0.5229166666666667
SURESTE,Avenida Doctor Ignacio Morones Prieto,5,2024-08-04,76.863191637802,0.8779166666666667,7123,0.7710416666666666
SURESTE,Avenida Doctor Ignacio Morones Prieto,6,2024-08-04,81.70675202616106,0.8508333333333334,8209,0.830625
SURESTE,Avenida Doctor Ignacio Morones Prieto,7,2024-08-04,82.60661771711503,0.8333333333333334,9724,0.5775
SURESTE,Avenida Doctor Ignacio Morones Prieto,8,2024-08-04,79.37847613017836,0.8664583333333334,10639,0.5627083333333334
SURESTE,Avenida Doctor Ignacio Morones Prieto,9,2024-08-04,78.61074380165289,0.8731249999999999,11427,0.926875
SURESTE,Avenida Doctor Ignacio Morones Prieto,10,2024-08-04,77.38915077957643,0.8879166666666666,13202,0.7970833333333333
SURESTE,Avenida Doctor Ignacio Morones Prieto,11,2024-08-04,76.75561101395647,0.8941666666666667,14138,0.53125
SURESTE,Avenida Doctor Ignacio Morones Prieto,12,2024-08-04,74.43986642857801,0.9318749999999999,18663,1.0520833333333333
SURESTE,Avenida Doctor Ignacio Morones Prieto,13,2024-08-04,73.25558027962099,0.9491666666666667,20350,0.763125
SURESTE,Avenida Doctor Ignacio Morones Prieto,14,2024-08-04,73.16652723523138,0.9641666666666667,21762,1.0935416666666666
SURESTE,Avenida Doctor Ignacio Morones Prieto,15,2024-08-04,71.2991253008123,0.9658333333333333,22696,0.9422916666666667
SURESTE,Avenida Doctor Ignacio Morones Prieto,16,2024-08-04,73.2484920198298,0.9497916666666666,22491,0.7997916666666667
SURESTE,Avenida Doctor Ignacio Morones Prieto,17,2024-08-04,72.94840196822685,0.9633333333333334,24238,1.0216666666666667
SURESTE,Avenida Doctor Ignacio Morones Prieto,18,2024-08-04,71.78050305960309,0.9660416666666666,24758,0.8072916666666666
SURESTE,Avenida Doctor Ignacio Morones Prieto,19,2024-08-04,68.35358316250165,1.0402083333333334,23771,1.1166666666666667
SURESTE,Avenida Doctor Ignacio Morones Prieto,20,2024-08-04,64.79790115223024,1.0835416666666666,24722,1.074375
SURESTE,Avenida Doctor Ignacio Morones Prieto,21,2024-08-04,67.04355424149198,1.0435416666666668,21012,0.8762500000000001
SURESTE,Avenida Doctor Ignacio Morones Prieto,22,2024-08-04,69.9977865131589,0.9814583333333333,17064,0.6560416666666667
SURESTE,Avenida Doctor Ignacio Morones Prieto,23,2024-08-04,71.24162043710372,0.9824999999999999,12067,1.1514583333333335
SURESTE,Avenida Eloy Cavazos,0,2024-08-04,47.219073230842355,1.0,38448,1.9659825327510916
SURESTE,Avenida Eloy Cavazos,1,2024-08-04,48.68169231816748,0.9610434782608696,30745,1.4999565217391304
SURESTE,Avenida Eloy Cavazos,2,2024-08-04,50.362908234212036,0.9327631578947367,19694,1.567017543859649
SURESTE,Avenida Eloy Cavazos,3,2024-08-04,51.44276556958604,0.9133480176211455,18469,1.5351982378854625
SURESTE,Avenida Eloy Cavazos,4,2024-08-04,52.27281086615304,0.9046666666666667,11098,1.3638222222222223
SURESTE,Avenida Eloy Cavazos,5,2024-08-04,51.28582790388242,0.9220175438596491,13268,1.5563157894736843
SURESTE,Avenida Eloy Cavazos,6,2024-08-04,53.89202159871312,0.8991228070175439,16823,1.8175
SURESTE,Avenida Eloy Cavazos,7,2024-08-04,51.49082549275527,0.9263478260869565,21757,1.6951739130434782
SURESTE,Avenida Eloy Cavazos,8,2024-08-04,49.069821468874686,0.9751515151515151,25116,2.0420779220779224
SURESTE,Avenida Eloy Cavazos,9,2024-08-04,47.771605058700665,0.9972727272727273,33050,2.1286147186147186
SURESTE,Avenida Eloy Cavazos,10,2024-08-04,46.91405095806986,1.056839826839827,34886,2.3860606060606058
SURESTE,Avenida Eloy Cavazos,11,2024-08-04,45.941060628665205,1.0678354978354978,40379,2.5394805194805197
SURESTE,Avenida Eloy Cavazos,12,2024-08-04,44.95515557876294,1.0943722943722944,45965,2.9747186147186144
SURESTE,Avenida Eloy Cavazos,13,2024-08-04,44.850300949522946,1.1006008583690987,51973,2.426394849785408
SURESTE,Avenida Eloy Cavazos,14,2024-08-04,43.31994561337197,1.1533905579399142,51994,3.113648068669528
SURESTE,Avenida Eloy Cavazos,15,2024-08-04,43.563001534813935,1.132618025751073,55497,2.746995708154506
SURESTE,Avenida Eloy Cavazos,16,2024-08-04,43.388162736489754,1.1588461538461539,56675,2.8778205128205125
SURESTE,Avenida Eloy Cavazos,17,2024-08-04,44.10919249159854,1.1252136752136752,54253,2.850940170940171
SURESTE,Avenida Eloy Cavazos,18,2024-08-04,43.62671168338725,1.1458119658119659,53272,2.6694871794871795
SURESTE,Avenida Eloy Cavazos,19,2024-08-04,43.071205572980084,1.1538888888888887,53235,2.6305555555555555
SURESTE,Avenida Eloy Cavazos,20,2024-08-04,41.725235801115886,1.205213675213675,53195,3.0203846153846152
SURESTE,Avenida Eloy Cavazos,21,2024-08-04,42.323041449704306,1.163888888888889,55792,2.7403846153846154
SURESTE,Avenida Eloy Cavazos,22,2024-08-04,44.92786545406556,1.1031034482758622,40321,2.363448275862069
SURESTE,Avenida Eloy Cavazos,23,2024-08-04,47.987947346608124,1.000608695652174,31686,1.9030434782608696
SURESTE,Avenida Exposición,0,2024-08-04,40.554447534369984,1.0,1126,1.6921428571428572
SURESTE,Avenida Exposición,1,2024-08-04,40.710930829188044,1.0671428571428572,927,1.9942857142857142
SURESTE,Avenida Exposición,2,2024-08-04,40.36047158356508,1.0664285714285715,778,2.3625000000000003
SURESTE,Avenida Exposición,3,2024-08-04,38.70771219302025,1.0978571428571429,560,2.9699999999999998
SURESTE,Avenida Exposición,4,2024-08-04,42.555879031454474,0.974375,222,0.913125
SURESTE,Avenida Exposición,5,2024-08-04,40.74606360894599,1.0114285714285713,275,0.8392857142857143
SURESTE,Avenida Exposición,6,2024-08-04,36.68407720026634,1.258214285714286,490,4.0128571428571425
SURESTE,Avenida Exposición,7,2024-08-04,40.42987642473855,1.02,852,2.1289285714285713
SURESTE,Avenida Exposición,8,2024-08-04,38.819992362226316,1.0982142857142858,782,2.8575000000000004
SURESTE,Avenida Exposición,9,2024-08-04,37.82043789902471,1.1164285714285713,1168,3.5103571428571425
SURESTE,Avenida Exposición,10,2024-08-04,38.358346715757314,1.0639285714285713,1328,2.860357142857143
SURESTE,Avenida Exposición,11,2024-08-04,38.13954114605773,1.0889285714285715,1350,2.7560714285714285
SURESTE,Avenida Exposición,12,2024-08-04,37.032676941757074,1.2249999999999999,1669,3.7989285714285717
SURESTE,Avenida Exposición,13,2024-08-04,36.07191257686734,1.2578571428571428,1641,4.0925
SURESTE,Avenida Exposición,14,2024-08-04,34.28465688770514,1.313214285714286,1930,5.405
SURESTE,Avenida Exposición,15,2024-08-04,34.851365007246095,1.24,1692,4.639642857142857
SURESTE,Avenida Exposición,16,2024-08-04,35.87553072735106,1.1739285714285714,2258,4.275
SURESTE,Avenida Exposición,17,2024-08-04,33.591381066154874,1.2135714285714285,2291,3.692857142857143
SURESTE,Avenida Exposición,18,2024-08-04,33.4107761153108,1.2389285714285714,1878,4.429285714285714
SURESTE,Avenida Exposición,19,2024-08-04,33.10684755787082,1.2503571428571427,1922,3.11
SURESTE,Avenida Exposición,20,2024-08-04,35.138009674513334,1.1867857142857143,1816,2.8275
SURESTE,Avenida Exposición,21,2024-08-04,35.92615447886883,1.1649999999999998,1533,3.5464285714285713
SURESTE,Avenida Exposición,22,2024-08-04,36.03857369472406,1.1714285714285713,1359,3.4810714285714286
SURESTE,Avenida Exposición,23,2024-08-04,38.47268027104304,1.0935714285714286,806,1.8982142857142856
SURESTE,Avenida General Lázaro Cárdenas,0,2024-08-04,35.71488464464877,1.0,8835,2.7030263157894736
SURESTE,Avenida General Lázaro Cárdenas,1,2024-08-04,38.0101804054641,0.9507333333333334,9260,2.2424
SURESTE,Avenida General Lázaro Cárdenas,2,2024-08-04,38.3091879074186,0.9479333333333333,5622,2.2706
SURESTE,Avenida General Lázaro Cárdenas,3,2024-08-04,39.09217035480419,0.9283333333333333,4827,2.194866666666667
SURESTE,Avenida General Lázaro Cárdenas,4,2024-08-04,37.250497311250534,0.9836912751677852,3934,2.9293288590604027
SURESTE,Avenida General Lázaro Cárdenas,5,2024-08-04,38.84925225312274,0.9704477611940298,3257,2.535820895522388
SURESTE,Avenida General Lázaro Cárdenas,6,2024-08-04,39.03651010748782,0.9898630136986302,3881,3.4808904109589043
SURESTE,Avenida General Lázaro Cárdenas,7,2024-08-04,37.38212653333555,1.0417333333333332,4354,3.7432000000000003
SURESTE,Avenida General Lázaro Cárdenas,8,2024-08-04,35.16590630596663,1.0797333333333334,5752,4.526199999999999
SURESTE,Avenida General Lázaro Cárdenas,9,2024-08-04,37.695339879754336,1.0166000000000002,8420,3.6930000000000005
SURESTE,Avenida General Lázaro Cárdenas,10,2024-08-04,37.6148170532234,1.0184666666666666,7920,3.3055999999999996
SURESTE,Avenida General Lázaro Cárdenas,11,2024-08-04,35.540581354861175,1.096578947368421,8055,4.016907894736843
SURESTE,Avenida General Lázaro Cárdenas,12,2024-08-04,33.23394079966691,1.1348026315789475,11095,4.207828947368421
SURESTE,Avenida General Lázaro Cárdenas,13,2024-08-04,33.9685551426766,1.1378947368421053,12209,4.235526315789474
SURESTE,Avenida General Lázaro Cárdenas,14,2024-08-04,33.536658738653756,1.172434210526316,11933,4.52921052631579
SURESTE,Avenida General Lázaro Cárdenas,15,2024-08-04,32.42614641461604,1.1984210526315788,12837,4.845460526315789
SURESTE,Avenida General Lázaro Cárdenas,16,2024-08-04,32.005718486148695,1.2069078947368421,15376,4.918881578947368
SURESTE,Avenida General Lázaro Cárdenas,17,2024-08-04,31.462022546015945,1.1733552631578947,13240,4.622171052631579
SURESTE,Avenida General Lázaro Cárdenas,18,2024-08-04,32.0851317517838,1.1657236842105263,13688,4.309013157894737
SURESTE,Avenida General Lázaro Cárdenas,19,2024-08-04,31.080348783439973,1.1926973684210527,13927,4.731513157894737
SURESTE,Avenida General Lázaro Cárdenas,20,2024-08-04,30.328137199452467,1.2245394736842106,12400,4.374802631578947
SURESTE,Avenida General Lázaro Cárdenas,21,2024-08-04,33.17406360710463,1.1279605263157895,12471,3.9225657894736843
SURESTE,Avenida General Lázaro Cárdenas,22,2024-08-04,34.38605824233927,1.0856578947368423,10155,3.725657894736842
SURESTE,Avenida General Lázaro Cárdenas,23,2024-08-04,36.160892989489135,1.0082,9594,2.724466666666667
SURESTE,Avenida Ignacio Morones Prieto,0,2024-08-04,62.07381152125279,1.0,852,0.51
SURESTE,Avenida Ignacio Morones Prieto,1,2024-08-04,62.66164709172259,0.9866666666666667,742,1.4233333333333336
SURESTE,Avenida Ignacio Morones Prieto,2,2024-08-04,65.16823266219241,0.96,712,0.8166666666666665
SURESTE,Avenida Ignacio Morones Prieto,3,2024-08-04,61.63979306487696,0.9933333333333333,664,1.82
SURESTE,Avenida Ignacio Morones Prieto,4,2024-08-04,70.86651286353468,0.88,535,0.3466666666666667
SURESTE,Avenida Ignacio Morones Prieto,5,2024-08-04,74.90426454138704,0.8366666666666666,425,0.23666666666666666
SURESTE,Avenida Ignacio Morones Prieto,6,2024-08-04,69.74326062639821,0.9,468,1.7733333333333334
SURESTE,Avenida Ignacio Morones Prieto,7,2024-08-04,77.9,0.8033333333333333,513,0.26666666666666666
SURESTE,Avenida Ignacio Morones Prieto,8,2024-08-04,74.43136185682327,0.84,558,0.25333333333333335
SURESTE,Avenida Ignacio Morones Prieto,9,2024-08-04,75.18810123042505,0.8333333333333334,621,0.21333333333333335
SURESTE,Avenida Ignacio Morones Prieto,10,2024-08-04,73.97462248322148,0.8466666666666667,736,0.30333333333333334
SURESTE,Avenida Ignacio Morones Prieto,11,2024-08-04,72.128201901566,0.8666666666666667,612,0.27666666666666667
SURESTE,Avenida Ignacio Morones Prieto,12,2024-08-04,70.12379753914988,0.8933333333333334,693,0.2233333333333333
SURESTE,Avenida Ignacio Morones Prieto,13,2024-08-04,66.75192953020135,0.9366666666666666,789,0.5233333333333333
SURESTE,Avenida Ignacio Morones Prieto,14,2024-08-04,65.67073545861298,0.9766666666666667,953,0.56
SURESTE,Avenida Ignacio Morones Prieto,15,2024-08-04,67.25233501118568,0.9333333333333332,1092,0.41333333333333333
SURESTE,Avenida Ignacio Morones Prieto,16,2024-08-04,68.09875559284116,0.9266666666666667,1149,0.47
SURESTE,Avenida Ignacio Morones Prieto,17,2024-08-04,64.49505033557047,0.9700000000000001,1230,1.5566666666666666
SURESTE,Avenida Ignacio Morones Prieto,18,2024-08-04,64.43509507829978,0.96,1310,1.21
SURESTE,Avenida Ignacio Morones Prieto,19,2024-08-04,62.9055788590604,0.9899999999999999,1374,0.3066666666666667
SURESTE,Avenida Ignacio Morones Prieto,20,2024-08-04,61.07421700223714,1.02,1366,0.3233333333333333
SURESTE,Avenida Ignacio Morones Prieto,21,2024-08-04,61.448000559284125,1.02,1136,0.51
SURESTE,Avenida Ignacio Morones Prieto,22,2024-08-04,65.45633389261745,0.9533333333333333,950,0.29
SURESTE,Avenida Ignacio Morones Prieto,23,2024-08-04,68.48494127516778,0.9133333333333334,694,0.22666666666666666
SURESTE,Avenida Las Torres,0,2024-08-04,39.59957735650636,1.0,2583,2.056101694915254
SURESTE,Avenida Las Torres,1,2024-08-04,40.63573548333128,0.9733898305084746,1914,1.6484745762711865
SURESTE,Avenida Las Torres,2,2024-08-04,40.211870267169644,1.0357627118644068,1623,3.1437288135593224
SURESTE,Avenida Las Torres,3,2024-08-04,39.90882253355057,1.0264406779661017,945,1.8859322033898305
SURESTE,Avenida Las Torres,4,2024-08-04,40.54056911877467,1.0162745098039216,676,2.7447058823529416
SURESTE,Avenida Las Torres,5,2024-08-04,41.147011441205514,0.9695454545454545,688,2.2184090909090908
SURESTE,Avenida Las Torres,6,2024-08-04,39.5810521311995,0.9923076923076923,993,2.5300000000000002
SURESTE,Avenida Las Torres,7,2024-08-04,42.32695158919531,0.9823728813559323,1477,2.1983050847457624
SURESTE,Avenida Las Torres,8,2024-08-04,40.50521193918077,1.006779661016949,1425,2.2635593220338985
SURESTE,Avenida Las Torres,9,2024-08-04,41.72856568102964,0.971186440677966,2135,1.9154237288135592
SURESTE,Avenida Las Torres,10,2024-08-04,38.49379737809663,1.0215254237288136,2801,2.727118644067797
SURESTE,Avenida Las Torres,11,2024-08-04,39.95655535594071,0.9922033898305085,2759,2.2077966101694915
SURESTE,Avenida Las Torres,12,2024-08-04,40.20534379120376,0.9879661016949153,3524,1.944915254237288
SURESTE,Avenida Las Torres,13,2024-08-04,37.97137297392039,1.0608474576271187,3329,2.5077966101694917
SURESTE,Avenida Las Torres,14,2024-08-04,37.22207346268907,1.0842372881355933,3682,2.6233898305084744
SURESTE,Avenida Las Torres,15,2024-08-04,37.82519289831461,1.0708474576271187,3868,2.9101694915254237
SURESTE,Avenida Las Torres,16,2024-08-04,38.19120335884066,1.0477966101694915,4648,2.4533898305084745
SURESTE,Avenida Las Torres,17,2024-08-04,36.664804273439586,1.0730508474576272,4691,3.0589830508474574
SURESTE,Avenida Las Torres,18,2024-08-04,36.46704974127527,1.1437288135593222,3721,4.672033898305085
SURESTE,Avenida Las Torres,19,2024-08-04,35.347689402841795,1.2135593220338983,4397,4.470508474576271
SURESTE,Avenida Las Torres,20,2024-08-04,35.70557483100236,1.1294915254237288,3338,2.725084745762712
SURESTE,Avenida Las Torres,21,2024-08-04,36.715864068929534,1.086949152542373,3209,3.1864406779661016
SURESTE,Avenida Las Torres,22,2024-08-04,38.615987555718434,1.0715254237288134,2626,2.463050847457627
SURESTE,Avenida Las Torres,23,2024-08-04,39.50216739231753,1.023728813559322,1804,2.2552542372881357
SURESTE,Avenida Pablo Livas,0,2024-08-04,48.43448079457659,1.0,14367,2.314873417721519
SURESTE,Avenida Pablo Livas,1,2024-08-04,50.998898575466896,0.9514556962025317,11411,2.037025316455696
SURESTE,Avenida Pablo Livas,2,2024-08-04,49.64393089383855,1.0045569620253165,8739,2.183987341772152
SURESTE,Avenida Pablo Livas,3,2024-08-04,49.74384327881565,0.9980379746835443,5365,1.723354430379747
SURESTE,Avenida Pablo Livas,4,2024-08-04,51.151645975194285,0.9422784810126582,3361,1.7397468354430379
SURESTE,Avenida Pablo Livas,5,2024-08-04,48.64678657250933,1.005379746835443,3242,2.3324683544303797
SURESTE,Avenida Pablo Livas,6,2024-08-04,48.99461926538636,1.0245569620253163,5445,2.7206962025316455
SURESTE,Avenida Pablo Livas,7,2024-08-04,50.97705703692906,0.9953164556962025,5669,2.2876582278481012
SURESTE,Avenida Pablo Livas,8,2024-08-04,47.78010507791426,1.0460759493670886,8552,2.9634177215189874
SURESTE,Avenida Pablo Livas,9,2024-08-04,46.45853765567447,1.0651898734177216,13437,3.0464556962025315
SURESTE,Avenida Pablo Livas,10,2024-08-04,45.767650068904786,1.080759493670886,16794,2.912088607594937
SURESTE,Avenida Pablo Livas,11,2024-08-04,43.668383299945454,1.1419620253164557,18238,3.310632911392405
SURESTE,Avenida Pablo Livas,12,2024-08-04,44.73287171387309,1.1199367088607595,20530,3.238544303797468
SURESTE,Avenida Pablo Livas,13,2024-08-04,44.3565546707223,1.1444303797468354,23571,3.556582278481013
SURESTE,Avenida Pablo Livas,14,2024-08-04,43.375443898582986,1.1660759493670887,22842,3.4172784810126577
SURESTE,Avenida Pablo Livas,15,2024-08-04,43.102958472282545,1.1924050632911394,26664,4.008227848101265
SURESTE,Avenida Pablo Livas,16,2024-08-04,44.664667401049876,1.129620253164557,27583,3.2337341772151897
SURESTE,Avenida Pablo Livas,17,2024-08-04,43.88432622845129,1.1882911392405062,25579,3.821139240506329
SURESTE,Avenida Pablo Livas,18,2024-08-04,43.76729795569956,1.1485443037974683,22054,3.1991772151898736
SURESTE,Avenida Pablo Livas,19,2024-08-04,43.41279299560723,1.1704430379746835,23655,3.392848101265823
SURESTE,Avenida Pablo Livas,20,2024-08-04,42.637508246782815,1.1793037974683545,22982,3.3932911392405063
SURESTE,Avenida Pablo Livas,21,2024-08-04,44.24587089783608,1.1210126582278481,21111,3.1261392405063293
SURESTE,Avenida Pablo Livas,22,2024-08-04,46.07898366573441,1.0570253164556962,17139,2.7341772151898733
SURESTE,Avenida Pablo Livas,23,2024-08-04,48.792761015372456,1.0089873417721518,13755,2.267151898734177
SURESTE,Avenida Puesta del Sol,0,2024-08-04,26.18676052174555,1.0,142,4.7749999999999995
SURESTE,Avenida Puesta del Sol,1,2024-08-04,28.918383032184163,0.8916666666666666,99,2.5766666666666667
SURESTE,Avenida Puesta del Sol,7,2024-08-04,35.08710785943909,0.8216666666666667,84,2.686666666666667
SURESTE,Avenida Puesta del Sol,8,2024-08-04,32.808561504637325,0.8066666666666666,78,1.741666666666667
SURESTE,Avenida Puesta del Sol,9,2024-08-04,32.74576358866349,0.7999999999999999,78,2.5349999999999997
SURESTE,Avenida Puesta del Sol,10,2024-08-04,29.653997063509415,0.91,83,2.6785714285714284
SURESTE,Avenida Puesta del Sol,11,2024-08-04,27.00844709631064,0.9285714285714286,123,4.322857142857143
SURESTE,Avenida Puesta del Sol,12,2024-08-04,30.885648683265128,0.8814285714285715,173,2.5542857142857143
SURESTE,Avenida Puesta del Sol,13,2024-08-04,28.466752053981438,0.9042857142857142,133,3.117142857142857
SURESTE,Avenida Puesta del Sol,14,2024-08-04,27.322142388553935,0.9957142857142858,146,3.52
SURESTE,Avenida Puesta del Sol,15,2024-08-04,24.36327200024991,1.1185714285714285,212,6.735714285714286
SURESTE,Avenida Puesta del Sol,16,2024-08-04,28.8007934772422,1.0271428571428571,115,3.532857142857143
SURESTE,Avenida Puesta del Sol,17,2024-08-04,27.383090187747964,1.0114285714285713,147,4.4714285714285715
SURESTE,Avenida Puesta del Sol,18,2024-08-04,27.56171003717472,0.9942857142857143,190,3.4285714285714284
SURESTE,Avenida Puesta del Sol,19,2024-08-04,31.643988004123578,0.8200000000000001,166,2.9585714285714286
SURESTE,Avenida Puesta del Sol,20,2024-08-04,26.353512854956104,0.9942857142857143,173,2.744285714285714
SURESTE,Avenida Puesta del Sol,21,2024-08-04,26.698680855780957,0.96,178,4.041666666666667
SURESTE,Avenida Puesta del Sol,22,2024-08-04,27.740527657687615,1.0016666666666667,124,3.4516666666666667
SURESTE,Avenida Puesta del Sol,23,2024-08-04,28.17299634186897,0.9049999999999999,90,2.638333333333333
SURESTE,Avenida Valparaíso,0,2024-08-04,32.506182924311176,1.0,2217,3.349056603773585
SURESTE,Avenida Valparaíso,1,2024-08-04,32.18795092741347,1.0058490566037737,1671,3.042075471698113
SURESTE,Avenida Valparaíso,2,2024-08-04,34.18460992229166,0.9545283018867925,1474,2.720188679245283
SURESTE,Avenida Valparaíso,3,2024-08-04,35.950342810938935,0.9423255813953489,627,2.1169767441860468
SURESTE,Avenida Valparaíso,4,2024-08-04,34.3277050608623,0.9930188679245283,828,2.389811320754717
SURESTE,Avenida Valparaíso,5,2024-08-04,38.62068341727681,0.8766666666666666,284,1.71375
SURESTE,Avenida Valparaíso,6,2024-08-04,34.24186328772229,0.9171698113207547,1119,2.533584905660377
SURESTE,Avenida Valparaíso,7,2024-08-04,33.35065646671334,1.0556603773584907,1203,3.680566037735849
SURESTE,Avenida Valparaíso,8,2024-08-04,33.370218016448185,0.9611320754716981,1447,3.6866037735849053
SURESTE,Avenida Valparaíso,9,2024-08-04,32.92549115394107,0.9892452830188679,2061,4.799245283018868
SURESTE,Avenida Valparaíso,10,2024-08-04,32.02284363149227,1.028301886792453,2640,3.219433962264151
SURESTE,Avenida Valparaíso,11,2024-08-04,31.509012223257578,1.0672222222222223,3003,3.2779629629629627
SURESTE,Avenida Valparaíso,12,2024-08-04,32.079345534997984,1.010925925925926,3295,3.564814814814815
SURESTE,Avenida Valparaíso,13,2024-08-04,31.327529486802568,1.0766666666666667,3407,3.5972222222222223
SURESTE,Avenida Valparaíso,14,2024-08-04,31.645367465237737,1.0307547169811322,3959,3.752641509433962
SURESTE,Avenida Valparaíso,15,2024-08-04,31.39458399565484,1.080925925925926,4075,3.7562962962962962
SURESTE,Avenida Valparaíso,16,2024-08-04,31.86101712651296,1.0509259259259258,4565,3.6835185185185186
SURESTE,Avenida Valparaíso,17,2024-08-04,30.53705097093426,1.1368518518518518,4412,4.130925925925926
SURESTE,Avenida Valparaíso,18,2024-08-04,29.509827611387824,1.1562264150943395,3534,4.195471698113208
SURESTE,Avenida Valparaíso,19,2024-08-04,29.91430365302492,1.105925925925926,4092,3.636111111111111
SURESTE,Avenida Valparaíso,20,2024-08-04,30.290411103780666,1.1183018867924528,3179,3.8239622641509436
SURESTE,Avenida Valparaíso,21,2024-08-04,30.472349426707794,1.1125925925925926,3202,4.161296296296296
SURESTE,Avenida Valparaíso,22,2024-08-04,31.90171015980427,1.0688888888888888,2427,3.754259259259259
SURESTE,Avenida Valparaíso,23,2024-08-04,32.487970064916425,1.109056603773585,1799,3.685471698113208
SURESTE,Paseo de las Américas,0,2024-08-04,43.56300097509379,1.0,7665,1.8194666666666668
SURESTE,Paseo de las Américas,1,2024-08-04,44.68358529706863,0.9872602739726026,5096,1.636849315068493
SURESTE,Paseo de las Américas,2,2024-08-04,45.1412757596654,0.9976811594202899,3927,1.6385507246376811
SURESTE,Paseo de las Américas,3,2024-08-04,47.14735946609443,0.9408823529411765,2275,1.5757352941176472
SURESTE,Paseo de las Américas,4,2024-08-04,48.55307012016253,0.9475862068965517,1712,1.516551724137931
SURESTE,Paseo de las Américas,5,2024-08-04,48.75073575375405,0.9416666666666667,1128,1.2962962962962963
SURESTE,Paseo de las Américas,6,2024-08-04,47.24912861860267,1.0027941176470587,2526,1.855
SURESTE,Paseo de las Américas,7,2024-08-04,46.52281946310822,0.9914705882352941,3381,1.7591176470588237
SURESTE,Paseo de las Américas,8,2024-08-04,46.09347259873492,0.9722972972972973,5092,1.9432432432432434
SURESTE,Paseo de las Américas,9,2024-08-04,43.65929407218592,1.0456164383561644,8163,2.1153424657534248
SURESTE,Paseo de las Américas,10,2024-08-04,43.499574594674996,1.0526666666666666,10523,2.5914666666666664
SURESTE,Paseo de las Américas,11,2024-08-04,43.21997223461749,1.0541333333333334,11374,2.6065333333333336
SURESTE,Paseo de las Américas,12,2024-08-04,43.50400251210604,1.0148,13526,2.3266666666666667
SURESTE,Paseo de las Américas,13,2024-08-04,41.112934701770044,1.0957333333333334,14838,2.9561333333333333
SURESTE,Paseo de las Américas,14,2024-08-04,41.26098401837804,1.0797333333333334,16262,2.7152
SURESTE,Paseo de las Américas,15,2024-08-04,42.018714198357216,1.0741333333333334,16002,2.8509333333333333
SURESTE,Paseo de las Américas,16,2024-08-04,42.25948700150396,1.0598666666666665,17822,2.9164
SURESTE,Paseo de las Américas,17,2024-08-04,41.839708298826096,1.050921052631579,16058,2.8010526315789472
SURESTE,Paseo de las Américas,18,2024-08-04,41.55881732692085,1.0673333333333332,16040,2.8569333333333335
SURESTE,Paseo de las Américas,19,2024-08-04,41.359523360933444,1.0744,14291,2.8273333333333333
SURESTE,Paseo de las Américas,20,2024-08-04,40.69700100814782,1.0861333333333334,13066,2.4390666666666667
SURESTE,Paseo de las Américas,21,2024-08-04,40.660479283388696,1.076,12716,2.2341333333333333
SURESTE,Paseo de las Américas,22,2024-08-04,43.33142644652685,1.0513333333333332,9580,2.6466666666666665
SURESTE,Paseo de las Américas,23,2024-08-04,43.660617172064406,1.0425,6154,2.110735294117647
SURESTE,,6,2024-08-05,12.3,3.36,11,36.24
SURESTE,,7,2024-08-05,4.9,8.43,11,56.18
SURESTE,,8,2024-08-05,5.9,7.02,14,34.4
SURESTE,,9,2024-08-05,21.773372009647353,3.944,77,21.716
SURESTE,,10,2024-08-05,10.1,4.09,13,47.32
SURESTE,,11,2024-08-05,23.18408513134737,3.404,84,24.244
SURESTE,,12,2024-08-05,4.983052492280548,5.3,31,22.02333333333333
SURESTE,,13,2024-08-05,20.358262173261195,2.504,70,19.174
SURESTE,,14,2024-08-05,27.473596897203574,1.556,61,10.43
SURESTE,,16,2024-08-05,29.125073332898772,1.272,66,8.352
SURESTE,,17,2024-08-05,25.695006844403885,1.1199999999999999,105,7.004
SURESTE,,18,2024-08-05,28.124001042956788,1.1179999999999999,71,7.914
SURESTE,,19,2024-08-05,29.820112769702103,1.042,74,6.536
SURESTE,,20,2024-08-05,29.396603871977057,0.994,67,5.668
SURESTE,,21,2024-08-05,20.5,2.01,11,26.87
SURESTE,Avenida Azteca,0,2024-08-05,37.62242322339153,1.0,3974,2.392878787878788
SURESTE,Avenida Azteca,1,2024-08-05,39.36164964618849,1.0298461538461539,2264,2.2801538461538464
SURESTE,Avenida Azteca,2,2024-08-05,39.75356105348779,0.9850793650793651,1244,1.9438095238095237
SURESTE,Avenida Azteca,3,2024-08-05,36.135256374631815,1.0741269841269843,1162,1.9893650793650794
SURESTE,Avenida Azteca,4,2024-08-05,37.747217050190535,1.1043333333333334,938,2.3248333333333333
SURESTE,Avenida Azteca,5,2024-08-05,36.78692758453309,1.1131818181818183,2641,2.6922727272727274
SURESTE,Avenida Azteca,6,2024-08-05,28.3248910282474,1.3916176470588235,8174,5.413235294117647
SURESTE,Avenida Azteca,7,2024-08-05,23.759051104145083,1.943970588235294,9332,7.571029411764706
SURESTE,Avenida Azteca,8,2024-08-05,21.143808611938148,2.520735294117647,11025,9.02455882352941
SURESTE,Avenida Azteca,9,2024-08-05,21.634166066782218,2.0946376811594205,9292,8.847246376811595
SURESTE,Avenida Azteca,10,2024-08-05,25.716676940833914,1.6120588235294118,8713,5.866029411764706
SURESTE,Avenida Azteca,11,2024-08-05,22.13369031484885,1.9924637681159418,8479,8.37
SURESTE,Avenida Azteca,12,2024-08-05,21.15262186367676,2.137391304347826,7865,8.711014492753623
SURESTE,Avenida Azteca,13,2024-08-05,20.426974716804605,2.339264705882353,8505,9.56014705882353
SURESTE,Avenida Azteca,14,2024-08-05,23.022560615139607,1.8708695652173915,8395,8.505217391304347
SURESTE,Avenida Azteca,15,2024-08-05,17.695412367708386,2.9179411764705883,8884,10.415441176470589
SURESTE,Avenida Azteca,16,2024-08-05,19.896021056949476,2.3372463768115943,10023,9.378840579710145
SURESTE,Avenida Azteca,17,2024-08-05,18.943659791119565,2.239420289855073,10406,8.853188405797102
SURESTE,Avenida Azteca,18,2024-08-05,15.269579222951911,3.139855072463768,10458,10.973623188405796
SURESTE,Avenida Azteca,19,2024-08-05,18.215351143533915,2.302608695652174,10330,9.266666666666666
SURESTE,Avenida Azteca,20,2024-08-05,23.981244193855844,1.522608695652174,8602,7.110869565217391
SURESTE,Avenida Azteca,21,2024-08-05,27.610435174274805,1.3510144927536232,6667,5.674492753623189
SURESTE,Avenida Azteca,22,2024-08-05,33.75010098448552,1.1649253731343283,5139,3.0143283582089553
SURESTE,Avenida Azteca,23,2024-08-05,35.81117803157237,1.0543283582089553,2916,2.47089552238806
SURESTE,Avenida Benito Juárez,0,2024-08-05,46.698455005672514,1.0,17835,2.369787234042553
SURESTE,Avenida Benito Juárez,1,2024-08-05,46.19497351407196,1.0475862068965518,9690,2.1165948275862068
SURESTE,Avenida Benito Juárez,2,2024-08-05,47.68155068843,1.0163362068965518,6575,1.7532327586206897
SURESTE,Avenida Benito Juárez,3,2024-08-05,48.88948082929589,0.9809777777777777,3866,1.4074222222222224
SURESTE,Avenida Benito Juárez,4,2024-08-05,52.04675210824852,0.9369191919191918,2807,1.3294949494949495
SURESTE,Avenida Benito Juárez,5,2024-08-05,40.61365034698209,1.204763948497854,11364,3.19
SURESTE,Avenida Benito Juárez,6,2024-08-05,33.73009693929242,1.6432765957446809,37182,4.836468085106382
SURESTE,Avenida Benito Juárez,7,2024-08-05,27.712355501224128,2.471531914893617,46905,7.235702127659575
SURESTE,Avenida Benito Juárez,8,2024-08-05,27.09877197611644,2.67131914893617,44392,7.742085106382979
SURESTE,Avenida Benito Juárez,9,2024-08-05,30.77665429735992,1.896468085106383,36452,5.607659574468085
SURESTE,Avenida Benito Juárez,10,2024-08-05,32.935680993513934,1.5569620253164558,38827,5.3716033755274255
SURESTE,Avenida Benito Juárez,11,2024-08-05,31.968403491016943,1.593872340425532,35537,5.04804255319149
SURESTE,Avenida Benito Juárez,12,2024-08-05,30.74869532204175,1.6388936170212764,39631,5.238510638297872
SURESTE,Avenida Benito Juárez,13,2024-08-05,31.1644224892033,1.6463829787234041,36486,5.431319148936169
SURESTE,Avenida Benito Juárez,14,2024-08-05,32.42635580152372,1.5418143459915612,34212,5.28042194092827
SURESTE,Avenida Benito Juárez,15,2024-08-05,31.5772664423856,1.6205084745762712,34158,5.030296610169492
SURESTE,Avenida Benito Juárez,16,2024-08-05,32.07420400998587,1.5991101694915253,36085,5.2167796610169495
SURESTE,Avenida Benito Juárez,17,2024-08-05,30.26466920732895,1.7511489361702126,44428,5.800297872340425
SURESTE,Avenida Benito Juárez,18,2024-08-05,27.877160461560578,2.0052742616033754,43678,6.202489451476794
SURESTE,Avenida Benito Juárez,19,2024-08-05,28.841141334413617,2.0260337552742618,38730,6.486244725738397
SURESTE,Avenida Benito Juárez,20,2024-08-05,33.11961153028699,1.569659574468085,33719,4.5191914893617025
SURESTE,Avenida Benito Juárez,21,2024-08-05,36.05992578415949,1.3699148936170213,31092,3.921744680851064
SURESTE,Avenida Benito Juárez,22,2024-08-05,38.54891966185366,1.2497446808510637,18833,3.4745531914893615
SURESTE,Avenida Benito Juárez,23,2024-08-05,44.04947056495375,1.1127155172413792,16249,2.6719827586206897
SURESTE,Avenida Chapultepec,0,2024-08-05,53.41781882818829,1.0,5227,1.0715714285714286
SURESTE,Avenida Chapultepec,1,2024-08-05,54.424572945729466,0.9822857142857143,3310,0.85
SURESTE,Avenida Chapultepec,2,2024-08-05,53.164816848168485,1.0318571428571428,2011,1.0982857142857143
SURESTE,Avenida Chapultepec,3,2024-08-05,58.77227837278373,0.9169999999999999,1378,0.5862857142857143
SURESTE,Avenida Chapultepec,4,2024-08-05,55.12170911709118,0.9795714285714284,1299,0.9858571428571429
SURESTE,Avenida Chapultepec,5,2024-08-05,50.791400414004144,1.0537142857142858,4286,1.173857142857143
SURESTE,Avenida Chapultepec,6,2024-08-05,40.11170416704167,1.559,13470,2.7585714285714285
SURESTE,Avenida Chapultepec,7,2024-08-05,35.325031500315006,2.069,16306,3.331714285714286
SURESTE,Avenida Chapultepec,8,2024-08-05,30.510153451534517,2.702,13477,4.975285714285714
SURESTE,Avenida Chapultepec,9,2024-08-05,32.11747997479976,2.44,14461,4.634142857142857
SURESTE,Avenida Chapultepec,10,2024-08-05,33.607896678966796,2.313142857142857,14354,4.059857142857143
SURESTE,Avenida Chapultepec,11,2024-08-05,40.90441724417244,1.3375714285714284,13350,2.554142857142857
SURESTE,Avenida Chapultepec,12,2024-08-05,41.67046800468005,1.3011428571428572,14361,2.269857142857143
SURESTE,Avenida Chapultepec,13,2024-08-05,41.758429484294844,1.2814285714285714,15396,2.286
SURESTE,Avenida Chapultepec,14,2024-08-05,42.003946539465396,1.2717142857142856,15042,2.6005714285714285
SURESTE,Avenida Chapultepec,15,2024-08-05,41.59835658356584,1.2914285714285716,16251,2.625714285714286
SURESTE,Avenida Chapultepec,16,2024-08-05,43.00453829538296,1.2428571428571429,14895,2.246714285714286
SURESTE,Avenida Chapultepec,17,2024-08-05,42.21972954729548,1.2952857142857144,19345,2.2142857142857144
SURESTE,Avenida Chapultepec,18,2024-08-05,41.88479569795698,1.3327142857142857,20321,2.3997142857142855
SURESTE,Avenida Chapultepec,19,2024-08-05,41.25843623436235,1.3687142857142858,23669,2.2432857142857143
SURESTE,Avenida Chapultepec,20,2024-08-05,42.938735487354876,1.2575714285714286,16872,2.2627142857142855
SURESTE,Avenida Chapultepec,21,2024-08-05,47.858339483394836,1.122142857142857,11835,1.6632857142857145
SURESTE,Avenida Chapultepec,22,2024-08-05,48.76230807308073,1.119,7979,1.850142857142857
SURESTE,Avenida Chapultepec,23,2024-08-05,50.07250697506976,1.054857142857143,5308,1.1047142857142858
SURESTE,Avenida Constitución,0,2024-08-05,76.8110983724025,1.0,1832,1.3083333333333333
SURESTE,Avenida Constitución,1,2024-08-05,79.86454154439845,0.9789999999999999,1950,1.2429999999999999
SURESTE,Avenida Constitución,2,2024-08-05,79.55241401045268,0.9642857142857143,1190,1.0714285714285714
SURESTE,Avenida Constitución,3,2024-08-05,77.29313133381103,0.995,348,1.2850000000000001
SURESTE,Avenida Constitución,4,2024-08-05,78.69712764868461,0.9766666666666666,536,1.0383333333333333
SURESTE,Avenida Constitución,5,2024-08-05,70.50300186467534,1.0871428571428572,2094,1.762857142857143
SURESTE,Avenida Constitución,6,2024-08-05,20.50803255195004,3.775,3817,15.598333333333334
SURESTE,Avenida Constitución,7,2024-08-05,7.760923328897533,9.955,1511,26.451666666666668
SURESTE,Avenida Constitución,8,2024-08-05,6.0439768655952495,12.9,1186,39.696666666666665
SURESTE,Avenida Constitución,9,2024-08-05,7.244117105128467,10.653333333333334,1274,33.08
SURESTE,Avenida Constitución,10,2024-08-05,14.78167263793633,5.408333333333334,2008,14.271666666666667
SURESTE,Avenida Constitución,11,2024-08-05,21.072491554918617,4.233333333333333,2381,13.604999999999999
SURESTE,Avenida Constitución,12,2024-08-05,22.87861807759238,3.76,3368,11.806666666666667
SURESTE,Avenida Constitución,13,2024-08-05,20.497731599959053,3.9949999999999997,3592,13.418333333333335
SURESTE,Avenida Constitución,14,2024-08-05,30.642783294093558,2.563333333333333,3218,17.79
SURESTE,Avenida Constitución,15,2024-08-05,13.250195516429523,5.961666666666667,1983,17.5
SURESTE,Avenida Constitución,16,2024-08-05,20.412570375678165,3.981666666666667,3388,13.159999999999998
SURESTE,Avenida Constitución,17,2024-08-05,30.21907418469177,2.7622222222222224,3730,18.23888888888889
SURESTE,Avenida Constitución,18,2024-08-05,18.417115364929877,4.328333333333333,3845,12.486666666666666
SURESTE,Avenida Constitución,19,2024-08-05,60.3491460137093,1.2642857142857142,4930,3.057142857142857
SURESTE,Avenida Constitución,20,2024-08-05,67.0227665478994,1.1428571428571428,4089,1.93
SURESTE,Avenida Constitución,21,2024-08-05,69.39818507054709,1.124,2911,1.762
SURESTE,Avenida Constitución,22,2024-08-05,72.24851754181479,1.065,2143,1.4112500000000001
SURESTE,Avenida Constitución,23,2024-08-05,75.49336070524998,1.0142857142857142,1361,1.227142857142857
SURESTE,Avenida Doctor Ignacio Morones Prieto,0,2024-08-05,74.7950831210103,1.0,8817,1.0127083333333333
SURESTE,Avenida Doctor Ignacio Morones Prieto,1,2024-08-05,76.67233756135342,0.9539583333333334,4572,0.6843750000000001
SURESTE,Avenida Doctor Ignacio Morones Prieto,2,2024-08-05,74.87661516616518,0.9597916666666667,2997,0.5
SURESTE,Avenida Doctor Ignacio Morones Prieto,3,2024-08-05,75.87287080207395,0.956875,4366,0.5008333333333334
SURESTE,Avenida Doctor Ignacio Morones Prieto,4,2024-08-05,79.3395689202106,0.9077083333333333,7459,0.49020833333333336
SURESTE,Avenida Doctor Ignacio Morones Prieto,5,2024-08-05,79.16567251336176,0.9220833333333333,8416,0.4575
SURESTE,Avenida Doctor Ignacio Morones Prieto,6,2024-08-05,80.4952251136402,0.9072916666666666,16994,0.5829166666666666
SURESTE,Avenida Doctor Ignacio Morones Prieto,7,2024-08-05,78.0107029249867,0.9570833333333333,21455,0.7435416666666667
SURESTE,Avenida Doctor Ignacio Morones Prieto,8,2024-08-05,78.39199800841506,0.9714583333333334,19567,1.000625
SURESTE,Avenida Doctor Ignacio Morones Prieto,9,2024-08-05,74.90423027393513,1.0158333333333334,17854,0.9272916666666666
SURESTE,Avenida Doctor Ignacio Morones Prieto,10,2024-08-05,71.70218183047555,1.0829166666666667,16209,1.1227083333333334
SURESTE,Avenida Doctor Ignacio Morones Prieto,11,2024-08-05,70.17137619133968,1.105,17319,1.1335416666666667
SURESTE,Avenida Doctor Ignacio Morones Prieto,12,2024-08-05,65.94736714315131,1.2904166666666665,18549,1.5908333333333333
SURESTE,Avenida Doctor Ignacio Morones Prieto,13,2024-08-05,52.24869763253414,2.573958333333333,16441,3.672083333333333
SURESTE,Avenida Doctor Ignacio Morones Prieto,14,2024-08-05,66.43244285718677,1.240625,19435,1.7116666666666667
SURESTE,Avenida Doctor Ignacio Morones Prieto,15,2024-08-05,65.33193942877163,1.2,19119,1.51
SURESTE,Avenida Doctor Ignacio Morones Prieto,16,2024-08-05,64.76735952103611,1.1835416666666667,22025,1.31625
SURESTE,Avenida Doctor Ignacio Morones Prieto,17,2024-08-05,33.78926757005123,2.6833333333333336,21231,5.202708333333333
SURESTE,Avenida Doctor Ignacio Morones Prieto,18,2024-08-05,20.193820247165526,4.37,18931,5.355625
SURESTE,Avenida Doctor Ignacio Morones Prieto,19,2024-08-05,18.60648863290602,4.9475,19100,9.643541666666666
SURESTE,Avenida Doctor Ignacio Morones Prieto,20,2024-08-05,27.114625548223707,3.1810416666666668,19991,7.575625
SURESTE,Avenida Doctor Ignacio Morones Prieto,21,2024-08-05,65.43764187737615,1.1589583333333333,16137,1.3545833333333333
SURESTE,Avenida Doctor Ignacio Morones Prieto,22,2024-08-05,69.56384597180433,1.06875,12042,0.8675
SURESTE,Avenida Doctor Ignacio Morones Prieto,23,2024-08-05,70.16540112917949,1.1533333333333333,7910,1.7022916666666668
SURESTE,Avenida Eloy Cavazos,0,2024-08-05,52.04486924497407,1.0,19123,1.2936238532110091
SURESTE,Avenida Eloy Cavazos,1,2024-08-05,52.90403737203061,0.9944036697247707,9980,1.3298165137614677
SURESTE,Avenida Eloy Cavazos,2,2024-08-05,51.447181394759774,1.0197652582159624,5271,1.5671361502347418
SURESTE,Avenida Eloy Cavazos,3,2024-08-05,54.73376258046885,0.9665656565656565,3947,1.5117171717171718
SURESTE,Avenida Eloy Cavazos,4,2024-08-05,56.874701842073875,0.9474301675977653,3196,1.191340782122905
SURESTE,Avenida Eloy Cavazos,5,2024-08-05,48.49895337165216,1.148372093023256,13377,2.095441860465116
SURESTE,Avenida Eloy Cavazos,6,2024-08-05,42.240131440528515,1.3905194805194805,44369,3.291948051948052
SURESTE,Avenida Eloy Cavazos,7,2024-08-05,34.042071393323155,2.1396969696969697,45611,5.100606060606061
SURESTE,Avenida Eloy Cavazos,8,2024-08-05,31.23597648913014,2.9527705627705627,37635,6.908787878787879
SURESTE,Avenida Eloy Cavazos,9,2024-08-05,37.031062394603715,1.5460683760683762,42420,4.613376068376068
SURESTE,Avenida Eloy Cavazos,10,2024-08-05,41.50308216766246,1.3436637931034483,43090,3.2529741379310346
SURESTE,Avenida Eloy Cavazos,11,2024-08-05,43.28006491693157,1.2555411255411255,42010,2.9488311688311692
SURESTE,Avenida Eloy Cavazos,12,2024-08-05,42.003031742202175,1.3754700854700854,43251,3.0185042735042735
SURESTE,Avenida Eloy Cavazos,13,2024-08-05,41.95457617889674,1.3650000000000002,46581,3.2201754385964914
SURESTE,Avenida Eloy Cavazos,14,2024-08-05,42.07616610944063,1.3155744680851065,48056,3.0191063829787232
SURESTE,Avenida Eloy Cavazos,15,2024-08-05,42.236014614267475,1.3119827586206896,50054,2.9045258620689656
SURESTE,Avenida Eloy Cavazos,16,2024-08-05,42.246537309293174,1.3097008547008548,50419,3.11
SURESTE,Avenida Eloy Cavazos,17,2024-08-05,40.19075669124254,1.463846153846154,55599,3.2163247863247864
SURESTE,Avenida Eloy Cavazos,18,2024-08-05,38.47527635985767,1.6841880341880342,60522,4.064273504273504
SURESTE,Avenida Eloy Cavazos,19,2024-08-05,36.706596948400275,1.9157021276595745,61659,4.4483404255319146
SURESTE,Avenida Eloy Cavazos,20,2024-08-05,39.28599442626319,1.47625,52066,3.217155172413793
SURESTE,Avenida Eloy Cavazos,21,2024-08-05,44.05324014004639,1.227008547008547,40229,2.2472222222222222
SURESTE,Avenida Eloy Cavazos,22,2024-08-05,46.25617611280454,1.176311111111111,28354,2.1113333333333335
SURESTE,Avenida Eloy Cavazos,23,2024-08-05,48.41572494828368,1.075601851851852,17349,1.5586574074074075
SURESTE,Avenida Exposición,0,2024-08-05,41.78672594101288,1.0,754,2.2567857142857144
SURESTE,Avenida Exposición,1,2024-08-05,48.29819104369423,0.9145833333333333,391,0.7475
SURESTE,Avenida Exposición,2,2024-08-05,43.13853354745212,0.9414285714285714,228,0.8778571428571428
SURESTE,Avenida Exposición,3,2024-08-05,25.449707602339185,1.115,24,0.455
SURESTE,Avenida Exposición,4,2024-08-05,29.21812865497076,0.965,20,0.21000000000000002
SURESTE,Avenida Exposición,5,2024-08-05,41.25872860444166,1.0439285714285715,498,2.7032142857142856
SURESTE,Avenida Exposición,6,2024-08-05,35.76924621048921,1.2425,2226,3.294285714285714
SURESTE,Avenida Exposición,7,2024-08-05,30.27679683521993,1.8385714285714285,2890,6.325714285714286
SURESTE,Avenida Exposición,8,2024-08-05,31.504469076808586,1.9475,3447,5.683928571428572
SURESTE,Avenida Exposición,9,2024-08-05,33.20936998159101,1.469642857142857,2262,4.704642857142857
SURESTE,Avenida Exposición,10,2024-08-05,34.270387959735224,1.3232142857142857,2010,3.7782142857142853
SURESTE,Avenida Exposición,11,2024-08-05,33.464574438917396,1.3032142857142859,2198,4.0460714285714285
SURESTE,Avenida Exposición,12,2024-08-05,32.41038345540715,1.7325,1998,5.845714285714286
SURESTE,Avenida Exposición,13,2024-08-05,29.898733892131133,1.6807142857142858,2309,5.986428571428571
SURESTE,Avenida Exposición,14,2024-08-05,33.54802397085895,1.6814285714285713,2390,5.020714285714286
SURESTE,Avenida Exposición,15,2024-08-05,32.7212016763934,1.3807142857142856,2318,4.0910714285714285
SURESTE,Avenida Exposición,16,2024-08-05,34.627661470369354,1.292857142857143,2651,4.027857142857143
SURESTE,Avenida Exposición,17,2024-08-05,30.862661078688653,1.3907142857142856,2777,3.946785714285714
SURESTE,Avenida Exposición,18,2024-08-05,27.55474717010693,2.084285714285714,2789,6.79
SURESTE,Avenida Exposición,19,2024-08-05,29.963775410285532,1.5803571428571428,2512,5.138571428571429
SURESTE,Avenida Exposición,20,2024-08-05,33.869761270612194,1.2592857142857141,1754,2.8167857142857144
SURESTE,Avenida Exposición,21,2024-08-05,34.215218753672005,1.2082142857142857,1309,2.983571428571428
SURESTE,Avenida Exposición,22,2024-08-05,37.15302573342212,1.1253571428571427,1069,2.9425
SURESTE,Avenida Exposición,23,2024-08-05,39.435494105205436,1.0742857142857143,608,1.7757142857142856
SURESTE,Avenida General Lázaro Cárdenas,0,2024-08-05,38.076524926117116,1.0,6253,2.9480666666666666
SURESTE,Avenida General Lázaro Cárdenas,1,2024-08-05,37.695509217603224,1.0512230215827338,2565,2.495251798561151
SURESTE,Avenida General Lázaro Cárdenas,2,2024-08-05,35.17265496375805,1.0822058823529412,911,3.1901470588235297
SURESTE,Avenida General Lázaro Cárdenas,3,2024-08-05,43.81865023560227,1.213859649122807,708,2.738245614035088
SURESTE,Avenida General Lázaro Cárdenas,4,2024-08-05,42.204518547924664,1.0143661971830986,1029,1.7530985915492958
SURESTE,Avenida General Lázaro Cárdenas,5,2024-08-05,37.912714391943226,1.0881294964028776,2861,2.989568345323741
SURESTE,Avenida General Lázaro Cárdenas,6,2024-08-05,33.076279356358434,1.294779411764706,11657,4.660882352941177
SURESTE,Avenida General Lázaro Cárdenas,7,2024-08-05,29.398753187538926,1.6177083333333333,16092,6.838888888888889
SURESTE,Avenida General Lázaro Cárdenas,8,2024-08-05,28.01080011720327,1.732,14321,6.6595
SURESTE,Avenida General Lázaro Cárdenas,9,2024-08-05,29.913552680946072,1.6070666666666666,12907,5.8717999999999995
SURESTE,Avenida General Lázaro Cárdenas,10,2024-08-05,30.668997293667477,1.443421052631579,10889,5.167763157894737
SURESTE,Avenida General Lázaro Cárdenas,11,2024-08-05,29.825196711133543,1.4444078947368422,12209,5.48625
SURESTE,Avenida General Lázaro Cárdenas,12,2024-08-05,27.1692725326593,1.6489473684210525,11298,6.170657894736842
SURESTE,Avenida General Lázaro Cárdenas,13,2024-08-05,27.89766765352311,1.5926315789473684,10840,6.103684210526316
SURESTE,Avenida General Lázaro Cárdenas,14,2024-08-05,26.776908296042194,1.840263157894737,11405,7.114802631578947
SURESTE,Avenida General Lázaro Cárdenas,15,2024-08-05,27.28200998155862,1.8078289473684213,13253,6.391184210526316
SURESTE,Avenida General Lázaro Cárdenas,16,2024-08-05,26.440153758007074,1.9213157894736843,12392,6.966447368421053
SURESTE,Avenida General Lázaro Cárdenas,17,2024-08-05,24.58247018704829,1.9266447368421054,12222,7.470592105263158
SURESTE,Avenida General Lázaro Cárdenas,18,2024-08-05,23.60330378904976,2.2179605263157893,14367,8.06125
SURESTE,Avenida General Lázaro Cárdenas,19,2024-08-05,25.04430887194386,1.825394736842105,12235,6.725723684210527
SURESTE,Avenida General Lázaro Cárdenas,20,2024-08-05,28.75989764204561,1.4191447368421053,10457,4.843355263157895
SURESTE,Avenida General Lázaro Cárdenas,21,2024-08-05,32.38983105354499,1.2470666666666668,10001,4.0758
SURESTE,Avenida General Lázaro Cárdenas,22,2024-08-05,34.22566577766934,1.1588,6358,3.3292
SURESTE,Avenida General Lázaro Cárdenas,23,2024-08-05,38.35872575818903,1.0302,5007,2.3969333333333336
SURESTE,Avenida Ignacio Morones Prieto,0,2024-08-05,70.60543903803132,1.0,523,0.26999999999999996
SURESTE,Avenida Ignacio Morones Prieto,1,2024-08-05,72.63892617449665,0.9733333333333333,265,0.36333333333333334
SURESTE,Avenida Ignacio Morones Prieto,2,2024-08-05,74.31189876957494,0.9499999999999998,171,0.17666666666666667
SURESTE,Avenida Ignacio Morones Prieto,3,2024-08-05,71.82504194630873,0.9833333333333334,248,0.22
SURESTE,Avenida Ignacio Morones Prieto,4,2024-08-05,77.14759507829977,0.92,408,0.16333333333333336
SURESTE,Avenida Ignacio Morones Prieto,5,2024-08-05,73.41347874720357,0.9666666666666667,384,0.21666666666666665
SURESTE,Avenida Ignacio Morones Prieto,6,2024-08-05,75.58087248322148,0.9433333333333334,830,0.32666666666666666
SURESTE,Avenida Ignacio Morones Prieto,7,2024-08-05,72.48197706935122,0.98,1076,0.36000000000000004
SURESTE,Avenida Ignacio Morones Prieto,8,2024-08-05,67.59126118568233,1.05,998,1.2133333333333334
SURESTE,Avenida Ignacio Morones Prieto,9,2024-08-05,71.8567393736018,0.9866666666666667,843,0.25
SURESTE,Avenida Ignacio Morones Prieto,10,2024-08-05,66.85515939597316,1.06,820,0.27666666666666667
SURESTE,Avenida Ignacio Morones Prieto,11,2024-08-05,64.73759787472035,1.11,846,0.49666666666666676
SURESTE,Avenida Ignacio Morones Prieto,12,2024-08-05,63.384941275167776,1.1166666666666667,957,0.4633333333333333
SURESTE,Avenida Ignacio Morones Prieto,13,2024-08-05,29.173140380313203,2.3466666666666667,702,2.716666666666667
SURESTE,Avenida Ignacio Morones Prieto,14,2024-08-05,64.88494127516779,1.09,981,0.35333333333333333
SURESTE,Avenida Ignacio Morones Prieto,15,2024-08-05,59.765296420581656,1.1633333333333333,921,1.5866666666666667
SURESTE,Avenida Ignacio Morones Prieto,16,2024-08-05,63.898350111856814,1.1066666666666667,1090,0.39666666666666667
SURESTE,Avenida Ignacio Morones Prieto,17,2024-08-05,33.08798937360179,2.0833333333333335,1083,2.6666666666666665
SURESTE,Avenida Ignacio Morones Prieto,18,2024-08-05,12.738856263982104,5.593333333333334,1041,3.99
SURESTE,Avenida Ignacio Morones Prieto,19,2024-08-05,11.622217561521254,6.046666666666667,1011,7.146666666666666
SURESTE,Avenida Ignacio Morones Prieto,20,2024-08-05,21.345819351230425,3.2466666666666666,991,4.03
SURESTE,Avenida Ignacio Morones Prieto,21,2024-08-05,57.949552572706935,1.2,883,1.4266666666666667
SURESTE,Avenida Ignacio Morones Prieto,22,2024-08-05,62.074384787472034,1.1166666666666667,669,0.9
SURESTE,Avenida Ignacio Morones Prieto,23,2024-08-05,62.09316275167786,1.1166666666666667,461,0.9366666666666666
SURESTE,Avenida Las Torres,0,2024-08-05,41.35040850226459,1.0,1376,1.9842372881355932
SURESTE,Avenida Las Torres,1,2024-08-05,42.77763972928509,1.07,977,2.4564406779661017
SURESTE,Avenida Las Torres,2,2024-08-05,40.57967931230743,0.9576470588235295,461,1.5741176470588234
SURESTE,Avenida Las Torres,5,2024-08-05,40.29058445495332,0.9815625,545,1.8965625
SURESTE,Avenida Las Torres,6,2024-08-05,34.610478053210855,1.341186440677966,4703,3.6201694915254237
SURESTE,Avenida Las Torres,7,2024-08-05,30.931240962559606,1.7471186440677966,6741,5.20406779661017
SURESTE,Avenida Las Torres,8,2024-08-05,28.29007923071714,1.8644067796610169,7472,5.585084745762711
SURESTE,Avenida Las Torres,9,2024-08-05,35.029493425324354,1.2915254237288136,5310,3.7486440677966106
SURESTE,Avenida Las Torres,10,2024-08-05,35.37446731384367,1.2657627118644068,4253,3.8016949152542376
SURESTE,Avenida Las Torres,11,2024-08-05,34.142685001135284,1.3491525423728812,5210,4.084576271186441
SURESTE,Avenida Las Torres,12,2024-08-05,34.60431247734416,1.2764406779661017,4225,3.2986440677966105
SURESTE,Avenida Las Torres,13,2024-08-05,36.68464979545011,1.1703389830508475,5063,2.3184745762711865
SURESTE,Avenida Las Torres,14,2024-08-05,36.383537617661005,1.1766101694915254,5275,2.754406779661017
SURESTE,Avenida Las Torres,15,2024-08-05,34.50783145248348,1.29,5162,3.205593220338983
SURESTE,Avenida Las Torres,16,2024-08-05,35.11960731201128,1.2274576271186441,5766,2.823050847457627
SURESTE,Avenida Las Torres,17,2024-08-05,33.14013041798287,1.2876271186440678,5890,2.9879661016949153
SURESTE,Avenida Las Torres,18,2024-08-05,31.937645943458985,1.3627118644067797,6837,3.365593220338983
SURESTE,Avenida Las Torres,19,2024-08-05,32.513235393703766,1.3440677966101695,5391,3.0457627118644064
SURESTE,Avenida Las Torres,20,2024-08-05,31.092509928736174,1.5115254237288134,4177,3.9686440677966104
SURESTE,Avenida Las Torres,21,2024-08-05,33.86633670465545,1.3035593220338983,2820,2.5489830508474576
SURESTE,Avenida Las Torres,22,2024-08-05,35.29576758989639,1.1976271186440677,2333,2.591864406779661
SURESTE,Avenida Las Torres,23,2024-08-05,37.78103242922415,1.196949152542373,1139,2.937627118644068
SURESTE,Avenida Pablo Livas,0,2024-08-05,49.44069394704927,1.0,7616,2.0850632911392406
SURESTE,Avenida Pablo Livas,1,2024-08-05,53.030750468507435,0.9662658227848101,3447,1.545253164556962
SURESTE,Avenida Pablo Livas,2,2024-08-05,49.10801245783792,1.0824025974025975,2181,2.0653246753246752
SURESTE,Avenida Pablo Livas,3,2024-08-05,40.971815307023746,1.0483870967741935,341,2.8048387096774197
SURESTE,Avenida Pablo Livas,4,2024-08-05,65.77850819758002,1.0855172413793104,315,1.086551724137931
SURESTE,Avenida Pablo Livas,5,2024-08-05,44.483144437928196,1.0982075471698114,5393,2.6216981132075476
SURESTE,Avenida Pablo Livas,6,2024-08-05,42.95570091266901,1.2470253164556961,35719,3.0015189873417722
SURESTE,Avenida Pablo Livas,7,2024-08-05,35.21812278426417,1.7362025316455696,48956,4.632025316455696
SURESTE,Avenida Pablo Livas,8,2024-08-05,34.90137298601917,1.7098734177215191,43648,4.647341772151899
SURESTE,Avenida Pablo Livas,9,2024-08-05,41.98765469762297,1.2639240506329112,32810,3.5334810126582274
SURESTE,Avenida Pablo Livas,10,2024-08-05,42.66395566048652,1.2503164556962025,26883,3.2642405063291138
SURESTE,Avenida Pablo Livas,11,2024-08-05,42.06086599109423,1.2672151898734176,25321,3.801075949367089
SURESTE,Avenida Pablo Livas,12,2024-08-05,41.35576733778071,1.3034810126582277,26378,3.8617088607594936
SURESTE,Avenida Pablo Livas,13,2024-08-05,41.398474927525996,1.3280379746835445,28584,4.005126582278481
SURESTE,Avenida Pablo Livas,14,2024-08-05,40.807106885819444,1.3241772151898734,26027,4.078797468354431
SURESTE,Avenida Pablo Livas,15,2024-08-05,40.070395139244766,1.370126582278481,31020,4.311392405063291
SURESTE,Avenida Pablo Livas,16,2024-08-05,40.21803366641068,1.4005696202531646,29269,4.720253164556961
SURESTE,Avenida Pablo Livas,17,2024-08-05,40.057416093211565,1.4163291139240506,32427,4.0371518987341775
SURESTE,Avenida Pablo Livas,18,2024-08-05,39.07530263250833,1.5341772151898734,35469,4.724367088607595
SURESTE,Avenida Pablo Livas,19,2024-08-05,38.75241722784865,1.7877215189873417,37196,5.004556962025316
SURESTE,Avenida Pablo Livas,20,2024-08-05,39.48058913964452,1.509493670886076,27378,4.669936708860759
SURESTE,Avenida Pablo Livas,21,2024-08-05,42.20397618915227,1.355253164556962,18050,3.821835443037975
SURESTE,Avenida Pablo Livas,22,2024-08-05,43.88846998321338,1.1903797468354431,13234,3.647848101265823
SURESTE,Avenida Pablo Livas,23,2024-08-05,48.396330538569394,1.0491772151898735,7783,1.7846202531645572
SURESTE,Avenida Puesta del Sol,7,2024-08-05,29.391562275467805,0.9057142857142857,83,2.1928571428571426
SURESTE,Avenida Puesta del Sol,8,2024-08-05,25.306950735684605,1.1014285714285714,374,5.637142857142857
SURESTE,Avenida Puesta del Sol,9,2024-08-05,23.827178157508357,1.0985714285714285,266,5.722857142857143
SURESTE,Avenida Puesta del Sol,10,2024-08-05,27.0089156852332,1.042857142857143,150,4.018571428571429
SURESTE,Avenida Puesta del Sol,11,2024-08-05,26.339242760301143,1.122857142857143,116,5.681428571428571
SURESTE,Avenida Puesta del Sol,12,2024-08-05,25.765236949798503,1.032857142857143,129,3.9214285714285713
SURESTE,Avenida Puesta del Sol,13,2024-08-05,30.881990565743024,0.91,203,2.5300000000000002
SURESTE,Avenida Puesta del Sol,14,2024-08-05,29.170813157976944,0.9685714285714286,163,2.9014285714285717
SURESTE,Avenida Puesta del Sol,15,2024-08-05,29.767236262534748,0.9157142857142857,108,2.9771428571428573
SURESTE,Avenida Puesta del Sol,16,2024-08-05,28.590768798225604,0.9685714285714286,185,2.584285714285714
SURESTE,Avenida Puesta del Sol,17,2024-08-05,26.57967573646559,1.1242857142857143,178,4.368571428571429
SURESTE,Avenida Puesta del Sol,18,2024-08-05,26.607406828902565,1.07,257,3.2214285714285715
SURESTE,Avenida Puesta del Sol,19,2024-08-05,24.865165099497045,1.1871428571428573,193,4.762857142857143
SURESTE,Avenida Puesta del Sol,20,2024-08-05,27.072803098934738,1.0785714285714287,155,3.0799999999999996
SURESTE,Avenida Puesta del Sol,21,2024-08-05,29.0769485489363,1.0257142857142856,182,3.1785714285714284
SURESTE,Avenida Puesta del Sol,22,2024-08-05,31.570199164911507,0.9183333333333333,119,3.6750000000000003
SURESTE,Avenida Puesta del Sol,23,2024-08-05,31.210150389831135,0.915,60,2.6166666666666667
SURESTE,Avenida Valparaíso,0,2024-08-05,36.19682166365335,1.0,1021,2.867358490566038
SURESTE,Avenida Valparaíso,1,2024-08-05,38.50468366329583,0.9397727272727273,733,2.0974999999999997
SURESTE,Avenida Valparaíso,2,2024-08-05,36.589611219936884,1.0347058823529411,188,1.74
SURESTE,Avenida Valparaíso,5,2024-08-05,39.317514550224665,0.9784615384615384,371,2.6361538461538463
SURESTE,Avenida Valparaíso,6,2024-08-05,31.064520580369962,1.1641509433962265,3778,2.9313207547169813
SURESTE,Avenida Valparaíso,7,2024-08-05,25.179210124746305,1.681698113207547,5876,6.1169811320754715
SURESTE,Avenida Valparaíso,8,2024-08-05,20.046168218651008,2.9966037735849054,5030,11.738867924528302
SURESTE,Avenida Valparaíso,9,2024-08-05,20.113746555512925,3.7064814814814815,4542,12.124074074074075
SURESTE,Avenida Valparaíso,10,2024-08-05,21.71827379723312,2.179433962264151,4160,9.94811320754717
SURESTE,Avenida Valparaíso,11,2024-08-05,28.772833274368033,1.260925925925926,4871,3.922777777777778
SURESTE,Avenida Valparaíso,12,2024-08-05,28.07276899388588,1.3705555555555557,3907,5.208148148148148
SURESTE,Avenida Valparaíso,13,2024-08-05,29.278782956204562,1.3266666666666667,5180,4.111111111111111
SURESTE,Avenida Valparaíso,14,2024-08-05,30.50082966668826,1.208888888888889,5293,3.544259259259259
SURESTE,Avenida Valparaíso,15,2024-08-05,29.065750920362806,1.308679245283019,5248,4.567358490566038
SURESTE,Avenida Valparaíso,16,2024-08-05,25.997232451179222,1.5048148148148148,6042,5.747592592592593
SURESTE,Avenida Valparaíso,17,2024-08-05,27.482209255392835,1.4592592592592593,5211,4.312407407407408
SURESTE,Avenida Valparaíso,18,2024-08-05,25.03788113592083,1.857037037037037,6565,6.087037037037037
SURESTE,Avenida Valparaíso,19,2024-08-05,26.341831146634245,1.605740740740741,5341,5.0253703703703705
SURESTE,Avenida Valparaíso,20,2024-08-05,26.587422950623623,1.6403703703703703,4491,4.895370370370371
SURESTE,Avenida Valparaíso,21,2024-08-05,30.733682508825915,1.2143396226415095,2610,3.468679245283019
SURESTE,Avenida Valparaíso,22,2024-08-05,30.461011870288022,1.2766037735849056,1756,4.890377358490566
SURESTE,Avenida Valparaíso,23,2024-08-05,34.62556216414942,1.0358490566037735,1080,2.7050943396226415
SURESTE,Paseo de las Américas,0,2024-08-05,47.54552121420462,1.0,3557,1.3170588235294118
SURESTE,Paseo de las Américas,1,2024-08-05,49.879158634317704,0.9798245614035088,1745,1.309122807017544
SURESTE,Paseo de las Américas,2,2024-08-05,49.015932086751754,0.998125,586,1.6989583333333333
SURESTE,Paseo de las Américas,4,2024-08-05,44.90762265266061,1.045945945945946,398,1.9864864864864864
SURESTE,Paseo de las Américas,5,2024-08-05,48.2891947763828,1.1083076923076924,1673,2.5036923076923077
SURESTE,Paseo de las Américas,6,2024-08-05,39.62971447024386,1.2197058823529412,17054,2.2217647058823533
SURESTE,Paseo de las Américas,7,2024-08-05,30.306144412506445,1.8416438356164384,20681,4.79013698630137
SURESTE,Paseo de las Américas,8,2024-08-05,25.80356157138844,3.2333333333333334,17656,7.678133333333333
SURESTE,Paseo de las Américas,9,2024-08-05,23.543852446824335,3.440666666666667,16251,7.581333333333333
SURESTE,Paseo de las Américas,10,2024-08-05,26.193713124101343,2.3225333333333333,15506,6.722533333333334
SURESTE,Paseo de las Américas,11,2024-08-05,38.63577258329287,1.1273333333333333,16856,2.8185333333333333
SURESTE,Paseo de las Américas,12,2024-08-05,37.98136843670981,1.1461333333333332,15241,2.9506666666666668
SURESTE,Paseo de las Américas,13,2024-08-05,39.60604435330152,1.0798684210526315,17611,2.619078947368421
SURESTE,Paseo de las Américas,14,2024-08-05,39.35270635327523,1.105,18658,3.6136842105263156
SURESTE,Paseo de las Américas,15,2024-08-05,37.668548432412784,1.1750666666666667,21669,3.062533333333333
SURESTE,Paseo de las Américas,16,2024-08-05,37.569055224724266,1.173815789473684,20148,3.210526315789474
SURESTE,Paseo de las Américas,17,2024-08-05,31.886553680114627,1.4932894736842104,18285,4.609473684210526
SURESTE,Paseo de las Américas,18,2024-08-05,29.476759713752127,2.0341333333333336,19967,4.4850666666666665
SURESTE,Paseo de las Américas,19,2024-08-05,30.536110202125375,1.8873333333333335,17087,4.5336
SURESTE,Paseo de las Américas,20,2024-08-05,35.006335795858334,1.3885333333333334,13765,3.506133333333333
SURESTE,Paseo de las Américas,21,2024-08-05,40.981413118588215,1.087027027027027,9561,2.7827027027027027
SURESTE,Paseo de las Américas,22,2024-08-05,45.0155074290516,1.0495588235294118,6533,1.5441176470588236
SURESTE,Paseo de las Américas,23,2024-08-05,46.30508106156096,1.0538235294117646,3779,2.0883823529411765
SURESTE,,6,2024-08-06,24.6,0.6,14,14.42
SURESTE,,7,2024-08-06,3.0,4.83,12,66.49
SURESTE,,8,2024-08-06,19.85205658040545,3.7359999999999998,71,25.276
SURESTE,,9,2024-08-06,24.67013509629204,3.83,74,12.157499999999999
SURESTE,,10,2024-08-06,25.829355974186825,2.92,51,14.879999999999999
SURESTE,,11,2024-08-06,21.222928753014795,3.036,58,16.208000000000002
SURESTE,,12,2024-08-06,23.434641029616998,2.7350000000000003,20,11.905000000000001
SURESTE,,13,2024-08-06,25.07261190190362,2.7266666666666666,40,31.403333333333336
SURESTE,,14,2024-08-06,35.282672223819105,1.94,51,3.7624999999999997
SURESTE,,16,2024-08-06,28.319379440714428,2.636,74,10.83
SURESTE,,17,2024-08-06,32.855772113943026,2.216,83,7.756
SURESTE,,18,2024-08-06,23.99338048367121,2.322,77,9.954
SURESTE,,19,2024-08-06,31.187839775764292,2.074,121,6.606
SURESTE,,20,2024-08-06,29.342526562805553,3.6080000000000005,69,8.562000000000001
SURESTE,,21,2024-08-06,26.70995415848068,1.5150000000000001,20,0.625
SURESTE,Avenida Azteca,0,2024-08-06,38.94539890808826,1.0,2014,2.7004545454545457
SURESTE,Avenida Azteca,1,2024-08-06,37.81151450238212,1.0574603174603174,1242,2.2822222222222224
SURESTE,Avenida Azteca,2,2024-08-06,38.26039369936669,1.0981818181818181,241,1.8477272727272727
SURESTE,Avenida Azteca,3,2024-08-06,45.52003359633495,0.947,342,2.561333333333333
SURESTE,Avenida Azteca,4,2024-08-06,36.69233381490891,1.1536585365853658,469,2.174634146341463
SURESTE,Avenida Azteca,5,2024-08-06,36.24819425458347,1.1244615384615386,1279,2.391384615384615
SURESTE,Avenida Azteca,6,2024-08-06,27.13361149204332,1.4694202898550726,7979,5.5578260869565215
SURESTE,Avenida Azteca,7,2024-08-06,20.499948523882104,2.2833333333333337,11618,9.266666666666666
SURESTE,Avenida Azteca,8,2024-08-06,17.92221318678436,3.7273529411764708,10419,12.149264705882352
SURESTE,Avenida Azteca,9,2024-08-06,17.66083351095275,3.1968115942028987,10066,11.60159420289855
SURESTE,Avenida Azteca,10,2024-08-06,20.518841073934656,2.6160294117647056,9207,9.068823529411764
SURESTE,Avenida Azteca,11,2024-08-06,20.1044185008385,2.612753623188406,9113,9.530000000000001
SURESTE,Avenida Azteca,12,2024-08-06,21.426654687424858,2.4148529411764708,8700,8.522647058823528
SURESTE,Avenida Azteca,13,2024-08-06,19.14496760623987,2.49768115942029,8848,9.304057971014492
SURESTE,Avenida Azteca,14,2024-08-06,22.955325734821557,1.8358823529411765,6348,7.357352941176471
SURESTE,Avenida Azteca,15,2024-08-06,21.621155028327436,1.9289705882352943,7746,7.634999999999999
SURESTE,Avenida Azteca,16,2024-08-06,20.830448254664475,2.0116176470588236,8812,7.925294117647058
SURESTE,Avenida Azteca,17,2024-08-06,19.476934275453534,2.1540579710144927,9828,8.702463768115942
SURESTE,Avenida Azteca,18,2024-08-06,17.65244370804998,2.4389855072463766,9445,9.843913043478262
SURESTE,Avenida Azteca,19,2024-08-06,17.875568951857765,2.395217391304348,11013,9.841304347826087
SURESTE,Avenida Azteca,20,2024-08-06,21.24835980197781,1.8389855072463768,9803,7.77391304347826
SURESTE,Avenida Azteca,21,2024-08-06,27.34503314559139,1.3626470588235293,6947,4.244705882352941
SURESTE,Avenida Azteca,22,2024-08-06,30.168362574556813,1.2529411764705882,5785,4.007352941176471
SURESTE,Avenida Azteca,23,2024-08-06,32.97116250477662,1.1532352941176471,4035,3.398529411764706
SURESTE,Avenida Benito Juárez,0,2024-08-06,45.51443100333527,1.0,9773,2.2656465517241378
SURESTE,Avenida Benito Juárez,1,2024-08-06,46.597467183253336,1.0705194805194804,5176,1.9883982683982684
SURESTE,Avenida Benito Juárez,2,2024-08-06,48.074184143829264,1.0099418604651162,3487,2.143255813953488
SURESTE,Avenida Benito Juárez,3,2024-08-06,53.04376539119377,0.87,1623,1.1605970149253733
SURESTE,Avenida Benito Juárez,4,2024-08-06,50.86909940786775,0.9190322580645162,3026,1.5239170506912443
SURESTE,Avenida Benito Juárez,5,2024-08-06,42.6112341409819,1.207056277056277,10736,3.3613419913419915
SURESTE,Avenida Benito Juárez,6,2024-08-06,33.4003930121767,1.6809361702127659,37502,5.141489361702128
SURESTE,Avenida Benito Juárez,7,2024-08-06,25.829870818122203,2.7702978723404255,43247,7.865872340425532
SURESTE,Avenida Benito Juárez,8,2024-08-06,24.6386283095689,2.975404255319149,42740,8.579234042553193
SURESTE,Avenida Benito Juárez,9,2024-08-06,28.680940913458276,2.1341702127659574,37248,6.943489361702127
SURESTE,Avenida Benito Juárez,10,2024-08-06,30.274580023426214,1.7514830508474577,39919,5.5358898305084745
SURESTE,Avenida Benito Juárez,11,2024-08-06,30.314361041778287,1.6259493670886076,38309,6.035822784810127
SURESTE,Avenida Benito Juárez,12,2024-08-06,30.804857541436064,1.5684255319148936,38769,5.118808510638298
SURESTE,Avenida Benito Juárez,13,2024-08-06,31.445213421672786,1.5228270042194094,41478,4.985569620253164
SURESTE,Avenida Benito Juárez,14,2024-08-06,33.54960893618395,1.4387659574468086,33620,4.5482978723404255
SURESTE,Avenida Benito Juárez,15,2024-08-06,33.27138793419218,1.4631489361702126,33646,4.664297872340425
SURESTE,Avenida Benito Juárez,16,2024-08-06,32.59603714577412,1.5386382978723403,37145,5.483914893617022
SURESTE,Avenida Benito Juárez,17,2024-08-06,29.953526390758334,1.7240506329113925,41065,5.814725738396624
SURESTE,Avenida Benito Juárez,18,2024-08-06,27.022378457021635,2.089662447257384,45187,6.968607594936708
SURESTE,Avenida Benito Juárez,19,2024-08-06,29.40943452730987,1.9029957805907172,40082,6.165822784810127
SURESTE,Avenida Benito Juárez,20,2024-08-06,32.401259860869715,1.5979324894514768,44188,5.41
SURESTE,Avenida Benito Juárez,21,2024-08-06,36.13585272837361,1.3189029535864978,31181,4.309704641350211
SURESTE,Avenida Benito Juárez,22,2024-08-06,38.89160524722415,1.1972151898734178,24684,3.470759493670886
SURESTE,Avenida Benito Juárez,23,2024-08-06,42.615491499937626,1.086068376068376,18240,2.8502136752136753
SURESTE,Avenida Chapultepec,0,2024-08-06,52.33288317883179,1.0,3775,0.9062857142857143
SURESTE,Avenida Chapultepec,1,2024-08-06,54.62904644046441,0.9777142857142856,2182,0.8177142857142857
SURESTE,Avenida Chapultepec,2,2024-08-06,50.69737981181134,0.9811363636363637,848,0.8693181818181818
SURESTE,Avenida Chapultepec,3,2024-08-06,55.60911835803058,0.9496969696969697,496,1.0154545454545454
SURESTE,Avenida Chapultepec,4,2024-08-06,54.86636081360814,0.9528571428571428,1226,0.6958571428571428
SURESTE,Avenida Chapultepec,5,2024-08-06,52.147349473494735,1.0057142857142858,3820,0.9955714285714286
SURESTE,Avenida Chapultepec,6,2024-08-06,40.95225137251373,1.434,13219,2.370857142857143
SURESTE,Avenida Chapultepec,7,2024-08-06,34.599326793267934,2.201571428571429,15671,4.088285714285714
SURESTE,Avenida Chapultepec,8,2024-08-06,31.65022860228602,2.6839999999999997,14517,4.534714285714286
SURESTE,Avenida Chapultepec,9,2024-08-06,28.874846098460985,3.0568571428571425,11791,5.573571428571428
SURESTE,Avenida Chapultepec,10,2024-08-06,31.12661326613266,2.282857142857143,11560,4.281571428571429
SURESTE,Avenida Chapultepec,11,2024-08-06,42.16498109981101,1.2698571428571428,13436,2.229857142857143
SURESTE,Avenida Chapultepec,12,2024-08-06,41.6589519395194,1.2930000000000001,15605,2.253285714285714
SURESTE,Avenida Chapultepec,13,2024-08-06,41.577836378363784,1.2638571428571428,15103,2.499285714285714
SURESTE,Avenida Chapultepec,14,2024-08-06,42.87233642336424,1.2342857142857144,16036,2.189714285714286
SURESTE,Avenida Chapultepec,15,2024-08-06,43.608691836918375,1.2147142857142856,15811,2.086857142857143
SURESTE,Avenida Chapultepec,16,2024-08-06,41.17146611466115,1.2870000000000001,13957,2.371714285714286
SURESTE,Avenida Chapultepec,17,2024-08-06,43.07342498424985,1.2281428571428572,17543,2.083142857142857
SURESTE,Avenida Chapultepec,18,2024-08-06,42.693502835028355,1.2695714285714286,20474,2.142714285714286
SURESTE,Avenida Chapultepec,19,2024-08-06,43.31336153361534,1.2374285714285715,22324,1.7977142857142858
SURESTE,Avenida Chapultepec,20,2024-08-06,43.76910764107641,1.2097142857142857,19297,1.9804285714285714
SURESTE,Avenida Chapultepec,21,2024-08-06,46.176452614526156,1.1311428571428572,14259,1.6355714285714285
SURESTE,Avenida Chapultepec,22,2024-08-06,48.58623481234813,1.0975714285714286,10305,1.6127142857142858
SURESTE,Avenida Chapultepec,23,2024-08-06,51.66306813068131,1.0115714285714286,6430,1.0278571428571428
SURESTE,Avenida Constitución,0,2024-08-06,73.93172290206438,1.0,1490,1.927777777777778
SURESTE,Avenida Constitución,1,2024-08-06,76.20989220559304,0.9755555555555555,1368,1.2966666666666666
SURESTE,Avenida Constitución,2,2024-08-06,81.2008486027229,0.9383333333333334,503,1.0416666666666667
SURESTE,Avenida Constitución,3,2024-08-06,76.97582761797523,0.9883333333333333,237,1.7216666666666667
SURESTE,Avenida Constitución,4,2024-08-06,79.56774593100624,0.945,361,2.023333333333333
SURESTE,Avenida Constitución,5,2024-08-06,72.83649861243643,1.0442857142857143,1835,1.3414285714285714
SURESTE,Avenida Constitución,6,2024-08-06,19.063794341204645,3.9455555555555555,3819,22.779999999999998
SURESTE,Avenida Constitución,7,2024-08-06,7.215612652267376,10.651666666666666,1197,31.955
SURESTE,Avenida Constitución,8,2024-08-06,5.864086395741631,13.116666666666667,999,28.474999999999998
SURESTE,Avenida Constitución,9,2024-08-06,7.936595352646125,9.651666666666667,1244,25.173333333333336
SURESTE,Avenida Constitución,10,2024-08-06,9.114340260006141,8.408333333333333,1344,23.978333333333335
SURESTE,Avenida Constitución,11,2024-08-06,12.155292250998054,6.326666666666667,1763,15.806666666666667
SURESTE,Avenida Constitución,12,2024-08-06,14.889623298188145,5.098333333333334,2233,13.013333333333334
SURESTE,Avenida Constitución,13,2024-08-06,14.81912785341386,5.235,2767,12.091666666666667
SURESTE,Avenida Constitución,14,2024-08-06,20.420155594226635,3.8633333333333333,2740,13.908333333333333
SURESTE,Avenida Constitución,15,2024-08-06,40.62541713583785,2.0,3438,9.328333333333333
SURESTE,Avenida Constitución,16,2024-08-06,41.97232418332174,2.072222222222222,4138,7.581111111111111
SURESTE,Avenida Constitución,17,2024-08-06,55.04773039889959,1.3277777777777777,5077,4.098888888888889
SURESTE,Avenida Constitución,18,2024-08-06,55.48553587880029,1.375,5060,5.951666666666667
SURESTE,Avenida Constitución,19,2024-08-06,9.347353874500971,8.22,2474,18.901666666666667
SURESTE,Avenida Constitución,20,2024-08-06,37.342081038710454,2.099,3341,21.747999999999998
SURESTE,Avenida Constitución,21,2024-08-06,70.30442006845898,1.0814285714285714,2821,1.3
SURESTE,Avenida Constitución,22,2024-08-06,70.23068993538782,1.0533333333333335,2221,1.348888888888889
SURESTE,Avenida Constitución,23,2024-08-06,72.66373131956357,1.017777777777778,1695,1.4344444444444444
SURESTE,Avenida Doctor Ignacio Morones Prieto,0,2024-08-06,72.39606047287849,1.0,5859,0.8172916666666666
SURESTE,Avenida Doctor Ignacio Morones Prieto,1,2024-08-06,75.35042490218798,0.975625,2866,0.8185416666666666
SURESTE,Avenida Doctor Ignacio Morones Prieto,2,2024-08-06,70.50398564756429,1.1025531914893618,1603,1.5061702127659575
SURESTE,Avenida Doctor Ignacio Morones Prieto,3,2024-08-06,75.18536062132533,0.935,2864,0.7170833333333334
SURESTE,Avenida Doctor Ignacio Morones Prieto,4,2024-08-06,78.7241719401664,0.8914583333333334,4863,0.5120833333333333
SURESTE,Avenida Doctor Ignacio Morones Prieto,5,2024-08-06,79.47997473637624,0.890625,6743,0.5660416666666667
SURESTE,Avenida Doctor Ignacio Morones Prieto,6,2024-08-06,56.021348069422714,3.2329166666666667,13437,8.274166666666668
SURESTE,Avenida Doctor Ignacio Morones Prieto,7,2024-08-06,49.62314264727125,3.0116666666666667,18251,9.357708333333333
SURESTE,Avenida Doctor Ignacio Morones Prieto,8,2024-08-06,69.64620415589684,1.0479166666666666,19039,2.764375
SURESTE,Avenida Doctor Ignacio Morones Prieto,9,2024-08-06,54.12748295012739,3.170208333333333,14779,4.5925
SURESTE,Avenida Doctor Ignacio Morones Prieto,10,2024-08-06,62.880091526851054,1.3285416666666667,15317,2.982083333333333
SURESTE,Avenida Doctor Ignacio Morones Prieto,11,2024-08-06,71.32479584717659,1.0014583333333333,16219,0.8247916666666666
SURESTE,Avenida Doctor Ignacio Morones Prieto,12,2024-08-06,67.10160617637206,1.0902083333333332,16232,1.4800000000000002
SURESTE,Avenida Doctor Ignacio Morones Prieto,13,2024-08-06,68.25327889258043,1.0608333333333333,18776,1.194375
SURESTE,Avenida Doctor Ignacio Morones Prieto,14,2024-08-06,54.6540042228977,1.4829166666666669,18361,3.5708333333333333
SURESTE,Avenida Doctor Ignacio Morones Prieto,15,2024-08-06,59.677022703453616,1.34,17880,2.0904166666666666
SURESTE,Avenida Doctor Ignacio Morones Prieto,16,2024-08-06,54.91981534811245,1.2675,21164,3.091666666666667
SURESTE,Avenida Doctor Ignacio Morones Prieto,17,2024-08-06,28.82648193282089,2.6310416666666665,22636,6.208333333333333
SURESTE,Avenida Doctor Ignacio Morones Prieto,18,2024-08-06,21.079630511818888,3.5464583333333333,20109,6.487916666666667
SURESTE,Avenida Doctor Ignacio Morones Prieto,19,2024-08-06,23.8820416204371,3.2414583333333336,23275,5.608125
SURESTE,Avenida Doctor Ignacio Morones Prieto,20,2024-08-06,33.30064419167161,2.16,22055,4.771666666666667
SURESTE,Avenida Doctor Ignacio Morones Prieto,21,2024-08-06,63.223201964538724,1.1235416666666667,19290,1.1054166666666667
SURESTE,Avenida Doctor Ignacio Morones Prieto,22,2024-08-06,47.90870550052402,3.7877083333333332,10289,10.87
SURESTE,Avenida Doctor Ignacio Morones Prieto,23,2024-08-06,52.714633231807575,3.7566666666666664,6709,6.328541666666666
SURESTE,Avenida Eloy Cavazos,0,2024-08-06,50.784035241389454,1.0,12515,1.54646511627907
SURESTE,Avenida Eloy Cavazos,1,2024-08-06,55.116478402994176,0.9124413145539906,5697,1.0746009389671363
SURESTE,Avenida Eloy Cavazos,2,2024-08-06,53.227381495287275,0.9490697674418606,2054,1.1068217054263565
SURESTE,Avenida Eloy Cavazos,3,2024-08-06,53.30955992933172,0.9491411042944786,2003,1.2338650306748467
SURESTE,Avenida Eloy Cavazos,4,2024-08-06,54.77998785938088,0.9604444444444444,3521,1.0242222222222224
SURESTE,Avenida Eloy Cavazos,5,2024-08-06,49.09101600383728,1.15015,11341,2.4204
SURESTE,Avenida Eloy Cavazos,6,2024-08-06,40.64143456090218,1.4133333333333333,41937,3.627099567099567
SURESTE,Avenida Eloy Cavazos,7,2024-08-06,31.18725885674283,2.5567532467532468,43390,6.3619047619047615
SURESTE,Avenida Eloy Cavazos,8,2024-08-06,31.177209786729247,3.374565217391304,36401,7.612391304347826
SURESTE,Avenida Eloy Cavazos,9,2024-08-06,32.61315712336094,2.2467672413793105,37403,5.599094827586207
SURESTE,Avenida Eloy Cavazos,10,2024-08-06,38.202701488645296,1.4427155172413793,40401,3.8231034482758623
SURESTE,Avenida Eloy Cavazos,11,2024-08-06,42.23338745320027,1.296594827586207,40816,2.8698275862068963
SURESTE,Avenida Eloy Cavazos,12,2024-08-06,42.50896346813813,1.3207327586206898,47843,2.9441379310344824
SURESTE,Avenida Eloy Cavazos,13,2024-08-06,41.641435836450434,1.3035470085470087,49591,3.184059829059829
SURESTE,Avenida Eloy Cavazos,14,2024-08-06,43.16891734530641,1.223862660944206,50872,2.6722317596566523
SURESTE,Avenida Eloy Cavazos,15,2024-08-06,42.03994902707961,1.3254310344827587,48480,3.869310344827586
SURESTE,Avenida Eloy Cavazos,16,2024-08-06,41.505105277332675,1.344304347826087,49389,3.1266521739130435
SURESTE,Avenida Eloy Cavazos,17,2024-08-06,39.21132618354857,1.5805701754385966,51446,3.6687280701754386
SURESTE,Avenida Eloy Cavazos,18,2024-08-06,38.4577314044397,1.6498237885462554,56799,3.996079295154185
SURESTE,Avenida Eloy Cavazos,19,2024-08-06,39.47656920537161,1.4275213675213676,59884,3.0884615384615386
SURESTE,Avenida Eloy Cavazos,20,2024-08-06,39.905585518154545,1.3983760683760684,58628,3.213247863247863
SURESTE,Avenida Eloy Cavazos,21,2024-08-06,42.14433098972828,1.2791025641025642,47393,2.6301709401709403
SURESTE,Avenida Eloy Cavazos,22,2024-08-06,46.96047389265763,1.1450900900900902,31733,2.022747747747748
SURESTE,Avenida Eloy Cavazos,23,2024-08-06,49.36730650624914,1.0613181818181818,22129,2.0143636363636364
SURESTE,Avenida Exposición,0,2024-08-06,35.91031069562827,1.0,224,3.1277777777777778
SURESTE,Avenida Exposición,1,2024-08-06,29.77719298245614,0.925,30,0.16999999999999998
SURESTE,Avenida Exposición,2,2024-08-06,33.495321637426905,0.825,24,0.23
SURESTE,Avenida Exposición,5,2024-08-06,26.07251461988304,1.065,22,0.42000000000000004
SURESTE,Avenida Exposición,6,2024-08-06,33.82939759508049,1.42,2222,4.018928571428572
SURESTE,Avenida Exposición,7,2024-08-06,28.5934785163135,1.912857142857143,3319,6.370357142857143
SURESTE,Avenida Exposición,8,2024-08-06,18.855847792879246,3.8742857142857146,3923,12.107142857142858
SURESTE,Avenida Exposición,9,2024-08-06,29.22999784575614,2.7800000000000002,2397,9.028571428571428
SURESTE,Avenida Exposición,10,2024-08-06,30.471370099095214,1.5982142857142858,2086,5.778928571428572
SURESTE,Avenida Exposición,11,2024-08-06,31.816264541146058,1.334642857142857,2386,4.430000000000001
SURESTE,Avenida Exposición,12,2024-08-06,29.550937096079274,1.7625,2114,5.579642857142857
SURESTE,Avenida Exposición,13,2024-08-06,33.097573538051776,1.3082142857142858,2319,3.891785714285714
SURESTE,Avenida Exposición,14,2024-08-06,32.170421252594885,1.4217857142857144,1779,6.473571428571428
SURESTE,Avenida Exposición,15,2024-08-06,32.66687752144452,1.3967857142857143,1784,5.4799999999999995
SURESTE,Avenida Exposición,16,2024-08-06,33.93568113274059,1.247142857142857,2152,3.726785714285714
SURESTE,Avenida Exposición,17,2024-08-06,33.341053033567036,1.4239285714285714,2545,4.401071428571429
SURESTE,Avenida Exposición,18,2024-08-06,28.576853628921704,1.8735714285714287,2447,5.696785714285714
SURESTE,Avenida Exposición,19,2024-08-06,30.177097450158627,1.5796428571428571,2948,5.189642857142857
SURESTE,Avenida Exposición,20,2024-08-06,31.475162547491284,1.355,2281,4.655
SURESTE,Avenida Exposición,21,2024-08-06,34.50743116211664,1.1821428571428572,1486,3.121785714285714
SURESTE,Avenida Exposición,22,2024-08-06,31.33260839763425,1.2842857142857143,1080,4.4799999999999995
SURESTE,Avenida Exposición,23,2024-08-06,38.27993517684384,1.1032142857142857,666,3.0875
SURESTE,Avenida General Lázaro Cárdenas,0,2024-08-06,36.913335953817814,1.0,2947,2.354315068493151
SURESTE,Avenida General Lázaro Cárdenas,1,2024-08-06,37.11885983114926,1.1431132075471697,1752,3.080377358490566
SURESTE,Avenida General Lázaro Cárdenas,4,2024-08-06,40.55200894582804,1.0001754385964912,728,2.4426315789473687
SURESTE,Avenida General Lázaro Cárdenas,5,2024-08-06,35.98669447075622,1.0845454545454547,2481,3.472020202020202
SURESTE,Avenida General Lázaro Cárdenas,6,2024-08-06,32.215382056300705,1.3189333333333333,10532,5.174533333333334
SURESTE,Avenida General Lázaro Cárdenas,7,2024-08-06,28.192676689983987,1.734078947368421,15694,7.181907894736843
SURESTE,Avenida General Lázaro Cárdenas,8,2024-08-06,24.05537658554797,2.3175333333333334,13665,9.8752
SURESTE,Avenida General Lázaro Cárdenas,9,2024-08-06,26.173197175392083,1.9638157894736843,12133,7.971776315789474
SURESTE,Avenida General Lázaro Cárdenas,10,2024-08-06,28.384649918031123,1.5732,12566,5.8663333333333325
SURESTE,Avenida General Lázaro Cárdenas,11,2024-08-06,26.572831111217553,1.8106578947368424,12413,6.923750000000001
SURESTE,Avenida General Lázaro Cárdenas,12,2024-08-06,27.391899035040538,1.7033333333333334,11541,6.245066666666666
SURESTE,Avenida General Lázaro Cárdenas,13,2024-08-06,25.844843874642823,1.7459868421052631,13327,7.154539473684211
SURESTE,Avenida General Lázaro Cárdenas,14,2024-08-06,26.16276535968062,1.6983552631578946,11067,6.984605263157896
SURESTE,Avenida General Lázaro Cárdenas,15,2024-08-06,26.76679925055407,1.6808552631578948,9416,6.588289473684211
SURESTE,Avenida General Lázaro Cárdenas,16,2024-08-06,26.66252383470185,1.8382236842105264,11696,6.591381578947368
SURESTE,Avenida General Lázaro Cárdenas,17,2024-08-06,26.30503702093401,1.724342105263158,11303,6.824473684210526
SURESTE,Avenida General Lázaro Cárdenas,18,2024-08-06,23.935536596284823,2.037171052631579,14474,7.5667763157894745
SURESTE,Avenida General Lázaro Cárdenas,19,2024-08-06,27.21636861391191,1.6173684210526316,14707,6.34796052631579
SURESTE,Avenida General Lázaro Cárdenas,20,2024-08-06,29.550535647502493,1.364013157894737,12732,4.709078947368421
SURESTE,Avenida General Lázaro Cárdenas,21,2024-08-06,30.658416251996588,1.256578947368421,9301,5.165723684210526
SURESTE,Avenida General Lázaro Cárdenas,22,2024-08-06,33.20405305074972,1.1659210526315789,7074,3.9735526315789476
SURESTE,Avenida General Lázaro Cárdenas,23,2024-08-06,35.837351933892606,1.0602666666666667,4977,2.7504666666666666
SURESTE,Avenida Ignacio Morones Prieto,0,2024-08-06,67.72379753914988,1.0,341,0.24333333333333332
SURESTE,Avenida Ignacio Morones Prieto,1,2024-08-06,62.66798098434005,1.0633333333333335,183,0.5466666666666667
SURESTE,Avenida Ignacio Morones Prieto,2,2024-08-06,67.85357941834452,1.0,99,0.43999999999999995
SURESTE,Avenida Ignacio Morones Prieto,3,2024-08-06,76.23095637583893,0.8866666666666667,144,0.21333333333333335
SURESTE,Avenida Ignacio Morones Prieto,4,2024-08-06,75.6432606263982,0.8933333333333334,249,0.22666666666666666
SURESTE,Avenida Ignacio Morones Prieto,5,2024-08-06,76.84168064876957,0.88,330,0.22999999999999998
SURESTE,Avenida Ignacio Morones Prieto,6,2024-08-06,28.997706935123045,2.23,585,5.096666666666667
SURESTE,Avenida Ignacio Morones Prieto,7,2024-08-06,15.807019015659957,4.253333333333333,817,8.453333333333333
SURESTE,Avenida Ignacio Morones Prieto,8,2024-08-06,65.94258948545863,1.0166666666666666,880,1.2833333333333334
SURESTE,Avenida Ignacio Morones Prieto,9,2024-08-06,38.91331096196868,1.6366666666666667,694,2.493333333333333
SURESTE,Avenida Ignacio Morones Prieto,10,2024-08-06,62.9278663310962,1.07,745,0.5366666666666666
SURESTE,Avenida Ignacio Morones Prieto,11,2024-08-06,68.00866890380313,0.9966666666666667,829,0.31
SURESTE,Avenida Ignacio Morones Prieto,12,2024-08-06,64.38776565995526,1.0466666666666666,877,0.4033333333333333
SURESTE,Avenida Ignacio Morones Prieto,13,2024-08-06,65.21912751677853,1.0366666666666668,966,0.39333333333333337
SURESTE,Avenida Ignacio Morones Prieto,14,2024-08-06,60.074217002237134,1.12,899,0.5833333333333334
SURESTE,Avenida Ignacio Morones Prieto,15,2024-08-06,60.55808165548098,1.1466666666666667,928,1.3333333333333333
SURESTE,Avenida Ignacio Morones Prieto,16,2024-08-06,63.16547818791947,1.07,1014,0.33666666666666667
SURESTE,Avenida Ignacio Morones Prieto,17,2024-08-06,36.16905760626398,1.86,1240,2.1833333333333336
SURESTE,Avenida Ignacio Morones Prieto,18,2024-08-06,17.919127516778524,3.73,1200,4.163333333333333
SURESTE,Avenida Ignacio Morones Prieto,19,2024-08-06,22.550013982102907,2.9433333333333334,1429,3.216666666666667
SURESTE,Avenida Ignacio Morones Prieto,20,2024-08-06,39.78123601789709,1.6833333333333333,1248,1.8833333333333335
SURESTE,Avenida Ignacio Morones Prieto,21,2024-08-06,61.328201901566004,1.1033333333333335,1053,0.2833333333333334
SURESTE,Avenida Ignacio Morones Prieto,22,2024-08-06,26.121574384787472,2.4633333333333334,550,6.253333333333334
SURESTE,Avenida Ignacio Morones Prieto,23,2024-08-06,55.95942393736018,1.21,334,0.7133333333333333
SURESTE,Avenida Las Torres,0,2024-08-06,39.031188985965436,1.0,530,1.9631111111111113
SURESTE,Avenida Las Torres,6,2024-08-06,34.43139193511765,1.3911864406779662,4583,4.0438983050847455
SURESTE,Avenida Las Torres,7,2024-08-06,27.16066786435574,1.916271186440678,7743,6.539152542372881
SURESTE,Avenida Las Torres,8,2024-08-06,29.679120774062998,1.7742372881355932,9227,5.556949152542373
SURESTE,Avenida Las Torres,9,2024-08-06,33.62296376260263,1.3308474576271185,5377,4.023050847457627
SURESTE,Avenida Las Torres,10,2024-08-06,34.41847282693127,1.2011864406779662,5129,3.276440677966102
SURESTE,Avenida Las Torres,11,2024-08-06,33.92339915311964,1.2410169491525425,5424,3.520338983050847
SURESTE,Avenida Las Torres,12,2024-08-06,32.3475798581097,1.3596610169491525,5380,3.7862711864406777
SURESTE,Avenida Las Torres,13,2024-08-06,34.32039961918268,1.2335593220338983,5031,3.6093220338983047
SURESTE,Avenida Las Torres,14,2024-08-06,35.901110982755675,1.1650847457627118,3987,3.8572881355932207
SURESTE,Avenida Las Torres,15,2024-08-06,36.42604575384701,1.1461016949152543,4441,2.94
SURESTE,Avenida Las Torres,16,2024-08-06,35.16709196579018,1.181186440677966,5304,3.309661016949153
SURESTE,Avenida Las Torres,17,2024-08-06,34.25919956660121,1.2384745762711866,5630,3.3289830508474574
SURESTE,Avenida Las Torres,18,2024-08-06,34.49087751305574,1.2059322033898305,6048,3.2716949152542374
SURESTE,Avenida Las Torres,19,2024-08-06,34.43313190380778,1.2161016949152543,6613,2.7481355932203386
SURESTE,Avenida Las Torres,20,2024-08-06,35.16776118451715,1.176271186440678,4938,2.4608474576271187
SURESTE,Avenida Las Torres,21,2024-08-06,37.005119921605804,1.1403389830508475,3154,3.0901694915254234
SURESTE,Avenida Las Torres,22,2024-08-06,37.052217782894296,1.1033898305084744,2133,2.321864406779661
SURESTE,Avenida Las Torres,23,2024-08-06,39.59319986137612,1.0942372881355933,1198,2.8249152542372884
SURESTE,Avenida Pablo Livas,0,2024-08-06,47.141051620727644,1.0,4087,2.1994303797468353
SURESTE,Avenida Pablo Livas,1,2024-08-06,47.394342982927725,0.9661594202898551,2356,1.7644927536231885
SURESTE,Avenida Pablo Livas,2,2024-08-06,55.811623879859816,0.8721518987341773,1070,1.7716455696202533
SURESTE,Avenida Pablo Livas,3,2024-08-06,40.17135750522442,1.0203333333333333,306,2.716
SURESTE,Avenida Pablo Livas,5,2024-08-06,45.977852715495764,1.0312000000000001,5463,2.29152
SURESTE,Avenida Pablo Livas,6,2024-08-06,42.66204285772252,1.2017088607594937,34650,3.1206962025316454
SURESTE,Avenida Pablo Livas,7,2024-08-06,33.15164176726865,1.750886075949367,49843,4.973924050632911
SURESTE,Avenida Pablo Livas,8,2024-08-06,31.86753329896861,1.9254430379746834,42649,5.4285443037974686
SURESTE,Avenida Pablo Livas,9,2024-08-06,41.50308486033444,1.2017088607594937,35112,3.4760126582278486
SURESTE,Avenida Pablo Livas,10,2024-08-06,39.027261046180485,1.2899367088607596,28259,4.715
SURESTE,Avenida Pablo Livas,11,2024-08-06,39.922406302270325,1.305759493670886,27882,4.3972151898734175
SURESTE,Avenida Pablo Livas,12,2024-08-06,40.10840458002649,1.2708860759493672,29791,3.9177848101265824
SURESTE,Avenida Pablo Livas,13,2024-08-06,41.190896754036224,1.2041772151898733,29220,3.5293670886075947
SURESTE,Avenida Pablo Livas,14,2024-08-06,41.29069251936021,1.2332278481012657,28371,4.052784810126583
SURESTE,Avenida Pablo Livas,15,2024-08-06,40.20767690945897,1.3013291139240508,23630,4.163164556962025
SURESTE,Avenida Pablo Livas,16,2024-08-06,39.89900046738031,1.2736075949367087,26461,4.099430379746836
SURESTE,Avenida Pablo Livas,17,2024-08-06,39.376568616990106,1.3473417721518988,33799,4.206518987341772
SURESTE,Avenida Pablo Livas,18,2024-08-06,38.88703988963213,1.4976582278481012,36234,4.779556962025316
SURESTE,Avenida Pablo Livas,19,2024-08-06,39.253131372940935,1.450632911392405,37538,4.724050632911392
SURESTE,Avenida Pablo Livas,20,2024-08-06,39.82668200555747,1.3526582278481012,28405,4.1922151898734175
SURESTE,Avenida Pablo Livas,21,2024-08-06,42.036902004926276,1.2025316455696202,20107,3.5120253164556963
SURESTE,Avenida Pablo Livas,22,2024-08-06,45.12176128738479,1.0795569620253165,12689,2.858860759493671
SURESTE,Avenida Pablo Livas,23,2024-08-06,46.18688299411942,1.025,8418,2.3341772151898734
SURESTE,Avenida Puesta del Sol,6,2024-08-06,26.599999999999998,0.87,14,1.7
SURESTE,Avenida Puesta del Sol,7,2024-08-06,32.44881447002593,0.86,191,2.542857142857143
SURESTE,Avenida Puesta del Sol,8,2024-08-06,27.505576208178436,1.0314285714285714,428,3.6
SURESTE,Avenida Puesta del Sol,9,2024-08-06,24.386298459904406,1.3671428571428572,242,6.28
SURESTE,Avenida Puesta del Sol,10,2024-08-06,29.94598419293368,0.9642857142857143,146,2.3714285714285714
SURESTE,Avenida Puesta del Sol,11,2024-08-06,28.459492049607945,1.0771428571428572,89,3.505714285714286
SURESTE,Avenida Puesta del Sol,12,2024-08-06,26.76205679297741,1.02,172,3.5614285714285714
SURESTE,Avenida Puesta del Sol,13,2024-08-06,30.9044703383212,0.9357142857142857,166,2.5814285714285714
SURESTE,Avenida Puesta del Sol,14,2024-08-06,29.068301521352033,1.0285714285714287,123,2.3757142857142854
SURESTE,Avenida Puesta del Sol,15,2024-08-06,27.688154072037733,1.0371428571428571,96,3.77
SURESTE,Avenida Puesta del Sol,16,2024-08-06,26.083368217175348,1.0985714285714285,209,4.38
SURESTE,Avenida Puesta del Sol,17,2024-08-06,29.278538627346844,0.9957142857142858,199,3.6228571428571428
SURESTE,Avenida Puesta del Sol,18,2024-08-06,27.368957617411226,1.0633333333333332,294,4.211666666666667
SURESTE,Avenida Puesta del Sol,19,2024-08-06,26.06663022086158,1.052857142857143,256,3.567142857142857
SURESTE,Avenida Puesta del Sol,20,2024-08-06,26.342792742859256,1.175,196,3.9166666666666665
SURESTE,Avenida Puesta del Sol,21,2024-08-06,28.298119396457462,1.0114285714285713,151,4.464285714285714
SURESTE,Avenida Puesta del Sol,22,2024-08-06,29.647984332852975,1.0650000000000002,86,3.5316666666666663
SURESTE,Avenida Puesta del Sol,23,2024-08-06,34.426565874730024,0.8899999999999999,20,5.359999999999999
SURESTE,Avenida Valparaíso,0,2024-08-06,36.47635019137679,1.0,389,2.3934285714285717
SURESTE,Avenida Valparaíso,6,2024-08-06,29.129775940129836,1.350188679245283,3960,3.938301886792453
SURESTE,Avenida Valparaíso,7,2024-08-06,22.40238513721086,2.500566037735849,5613,7.423584905660377
SURESTE,Avenida Valparaíso,8,2024-08-06,21.56224991653503,3.166296296296296,5811,9.12574074074074
SURESTE,Avenida Valparaíso,9,2024-08-06,21.56347473378413,3.3053703703703707,4610,9.165185185185186
SURESTE,Avenida Valparaíso,10,2024-08-06,21.80786464224673,2.5348148148148146,4671,9.308703703703705
SURESTE,Avenida Valparaíso,11,2024-08-06,28.56860870128511,1.5012962962962961,4648,4.723333333333334
SURESTE,Avenida Valparaíso,12,2024-08-06,26.497986533241342,1.7724528301886793,4746,5.301320754716982
SURESTE,Avenida Valparaíso,13,2024-08-06,25.316977483216917,1.7849056603773583,5168,6.232452830188679
SURESTE,Avenida Valparaíso,14,2024-08-06,30.25931842756985,1.3518518518518519,4688,4.208888888888889
SURESTE,Avenida Valparaíso,15,2024-08-06,31.604916827404903,1.3845283018867924,4657,3.461320754716981
SURESTE,Avenida Valparaíso,16,2024-08-06,30.07131745090516,1.472962962962963,5504,3.488888888888889
SURESTE,Avenida Valparaíso,17,2024-08-06,26.872259234713454,1.765925925925926,5240,4.8170370370370375
SURESTE,Avenida Valparaíso,18,2024-08-06,26.72896558253564,1.8705555555555557,5473,4.956666666666667
SURESTE,Avenida Valparaíso,19,2024-08-06,26.438738707314524,1.9164814814814815,6830,5.479629629629629
SURESTE,Avenida Valparaíso,20,2024-08-06,28.23268189134107,1.6948148148148148,4878,4.277592592592593
SURESTE,Avenida Valparaíso,21,2024-08-06,31.921912169939656,1.3883333333333334,3437,3.7437037037037038
SURESTE,Avenida Valparaíso,22,2024-08-06,33.15977397601769,1.2766037735849056,2007,3.026226415094339
SURESTE,Avenida Valparaíso,23,2024-08-06,36.235771518359414,1.2462264150943396,1153,2.7043396226415095
SURESTE,Paseo de las Américas,0,2024-08-06,48.547947704896174,1.0,1971,1.7166666666666666
SURESTE,Paseo de las Américas,1,2024-08-06,48.019775333599114,1.0298039215686274,957,1.9768627450980394
SURESTE,Paseo de las Américas,2,2024-08-06,52.559678557854156,0.8473076923076923,301,1.1207692307692307
SURESTE,Paseo de las Américas,5,2024-08-06,51.37278026630668,0.95046875,1665,1.38953125
SURESTE,Paseo de las Américas,6,2024-08-06,37.52206839797077,1.5702941176470588,15911,3.597058823529412
SURESTE,Paseo de las Américas,7,2024-08-06,30.61548515047846,2.4910666666666668,20877,5.129466666666667
SURESTE,Paseo de las Américas,8,2024-08-06,24.539901168459853,3.608,18118,8.245333333333333
SURESTE,Paseo de las Américas,9,2024-08-06,24.856657576809297,3.2676,16596,7.4665333333333335
SURESTE,Paseo de las Américas,10,2024-08-06,28.111813839721027,2.219333333333333,19358,5.1348
SURESTE,Paseo de las Américas,11,2024-08-06,37.75190143289206,1.3194666666666666,17911,2.6634666666666664
SURESTE,Paseo de las Américas,12,2024-08-06,37.775758830566176,1.3217105263157896,18204,2.669736842105263
SURESTE,Paseo de las Américas,13,2024-08-06,38.429127722785296,1.3126315789473686,20658,2.7565789473684212
SURESTE,Paseo de las Américas,14,2024-08-06,39.10850447055713,1.3713333333333333,19884,3.1370666666666667
SURESTE,Paseo de las Américas,15,2024-08-06,39.71465242996674,1.3739473684210526,17701,2.963815789473684
SURESTE,Paseo de las Américas,16,2024-08-06,39.468092617383114,1.3222666666666667,19306,2.392933333333333
SURESTE,Paseo de las Américas,17,2024-08-06,32.11904639132663,1.7484,18621,4.061999999999999
SURESTE,Paseo de las Américas,18,2024-08-06,29.159147375478174,2.20671052631579,16383,4.830921052631578
SURESTE,Paseo de las Américas,19,2024-08-06,33.21650585882625,1.7434666666666665,19417,4.097733333333333
SURESTE,Paseo de las Américas,20,2024-08-06,36.91557886711099,1.398421052631579,16901,3.2892105263157894
SURESTE,Paseo de las Américas,21,2024-08-06,40.69078429809175,1.2195945945945945,11432,2.5889189189189192
SURESTE,Paseo de las Américas,22,2024-08-06,44.04709438577355,1.2586666666666668,7070,2.2169333333333334
SURESTE,Paseo de las Américas,23,2024-08-06,46.54890708390193,1.0504411764705883,4213,1.9507352941176472
SURESTE,,6,2024-08-07,9.3,3.93,15,42.85
SURESTE,,7,2024-08-07,3.7999999999999994,9.54,21,104.69
SURESTE,,8,2024-08-07,1.8,20.93,15,87.38
SURESTE,,9,2024-08-07,23.011071857314356,5.483333333333333,31,42.48
SURESTE,,10,2024-08-07,31.65525534157325,1.23,64,7.022500000000001
SURESTE,,11,2024-08-07,11.599999999999998,3.15,11,34.03
SURESTE,,12,2024-08-07,31.426530612244896,1.125,46,7.16
SURESTE,,13,2024-08-07,27.672295446322426,0.7999999999999999,21,9.78
SURESTE,,14,2024-08-07,32.9912331129635,0.9675,87,6.125
SURESTE,,15,2024-08-07,24.455553744866698,1.512,55,9.08
SURESTE,,16,2024-08-07,22.40292708632749,1.5025,62,8.6525
SURESTE,,17,2024-08-07,24.598761488820806,1.342,114,10.614
SURESTE,,18,2024-08-07,27.93787236816375,1.15,98,8.656
SURESTE,,19,2024-08-07,29.528030085273546,0.9725,106,6.154999999999999
SURESTE,,20,2024-08-07,27.576742016728335,1.085,105,8.076666666666666
SURESTE,,21,2024-08-07,35.0,1.09,10,8.35
SURESTE,Avenida Azteca,0,2024-08-07,37.6053209429874,1.0,1777,2.098939393939394
SURESTE,Avenida Azteca,1,2024-08-07,37.31648188726279,1.0846153846153845,1451,2.356307692307692
SURESTE,Avenida Azteca,2,2024-08-07,41.017068950966326,0.9774576271186441,944,2.1283050847457625
SURESTE,Avenida Azteca,3,2024-08-07,41.06899026664485,0.9216666666666666,345,1.5343333333333333
SURESTE,Avenida Azteca,4,2024-08-07,41.164493332012746,0.9916981132075472,891,1.9324528301886792
SURESTE,Avenida Azteca,5,2024-08-07,39.40656147883483,0.9992424242424243,1673,2.6504545454545454
SURESTE,Avenida Azteca,6,2024-08-07,26.94551453999252,1.4205797101449276,7747,6.1836231884057975
SURESTE,Avenida Azteca,7,2024-08-07,21.53335825365389,2.3580882352941175,10803,8.743088235294117
SURESTE,Avenida Azteca,8,2024-08-07,18.767283116701424,3.049558823529412,11381,11.02235294117647
SURESTE,Avenida Azteca,9,2024-08-07,21.774765039672804,2.142608695652174,10224,9.237246376811594
SURESTE,Avenida Azteca,10,2024-08-07,22.398998155809203,1.9986764705882352,9072,8.124411764705883
SURESTE,Avenida Azteca,11,2024-08-07,20.65593041072312,2.645072463768116,8329,9.60608695652174
SURESTE,Avenida Azteca,12,2024-08-07,19.164875641728557,2.4248529411764705,7795,9.316911764705882
SURESTE,Avenida Azteca,13,2024-08-07,18.83696383055931,3.1245588235294117,7182,9.616176470588234
SURESTE,Avenida Azteca,14,2024-08-07,22.46493798337771,2.0658823529411765,6985,7.623676470588235
SURESTE,Avenida Azteca,15,2024-08-07,20.716136958646178,2.1336231884057972,7407,9.179130434782609
SURESTE,Avenida Azteca,16,2024-08-07,22.6794941766768,1.9191176470588236,9061,7.088382352941176
SURESTE,Avenida Azteca,17,2024-08-07,17.355755472353703,2.6692753623188405,9970,9.70072463768116
SURESTE,Avenida Azteca,18,2024-08-07,16.077967417226,2.787246376811594,9421,10.210724637681158
SURESTE,Avenida Azteca,19,2024-08-07,18.17333856684776,2.333235294117647,11363,9.603970588235295
SURESTE,Avenida Azteca,20,2024-08-07,23.641274999095145,1.588695652173913,9059,6.286231884057971
SURESTE,Avenida Azteca,21,2024-08-07,27.002527039824553,1.3833823529411764,7124,4.751911764705882
SURESTE,Avenida Azteca,22,2024-08-07,31.725365672520443,1.2186567164179105,5354,4.463432835820896
SURESTE,Avenida Azteca,23,2024-08-07,37.651170227139666,1.051969696969697,3882,2.365
SURESTE,Avenida Benito Juárez,0,2024-08-07,44.4386676404446,1.0,10435,2.410172413793103
SURESTE,Avenida Benito Juárez,1,2024-08-07,48.104813985461796,0.9664782608695652,7967,1.800521739130435
SURESTE,Avenida Benito Juárez,2,2024-08-07,46.76957430211517,0.9742920353982301,4585,1.628849557522124
SURESTE,Avenida Benito Juárez,3,2024-08-07,50.399282924779115,0.9190829694323144,3928,1.839170305676856
SURESTE,Avenida Benito Juárez,4,2024-08-07,51.35156691930722,0.8813122171945702,3276,1.3023529411764705
SURESTE,Avenida Benito Juárez,5,2024-08-07,42.466149358431004,1.0996460176991152,9070,2.785442477876106
SURESTE,Avenida Benito Juárez,6,2024-08-07,32.71372681311659,1.6643829787234041,36506,5.448425531914893
SURESTE,Avenida Benito Juárez,7,2024-08-07,26.19875316051931,2.567702127659574,44249,8.179659574468085
SURESTE,Avenida Benito Juárez,8,2024-08-07,25.053093050364566,2.982595744680851,36883,8.292425531914894
SURESTE,Avenida Benito Juárez,9,2024-08-07,27.153255153970594,2.1270212765957446,39685,7.18068085106383
SURESTE,Avenida Benito Juárez,10,2024-08-07,31.706599540878774,1.6168354430379748,36062,4.952025316455695
SURESTE,Avenida Benito Juárez,11,2024-08-07,31.424839928255793,1.5341702127659573,38392,5.0639574468085105
SURESTE,Avenida Benito Juárez,12,2024-08-07,30.692019392862274,1.5232489451476794,39276,5.082447257383966
SURESTE,Avenida Benito Juárez,13,2024-08-07,31.0023442675333,1.5547234042553193,35826,5.012851063829787
SURESTE,Avenida Benito Juárez,14,2024-08-07,32.522563586546966,1.4243881856540084,32100,5.011181434599156
SURESTE,Avenida Benito Juárez,15,2024-08-07,31.878408044614115,1.4762553191489363,29207,4.876297872340426
SURESTE,Avenida Benito Juárez,16,2024-08-07,31.751013203205112,1.5127234042553193,36396,5.078042553191489
SURESTE,Avenida Benito Juárez,17,2024-08-07,30.020499203398835,1.725744680851064,42674,5.69595744680851
SURESTE,Avenida Benito Juárez,18,2024-08-07,27.29266821739869,2.020042194092827,45992,7.0325316455696205
SURESTE,Avenida Benito Juárez,19,2024-08-07,29.706595293789665,1.8329957805907173,47401,6.143839662447257
SURESTE,Avenida Benito Juárez,20,2024-08-07,31.594257826622933,1.5585654008438818,39922,5.369704641350211
SURESTE,Avenida Benito Juárez,21,2024-08-07,36.07398626795415,1.3011489361702127,34558,3.9738297872340427
SURESTE,Avenida Benito Juárez,22,2024-08-07,38.73235151854874,1.1840343347639484,24155,3.2938197424892706
SURESTE,Avenida Benito Juárez,23,2024-08-07,42.32263861472671,1.0505106382978724,15808,2.434255319148936
SURESTE,Avenida Chapultepec,0,2024-08-07,53.962363423634244,1.0,3934,0.7527142857142857
SURESTE,Avenida Chapultepec,1,2024-08-07,52.22318153181532,1.0631428571428572,2118,0.8047142857142857
SURESTE,Avenida Chapultepec,2,2024-08-07,54.4219458194582,1.0005714285714287,1397,0.8241428571428572
SURESTE,Avenida Chapultepec,3,2024-08-07,53.04693395697751,1.0346511627906978,679,0.7439534883720931
SURESTE,Avenida Chapultepec,4,2024-08-07,55.991709117091176,0.9731428571428572,936,0.9245714285714286
SURESTE,Avenida Chapultepec,5,2024-08-07,48.07732104727428,1.1525641025641027,3461,1.3728205128205129
SURESTE,Avenida Chapultepec,6,2024-08-07,40.43488479884799,1.5268571428571427,13625,2.507142857142857
SURESTE,Avenida Chapultepec,7,2024-08-07,34.9919755197552,2.421142857142857,15199,3.5730000000000004
SURESTE,Avenida Chapultepec,8,2024-08-07,30.305873458734588,3.246857142857143,13105,5.4198571428571425
SURESTE,Avenida Chapultepec,9,2024-08-07,30.023456484564846,2.806428571428571,14099,5.167285714285714
SURESTE,Avenida Chapultepec,10,2024-08-07,30.870154351543516,2.661857142857143,11842,4.888000000000001
SURESTE,Avenida Chapultepec,11,2024-08-07,40.80663306633067,1.3705714285714286,15723,2.5155714285714286
SURESTE,Avenida Chapultepec,12,2024-08-07,39.96263612636127,1.4047142857142856,15599,2.6064285714285713
SURESTE,Avenida Chapultepec,13,2024-08-07,41.578684636846376,1.3452857142857144,15299,2.331714285714286
SURESTE,Avenida Chapultepec,14,2024-08-07,43.720061650616515,1.2598571428571428,14898,2.0064285714285712
SURESTE,Avenida Chapultepec,15,2024-08-07,42.93963369633697,1.2905714285714287,15635,2.025142857142857
SURESTE,Avenida Chapultepec,16,2024-08-07,42.89720322203222,1.2962857142857143,15896,2.1568571428571426
SURESTE,Avenida Chapultepec,17,2024-08-07,42.13229457294573,1.3259999999999998,19847,2.539142857142857
SURESTE,Avenida Chapultepec,18,2024-08-07,41.492191521915224,1.3755714285714287,23530,2.288
SURESTE,Avenida Chapultepec,19,2024-08-07,41.1969912699127,1.3892857142857142,23186,2.8521428571428573
SURESTE,Avenida Chapultepec,20,2024-08-07,42.4219656196562,1.342142857142857,18890,2.2337142857142855
SURESTE,Avenida Chapultepec,21,2024-08-07,44.36330438304383,1.2367142857142859,13567,1.932857142857143
SURESTE,Avenida Chapultepec,22,2024-08-07,46.96876383763838,1.171857142857143,9369,1.5991428571428572
SURESTE,Avenida Chapultepec,23,2024-08-07,49.38380568805688,1.138,5546,1.4712857142857143
SURESTE,Avenida Constitución,0,2024-08-07,77.21499093925361,1.0,1086,1.7657142857142856
SURESTE,Avenida Constitución,1,2024-08-07,76.26930494421129,1.01,992,1.2666666666666668
SURESTE,Avenida Constitución,2,2024-08-07,73.85676425427371,1.0433333333333332,364,1.1633333333333333
SURESTE,Avenida Constitución,3,2024-08-07,75.5390080868052,1.0116666666666667,255,1.365
SURESTE,Avenida Constitución,4,2024-08-07,75.43411301054356,1.02,514,1.3566666666666667
SURESTE,Avenida Constitución,5,2024-08-07,72.45407208327133,1.07,1881,1.1428571428571428
SURESTE,Avenida Constitución,6,2024-08-07,19.51526563619613,3.938333333333333,3677,17.69666666666667
SURESTE,Avenida Constitución,7,2024-08-07,6.62271163885761,11.831666666666665,1158,54.71
SURESTE,Avenida Constitución,8,2024-08-07,5.608562800696079,14.198333333333332,1192,45.651666666666664
SURESTE,Avenida Constitución,9,2024-08-07,6.615458081686969,11.79,1082,35.94166666666667
SURESTE,Avenida Constitución,10,2024-08-07,9.798133892926604,7.9316666666666675,1280,20.573333333333334
SURESTE,Avenida Constitución,11,2024-08-07,12.347216705906439,6.348333333333333,1908,14.061666666666667
SURESTE,Avenida Constitución,12,2024-08-07,14.517438837137885,5.3566666666666665,2439,18.761666666666667
SURESTE,Avenida Constitución,13,2024-08-07,15.380411505783602,4.968333333333333,2574,13.121666666666668
SURESTE,Avenida Constitución,14,2024-08-07,16.87904084348449,4.87,2446,10.728333333333333
SURESTE,Avenida Constitución,15,2024-08-07,24.70197870815846,3.2783333333333338,3115,12.943333333333333
SURESTE,Avenida Constitución,16,2024-08-07,23.238778790050155,3.3816666666666664,3781,10.475
SURESTE,Avenida Constitución,17,2024-08-07,20.251410314724595,3.6300000000000003,4082,10.418888888888889
SURESTE,Avenida Constitución,18,2024-08-07,18.928827246900184,4.037142857142857,4821,8.602857142857143
SURESTE,Avenida Constitución,19,2024-08-07,18.49344299608681,4.258571428571429,4149,13.618571428571428
SURESTE,Avenida Constitución,20,2024-08-07,64.8198104675001,1.146,4129,2.1100000000000003
SURESTE,Avenida Constitución,21,2024-08-07,65.09037162841179,1.1099999999999999,3079,3.357
SURESTE,Avenida Constitución,22,2024-08-07,72.56247377469549,1.04375,2476,1.37625
SURESTE,Avenida Constitución,23,2024-08-07,73.51189150621056,0.9960000000000001,2003,1.526
SURESTE,Avenida Doctor Ignacio Morones Prieto,0,2024-08-07,69.41499497493615,1.0,5119,1.369375
SURESTE,Avenida Doctor Ignacio Morones Prieto,1,2024-08-07,73.57625526709674,0.9108333333333333,3301,0.921875
SURESTE,Avenida Doctor Ignacio Morones Prieto,2,2024-08-07,69.88786731372687,0.9639583333333334,1768,0.87
SURESTE,Avenida Doctor Ignacio Morones Prieto,3,2024-08-07,71.13097252657752,1.0262499999999999,2760,2.23
SURESTE,Avenida Doctor Ignacio Morones Prieto,4,2024-08-07,73.86360716601766,0.9397916666666667,5448,1.7874999999999999
SURESTE,Avenida Doctor Ignacio Morones Prieto,5,2024-08-07,75.76646730327721,0.9002083333333334,7246,1.4835416666666668
SURESTE,Avenida Doctor Ignacio Morones Prieto,6,2024-08-07,61.93668696157286,1.6016666666666666,15620,6.708749999999999
SURESTE,Avenida Doctor Ignacio Morones Prieto,7,2024-08-07,77.66996548534125,0.8822916666666667,21472,1.1981249999999999
SURESTE,Avenida Doctor Ignacio Morones Prieto,8,2024-08-07,76.70943390427483,0.881875,20679,1.3550000000000002
SURESTE,Avenida Doctor Ignacio Morones Prieto,9,2024-08-07,74.89614745104788,0.8983333333333333,18066,0.7447916666666666
SURESTE,Avenida Doctor Ignacio Morones Prieto,10,2024-08-07,64.23632368172751,1.133125,15305,2.0347916666666666
SURESTE,Avenida Doctor Ignacio Morones Prieto,11,2024-08-07,67.94618725201234,1.0066666666666666,14956,1.6460416666666668
SURESTE,Avenida Doctor Ignacio Morones Prieto,12,2024-08-07,70.47698520756433,0.9706250000000001,17171,1.1981249999999999
SURESTE,Avenida Doctor Ignacio Morones Prieto,13,2024-08-07,69.06747907760112,0.9766666666666667,19063,1.2141666666666666
SURESTE,Avenida Doctor Ignacio Morones Prieto,14,2024-08-07,69.20551435447139,0.965,19785,0.8977083333333334
SURESTE,Avenida Doctor Ignacio Morones Prieto,15,2024-08-07,67.9463621303812,0.9812500000000001,20693,0.8456250000000001
SURESTE,Avenida Doctor Ignacio Morones Prieto,16,2024-08-07,37.503369405198406,2.1145833333333335,18463,6.608958333333334
SURESTE,Avenida Doctor Ignacio Morones Prieto,17,2024-08-07,21.856843153465753,3.323541666666667,20350,6.604583333333333
SURESTE,Avenida Doctor Ignacio Morones Prieto,18,2024-08-07,24.798211261675203,3.0077083333333334,23074,4.788125
SURESTE,Avenida Doctor Ignacio Morones Prieto,19,2024-08-07,27.21151461878667,2.4566666666666666,24202,4.626875
SURESTE,Avenida Doctor Ignacio Morones Prieto,20,2024-08-07,36.867014067105345,1.8122916666666666,24879,3.69875
SURESTE,Avenida Doctor Ignacio Morones Prieto,21,2024-08-07,53.08966650172574,1.66875,17590,5.097708333333333
SURESTE,Avenida Doctor Ignacio Morones Prieto,22,2024-08-07,58.50635893401031,1.435625,12995,3.057916666666667
SURESTE,Avenida Doctor Ignacio Morones Prieto,23,2024-08-07,70.13693160688325,0.9545833333333333,9945,0.99625
SURESTE,Avenida Eloy Cavazos,0,2024-08-07,51.931175288403544,1.0,14082,1.6548837209302325
SURESTE,Avenida Eloy Cavazos,1,2024-08-07,52.83372142338045,0.9973023255813953,6946,1.3558604651162791
SURESTE,Avenida Eloy Cavazos,2,2024-08-07,53.277249034618855,1.0107619047619048,3949,1.3332857142857144
SURESTE,Avenida Eloy Cavazos,3,2024-08-07,64.40103179312041,1.0075,617,0.6314583333333333
SURESTE,Avenida Eloy Cavazos,4,2024-08-07,59.996170251233295,0.9060483870967742,1798,0.9044354838709678
SURESTE,Avenida Eloy Cavazos,5,2024-08-07,46.66234881653585,1.1761184210526316,12120,2.458486842105263
SURESTE,Avenida Eloy Cavazos,6,2024-08-07,42.365905413314664,1.3974891774891776,42577,3.361948051948052
SURESTE,Avenida Eloy Cavazos,7,2024-08-07,30.3259387589776,2.8746521739130433,39075,7.448782608695653
SURESTE,Avenida Eloy Cavazos,8,2024-08-07,31.061480293484205,3.382207792207792,35534,7.048138528138527
SURESTE,Avenida Eloy Cavazos,9,2024-08-07,33.5361518834326,2.102121212121212,39310,5.4053246753246755
SURESTE,Avenida Eloy Cavazos,10,2024-08-07,39.43536235037055,1.4185836909871246,39366,3.486952789699571
SURESTE,Avenida Eloy Cavazos,11,2024-08-07,43.13983812846437,1.245238095238095,45943,2.7186147186147185
SURESTE,Avenida Eloy Cavazos,12,2024-08-07,42.32668062317984,1.3347008547008548,48383,2.9055555555555554
SURESTE,Avenida Eloy Cavazos,13,2024-08-07,43.00461828239903,1.2589316239316237,42586,2.681282051282051
SURESTE,Avenida Eloy Cavazos,14,2024-08-07,43.75930598805716,1.225744680851064,47145,2.6411489361702127
SURESTE,Avenida Eloy Cavazos,15,2024-08-07,42.4113485173504,1.3145689655172415,47499,3.0667241379310344
SURESTE,Avenida Eloy Cavazos,16,2024-08-07,41.35966171919673,1.3516239316239318,48884,3.1678205128205126
SURESTE,Avenida Eloy Cavazos,17,2024-08-07,40.64688039635484,1.435213675213675,59982,3.113888888888889
SURESTE,Avenida Eloy Cavazos,18,2024-08-07,38.47693227910625,1.613146551724138,62333,3.7430172413793104
SURESTE,Avenida Eloy Cavazos,19,2024-08-07,38.04792598183478,1.6285106382978722,65038,3.4061702127659577
SURESTE,Avenida Eloy Cavazos,20,2024-08-07,38.895975141638246,1.546695652173913,58837,3.8498695652173915
SURESTE,Avenida Eloy Cavazos,21,2024-08-07,41.70579500794729,1.318421052631579,44874,2.9512719298245615
SURESTE,Avenida Eloy Cavazos,22,2024-08-07,45.070514133914315,1.1782666666666668,32061,2.171511111111111
SURESTE,Avenida Eloy Cavazos,23,2024-08-07,48.70786622654439,1.0858715596330275,18198,1.7483486238532109
SURESTE,Avenida Exposición,0,2024-08-07,39.15979103834554,1.0,375,2.155
SURESTE,Avenida Exposición,1,2024-08-07,34.176330735184685,1.2321428571428572,170,5.851428571428571
SURESTE,Avenida Exposición,5,2024-08-07,29.570859636486887,1.0699999999999998,108,2.782
SURESTE,Avenida Exposición,6,2024-08-07,34.315438094865065,1.2717857142857143,2136,3.52
SURESTE,Avenida Exposición,7,2024-08-07,26.957375347616622,1.825357142857143,3467,6.2282142857142855
SURESTE,Avenida Exposición,8,2024-08-07,9.447937801104539,5.376071428571429,3454,16.97214285714286
SURESTE,Avenida Exposición,9,2024-08-07,23.725120441815832,3.0557142857142856,2682,10.56857142857143
SURESTE,Avenida Exposición,10,2024-08-07,31.44810132779758,1.5642857142857143,1848,4.910357142857143
SURESTE,Avenida Exposición,11,2024-08-07,36.68966844228585,1.2307142857142856,1647,2.8953571428571427
SURESTE,Avenida Exposición,12,2024-08-07,31.035730092828327,1.667142857142857,1901,6.081428571428572
SURESTE,Avenida Exposición,13,2024-08-07,30.02573146371078,2.125,1900,6.673571428571428
SURESTE,Avenida Exposición,14,2024-08-07,33.27517919392111,1.5589285714285714,1951,5.680357142857143
SURESTE,Avenida Exposición,15,2024-08-07,34.24488562923505,1.4367857142857143,2127,4.39
SURESTE,Avenida Exposición,16,2024-08-07,32.10778367474834,1.3832142857142855,2297,4.685357142857143
SURESTE,Avenida Exposición,17,2024-08-07,31.127608593474598,1.5014285714285713,2908,5.001428571428571
SURESTE,Avenida Exposición,18,2024-08-07,28.38571638400376,1.8746428571428573,2708,6.260714285714286
SURESTE,Avenida Exposición,19,2024-08-07,32.230100661940384,1.4057142857142857,2717,4.758571428571429
SURESTE,Avenida Exposición,20,2024-08-07,34.32290254984137,1.207857142857143,2432,3.2064285714285714
SURESTE,Avenida Exposición,21,2024-08-07,34.819801417884136,1.202142857142857,1435,4.2375
SURESTE,Avenida Exposición,22,2024-08-07,36.04205475696213,1.0871428571428572,1032,2.786785714285714
SURESTE,Avenida Exposición,23,2024-08-07,38.04099036465473,1.0285714285714287,626,2.720357142857143
SURESTE,Avenida General Lázaro Cárdenas,0,2024-08-07,37.81498043651432,1.0,3264,2.5107333333333335
SURESTE,Avenida General Lázaro Cárdenas,1,2024-08-07,41.33237678336679,0.9892307692307692,2791,1.8143356643356643
SURESTE,Avenida General Lázaro Cárdenas,2,2024-08-07,35.71427543725552,1.0683333333333331,404,2.572
SURESTE,Avenida General Lázaro Cárdenas,3,2024-08-07,42.27380698621532,0.9584444444444445,496,1.1348888888888888
SURESTE,Avenida General Lázaro Cárdenas,4,2024-08-07,36.03037329937672,1.158,586,1.9907272727272727
SURESTE,Avenida General Lázaro Cárdenas,5,2024-08-07,38.82952982758201,1.0759541984732823,2995,2.800152671755725
SURESTE,Avenida General Lázaro Cárdenas,6,2024-08-07,30.81277140774052,1.5527819548872182,9809,6.538872180451127
SURESTE,Avenida General Lázaro Cárdenas,7,2024-08-07,27.046403542362988,2.0937583892617453,14528,9.254362416107384
SURESTE,Avenida General Lázaro Cárdenas,8,2024-08-07,25.196902916538473,2.5876973684210527,13142,9.135592105263159
SURESTE,Avenida General Lázaro Cárdenas,9,2024-08-07,29.340786864279124,1.589,12336,5.7126
SURESTE,Avenida General Lázaro Cárdenas,10,2024-08-07,28.708814832691907,1.5688815789473685,12045,5.752368421052632
SURESTE,Avenida General Lázaro Cárdenas,11,2024-08-07,28.430143108237733,1.5914666666666666,13979,5.755066666666667
SURESTE,Avenida General Lázaro Cárdenas,12,2024-08-07,27.444950359339792,1.5861184210526316,11760,5.964736842105263
SURESTE,Avenida General Lázaro Cárdenas,13,2024-08-07,26.381877888950093,1.7342763157894738,13167,6.159605263157895
SURESTE,Avenida General Lázaro Cárdenas,14,2024-08-07,27.876407933330746,1.6222,10380,6.1706
SURESTE,Avenida General Lázaro Cárdenas,15,2024-08-07,28.277539787712616,1.7049333333333334,10709,6.4356
SURESTE,Avenida General Lázaro Cárdenas,16,2024-08-07,27.19329869755424,1.7975333333333332,11679,6.7942
SURESTE,Avenida General Lázaro Cárdenas,17,2024-08-07,24.79295506087866,2.0449342105263155,13065,7.334605263157894
SURESTE,Avenida General Lázaro Cárdenas,18,2024-08-07,24.79269216526867,2.259210526315789,14026,7.698092105263157
SURESTE,Avenida General Lázaro Cárdenas,19,2024-08-07,26.542478551071202,1.7349342105263157,15204,6.025592105263158
SURESTE,Avenida General Lázaro Cárdenas,20,2024-08-07,28.942148227435098,1.4402631578947367,13057,4.8823684210526315
SURESTE,Avenida General Lázaro Cárdenas,21,2024-08-07,30.95513530741469,1.3026315789473684,10436,4.751184210526316
SURESTE,Avenida General Lázaro Cárdenas,22,2024-08-07,33.18761299599489,1.1954,6998,3.7672000000000003
SURESTE,Avenida General Lázaro Cárdenas,23,2024-08-07,35.540731232638215,1.1336,5542,3.511133333333333
SURESTE,Avenida Ignacio Morones Prieto,0,2024-08-07,66.3547539149888,1.0,278,0.48333333333333334
SURESTE,Avenida Ignacio Morones Prieto,1,2024-08-07,65.74296700223714,0.9899999999999999,186,0.8366666666666668
SURESTE,Avenida Ignacio Morones Prieto,2,2024-08-07,55.48122203579419,1.1600000000000001,81,1.6199999999999999
SURESTE,Avenida Ignacio Morones Prieto,3,2024-08-07,69.78336129753916,0.9533333333333333,156,0.35000000000000003
SURESTE,Avenida Ignacio Morones Prieto,4,2024-08-07,75.88810123042506,0.88,252,0.20333333333333334
SURESTE,Avenida Ignacio Morones Prieto,5,2024-08-07,76.77620246085012,0.87,363,0.24
SURESTE,Avenida Ignacio Morones Prieto,6,2024-08-07,72.01512863534676,0.9266666666666667,621,0.4166666666666667
SURESTE,Avenida Ignacio Morones Prieto,7,2024-08-07,70.88494127516779,0.94,980,0.83
SURESTE,Avenida Ignacio Morones Prieto,8,2024-08-07,71.28968120805371,0.9366666666666666,1042,0.48333333333333334
SURESTE,Avenida Ignacio Morones Prieto,9,2024-08-07,66.95673937360179,0.9966666666666667,888,0.36333333333333334
SURESTE,Avenida Ignacio Morones Prieto,10,2024-08-07,64.73253635346757,1.0266666666666666,762,0.38000000000000006
SURESTE,Avenida Ignacio Morones Prieto,11,2024-08-07,66.06154921700224,1.0133333333333334,768,0.36999999999999994
SURESTE,Avenida Ignacio Morones Prieto,12,2024-08-07,61.57739093959731,1.0733333333333335,882,1.2133333333333332
SURESTE,Avenida Ignacio Morones Prieto,13,2024-08-07,64.31788310961969,1.0366666666666668,970,0.42333333333333334
SURESTE,Avenida Ignacio Morones Prieto,14,2024-08-07,65.52544742729309,1.0166666666666666,996,0.37000000000000005
SURESTE,Avenida Ignacio Morones Prieto,15,2024-08-07,65.80164988814317,1.0133333333333334,1048,0.3433333333333333
SURESTE,Avenida Ignacio Morones Prieto,16,2024-08-07,26.59236577181208,2.5033333333333334,931,4.51
SURESTE,Avenida Ignacio Morones Prieto,17,2024-08-07,19.280970357941836,3.3333333333333335,1059,4.54
SURESTE,Avenida Ignacio Morones Prieto,18,2024-08-07,23.62279082774049,2.723333333333333,1317,2.61
SURESTE,Avenida Ignacio Morones Prieto,19,2024-08-07,30.831431767337808,2.16,1505,2.21
SURESTE,Avenida Ignacio Morones Prieto,20,2024-08-07,49.188954138702464,1.33,1408,1.5999999999999999
SURESTE,Avenida Ignacio Morones Prieto,21,2024-08-07,40.85830536912752,1.5666666666666667,955,2.7533333333333334
SURESTE,Avenida Ignacio Morones Prieto,22,2024-08-07,59.92346196868009,1.1066666666666667,638,0.45999999999999996
SURESTE,Avenida Ignacio Morones Prieto,23,2024-08-07,62.67895693512305,1.06,604,1.1766666666666667
SURESTE,Avenida Las Torres,0,2024-08-07,38.86217328919358,1.0,273,2.4253846153846155
SURESTE,Avenida Las Torres,1,2024-08-07,41.924786226904864,1.03,51,1.3199999999999998
SURESTE,Avenida Las Torres,6,2024-08-07,35.23330279358984,1.4033898305084744,4567,4.056271186440678
SURESTE,Avenida Las Torres,7,2024-08-07,28.408293133736194,1.931864406779661,8142,6.113050847457627
SURESTE,Avenida Las Torres,8,2024-08-07,25.095399917941037,2.1315254237288137,8623,6.860677966101695
SURESTE,Avenida Las Torres,9,2024-08-07,27.93109038834604,1.8420338983050846,6293,6.432372881355932
SURESTE,Avenida Las Torres,10,2024-08-07,35.40797804325225,1.2077966101694917,4046,2.925423728813559
SURESTE,Avenida Las Torres,11,2024-08-07,32.70930731878314,1.306779661016949,4345,4.388813559322034
SURESTE,Avenida Las Torres,12,2024-08-07,33.43927477403909,1.3120338983050848,4709,3.2698305084745765
SURESTE,Avenida Las Torres,13,2024-08-07,36.553170622891265,1.141864406779661,4016,2.4084745762711863
SURESTE,Avenida Las Torres,14,2024-08-07,35.76816869092053,1.2166101694915255,4220,2.842033898305085
SURESTE,Avenida Las Torres,15,2024-08-07,37.06239986615626,1.1342372881355933,4955,2.6220338983050846
SURESTE,Avenida Las Torres,16,2024-08-07,36.40857117818347,1.1232203389830508,5101,2.5564406779661017
SURESTE,Avenida Las Torres,17,2024-08-07,33.66954736116699,1.2533898305084745,6516,3.7725423728813556
SURESTE,Avenida Las Torres,18,2024-08-07,34.69242667473978,1.2113559322033898,6007,2.679152542372881
SURESTE,Avenida Las Torres,19,2024-08-07,35.95624624062397,1.1928813559322033,6206,2.9089830508474575
SURESTE,Avenida Las Torres,20,2024-08-07,35.502342663888875,1.1986440677966101,5126,2.83135593220339
SURESTE,Avenida Las Torres,21,2024-08-07,36.51733595178439,1.18135593220339,3148,3.2116949152542373
SURESTE,Avenida Las Torres,22,2024-08-07,35.73084739821303,1.171864406779661,2009,3.672881355932203
SURESTE,Avenida Las Torres,23,2024-08-07,41.4911965869845,1.0045762711864408,1378,1.6889830508474577
SURESTE,Avenida Pablo Livas,0,2024-08-07,47.747376283229464,1.0,4642,1.824873417721519
SURESTE,Avenida Pablo Livas,1,2024-08-07,51.178168680710115,0.9636708860759493,2857,1.647721518987342
SURESTE,Avenida Pablo Livas,2,2024-08-07,50.11702165449097,0.9288235294117646,548,1.552156862745098
SURESTE,Avenida Pablo Livas,3,2024-08-07,49.561765305202115,1.0645945945945947,909,2.466891891891892
SURESTE,Avenida Pablo Livas,4,2024-08-07,45.09495820075547,1.0048192771084339,1050,2.058915662650602
SURESTE,Avenida Pablo Livas,5,2024-08-07,46.56684660878319,1.0968,4577,2.1649000000000003
SURESTE,Avenida Pablo Livas,6,2024-08-07,44.37422870977486,1.2134810126582278,33930,3.217088607594937
SURESTE,Avenida Pablo Livas,7,2024-08-07,35.25689370930147,1.8710759493670885,46875,5.259746835443038
SURESTE,Avenida Pablo Livas,8,2024-08-07,31.026563582507652,2.2760759493670886,42776,6.076329113924051
SURESTE,Avenida Pablo Livas,9,2024-08-07,40.329662870015675,1.279873417721519,32861,3.6299367088607593
SURESTE,Avenida Pablo Livas,10,2024-08-07,41.099278340754815,1.259367088607595,24737,3.8247468354430385
SURESTE,Avenida Pablo Livas,11,2024-08-07,41.85127086868117,1.224873417721519,28840,3.6612025316455696
SURESTE,Avenida Pablo Livas,12,2024-08-07,40.469489683819475,1.2929746835443037,27560,4.128481012658227
SURESTE,Avenida Pablo Livas,13,2024-08-07,41.03845277580323,1.2734177215189872,26550,3.7200632911392404
SURESTE,Avenida Pablo Livas,14,2024-08-07,41.54556927973839,1.2632911392405064,26530,3.7336075949367085
SURESTE,Avenida Pablo Livas,15,2024-08-07,42.010284921649934,1.262594936708861,26765,3.654240506329114
SURESTE,Avenida Pablo Livas,16,2024-08-07,41.2085064719399,1.30626582278481,26634,4.082025316455696
SURESTE,Avenida Pablo Livas,17,2024-08-07,39.03121168721287,1.4182911392405064,33836,4.530632911392405
SURESTE,Avenida Pablo Livas,18,2024-08-07,38.186595352346146,1.639873417721519,35314,5.148417721518988
SURESTE,Avenida Pablo Livas,19,2024-08-07,39.59329677447472,1.4251265822784809,37480,4.224303797468354
SURESTE,Avenida Pablo Livas,20,2024-08-07,39.49751371708613,1.3920886075949366,33139,4.071582278481013
SURESTE,Avenida Pablo Livas,21,2024-08-07,42.33164209789138,1.2227215189873417,19071,3.234873417721519
SURESTE,Avenida Pablo Livas,22,2024-08-07,44.97803327567474,1.1432278481012659,12442,3.071835443037975
SURESTE,Avenida Pablo Livas,23,2024-08-07,47.34553726944701,1.0318354430379746,7461,2.2720886075949367
SURESTE,Avenida Puesta del Sol,6,2024-08-07,30.0,0.94,10,1.11
SURESTE,Avenida Puesta del Sol,7,2024-08-07,29.830183374465022,0.9042857142857142,191,2.5385714285714287
SURESTE,Avenida Puesta del Sol,8,2024-08-07,30.586385929836617,0.9042857142857142,345,2.1957142857142857
SURESTE,Avenida Puesta del Sol,9,2024-08-07,25.672596919808814,1.0785714285714285,528,4.2057142857142855
SURESTE,Avenida Puesta del Sol,10,2024-08-07,27.35854237605823,1.1942857142857142,99,4.937142857142858
SURESTE,Avenida Puesta del Sol,11,2024-08-07,22.8,1.23,26,2.0
SURESTE,Avenida Puesta del Sol,12,2024-08-07,28.681765643060196,1.0042857142857142,158,3.2742857142857145
SURESTE,Avenida Puesta del Sol,13,2024-08-07,28.035225391271748,1.0185714285714285,109,3.3357142857142854
SURESTE,Avenida Puesta del Sol,14,2024-08-07,24.405897972571925,1.1985714285714286,119,4.8185714285714285
SURESTE,Avenida Puesta del Sol,15,2024-08-07,30.484752116459966,1.012857142857143,150,2.7114285714285713
SURESTE,Avenida Puesta del Sol,16,2024-08-07,28.6506294711193,0.9871428571428572,149,3.2585714285714285
SURESTE,Avenida Puesta del Sol,17,2024-08-07,28.302617850114025,1.0157142857142858,218,2.8814285714285717
SURESTE,Avenida Puesta del Sol,18,2024-08-07,26.739405204460965,1.0171428571428571,216,4.191428571428571
SURESTE,Avenida Puesta del Sol,19,2024-08-07,26.115810190247103,1.2042857142857142,209,5.378571428571429
SURESTE,Avenida Puesta del Sol,20,2024-08-07,24.189216206928865,1.227142857142857,250,4.561428571428572
SURESTE,Avenida Puesta del Sol,21,2024-08-07,25.862040424195396,1.075,167,3.905
SURESTE,Avenida Puesta del Sol,22,2024-08-07,30.832690389092118,0.9616666666666666,104,3.768333333333333
SURESTE,Avenida Puesta del Sol,23,2024-08-07,28.58890288902889,0.9800000000000001,59,1.03
SURESTE,Avenida Valparaíso,0,2024-08-07,41.23876810164542,1.0,168,0.4053333333333333
SURESTE,Avenida Valparaíso,1,2024-08-07,39.37195837669095,0.9046153846153846,134,1.1315384615384614
SURESTE,Avenida Valparaíso,6,2024-08-07,29.977177016866182,1.3137735849056602,3996,3.667924528301887
SURESTE,Avenida Valparaíso,7,2024-08-07,23.231715374969156,2.2824528301886793,6032,6.838679245283019
SURESTE,Avenida Valparaíso,8,2024-08-07,21.670081535834978,2.350754716981132,5721,7.687924528301886
SURESTE,Avenida Valparaíso,9,2024-08-07,18.548663648313134,3.5466037735849056,5474,11.530000000000001
SURESTE,Avenida Valparaíso,10,2024-08-07,23.890498447800763,2.3490740740740743,3778,7.905925925925926
SURESTE,Avenida Valparaíso,11,2024-08-07,27.12243620412665,1.6003773584905658,3976,5.836226415094339
SURESTE,Avenida Valparaíso,12,2024-08-07,26.475150361515425,1.6525925925925924,4437,5.021111111111111
SURESTE,Avenida Valparaíso,13,2024-08-07,28.032800169215818,1.4945283018867923,4417,4.363584905660377
SURESTE,Avenida Valparaíso,14,2024-08-07,29.544623610370582,1.3135185185185188,4974,4.0579629629629625
SURESTE,Avenida Valparaíso,15,2024-08-07,31.00400980651077,1.2457407407407406,5094,3.2288888888888887
SURESTE,Avenida Valparaíso,16,2024-08-07,28.402495477942825,1.431851851851852,5305,4.447777777777778
SURESTE,Avenida Valparaíso,17,2024-08-07,26.17767723225186,1.745,6427,6.019444444444445
SURESTE,Avenida Valparaíso,18,2024-08-07,26.684550759157478,1.564074074074074,5863,4.342407407407408
SURESTE,Avenida Valparaíso,19,2024-08-07,27.0312766901033,1.738888888888889,5744,5.201851851851852
SURESTE,Avenida Valparaíso,20,2024-08-07,29.880738278777972,1.3796296296296295,5103,3.610185185185185
SURESTE,Avenida Valparaíso,21,2024-08-07,30.41015798512311,1.3247169811320754,2925,3.848867924528302
SURESTE,Avenida Valparaíso,22,2024-08-07,33.32414347083797,1.1826415094339622,1841,2.8735849056603775
SURESTE,Avenida Valparaíso,23,2024-08-07,32.39862411426097,1.2526415094339622,1190,3.366603773584906
SURESTE,Paseo de las Américas,0,2024-08-07,47.274496312254826,1.0,2274,1.3851515151515152
SURESTE,Paseo de las Américas,1,2024-08-07,47.25877479841964,0.9983333333333333,1343,1.4622727272727274
SURESTE,Paseo de las Américas,2,2024-08-07,48.40829668241299,1.05,361,1.4415384615384617
SURESTE,Paseo de las Américas,3,2024-08-07,48.12997790591152,0.8471428571428571,70,0.6014285714285714
SURESTE,Paseo de las Américas,4,2024-08-07,58.7748844375963,0.8304347826086957,283,0.7656521739130434
SURESTE,Paseo de las Américas,5,2024-08-07,52.34356811151394,0.9220338983050848,1459,1.2896610169491527
SURESTE,Paseo de las Américas,6,2024-08-07,36.0557107687393,1.489558823529412,15467,5.2175
SURESTE,Paseo de las Américas,7,2024-08-07,30.66067840388318,2.2180821917808218,20312,5.113835616438356
SURESTE,Paseo de las Américas,8,2024-08-07,24.767933410407696,2.937837837837838,16962,7.543108108108109
SURESTE,Paseo de las Américas,9,2024-08-07,23.826476606012527,3.2073333333333336,16972,7.278133333333334
SURESTE,Paseo de las Américas,10,2024-08-07,26.234536830449372,2.4438666666666666,16247,5.561066666666666
SURESTE,Paseo de las Américas,11,2024-08-07,32.925132113420354,1.7793421052631577,17753,5.24078947368421
SURESTE,Paseo de las Américas,12,2024-08-07,36.13684367098022,1.3188,17917,3.219333333333333
SURESTE,Paseo de las Américas,13,2024-08-07,38.91250466888128,1.2401333333333333,17348,2.7525333333333335
SURESTE,Paseo de las Américas,14,2024-08-07,39.55983916341312,1.1822368421052631,18738,2.428289473684211
SURESTE,Paseo de las Américas,15,2024-08-07,38.34323165200931,1.2486842105263158,18733,3.2271052631578945
SURESTE,Paseo de las Américas,16,2024-08-07,37.13439977126632,1.2721052631578948,18531,2.9092105263157895
SURESTE,Paseo de las Américas,17,2024-08-07,30.699000933338592,1.8638157894736842,19779,4.608552631578948
SURESTE,Paseo de las Américas,18,2024-08-07,29.496731948369614,2.1604,18005,4.834133333333333
SURESTE,Paseo de las Américas,19,2024-08-07,31.043810468210292,1.8776,18599,4.058000000000001
SURESTE,Paseo de las Américas,20,2024-08-07,35.720739506513645,1.4430263157894736,16634,3.698157894736842
SURESTE,Paseo de las Américas,21,2024-08-07,39.86665410613648,1.2306666666666666,11078,3.3484
SURESTE,Paseo de las Américas,22,2024-08-07,44.09248020890145,1.1283999999999998,7185,2.1981333333333333
SURESTE,Paseo de las Américas,23,2024-08-07,44.98127128972781,1.0551470588235294,3807,1.7680882352941176
SURESTE,,6,2024-08-08,17.1,2.42,15,12.85
SURESTE,,7,2024-08-08,2.8999999999999995,14.34,21,94.15
SURESTE,,8,2024-08-08,1.8,22.49,12,78.55
SURESTE,,10,2024-08-08,13.5,3.06,14,29.71
SURESTE,,11,2024-08-08,7.9,5.23,11,36.96
SURESTE,,12,2024-08-08,18.82378752886836,6.734999999999999,27,33.65
SURESTE,,13,2024-08-08,27.03116811159638,1.9259999999999997,79,12.262
SURESTE,,14,2024-08-08,14.7,2.8,10,22.52
SURESTE,,15,2024-08-08,27.39199530669448,1.4460000000000002,81,7.7780000000000005
SURESTE,,16,2024-08-08,29.236682745583735,1.7,50,5.93
SURESTE,,17,2024-08-08,28.316035460530603,1.528,67,7.192
SURESTE,,18,2024-08-08,23.91952284727202,1.638,89,9.198
SURESTE,,19,2024-08-08,28.725712143928035,1.4920000000000002,58,7.316
SURESTE,,20,2024-08-08,29.413399444284757,1.7225,60,7.025
SURESTE,,21,2024-08-08,9.4,2.2,10,23.41
SURESTE,,22,2024-08-08,37.162019951413654,1.63,22,8.635
SURESTE,,23,2024-08-08,38.9,1.06,10,2.69
SURESTE,Avenida Azteca,0,2024-08-08,37.180000800668566,1.0,2007,2.899242424242424
SURESTE,Avenida Azteca,1,2024-08-08,38.29991815412286,0.9933333333333333,1666,1.999047619047619
SURESTE,Avenida Azteca,2,2024-08-08,36.97225677375678,1.066984126984127,1364,2.790952380952381
SURESTE,Avenida Azteca,3,2024-08-08,36.37577781901404,1.0249206349206348,1048,2.7299999999999995
SURESTE,Avenida Azteca,4,2024-08-08,38.107332145584124,1.1453333333333333,374,2.298
SURESTE,Avenida Azteca,5,2024-08-08,38.336657108685756,1.0306060606060605,1258,2.1136363636363638
SURESTE,Avenida Azteca,6,2024-08-08,29.27891303682524,1.3605882352941177,7707,5.7175
SURESTE,Avenida Azteca,7,2024-08-08,21.777298025173895,2.4725,9759,8.598529411764707
SURESTE,Avenida Azteca,8,2024-08-08,17.511507067315467,3.7713235294117644,9217,12.894264705882351
SURESTE,Avenida Azteca,9,2024-08-08,20.042914996038753,2.3330434782608696,9343,8.534927536231883
SURESTE,Avenida Azteca,10,2024-08-08,20.117192219063053,2.848840579710145,6786,9.35536231884058
SURESTE,Avenida Azteca,11,2024-08-08,20.89642109220956,2.5629411764705883,7146,8.42485294117647
SURESTE,Avenida Azteca,12,2024-08-08,20.15374701065453,2.950735294117647,5706,8.995147058823528
SURESTE,Avenida Azteca,13,2024-08-08,18.2874965313944,2.879710144927536,6749,11.11086956521739
SURESTE,Avenida Azteca,14,2024-08-08,23.544050819965985,1.9273529411764707,6289,7.365441176470589
SURESTE,Avenida Azteca,15,2024-08-08,21.73401968157195,1.868695652173913,6491,13.025797101449275
SURESTE,Avenida Azteca,16,2024-08-08,20.4802955050893,1.9153623188405797,7952,7.367826086956522
SURESTE,Avenida Azteca,17,2024-08-08,16.65453090376781,2.859710144927536,8428,10.463623188405798
SURESTE,Avenida Azteca,18,2024-08-08,15.6415786277593,2.777826086956522,9951,10.720289855072464
SURESTE,Avenida Azteca,19,2024-08-08,18.879372554381703,2.139130434782609,8398,8.623188405797102
SURESTE,Avenida Azteca,20,2024-08-08,23.46376282378679,1.5660869565217392,7821,6.184637681159421
SURESTE,Avenida Azteca,21,2024-08-08,27.255230606921533,1.3447058823529412,6882,5.659705882352942
SURESTE,Avenida Azteca,22,2024-08-08,29.431023941251727,1.2052941176470586,5281,3.570294117647059
SURESTE,Avenida Azteca,23,2024-08-08,33.07088761606916,1.111470588235294,3591,3.1075
SURESTE,Avenida Benito Juárez,0,2024-08-08,44.87264724318102,1.0,10973,2.354936170212766
SURESTE,Avenida Benito Juárez,1,2024-08-08,47.16484862024816,0.9478879310344828,7607,1.8984913793103448
SURESTE,Avenida Benito Juárez,2,2024-08-08,44.94229606124569,1.028608695652174,4576,1.9656086956521739
SURESTE,Avenida Benito Juárez,3,2024-08-08,48.86302055911251,0.936608695652174,3984,1.299608695652174
SURESTE,Avenida Benito Juárez,4,2024-08-08,48.49179178016846,0.9277401129943503,2689,1.4384180790960452
SURESTE,Avenida Benito Juárez,5,2024-08-08,36.51136187624845,1.2906550218340611,7915,3.602008733624454
SURESTE,Avenida Benito Juárez,6,2024-08-08,32.10849986250141,1.7368510638297874,31318,5.2995744680851065
SURESTE,Avenida Benito Juárez,7,2024-08-08,24.682806997620773,2.507957446808511,37524,8.01676595744681
SURESTE,Avenida Benito Juárez,8,2024-08-08,25.967222450458756,2.450936170212766,30158,7.360468085106383
SURESTE,Avenida Benito Juárez,9,2024-08-08,30.382970939881044,1.6666525423728813,34003,5.526186440677966
SURESTE,Avenida Benito Juárez,10,2024-08-08,29.7382643557996,1.600127659574468,30932,5.443531914893617
SURESTE,Avenida Benito Juárez,11,2024-08-08,31.12451104497818,1.5674468085106383,33365,5.067063829787234
SURESTE,Avenida Benito Juárez,12,2024-08-08,29.811827328485816,1.6013617021276596,33264,5.434510638297872
SURESTE,Avenida Benito Juárez,13,2024-08-08,30.26444195427083,1.56126582278481,34665,5.117426160337552
SURESTE,Avenida Benito Juárez,14,2024-08-08,31.546467728656744,1.5129113924050632,29712,4.724725738396624
SURESTE,Avenida Benito Juárez,15,2024-08-08,31.595664396548173,1.5362978723404255,27441,4.883489361702127
SURESTE,Avenida Benito Juárez,16,2024-08-08,31.70388447446033,1.543191489361702,33009,5.268
SURESTE,Avenida Benito Juárez,17,2024-08-08,29.05201758512691,1.7857383966244724,36141,5.794177215189873
SURESTE,Avenida Benito Juárez,18,2024-08-08,27.394089230464346,2.07331914893617,42288,6.781063829787234
SURESTE,Avenida Benito Juárez,19,2024-08-08,28.812085473212846,1.907594936708861,37262,6.0196202531645575
SURESTE,Avenida Benito Juárez,20,2024-08-08,32.82408752704046,1.5159148936170213,33794,4.507021276595745
SURESTE,Avenida Benito Juárez,21,2024-08-08,35.209504214582424,1.3361276595744682,31501,4.1816595744680845
SURESTE,Avenida Benito Juárez,22,2024-08-08,37.9084574439067,1.2290212765957447,24505,3.3632340425531915
SURESTE,Avenida Benito Juárez,23,2024-08-08,40.84142726881031,1.1000851063829786,17914,2.926127659574468
SURESTE,Avenida Chapultepec,0,2024-08-08,51.100429754297544,1.0,4148,1.32
SURESTE,Avenida Chapultepec,1,2024-08-08,55.73196561965621,0.9195714285714286,2865,0.6548571428571428
SURESTE,Avenida Chapultepec,2,2024-08-08,51.9540023400234,0.9847142857142857,1651,0.7921428571428571
SURESTE,Avenida Chapultepec,3,2024-08-08,52.19471690859405,0.9726229508196721,903,0.7450819672131148
SURESTE,Avenida Chapultepec,4,2024-08-08,55.80221177211773,0.9064285714285715,1452,0.7525714285714286
SURESTE,Avenida Chapultepec,5,2024-08-08,48.00189766897669,1.072142857142857,3347,1.3738571428571429
SURESTE,Avenida Chapultepec,6,2024-08-08,38.035144901449016,1.516142857142857,12276,2.6995714285714287
SURESTE,Avenida Chapultepec,7,2024-08-08,32.053771937719375,2.1951428571428573,15540,4.052285714285714
SURESTE,Avenida Chapultepec,8,2024-08-08,28.4979934299343,2.738142857142857,14129,5.445857142857142
SURESTE,Avenida Chapultepec,9,2024-08-08,32.55309693096931,2.2162857142857146,13727,4.075571428571429
SURESTE,Avenida Chapultepec,10,2024-08-08,33.32690396903969,1.9964285714285714,9973,3.916285714285714
SURESTE,Avenida Chapultepec,11,2024-08-08,40.65470479704797,1.2685714285714285,12209,2.0345714285714287
SURESTE,Avenida Chapultepec,12,2024-08-08,36.3739357393574,1.4844285714285714,12748,3.2125714285714286
SURESTE,Avenida Chapultepec,13,2024-08-08,41.45769012690128,1.237857142857143,12609,2.0844285714285715
SURESTE,Avenida Chapultepec,14,2024-08-08,42.15221447214472,1.2124285714285714,13560,2.1990000000000003
SURESTE,Avenida Chapultepec,15,2024-08-08,42.40368013680137,1.2202857142857144,12529,2.1067142857142858
SURESTE,Avenida Chapultepec,16,2024-08-08,42.080005850058505,1.2217142857142858,13896,2.309428571428571
SURESTE,Avenida Chapultepec,17,2024-08-08,42.504494644946455,1.2312857142857143,15263,2.216857142857143
SURESTE,Avenida Chapultepec,18,2024-08-08,41.40022185221852,1.296857142857143,20590,2.309142857142857
SURESTE,Avenida Chapultepec,19,2024-08-08,42.17182791827919,1.2532857142857143,18996,2.014
SURESTE,Avenida Chapultepec,20,2024-08-08,43.224900999009996,1.1835714285714285,15952,1.8988571428571426
SURESTE,Avenida Chapultepec,21,2024-08-08,45.47419899198992,1.1302857142857143,12727,1.8252857142857142
SURESTE,Avenida Chapultepec,22,2024-08-08,46.13439789397894,1.119,8412,1.820142857142857
SURESTE,Avenida Chapultepec,23,2024-08-08,51.59753487534876,1.0037142857142858,6719,1.0865714285714285
SURESTE,Avenida Constitución,0,2024-08-08,72.94944854012472,1.0,1331,1.5250000000000001
SURESTE,Avenida Constitución,1,2024-08-08,75.9235574024199,0.958,1083,1.348
SURESTE,Avenida Constitución,2,2024-08-08,76.52003992220287,0.9816666666666666,777,1.1516666666666666
SURESTE,Avenida Constitución,3,2024-08-08,76.90919336677244,0.9716666666666667,359,1.425
SURESTE,Avenida Constitución,4,2024-08-08,76.51270447333401,0.9783333333333334,399,1.3166666666666667
SURESTE,Avenida Constitución,5,2024-08-08,72.98412324700583,1.0266666666666666,1626,1.125
SURESTE,Avenida Constitución,6,2024-08-08,19.958213737332375,3.8350000000000004,3591,16.288333333333334
SURESTE,Avenida Constitución,7,2024-08-08,7.276865595250281,10.459999999999999,1414,26.10666666666667
SURESTE,Avenida Constitución,8,2024-08-08,7.5428559729757385,10.263333333333334,1551,28.96166666666667
SURESTE,Avenida Constitución,9,2024-08-08,8.349713379056197,8.84,1588,25.796666666666667
SURESTE,Avenida Constitución,10,2024-08-08,10.95028252635889,6.895,1426,17.44
SURESTE,Avenida Constitución,11,2024-08-08,12.225766199201555,6.171666666666667,1808,16.17833333333333
SURESTE,Avenida Constitución,12,2024-08-08,15.17187327259699,4.973333333333334,2121,12.475
SURESTE,Avenida Constitución,13,2024-08-08,15.0985965810216,5.015,2400,13.06
SURESTE,Avenida Constitución,14,2024-08-08,46.135149964172385,1.6866666666666668,2869,7.241666666666667
SURESTE,Avenida Constitución,15,2024-08-08,55.996520657397916,1.3066666666666666,3348,4.421111111111111
SURESTE,Avenida Constitución,16,2024-08-08,37.66458079822112,2.064285714285714,3627,9.801428571428572
SURESTE,Avenida Constitución,17,2024-08-08,26.531835664658423,2.925,4134,16.16875
SURESTE,Avenida Constitución,18,2024-08-08,18.820846555430446,4.055,3738,10.533333333333333
SURESTE,Avenida Constitución,19,2024-08-08,37.145336555854804,2.016,3977,9.844
SURESTE,Avenida Constitución,20,2024-08-08,64.00753004783535,1.135,4486,2.555
SURESTE,Avenida Constitución,21,2024-08-08,67.84205692004663,1.0770000000000002,2923,1.4689999999999999
SURESTE,Avenida Constitución,22,2024-08-08,71.34460998110706,1.032,2935,1.4120000000000001
SURESTE,Avenida Constitución,23,2024-08-08,73.32427065206265,1.0183333333333333,1868,1.5683333333333334
SURESTE,Avenida Doctor Ignacio Morones Prieto,0,2024-08-08,68.43589985524129,1.0,8785,2.055
SURESTE,Avenida Doctor Ignacio Morones Prieto,1,2024-08-08,69.0021074533837,0.9433333333333334,3862,1.6866666666666668
SURESTE,Avenida Doctor Ignacio Morones Prieto,2,2024-08-08,74.44018883175717,0.8397916666666667,2425,0.6314583333333333
SURESTE,Avenida Doctor Ignacio Morones Prieto,3,2024-08-08,78.62940200203461,0.8116666666666666,3006,0.7158333333333333
SURESTE,Avenida Doctor Ignacio Morones Prieto,4,2024-08-08,78.16401439596274,0.8014583333333333,6168,0.4835416666666667
SURESTE,Avenida Doctor Ignacio Morones Prieto,5,2024-08-08,78.57760849988782,0.8364583333333333,8163,1.1127083333333332
SURESTE,Avenida Doctor Ignacio Morones Prieto,6,2024-08-08,78.60124166715329,0.8160416666666667,15049,1.679375
SURESTE,Avenida Doctor Ignacio Morones Prieto,7,2024-08-08,78.23631261736675,0.8329166666666666,20708,1.0941666666666667
SURESTE,Avenida Doctor Ignacio Morones Prieto,8,2024-08-08,77.09260501154074,0.8347916666666667,18961,0.8141666666666666
SURESTE,Avenida Doctor Ignacio Morones Prieto,9,2024-08-08,73.03389228844789,0.9095833333333333,15349,1.3697916666666667
SURESTE,Avenida Doctor Ignacio Morones Prieto,10,2024-08-08,71.96118437835196,0.9102083333333333,14190,1.1522916666666665
SURESTE,Avenida Doctor Ignacio Morones Prieto,11,2024-08-08,68.96950662171258,0.955625,13897,1.5766666666666664
SURESTE,Avenida Doctor Ignacio Morones Prieto,12,2024-08-08,69.18126957392991,0.9387500000000001,16230,1.1477083333333333
SURESTE,Avenida Doctor Ignacio Morones Prieto,13,2024-08-08,68.03851165907017,0.9404166666666667,16956,1.1514583333333335
SURESTE,Avenida Doctor Ignacio Morones Prieto,14,2024-08-08,68.7646174036248,0.9431250000000001,17254,1.3618750000000002
SURESTE,Avenida Doctor Ignacio Morones Prieto,15,2024-08-08,58.710169991609526,1.2735416666666668,15809,2.075833333333333
SURESTE,Avenida Doctor Ignacio Morones Prieto,16,2024-08-08,57.38389981836008,1.32875,16725,2.085625
SURESTE,Avenida Doctor Ignacio Morones Prieto,17,2024-08-08,27.828731071491138,3.169375,17327,7.233125
SURESTE,Avenida Doctor Ignacio Morones Prieto,18,2024-08-08,20.20803733607074,3.4866666666666664,18904,5.659791666666667
SURESTE,Avenida Doctor Ignacio Morones Prieto,19,2024-08-08,25.169935980379197,2.796666666666667,20568,4.200833333333333
SURESTE,Avenida Doctor Ignacio Morones Prieto,20,2024-08-08,29.746829906967168,2.3766666666666665,19661,5.392708333333334
SURESTE,Avenida Doctor Ignacio Morones Prieto,21,2024-08-08,52.03731978154034,1.5743749999999999,16529,4.62375
SURESTE,Avenida Doctor Ignacio Morones Prieto,22,2024-08-08,58.470245167794104,1.3364583333333335,12851,3.20375
SURESTE,Avenida Doctor Ignacio Morones Prieto,23,2024-08-08,70.1213794184449,0.9377083333333333,10597,1.26875
SURESTE,Avenida Eloy Cavazos,0,2024-08-08,51.343958275571644,1.0,12538,1.6584403669724772
SURESTE,Avenida Eloy Cavazos,1,2024-08-08,54.03591559201315,0.9493953488372093,9736,1.2569302325581395
SURESTE,Avenida Eloy Cavazos,2,2024-08-08,52.106592202821275,1.0392558139534884,4271,1.4232093023255814
SURESTE,Avenida Eloy Cavazos,3,2024-08-08,51.88066906459483,1.0002631578947367,2283,1.5401315789473684
SURESTE,Avenida Eloy Cavazos,4,2024-08-08,54.37405673135041,0.9507035175879397,3875,1.2608040201005026
SURESTE,Avenida Eloy Cavazos,5,2024-08-08,47.58564103598566,1.1678835978835977,11693,2.158994708994709
SURESTE,Avenida Eloy Cavazos,6,2024-08-08,42.34866042872802,1.381217391304348,38823,3.1095652173913044
SURESTE,Avenida Eloy Cavazos,7,2024-08-08,30.928091798834576,2.5604310344827583,39856,7.199008620689655
SURESTE,Avenida Eloy Cavazos,8,2024-08-08,28.973833964637578,3.494935622317597,30724,8.900042918454936
SURESTE,Avenida Eloy Cavazos,9,2024-08-08,34.90340048812024,1.7164502164502164,35314,4.750909090909091
SURESTE,Avenida Eloy Cavazos,10,2024-08-08,40.715816281640784,1.355974025974026,34507,3.234112554112554
SURESTE,Avenida Eloy Cavazos,11,2024-08-08,41.95848895174323,1.3093103448275862,37057,3.569568965517241
SURESTE,Avenida Eloy Cavazos,12,2024-08-08,40.85480045757618,1.3255603448275861,39064,3.3995258620689657
SURESTE,Avenida Eloy Cavazos,13,2024-08-08,42.46196288368902,1.28008658008658,40291,2.9544155844155844
SURESTE,Avenida Eloy Cavazos,14,2024-08-08,42.10718801588915,1.2726923076923078,41563,3.3183333333333334
SURESTE,Avenida Eloy Cavazos,15,2024-08-08,42.52460104416498,1.3039473684210527,39955,2.9167105263157893
SURESTE,Avenida Eloy Cavazos,16,2024-08-08,40.89733439432949,1.392114537444934,43785,3.6904845814977976
SURESTE,Avenida Eloy Cavazos,17,2024-08-08,39.02539300185981,1.4714957264957265,48883,3.309957264957265
SURESTE,Avenida Eloy Cavazos,18,2024-08-08,37.840021219067154,1.6173043478260871,57798,3.540608695652174
SURESTE,Avenida Eloy Cavazos,19,2024-08-08,38.53990201322098,1.5461637931034482,53628,3.503448275862069
SURESTE,Avenida Eloy Cavazos,20,2024-08-08,40.120566485457395,1.4148684210526314,47858,3.3210526315789477
SURESTE,Avenida Eloy Cavazos,21,2024-08-08,42.84561976043204,1.2955947136563877,41776,2.4655947136563876
SURESTE,Avenida Eloy Cavazos,22,2024-08-08,45.58389363980671,1.188082191780822,30448,2.29324200913242
SURESTE,Avenida Eloy Cavazos,23,2024-08-08,48.88578910585389,1.0658447488584475,22098,1.6166666666666667
SURESTE,Avenida Exposición,0,2024-08-08,42.16574752261956,1.0,424,1.4825
SURESTE,Avenida Exposición,1,2024-08-08,44.12856480945211,0.9533333333333334,113,0.8566666666666667
SURESTE,Avenida Exposición,2,2024-08-08,34.044444444444444,0.705,25,0.22
SURESTE,Avenida Exposición,3,2024-08-08,33.759064327485376,0.7050000000000001,32,0.23500000000000001
SURESTE,Avenida Exposición,5,2024-08-08,45.05042284022534,1.0676190476190477,217,2.5747619047619046
SURESTE,Avenida Exposición,6,2024-08-08,33.93991911793506,1.5314285714285716,1961,3.9639285714285712
SURESTE,Avenida Exposición,7,2024-08-08,28.820976459989815,1.9664285714285714,3016,5.7753571428571435
SURESTE,Avenida Exposición,8,2024-08-08,24.731152324624965,3.005,3369,8.924642857142857
SURESTE,Avenida Exposición,9,2024-08-08,28.40226489365869,1.9942857142857144,2169,6.774285714285715
SURESTE,Avenida Exposición,10,2024-08-08,34.21395656261016,1.3103571428571428,1694,3.754642857142857
SURESTE,Avenida Exposición,11,2024-08-08,33.06401041870667,1.5039285714285715,1986,3.8185714285714285
SURESTE,Avenida Exposición,12,2024-08-08,30.21985233637539,1.9553571428571428,1478,7.971428571428572
SURESTE,Avenida Exposición,13,2024-08-08,32.707671066546546,1.735357142857143,1950,5.2717857142857145
SURESTE,Avenida Exposición,14,2024-08-08,33.67034585405977,1.582857142857143,1903,4.364285714285715
SURESTE,Avenida Exposición,15,2024-08-08,34.01482903137362,1.6621428571428571,1821,5.298571428571429
SURESTE,Avenida Exposición,16,2024-08-08,34.43741627824997,1.389642857142857,2117,4.758571428571429
SURESTE,Avenida Exposición,17,2024-08-08,30.68158219419529,1.5489285714285714,2462,4.471071428571428
SURESTE,Avenida Exposición,18,2024-08-08,28.302275664877993,1.940357142857143,2705,5.751785714285715
SURESTE,Avenida Exposición,19,2024-08-08,25.361449806118053,2.12,2012,9.158928571428572
SURESTE,Avenida Exposición,20,2024-08-08,32.85274176491324,1.3114285714285714,1991,2.861785714285714
SURESTE,Avenida Exposición,21,2024-08-08,33.94515099291058,1.2985714285714285,1501,4.338571428571429
SURESTE,Avenida Exposición,22,2024-08-08,34.93047569621245,1.2310714285714286,1058,3.023214285714286
SURESTE,Avenida Exposición,23,2024-08-08,37.937930359735944,1.085925925925926,635,1.6314814814814813
SURESTE,Avenida General Lázaro Cárdenas,0,2024-08-08,37.94249499592466,1.0,3841,2.1186000000000003
SURESTE,Avenida General Lázaro Cárdenas,1,2024-08-08,37.73883844056678,1.0341525423728815,1878,2.266694915254237
SURESTE,Avenida General Lázaro Cárdenas,2,2024-08-08,40.75747678266586,0.9968421052631579,910,2.1635087719298247
SURESTE,Avenida General Lázaro Cárdenas,3,2024-08-08,39.490061305805334,0.9322857142857144,376,1.6922857142857142
SURESTE,Avenida General Lázaro Cárdenas,4,2024-08-08,38.8665344901152,1.0725,724,2.014642857142857
SURESTE,Avenida General Lázaro Cárdenas,5,2024-08-08,39.29773076278519,1.021923076923077,1538,2.7526923076923078
SURESTE,Avenida General Lázaro Cárdenas,6,2024-08-08,32.3570683554445,1.406530612244898,10005,5.319183673469388
SURESTE,Avenida General Lázaro Cárdenas,7,2024-08-08,24.53644722664256,2.3614666666666664,13388,10.249733333333333
SURESTE,Avenida General Lázaro Cárdenas,8,2024-08-08,22.81509289793292,2.522887323943662,9518,10.07725352112676
SURESTE,Avenida General Lázaro Cárdenas,9,2024-08-08,27.74467682822021,1.6804000000000001,11696,6.379533333333333
SURESTE,Avenida General Lázaro Cárdenas,10,2024-08-08,29.00704655130032,1.5672666666666666,9305,6.2714
SURESTE,Avenida General Lázaro Cárdenas,11,2024-08-08,25.9644136367969,1.7840145985401459,10103,6.766131386861314
SURESTE,Avenida General Lázaro Cárdenas,12,2024-08-08,27.298659111113576,1.7291333333333334,9474,6.155466666666667
SURESTE,Avenida General Lázaro Cárdenas,13,2024-08-08,27.333221567388417,1.7501973684210526,11129,6.504934210526316
SURESTE,Avenida General Lázaro Cárdenas,14,2024-08-08,27.20186495603361,1.636513157894737,8569,6.552697368421053
SURESTE,Avenida General Lázaro Cárdenas,15,2024-08-08,28.60650668411393,1.5698,7758,5.463933333333333
SURESTE,Avenida General Lázaro Cárdenas,16,2024-08-08,28.452620942113224,1.5985526315789473,9488,5.59875
SURESTE,Avenida General Lázaro Cárdenas,17,2024-08-08,25.60960830949095,1.9001315789473683,11050,6.949210526315789
SURESTE,Avenida General Lázaro Cárdenas,18,2024-08-08,24.345309238560723,2.1760526315789472,13723,7.53046052631579
SURESTE,Avenida General Lázaro Cárdenas,19,2024-08-08,25.379470561034335,1.9132894736842105,11576,7.01203947368421
SURESTE,Avenida General Lázaro Cárdenas,20,2024-08-08,26.95144997890571,1.5221052631578948,9558,5.786184210526316
SURESTE,Avenida General Lázaro Cárdenas,21,2024-08-08,30.21709079386368,1.3388815789473683,8400,4.085328947368422
SURESTE,Avenida General Lázaro Cárdenas,22,2024-08-08,31.327145675855423,1.2607236842105263,8106,4.213815789473684
SURESTE,Avenida General Lázaro Cárdenas,23,2024-08-08,35.58882968400858,1.0974000000000002,5174,3.1338666666666666
SURESTE,Avenida Ignacio Morones Prieto,0,2024-08-08,56.67664988814318,1.0,514,1.836666666666667
SURESTE,Avenida Ignacio Morones Prieto,1,2024-08-08,48.91382829977629,1.1233333333333333,225,5.006666666666667
SURESTE,Avenida Ignacio Morones Prieto,2,2024-08-08,74.22130872483221,0.7866666666666666,133,0.20333333333333334
SURESTE,Avenida Ignacio Morones Prieto,3,2024-08-08,69.33833892617449,0.8233333333333333,159,0.49666666666666665
SURESTE,Avenida Ignacio Morones Prieto,4,2024-08-08,74.77462248322149,0.7766666666666667,288,0.19333333333333336
SURESTE,Avenida Ignacio Morones Prieto,5,2024-08-08,74.89772091722595,0.7766666666666667,377,0.31666666666666665
SURESTE,Avenida Ignacio Morones Prieto,6,2024-08-08,79.35515939597316,0.73,658,0.17666666666666667
SURESTE,Avenida Ignacio Morones Prieto,7,2024-08-08,76.1270274049217,0.7633333333333333,951,0.23666666666666666
SURESTE,Avenida Ignacio Morones Prieto,8,2024-08-08,71.82063758389262,0.8033333333333333,807,0.26333333333333336
SURESTE,Avenida Ignacio Morones Prieto,9,2024-08-08,66.08927572706935,0.8766666666666666,734,0.48
SURESTE,Avenida Ignacio Morones Prieto,10,2024-08-08,67.78934563758389,0.8533333333333334,648,0.25333333333333335
SURESTE,Avenida Ignacio Morones Prieto,11,2024-08-08,62.493833892617445,0.9133333333333334,640,1.07
SURESTE,Avenida Ignacio Morones Prieto,12,2024-08-08,65.62504194630873,0.88,818,0.2833333333333333
SURESTE,Avenida Ignacio Morones Prieto,13,2024-08-08,63.64326062639821,0.91,844,0.59
SURESTE,Avenida Ignacio Morones Prieto,14,2024-08-08,61.38336129753915,0.9400000000000001,877,1.7433333333333332
SURESTE,Avenida Ignacio Morones Prieto,15,2024-08-08,61.716303131991054,0.9366666666666666,803,0.4566666666666666
SURESTE,Avenida Ignacio Morones Prieto,16,2024-08-08,60.34567953020135,0.9533333333333333,827,0.5399999999999999
SURESTE,Avenida Ignacio Morones Prieto,17,2024-08-08,16.48020134228188,3.4466666666666668,809,5.053333333333334
SURESTE,Avenida Ignacio Morones Prieto,18,2024-08-08,14.267897091722595,3.9166666666666665,1019,4.576666666666667
SURESTE,Avenida Ignacio Morones Prieto,19,2024-08-08,36.333543064876956,1.5266666666666666,1196,1.4866666666666666
SURESTE,Avenida Ignacio Morones Prieto,20,2024-08-08,23.896700223713648,2.4133333333333336,1078,3.1199999999999997
SURESTE,Avenida Ignacio Morones Prieto,21,2024-08-08,41.366163310961966,1.3266666666666667,845,3.2566666666666664
SURESTE,Avenida Ignacio Morones Prieto,22,2024-08-08,61.59959451901565,0.9366666666666666,688,0.47333333333333333
SURESTE,Avenida Ignacio Morones Prieto,23,2024-08-08,59.79681208053691,0.9466666666666667,597,1.47
SURESTE,Avenida Las Torres,0,2024-08-08,41.60085365222137,1.0,942,2.1228813559322033
SURESTE,Avenida Las Torres,1,2024-08-08,41.19558667172963,0.9353846153846154,297,2.082692307692308
SURESTE,Avenida Las Torres,5,2024-08-08,43.59362540370916,0.8997222222222222,412,1.8608333333333331
SURESTE,Avenida Las Torres,6,2024-08-08,38.01864411505782,1.273220338983051,4014,3.199491525423729
SURESTE,Avenida Las Torres,7,2024-08-08,29.054936085628132,1.9522033898305085,6608,6.415084745762712
SURESTE,Avenida Las Torres,8,2024-08-08,28.488883798931642,1.84135593220339,7778,5.589322033898305
SURESTE,Avenida Las Torres,9,2024-08-08,30.17096307745012,1.5069491525423728,4944,4.985423728813559
SURESTE,Avenida Las Torres,10,2024-08-08,36.74635773724402,1.1384745762711865,3878,2.652033898305085
SURESTE,Avenida Las Torres,11,2024-08-08,32.09668657061253,1.3608474576271188,4252,4.120847457627119
SURESTE,Avenida Las Torres,12,2024-08-08,32.82081628750911,1.3144067796610168,3712,3.6561016949152543
SURESTE,Avenida Las Torres,13,2024-08-08,36.55568258318429,1.1518644067796608,4298,2.772542372881356
SURESTE,Avenida Las Torres,14,2024-08-08,35.68748999159493,1.158135593220339,4538,2.593728813559322
SURESTE,Avenida Las Torres,15,2024-08-08,36.431958380968695,1.1528813559322033,4032,2.9628813559322036
SURESTE,Avenida Las Torres,16,2024-08-08,35.807490867952794,1.1661016949152543,4540,3.010169491525424
SURESTE,Avenida Las Torres,17,2024-08-08,34.582314700106366,1.2183050847457626,5619,3.0425423728813557
SURESTE,Avenida Las Torres,18,2024-08-08,33.73014750696107,1.2605084745762714,6294,3.2001694915254237
SURESTE,Avenida Las Torres,19,2024-08-08,35.38384314787742,1.1742372881355931,4457,2.6427118644067793
SURESTE,Avenida Las Torres,20,2024-08-08,35.59514696919602,1.150508474576271,4594,2.3354237288135593
SURESTE,Avenida Las Torres,21,2024-08-08,36.530615561725476,1.136779661016949,2951,2.8413559322033897
SURESTE,Avenida Las Torres,22,2024-08-08,38.44399475778664,1.0798305084745763,1932,2.0215254237288134
SURESTE,Avenida Las Torres,23,2024-08-08,39.37420002469736,1.0866101694915253,1165,2.2132203389830507
SURESTE,Avenida Pablo Livas,0,2024-08-08,49.79894741746079,1.0,5108,1.7812025316455697
SURESTE,Avenida Pablo Livas,1,2024-08-08,49.25783920404397,1.2329032258064516,3457,3.1620645161290324
SURESTE,Avenida Pablo Livas,2,2024-08-08,47.96184314330017,1.0336942675159235,2239,1.6247770700636943
SURESTE,Avenida Pablo Livas,3,2024-08-08,45.412154721695266,1.0038888888888888,658,1.4614814814814816
SURESTE,Avenida Pablo Livas,4,2024-08-08,47.95071672065892,0.8582608695652173,594,1.587826086956522
SURESTE,Avenida Pablo Livas,5,2024-08-08,44.02445727693809,1.1955,5140,3.016
SURESTE,Avenida Pablo Livas,6,2024-08-08,43.05013457847857,1.2728481012658226,31584,3.17746835443038
SURESTE,Avenida Pablo Livas,7,2024-08-08,35.43411004627216,1.8054430379746835,46812,5.062784810126582
SURESTE,Avenida Pablo Livas,8,2024-08-08,32.887268770729676,1.9695569620253164,37162,5.262151898734177
SURESTE,Avenida Pablo Livas,9,2024-08-08,41.14428946921527,1.276139240506329,29395,3.3425949367088608
SURESTE,Avenida Pablo Livas,10,2024-08-08,40.0219931741435,1.3445569620253164,21531,3.9168987341772152
SURESTE,Avenida Pablo Livas,11,2024-08-08,40.04643400845492,1.3224050632911393,21715,3.789367088607595
SURESTE,Avenida Pablo Livas,12,2024-08-08,39.381134667145574,1.3491772151898733,23804,3.7441139240506334
SURESTE,Avenida Pablo Livas,13,2024-08-08,40.32795129626652,1.3256962025316457,22881,4.034367088607595
SURESTE,Avenida Pablo Livas,14,2024-08-08,41.254828970365686,1.288860759493671,23258,3.5982911392405064
SURESTE,Avenida Pablo Livas,15,2024-08-08,41.71241097607344,1.3372151898734177,20059,4.01379746835443
SURESTE,Avenida Pablo Livas,16,2024-08-08,40.65288460815947,1.3679113924050632,24714,3.760696202531646
SURESTE,Avenida Pablo Livas,17,2024-08-08,39.14091877050424,1.4601898734177217,29698,4.441329113924051
SURESTE,Avenida Pablo Livas,18,2024-08-08,37.88384021304126,1.6075316455696202,36595,4.834810126582278
SURESTE,Avenida Pablo Livas,19,2024-08-08,38.36861939462979,1.6064556962025316,33885,4.8948101265822785
SURESTE,Avenida Pablo Livas,20,2024-08-08,40.07180419319789,1.3820886075949368,24818,3.7884810126582282
SURESTE,Avenida Pablo Livas,21,2024-08-08,41.34608234609888,1.3113291139240506,18502,3.6953164556962026
SURESTE,Avenida Pablo Livas,22,2024-08-08,43.790863691763434,1.2977215189873417,11885,4.235569620253164
SURESTE,Avenida Pablo Livas,23,2024-08-08,46.7133029060235,1.0882911392405064,10002,2.374240506329114
SURESTE,Avenida Puesta del Sol,6,2024-08-08,24.0,0.98,11,1.59
SURESTE,Avenida Puesta del Sol,7,2024-08-08,29.60858142513511,1.2457142857142858,195,3.685714285714286
SURESTE,Avenida Puesta del Sol,8,2024-08-08,28.034975477179717,1.374285714285714,545,3.5599999999999996
SURESTE,Avenida Puesta del Sol,9,2024-08-08,26.20313642185499,1.3928571428571428,253,3.2942857142857145
SURESTE,Avenida Puesta del Sol,10,2024-08-08,26.588304020492956,1.4242857142857144,105,7.5928571428571425
SURESTE,Avenida Puesta del Sol,11,2024-08-08,20.3,1.15,18,4.52
SURESTE,Avenida Puesta del Sol,12,2024-08-08,24.964568429602323,1.582857142857143,130,5.574285714285715
SURESTE,Avenida Puesta del Sol,13,2024-08-08,33.423172616856824,1.0166666666666666,81,1.1966666666666665
SURESTE,Avenida Puesta del Sol,14,2024-08-08,29.016897609282047,1.3033333333333335,158,3.173333333333334
SURESTE,Avenida Puesta del Sol,15,2024-08-08,22.1,1.06,13,1.91
SURESTE,Avenida Puesta del Sol,16,2024-08-08,28.520364874574366,1.4357142857142855,159,2.7714285714285714
SURESTE,Avenida Puesta del Sol,17,2024-08-08,28.252178938489894,1.5171428571428573,124,3.492857142857143
SURESTE,Avenida Puesta del Sol,18,2024-08-08,26.06267533035519,1.6314285714285715,295,5.21
SURESTE,Avenida Puesta del Sol,19,2024-08-08,27.376989159976254,1.3800000000000001,217,2.9357142857142855
SURESTE,Avenida Puesta del Sol,20,2024-08-08,27.70642279216519,1.5514285714285714,153,3.494285714285714
SURESTE,Avenida Puesta del Sol,21,2024-08-08,29.091131803569446,1.3733333333333333,156,2.8800000000000003
SURESTE,Avenida Puesta del Sol,22,2024-08-08,29.161951742231093,1.4933333333333334,90,3.001666666666667
SURESTE,Avenida Puesta del Sol,23,2024-08-08,27.879303147077714,0.9400000000000001,40,0.385
SURESTE,Avenida Valparaíso,0,2024-08-08,34.4953148371046,1.0,963,2.6888679245283016
SURESTE,Avenida Valparaíso,1,2024-08-08,38.98474569763983,1.0625925925925925,282,1.5107407407407407
SURESTE,Avenida Valparaíso,5,2024-08-08,40.68894711584605,0.861,388,1.162
SURESTE,Avenida Valparaíso,6,2024-08-08,29.653905309649836,1.3945283018867924,3157,4.032830188679245
SURESTE,Avenida Valparaíso,7,2024-08-08,22.847728428760647,2.2550943396226413,5333,7.517735849056604
SURESTE,Avenida Valparaíso,8,2024-08-08,20.87915220861893,2.9758490566037734,5641,9.776037735849057
SURESTE,Avenida Valparaíso,9,2024-08-08,22.509433781721672,2.5735849056603777,4343,8.257547169811321
SURESTE,Avenida Valparaíso,10,2024-08-08,28.26075804656457,1.2943396226415094,3618,4.156415094339622
SURESTE,Avenida Valparaíso,11,2024-08-08,28.82005106691579,1.3041509433962264,3634,3.9971698113207546
SURESTE,Avenida Valparaíso,12,2024-08-08,25.56260783731108,1.5728301886792453,3564,5.092641509433963
SURESTE,Avenida Valparaíso,13,2024-08-08,27.60808190031044,1.3222222222222224,4570,4.316481481481482
SURESTE,Avenida Valparaíso,14,2024-08-08,29.709051535280995,1.2377358490566037,4449,3.981320754716981
SURESTE,Avenida Valparaíso,15,2024-08-08,29.56517791741204,1.210185185185185,3939,3.968148148148148
SURESTE,Avenida Valparaíso,16,2024-08-08,28.110746799679095,1.3720370370370372,4565,4.519629629629629
SURESTE,Avenida Valparaíso,17,2024-08-08,27.597528938674426,1.5494444444444444,5684,4.820555555555556
SURESTE,Avenida Valparaíso,18,2024-08-08,25.346473792000317,1.6127777777777779,5743,5.3842592592592595
SURESTE,Avenida Valparaíso,19,2024-08-08,27.048583088751915,1.487962962962963,4970,4.652777777777778
SURESTE,Avenida Valparaíso,20,2024-08-08,29.26052181799156,1.366851851851852,4329,4.131111111111111
SURESTE,Avenida Valparaíso,21,2024-08-08,30.017182455945974,1.2171698113207547,2813,4.085471698113207
SURESTE,Avenida Valparaíso,22,2024-08-08,31.512581397339886,1.1858490566037736,1600,3.653396226415094
SURESTE,Avenida Valparaíso,23,2024-08-08,31.429874145737124,1.1452830188679246,1248,3.6767924528301887
SURESTE,Paseo de las Américas,0,2024-08-08,49.123006968967786,1.0,3377,1.705735294117647
SURESTE,Paseo de las Américas,1,2024-08-08,48.14336556747767,1.0133333333333332,1716,1.3312121212121213
SURESTE,Paseo de las Américas,2,2024-08-08,50.03546070683145,0.9750980392156864,923,1.221372549019608
SURESTE,Paseo de las Américas,3,2024-08-08,48.59511193744503,1.0048000000000001,613,1.0228
SURESTE,Paseo de las Américas,5,2024-08-08,51.759018461747054,0.946,1706,1.0618333333333334
SURESTE,Paseo de las Américas,6,2024-08-08,38.25624585490519,1.6948529411764706,14292,3.5217647058823527
SURESTE,Paseo de las Américas,7,2024-08-08,31.390995588157125,2.2817567567567565,19161,4.897432432432433
SURESTE,Paseo de las Américas,8,2024-08-08,25.676035169484525,3.5397333333333334,15795,8.0364
SURESTE,Paseo de las Américas,9,2024-08-08,23.98919662187846,3.251333333333333,14177,7.227733333333334
SURESTE,Paseo de las Américas,10,2024-08-08,30.6708721304973,1.6970666666666667,14968,4.451333333333333
SURESTE,Paseo de las Américas,11,2024-08-08,38.38295998810055,1.2577333333333334,14727,2.9234666666666667
SURESTE,Paseo de las Américas,12,2024-08-08,37.91290307738823,1.2346052631578948,15901,3.1592105263157895
SURESTE,Paseo de las Américas,13,2024-08-08,37.72208339530964,1.2925333333333333,17531,2.869866666666667
SURESTE,Paseo de las Américas,14,2024-08-08,38.47408795676533,1.3078666666666667,17291,3.0690666666666666
SURESTE,Paseo de las Américas,15,2024-08-08,38.55595451765912,1.2772000000000001,14688,3.311733333333333
SURESTE,Paseo de las Américas,16,2024-08-08,36.1217208265962,1.3414473684210526,16980,3.858421052631579
SURESTE,Paseo de las Américas,17,2024-08-08,32.02745067108359,1.6325,18613,4.314078947368421
SURESTE,Paseo de las Américas,18,2024-08-08,29.09300047928339,2.2016,18376,4.558000000000001
SURESTE,Paseo de las Américas,19,2024-08-08,30.27733981192259,2.030533333333333,17673,4.819733333333334
SURESTE,Paseo de las Américas,20,2024-08-08,35.382696428336686,1.4403947368421053,14997,3.4694736842105263
SURESTE,Paseo de las Américas,21,2024-08-08,38.93275720164609,1.2704,10852,2.9836
SURESTE,Paseo de las Américas,22,2024-08-08,42.44736047068935,1.1609333333333332,6691,2.434
SURESTE,Paseo de las Américas,23,2024-08-08,42.75947755311798,1.148970588235294,4916,2.739411764705882
SURESTE,,6,2024-08-09,19.2,1.64,14,14.08
SURESTE,,7,2024-08-09,2.7,11.63,17,77.06
SURESTE,,8,2024-08-09,4.000489296636085,6.385,20,51.915000000000006
SURESTE,,11,2024-08-09,25.57594029072421,1.58,58,14.878
SURESTE,,12,2024-08-09,5.6,5.61,17,35.93
SURESTE,,13,2024-08-09,19.68292810116681,2.792,61,18.556
SURESTE,,14,2024-08-09,4.6,6.9,12,70.63
SURESTE,,15,2024-08-09,22.830754188123333,1.52,82,14.733999999999998
SURESTE,,16,2024-08-09,27.56787693109967,1.05,64,7.787999999999999
SURESTE,,17,2024-08-09,30.356303370054103,1.058,127,6.548
SURESTE,,18,2024-08-09,25.464014731764554,1.4380000000000002,108,11.028
SURESTE,,19,2024-08-09,26.012766442865523,1.52,108,10.431999999999999
SURESTE,,20,2024-08-09,28.827113617104487,1.486,91,6.682
SURESTE,,21,2024-08-09,36.70095169806401,1.04,56,6.1259999999999994
SURESTE,,22,2024-08-09,28.473478969052405,1.05,44,7.1225000000000005
SURESTE,Avenida Azteca,0,2024-08-09,34.30265571752413,1.0,2603,4.156212121212121
SURESTE,Avenida Azteca,1,2024-08-09,37.90259016278593,0.9022727272727272,1899,2.058333333333333
SURESTE,Avenida Azteca,2,2024-08-09,33.25581333077355,1.0941269841269843,1184,4.031269841269841
SURESTE,Avenida Azteca,3,2024-08-09,43.75007468036802,0.8906000000000001,947,1.3932
SURESTE,Avenida Azteca,4,2024-08-09,37.33222549500019,1.0070689655172413,790,1.995
SURESTE,Avenida Azteca,5,2024-08-09,33.176857175741745,1.1896969696969697,1657,4.223181818181819
SURESTE,Avenida Azteca,6,2024-08-09,28.223922196136037,1.182205882352941,5760,5.252205882352941
SURESTE,Avenida Azteca,7,2024-08-09,21.99247362599408,2.2589705882352944,8995,8.67029411764706
SURESTE,Avenida Azteca,8,2024-08-09,21.23584134114642,2.239402985074627,9672,8.363283582089553
SURESTE,Avenida Azteca,9,2024-08-09,19.582623592952597,2.240289855072464,8330,9.887536231884058
SURESTE,Avenida Azteca,10,2024-08-09,23.84164138280818,1.8243283582089553,7327,6.360746268656716
SURESTE,Avenida Azteca,11,2024-08-09,19.4280633317113,2.1960869565217394,7836,9.476811594202898
SURESTE,Avenida Azteca,12,2024-08-09,18.58287274460169,2.786470588235294,8878,9.817941176470589
SURESTE,Avenida Azteca,13,2024-08-09,17.04289890975191,2.6078260869565217,8213,11.550289855072464
SURESTE,Avenida Azteca,14,2024-08-09,16.381559887235127,2.553478260869565,7952,11.262463768115943
SURESTE,Avenida Azteca,15,2024-08-09,17.01140477521425,2.4102898550724636,8432,10.899565217391306
SURESTE,Avenida Azteca,16,2024-08-09,11.939922946686023,3.552608695652174,8861,15.291739130434784
SURESTE,Avenida Azteca,17,2024-08-09,14.862755237668011,2.5229411764705882,10153,10.44044117647059
SURESTE,Avenida Azteca,18,2024-08-09,15.175818289303825,2.8317391304347828,10097,11.719420289855073
SURESTE,Avenida Azteca,19,2024-08-09,17.945070558475663,2.082173913043478,11729,9.904927536231884
SURESTE,Avenida Azteca,20,2024-08-09,20.146460815816035,1.6686956521739131,10509,8.789130434782608
SURESTE,Avenida Azteca,21,2024-08-09,25.56814352185121,1.257536231884058,8578,6.13304347826087
SURESTE,Avenida Azteca,22,2024-08-09,29.184158650251707,1.0670588235294118,7348,4.196617647058823
SURESTE,Avenida Azteca,23,2024-08-09,30.850800395421093,1.0458823529411765,6344,3.322941176470588
SURESTE,Avenida Benito Juárez,0,2024-08-09,41.77354521328241,1.0,9526,2.3761802575107294
SURESTE,Avenida Benito Juárez,1,2024-08-09,44.539882842629716,0.9657327586206897,9557,2.1211637931034484
SURESTE,Avenida Benito Juárez,2,2024-08-09,43.91691761544746,0.9779912663755459,5808,1.7868558951965066
SURESTE,Avenida Benito Juárez,3,2024-08-09,44.57849004603233,1.025409090909091,3274,2.2754545454545454
SURESTE,Avenida Benito Juárez,4,2024-08-09,45.833641790707915,0.946198347107438,1655,1.6886776859504133
SURESTE,Avenida Benito Juárez,5,2024-08-09,36.56361638134688,1.2287555555555556,8859,3.658044444444444
SURESTE,Avenida Benito Juárez,6,2024-08-09,32.029661174516335,1.5828936170212766,31031,5.1135744680851065
SURESTE,Avenida Benito Juárez,7,2024-08-09,26.82429160390162,2.1880425531914898,39653,7.539659574468085
SURESTE,Avenida Benito Juárez,8,2024-08-09,27.640119195137782,2.1478297872340426,33579,6.798851063829788
SURESTE,Avenida Benito Juárez,9,2024-08-09,30.571030549181632,1.6009787234042554,32181,5.22268085106383
SURESTE,Avenida Benito Juárez,10,2024-08-09,29.960665604531773,1.6339574468085107,33950,5.308468085106383
SURESTE,Avenida Benito Juárez,11,2024-08-09,30.44580126236556,1.5020253164556963,32749,5.564177215189874
SURESTE,Avenida Benito Juárez,12,2024-08-09,29.444514028753346,1.572212765957447,36289,5.326382978723404
SURESTE,Avenida Benito Juárez,13,2024-08-09,29.293295896889422,1.5782627118644066,39342,5.379915254237289
SURESTE,Avenida Benito Juárez,14,2024-08-09,28.758975188287614,1.6172151898734175,34472,5.94295358649789
SURESTE,Avenida Benito Juárez,15,2024-08-09,29.70812076107837,1.6261181434599155,35653,5.854852320675105
SURESTE,Avenida Benito Juárez,16,2024-08-09,28.543551938632827,1.7028691983122362,37852,6.663670886075949
SURESTE,Avenida Benito Juárez,17,2024-08-09,24.16418723782392,2.2616455696202533,41127,7.779662447257384
SURESTE,Avenida Benito Juárez,18,2024-08-09,23.789813889280307,2.3062711864406777,39690,8.172627118644067
SURESTE,Avenida Benito Juárez,19,2024-08-09,27.258553528568754,1.8601687763713082,41336,6.224388185654009
SURESTE,Avenida Benito Juárez,20,2024-08-09,30.481438913790626,1.649704641350211,46397,5.465274261603375
SURESTE,Avenida Benito Juárez,21,2024-08-09,34.75389945221404,1.30635593220339,35356,4.110423728813559
SURESTE,Avenida Benito Juárez,22,2024-08-09,37.57888622798492,1.1989361702127659,28340,3.440723404255319
SURESTE,Avenida Benito Juárez,23,2024-08-09,41.14195276951116,1.0526808510638297,21460,2.6698723404255316
SURESTE,Avenida Chapultepec,0,2024-08-09,52.527371973719745,1.0,4198,0.9914285714285715
SURESTE,Avenida Chapultepec,1,2024-08-09,53.659243542435426,0.9818571428571429,3077,0.8775714285714286
SURESTE,Avenida Chapultepec,2,2024-08-09,51.61174421744218,1.0537142857142858,1570,1.5445714285714287
SURESTE,Avenida Chapultepec,3,2024-08-09,51.622885428854296,1.033857142857143,1209,1.0542857142857143
SURESTE,Avenida Chapultepec,4,2024-08-09,55.14818018180183,0.9534285714285714,1577,0.8674285714285714
SURESTE,Avenida Chapultepec,5,2024-08-09,49.14364638646387,1.0892857142857142,3665,1.2950000000000002
SURESTE,Avenida Chapultepec,6,2024-08-09,35.33210107101071,1.7074285714285713,11064,2.921
SURESTE,Avenida Chapultepec,7,2024-08-09,35.90008370083701,2.0162857142857145,14140,3.3107142857142855
SURESTE,Avenida Chapultepec,8,2024-08-09,32.24361128611286,2.365,15062,3.6714285714285713
SURESTE,Avenida Chapultepec,9,2024-08-09,32.150175501755015,2.4284285714285714,12597,4.082857142857143
SURESTE,Avenida Chapultepec,10,2024-08-09,31.845617856178563,2.2684285714285712,12730,4.059428571428571
SURESTE,Avenida Chapultepec,11,2024-08-09,39.42423229232293,1.3467142857142858,11545,2.5061428571428572
SURESTE,Avenida Chapultepec,12,2024-08-09,39.739567095670964,1.348,13653,2.398285714285714
SURESTE,Avenida Chapultepec,13,2024-08-09,39.95473404734048,1.3194285714285714,14796,2.359
SURESTE,Avenida Chapultepec,14,2024-08-09,37.78009360093601,1.4052857142857142,15033,2.4207142857142854
SURESTE,Avenida Chapultepec,15,2024-08-09,40.47045405454055,1.2921428571428573,15262,2.553
SURESTE,Avenida Chapultepec,16,2024-08-09,40.54948879488795,1.2934285714285716,15148,2.2614285714285716
SURESTE,Avenida Chapultepec,17,2024-08-09,41.44551930519305,1.2912857142857144,19627,2.2034285714285717
SURESTE,Avenida Chapultepec,18,2024-08-09,40.6739780397804,1.3337142857142856,23088,2.347714285714286
SURESTE,Avenida Chapultepec,19,2024-08-09,41.34248537485375,1.3165714285714285,22780,2.2762857142857142
SURESTE,Avenida Chapultepec,20,2024-08-09,42.59163441634417,1.2482857142857142,20908,1.9794285714285715
SURESTE,Avenida Chapultepec,21,2024-08-09,44.08170056700567,1.2014285714285713,16570,2.2935714285714286
SURESTE,Avenida Chapultepec,22,2024-08-09,47.904801998019984,1.098,12541,1.6198571428571429
SURESTE,Avenida Chapultepec,23,2024-08-09,49.54366123661237,1.0501428571428573,10547,1.1680000000000001
SURESTE,Avenida Constitución,0,2024-08-09,73.8823413361684,1.0,1382,1.3622222222222222
SURESTE,Avenida Constitución,1,2024-08-09,74.87456435663465,0.9890000000000001,1384,1.58
SURESTE,Avenida Constitución,2,2024-08-09,75.22937352850855,1.0166666666666666,722,1.1566666666666667
SURESTE,Avenida Constitución,3,2024-08-09,75.04171665472413,1.015,238,1.53
SURESTE,Avenida Constitución,4,2024-08-09,77.08311086088646,0.9916666666666667,443,1.2616666666666667
SURESTE,Avenida Constitución,5,2024-08-09,71.70231651141366,1.0616666666666668,1536,1.155
SURESTE,Avenida Constitución,6,2024-08-09,21.957187020165833,3.66,3262,15.868333333333332
SURESTE,Avenida Constitución,7,2024-08-09,8.750333708670283,8.828333333333333,1661,16.788333333333334
SURESTE,Avenida Constitución,8,2024-08-09,6.997437813491657,10.983333333333334,1478,26.023333333333337
SURESTE,Avenida Constitución,9,2024-08-09,9.197701914218445,8.31,1467,27.58666666666667
SURESTE,Avenida Constitución,10,2024-08-09,13.503398505476506,5.915,1801,15.99
SURESTE,Avenida Constitución,11,2024-08-09,12.48048827925069,6.176666666666667,1970,15.806666666666667
SURESTE,Avenida Constitución,12,2024-08-09,12.155766199201556,6.425,1877,18.363333333333333
SURESTE,Avenida Constitución,13,2024-08-09,12.193800798444057,6.313333333333333,1803,12.326666666666668
SURESTE,Avenida Constitución,14,2024-08-09,12.926610707339542,5.986666666666667,2232,13.085
SURESTE,Avenida Constitución,15,2024-08-09,16.062944006551337,4.848333333333334,2857,11.728333333333332
SURESTE,Avenida Constitución,16,2024-08-09,20.932063766940495,3.751111111111111,3736,11.462222222222222
SURESTE,Avenida Constitución,17,2024-08-09,19.167896407001738,4.036666666666666,3862,9.014999999999999
SURESTE,Avenida Constitución,18,2024-08-09,16.243917494114033,4.806666666666667,3384,10.616666666666667
SURESTE,Avenida Constitución,19,2024-08-09,23.347864366448544,3.3985714285714286,4864,9.804285714285713
SURESTE,Avenida Constitución,20,2024-08-09,44.280517512675566,1.73875,5220,7.575
SURESTE,Avenida Constitución,21,2024-08-09,68.0849263375809,1.107,4577,1.558
SURESTE,Avenida Constitución,22,2024-08-09,68.46432548136833,1.0870000000000002,3215,2.087
SURESTE,Avenida Constitución,23,2024-08-09,72.0867190687103,1.045,2599,1.30875
SURESTE,Avenida Doctor Ignacio Morones Prieto,0,2024-08-09,72.637095113548,1.0,7482,0.9997916666666667
SURESTE,Avenida Doctor Ignacio Morones Prieto,1,2024-08-09,73.84336276658193,0.9725,5156,0.7764583333333334
SURESTE,Avenida Doctor Ignacio Morones Prieto,2,2024-08-09,77.00782526915594,0.9645833333333332,3151,1.5539583333333333
SURESTE,Avenida Doctor Ignacio Morones Prieto,3,2024-08-09,73.84135335572842,0.956875,3805,0.5904166666666667
SURESTE,Avenida Doctor Ignacio Morones Prieto,4,2024-08-09,79.88530499217812,0.8808333333333334,6351,0.4479166666666667
SURESTE,Avenida Doctor Ignacio Morones Prieto,5,2024-08-09,78.59445859931338,0.916875,7157,0.720625
SURESTE,Avenida Doctor Ignacio Morones Prieto,6,2024-08-09,81.4212306642612,0.8758333333333334,13452,0.7889583333333333
SURESTE,Avenida Doctor Ignacio Morones Prieto,7,2024-08-09,78.65229447181508,0.9266666666666667,17750,0.9139583333333334
SURESTE,Avenida Doctor Ignacio Morones Prieto,8,2024-08-09,74.35656439304297,1.0,16686,1.7854166666666667
SURESTE,Avenida Doctor Ignacio Morones Prieto,9,2024-08-09,74.02274955512048,0.9824999999999999,14778,0.7970833333333333
SURESTE,Avenida Doctor Ignacio Morones Prieto,10,2024-08-09,68.93877382295179,1.085625,15098,1.0170833333333333
SURESTE,Avenida Doctor Ignacio Morones Prieto,11,2024-08-09,69.16228159412852,1.1139583333333334,15022,1.15875
SURESTE,Avenida Doctor Ignacio Morones Prieto,12,2024-08-09,69.47653525689294,1.0820833333333335,15102,0.8620833333333334
SURESTE,Avenida Doctor Ignacio Morones Prieto,13,2024-08-09,69.76245216969042,1.08,18005,1.099375
SURESTE,Avenida Doctor Ignacio Morones Prieto,14,2024-08-09,39.342844893029145,2.3354166666666667,16401,6.1675
SURESTE,Avenida Doctor Ignacio Morones Prieto,15,2024-08-09,27.545330686082572,3.9545833333333333,15863,5.288958333333333
SURESTE,Avenida Doctor Ignacio Morones Prieto,16,2024-08-09,16.264564540567786,7.422291666666666,11580,14.692291666666668
SURESTE,Avenida Doctor Ignacio Morones Prieto,17,2024-08-09,17.030465717385493,6.538541666666667,13683,10.892916666666666
SURESTE,Avenida Doctor Ignacio Morones Prieto,18,2024-08-09,16.210370686820195,4.769375,16662,9.650625
SURESTE,Avenida Doctor Ignacio Morones Prieto,19,2024-08-09,15.42377454520867,4.882916666666667,19569,10.180625000000001
SURESTE,Avenida Doctor Ignacio Morones Prieto,20,2024-08-09,18.326689389585365,4.042291666666666,21381,9.362708333333334
SURESTE,Avenida Doctor Ignacio Morones Prieto,21,2024-08-09,55.835814413788654,1.3727083333333334,19630,2.076875
SURESTE,Avenida Doctor Ignacio Morones Prieto,22,2024-08-09,66.24963041961588,1.0852083333333333,18388,0.7089583333333334
SURESTE,Avenida Doctor Ignacio Morones Prieto,23,2024-08-09,69.76140535822404,1.0427083333333333,15151,0.8116666666666666
SURESTE,Avenida Eloy Cavazos,0,2024-08-09,51.52739750678754,1.0,13451,1.4288073394495413
SURESTE,Avenida Eloy Cavazos,1,2024-08-09,50.29045758821536,1.026186046511628,10489,1.7666511627906976
SURESTE,Avenida Eloy Cavazos,2,2024-08-09,52.215187753926564,0.9870466321243523,4669,1.3874093264248704
SURESTE,Avenida Eloy Cavazos,3,2024-08-09,50.247117623863,1.0369696969696969,2978,1.931313131313131
SURESTE,Avenida Eloy Cavazos,4,2024-08-09,56.96383923943968,0.9495287958115183,3626,1.1131937172774868
SURESTE,Avenida Eloy Cavazos,5,2024-08-09,50.95330889518321,1.0851,11294,1.8169499999999998
SURESTE,Avenida Eloy Cavazos,6,2024-08-09,40.66600086884889,1.4698695652173912,36427,3.4826521739130434
SURESTE,Avenida Eloy Cavazos,7,2024-08-09,32.13555043590362,2.5948051948051947,38387,6.867748917748918
SURESTE,Avenida Eloy Cavazos,8,2024-08-09,31.59308613016047,2.562,35395,6.121695652173913
SURESTE,Avenida Eloy Cavazos,9,2024-08-09,35.976577986134295,1.6116738197424891,33507,4.35068669527897
SURESTE,Avenida Eloy Cavazos,10,2024-08-09,41.56536823240032,1.3166666666666667,38312,3.064805194805195
SURESTE,Avenida Eloy Cavazos,11,2024-08-09,43.02283760056004,1.2527272727272727,38583,2.7375324675324677
SURESTE,Avenida Eloy Cavazos,12,2024-08-09,42.22803672893273,1.3009401709401711,39340,3.136367521367521
SURESTE,Avenida Eloy Cavazos,13,2024-08-09,41.821215582179775,1.3009913793103447,44218,3.4177155172413793
SURESTE,Avenida Eloy Cavazos,14,2024-08-09,39.13693704561386,1.3347435897435898,41925,3.0896153846153847
SURESTE,Avenida Eloy Cavazos,15,2024-08-09,39.59407231265918,1.376594827586207,45601,3.6262499999999998
SURESTE,Avenida Eloy Cavazos,16,2024-08-09,41.198408915845874,1.3772844827586208,49735,3.077241379310345
SURESTE,Avenida Eloy Cavazos,17,2024-08-09,39.48069565366064,1.4631196581196582,58466,3.4365811965811965
SURESTE,Avenida Eloy Cavazos,18,2024-08-09,37.58706073215459,2.003617021276596,58007,4.223234042553192
SURESTE,Avenida Eloy Cavazos,19,2024-08-09,36.825578938159104,1.862077922077922,60520,4.268831168831169
SURESTE,Avenida Eloy Cavazos,20,2024-08-09,37.00177785034792,1.5837229437229436,65292,3.5901731601731606
SURESTE,Avenida Eloy Cavazos,21,2024-08-09,40.11788837447308,1.3657641921397379,56244,2.938340611353712
SURESTE,Avenida Eloy Cavazos,22,2024-08-09,43.075005112434226,1.2821777777777779,39019,2.808488888888889
SURESTE,Avenida Eloy Cavazos,23,2024-08-09,43.9454441123118,1.219295154185022,34893,2.232202643171806
SURESTE,Avenida Exposición,0,2024-08-09,41.62932709255415,1.0,427,1.4075
SURESTE,Avenida Exposición,1,2024-08-09,36.8273748288495,1.1158823529411763,193,3.065294117647059
SURESTE,Avenida Exposición,2,2024-08-09,32.363157894736844,0.655,32,0.255
SURESTE,Avenida Exposición,4,2024-08-09,18.358479532163745,1.17,30,0.835
SURESTE,Avenida Exposición,5,2024-08-09,22.570808835213732,1.486,59,1.7600000000000002
SURESTE,Avenida Exposición,6,2024-08-09,34.923362774666096,1.2864285714285715,1727,2.957142857142857
SURESTE,Avenida Exposición,7,2024-08-09,28.515348987505384,1.584642857142857,2783,5.5075
SURESTE,Avenida Exposición,8,2024-08-09,30.461007206924915,1.8085714285714285,2868,5.951071428571429
SURESTE,Avenida Exposición,9,2024-08-09,31.72990286318593,1.7042857142857142,2157,5.087142857142857
SURESTE,Avenida Exposición,10,2024-08-09,36.440702479338846,1.1821428571428572,1932,2.972142857142857
SURESTE,Avenida Exposición,11,2024-08-09,32.55476675414202,1.3685714285714285,2240,4.0675
SURESTE,Avenida Exposición,12,2024-08-09,29.966862833418197,1.8478571428571429,2157,7.285714285714286
SURESTE,Avenida Exposición,13,2024-08-09,29.158095060906348,1.9800000000000002,2190,6.588571428571428
SURESTE,Avenida Exposición,14,2024-08-09,29.124132427245307,2.087142857142857,2471,7.416428571428571
SURESTE,Avenida Exposición,15,2024-08-09,33.182172652853396,1.4682142857142857,2664,5.006785714285714
SURESTE,Avenida Exposición,16,2024-08-09,31.26329462222396,1.5971428571428572,3068,5.372857142857143
SURESTE,Avenida Exposición,17,2024-08-09,24.274655320982333,2.662857142857143,2790,9.626428571428573
SURESTE,Avenida Exposición,18,2024-08-09,29.67095002154244,1.949642857142857,2717,6.297142857142857
SURESTE,Avenida Exposición,19,2024-08-09,27.806997375739297,1.9235714285714285,2913,7.235
SURESTE,Avenida Exposición,20,2024-08-09,30.616266499549567,1.4453571428571428,2481,4.737857142857143
SURESTE,Avenida Exposición,21,2024-08-09,35.95898319689789,1.2446428571428572,1794,4.979642857142857
SURESTE,Avenida Exposición,22,2024-08-09,37.526035016254745,1.105,1450,2.3771428571428572
SURESTE,Avenida Exposición,23,2024-08-09,38.023090556578275,1.1078571428571429,1323,2.5239285714285713
SURESTE,Avenida General Lázaro Cárdenas,0,2024-08-09,39.51688698615756,1.0,2991,1.8572932330827068
SURESTE,Avenida General Lázaro Cárdenas,1,2024-08-09,39.36709636074845,1.009925925925926,2317,1.856074074074074
SURESTE,Avenida General Lázaro Cárdenas,2,2024-08-09,36.90515664827143,1.1018000000000001,1420,2.6143
SURESTE,Avenida General Lázaro Cárdenas,3,2024-08-09,38.20251613856995,1.0385714285714287,524,1.8214285714285714
SURESTE,Avenida General Lázaro Cárdenas,4,2024-08-09,41.662173880068764,1.0866666666666667,262,3.045833333333333
SURESTE,Avenida General Lázaro Cárdenas,5,2024-08-09,36.31868075608198,1.167295081967213,2199,3.9139344262295084
SURESTE,Avenida General Lázaro Cárdenas,6,2024-08-09,31.20623230463544,1.3908270676691727,8146,4.6838345864661655
SURESTE,Avenida General Lázaro Cárdenas,7,2024-08-09,28.258437438398236,1.8292105263157896,13536,7.508684210526315
SURESTE,Avenida General Lázaro Cárdenas,8,2024-08-09,24.910937659302483,2.2118055555555554,11146,8.790069444444445
SURESTE,Avenida General Lázaro Cárdenas,9,2024-08-09,29.66357680031198,1.6434666666666666,9460,5.5572
SURESTE,Avenida General Lázaro Cárdenas,10,2024-08-09,28.064171768290773,1.6187500000000001,9728,6.067631578947368
SURESTE,Avenida General Lázaro Cárdenas,11,2024-08-09,28.459060871295375,1.6527631578947368,11570,6.12375
SURESTE,Avenida General Lázaro Cárdenas,12,2024-08-09,25.51249297624728,2.0336184210526316,9230,6.92546052631579
SURESTE,Avenida General Lázaro Cárdenas,13,2024-08-09,26.170690731962544,1.8135526315789476,12057,6.761052631578948
SURESTE,Avenida General Lázaro Cárdenas,14,2024-08-09,25.903759941488683,1.9489473684210528,12280,6.768618421052631
SURESTE,Avenida General Lázaro Cárdenas,15,2024-08-09,26.027165572650013,1.9477631578947368,12743,7.1811184210526315
SURESTE,Avenida General Lázaro Cárdenas,16,2024-08-09,24.687516603690856,2.030657894736842,13020,7.582302631578948
SURESTE,Avenida General Lázaro Cárdenas,17,2024-08-09,23.148152822120814,2.5371052631578945,15276,8.825460526315789
SURESTE,Avenida General Lázaro Cárdenas,18,2024-08-09,23.025049143240338,2.425394736842105,13661,8.341644736842106
SURESTE,Avenida General Lázaro Cárdenas,19,2024-08-09,23.859395432211805,2.259276315789474,14089,7.707105263157895
SURESTE,Avenida General Lázaro Cárdenas,20,2024-08-09,26.928832666115206,1.7880263157894738,13041,6.517434210526315
SURESTE,Avenida General Lázaro Cárdenas,21,2024-08-09,30.68441767793353,1.3546710526315788,12712,4.509539473684211
SURESTE,Avenida General Lázaro Cárdenas,22,2024-08-09,30.75245071398173,1.3305263157894738,9770,4.196578947368421
SURESTE,Avenida General Lázaro Cárdenas,23,2024-08-09,34.49423582491558,1.1703947368421053,7583,3.1209210526315787
SURESTE,Avenida Ignacio Morones Prieto,0,2024-08-09,67.342379753915,1.0,432,0.33
SURESTE,Avenida Ignacio Morones Prieto,1,2024-08-09,69.28740212527964,0.9866666666666667,285,0.38666666666666666
SURESTE,Avenida Ignacio Morones Prieto,2,2024-08-09,75.97105704697987,0.89,170,0.20000000000000004
SURESTE,Avenida Ignacio Morones Prieto,3,2024-08-09,72.31939317673378,0.94,182,0.2333333333333333
SURESTE,Avenida Ignacio Morones Prieto,4,2024-08-09,76.61560402684565,0.89,268,0.23
SURESTE,Avenida Ignacio Morones Prieto,5,2024-08-09,75.82255313199106,0.9,300,0.27
SURESTE,Avenida Ignacio Morones Prieto,6,2024-08-09,79.59842002237137,0.8533333333333334,561,0.18666666666666668
SURESTE,Avenida Ignacio Morones Prieto,7,2024-08-09,75.44326062639821,0.9,876,0.21333333333333335
SURESTE,Avenida Ignacio Morones Prieto,8,2024-08-09,70.01031879194632,0.9700000000000001,750,0.63
SURESTE,Avenida Ignacio Morones Prieto,9,2024-08-09,68.4567393736018,0.9933333333333333,693,0.38999999999999996
SURESTE,Avenida Ignacio Morones Prieto,10,2024-08-09,68.03569630872482,0.9933333333333333,738,0.3066666666666667
SURESTE,Avenida Ignacio Morones Prieto,11,2024-08-09,63.935766219239376,1.06,760,0.3
SURESTE,Avenida Ignacio Morones Prieto,12,2024-08-09,63.59842002237137,1.0666666666666667,789,0.35333333333333333
SURESTE,Avenida Ignacio Morones Prieto,13,2024-08-09,65.65515939597314,1.0333333333333334,899,0.38999999999999996
SURESTE,Avenida Ignacio Morones Prieto,14,2024-08-09,25.598825503355705,2.67,762,4.079999999999999
SURESTE,Avenida Ignacio Morones Prieto,15,2024-08-09,13.957438478747203,4.739999999999999,670,4.166666666666667
SURESTE,Avenida Ignacio Morones Prieto,16,2024-08-09,6.168638143176734,11.036666666666667,375,12.813333333333333
SURESTE,Avenida Ignacio Morones Prieto,17,2024-08-09,7.775866890380313,8.473333333333334,586,7.8066666666666675
SURESTE,Avenida Ignacio Morones Prieto,18,2024-08-09,12.640645973154363,5.406666666666666,997,5.41
SURESTE,Avenida Ignacio Morones Prieto,19,2024-08-09,14.506054250559284,4.66,1297,3.4333333333333336
SURESTE,Avenida Ignacio Morones Prieto,20,2024-08-09,15.717953020134232,4.306666666666667,1300,3.4166666666666665
SURESTE,Avenida Ignacio Morones Prieto,21,2024-08-09,57.59492449664429,1.1666666666666667,1078,0.44333333333333336
SURESTE,Avenida Ignacio Morones Prieto,22,2024-08-09,58.675796979865765,1.1533333333333333,976,1.1199999999999999
SURESTE,Avenida Ignacio Morones Prieto,23,2024-08-09,56.35619407158838,1.2,828,1.9566666666666668
SURESTE,Avenida Las Torres,0,2024-08-09,38.57338804058985,1.0,771,2.7633333333333336
SURESTE,Avenida Las Torres,1,2024-08-09,39.62312950955943,0.9981578947368421,488,2.223421052631579
SURESTE,Avenida Las Torres,2,2024-08-09,47.65856177833635,0.7738888888888888,184,0.9761111111111112
SURESTE,Avenida Las Torres,5,2024-08-09,47.66809694977919,0.9044444444444445,98,1.1866666666666665
SURESTE,Avenida Las Torres,6,2024-08-09,33.677562848800385,1.2808474576271187,3742,3.8359322033898304
SURESTE,Avenida Las Torres,7,2024-08-09,26.872065694971702,1.9983050847457628,6401,7.247796610169492
SURESTE,Avenida Las Torres,8,2024-08-09,27.569916626500266,1.7613559322033898,6366,5.749152542372881
SURESTE,Avenida Las Torres,9,2024-08-09,35.9028792339039,1.1383050847457628,4450,2.788813559322034
SURESTE,Avenida Las Torres,10,2024-08-09,36.02733798334123,1.1108474576271188,4230,2.506779661016949
SURESTE,Avenida Las Torres,11,2024-08-09,32.87339457215811,1.2861016949152542,5443,3.83
SURESTE,Avenida Las Torres,12,2024-08-09,31.07821334533678,1.4066101694915254,5201,4.333559322033898
SURESTE,Avenida Las Torres,13,2024-08-09,31.151105605105183,1.5254237288135593,4758,4.289152542372881
SURESTE,Avenida Las Torres,14,2024-08-09,31.713009532383413,1.2998305084745763,5122,4.060677966101695
SURESTE,Avenida Las Torres,15,2024-08-09,34.57131322224834,1.1696610169491526,5744,3.073050847457627
SURESTE,Avenida Las Torres,16,2024-08-09,35.342653531921336,1.1332203389830509,6793,2.509322033898305
SURESTE,Avenida Las Torres,17,2024-08-09,33.21997020383287,1.1998305084745764,6713,3.3471186440677965
SURESTE,Avenida Las Torres,18,2024-08-09,33.69711040913962,1.2222033898305085,6553,3.7377966101694917
SURESTE,Avenida Las Torres,19,2024-08-09,34.280395078055605,1.1735593220338982,6463,3.0354237288135595
SURESTE,Avenida Las Torres,20,2024-08-09,34.000321862340115,1.1911864406779662,5489,3.275593220338983
SURESTE,Avenida Las Torres,21,2024-08-09,36.30950808440123,1.1172881355932203,3896,2.7783050847457624
SURESTE,Avenida Las Torres,22,2024-08-09,38.12315297623079,1.0352542372881355,2718,2.145084745762712
SURESTE,Avenida Las Torres,23,2024-08-09,37.80921729293058,1.0649152542372882,2391,2.8044067796610173
SURESTE,Avenida Pablo Livas,0,2024-08-09,48.88987873660039,1.0,5517,1.8098734177215188
SURESTE,Avenida Pablo Livas,1,2024-08-09,47.73211548952452,1.2926582278481014,3253,2.5400632911392402
SURESTE,Avenida Pablo Livas,2,2024-08-09,48.22410569398485,1.014190476190476,1465,2.3057142857142856
SURESTE,Avenida Pablo Livas,3,2024-08-09,40.89047131202787,0.9382978723404256,540,1.7051063829787234
SURESTE,Avenida Pablo Livas,4,2024-08-09,49.79674326853365,1.0242857142857142,942,1.4242857142857144
SURESTE,Avenida Pablo Livas,5,2024-08-09,46.746290510293264,1.0579333333333334,4935,2.2258666666666667
SURESTE,Avenida Pablo Livas,6,2024-08-09,41.90624982153888,1.2524683544303796,28357,3.4265822784810127
SURESTE,Avenida Pablo Livas,7,2024-08-09,36.158182687091134,1.676898734177215,45998,4.376835443037974
SURESTE,Avenida Pablo Livas,8,2024-08-09,34.319987346166506,1.6675316455696205,37006,4.656708860759494
SURESTE,Avenida Pablo Livas,9,2024-08-09,42.187457676533754,1.220379746835443,27184,3.4015189873417726
SURESTE,Avenida Pablo Livas,10,2024-08-09,40.44941637574371,1.2940506329113926,25891,3.6887974683544305
SURESTE,Avenida Pablo Livas,11,2024-08-09,40.625485752414676,1.2680379746835442,23502,3.604240506329114
SURESTE,Avenida Pablo Livas,12,2024-08-09,39.07453047815561,1.329493670886076,29792,4.095253164556961
SURESTE,Avenida Pablo Livas,13,2024-08-09,39.83190569437536,1.3336708860759494,31550,4.356075949367089
SURESTE,Avenida Pablo Livas,14,2024-08-09,38.50039930208548,1.3827215189873419,30375,4.725253164556962
SURESTE,Avenida Pablo Livas,15,2024-08-09,39.48303394443435,1.3522784810126582,30905,4.328860759493671
SURESTE,Avenida Pablo Livas,16,2024-08-09,39.6101967054948,1.4106962025316454,29938,4.604177215189874
SURESTE,Avenida Pablo Livas,17,2024-08-09,38.54733044689673,1.4679746835443037,37279,4.402531645569621
SURESTE,Avenida Pablo Livas,18,2024-08-09,36.94227297114114,1.774493670886076,42477,5.825949367088608
SURESTE,Avenida Pablo Livas,19,2024-08-09,36.7625308268123,1.9954430379746835,41456,5.790506329113924
SURESTE,Avenida Pablo Livas,20,2024-08-09,38.39448761742743,1.5145569620253165,32433,4.495063291139241
SURESTE,Avenida Pablo Livas,21,2024-08-09,40.791144270232984,1.3205696202531645,27255,3.6479113924050632
SURESTE,Avenida Pablo Livas,22,2024-08-09,44.757582757123046,1.1425316455696204,18110,3.2487341772151894
SURESTE,Avenida Pablo Livas,23,2024-08-09,45.865591942423556,1.0872784810126581,13727,2.9434177215189874
SURESTE,Avenida Puesta del Sol,6,2024-08-09,24.600000000000005,1.02,13,1.83
SURESTE,Avenida Puesta del Sol,7,2024-08-09,33.02843397582081,1.0685714285714287,138,2.2857142857142856
SURESTE,Avenida Puesta del Sol,8,2024-08-09,33.017900096841714,1.082857142857143,226,2.6128571428571425
SURESTE,Avenida Puesta del Sol,9,2024-08-09,25.469610446409046,1.532857142857143,219,4.55
SURESTE,Avenida Puesta del Sol,10,2024-08-09,23.96592733747774,1.5628571428571427,117,10.069999999999999
SURESTE,Avenida Puesta del Sol,11,2024-08-09,28.292821217706415,1.3214285714285714,100,3.241428571428571
SURESTE,Avenida Puesta del Sol,12,2024-08-09,28.037305926087903,1.4114285714285713,195,4.408571428571428
SURESTE,Avenida Puesta del Sol,13,2024-08-09,20.772759363968632,1.7185714285714286,143,10.894285714285715
SURESTE,Avenida Puesta del Sol,14,2024-08-09,29.696482459154662,1.302857142857143,123,3.1542857142857144
SURESTE,Avenida Puesta del Sol,15,2024-08-09,28.5158101902471,1.3271428571428572,78,3.0342857142857147
SURESTE,Avenida Puesta del Sol,16,2024-08-09,27.34883321358283,1.5628571428571427,141,3.4114285714285715
SURESTE,Avenida Puesta del Sol,17,2024-08-09,27.533582206116645,1.467142857142857,176,3.4828571428571427
SURESTE,Avenida Puesta del Sol,18,2024-08-09,26.98011308612664,1.4,203,3.218571428571429
SURESTE,Avenida Puesta del Sol,19,2024-08-09,27.423042079285242,1.6428571428571428,220,3.565714285714286
SURESTE,Avenida Puesta del Sol,20,2024-08-09,25.9530286464028,1.5614285714285714,316,3.3228571428571425
SURESTE,Avenida Puesta del Sol,21,2024-08-09,24.322185271403757,1.6483333333333334,219,5.7
SURESTE,Avenida Puesta del Sol,22,2024-08-09,26.522624986143445,1.635,185,4.283333333333333
SURESTE,Avenida Puesta del Sol,23,2024-08-09,29.712139577020398,1.4028571428571428,114,2.617142857142857
SURESTE,Avenida Valparaíso,0,2024-08-09,35.482238634688,1.0,650,1.914186046511628
SURESTE,Avenida Valparaíso,1,2024-08-09,36.04932233011117,1.0865714285714285,464,2.613142857142857
SURESTE,Avenida Valparaíso,2,2024-08-09,34.37513584719249,1.225,20,2.35
SURESTE,Avenida Valparaíso,5,2024-08-09,40.5402194812058,0.8785714285714286,244,1.4814285714285713
SURESTE,Avenida Valparaíso,6,2024-08-09,30.278522018502244,1.193125,2840,3.470625
SURESTE,Avenida Valparaíso,7,2024-08-09,25.70707735076525,1.508490566037736,5525,5.392641509433962
SURESTE,Avenida Valparaíso,8,2024-08-09,21.259957796769793,2.1675471698113205,4738,8.22056603773585
SURESTE,Avenida Valparaíso,9,2024-08-09,23.991565900998676,2.428679245283019,3713,8.392264150943396
SURESTE,Avenida Valparaíso,10,2024-08-09,29.246740329265776,1.339811320754717,3979,4.611320754716981
SURESTE,Avenida Valparaíso,11,2024-08-09,29.395605507192936,1.241851851851852,4845,4.313703703703704
SURESTE,Avenida Valparaíso,12,2024-08-09,24.357039327568582,1.6679245283018869,4664,6.852641509433962
SURESTE,Avenida Valparaíso,13,2024-08-09,25.830552164358718,1.6125925925925926,4622,4.767037037037038
SURESTE,Avenida Valparaíso,14,2024-08-09,26.900403902036132,1.4962264150943396,5010,5.002641509433962
SURESTE,Avenida Valparaíso,15,2024-08-09,26.236982704065614,1.3781481481481481,5571,5.152222222222223
SURESTE,Avenida Valparaíso,16,2024-08-09,27.024877543190005,1.4305555555555556,6004,4.5777777777777775
SURESTE,Avenida Valparaíso,17,2024-08-09,26.645947588983624,1.537777777777778,6279,4.841111111111111
SURESTE,Avenida Valparaíso,18,2024-08-09,26.33635634308835,1.5438888888888889,6379,5.0401851851851855
SURESTE,Avenida Valparaíso,19,2024-08-09,26.840124474918156,1.5453703703703705,6449,4.834444444444444
SURESTE,Avenida Valparaíso,20,2024-08-09,27.519120204501625,1.475925925925926,6224,4.995555555555556
SURESTE,Avenida Valparaíso,21,2024-08-09,30.30397542392729,1.2468518518518519,3649,4.254259259259259
SURESTE,Avenida Valparaíso,22,2024-08-09,31.85591255861234,1.1705555555555556,2842,3.438148148148148
SURESTE,Avenida Valparaíso,23,2024-08-09,32.55115353817177,1.1201886792452829,1972,2.9337735849056608
SURESTE,Paseo de las Américas,0,2024-08-09,47.80692850531356,1.0,3293,1.3623880597014926
SURESTE,Paseo de las Américas,1,2024-08-09,48.343766398262915,0.9902985074626864,1913,1.365820895522388
SURESTE,Paseo de las Américas,2,2024-08-09,47.54474454211421,0.976,875,1.8482500000000002
SURESTE,Paseo de las Américas,3,2024-08-09,47.08380022825455,0.9383783783783783,468,1.2886486486486486
SURESTE,Paseo de las Américas,4,2024-08-09,57.76799797519614,1.0372727272727273,119,0.8490909090909091
SURESTE,Paseo de las Américas,5,2024-08-09,48.511078115195474,1.012857142857143,1828,1.358095238095238
SURESTE,Paseo de las Américas,6,2024-08-09,39.30276389914955,1.3508955223880599,11963,3.0434328358208953
SURESTE,Paseo de las Américas,7,2024-08-09,32.74395787215906,1.7855714285714286,19801,4.457285714285714
SURESTE,Paseo de las Américas,8,2024-08-09,22.92954633348208,2.890133333333333,15231,9.426666666666666
SURESTE,Paseo de las Américas,9,2024-08-09,24.32521691705092,2.759733333333333,13182,7.4892
SURESTE,Paseo de las Américas,10,2024-08-09,30.40808435387641,1.5645333333333333,15268,3.8509333333333333
SURESTE,Paseo de las Américas,11,2024-08-09,37.371954489884445,1.1505263157894736,16398,2.7505263157894735
SURESTE,Paseo de las Américas,12,2024-08-09,36.57948396892377,1.1780263157894737,17187,2.8628947368421054
SURESTE,Paseo de las Américas,13,2024-08-09,35.30865441495445,1.2581578947368421,21072,3.5219736842105265
SURESTE,Paseo de las Américas,14,2024-08-09,32.950747516816236,1.3253333333333335,21277,4.013866666666667
SURESTE,Paseo de las Américas,15,2024-08-09,32.108704696927866,1.3957894736842105,21479,3.926447368421053
SURESTE,Paseo de las Américas,16,2024-08-09,34.39443316112579,1.3369736842105262,21521,3.246052631578947
SURESTE,Paseo de las Américas,17,2024-08-09,29.179485283485164,1.8803947368421052,20667,4.636052631578948
SURESTE,Paseo de las Américas,18,2024-08-09,28.326952123673934,2.0121052631578946,19310,4.863552631578948
SURESTE,Paseo de las Américas,19,2024-08-09,29.92161796216692,1.8382894736842106,20176,4.423684210526315
SURESTE,Paseo de las Américas,20,2024-08-09,33.474536830449374,1.3974666666666666,21420,4.099466666666666
SURESTE,Paseo de las Américas,21,2024-08-09,39.41617597963872,1.1238666666666668,15318,2.6089333333333333
SURESTE,Paseo de las Américas,22,2024-08-09,42.39647836383634,1.0756000000000001,9969,2.990133333333333
SURESTE,Paseo de las Américas,23,2024-08-09,44.06887749964409,1.092205882352941,7434,1.6991176470588236
SURESTE,,0,2024-08-10,33.83400402414487,1.0,40,4.915
SURESTE,,6,2024-08-10,34.5,1.06,17,3.36
SURESTE,,8,2024-08-10,5.6,6.51,14,52.13
SURESTE,,10,2024-08-10,10.7,3.4,13,26.76
SURESTE,,11,2024-08-10,28.31864611172675,1.326,75,7.4719999999999995
SURESTE,,12,2024-08-10,26.40404047333219,2.06,38,19.333333333333332
SURESTE,,13,2024-08-10,20.278766051756733,3.006,92,20.157999999999998
SURESTE,,14,2024-08-10,19.014265693240336,3.9299999999999997,94,17.564
SURESTE,,15,2024-08-10,26.682211068378855,1.85,81,12.482
SURESTE,,16,2024-08-10,28.398187862590444,1.472,88,7.002000000000001
SURESTE,,17,2024-08-10,28.0,1.3,17,7.17
SURESTE,,18,2024-08-10,31.141141385828828,1.454,66,8.748000000000001
SURESTE,,19,2024-08-10,31.7,1.15,11,4.58
SURESTE,,20,2024-08-10,38.66995399803587,1.345,22,10.33
SURESTE,,21,2024-08-10,34.41264252179745,1.3825,50,6.6775
SURESTE,Avenida Azteca,0,2024-08-10,36.26600083323522,1.0,4586,2.539850746268657
SURESTE,Avenida Azteca,1,2024-08-10,34.42161441459403,1.0692647058823528,3736,3.124705882352941
SURESTE,Avenida Azteca,2,2024-08-10,35.84222075432987,1.084090909090909,3073,2.3865151515151513
SURESTE,Avenida Azteca,3,2024-08-10,33.5347979414187,1.1880597014925371,2013,3.2076119402985075
SURESTE,Avenida Azteca,4,2024-08-10,35.08488140090485,1.1040983606557375,1081,2.8857377049180326
SURESTE,Avenida Azteca,5,2024-08-10,35.874089337407526,1.124153846153846,1984,3.1464615384615384
SURESTE,Avenida Azteca,6,2024-08-10,34.24102147082355,1.14,2351,3.362058823529412
SURESTE,Avenida Azteca,7,2024-08-10,33.76381268510048,1.1383582089552238,4142,3.862238805970149
SURESTE,Avenida Azteca,8,2024-08-10,28.170718186150424,1.4805882352941178,6874,5.326911764705883
SURESTE,Avenida Azteca,9,2024-08-10,25.275972438999865,1.8897058823529411,9504,6.188382352941177
SURESTE,Avenida Azteca,10,2024-08-10,22.325706403647985,2.311323529411765,9024,7.6875
SURESTE,Avenida Azteca,11,2024-08-10,21.557372261497232,2.288970588235294,9415,8.471323529411764
SURESTE,Avenida Azteca,12,2024-08-10,17.877617942644342,2.9128985507246377,9974,11.187101449275362
SURESTE,Avenida Azteca,13,2024-08-10,15.35790098086134,3.8576811594202898,10999,12.577246376811594
SURESTE,Avenida Azteca,14,2024-08-10,16.497917623038617,3.464558823529412,9873,10.683823529411764
SURESTE,Avenida Azteca,15,2024-08-10,18.376758130612608,2.562463768115942,10006,10.849855072463768
SURESTE,Avenida Azteca,16,2024-08-10,23.062609034863,1.7853623188405796,11608,7.552898550724637
SURESTE,Avenida Azteca,17,2024-08-10,25.02153591866773,1.557391304347826,8190,6.587391304347825
SURESTE,Avenida Azteca,18,2024-08-10,27.501766282369093,1.4080882352941178,8614,5.324411764705882
SURESTE,Avenida Azteca,19,2024-08-10,24.3068688444818,1.5495652173913044,8669,6.343333333333334
SURESTE,Avenida Azteca,20,2024-08-10,25.25398079383276,1.493529411764706,10188,5.6125
SURESTE,Avenida Azteca,21,2024-08-10,28.133630314509297,1.2963235294117648,6835,4.79764705882353
SURESTE,Avenida Azteca,22,2024-08-10,29.37562303743209,1.215,6586,4.128382352941177
SURESTE,Avenida Azteca,23,2024-08-10,32.64016329598869,1.1913432835820896,5938,3.327462686567164
SURESTE,Avenida Benito Juárez,0,2024-08-10,43.89357597660186,1.0,19988,2.1033191489361704
SURESTE,Avenida Benito Juárez,1,2024-08-10,44.97405218255161,1.0080172413793105,16727,2.0909482758620688
SURESTE,Avenida Benito Juárez,2,2024-08-10,46.8235235044662,0.9705957446808511,10536,1.849191489361702
SURESTE,Avenida Benito Juárez,3,2024-08-10,45.81663118954762,1.04375,7056,1.9754741379310345
SURESTE,Avenida Benito Juárez,4,2024-08-10,45.04146746598792,1.1724890829694323,4879,3.835589519650655
SURESTE,Avenida Benito Juárez,5,2024-08-10,43.479971202220554,1.0493506493506495,6375,2.723116883116883
SURESTE,Avenida Benito Juárez,6,2024-08-10,40.846236117710696,1.1330172413793105,14447,3.2419827586206895
SURESTE,Avenida Benito Juárez,7,2024-08-10,38.61735733268314,1.1962978723404256,22916,3.7037021276595743
SURESTE,Avenida Benito Juárez,8,2024-08-10,36.167075488398346,1.3275744680851065,34131,4.0764680851063835
SURESTE,Avenida Benito Juárez,9,2024-08-10,34.56298738241644,1.4520425531914893,42687,4.628936170212766
SURESTE,Avenida Benito Juárez,10,2024-08-10,31.658413744960704,1.518936170212766,40000,5.268042553191489
SURESTE,Avenida Benito Juárez,11,2024-08-10,32.44794592686856,1.4599148936170212,39841,4.601446808510638
SURESTE,Avenida Benito Juárez,12,2024-08-10,30.772801968035754,1.5348101265822784,45459,6.0410126582278485
SURESTE,Avenida Benito Juárez,13,2024-08-10,28.96778397780188,1.6964978902953587,47964,6.297004219409283
SURESTE,Avenida Benito Juárez,14,2024-08-10,30.239286772168718,1.6472995780590718,47065,5.627510548523206
SURESTE,Avenida Benito Juárez,15,2024-08-10,31.89526602023792,1.541097046413502,47881,5.48210970464135
SURESTE,Avenida Benito Juárez,16,2024-08-10,33.236391455292306,1.4416455696202533,47044,5.100337552742616
SURESTE,Avenida Benito Juárez,17,2024-08-10,34.15876155517034,1.380340425531915,37607,4.745276595744682
SURESTE,Avenida Benito Juárez,18,2024-08-10,34.756351488714536,1.3466808510638297,37260,4.054765957446809
SURESTE,Avenida Benito Juárez,19,2024-08-10,33.988038890268285,1.361898734177215,37710,4.553037974683544
SURESTE,Avenida Benito Juárez,20,2024-08-10,34.40714284158575,1.3343881856540085,42625,4.337426160337553
SURESTE,Avenida Benito Juárez,21,2024-08-10,36.148854308270735,1.264,31497,3.699063829787234
SURESTE,Avenida Benito Juárez,22,2024-08-10,37.10509759592976,1.2522784810126584,27257,3.8570042194092826
SURESTE,Avenida Benito Juárez,23,2024-08-10,40.191224642700014,1.0953164556962027,27846,2.65831223628692
SURESTE,Avenida Chapultepec,0,2024-08-10,49.32107911079111,1.0,9527,1.338142857142857
SURESTE,Avenida Chapultepec,1,2024-08-10,52.428518585185856,0.9394285714285715,7054,0.8707142857142857
SURESTE,Avenida Chapultepec,2,2024-08-10,53.767720727207276,0.9258571428571429,6274,0.9528571428571428
SURESTE,Avenida Chapultepec,3,2024-08-10,52.01229277292774,0.9681428571428571,3440,1.0878571428571429
SURESTE,Avenida Chapultepec,4,2024-08-10,49.8949707497075,0.9944285714285714,2067,1.444
SURESTE,Avenida Chapultepec,5,2024-08-10,53.21905319053191,0.9447142857142856,3133,1.4120000000000001
SURESTE,Avenida Chapultepec,6,2024-08-10,50.051605166051665,0.9891428571428571,6000,1.7055714285714285
SURESTE,Avenida Chapultepec,7,2024-08-10,46.53227207272073,1.061,8790,1.5478571428571428
SURESTE,Avenida Chapultepec,8,2024-08-10,44.762430024300244,1.1265714285714286,12398,2.0275714285714286
SURESTE,Avenida Chapultepec,9,2024-08-10,38.806691116911175,1.491,13892,2.7712857142857144
SURESTE,Avenida Chapultepec,10,2024-08-10,32.407488974889745,1.9740000000000002,14536,4.037285714285715
SURESTE,Avenida Chapultepec,11,2024-08-10,36.55857483574836,1.5618571428571428,17120,2.9722857142857144
SURESTE,Avenida Chapultepec,12,2024-08-10,39.250729007290076,1.2995714285714286,16213,2.4974285714285713
SURESTE,Avenida Chapultepec,13,2024-08-10,37.515180901809025,1.3892857142857142,21007,2.7761428571428572
SURESTE,Avenida Chapultepec,14,2024-08-10,40.45031590315903,1.2247142857142859,20518,2.306142857142857
SURESTE,Avenida Chapultepec,15,2024-08-10,41.56076410764108,1.1897142857142857,21691,2.355714285714286
SURESTE,Avenida Chapultepec,16,2024-08-10,43.807229322293225,1.1354285714285715,19815,2.1284285714285716
SURESTE,Avenida Chapultepec,17,2024-08-10,43.77821123211233,1.133857142857143,17275,2.0382857142857143
SURESTE,Avenida Chapultepec,18,2024-08-10,43.85670506705067,1.1424285714285713,18937,2.2681428571428572
SURESTE,Avenida Chapultepec,19,2024-08-10,44.238066330663315,1.127857142857143,16762,1.7605714285714285
SURESTE,Avenida Chapultepec,20,2024-08-10,43.4039870398704,1.1535714285714285,17641,2.1318571428571427
SURESTE,Avenida Chapultepec,21,2024-08-10,45.8569354693547,1.086142857142857,15154,1.6688571428571428
SURESTE,Avenida Chapultepec,22,2024-08-10,47.460545855458555,1.0450000000000002,11870,1.5848571428571427
SURESTE,Avenida Chapultepec,23,2024-08-10,49.91945819458195,0.9948571428571429,11501,1.3972857142857142
SURESTE,Avenida Constitución,0,2024-08-10,74.29092485026328,1.0,2495,1.682
SURESTE,Avenida Constitución,1,2024-08-10,75.39571692728221,0.985,2178,1.4869999999999999
SURESTE,Avenida Constitución,2,2024-08-10,72.80704370969393,1.0066666666666666,1069,2.295
SURESTE,Avenida Constitución,3,2024-08-10,73.77617872863138,0.9983333333333334,543,1.3583333333333334
SURESTE,Avenida Constitución,4,2024-08-10,76.03431117346297,0.9755555555555555,486,1.5555555555555556
SURESTE,Avenida Constitución,5,2024-08-10,75.9769761490429,0.9716666666666667,1077,1.14
SURESTE,Avenida Constitución,6,2024-08-10,75.02171690201263,0.9857142857142858,2260,1.864285714285714
SURESTE,Avenida Constitución,7,2024-08-10,49.501893817582506,1.543,4100,7.555
SURESTE,Avenida Constitución,8,2024-08-10,21.63111167980346,3.5066666666666664,3790,7.786666666666666
SURESTE,Avenida Constitución,9,2024-08-10,16.891347118435867,4.453333333333333,3389,10.061666666666666
SURESTE,Avenida Constitución,10,2024-08-10,14.95165830688914,5.005,2782,9.775
SURESTE,Avenida Constitución,11,2024-08-10,15.004360732930698,4.971666666666667,3027,13.968333333333334
SURESTE,Avenida Constitución,12,2024-08-10,16.98300849626369,4.493333333333333,3115,11.205
SURESTE,Avenida Constitución,13,2024-08-10,13.279492271470978,5.626666666666666,2870,10.461666666666668
SURESTE,Avenida Constitución,14,2024-08-10,15.952493602211074,4.691666666666666,3208,12.151666666666666
SURESTE,Avenida Constitución,15,2024-08-10,24.844581840515918,3.4599999999999995,4241,10.168333333333335
SURESTE,Avenida Constitución,16,2024-08-10,51.11733026490332,1.621,5184,6.665000000000001
SURESTE,Avenida Constitución,17,2024-08-10,63.34007868714073,1.167,5084,1.6510000000000002
SURESTE,Avenida Constitución,18,2024-08-10,62.338262752743496,1.188,5926,1.9280000000000002
SURESTE,Avenida Constitución,19,2024-08-10,42.350249620500115,1.913333333333333,5414,6.70888888888889
SURESTE,Avenida Constitución,20,2024-08-10,23.847978298699967,3.1616666666666666,4926,12.600000000000001
SURESTE,Avenida Constitución,21,2024-08-10,68.90841892109178,1.084,3911,1.6800000000000002
SURESTE,Avenida Constitución,22,2024-08-10,69.09346434457531,1.076,3914,1.6170000000000002
SURESTE,Avenida Constitución,23,2024-08-10,71.62519325215138,1.0271428571428571,3006,1.1342857142857141
SURESTE,Avenida Doctor Ignacio Morones Prieto,0,2024-08-10,70.32786866603765,1.0,13851,0.8679166666666668
SURESTE,Avenida Doctor Ignacio Morones Prieto,1,2024-08-10,71.68856283173872,0.9874999999999999,10468,1.1441666666666668
SURESTE,Avenida Doctor Ignacio Morones Prieto,2,2024-08-10,74.35576898844081,0.9318749999999999,8166,0.7399999999999999
SURESTE,Avenida Doctor Ignacio Morones Prieto,3,2024-08-10,75.46900718876107,0.9245833333333334,6336,0.6170833333333333
SURESTE,Avenida Doctor Ignacio Morones Prieto,4,2024-08-10,76.30001536716775,0.9208333333333334,6505,0.950625
SURESTE,Avenida Doctor Ignacio Morones Prieto,5,2024-08-10,77.72779090816887,0.8858333333333334,7576,0.7814583333333333
SURESTE,Avenida Doctor Ignacio Morones Prieto,6,2024-08-10,81.73700629131847,0.8485416666666666,11405,0.6945833333333334
SURESTE,Avenida Doctor Ignacio Morones Prieto,7,2024-08-10,80.50887023656217,0.8795833333333333,12062,0.8464583333333334
SURESTE,Avenida Doctor Ignacio Morones Prieto,8,2024-08-10,77.2151855278161,0.9039583333333333,15032,0.7079166666666666
SURESTE,Avenida Doctor Ignacio Morones Prieto,9,2024-08-10,70.25801198024396,1.0689583333333335,15418,1.8335416666666664
SURESTE,Avenida Doctor Ignacio Morones Prieto,10,2024-08-10,67.2988025902898,1.105625,16003,1.4452083333333334
SURESTE,Avenida Doctor Ignacio Morones Prieto,11,2024-08-10,58.873063813700746,1.3027083333333334,19352,2.73875
SURESTE,Avenida Doctor Ignacio Morones Prieto,12,2024-08-10,48.966226346087055,1.5579166666666666,21153,4.784166666666667
SURESTE,Avenida Doctor Ignacio Morones Prieto,13,2024-08-10,36.871977047598264,2.116041666666667,23197,4.5285416666666665
SURESTE,Avenida Doctor Ignacio Morones Prieto,14,2024-08-10,44.45535622631535,1.6614583333333333,26301,3.405416666666667
SURESTE,Avenida Doctor Ignacio Morones Prieto,15,2024-08-10,55.46739117740166,1.2510416666666668,25588,1.8633333333333333
SURESTE,Avenida Doctor Ignacio Morones Prieto,16,2024-08-10,68.97992648346954,1.013125,27159,0.6710416666666666
SURESTE,Avenida Doctor Ignacio Morones Prieto,17,2024-08-10,68.29567260556476,1.0397916666666667,23690,0.9308333333333333
SURESTE,Avenida Doctor Ignacio Morones Prieto,18,2024-08-10,68.41070292498671,1.03375,22713,1.14625
SURESTE,Avenida Doctor Ignacio Morones Prieto,19,2024-08-10,65.14811029938316,1.089375,20979,0.9081250000000001
SURESTE,Avenida Doctor Ignacio Morones Prieto,20,2024-08-10,64.07952540039156,1.0991666666666668,21478,0.8420833333333334
SURESTE,Avenida Doctor Ignacio Morones Prieto,21,2024-08-10,65.30130252113754,1.0839583333333334,20150,1.3620833333333333
SURESTE,Avenida Doctor Ignacio Morones Prieto,22,2024-08-10,66.95640334512507,1.0627083333333334,17045,1.2770833333333333
SURESTE,Avenida Doctor Ignacio Morones Prieto,23,2024-08-10,67.88829421364666,1.0433333333333332,17721,1.2039583333333332
SURESTE,Avenida Eloy Cavazos,0,2024-08-10,46.184333561147604,1.0,28169,2.0275675675675675
SURESTE,Avenida Eloy Cavazos,1,2024-08-10,50.31333912156668,0.9172018348623853,21534,1.359678899082569
SURESTE,Avenida Eloy Cavazos,2,2024-08-10,52.67372307176848,0.8831797235023042,16035,1.6152073732718895
SURESTE,Avenida Eloy Cavazos,3,2024-08-10,53.50507074491551,0.8676279069767442,8362,1.364232558139535
SURESTE,Avenida Eloy Cavazos,4,2024-08-10,54.10202355242959,0.8631924882629108,6365,1.2349765258215963
SURESTE,Avenida Eloy Cavazos,5,2024-08-10,53.06933214839063,0.8887906976744187,8263,1.5724651162790697
SURESTE,Avenida Eloy Cavazos,6,2024-08-10,52.014506170866184,0.9336279069767441,19202,2.0017209302325583
SURESTE,Avenida Eloy Cavazos,7,2024-08-10,45.91368809645678,1.0720982142857143,32740,2.673839285714286
SURESTE,Avenida Eloy Cavazos,8,2024-08-10,43.06196500331044,1.1794736842105265,38295,3.0628508771929828
SURESTE,Avenida Eloy Cavazos,9,2024-08-10,42.408231612727626,1.1218965517241377,47107,2.9702155172413796
SURESTE,Avenida Eloy Cavazos,10,2024-08-10,41.27257871703945,1.2238095238095237,49341,3.310995670995671
SURESTE,Avenida Eloy Cavazos,11,2024-08-10,41.70967628959776,1.1969827586206896,53624,3.2430603448275863
SURESTE,Avenida Eloy Cavazos,12,2024-08-10,40.43289703398765,1.3354700854700854,53598,3.7188034188034185
SURESTE,Avenida Eloy Cavazos,13,2024-08-10,39.6495372314052,1.347094017094017,61666,3.57517094017094
SURESTE,Avenida Eloy Cavazos,14,2024-08-10,38.8026106752414,1.356340425531915,67592,3.9458297872340427
SURESTE,Avenida Eloy Cavazos,15,2024-08-10,40.55686402088158,1.2184615384615385,71539,3.496324786324786
SURESTE,Avenida Eloy Cavazos,16,2024-08-10,40.810038386549365,1.2442857142857142,61960,3.344069264069264
SURESTE,Avenida Eloy Cavazos,17,2024-08-10,41.028020106497564,1.2054273504273505,58229,3.202051282051282
SURESTE,Avenida Eloy Cavazos,18,2024-08-10,41.664786279160374,1.2407522123893806,62289,3.36712389380531
SURESTE,Avenida Eloy Cavazos,19,2024-08-10,40.31421199208962,1.2383333333333333,62747,3.3285042735042736
SURESTE,Avenida Eloy Cavazos,20,2024-08-10,40.09164025877653,1.2404741379310347,61978,2.8742241379310345
SURESTE,Avenida Eloy Cavazos,21,2024-08-10,42.74267314122892,1.1442290748898678,49921,2.5206607929515417
SURESTE,Avenida Eloy Cavazos,22,2024-08-10,44.050178299114556,1.0983842794759826,43554,2.2593886462882096
SURESTE,Avenida Eloy Cavazos,23,2024-08-10,45.044045362829515,1.0554017857142857,41564,2.2203125
SURESTE,Avenida Exposición,0,2024-08-10,37.2577219850378,1.0,888,2.1310714285714285
SURESTE,Avenida Exposición,1,2024-08-10,39.481833849046254,0.9789285714285715,562,2.182857142857143
SURESTE,Avenida Exposición,2,2024-08-10,39.783266421213426,0.9578571428571429,455,1.8585714285714285
SURESTE,Avenida Exposición,3,2024-08-10,44.03613731606039,1.2593750000000001,218,2.759375
SURESTE,Avenida Exposición,4,2024-08-10,29.918128654970758,0.95,28,0.215
SURESTE,Avenida Exposición,5,2024-08-10,34.225155693079,1.1442857142857144,207,3.087857142857143
SURESTE,Avenida Exposición,6,2024-08-10,36.17072774274411,1.035,733,3.032857142857143
SURESTE,Avenida Exposición,7,2024-08-10,39.40120833496533,1.002142857142857,1093,2.422857142857143
SURESTE,Avenida Exposición,8,2024-08-10,35.583309506090636,1.1007142857142858,1876,3.8721428571428573
SURESTE,Avenida Exposición,9,2024-08-10,30.114795738513966,1.7075,2476,5.614285714285714
SURESTE,Avenida Exposición,10,2024-08-10,34.88528651443343,1.137857142857143,2055,3.5117857142857143
SURESTE,Avenida Exposición,11,2024-08-10,35.18984665700521,1.186785714285714,2279,3.3753571428571427
SURESTE,Avenida Exposición,12,2024-08-10,32.49246210489209,1.3907142857142856,2319,5.393571428571429
SURESTE,Avenida Exposición,13,2024-08-10,30.349770866789395,1.6582142857142856,3045,6.064285714285715
SURESTE,Avenida Exposición,14,2024-08-10,27.332703380204457,2.2617857142857143,2798,9.362142857142857
SURESTE,Avenida Exposición,15,2024-08-10,31.013686302925855,1.4739285714285715,3036,7.093214285714287
SURESTE,Avenida Exposición,16,2024-08-10,32.16872821276095,1.270357142857143,2909,4.976071428571429
SURESTE,Avenida Exposición,17,2024-08-10,31.095779640437115,1.3517857142857144,2311,5.557142857142857
SURESTE,Avenida Exposición,18,2024-08-10,35.02947886882613,1.105357142857143,2139,2.978571428571428
SURESTE,Avenida Exposición,19,2024-08-10,33.29986780776311,1.1817857142857144,2089,3.7439285714285715
SURESTE,Avenida Exposición,20,2024-08-10,34.11052152285457,1.1460714285714286,2265,3.0064285714285712
SURESTE,Avenida Exposición,21,2024-08-10,34.3320189181779,1.0857142857142859,1277,3.511428571428571
SURESTE,Avenida Exposición,22,2024-08-10,38.523538051780186,1.065357142857143,1172,2.571071428571429
SURESTE,Avenida Exposición,23,2024-08-10,35.75184677450942,1.055,1217,2.8546428571428573
SURESTE,Avenida General Lázaro Cárdenas,0,2024-08-10,36.906782439623036,1.0,7743,2.8384666666666667
SURESTE,Avenida General Lázaro Cárdenas,1,2024-08-10,38.45598810613835,0.9826973684210527,7062,2.4176315789473684
SURESTE,Avenida General Lázaro Cárdenas,2,2024-08-10,38.073136016589686,1.0256,3873,2.6498000000000004
SURESTE,Avenida General Lázaro Cárdenas,3,2024-08-10,36.4718754919262,1.0678947368421055,2522,2.329385964912281
SURESTE,Avenida General Lázaro Cárdenas,4,2024-08-10,39.36323740355267,0.9959398496240602,1901,1.906015037593985
SURESTE,Avenida General Lázaro Cárdenas,5,2024-08-10,36.668027124325675,1.121742424242424,2198,3.339621212121212
SURESTE,Avenida General Lázaro Cárdenas,6,2024-08-10,37.506413458412574,1.0927972027972028,4338,3.6065034965034966
SURESTE,Avenida General Lázaro Cárdenas,7,2024-08-10,34.4797250996351,1.1350735294117646,5430,3.964779411764706
SURESTE,Avenida General Lázaro Cárdenas,8,2024-08-10,34.12943270185574,1.2553947368421052,9855,4.595921052631579
SURESTE,Avenida General Lázaro Cárdenas,9,2024-08-10,31.232102004233596,1.4057894736842105,11437,5.145657894736842
SURESTE,Avenida General Lázaro Cárdenas,10,2024-08-10,28.144786579243586,1.5582236842105264,13171,6.021315789473684
SURESTE,Avenida General Lázaro Cárdenas,11,2024-08-10,29.878229406357026,1.4379605263157895,16721,5.520328947368421
SURESTE,Avenida General Lázaro Cárdenas,12,2024-08-10,26.086924305592657,1.8341447368421053,13153,7.382434210526316
SURESTE,Avenida General Lázaro Cárdenas,13,2024-08-10,23.9299794952478,2.104407894736842,13906,9.24171052631579
SURESTE,Avenida General Lázaro Cárdenas,14,2024-08-10,24.34988052711767,2.0150657894736845,15808,8.662697368421053
SURESTE,Avenida General Lázaro Cárdenas,15,2024-08-10,25.678970930414646,1.8988815789473683,16743,7.87203947368421
SURESTE,Avenida General Lázaro Cárdenas,16,2024-08-10,27.14768966895787,1.6574342105263158,14843,6.851052631578948
SURESTE,Avenida General Lázaro Cárdenas,17,2024-08-10,27.169726290113687,1.5266447368421054,13301,6.638223684210526
SURESTE,Avenida General Lázaro Cárdenas,18,2024-08-10,29.093265856179336,1.4436184210526317,13107,5.783881578947368
SURESTE,Avenida General Lázaro Cárdenas,19,2024-08-10,29.474395957266104,1.3564473684210527,15261,4.778421052631579
SURESTE,Avenida General Lázaro Cárdenas,20,2024-08-10,27.467501510925793,1.5008000000000001,13954,5.985333333333333
SURESTE,Avenida General Lázaro Cárdenas,21,2024-08-10,30.323563700140564,1.3219078947368421,10889,4.817236842105263
SURESTE,Avenida General Lázaro Cárdenas,22,2024-08-10,31.68545410267953,1.3489403973509935,8898,4.657947019867549
SURESTE,Avenida General Lázaro Cárdenas,23,2024-08-10,32.65129651566596,1.1773684210526316,10316,3.653355263157895
SURESTE,Avenida Ignacio Morones Prieto,0,2024-08-10,63.12607662192394,1.0,756,0.6233333333333333
SURESTE,Avenida Ignacio Morones Prieto,1,2024-08-10,68.15791387024609,0.93,551,0.25666666666666665
SURESTE,Avenida Ignacio Morones Prieto,2,2024-08-10,63.732718120805366,0.9700000000000001,485,1.6199999999999999
SURESTE,Avenida Ignacio Morones Prieto,3,2024-08-10,67.7871504474273,0.93,343,0.45999999999999996
SURESTE,Avenida Ignacio Morones Prieto,4,2024-08-10,71.26988255033557,0.89,306,0.3333333333333333
SURESTE,Avenida Ignacio Morones Prieto,5,2024-08-10,75.41314317673378,0.84,339,0.17333333333333334
SURESTE,Avenida Ignacio Morones Prieto,6,2024-08-10,76.37572706935123,0.83,488,0.29333333333333333
SURESTE,Avenida Ignacio Morones Prieto,7,2024-08-10,71.939331655481,0.8866666666666667,615,0.6533333333333333
SURESTE,Avenida Ignacio Morones Prieto,8,2024-08-10,73.63761185682327,0.8666666666666667,732,0.3
SURESTE,Avenida Ignacio Morones Prieto,9,2024-08-10,68.91546420581656,0.93,750,0.3733333333333333
SURESTE,Avenida Ignacio Morones Prieto,10,2024-08-10,69.10756431767338,0.9199999999999999,825,0.26666666666666666
SURESTE,Avenida Ignacio Morones Prieto,11,2024-08-10,64.4896812080537,0.9866666666666667,1036,0.35000000000000003
SURESTE,Avenida Ignacio Morones Prieto,12,2024-08-10,63.596840044742734,0.9966666666666667,1094,0.31
SURESTE,Avenida Ignacio Morones Prieto,13,2024-08-10,59.03536073825504,1.07,1112,0.4066666666666667
SURESTE,Avenida Ignacio Morones Prieto,14,2024-08-10,63.94608501118569,0.9933333333333333,1323,0.4366666666666667
SURESTE,Avenida Ignacio Morones Prieto,15,2024-08-10,63.84759507829977,0.9966666666666667,1337,0.4033333333333333
SURESTE,Avenida Ignacio Morones Prieto,16,2024-08-10,66.20205536912752,0.9666666666666667,1388,0.3466666666666667
SURESTE,Avenida Ignacio Morones Prieto,17,2024-08-10,64.8952600671141,0.9733333333333333,1312,0.3333333333333333
SURESTE,Avenida Ignacio Morones Prieto,18,2024-08-10,60.85822147651007,1.0233333333333334,1216,1.3766666666666667
SURESTE,Avenida Ignacio Morones Prieto,19,2024-08-10,57.01192673378076,1.0933333333333335,1148,1.4966666666666664
SURESTE,Avenida Ignacio Morones Prieto,20,2024-08-10,55.22912472035794,1.1266666666666667,1206,2.0
SURESTE,Avenida Ignacio Morones Prieto,21,2024-08-10,60.290520134228196,1.0433333333333332,1133,0.43333333333333335
SURESTE,Avenida Ignacio Morones Prieto,22,2024-08-10,58.46150727069351,1.07,940,0.9499999999999998
SURESTE,Avenida Ignacio Morones Prieto,23,2024-08-10,58.42659395973155,1.0566666666666666,1059,1.62
SURESTE,Avenida Las Torres,0,2024-08-10,39.327730750998846,1.0,1824,1.9240677966101694
SURESTE,Avenida Las Torres,1,2024-08-10,38.51734551205191,1.0259322033898306,1478,2.2977966101694913
SURESTE,Avenida Las Torres,2,2024-08-10,41.03519572656042,0.9969491525423729,1060,2.09864406779661
SURESTE,Avenida Las Torres,3,2024-08-10,43.75130416825518,0.9066666666666666,404,1.2506666666666666
SURESTE,Avenida Las Torres,5,2024-08-10,41.78426154306109,0.9646938775510204,630,2.0585714285714287
SURESTE,Avenida Las Torres,6,2024-08-10,38.960408143754556,1.1284745762711863,1457,3.216779661016949
SURESTE,Avenida Las Torres,7,2024-08-10,35.39960723234238,1.1677966101694917,2584,3.369491525423729
SURESTE,Avenida Las Torres,8,2024-08-10,35.34783360354368,1.1745762711864407,4053,3.3716949152542375
SURESTE,Avenida Las Torres,9,2024-08-10,31.44947796955852,1.3567796610169491,5630,4.637627118644068
SURESTE,Avenida Las Torres,10,2024-08-10,34.02199259875956,1.213050847457627,4974,3.6610169491525424
SURESTE,Avenida Las Torres,11,2024-08-10,33.66039141328638,1.2435593220338983,5327,3.4461016949152543
SURESTE,Avenida Las Torres,12,2024-08-10,35.65401431650063,1.144406779661017,5452,2.8527118644067797
SURESTE,Avenida Las Torres,13,2024-08-10,35.96930715944535,1.1066101694915256,7033,2.70864406779661
SURESTE,Avenida Las Torres,14,2024-08-10,35.858658216452426,1.1166101694915254,6363,3.3871186440677965
SURESTE,Avenida Las Torres,15,2024-08-10,38.57090372412255,0.9932203389830508,6880,1.9325423728813558
SURESTE,Avenida Las Torres,16,2024-08-10,37.140510438617106,1.0549152542372882,6155,3.814915254237288
SURESTE,Avenida Las Torres,17,2024-08-10,39.58371687267715,0.9684745762711865,4736,1.93135593220339
SURESTE,Avenida Las Torres,18,2024-08-10,39.2022653850597,0.9683050847457627,4827,2.014915254237288
SURESTE,Avenida Las Torres,19,2024-08-10,38.644691063938275,1.0069491525423728,4359,2.328135593220339
SURESTE,Avenida Las Torres,20,2024-08-10,37.36238154231016,1.0471186440677966,4727,2.898135593220339
SURESTE,Avenida Las Torres,21,2024-08-10,39.02508136186011,1.0593220338983051,2696,2.854915254237288
SURESTE,Avenida Las Torres,22,2024-08-10,38.81028844123822,0.991186440677966,2324,1.7461016949152541
SURESTE,Avenida Las Torres,23,2024-08-10,39.66998354837297,0.9769491525423729,2170,2.0276271186440677
SURESTE,Avenida Pablo Livas,0,2024-08-10,47.20001127122936,1.0,12576,2.432911392405063
SURESTE,Avenida Pablo Livas,1,2024-08-10,49.18781700332577,0.9613924050632912,10069,1.9221518987341772
SURESTE,Avenida Pablo Livas,2,2024-08-10,50.973371645494296,0.9275949367088607,5400,1.8158227848101265
SURESTE,Avenida Pablo Livas,3,2024-08-10,50.56268682062665,0.9382911392405063,3866,1.6165822784810127
SURESTE,Avenida Pablo Livas,4,2024-08-10,49.695361907503525,0.9044117647058824,1908,1.6897058823529412
SURESTE,Avenida Pablo Livas,5,2024-08-10,49.6558628967972,0.99875,3214,2.186907894736842
SURESTE,Avenida Pablo Livas,6,2024-08-10,48.423125406703534,1.0113291139240506,7455,2.413481012658228
SURESTE,Avenida Pablo Livas,7,2024-08-10,46.7003812681185,1.0658227848101267,14070,2.803924050632911
SURESTE,Avenida Pablo Livas,8,2024-08-10,43.449667498733874,1.1624683544303798,23966,3.3832278481012654
SURESTE,Avenida Pablo Livas,9,2024-08-10,42.0015645969183,1.1821518987341773,27576,3.6142405063291134
SURESTE,Avenida Pablo Livas,10,2024-08-10,41.15297207289931,1.2593037974683545,31436,4.1155063291139244
SURESTE,Avenida Pablo Livas,11,2024-08-10,40.2451337594359,1.2438607594936708,34134,3.8600632911392405
SURESTE,Avenida Pablo Livas,12,2024-08-10,38.08711082323557,1.368227848101266,31023,4.855506329113924
SURESTE,Avenida Pablo Livas,13,2024-08-10,39.16545849106793,1.3706329113924052,35251,4.33993670886076
SURESTE,Avenida Pablo Livas,14,2024-08-10,39.25738919254416,1.3677848101265824,41685,4.429367088607595
SURESTE,Avenida Pablo Livas,15,2024-08-10,40.833409276372045,1.3065822784810126,35890,4.110759493670886
SURESTE,Avenida Pablo Livas,16,2024-08-10,40.74783825335019,1.2569620253164557,32946,4.308481012658228
SURESTE,Avenida Pablo Livas,17,2024-08-10,40.68881232801982,1.2596835443037975,27947,4.282088607594936
SURESTE,Avenida Pablo Livas,18,2024-08-10,41.361460661155284,1.2367721518987342,26677,4.098481012658228
SURESTE,Avenida Pablo Livas,19,2024-08-10,41.758766236205894,1.2073417721518986,27085,3.720253164556962
SURESTE,Avenida Pablo Livas,20,2024-08-10,41.374042959915,1.233607594936709,27879,3.7242405063291137
SURESTE,Avenida Pablo Livas,21,2024-08-10,42.62863583559635,1.1730379746835444,20809,3.3672151898734177
SURESTE,Avenida Pablo Livas,22,2024-08-10,44.97380055334222,1.0856962025316454,16713,3.045
SURESTE,Avenida Pablo Livas,23,2024-08-10,46.37502250488796,1.0688607594936708,13904,3.3850000000000002
SURESTE,Avenida Puesta del Sol,0,2024-08-10,29.92632376307135,1.0,82,3.14
SURESTE,Avenida Puesta del Sol,1,2024-08-10,28.55756262042389,0.87,40,0.3525
SURESTE,Avenida Puesta del Sol,2,2024-08-10,27.197276724679455,1.0250000000000001,73,3.1999999999999997
SURESTE,Avenida Puesta del Sol,6,2024-08-10,7.5,1.58,10,17.78
SURESTE,Avenida Puesta del Sol,7,2024-08-10,28.88993090196948,0.9633333333333334,65,2.388333333333333
SURESTE,Avenida Puesta del Sol,8,2024-08-10,31.795760832213922,0.9057142857142857,106,2.1542857142857144
SURESTE,Avenida Puesta del Sol,9,2024-08-10,28.99021586329699,1.0557142857142856,148,3.2842857142857147
SURESTE,Avenida Puesta del Sol,10,2024-08-10,28.553222329824123,1.0571428571428572,132,3.3842857142857143
SURESTE,Avenida Puesta del Sol,11,2024-08-10,27.665964824591544,1.0857142857142856,214,3.437142857142857
SURESTE,Avenida Puesta del Sol,12,2024-08-10,22.30025616194433,1.457142857142857,172,10.337142857142856
SURESTE,Avenida Puesta del Sol,13,2024-08-10,28.15096685514354,1.062857142857143,175,3.3042857142857143
SURESTE,Avenida Puesta del Sol,14,2024-08-10,28.629199337727655,1.1071428571428572,247,3.2414285714285715
SURESTE,Avenida Puesta del Sol,15,2024-08-10,24.503539408328386,1.1171428571428572,222,6.388571428571429
SURESTE,Avenida Puesta del Sol,16,2024-08-10,28.41547905407516,1.0857142857142856,182,3.6042857142857136
SURESTE,Avenida Puesta del Sol,17,2024-08-10,25.602287255662713,1.125,168,4.926666666666667
SURESTE,Avenida Puesta del Sol,18,2024-08-10,27.262806535253503,1.0771428571428572,183,3.2785714285714285
SURESTE,Avenida Puesta del Sol,19,2024-08-10,25.505532473212334,1.157142857142857,191,5.478571428571429
SURESTE,Avenida Puesta del Sol,20,2024-08-10,25.015379088438348,1.2557142857142856,257,4.255714285714285
SURESTE,Avenida Puesta del Sol,21,2024-08-10,26.327128174689946,1.17,118,3.615714285714286
SURESTE,Avenida Puesta del Sol,22,2024-08-10,28.563998817573808,1.0116666666666667,83,3.0033333333333334
SURESTE,Avenida Puesta del Sol,23,2024-08-10,30.89847023611573,0.9700000000000001,108,2.8633333333333333
SURESTE,Avenida Valparaíso,0,2024-08-10,34.55858442912326,1.0,1786,2.8222641509433966
SURESTE,Avenida Valparaíso,1,2024-08-10,33.33914828039464,1.0115094339622641,1398,2.5658490566037737
SURESTE,Avenida Valparaíso,2,2024-08-10,35.075349888952125,0.99,1386,2.2935849056603774
SURESTE,Avenida Valparaíso,3,2024-08-10,28.034934354843994,1.1872727272727273,337,4.272272727272727
SURESTE,Avenida Valparaíso,5,2024-08-10,38.161767039038374,0.8942307692307693,305,1.561923076923077
SURESTE,Avenida Valparaíso,6,2024-08-10,35.51433197524212,0.9294339622641509,1045,2.0015094339622643
SURESTE,Avenida Valparaíso,7,2024-08-10,32.679503230712676,1.0233962264150944,1624,3.361509433962264
SURESTE,Avenida Valparaíso,8,2024-08-10,30.72593534545711,1.0930188679245283,3484,3.332075471698113
SURESTE,Avenida Valparaíso,9,2024-08-10,27.077173491536694,1.3730188679245283,4868,4.732075471698113
SURESTE,Avenida Valparaíso,10,2024-08-10,28.924413410353388,1.1750943396226414,4922,4.1639622641509435
SURESTE,Avenida Valparaíso,11,2024-08-10,25.78592008291684,1.4774074074074075,5567,5.772777777777778
SURESTE,Avenida Valparaíso,12,2024-08-10,27.54220020849806,1.3949056603773584,5631,4.730566037735849
SURESTE,Avenida Valparaíso,13,2024-08-10,24.796761060976763,1.5035185185185185,6491,5.066851851851852
SURESTE,Avenida Valparaíso,14,2024-08-10,26.765186886781642,1.4285185185185185,6278,4.676111111111111
SURESTE,Avenida Valparaíso,15,2024-08-10,29.297587239576846,1.2403703703703703,6948,3.957037037037037
SURESTE,Avenida Valparaíso,16,2024-08-10,27.904513586103455,1.2707407407407407,6306,4.846111111111111
SURESTE,Avenida Valparaíso,17,2024-08-10,30.748515080855952,1.2179245283018867,3911,3.7558490566037737
SURESTE,Avenida Valparaíso,18,2024-08-10,29.614202996766046,1.2298148148148147,4544,4.012222222222222
SURESTE,Avenida Valparaíso,19,2024-08-10,29.16844125038401,1.2043396226415095,4249,3.671698113207547
SURESTE,Avenida Valparaíso,20,2024-08-10,30.664333737906862,1.1518867924528302,4565,3.65188679245283
SURESTE,Avenida Valparaíso,21,2024-08-10,30.255417748389252,1.1692592592592592,2679,3.406111111111111
SURESTE,Avenida Valparaíso,22,2024-08-10,30.423515962188326,1.1701886792452831,2188,4.188490566037736
SURESTE,Avenida Valparaíso,23,2024-08-10,29.90281724188293,1.1754716981132076,2003,3.4835849056603774
SURESTE,Calle de las Torres,7,2024-08-10,32.49999999999999,0.0,20,0.7749999999999999
SURESTE,Paseo de las Américas,0,2024-08-10,45.5178593034607,1.0,6638,1.7578571428571428
SURESTE,Paseo de las Américas,1,2024-08-10,46.798147511554184,0.9616176470588236,4912,1.3955882352941178
SURESTE,Paseo de las Américas,2,2024-08-10,47.7180580036337,1.0364383561643835,2651,1.9047945205479453
SURESTE,Paseo de las Américas,3,2024-08-10,46.17999502054027,0.9569090909090909,1247,1.5583636363636362
SURESTE,Paseo de las Américas,4,2024-08-10,50.510939131140475,0.9163934426229507,1034,1.1624590163934425
SURESTE,Paseo de las Américas,5,2024-08-10,51.078360867572165,0.9128125,1427,1.3425
SURESTE,Paseo de las Américas,6,2024-08-10,50.075142625984846,0.9376470588235294,3340,1.593235294117647
SURESTE,Paseo de las Américas,7,2024-08-10,46.28525544201034,1.0083823529411766,7714,1.750735294117647
SURESTE,Paseo de las Américas,8,2024-08-10,37.50440808501496,1.1981333333333333,12295,3.092
SURESTE,Paseo de las Américas,9,2024-08-10,32.30958037912969,1.7832000000000001,17180,4.9828
SURESTE,Paseo de las Américas,10,2024-08-10,33.98543761748892,1.3436842105263158,21801,3.5261842105263157
SURESTE,Paseo de las Américas,11,2024-08-10,34.82163406554403,1.269342105263158,22800,3.6388157894736843
SURESTE,Paseo de las Américas,12,2024-08-10,36.194459780994066,1.2202631578947367,23249,3.2853947368421053
SURESTE,Paseo de las Américas,13,2024-08-10,35.05781079517819,1.2551315789473685,24428,3.2243421052631582
SURESTE,Paseo de las Américas,14,2024-08-10,30.387229036032124,1.5223684210526316,25638,4.271184210526316
SURESTE,Paseo de las Américas,15,2024-08-10,35.43067003194384,1.2894736842105263,25058,3.8488157894736843
SURESTE,Paseo de las Américas,16,2024-08-10,38.1186575699018,1.1503947368421052,21633,3.5572368421052634
SURESTE,Paseo de las Américas,17,2024-08-10,40.07991141520816,1.1354666666666666,17918,3.1033333333333335
SURESTE,Paseo de las Américas,18,2024-08-10,40.72117659817802,1.0640789473684211,17897,2.969736842105263
SURESTE,Paseo de las Américas,19,2024-08-10,39.75434922638061,1.1132894736842105,19442,3.1998684210526314
SURESTE,Paseo de las Américas,20,2024-08-10,39.48530715454411,1.1150666666666667,19061,2.409866666666667
SURESTE,Paseo de las Américas,21,2024-08-10,41.72797433955244,1.0572972972972974,12043,1.8481081081081079
SURESTE,Paseo de las Américas,22,2024-08-10,43.178501991505115,1.0030666666666668,10288,1.9018666666666668
SURESTE,Paseo de las Américas,23,2024-08-10,41.70012395260053,1.0773333333333333,8620,2.4790666666666668
SURESTE,,0,2024-08-11,34.90342531378749,1.0,48,7.025
SURESTE,,11,2024-08-11,30.593877551020412,1.355,42,8.55
SURESTE,,12,2024-08-11,22.1,1.59,12,13.43
SURESTE,,14,2024-08-11,31.292707940318987,1.2133333333333332,38,12.51
SURESTE,,15,2024-08-11,29.4,1.19,12,7.44
SURESTE,,20,2024-08-11,22.9,1.53,10,19.47
SURESTE,,21,2024-08-11,30.7,1.15,10,3.47
SURESTE,Avenida Azteca,0,2024-08-11,31.176576284703188,1.0,6311,3.507647058823529
SURESTE,Avenida Azteca,1,2024-08-11,35.184850968635935,0.9686567164179105,4630,2.8497014925373136
SURESTE,Avenida Azteca,2,2024-08-11,35.522921510900375,0.9535820895522388,4022,3.9717910447761198
SURESTE,Avenida Azteca,3,2024-08-11,37.4459422195729,0.8943283582089553,3532,2.3989552238805967
SURESTE,Avenida Azteca,4,2024-08-11,36.9255576788965,0.9446268656716418,2389,2.28
SURESTE,Avenida Azteca,5,2024-08-11,35.973280689375635,1.0033333333333334,2408,2.9309090909090907
SURESTE,Avenida Azteca,6,2024-08-11,39.56656229897073,0.9233846153846155,1704,3.2990769230769232
SURESTE,Avenida Azteca,7,2024-08-11,36.61989561283672,0.9627272727272728,2266,2.6731818181818183
SURESTE,Avenida Azteca,8,2024-08-11,37.37556859978082,0.9303030303030303,2772,2.6112121212121213
SURESTE,Avenida Azteca,9,2024-08-11,30.92525563113039,1.2123880597014927,4284,4.904477611940298
SURESTE,Avenida Azteca,10,2024-08-11,33.418554880313,1.0449253731343284,4854,3.144776119402985
SURESTE,Avenida Azteca,11,2024-08-11,32.603103348337605,1.0423880597014925,5193,3.15044776119403
SURESTE,Avenida Azteca,12,2024-08-11,30.47626448766881,1.103970588235294,5441,4.1788235294117655
SURESTE,Avenida Azteca,13,2024-08-11,29.689661090632438,1.1728358208955223,6624,5.045671641791045
SURESTE,Avenida Azteca,14,2024-08-11,27.21555596360759,1.2851470588235294,8074,5.728382352941176
SURESTE,Avenida Azteca,15,2024-08-11,28.40521403057767,1.1870588235294117,7793,4.5667647058823535
SURESTE,Avenida Azteca,16,2024-08-11,29.720886580384555,1.1388059701492537,8426,4.132835820895522
SURESTE,Avenida Azteca,17,2024-08-11,28.74069638970576,1.1198529411764706,7513,4.513382352941177
SURESTE,Avenida Azteca,18,2024-08-11,31.24550686966208,1.1088059701492539,7332,3.8144776119402986
SURESTE,Avenida Azteca,19,2024-08-11,29.03524345404387,1.163235294117647,7727,4.3635294117647065
SURESTE,Avenida Azteca,20,2024-08-11,28.458428208912604,1.1071014492753624,7745,4.150289855072463
SURESTE,Avenida Azteca,21,2024-08-11,27.931158333299823,1.143623188405797,6830,4.588840579710145
SURESTE,Avenida Azteca,22,2024-08-11,33.388564752338944,1.0159701492537312,6010,3.2044776119402982
SURESTE,Avenida Azteca,23,2024-08-11,33.99364431724525,0.9989552238805971,4145,3.1501492537313434
SURESTE,Avenida Benito Juárez,0,2024-08-11,41.50562330283871,1.0,27323,2.486127659574468
SURESTE,Avenida Benito Juárez,1,2024-08-11,43.890277903029535,0.9517446808510638,21037,2.2753617021276598
SURESTE,Avenida Benito Juárez,2,2024-08-11,46.00119985615532,0.9202553191489361,18159,2.039617021276596
SURESTE,Avenida Benito Juárez,3,2024-08-11,46.297950992606246,0.9345531914893617,14820,2.2420851063829788
SURESTE,Avenida Benito Juárez,4,2024-08-11,48.225540558745294,0.888595744680851,9305,1.6615744680851066
SURESTE,Avenida Benito Juárez,5,2024-08-11,47.60866546563847,0.9052838427947598,6480,2.1777292576419214
SURESTE,Avenida Benito Juárez,6,2024-08-11,46.05261365299887,0.9371615720524018,9109,2.4114410480349346
SURESTE,Avenida Benito Juárez,7,2024-08-11,43.558206924163756,0.9895217391304348,10634,2.7740434782608694
SURESTE,Avenida Benito Juárez,8,2024-08-11,41.554820745253515,1.056212765957447,13740,3.410468085106383
SURESTE,Avenida Benito Juárez,9,2024-08-11,39.40738050147463,1.0990212765957446,17776,3.4962553191489363
SURESTE,Avenida Benito Juárez,10,2024-08-11,38.10714937023417,1.134468085106383,19723,3.8622978723404255
SURESTE,Avenida Benito Juárez,11,2024-08-11,35.59869615705345,1.207404255319149,21392,4.256170212765958
SURESTE,Avenida Benito Juárez,12,2024-08-11,36.48848162584572,1.1902127659574468,23796,4.329574468085107
SURESTE,Avenida Benito Juárez,13,2024-08-11,36.95676687920498,1.1678297872340426,22151,4.046468085106383
SURESTE,Avenida Benito Juárez,14,2024-08-11,36.1228724261551,1.1821097046413502,31013,4.282827004219409
SURESTE,Avenida Benito Juárez,15,2024-08-11,36.43252470799641,1.1978723404255318,30721,3.983829787234043
SURESTE,Avenida Benito Juárez,16,2024-08-11,35.653969367317195,1.2259148936170212,31868,4.16468085106383
SURESTE,Avenida Benito Juárez,17,2024-08-11,35.79845066361164,1.2226808510638296,28535,4.385787234042554
SURESTE,Avenida Benito Juárez,18,2024-08-11,36.796016774912985,1.1654008438818564,28608,3.761772151898734
SURESTE,Avenida Benito Juárez,19,2024-08-11,36.247201875770294,1.1905531914893617,30046,3.5389361702127657
SURESTE,Avenida Benito Juárez,20,2024-08-11,36.06942298464358,1.2063829787234042,32329,3.8307234042553193
SURESTE,Avenida Benito Juárez,21,2024-08-11,37.392114594779954,1.1493617021276596,27746,3.4685106382978725
SURESTE,Avenida Benito Juárez,22,2024-08-11,41.08546114773489,1.0490086206896552,24205,2.926853448275862
SURESTE,Avenida Benito Juárez,23,2024-08-11,41.97374859518547,1.0075431034482758,19842,2.3134051724137934
SURESTE,Avenida Chapultepec,0,2024-08-11,49.83766762667627,1.0,11450,1.1321428571428571
SURESTE,Avenida Chapultepec,1,2024-08-11,51.82815813158132,0.9642857142857143,9692,1.0702857142857143
SURESTE,Avenida Chapultepec,2,2024-08-11,52.51105661056611,0.9434285714285715,8401,1.3772857142857142
SURESTE,Avenida Chapultepec,3,2024-08-11,53.984927099271,0.9228571428571428,5473,1.0527142857142857
SURESTE,Avenida Chapultepec,4,2024-08-11,53.9159405094051,0.9507142857142856,3950,1.2385714285714287
SURESTE,Avenida Chapultepec,5,2024-08-11,54.98638151381514,0.9225714285714286,3795,1.158857142857143
SURESTE,Avenida Chapultepec,6,2024-08-11,53.15165241652417,0.9447142857142856,4167,1.5525714285714287
SURESTE,Avenida Chapultepec,7,2024-08-11,51.94460624606246,0.9632857142857144,5838,1.481142857142857
SURESTE,Avenida Chapultepec,8,2024-08-11,49.51139501395014,1.0115714285714286,5671,1.5692857142857142
SURESTE,Avenida Chapultepec,9,2024-08-11,47.31355908559086,1.064,8757,2.0334285714285714
SURESTE,Avenida Chapultepec,10,2024-08-11,46.27335568355684,1.0884285714285713,8991,1.9384285714285714
SURESTE,Avenida Chapultepec,11,2024-08-11,46.0469723697237,1.1065714285714288,11503,2.025
SURESTE,Avenida Chapultepec,12,2024-08-11,44.665801908019084,1.1445714285714286,12485,2.2745714285714285
SURESTE,Avenida Chapultepec,13,2024-08-11,45.20064935649357,1.116142857142857,11718,1.8432857142857142
SURESTE,Avenida Chapultepec,14,2024-08-11,44.115999009990105,1.143,14121,2.206714285714286
SURESTE,Avenida Chapultepec,15,2024-08-11,44.61152056520566,1.1237142857142857,13139,2.1175714285714284
SURESTE,Avenida Chapultepec,16,2024-08-11,44.97247592475925,1.137142857142857,14030,2.059142857142857
SURESTE,Avenida Chapultepec,17,2024-08-11,46.787456574565745,1.0977142857142859,13317,2.153857142857143
SURESTE,Avenida Chapultepec,18,2024-08-11,45.3029506795068,1.1105714285714285,13405,2.004857142857143
SURESTE,Avenida Chapultepec,19,2024-08-11,44.129244442444424,1.1485714285714286,13511,2.071714285714286
SURESTE,Avenida Chapultepec,20,2024-08-11,44.81645531455315,1.1205714285714286,13264,1.949
SURESTE,Avenida Chapultepec,21,2024-08-11,46.815024300243,1.079,11919,1.7865714285714287
SURESTE,Avenida Chapultepec,22,2024-08-11,48.388514985149854,1.0491428571428572,11097,1.6202857142857143
SURESTE,Avenida Chapultepec,23,2024-08-11,50.12776887768878,0.9961428571428572,7586,1.5492857142857144
SURESTE,Avenida Constitución,0,2024-08-11,72.86359593448249,1.0,2903,1.127142857142857
SURESTE,Avenida Constitución,1,2024-08-11,73.73342758844078,0.9885714285714285,2245,1.3314285714285714
SURESTE,Avenida Constitución,2,2024-08-11,75.83044760962628,0.9628571428571429,1242,1.292857142857143
SURESTE,Avenida Constitución,3,2024-08-11,76.40551028764459,0.9499999999999998,726,1.275
SURESTE,Avenida Constitución,4,2024-08-11,77.16481932644078,0.94,832,1.2366666666666666
SURESTE,Avenida Constitución,5,2024-08-11,76.38412222335961,0.9499999999999998,880,1.2116666666666667
SURESTE,Avenida Constitución,6,2024-08-11,80.85890185504557,0.9,1663,0.9799999999999999
SURESTE,Avenida Constitución,7,2024-08-11,76.55375798930739,0.914,2304,1.517
SURESTE,Avenida Constitución,8,2024-08-11,74.94599981911003,0.9390000000000001,2748,1.51
SURESTE,Avenida Constitución,9,2024-08-11,71.93465098283555,0.978,3844,1.675
SURESTE,Avenida Constitución,10,2024-08-11,69.9224414117458,1.002,4446,1.403
SURESTE,Avenida Constitución,11,2024-08-11,68.14331008562125,1.038,5386,1.839
SURESTE,Avenida Constitución,12,2024-08-11,69.86853519315031,1.004,4556,1.4060000000000001
SURESTE,Avenida Constitución,13,2024-08-11,46.73200596936929,1.516,5127,9.503
SURESTE,Avenida Constitución,14,2024-08-11,49.55030701049162,1.4629999999999999,5198,6.063
SURESTE,Avenida Constitución,15,2024-08-11,64.40980725167826,1.096,5645,2.141
SURESTE,Avenida Constitución,16,2024-08-11,65.76291403706234,1.0630000000000002,6350,1.6490000000000002
SURESTE,Avenida Constitución,17,2024-08-11,67.92435130843751,1.036,5697,1.401
SURESTE,Avenida Constitución,18,2024-08-11,67.6009285685573,1.042,6623,1.7129999999999999
SURESTE,Avenida Constitución,19,2024-08-11,67.7438452184749,1.044,5647,1.472
SURESTE,Avenida Constitución,20,2024-08-11,65.42316396671625,1.076,5270,1.3439999999999999
SURESTE,Avenida Constitución,21,2024-08-11,67.83097690637939,1.042,3984,1.501
SURESTE,Avenida Constitución,22,2024-08-11,71.9868500993618,1.0142857142857142,3220,1.2957142857142858
SURESTE,Avenida Constitución,23,2024-08-11,73.44866292157415,0.9630000000000001,2767,1.238
SURESTE,Avenida Doctor Ignacio Morones Prieto,0,2024-08-11,69.32403517237353,1.0,15940,0.6241666666666666
SURESTE,Avenida Doctor Ignacio Morones Prieto,1,2024-08-11,71.18524229413374,0.9695833333333334,12201,0.6339583333333333
SURESTE,Avenida Doctor Ignacio Morones Prieto,2,2024-08-11,73.27027282869604,0.9547916666666666,10523,0.9239583333333333
SURESTE,Avenida Doctor Ignacio Morones Prieto,3,2024-08-11,72.74241676373595,0.9954166666666667,7843,1.489375
SURESTE,Avenida Doctor Ignacio Morones Prieto,4,2024-08-11,75.42644628099174,0.9464583333333333,7984,1.2714583333333334
SURESTE,Avenida Doctor Ignacio Morones Prieto,5,2024-08-11,78.71142548921378,0.8783333333333333,7645,0.68375
SURESTE,Avenida Doctor Ignacio Morones Prieto,6,2024-08-11,82.69091339371606,0.831875,8508,0.6025
SURESTE,Avenida Doctor Ignacio Morones Prieto,7,2024-08-11,83.31367432054068,0.8227083333333334,7801,0.45625
SURESTE,Avenida Doctor Ignacio Morones Prieto,8,2024-08-11,80.33256517984196,0.8854166666666666,9592,0.895
SURESTE,Avenida Doctor Ignacio Morones Prieto,9,2024-08-11,80.44944447688624,0.859375,10727,0.5760416666666667
SURESTE,Avenida Doctor Ignacio Morones Prieto,10,2024-08-11,78.64089695084658,0.8895833333333334,11104,0.6845833333333333
SURESTE,Avenida Doctor Ignacio Morones Prieto,11,2024-08-11,76.75105034591495,0.9372916666666667,12621,1.2527083333333333
SURESTE,Avenida Doctor Ignacio Morones Prieto,12,2024-08-11,75.11065928223033,0.9343750000000001,16154,0.8379166666666666
SURESTE,Avenida Doctor Ignacio Morones Prieto,13,2024-08-11,73.60734704289591,0.9645833333333332,19332,1.1710416666666668
SURESTE,Avenida Doctor Ignacio Morones Prieto,14,2024-08-11,71.74723283410528,0.9822916666666667,19554,0.655
SURESTE,Avenida Doctor Ignacio Morones Prieto,15,2024-08-11,72.4761338664716,0.9660416666666666,19929,0.811875
SURESTE,Avenida Doctor Ignacio Morones Prieto,16,2024-08-11,71.22816771112184,0.9958333333333332,21329,0.9070833333333334
SURESTE,Avenida Doctor Ignacio Morones Prieto,17,2024-08-11,72.93537245404448,0.9564583333333333,22464,0.7770833333333332
SURESTE,Avenida Doctor Ignacio Morones Prieto,18,2024-08-11,72.91003783396697,0.9622916666666667,22834,0.7291666666666666
SURESTE,Avenida Doctor Ignacio Morones Prieto,19,2024-08-11,67.91938752616261,1.0408333333333333,21596,0.9010416666666666
SURESTE,Avenida Doctor Ignacio Morones Prieto,20,2024-08-11,65.67830002243606,1.0666666666666667,21059,0.7539583333333333
SURESTE,Avenida Doctor Ignacio Morones Prieto,21,2024-08-11,67.27874474827043,1.0441666666666667,18930,0.8139583333333333
SURESTE,Avenida Doctor Ignacio Morones Prieto,22,2024-08-11,68.17470748596209,1.0302083333333334,15383,1.3714583333333332
SURESTE,Avenida Doctor Ignacio Morones Prieto,23,2024-08-11,72.46084445660158,0.955625,9928,0.6704166666666667
SURESTE,Avenida Eloy Cavazos,0,2024-08-11,44.62867315437676,1.0,36215,2.1495089285714286
SURESTE,Avenida Eloy Cavazos,1,2024-08-11,47.125191912915575,0.9259555555555555,33802,1.8311111111111111
SURESTE,Avenida Eloy Cavazos,2,2024-08-11,51.31304082801253,0.8567117117117117,26881,1.8034684684684685
SURESTE,Avenida Eloy Cavazos,3,2024-08-11,53.91189265876859,0.8171889400921659,17020,1.1889861751152073
SURESTE,Avenida Eloy Cavazos,4,2024-08-11,52.698551641976806,0.8382325581395349,10856,1.494093023255814
SURESTE,Avenida Eloy Cavazos,5,2024-08-11,53.67632522841049,0.8247906976744187,11621,1.3828372093023256
SURESTE,Avenida Eloy Cavazos,6,2024-08-11,52.96792015702367,0.8559259259259259,13294,1.6692592592592592
SURESTE,Avenida Eloy Cavazos,7,2024-08-11,52.202891260987236,0.8691244239631336,16994,1.772811059907834
SURESTE,Avenida Eloy Cavazos,8,2024-08-11,50.06116844094992,0.907972972972973,19009,1.9366666666666668
SURESTE,Avenida Eloy Cavazos,9,2024-08-11,47.45869411413631,0.9762500000000001,26509,2.6703571428571427
SURESTE,Avenida Eloy Cavazos,10,2024-08-11,47.01655385576146,0.9819196428571428,31375,2.448080357142857
SURESTE,Avenida Eloy Cavazos,11,2024-08-11,45.41264279533815,1.0274347826086956,36592,2.923739130434783
SURESTE,Avenida Eloy Cavazos,12,2024-08-11,44.6447594805626,1.0280803571428572,37406,2.584285714285714
SURESTE,Avenida Eloy Cavazos,13,2024-08-11,43.85595531763205,1.067099567099567,43411,2.648311688311688
SURESTE,Avenida Eloy Cavazos,14,2024-08-11,43.04327078558197,1.0816740088105727,48464,2.9963436123348015
SURESTE,Avenida Eloy Cavazos,15,2024-08-11,42.33210023251286,1.1150643776824034,45633,3.0777682403433477
SURESTE,Avenida Eloy Cavazos,16,2024-08-11,42.676436752138436,1.1167699115044247,49153,3.217522123893805
SURESTE,Avenida Eloy Cavazos,17,2024-08-11,44.14754323717184,1.0847345132743362,49078,2.81070796460177
SURESTE,Avenida Eloy Cavazos,18,2024-08-11,43.168929249254326,1.103146551724138,46804,2.852887931034483
SURESTE,Avenida Eloy Cavazos,19,2024-08-11,42.130362149374264,1.1110869565217392,47748,2.6875652173913043
SURESTE,Avenida Eloy Cavazos,20,2024-08-11,41.7744462149518,1.1309251101321587,49673,2.771277533039648
SURESTE,Avenida Eloy Cavazos,21,2024-08-11,43.45659573248697,1.082857142857143,42731,2.728348214285714
SURESTE,Avenida Eloy Cavazos,22,2024-08-11,45.837605259985494,0.9947321428571428,37954,2.2613839285714286
SURESTE,Avenida Eloy Cavazos,23,2024-08-11,47.86758900841698,0.9438009049773757,26926,1.7994117647058825
SURESTE,Avenida Exposición,0,2024-08-11,38.874887391798204,1.0,1082,2.454285714285714
SURESTE,Avenida Exposición,1,2024-08-11,41.29501880067369,0.9660714285714286,707,1.7410714285714286
SURESTE,Avenida Exposición,2,2024-08-11,41.94094630057577,0.9192857142857143,753,1.6489285714285715
SURESTE,Avenida Exposición,3,2024-08-11,41.23468876174439,0.850625,291,2.34
SURESTE,Avenida Exposición,4,2024-08-11,41.71961575996479,0.883125,283,2.200625
SURESTE,Avenida Exposición,5,2024-08-11,39.945067318360366,1.0855000000000001,287,1.7375
SURESTE,Avenida Exposición,6,2024-08-11,36.55218166150954,1.3671428571428572,267,7.169285714285714
SURESTE,Avenida Exposición,7,2024-08-11,40.92062492655987,0.9171428571428571,567,2.785
SURESTE,Avenida Exposición,8,2024-08-11,41.790961967803845,0.9239285714285714,726,1.9610714285714288
SURESTE,Avenida Exposición,9,2024-08-11,40.71506991500529,0.9521428571428572,980,2.8710714285714287
SURESTE,Avenida Exposición,10,2024-08-11,35.60557557479143,1.0846428571428572,965,3.5357142857142856
SURESTE,Avenida Exposición,11,2024-08-11,34.07954839215072,1.1328571428571428,1391,4.741428571428571
SURESTE,Avenida Exposición,12,2024-08-11,37.856771180133954,1.0460714285714285,1476,3.238928571428571
SURESTE,Avenida Exposición,13,2024-08-11,38.65880889898555,1.0585714285714285,1598,2.942857142857143
SURESTE,Avenida Exposición,14,2024-08-11,35.57444577180682,1.154642857142857,1928,3.8214285714285716
SURESTE,Avenida Exposición,15,2024-08-11,37.15403137362422,1.0410714285714284,1996,2.5585714285714287
SURESTE,Avenida Exposición,16,2024-08-11,36.519574243077045,1.0864285714285715,1790,3.4185714285714286
SURESTE,Avenida Exposición,17,2024-08-11,35.315048372566686,1.0692857142857144,1722,2.952142857142857
SURESTE,Avenida Exposición,18,2024-08-11,35.32195076573577,1.1225,1625,3.649642857142857
SURESTE,Avenida Exposición,19,2024-08-11,36.173863146762756,1.0521428571428573,1688,2.396785714285714
SURESTE,Avenida Exposición,20,2024-08-11,34.083990051310174,1.0725,1682,2.8649999999999998
SURESTE,Avenida Exposición,21,2024-08-11,34.370438878226466,1.1460714285714286,1550,3.678928571428571
SURESTE,Avenida Exposición,22,2024-08-11,37.74813853746426,1.0157142857142858,1046,3.0603571428571428
SURESTE,Avenida Exposición,23,2024-08-11,38.516057929575815,0.9878571428571429,854,2.411785714285714
SURESTE,Avenida General Lázaro Cárdenas,0,2024-08-11,35.31126771756869,1.0,9424,3.0407333333333333
SURESTE,Avenida General Lázaro Cárdenas,1,2024-08-11,37.18941195760509,0.9621052631578948,8290,2.5153947368421052
SURESTE,Avenida General Lázaro Cárdenas,2,2024-08-11,37.656992121007136,0.9708,6678,2.1733333333333333
SURESTE,Avenida General Lázaro Cárdenas,3,2024-08-11,37.379196353817235,0.9753333333333334,4145,2.8516
SURESTE,Avenida General Lázaro Cárdenas,4,2024-08-11,39.0078230761708,0.9258992805755395,4222,2.053309352517986
SURESTE,Avenida General Lázaro Cárdenas,5,2024-08-11,40.128347840680746,0.9525984251968505,2745,2.099763779527559
SURESTE,Avenida General Lázaro Cárdenas,6,2024-08-11,39.756725265474664,0.971554054054054,2818,3.6811486486486484
SURESTE,Avenida General Lázaro Cárdenas,7,2024-08-11,37.548553250400104,1.042605633802817,3252,3.7591549295774644
SURESTE,Avenida General Lázaro Cárdenas,8,2024-08-11,38.20453222291839,1.0036666666666667,4292,3.3245999999999998
SURESTE,Avenida General Lázaro Cárdenas,9,2024-08-11,36.1768069884837,1.0659183673469388,4777,3.9878911564625854
SURESTE,Avenida General Lázaro Cárdenas,10,2024-08-11,34.37100355378859,1.0994736842105264,7545,3.8540131578947365
SURESTE,Avenida General Lázaro Cárdenas,11,2024-08-11,32.868968001164326,1.1532236842105263,7549,4.221513157894736
SURESTE,Avenida General Lázaro Cárdenas,12,2024-08-11,32.07353486403516,1.1478000000000002,7717,4.341133333333333
SURESTE,Avenida General Lázaro Cárdenas,13,2024-08-11,30.319502359059765,1.26125,8947,4.810394736842105
SURESTE,Avenida General Lázaro Cárdenas,14,2024-08-11,31.81638693746893,1.2051333333333334,10246,5.085933333333333
SURESTE,Avenida General Lázaro Cárdenas,15,2024-08-11,31.204281495428344,1.2419078947368423,10885,4.683552631578947
SURESTE,Avenida General Lázaro Cárdenas,16,2024-08-11,31.25622963111711,1.212828947368421,10135,5.03875
SURESTE,Avenida General Lázaro Cárdenas,17,2024-08-11,33.06751111364938,1.1426315789473684,10392,3.9190789473684213
SURESTE,Avenida General Lázaro Cárdenas,18,2024-08-11,31.605632082475896,1.200657894736842,10655,4.645
SURESTE,Avenida General Lázaro Cárdenas,19,2024-08-11,31.866576885451572,1.158157894736842,10308,4.3178947368421055
SURESTE,Avenida General Lázaro Cárdenas,20,2024-08-11,29.44706881527484,1.254078947368421,12588,5.185131578947368
SURESTE,Avenida General Lázaro Cárdenas,21,2024-08-11,30.78835337444109,1.1983552631578949,10139,4.724276315789474
SURESTE,Avenida General Lázaro Cárdenas,22,2024-08-11,33.82411528350168,1.0763815789473685,8555,3.380723684210526
SURESTE,Avenida General Lázaro Cárdenas,23,2024-08-11,34.90484247449802,1.0459868421052632,7796,3.652039473684211
SURESTE,Avenida Ignacio Morones Prieto,0,2024-08-11,60.3118288590604,1.0,907,0.9633333333333334
SURESTE,Avenida Ignacio Morones Prieto,1,2024-08-11,60.63032718120806,0.9633333333333334,669,2.03
SURESTE,Avenida Ignacio Morones Prieto,2,2024-08-11,59.261577181208054,1.0033333333333332,612,2.06
SURESTE,Avenida Ignacio Morones Prieto,3,2024-08-11,67.79221196868009,0.9,567,0.41
SURESTE,Avenida Ignacio Morones Prieto,4,2024-08-11,71.09243568232661,0.8466666666666667,490,0.25666666666666665
SURESTE,Avenida Ignacio Morones Prieto,5,2024-08-11,72.64106543624162,0.8266666666666667,456,0.33666666666666667
SURESTE,Avenida Ignacio Morones Prieto,6,2024-08-11,74.71582774049217,0.8033333333333333,430,0.39666666666666667
SURESTE,Avenida Ignacio Morones Prieto,7,2024-08-11,79.55185961968681,0.7566666666666667,386,0.21666666666666665
SURESTE,Avenida Ignacio Morones Prieto,8,2024-08-11,74.65350950782998,0.81,496,0.35333333333333333
SURESTE,Avenida Ignacio Morones Prieto,9,2024-08-11,77.28692673378076,0.7833333333333333,615,0.21666666666666665
SURESTE,Avenida Ignacio Morones Prieto,10,2024-08-11,68.77091722595078,0.87,602,0.9433333333333334
SURESTE,Avenida Ignacio Morones Prieto,11,2024-08-11,68.75311800894855,0.9,588,0.81
SURESTE,Avenida Ignacio Morones Prieto,12,2024-08-11,70.45515939597317,0.8566666666666666,794,0.3833333333333333
SURESTE,Avenida Ignacio Morones Prieto,13,2024-08-11,69.15357941834452,0.87,1008,0.3266666666666667
SURESTE,Avenida Ignacio Morones Prieto,14,2024-08-11,67.64484060402685,0.8933333333333334,1014,0.26666666666666666
SURESTE,Avenida Ignacio Morones Prieto,15,2024-08-11,69.36272371364653,0.8666666666666667,1017,0.24666666666666667
SURESTE,Avenida Ignacio Morones Prieto,16,2024-08-11,66.66265380313199,0.9066666666666667,1167,0.42
SURESTE,Avenida Ignacio Morones Prieto,17,2024-08-11,68.63576621923937,0.8766666666666666,1110,0.5066666666666667
SURESTE,Avenida Ignacio Morones Prieto,18,2024-08-11,68.02269295302014,0.89,1233,0.31666666666666665
SURESTE,Avenida Ignacio Morones Prieto,19,2024-08-11,64.26830257270694,0.9333333333333332,1149,0.25666666666666665
SURESTE,Avenida Ignacio Morones Prieto,20,2024-08-11,60.280606823266226,1.0,1217,0.37000000000000005
SURESTE,Avenida Ignacio Morones Prieto,21,2024-08-11,61.50440436241611,0.98,1099,0.39666666666666667
SURESTE,Avenida Ignacio Morones Prieto,22,2024-08-11,58.401915548098444,1.0033333333333332,837,2.3133333333333335
SURESTE,Avenida Ignacio Morones Prieto,23,2024-08-11,66.40612416107383,0.9066666666666667,543,0.5166666666666667
SURESTE,Avenida Las Torres,0,2024-08-11,37.487574042280286,1.0,2133,3.2671186440677964
SURESTE,Avenida Las Torres,1,2024-08-11,40.255973374654936,0.951864406779661,1759,2.3861016949152543
SURESTE,Avenida Las Torres,2,2024-08-11,43.204771768529994,0.8854237288135594,1804,1.1038983050847457
SURESTE,Avenida Las Torres,3,2024-08-11,44.387069746795646,0.8946,788,1.2474
SURESTE,Avenida Las Torres,4,2024-08-11,45.36217117804041,0.8496666666666666,557,0.9570000000000001
SURESTE,Avenida Las Torres,5,2024-08-11,41.499562341765944,0.9111764705882353,462,0.8661764705882353
SURESTE,Avenida Las Torres,6,2024-08-11,44.54322611033698,0.8676470588235294,591,0.8532352941176471
SURESTE,Avenida Las Torres,7,2024-08-11,41.057114631591105,0.9077966101694915,1068,1.6859322033898305
SURESTE,Avenida Las Torres,8,2024-08-11,41.489825883627645,0.9432203389830508,1331,1.9528813559322034
SURESTE,Avenida Las Torres,9,2024-08-11,44.280072817371014,0.8505084745762712,2010,1.3384745762711865
SURESTE,Avenida Las Torres,10,2024-08-11,43.98530945390956,0.8791525423728813,1962,1.0166101694915253
SURESTE,Avenida Las Torres,11,2024-08-11,39.58806719274695,0.9752542372881355,3041,2.444915254237288
SURESTE,Avenida Las Torres,12,2024-08-11,42.899895633746155,0.885593220338983,3115,1.2749152542372881
SURESTE,Avenida Las Torres,13,2024-08-11,40.21952326132593,0.9340677966101695,3668,1.9686440677966102
SURESTE,Avenida Las Torres,14,2024-08-11,39.573498540067476,0.9596610169491525,4029,2.096440677966102
SURESTE,Avenida Las Torres,15,2024-08-11,40.51656754528181,0.9330508474576271,4582,1.5091525423728813
SURESTE,Avenida Las Torres,16,2024-08-11,41.03098124195842,0.9247457627118645,3353,1.1972881355932203
SURESTE,Avenida Las Torres,17,2024-08-11,40.22636681949817,0.9479661016949152,3817,1.5506779661016947
SURESTE,Avenida Las Torres,18,2024-08-11,41.22986348734659,0.9416949152542373,3300,1.5403389830508474
SURESTE,Avenida Las Torres,19,2024-08-11,39.91305574034313,0.9369491525423729,3444,1.4579661016949153
SURESTE,Avenida Las Torres,20,2024-08-11,38.79996096224093,0.9991525423728814,3462,2.080677966101695
SURESTE,Avenida Las Torres,21,2024-08-11,39.6518732149188,0.956271186440678,3137,1.537457627118644
SURESTE,Avenida Las Torres,22,2024-08-11,41.62632579001669,0.9027118644067796,2018,1.0193220338983051
SURESTE,Avenida Las Torres,23,2024-08-11,42.98997486446329,0.8705084745762712,1946,0.9891525423728813
SURESTE,Avenida Pablo Livas,0,2024-08-11,48.30633413033449,1.0,12185,2.098860759493671
SURESTE,Avenida Pablo Livas,1,2024-08-11,48.21389637382009,1.0355696202531646,9005,2.4865822784810128
SURESTE,Avenida Pablo Livas,2,2024-08-11,49.77606546931145,0.9595569620253166,7079,1.8455696202531646
SURESTE,Avenida Pablo Livas,3,2024-08-11,49.893596589175715,1.0005063291139242,5224,3.9408860759493676
SURESTE,Avenida Pablo Livas,4,2024-08-11,52.480924571430286,0.935126582278481,3908,1.7518354430379748
SURESTE,Avenida Pablo Livas,5,2024-08-11,50.42523237517865,0.9687341772151898,3408,1.862974683544304
SURESTE,Avenida Pablo Livas,6,2024-08-11,46.29497708934779,1.0582278481012657,3802,3.1382278481012658
SURESTE,Avenida Pablo Livas,7,2024-08-11,49.67131757665564,1.014620253164557,7261,2.528227848101266
SURESTE,Avenida Pablo Livas,8,2024-08-11,46.16057338998003,1.0996835443037976,8254,2.868417721518987
SURESTE,Avenida Pablo Livas,9,2024-08-11,45.39421981301782,1.1124683544303797,11822,3.0139240506329115
SURESTE,Avenida Pablo Livas,10,2024-08-11,42.867821391591065,1.1984810126582277,13609,4.013417721518987
SURESTE,Avenida Pablo Livas,11,2024-08-11,43.88863258948229,1.1331012658227848,15324,2.8860126582278482
SURESTE,Avenida Pablo Livas,12,2024-08-11,42.40507220349529,1.1946835443037973,16899,3.779113924050633
SURESTE,Avenida Pablo Livas,13,2024-08-11,42.965095256916406,1.1957594936708862,18715,3.630189873417722
SURESTE,Avenida Pablo Livas,14,2024-08-11,42.93154471446971,1.184746835443038,20510,3.494810126582278
SURESTE,Avenida Pablo Livas,15,2024-08-11,42.06540438916699,1.2278481012658229,21059,3.7149367088607597
SURESTE,Avenida Pablo Livas,16,2024-08-11,42.63378423260211,1.1795569620253166,20340,3.551645569620253
SURESTE,Avenida Pablo Livas,17,2024-08-11,44.10041027274873,1.1601898734177216,21222,3.3236075949367088
SURESTE,Avenida Pablo Livas,18,2024-08-11,43.063575294066375,1.1635443037974684,21894,3.4466455696202534
SURESTE,Avenida Pablo Livas,19,2024-08-11,42.144658113556886,1.1946202531645569,21750,3.2330379746835445
SURESTE,Avenida Pablo Livas,20,2024-08-11,42.564926188475994,1.1944936708860758,20173,3.3842405063291143
SURESTE,Avenida Pablo Livas,21,2024-08-11,43.47670883108335,1.1470886075949367,18269,3.50373417721519
SURESTE,Avenida Pablo Livas,22,2024-08-11,46.41581218224526,1.0727848101265822,14260,2.9568987341772153
SURESTE,Avenida Pablo Livas,23,2024-08-11,48.468833247421514,1.019367088607595,12242,2.4126582278481012
SURESTE,Avenida Puesta del Sol,0,2024-08-11,28.381284558433038,1.0,167,2.2342857142857144
SURESTE,Avenida Puesta del Sol,1,2024-08-11,30.60775228171304,0.9066666666666667,93,2.62
SURESTE,Avenida Puesta del Sol,2,2024-08-11,25.7,0.88,10,1.46
SURESTE,Avenida Puesta del Sol,9,2024-08-11,33.007962901378264,0.8766666666666666,76,2.8333333333333335
SURESTE,Avenida Puesta del Sol,10,2024-08-11,28.04877877544988,1.1183333333333334,64,3.9983333333333335
SURESTE,Avenida Puesta del Sol,11,2024-08-11,29.095421793592728,1.05,80,3.3633333333333333
SURESTE,Avenida Puesta del Sol,12,2024-08-11,31.417415888288396,0.9214285714285715,78,2.4071428571428575
SURESTE,Avenida Puesta del Sol,13,2024-08-11,27.893061760019993,1.0414285714285714,163,2.892857142857143
SURESTE,Avenida Puesta del Sol,14,2024-08-11,28.397572331227135,1.0366666666666666,216,3.561666666666667
SURESTE,Avenida Puesta del Sol,15,2024-08-11,30.97914495806082,0.9900000000000001,141,3.2583333333333333
SURESTE,Avenida Puesta del Sol,16,2024-08-11,27.994686472305364,1.0666666666666667,140,5.218333333333333
SURESTE,Avenida Puesta del Sol,17,2024-08-11,26.952984911436687,1.0371428571428571,117,3.1757142857142857
SURESTE,Avenida Puesta del Sol,18,2024-08-11,27.453706538377432,1.167142857142857,113,3.448571428571429
SURESTE,Avenida Puesta del Sol,19,2024-08-11,28.711889662928368,1.0442857142857143,190,3.3614285714285717
SURESTE,Avenida Puesta del Sol,20,2024-08-11,26.13006466527131,1.1,160,3.9485714285714293
SURESTE,Avenida Puesta del Sol,21,2024-08-11,26.714458855263643,1.0516666666666665,121,2.903333333333333
SURESTE,Avenida Puesta del Sol,22,2024-08-11,27.473716882828956,1.0816666666666668,99,4.013333333333333
SURESTE,Avenida Puesta del Sol,23,2024-08-11,31.526290507334735,0.96,97,2.8733333333333335
SURESTE,Avenida Valparaíso,0,2024-08-11,32.366157073593676,1.0,2094,3.123518518518518
SURESTE,Avenida Valparaíso,1,2024-08-11,32.543790635717635,1.0426415094339623,1838,3.15
SURESTE,Avenida Valparaíso,2,2024-08-11,34.9519275998046,1.0141509433962264,1541,2.952830188679245
SURESTE,Avenida Valparaíso,3,2024-08-11,33.44478365161768,1.0547727272727274,759,2.991590909090909
SURESTE,Avenida Valparaíso,4,2024-08-11,37.622427852813004,0.8654545454545454,437,1.7106060606060607
SURESTE,Avenida Valparaíso,5,2024-08-11,39.371271527162214,0.8919230769230769,309,1.3526923076923079
SURESTE,Avenida Valparaíso,6,2024-08-11,36.65561005035669,0.8714999999999999,674,2.2817499999999997
SURESTE,Avenida Valparaíso,7,2024-08-11,33.74086058329095,1.069811320754717,1052,4.011509433962265
SURESTE,Avenida Valparaíso,8,2024-08-11,33.3856609740989,0.9449056603773585,1162,3.1535849056603773
SURESTE,Avenida Valparaíso,9,2024-08-11,34.69406630666835,0.9743750000000001,1641,3.12125
SURESTE,Avenida Valparaíso,10,2024-08-11,32.834569884621004,1.000188679245283,2138,3.17
SURESTE,Avenida Valparaíso,11,2024-08-11,31.06794646282944,1.0653703703703703,2875,3.4372222222222226
SURESTE,Avenida Valparaíso,12,2024-08-11,32.45843233633658,1.169433962264151,3115,3.2649056603773583
SURESTE,Avenida Valparaíso,13,2024-08-11,29.94785231891138,1.1981132075471699,3614,3.6449056603773586
SURESTE,Avenida Valparaíso,14,2024-08-11,31.071663905158566,1.0643396226415094,3834,3.802075471698113
SURESTE,Avenida Valparaíso,15,2024-08-11,30.873970477883596,1.030188679245283,3873,4.311132075471698
SURESTE,Avenida Valparaíso,16,2024-08-11,31.83905813268333,1.1066037735849057,2888,3.38811320754717
SURESTE,Avenida Valparaíso,17,2024-08-11,29.675637958733503,1.2184905660377359,3550,4.092830188679245
SURESTE,Avenida Valparaíso,18,2024-08-11,31.521713007962212,1.0818867924528301,3382,3.3573584905660376
SURESTE,Avenida Valparaíso,19,2024-08-11,30.147448920493748,1.1118867924528302,3519,3.4137735849056603
SURESTE,Avenida Valparaíso,20,2024-08-11,31.39074852817494,1.1184905660377358,3351,4.275283018867925
SURESTE,Avenida Valparaíso,21,2024-08-11,30.161355338104283,1.1466037735849055,2812,3.6226415094339623
SURESTE,Avenida Valparaíso,22,2024-08-11,31.536792856675213,1.0820754716981131,1852,3.6218867924528304
SURESTE,Avenida Valparaíso,23,2024-08-11,33.927965431626234,1.027924528301887,1602,3.194150943396226
SURESTE,Paseo de las Américas,0,2024-08-11,43.50159804059345,1.0,6938,1.6348611111111113
SURESTE,Paseo de las Américas,1,2024-08-11,46.82045862544316,0.9438235294117646,5988,1.644264705882353
SURESTE,Paseo de las Américas,2,2024-08-11,49.10456229534951,0.9161764705882353,4512,1.5611764705882352
SURESTE,Paseo de las Américas,3,2024-08-11,46.611313322522946,0.9734328358208955,2278,1.4370149253731344
SURESTE,Paseo de las Américas,4,2024-08-11,48.097908859568086,0.9221052631578948,1568,1.3033333333333335
SURESTE,Paseo de las Américas,5,2024-08-11,51.512107102505986,0.8492424242424242,1681,1.0277272727272726
SURESTE,Paseo de las Américas,6,2024-08-11,51.23426898823925,0.8825373134328358,2394,1.4946268656716417
SURESTE,Paseo de las Américas,7,2024-08-11,50.1212475389856,0.9105882352941177,3717,1.5097058823529412
SURESTE,Paseo de las Américas,8,2024-08-11,47.4472800769444,0.9559154929577466,4736,1.9695774647887325
SURESTE,Paseo de las Américas,9,2024-08-11,43.785179533421186,1.0268000000000002,7352,2.0532
SURESTE,Paseo de las Américas,10,2024-08-11,43.767359809608806,1.0292,9943,3.0712
SURESTE,Paseo de las Américas,11,2024-08-11,44.069907613995085,0.9734666666666667,11556,2.576
SURESTE,Paseo de las Américas,12,2024-08-11,42.96837886525526,1.0068000000000001,12009,3.1336
SURESTE,Paseo de las Américas,13,2024-08-11,42.61130567958327,1.0343243243243243,15736,2.8795945945945944
SURESTE,Paseo de las Américas,14,2024-08-11,41.52839803659081,1.0582666666666667,13735,2.8162666666666665
SURESTE,Paseo de las Américas,15,2024-08-11,42.11763895086519,1.0435999999999999,15500,2.71
SURESTE,Paseo de las Américas,16,2024-08-11,43.0048196076487,1.0101333333333333,13615,2.7177333333333333
SURESTE,Paseo de las Américas,17,2024-08-11,43.96790498350225,0.9830263157894736,16338,2.6796052631578946
SURESTE,Paseo de las Américas,18,2024-08-11,42.171241674517,1.0275999999999998,14462,3.1417333333333333
SURESTE,Paseo de las Américas,19,2024-08-11,41.36361214404945,1.0428,13025,2.3506666666666667
SURESTE,Paseo de las Américas,20,2024-08-11,40.068366394552456,1.0730263157894737,12735,3.0575
SURESTE,Paseo de las Américas,21,2024-08-11,42.263690104943464,1.0297260273972604,9865,2.606164383561644
SURESTE,Paseo de las Américas,22,2024-08-11,44.033930289057466,1.0006666666666666,8348,2.5438666666666667
SURESTE,Paseo de las Américas,23,2024-08-11,45.582207449635895,0.9816216216216216,6036,1.9560810810810811
SURESTE,,6,2024-08-12,8.7,4.74,14,29.41
SURESTE,,7,2024-08-12,2.6,15.82,19,98.01
SURESTE,,8,2024-08-12,18.156942181083373,5.712,70,24.218
SURESTE,,9,2024-08-12,31.464252855739907,1.125,22,12.505
SURESTE,,10,2024-08-12,10.6,3.91,10,33.43
SURESTE,,11,2024-08-12,27.95434990897768,0.945,53,6.757499999999999
SURESTE,,12,2024-08-12,4.0,10.39,16,44.88
SURESTE,,13,2024-08-12,23.835019641659482,1.1825,48,11.3375
SURESTE,,14,2024-08-12,28.736640375464443,1.6039999999999999,73,9.25
SURESTE,,15,2024-08-12,34.83392737376641,1.4925000000000002,60,7.2075
SURESTE,,16,2024-08-12,24.918756925884885,1.492,97,8.456
SURESTE,,17,2024-08-12,34.361238861741874,1.0899999999999999,77,5.5075
SURESTE,,18,2024-08-12,27.694801512287334,1.4540000000000002,136,9.682
SURESTE,,19,2024-08-12,23.105994838468956,2.513333333333333,128,14.323333333333332
SURESTE,,20,2024-08-12,28.962847923864153,1.1280000000000001,94,8.908000000000001
SURESTE,,21,2024-08-12,28.951143993220786,1.108,62,7.502
SURESTE,,22,2024-08-12,33.2,1.25,12,3.91
SURESTE,Avenida Azteca,0,2024-08-12,39.03719255578408,1.0,3372,2.229242424242424
SURESTE,Avenida Azteca,1,2024-08-12,38.83233706577678,1.0243076923076924,2665,2.4006153846153846
SURESTE,Avenida Azteca,2,2024-08-12,37.26572455139855,1.098225806451613,1153,2.9025806451612906
SURESTE,Avenida Azteca,3,2024-08-12,43.35795312220433,1.0146428571428572,359,1.5235714285714284
SURESTE,Avenida Azteca,4,2024-08-12,35.146725407082194,1.0963492063492064,1566,2.893015873015873
SURESTE,Avenida Azteca,5,2024-08-12,36.89897064048481,1.075,1926,3.1209090909090906
SURESTE,Avenida Azteca,6,2024-08-12,28.494608029589603,1.4476470588235293,7074,5.909852941176471
SURESTE,Avenida Azteca,7,2024-08-12,21.726722539702966,2.097536231884058,10595,8.816666666666666
SURESTE,Avenida Azteca,8,2024-08-12,23.4055961421595,1.9539705882352942,12107,7.236911764705883
SURESTE,Avenida Azteca,9,2024-08-12,21.923642193756333,2.030735294117647,9767,7.601029411764706
SURESTE,Avenida Azteca,10,2024-08-12,24.353905713748585,1.9686764705882354,7921,6.666470588235294
SURESTE,Avenida Azteca,11,2024-08-12,24.91769717057934,1.6194117647058823,7402,6.289411764705882
SURESTE,Avenida Azteca,12,2024-08-12,23.655228239532374,1.8967647058823527,7990,6.414411764705882
SURESTE,Avenida Azteca,13,2024-08-12,25.014966081892528,1.8719402985074627,8199,6.308656716417911
SURESTE,Avenida Azteca,14,2024-08-12,24.355609913915597,1.6485294117647058,7203,6.1375
SURESTE,Avenida Azteca,15,2024-08-12,24.558959089962233,1.728955223880597,7873,6.646865671641791
SURESTE,Avenida Azteca,16,2024-08-12,21.781125155333207,1.7536231884057971,7773,8.7368115942029
SURESTE,Avenida Azteca,17,2024-08-12,20.62493253813455,1.9243478260869566,9695,8.80072463768116
SURESTE,Avenida Azteca,18,2024-08-12,16.514001101910647,2.4765217391304346,9934,10.63
SURESTE,Avenida Azteca,19,2024-08-12,15.945563603167388,3.001884057971014,9970,11.072898550724638
SURESTE,Avenida Azteca,20,2024-08-12,22.138867686269144,1.6908695652173913,6990,7.532318840579711
SURESTE,Avenida Azteca,21,2024-08-12,26.913217297584243,1.3095652173913044,7664,4.782463768115942
SURESTE,Avenida Azteca,22,2024-08-12,29.584469393911572,1.2644117647058823,6353,4.028823529411764
SURESTE,Avenida Azteca,23,2024-08-12,34.53457790296432,1.0767164179104478,3647,2.893582089552239
SURESTE,Avenida Benito Juárez,0,2024-08-12,44.397780761552944,1.0,14299,2.2737021276595746
SURESTE,Avenida Benito Juárez,1,2024-08-12,46.297515165192586,0.9744827586206897,7497,1.8730603448275862
SURESTE,Avenida Benito Juárez,2,2024-08-12,45.961060112868566,0.9850000000000001,5971,2.0745652173913043
SURESTE,Avenida Benito Juárez,3,2024-08-12,49.05212787290334,0.9302362204724409,2317,1.311496062992126
SURESTE,Avenida Benito Juárez,4,2024-08-12,45.661173082144074,0.9888288288288288,1911,1.918018018018018
SURESTE,Avenida Benito Juárez,5,2024-08-12,41.487873353702014,1.1328384279475983,10043,3.0839737991266376
SURESTE,Avenida Benito Juárez,6,2024-08-12,34.204195210150175,1.7211063829787234,36927,5.006851063829787
SURESTE,Avenida Benito Juárez,7,2024-08-12,25.829823389457253,2.5851063829787235,41892,8.29736170212766
SURESTE,Avenida Benito Juárez,8,2024-08-12,24.052442076238513,2.7225316455696205,44431,8.474388185654009
SURESTE,Avenida Benito Juárez,9,2024-08-12,29.66434667014032,1.7612765957446808,37208,5.998936170212766
SURESTE,Avenida Benito Juárez,10,2024-08-12,32.49156916513303,1.4711489361702126,37026,4.802765957446809
SURESTE,Avenida Benito Juárez,11,2024-08-12,31.799546978315302,1.5005106382978723,33965,4.860595744680851
SURESTE,Avenida Benito Juárez,12,2024-08-12,30.443626643841284,1.5511392405063291,35799,5.114050632911392
SURESTE,Avenida Benito Juárez,13,2024-08-12,29.971580222068308,1.5560337552742616,36086,5.014936708860759
SURESTE,Avenida Benito Juárez,14,2024-08-12,31.876642098889658,1.469409282700422,33753,4.794177215189873
SURESTE,Avenida Benito Juárez,15,2024-08-12,31.957976978170567,1.528,33192,4.959744680851063
SURESTE,Avenida Benito Juárez,16,2024-08-12,31.987826419993073,1.531191489361702,35870,5.2337021276595745
SURESTE,Avenida Benito Juárez,17,2024-08-12,29.420508866615265,1.7676371308016878,41942,6.357552742616034
SURESTE,Avenida Benito Juárez,18,2024-08-12,26.53248729140258,2.0246835443037976,41438,6.863628691983123
SURESTE,Avenida Benito Juárez,19,2024-08-12,28.480882218417992,1.869789029535865,40840,6.271054852320675
SURESTE,Avenida Benito Juárez,20,2024-08-12,33.54915079997735,1.4458649789029536,42077,4.439240506329114
SURESTE,Avenida Benito Juárez,21,2024-08-12,36.79094268368309,1.2729787234042553,30341,3.763914893617021
SURESTE,Avenida Benito Juárez,22,2024-08-12,38.27597771520757,1.1786382978723404,22856,3.0033617021276595
SURESTE,Avenida Benito Juárez,23,2024-08-12,42.12483700749272,1.0717241379310345,13731,2.4081465517241383
SURESTE,Avenida Chapultepec,0,2024-08-12,55.054129241292415,1.0,5469,0.9114285714285714
SURESTE,Avenida Chapultepec,1,2024-08-12,53.47136486364864,1.0395714285714286,2896,0.9312857142857143
SURESTE,Avenida Chapultepec,2,2024-08-12,51.3409886598866,1.079,1635,1.082142857142857
SURESTE,Avenida Chapultepec,3,2024-08-12,56.145336565427336,0.974423076923077,687,0.7236538461538462
SURESTE,Avenida Chapultepec,4,2024-08-12,53.597315029877116,1.0119047619047619,869,0.7563492063492063
SURESTE,Avenida Chapultepec,5,2024-08-12,51.25700477004771,1.0862857142857143,3419,1.3187142857142857
SURESTE,Avenida Chapultepec,6,2024-08-12,39.65043920439204,1.5312857142857144,13639,2.516
SURESTE,Avenida Chapultepec,7,2024-08-12,33.600333903339035,2.2808571428571427,17341,4.0807142857142855
SURESTE,Avenida Chapultepec,8,2024-08-12,33.75185761857619,1.9442857142857142,15833,3.8114285714285714
SURESTE,Avenida Chapultepec,9,2024-08-12,32.28276392763928,2.277142857142857,15149,4.583285714285714
SURESTE,Avenida Chapultepec,10,2024-08-12,39.42816218162182,1.4805714285714286,13369,2.9434285714285715
SURESTE,Avenida Chapultepec,11,2024-08-12,42.39830933309334,1.3257142857142856,13053,2.341
SURESTE,Avenida Chapultepec,12,2024-08-12,40.602077670776715,1.3745714285714286,13052,2.7694285714285716
SURESTE,Avenida Chapultepec,13,2024-08-12,42.39990369903699,1.3134285714285714,14615,2.2849999999999997
SURESTE,Avenida Chapultepec,14,2024-08-12,41.65911169111691,1.3182857142857143,14767,2.7777142857142856
SURESTE,Avenida Chapultepec,15,2024-08-12,43.42205112051121,1.268,14064,2.22
SURESTE,Avenida Chapultepec,16,2024-08-12,42.654914049140494,1.31,15251,2.501
SURESTE,Avenida Chapultepec,17,2024-08-12,42.61239492394924,1.3084285714285715,17461,2.3097142857142856
SURESTE,Avenida Chapultepec,18,2024-08-12,41.87143011430114,1.3707142857142858,21508,2.2278571428571428
SURESTE,Avenida Chapultepec,19,2024-08-12,42.091716317163176,1.373,22220,2.3905714285714286
SURESTE,Avenida Chapultepec,20,2024-08-12,42.577908379083794,1.3284285714285713,18459,2.1792857142857143
SURESTE,Avenida Chapultepec,21,2024-08-12,46.514605346053465,1.2009999999999998,12486,1.961142857142857
SURESTE,Avenida Chapultepec,22,2024-08-12,47.66658761587617,1.163857142857143,10507,1.8335714285714284
SURESTE,Avenida Chapultepec,23,2024-08-12,52.461675366753674,1.0530000000000002,6202,0.9591428571428572
SURESTE,Avenida Constitución,0,2024-08-12,74.35393284962012,1.0,1495,1.599
SURESTE,Avenida Constitución,1,2024-08-12,76.64783068551105,0.9622222222222222,1716,1.231111111111111
SURESTE,Avenida Constitución,2,2024-08-12,79.59775104923739,0.955,510,1.2833333333333334
SURESTE,Avenida Constitución,3,2024-08-12,78.90746442829357,0.96,411,1.115
SURESTE,Avenida Constitución,4,2024-08-12,77.89854232777152,0.975,628,1.05
SURESTE,Avenida Constitución,5,2024-08-12,73.50646333242872,1.0414285714285714,1997,1.1557142857142857
SURESTE,Avenida Constitución,6,2024-08-12,42.62349861317683,2.136,3850,22.203
SURESTE,Avenida Constitución,7,2024-08-12,5.959414474357661,12.866666666666667,1257,39.125
SURESTE,Avenida Constitución,8,2024-08-12,6.288670283550005,11.88,1326,34.06166666666667
SURESTE,Avenida Constitución,9,2024-08-12,8.455503122120993,9.056666666666667,1378,31.145
SURESTE,Avenida Constitución,10,2024-08-12,15.259542430136143,5.258333333333334,2045,13.593333333333334
SURESTE,Avenida Constitución,11,2024-08-12,25.105256423380077,3.5083333333333333,3230,11.776666666666666
SURESTE,Avenida Constitución,12,2024-08-12,26.65226021087112,3.265,3435,9.976666666666667
SURESTE,Avenida Constitución,13,2024-08-12,34.597408127751045,2.6966666666666668,3768,7.048333333333333
SURESTE,Avenida Constitución,14,2024-08-12,54.219862731880696,1.4585714285714286,4071,5.172857142857143
SURESTE,Avenida Constitución,15,2024-08-12,65.42792404544988,1.155,4434,1.9366666666666668
SURESTE,Avenida Constitución,16,2024-08-12,52.77056819552197,1.4369999999999998,5127,5.138
SURESTE,Avenida Constitución,17,2024-08-12,50.51552195619174,1.5322222222222222,5120,4.745555555555556
SURESTE,Avenida Constitución,18,2024-08-12,57.3841508792889,1.2733333333333334,4874,2.9922222222222223
SURESTE,Avenida Constitución,19,2024-08-12,63.14735046428428,1.1809999999999998,5237,1.6669999999999998
SURESTE,Avenida Constitución,20,2024-08-12,66.73705631708003,1.1179999999999999,3892,1.228
SURESTE,Avenida Constitución,21,2024-08-12,71.22321039315761,1.0742857142857143,3078,1.26
SURESTE,Avenida Constitución,22,2024-08-12,72.56115027145378,1.0344444444444445,1961,1.3333333333333333
SURESTE,Avenida Constitución,23,2024-08-12,73.64070924006862,1.008888888888889,2006,1.7244444444444444
SURESTE,Avenida Doctor Ignacio Morones Prieto,0,2024-08-12,74.43700075913809,1.0,7129,0.8322916666666668
SURESTE,Avenida Doctor Ignacio Morones Prieto,1,2024-08-12,73.94301485390434,1.0152083333333333,3800,0.7999999999999999
SURESTE,Avenida Doctor Ignacio Morones Prieto,2,2024-08-12,75.54187583943154,0.9852083333333334,2423,0.5670833333333333
SURESTE,Avenida Doctor Ignacio Morones Prieto,3,2024-08-12,75.87784146615074,0.9620833333333333,3721,0.540625
SURESTE,Avenida Doctor Ignacio Morones Prieto,4,2024-08-12,79.57480337708878,0.9254166666666667,6778,0.5516666666666666
SURESTE,Avenida Doctor Ignacio Morones Prieto,5,2024-08-12,79.47237321318258,0.9231250000000001,10126,0.4683333333333333
SURESTE,Avenida Doctor Ignacio Morones Prieto,6,2024-08-12,81.91947604104878,0.90375,17806,0.610625
SURESTE,Avenida Doctor Ignacio Morones Prieto,7,2024-08-12,77.63154111178386,0.9777083333333333,22555,0.9889583333333333
SURESTE,Avenida Doctor Ignacio Morones Prieto,8,2024-08-12,76.77393697617167,1.0139583333333333,19399,0.9979166666666667
SURESTE,Avenida Doctor Ignacio Morones Prieto,9,2024-08-12,74.3756255205628,1.0464583333333335,17958,0.8814583333333333
SURESTE,Avenida Doctor Ignacio Morones Prieto,10,2024-08-12,71.28460916682289,1.08375,16160,1.3258333333333334
SURESTE,Avenida Doctor Ignacio Morones Prieto,11,2024-08-12,70.28801975603085,1.118125,14937,1.2172916666666667
SURESTE,Avenida Doctor Ignacio Morones Prieto,12,2024-08-12,66.35741665616577,1.2375,17919,1.47375
SURESTE,Avenida Doctor Ignacio Morones Prieto,13,2024-08-12,69.2040550882229,1.136875,19041,1.3114583333333334
SURESTE,Avenida Doctor Ignacio Morones Prieto,14,2024-08-12,62.35980041122541,1.41625,18340,2.2397916666666666
SURESTE,Avenida Doctor Ignacio Morones Prieto,15,2024-08-12,55.203724079429826,1.7904166666666665,17383,4.080625
SURESTE,Avenida Doctor Ignacio Morones Prieto,16,2024-08-12,56.146177724368336,1.3239583333333333,20653,2.8325
SURESTE,Avenida Doctor Ignacio Morones Prieto,17,2024-08-12,26.53882361257526,3.139791666666667,20208,7.790416666666666
SURESTE,Avenida Doctor Ignacio Morones Prieto,18,2024-08-12,15.699350890834715,4.995416666666666,17902,10.69
SURESTE,Avenida Doctor Ignacio Morones Prieto,19,2024-08-12,23.6980917051102,3.2552083333333335,21400,5.375416666666666
SURESTE,Avenida Doctor Ignacio Morones Prieto,20,2024-08-12,23.602309377967785,4.0043750000000005,19042,6.663541666666667
SURESTE,Avenida Doctor Ignacio Morones Prieto,21,2024-08-12,61.498017020674986,1.2810416666666666,16888,1.751875
SURESTE,Avenida Doctor Ignacio Morones Prieto,22,2024-08-12,69.73043805648356,1.0775,12871,1.0127083333333333
SURESTE,Avenida Doctor Ignacio Morones Prieto,23,2024-08-12,73.82643029913729,1.0125,8285,1.1170833333333334
SURESTE,Avenida Eloy Cavazos,0,2024-08-12,52.00109489984464,1.0,17548,1.5511627906976744
SURESTE,Avenida Eloy Cavazos,1,2024-08-12,52.2405919598654,0.9774418604651163,9994,1.4456279069767441
SURESTE,Avenida Eloy Cavazos,2,2024-08-12,52.82127366422219,0.9889302325581396,4292,1.492186046511628
SURESTE,Avenida Eloy Cavazos,3,2024-08-12,60.15314521835827,0.9515384615384616,1143,0.7423076923076922
SURESTE,Avenida Eloy Cavazos,4,2024-08-12,55.99412812131097,0.911047619047619,2042,1.0694285714285714
SURESTE,Avenida Eloy Cavazos,5,2024-08-12,49.62025041905204,1.0931428571428572,12483,2.1176666666666666
SURESTE,Avenida Eloy Cavazos,6,2024-08-12,41.26663367264575,1.3934199134199134,48574,3.397056277056277
SURESTE,Avenida Eloy Cavazos,7,2024-08-12,31.6155686830317,2.6154545454545453,46187,7.135454545454546
SURESTE,Avenida Eloy Cavazos,8,2024-08-12,32.4280640447418,3.0298701298701296,42014,7.067878787878788
SURESTE,Avenida Eloy Cavazos,9,2024-08-12,36.36296290748404,1.5094444444444444,43818,4.56517094017094
SURESTE,Avenida Eloy Cavazos,10,2024-08-12,43.668180088060566,1.2529870129870129,42603,2.8768831168831173
SURESTE,Avenida Eloy Cavazos,11,2024-08-12,42.804756307508505,1.262227074235808,41716,3.0005676855895196
SURESTE,Avenida Eloy Cavazos,12,2024-08-12,42.499923122727694,1.3109606986899562,43133,2.97
SURESTE,Avenida Eloy Cavazos,13,2024-08-12,42.61052266635258,1.30508547008547,44976,3.0992735042735045
SURESTE,Avenida Eloy Cavazos,14,2024-08-12,42.14357975064448,1.333846153846154,46720,3.17448717948718
SURESTE,Avenida Eloy Cavazos,15,2024-08-12,42.588834020490395,1.3669911504424779,44017,3.2584070796460174
SURESTE,Avenida Eloy Cavazos,16,2024-08-12,42.02071290438569,1.3497391304347826,53240,3.115478260869565
SURESTE,Avenida Eloy Cavazos,17,2024-08-12,40.20746771286799,1.4686580086580086,53221,3.6125108225108225
SURESTE,Avenida Eloy Cavazos,18,2024-08-12,39.233600780399584,1.5321367521367522,62534,3.4503846153846154
SURESTE,Avenida Eloy Cavazos,19,2024-08-12,38.997809614150604,1.4256962025316455,61339,3.35042194092827
SURESTE,Avenida Eloy Cavazos,20,2024-08-12,38.93796643822637,1.4773191489361703,58001,3.7591489361702126
SURESTE,Avenida Eloy Cavazos,21,2024-08-12,44.62979603418837,1.2032017543859648,41524,2.2235087719298243
SURESTE,Avenida Eloy Cavazos,22,2024-08-12,45.74809079562937,1.1588986784140969,32093,2.204625550660793
SURESTE,Avenida Eloy Cavazos,23,2024-08-12,47.912652312728596,1.1073853211009175,19973,1.895045871559633
SURESTE,Avenida Exposición,0,2024-08-12,39.84225255571658,1.0,635,3.160357142857143
SURESTE,Avenida Exposición,1,2024-08-12,43.08003211781756,0.84,198,0.5321428571428571
SURESTE,Avenida Exposición,2,2024-08-12,35.96559331217587,0.8733333333333334,79,0.85
SURESTE,Avenida Exposición,4,2024-08-12,46.73336140378363,0.8378571428571429,207,0.8442857142857143
SURESTE,Avenida Exposición,5,2024-08-12,42.333990216988724,0.8847826086956523,294,2.0143478260869565
SURESTE,Avenida Exposición,6,2024-08-12,33.614416787434884,1.1921428571428572,2081,5.121785714285714
SURESTE,Avenida Exposición,7,2024-08-12,28.47545337041244,1.5039285714285715,3440,5.8525
SURESTE,Avenida Exposición,8,2024-08-12,27.63139908346716,2.090357142857143,3271,8.76142857142857
SURESTE,Avenida Exposición,9,2024-08-12,33.509848811249064,1.269642857142857,2078,5.055000000000001
SURESTE,Avenida Exposición,10,2024-08-12,36.5042869452822,1.085,1997,3.4232142857142853
SURESTE,Avenida Exposición,11,2024-08-12,34.355632368493204,1.1403571428571428,1825,3.8489285714285715
SURESTE,Avenida Exposición,12,2024-08-12,30.966427088637342,1.2360714285714285,2235,5.0649999999999995
SURESTE,Avenida Exposición,13,2024-08-12,32.155119266773724,1.2625,2065,5.370357142857143
SURESTE,Avenida Exposición,14,2024-08-12,29.928319493948532,1.5957142857142856,2080,6.42
SURESTE,Avenida Exposición,15,2024-08-12,33.63020347812463,1.2375,1731,6.326428571428571
SURESTE,Avenida Exposición,16,2024-08-12,36.14133602287416,1.1117857142857142,1724,3.7135714285714285
SURESTE,Avenida Exposición,17,2024-08-12,31.635823116995024,1.2482142857142857,2682,4.7
SURESTE,Avenida Exposición,18,2024-08-12,28.7441101014453,1.4714285714285715,2719,6.555714285714286
SURESTE,Avenida Exposición,19,2024-08-12,28.93929242881203,1.3242857142857143,2961,4.695
SURESTE,Avenida Exposición,20,2024-08-12,32.111715169793584,1.1617857142857144,1910,3.667142857142857
SURESTE,Avenida Exposición,21,2024-08-12,37.192802867102735,0.9871428571428572,1544,2.1739285714285717
SURESTE,Avenida Exposición,22,2024-08-12,25.395721867533588,1.8917857142857142,2013,8.336785714285714
SURESTE,Avenida Exposición,23,2024-08-12,37.449238181034815,0.9739285714285714,609,2.4660714285714285
SURESTE,Avenida General Lázaro Cárdenas,0,2024-08-12,36.90171071916372,1.0,4401,3.042866666666667
SURESTE,Avenida General Lázaro Cárdenas,1,2024-08-12,39.91082101990784,0.9639583333333334,2399,2.3959027777777777
SURESTE,Avenida General Lázaro Cárdenas,2,2024-08-12,39.10922412099784,0.9754455445544554,1317,1.7805940594059406
SURESTE,Avenida General Lázaro Cárdenas,3,2024-08-12,43.79892337392337,0.9463636363636364,110,1.3545454545454545
SURESTE,Avenida General Lázaro Cárdenas,4,2024-08-12,43.2590548464988,0.8777142857142857,472,1.4505714285714284
SURESTE,Avenida General Lázaro Cárdenas,5,2024-08-12,39.361961080030085,0.9914000000000001,3650,2.6051333333333333
SURESTE,Avenida General Lázaro Cárdenas,6,2024-08-12,33.808034798423094,1.2436666666666667,10754,4.5098666666666665
SURESTE,Avenida General Lázaro Cárdenas,7,2024-08-12,24.274037914586224,2.190469798657718,15128,9.942080536912751
SURESTE,Avenida General Lázaro Cárdenas,8,2024-08-12,22.70513539952948,2.6176315789473685,13997,11.361513157894738
SURESTE,Avenida General Lázaro Cárdenas,9,2024-08-12,30.05230113536601,1.4979333333333333,13329,6.160933333333333
SURESTE,Avenida General Lázaro Cárdenas,10,2024-08-12,30.912188504396006,1.4537333333333333,12947,5.128333333333333
SURESTE,Avenida General Lázaro Cárdenas,11,2024-08-12,29.399194916737443,1.4265789473684212,10409,5.487171052631578
SURESTE,Avenida General Lázaro Cárdenas,12,2024-08-12,28.994039251954213,1.4311184210526315,12240,5.214473684210526
SURESTE,Avenida General Lázaro Cárdenas,13,2024-08-12,27.102967698531952,1.5374666666666668,10472,6.555466666666667
SURESTE,Avenida General Lázaro Cárdenas,14,2024-08-12,27.97568685392989,1.570328947368421,11323,6.181513157894737
SURESTE,Avenida General Lázaro Cárdenas,15,2024-08-12,28.573210071462654,1.4613157894736843,11987,6.334671052631579
SURESTE,Avenida General Lázaro Cárdenas,16,2024-08-12,27.39209618257888,1.5568421052631578,9852,6.541184210526316
SURESTE,Avenida General Lázaro Cárdenas,17,2024-08-12,26.298180180213375,1.7857894736842106,13093,6.7709868421052635
SURESTE,Avenida General Lázaro Cárdenas,18,2024-08-12,25.263659794289246,1.7908552631578947,13915,6.7709210526315795
SURESTE,Avenida General Lázaro Cárdenas,19,2024-08-12,26.7270765897631,1.6998026315789474,15522,6.01828947368421
SURESTE,Avenida General Lázaro Cárdenas,20,2024-08-12,28.236192822047123,1.400921052631579,11772,5.0688815789473685
SURESTE,Avenida General Lázaro Cárdenas,21,2024-08-12,31.757896356123148,1.2203947368421053,8590,4.219407894736842
SURESTE,Avenida General Lázaro Cárdenas,22,2024-08-12,32.23656920964257,1.1972666666666667,7933,4.314
SURESTE,Avenida General Lázaro Cárdenas,23,2024-08-12,35.820056962364546,1.0826666666666667,4899,3.0117333333333334
SURESTE,Avenida Ignacio Morones Prieto,0,2024-08-12,69.71575782997762,1.0,418,0.3233333333333333
SURESTE,Avenida Ignacio Morones Prieto,1,2024-08-12,66.32497203579419,1.0533333333333335,242,0.4366666666666667
SURESTE,Avenida Ignacio Morones Prieto,2,2024-08-12,66.58652125279643,1.0533333333333335,126,0.29333333333333333
SURESTE,Avenida Ignacio Morones Prieto,3,2024-08-12,70.51575782997763,0.9899999999999999,203,0.41
SURESTE,Avenida Ignacio Morones Prieto,4,2024-08-12,75.83253635346756,0.92,307,0.17666666666666667
SURESTE,Avenida Ignacio Morones Prieto,5,2024-08-12,74.43129194630873,0.9433333333333334,468,0.2866666666666667
SURESTE,Avenida Ignacio Morones Prieto,6,2024-08-12,78.40708892617451,0.8933333333333334,806,0.2233333333333333
SURESTE,Avenida Ignacio Morones Prieto,7,2024-08-12,70.07936241610739,1.0,792,0.39999999999999997
SURESTE,Avenida Ignacio Morones Prieto,8,2024-08-12,64.44551174496645,1.0966666666666667,606,0.5166666666666667
SURESTE,Avenida Ignacio Morones Prieto,9,2024-08-12,63.98369686800895,1.0966666666666667,638,0.24
SURESTE,Avenida Ignacio Morones Prieto,10,2024-08-12,66.29386185682327,1.0666666666666667,651,0.37666666666666665
SURESTE,Avenida Ignacio Morones Prieto,11,2024-08-12,61.338324944071594,1.1333333333333333,545,1.0799999999999998
SURESTE,Avenida Ignacio Morones Prieto,12,2024-08-12,64.7237975391499,1.08,770,0.27
SURESTE,Avenida Ignacio Morones Prieto,13,2024-08-12,62.07218959731544,1.1466666666666667,905,0.5666666666666668
SURESTE,Avenida Ignacio Morones Prieto,14,2024-08-12,58.712178411633104,1.19,763,1.5200000000000002
SURESTE,Avenida Ignacio Morones Prieto,15,2024-08-12,45.15802572706935,1.58,768,2.4333333333333336
SURESTE,Avenida Ignacio Morones Prieto,16,2024-08-12,63.30961968680091,1.1133333333333333,942,0.4033333333333333
SURESTE,Avenida Ignacio Morones Prieto,17,2024-08-12,24.969281319910515,2.72,1050,3.6933333333333334
SURESTE,Avenida Ignacio Morones Prieto,18,2024-08-12,12.406054250559285,5.616666666666667,939,5.463333333333332
SURESTE,Avenida Ignacio Morones Prieto,19,2024-08-12,28.19512024608501,2.4766666666666666,1271,2.31
SURESTE,Avenida Ignacio Morones Prieto,20,2024-08-12,15.860039149888143,4.453333333333333,1061,4.486666666666667
SURESTE,Avenida Ignacio Morones Prieto,21,2024-08-12,56.77388143176734,1.2166666666666666,890,0.8533333333333334
SURESTE,Avenida Ignacio Morones Prieto,22,2024-08-12,63.95798378076063,1.09,688,0.3566666666666667
SURESTE,Avenida Ignacio Morones Prieto,23,2024-08-12,66.93845078299776,1.0433333333333332,460,0.39666666666666667
SURESTE,Avenida Las Torres,0,2024-08-12,45.05225960906473,1.0,1252,0.9708474576271187
SURESTE,Avenida Las Torres,1,2024-08-12,43.60788075341754,0.9583333333333334,365,0.7973333333333333
SURESTE,Avenida Las Torres,2,2024-08-12,49.20589373418664,0.81,20,0.5
SURESTE,Avenida Las Torres,3,2024-08-12,38.9,1.34,10,0.51
SURESTE,Avenida Las Torres,4,2024-08-12,44.063538578335404,0.9282758620689656,391,0.6448275862068965
SURESTE,Avenida Las Torres,5,2024-08-12,40.93069987199759,0.9453846153846153,134,0.6315384615384616
SURESTE,Avenida Las Torres,6,2024-08-12,40.938168969761676,1.1283050847457625,4196,1.3583050847457627
SURESTE,Avenida Las Torres,7,2024-08-12,31.15388963467828,1.7261016949152543,8544,4.469322033898305
SURESTE,Avenida Las Torres,8,2024-08-12,32.7412298487486,1.6084745762711865,8027,3.9105084745762713
SURESTE,Avenida Las Torres,9,2024-08-12,38.09456618294369,1.1986440677966101,4931,2.4135593220338984
SURESTE,Avenida Las Torres,10,2024-08-12,41.47905225881238,1.0959322033898304,4364,1.324237288135593
SURESTE,Avenida Las Torres,11,2024-08-12,37.81849035408841,1.213728813559322,4474,1.8867796610169494
SURESTE,Avenida Las Torres,12,2024-08-12,36.83639434510176,1.267627118644068,4847,2.1627118644067798
SURESTE,Avenida Las Torres,13,2024-08-12,37.42947071968898,1.2096610169491526,4561,2.368135593220339
SURESTE,Avenida Las Torres,14,2024-08-12,34.33420225542645,1.4484745762711866,4459,3.2394915254237286
SURESTE,Avenida Las Torres,15,2024-08-12,37.364788738004854,1.3961016949152543,3657,2.508813559322034
SURESTE,Avenida Las Torres,16,2024-08-12,36.12391222081032,1.3950847457627118,4381,3.4198305084745764
SURESTE,Avenida Las Torres,17,2024-08-12,33.20742155601321,1.5461016949152542,6093,3.5645762711864406
SURESTE,Avenida Las Torres,18,2024-08-12,32.71512633495194,1.6250847457627118,6481,3.5010169491525422
SURESTE,Avenida Las Torres,19,2024-08-12,31.409894478547162,1.6064406779661018,6799,3.6654237288135594
SURESTE,Avenida Las Torres,20,2024-08-12,30.894098924868253,1.6972881355932203,4685,4.0684745762711865
SURESTE,Avenida Las Torres,21,2024-08-12,34.351360943917086,1.5357627118644068,3099,3.2554237288135592
SURESTE,Avenida Las Torres,22,2024-08-12,34.794284155051606,1.5261016949152544,2991,2.818305084745763
SURESTE,Avenida Las Torres,23,2024-08-12,36.28957851170535,1.482372881355932,1063,2.5167796610169493
SURESTE,Avenida Pablo Livas,0,2024-08-12,51.22700120677296,1.0,7086,2.3213291139240506
SURESTE,Avenida Pablo Livas,1,2024-08-12,50.44794960402948,1.0499358974358974,2610,2.2230128205128206
SURESTE,Avenida Pablo Livas,2,2024-08-12,50.488652577129024,0.9958860759493671,2514,1.458481012658228
SURESTE,Avenida Pablo Livas,3,2024-08-12,60.04982439089041,1.247719298245614,617,2.0096491228070175
SURESTE,Avenida Pablo Livas,4,2024-08-12,36.50524980059459,0.995,40,2.9350000000000005
SURESTE,Avenida Pablo Livas,5,2024-08-12,47.53101631923729,1.0888607594936708,5163,2.3514556962025317
SURESTE,Avenida Pablo Livas,6,2024-08-12,40.98154539074347,1.3286075949367089,36551,3.5098101265822783
SURESTE,Avenida Pablo Livas,7,2024-08-12,33.00963825365075,2.0909493670886077,51498,6.206012658227848
SURESTE,Avenida Pablo Livas,8,2024-08-12,29.563681995037655,2.4086075949367087,44491,6.528417721518988
SURESTE,Avenida Pablo Livas,9,2024-08-12,43.63192387862539,1.2114556962025316,35104,3.206329113924051
SURESTE,Avenida Pablo Livas,10,2024-08-12,41.975450360754486,1.285632911392405,29467,3.538417721518987
SURESTE,Avenida Pablo Livas,11,2024-08-12,42.00063644875122,1.2660126582278481,25279,3.5125949367088607
SURESTE,Avenida Pablo Livas,12,2024-08-12,40.79054238658514,1.3471518987341773,29248,4.171645569620253
SURESTE,Avenida Pablo Livas,13,2024-08-12,40.56447278448959,1.3476582278481013,27227,3.9696202531645572
SURESTE,Avenida Pablo Livas,14,2024-08-12,41.85796808288411,1.2927215189873418,27186,4.032848101265823
SURESTE,Avenida Pablo Livas,15,2024-08-12,40.65924789340723,1.3339240506329113,25497,4.011645569620254
SURESTE,Avenida Pablo Livas,16,2024-08-12,40.93439393096899,1.3160759493670886,24226,3.948924050632911
SURESTE,Avenida Pablo Livas,17,2024-08-12,39.60895536743457,1.399620253164557,34299,4.390126582278481
SURESTE,Avenida Pablo Livas,18,2024-08-12,37.30839496191076,1.641012658227848,35550,5.3279113924050625
SURESTE,Avenida Pablo Livas,19,2024-08-12,36.048432622845134,1.6532278481012657,37527,5.458354430379747
SURESTE,Avenida Pablo Livas,20,2024-08-12,37.54416518512619,1.503607594936709,30043,4.766962025316455
SURESTE,Avenida Pablo Livas,21,2024-08-12,42.76587312202534,1.232721518987342,18459,3.3112025316455695
SURESTE,Avenida Pablo Livas,22,2024-08-12,42.35465404088601,1.2583544303797467,14540,3.545253164556962
SURESTE,Avenida Pablo Livas,23,2024-08-12,47.814415150936796,1.083987341772152,7330,2.517341772151899
SURESTE,Avenida Puesta del Sol,6,2024-08-12,31.08110704652108,0.9266666666666667,68,2.275
SURESTE,Avenida Puesta del Sol,7,2024-08-12,29.82858704820218,0.9428571428571428,293,3.2971428571428567
SURESTE,Avenida Puesta del Sol,8,2024-08-12,24.510499515791448,1.162857142857143,407,4.417142857142857
SURESTE,Avenida Puesta del Sol,9,2024-08-12,24.532607541157727,1.1514285714285715,173,5.345714285714286
SURESTE,Avenida Puesta del Sol,10,2024-08-12,29.301924338508638,0.9771428571428571,116,2.81
SURESTE,Avenida Puesta del Sol,11,2024-08-12,25.26770797538346,1.1300000000000001,109,5.258571428571429
SURESTE,Avenida Puesta del Sol,12,2024-08-12,27.077160975914527,1.0414285714285714,173,3.9185714285714286
SURESTE,Avenida Puesta del Sol,13,2024-08-12,27.837986941988692,1.0257142857142856,133,2.9757142857142855
SURESTE,Avenida Puesta del Sol,14,2024-08-12,28.28946924494705,1.0485714285714285,157,3.8771428571428572
SURESTE,Avenida Puesta del Sol,15,2024-08-12,25.767439317734524,1.0614285714285714,150,3.9414285714285713
SURESTE,Avenida Puesta del Sol,16,2024-08-12,28.746527756083843,0.9957142857142858,147,3.224285714285714
SURESTE,Avenida Puesta del Sol,17,2024-08-12,26.477954453156727,1.127142857142857,235,4.13
SURESTE,Avenida Puesta del Sol,18,2024-08-12,28.242173003030203,1.05,347,3.237142857142857
SURESTE,Avenida Puesta del Sol,19,2024-08-12,26.813107994127012,1.1285714285714286,193,2.82
SURESTE,Avenida Puesta del Sol,20,2024-08-12,26.861307050701317,1.1199999999999999,185,3.6457142857142855
SURESTE,Avenida Puesta del Sol,21,2024-08-12,25.979636403946348,1.1766666666666667,83,3.6916666666666664
SURESTE,Avenida Puesta del Sol,22,2024-08-12,27.73549092499453,1.0285714285714287,85,3.207142857142857
SURESTE,Avenida Valparaíso,0,2024-08-12,36.388367923530566,1.0,1301,2.790754716981132
SURESTE,Avenida Valparaíso,1,2024-08-12,39.79009393922245,0.9006666666666666,152,1.662
SURESTE,Avenida Valparaíso,4,2024-08-12,36.44823702252694,0.9811764705882353,228,6.211764705882352
SURESTE,Avenida Valparaíso,5,2024-08-12,33.84760036960908,0.9892857142857144,154,2.1992857142857143
SURESTE,Avenida Valparaíso,6,2024-08-12,25.498955998851752,1.590188679245283,3093,5.600754716981132
SURESTE,Avenida Valparaíso,7,2024-08-12,20.443720632746285,2.920377358490566,5674,10.480377358490566
SURESTE,Avenida Valparaíso,8,2024-08-12,17.562328149369904,4.922962962962963,5173,13.785
SURESTE,Avenida Valparaíso,9,2024-08-12,21.809115998448856,2.919811320754717,4168,10.54867924528302
SURESTE,Avenida Valparaíso,10,2024-08-12,30.505516133418613,1.2686792452830187,4293,4.6766037735849055
SURESTE,Avenida Valparaíso,11,2024-08-12,28.888022403492077,1.2496296296296296,4381,4.159259259259259
SURESTE,Avenida Valparaíso,12,2024-08-12,27.342823688199715,1.4547169811320753,4356,5.095660377358491
SURESTE,Avenida Valparaíso,13,2024-08-12,27.958730435562554,1.3766666666666667,4454,4.397407407407408
SURESTE,Avenida Valparaíso,14,2024-08-12,30.629519690257773,1.1857407407407408,5077,3.3583333333333334
SURESTE,Avenida Valparaíso,15,2024-08-12,32.33110228569436,1.1342592592592593,4163,3.0555555555555554
SURESTE,Avenida Valparaíso,16,2024-08-12,30.19447387172805,1.2848148148148146,4803,3.518888888888889
SURESTE,Avenida Valparaíso,17,2024-08-12,26.10403123333815,1.635925925925926,5752,5.377222222222223
SURESTE,Avenida Valparaíso,18,2024-08-12,25.6914023609374,1.7437037037037035,5741,5.246666666666666
SURESTE,Avenida Valparaíso,19,2024-08-12,23.025945894769364,2.2414814814814816,5503,6.957592592592592
SURESTE,Avenida Valparaíso,20,2024-08-12,27.67480902717221,1.5142592592592592,4288,4.750555555555555
SURESTE,Avenida Valparaíso,21,2024-08-12,31.342227792090014,1.1514814814814816,3014,3.7825925925925925
SURESTE,Avenida Valparaíso,22,2024-08-12,33.51496653455075,1.0975471698113208,2503,3.2009433962264153
SURESTE,Avenida Valparaíso,23,2024-08-12,34.8336457446755,1.0667924528301886,963,2.5249056603773585
SURESTE,Paseo de las Américas,0,2024-08-12,49.74268675062763,1.0,3240,1.6088235294117648
SURESTE,Paseo de las Américas,1,2024-08-12,46.03142653632656,1.128939393939394,1693,3.1724242424242424
SURESTE,Paseo de las Américas,2,2024-08-12,50.69152815249913,1.0137142857142856,409,1.0582857142857143
SURESTE,Paseo de las Américas,3,2024-08-12,47.27758687081691,1.1246153846153848,136,1.5469230769230768
SURESTE,Paseo de las Américas,4,2024-08-12,50.26862627805745,1.0064285714285715,406,0.9482142857142858
SURESTE,Paseo de las Américas,5,2024-08-12,51.141982275729454,0.9718644067796611,1606,1.164406779661017
SURESTE,Paseo de las Américas,6,2024-08-12,36.647240212102396,1.7951388888888888,17107,3.6502777777777777
SURESTE,Paseo de las Américas,7,2024-08-12,27.510122134629054,2.758,20973,7.7948
SURESTE,Paseo de las Américas,8,2024-08-12,25.988765597368896,3.4303999999999997,19775,8.5564
SURESTE,Paseo de las Américas,9,2024-08-12,24.965466805493577,3.142533333333333,17800,7.094533333333334
SURESTE,Paseo de las Américas,10,2024-08-12,35.00083934745172,1.4717105263157895,18896,4.344736842105263
SURESTE,Paseo de las Américas,11,2024-08-12,37.80691919391095,1.3647368421052632,16539,2.8785526315789474
SURESTE,Paseo de las Américas,12,2024-08-12,37.64682830085775,1.3324,16695,3.0010666666666665
SURESTE,Paseo de las Américas,13,2024-08-12,39.42697109425356,1.2935999999999999,16503,2.6248
SURESTE,Paseo de las Américas,14,2024-08-12,38.402238040777696,1.3472368421052632,18697,3.797368421052632
SURESTE,Paseo de las Américas,15,2024-08-12,39.07773282430132,1.3262666666666667,16125,3.0750666666666664
SURESTE,Paseo de las Américas,16,2024-08-12,38.31025817985829,1.3327631578947368,17585,3.2807894736842105
SURESTE,Paseo de las Américas,17,2024-08-12,31.810996634722823,1.7992105263157896,18477,5.19328947368421
SURESTE,Paseo de las Américas,18,2024-08-12,29.620233691969528,2.288,17981,5.0028
SURESTE,Paseo de las Américas,19,2024-08-12,30.666284562116783,2.130533333333333,17790,4.733866666666667
SURESTE,Paseo de las Américas,20,2024-08-12,34.78406035665295,1.6082666666666667,14436,3.7290666666666668
SURESTE,Paseo de las Américas,21,2024-08-12,41.92621867309528,1.196388888888889,10779,2.5508333333333333
SURESTE,Paseo de las Américas,22,2024-08-12,44.02588270079201,1.1744594594594595,7302,3.1399999999999997
SURESTE,Paseo de las Américas,23,2024-08-12,47.926617151230424,1.0494117647058823,3180,1.509264705882353
SURESTE,,6,2024-08-13,21.100000000000005,2.24,16,13.41
SURESTE,,7,2024-08-13,4.4,10.87,21,91.33
SURESTE,,8,2024-08-13,2.4,19.8,23,70.07
SURESTE,,9,2024-08-13,26.49735675640441,4.608,56,24.964000000000002
SURESTE,,10,2024-08-13,26.095817763725208,1.585,44,5.59
SURESTE,,11,2024-08-13,25.665592203898054,2.6399999999999997,58,12.16
SURESTE,,12,2024-08-13,19.660613959869664,2.8000000000000003,32,20.276666666666667
SURESTE,,14,2024-08-13,29.00703995828173,1.8259999999999998,94,9.068000000000001
SURESTE,,15,2024-08-13,33.3508694906534,1.42,37,8.636666666666667
SURESTE,,16,2024-08-13,30.64547943419595,1.448,75,7.08
SURESTE,,17,2024-08-13,23.556515220650546,2.0300000000000002,71,11.472
SURESTE,,18,2024-08-13,24.417045824913632,2.342,109,14.924000000000001
SURESTE,,19,2024-08-13,27.61252199986963,1.72,109,7.608
SURESTE,,20,2024-08-13,27.943243595593508,1.9120000000000001,71,7.774000000000001
SURESTE,,21,2024-08-13,34.6,1.37,11,2.5
SURESTE,,22,2024-08-13,24.64761904761905,2.0225,42,10.52
SURESTE,Avenida Azteca,0,2024-08-13,39.55366878417498,1.0,1857,2.1104615384615384
SURESTE,Avenida Azteca,1,2024-08-13,42.60089988615168,1.0497959183673469,714,1.387142857142857
SURESTE,Avenida Azteca,2,2024-08-13,41.57853547688321,1.2537037037037038,326,3.674444444444444
SURESTE,Avenida Azteca,3,2024-08-13,39.5141951578603,0.9693333333333333,384,2.057
SURESTE,Avenida Azteca,4,2024-08-13,43.24042459812695,1.1706976744186048,520,1.6216279069767443
SURESTE,Avenida Azteca,5,2024-08-13,37.78535110365629,1.176190476190476,1426,2.434126984126984
SURESTE,Avenida Azteca,6,2024-08-13,27.99261527834249,1.537205882352941,7644,5.222058823529412
SURESTE,Avenida Azteca,7,2024-08-13,19.299602586466953,2.857941176470588,11116,10.848970588235295
SURESTE,Avenida Azteca,8,2024-08-13,20.29114541662841,2.804705882352941,11251,10.021029411764705
SURESTE,Avenida Azteca,9,2024-08-13,22.86062720512047,2.2011764705882353,10384,7.456764705882353
SURESTE,Avenida Azteca,10,2024-08-13,22.380413779926563,2.5154411764705884,9776,8.767794117647059
SURESTE,Avenida Azteca,11,2024-08-13,20.592946385552178,2.9523529411764704,8213,8.885588235294119
SURESTE,Avenida Azteca,12,2024-08-13,19.837101814131,2.6021739130434782,7884,9.56159420289855
SURESTE,Avenida Azteca,13,2024-08-13,20.64713236637924,2.4816176470588234,8158,8.894705882352941
SURESTE,Avenida Azteca,14,2024-08-13,21.276240956490614,2.238840579710145,7482,8.818985507246376
SURESTE,Avenida Azteca,15,2024-08-13,21.42051162435303,2.1131884057971013,7634,8.565217391304348
SURESTE,Avenida Azteca,16,2024-08-13,24.44848007904551,1.8944117647058822,8437,6.353529411764706
SURESTE,Avenida Azteca,17,2024-08-13,19.33118929940199,2.287536231884058,10119,8.793188405797101
SURESTE,Avenida Azteca,18,2024-08-13,16.47100487012334,2.8594202898550725,10023,10.61231884057971
SURESTE,Avenida Azteca,19,2024-08-13,18.447452535399883,2.2434782608695656,9431,9.281159420289855
SURESTE,Avenida Azteca,20,2024-08-13,24.11273792623633,1.5902898550724638,7751,6.036521739130435
SURESTE,Avenida Azteca,21,2024-08-13,26.020953192926857,1.4655072463768117,6518,5.8853623188405795
SURESTE,Avenida Azteca,22,2024-08-13,32.88873592783458,1.2086567164179105,5571,3.2170149253731344
SURESTE,Avenida Azteca,23,2024-08-13,33.48513589578643,1.2112307692307693,3053,3.6766153846153844
SURESTE,Avenida Benito Juárez,0,2024-08-13,44.37683255291232,1.0,9019,2.6490086206896555
SURESTE,Avenida Benito Juárez,1,2024-08-13,48.54920205607212,0.915938864628821,5439,1.666593886462882
SURESTE,Avenida Benito Juárez,2,2024-08-13,45.72101393343739,1.0110416666666666,2596,2.573055555555556
SURESTE,Avenida Benito Juárez,3,2024-08-13,47.434294903804194,0.9761691542288558,2821,1.7943283582089553
SURESTE,Avenida Benito Juárez,4,2024-08-13,48.89091642424549,0.9346202531645569,2214,1.5172784810126583
SURESTE,Avenida Benito Juárez,5,2024-08-13,38.347155653249395,1.185991189427313,8481,2.976740088105727
SURESTE,Avenida Benito Juárez,6,2024-08-13,32.40913948146886,1.7857872340425531,35031,5.249148936170212
SURESTE,Avenida Benito Juárez,7,2024-08-13,27.457948810442325,2.4459999999999997,40855,7.309063829787235
SURESTE,Avenida Benito Juárez,8,2024-08-13,26.874114859757,2.488,36061,7.218425531914893
SURESTE,Avenida Benito Juárez,9,2024-08-13,31.294473669854185,1.5680851063829788,38926,5.231489361702128
SURESTE,Avenida Benito Juárez,10,2024-08-13,31.291106377603246,1.4750632911392405,39041,5.003502109704641
SURESTE,Avenida Benito Juárez,11,2024-08-13,31.06626163032139,1.5249787234042553,40388,5.215404255319149
SURESTE,Avenida Benito Juárez,12,2024-08-13,30.746990882915377,1.5,42560,5.070042194092826
SURESTE,Avenida Benito Juárez,13,2024-08-13,31.098385532698504,1.515872340425532,38587,5.227148936170212
SURESTE,Avenida Benito Juárez,14,2024-08-13,32.04858610251049,1.4447234042553192,37173,4.960127659574469
SURESTE,Avenida Benito Juárez,15,2024-08-13,31.53718337406183,1.4864135021097045,35260,5.4641350210970465
SURESTE,Avenida Benito Juárez,16,2024-08-13,31.5899679399222,1.5253586497890295,36395,5.11029535864979
SURESTE,Avenida Benito Juárez,17,2024-08-13,28.78100897769298,1.7481012658227848,40575,6.286244725738396
SURESTE,Avenida Benito Juárez,18,2024-08-13,27.110149780675965,1.9583966244725737,43844,6.727004219409283
SURESTE,Avenida Benito Juárez,19,2024-08-13,29.478050172279357,1.8428691983122363,41152,6.329704641350212
SURESTE,Avenida Benito Juárez,20,2024-08-13,33.76403927449729,1.4070212765957446,37435,4.320723404255319
SURESTE,Avenida Benito Juárez,21,2024-08-13,36.06772946956716,1.2697021276595744,31827,4.037021276595745
SURESTE,Avenida Benito Juárez,22,2024-08-13,39.05712504355978,1.1630212765957446,20873,3.579191489361702
SURESTE,Avenida Benito Juárez,23,2024-08-13,43.50782148563886,1.02625,13826,2.30176724137931
SURESTE,Avenida Chapultepec,0,2024-08-13,53.04439654396545,1.0,3472,1.3277142857142856
SURESTE,Avenida Chapultepec,1,2024-08-13,57.957937629376296,0.929,1865,0.6587142857142857
SURESTE,Avenida Chapultepec,2,2024-08-13,56.00225452254523,0.9582857142857143,1401,0.8222857142857143
SURESTE,Avenida Chapultepec,3,2024-08-13,53.29061725799912,1.012857142857143,793,0.7217460317460317
SURESTE,Avenida Chapultepec,4,2024-08-13,55.96236657366574,0.9467142857142856,1124,0.7452857142857143
SURESTE,Avenida Chapultepec,5,2024-08-13,50.87826748267483,1.0595714285714286,3683,1.1404285714285713
SURESTE,Avenida Chapultepec,6,2024-08-13,41.064273692736926,1.4837142857142858,13170,2.4572857142857143
SURESTE,Avenida Chapultepec,7,2024-08-13,34.77786292862929,2.2012857142857145,16464,3.2351428571428573
SURESTE,Avenida Chapultepec,8,2024-08-13,33.14139186391864,2.222571428571429,15966,3.358
SURESTE,Avenida Chapultepec,9,2024-08-13,34.695611556115566,2.129,14335,3.930571428571428
SURESTE,Avenida Chapultepec,10,2024-08-13,38.08671721717217,1.6331428571428572,14797,2.9339999999999997
SURESTE,Avenida Chapultepec,11,2024-08-13,41.54652371523716,1.3307142857142857,13754,2.4355714285714285
SURESTE,Avenida Chapultepec,12,2024-08-13,41.19237602376024,1.3074285714285714,14740,2.660285714285714
SURESTE,Avenida Chapultepec,13,2024-08-13,42.264688596885975,1.2904285714285715,15366,2.5155714285714286
SURESTE,Avenida Chapultepec,14,2024-08-13,42.794163441634424,1.2494285714285716,15246,2.4285714285714284
SURESTE,Avenida Chapultepec,15,2024-08-13,43.11373098730988,1.2432857142857143,14229,2.033142857142857
SURESTE,Avenida Chapultepec,16,2024-08-13,41.801605616056165,1.2881428571428573,15025,2.822571428571429
SURESTE,Avenida Chapultepec,17,2024-08-13,42.91216857168572,1.2834285714285716,18449,2.290857142857143
SURESTE,Avenida Chapultepec,18,2024-08-13,41.12260957609576,1.3637142857142857,20913,2.3215714285714286
SURESTE,Avenida Chapultepec,19,2024-08-13,42.798227432274324,1.3107142857142857,21312,2.0957142857142856
SURESTE,Avenida Chapultepec,20,2024-08-13,42.93145576455765,1.2777142857142856,17646,2.1807142857142856
SURESTE,Avenida Chapultepec,21,2024-08-13,46.76109846098462,1.163,12834,1.909857142857143
SURESTE,Avenida Chapultepec,22,2024-08-13,47.48860093600936,1.145,10343,1.716
SURESTE,Avenida Chapultepec,23,2024-08-13,49.900621456214566,1.094142857142857,5908,1.4035714285714285
SURESTE,Avenida Constitución,0,2024-08-13,75.12301331126662,1.0,1583,1.3377777777777777
SURESTE,Avenida Constitución,1,2024-08-13,76.55227043920547,0.9857142857142858,1053,2.974285714285714
SURESTE,Avenida Constitución,2,2024-08-13,78.2871051284676,0.9733333333333333,489,1.3633333333333333
SURESTE,Avenida Constitución,3,2024-08-13,77.1304524516327,0.9833333333333334,240,1.5966666666666667
SURESTE,Avenida Constitución,4,2024-08-13,78.07155696591258,0.98,534,1.4833333333333334
SURESTE,Avenida Constitución,5,2024-08-13,69.51278571991351,1.0885714285714287,1794,1.3599999999999999
SURESTE,Avenida Constitución,6,2024-08-13,18.687999795270752,4.111666666666667,3833,17.263333333333332
SURESTE,Avenida Constitución,7,2024-08-13,7.981945284222209,9.644285714285715,1642,29.375714285714285
SURESTE,Avenida Constitución,8,2024-08-13,7.603142593919541,10.165,1843,28.275000000000002
SURESTE,Avenida Constitución,9,2024-08-13,8.598630361347118,9.145000000000001,1482,24.311666666666667
SURESTE,Avenida Constitución,10,2024-08-13,12.13689425734466,6.483333333333333,1899,17.826666666666664
SURESTE,Avenida Constitución,11,2024-08-13,15.351373733237793,5.293333333333334,2231,25.573333333333334
SURESTE,Avenida Constitución,12,2024-08-13,15.865651550824035,4.886666666666667,2824,12.828333333333333
SURESTE,Avenida Constitución,13,2024-08-13,16.925660763640085,4.6433333333333335,2915,10.976666666666667
SURESTE,Avenida Constitución,14,2024-08-13,30.446667007882077,2.828333333333333,3310,10.683333333333332
SURESTE,Avenida Constitución,15,2024-08-13,62.77931825161224,1.1983333333333333,3872,2.9699999999999993
SURESTE,Avenida Constitución,16,2024-08-13,57.84142280017686,1.291,4758,3.435
SURESTE,Avenida Constitución,17,2024-08-13,25.11285367470969,3.042222222222222,5009,12.097777777777777
SURESTE,Avenida Constitución,18,2024-08-13,18.694012903903563,4.151428571428571,4495,9.11142857142857
SURESTE,Avenida Constitución,19,2024-08-13,53.74600635124814,1.5,4465,6.703
SURESTE,Avenida Constitución,20,2024-08-13,65.72850926558668,1.14,3994,1.816
SURESTE,Avenida Constitución,21,2024-08-13,68.61326074285485,1.092,2890,1.495
SURESTE,Avenida Constitución,22,2024-08-13,71.88781103026892,1.048,1978,1.7730000000000001
SURESTE,Avenida Constitución,23,2024-08-13,73.16206655052571,1.032857142857143,1798,1.3985714285714284
SURESTE,Avenida Doctor Ignacio Morones Prieto,0,2024-08-13,74.17505847207325,1.0,4676,1.2525
SURESTE,Avenida Doctor Ignacio Morones Prieto,1,2024-08-13,74.69844923520981,0.9510638297872341,2659,0.6197872340425532
SURESTE,Avenida Doctor Ignacio Morones Prieto,2,2024-08-13,74.18198230316963,0.9895833333333334,1894,0.7929166666666667
SURESTE,Avenida Doctor Ignacio Morones Prieto,3,2024-08-13,74.3550697823087,0.933125,3265,0.7858333333333333
SURESTE,Avenida Doctor Ignacio Morones Prieto,4,2024-08-13,80.5328599221192,0.8827083333333333,5239,0.6689583333333333
SURESTE,Avenida Doctor Ignacio Morones Prieto,5,2024-08-13,79.37267840513385,0.9191666666666666,6959,0.8927083333333333
SURESTE,Avenida Doctor Ignacio Morones Prieto,6,2024-08-13,81.53082069896026,0.875,17517,0.4633333333333334
SURESTE,Avenida Doctor Ignacio Morones Prieto,7,2024-08-13,79.95538665330749,0.9247916666666667,21542,1.0827083333333334
SURESTE,Avenida Doctor Ignacio Morones Prieto,8,2024-08-13,76.5187691513328,0.9645833333333332,20158,0.8658333333333333
SURESTE,Avenida Doctor Ignacio Morones Prieto,9,2024-08-13,76.00165350724869,0.965,17992,0.7475
SURESTE,Avenida Doctor Ignacio Morones Prieto,10,2024-08-13,71.69290251990817,1.0764583333333333,16486,1.0643749999999998
SURESTE,Avenida Doctor Ignacio Morones Prieto,11,2024-08-13,68.90700988723572,1.0870833333333334,16236,1.2293749999999999
SURESTE,Avenida Doctor Ignacio Morones Prieto,12,2024-08-13,70.15959479852107,1.0566666666666666,17558,1.190625
SURESTE,Avenida Doctor Ignacio Morones Prieto,13,2024-08-13,67.17291751826387,1.085,20443,1.235625
SURESTE,Avenida Doctor Ignacio Morones Prieto,14,2024-08-13,66.79818728889353,1.1166666666666667,20104,1.2570833333333333
SURESTE,Avenida Doctor Ignacio Morones Prieto,15,2024-08-13,68.3032790462521,1.059375,18762,1.0595833333333333
SURESTE,Avenida Doctor Ignacio Morones Prieto,16,2024-08-13,46.6653276741177,1.57,20043,3.937291666666667
SURESTE,Avenida Doctor Ignacio Morones Prieto,17,2024-08-13,29.45415051833457,2.707708333333333,21387,4.638958333333333
SURESTE,Avenida Doctor Ignacio Morones Prieto,18,2024-08-13,21.60573779309031,3.717708333333333,20525,6.399791666666666
SURESTE,Avenida Doctor Ignacio Morones Prieto,19,2024-08-13,19.32652680495069,4.329166666666667,19167,7.376458333333333
SURESTE,Avenida Doctor Ignacio Morones Prieto,20,2024-08-13,33.231161235397344,3.6195833333333334,18276,7.096875000000001
SURESTE,Avenida Doctor Ignacio Morones Prieto,21,2024-08-13,61.855624537064074,1.1529166666666668,19791,1.4170833333333333
SURESTE,Avenida Doctor Ignacio Morones Prieto,22,2024-08-13,69.48761037468229,1.0466666666666666,14319,1.0254166666666666
SURESTE,Avenida Doctor Ignacio Morones Prieto,23,2024-08-13,72.15462659319111,0.9827083333333334,10174,0.671875
SURESTE,Avenida Eloy Cavazos,0,2024-08-13,52.226177536811015,1.0,11646,1.5122790697674418
SURESTE,Avenida Eloy Cavazos,1,2024-08-13,53.25599608696887,0.9796244131455399,5974,1.2641784037558685
SURESTE,Avenida Eloy Cavazos,2,2024-08-13,51.183748692562844,1.026431924882629,4102,1.396338028169014
SURESTE,Avenida Eloy Cavazos,3,2024-08-13,50.26099572173709,1.0572448979591837,2689,1.3546938775510202
SURESTE,Avenida Eloy Cavazos,4,2024-08-13,57.334047719784394,0.9017676767676768,3473,1.121919191919192
SURESTE,Avenida Eloy Cavazos,5,2024-08-13,49.23556649475933,1.16195,13335,1.9267500000000002
SURESTE,Avenida Eloy Cavazos,6,2024-08-13,40.12238024318179,1.4996521739130435,45645,3.4750869565217393
SURESTE,Avenida Eloy Cavazos,7,2024-08-13,31.134392798335956,2.8234347826086954,44051,6.256826086956521
SURESTE,Avenida Eloy Cavazos,8,2024-08-13,31.755240636522416,2.6733189655172414,37937,6.536681034482759
SURESTE,Avenida Eloy Cavazos,9,2024-08-13,40.084854309879844,1.379047619047619,42433,3.496060606060606
SURESTE,Avenida Eloy Cavazos,10,2024-08-13,42.95988826024919,1.3068831168831168,45104,2.673679653679654
SURESTE,Avenida Eloy Cavazos,11,2024-08-13,43.04934891798738,1.324025974025974,42679,2.9542857142857146
SURESTE,Avenida Eloy Cavazos,12,2024-08-13,40.75800948652111,1.4399568965517242,46822,3.576206896551724
SURESTE,Avenida Eloy Cavazos,13,2024-08-13,41.680275723455864,1.3673076923076923,46350,3.060854700854701
SURESTE,Avenida Eloy Cavazos,14,2024-08-13,42.33847077395958,1.318803418803419,49436,3.3728205128205127
SURESTE,Avenida Eloy Cavazos,15,2024-08-13,41.96592438786695,1.3353418803418804,46667,3.062136752136752
SURESTE,Avenida Eloy Cavazos,16,2024-08-13,42.388325886049294,1.376812227074236,49352,3.025065502183406
SURESTE,Avenida Eloy Cavazos,17,2024-08-13,41.26030726265207,1.4622566371681414,57963,3.188318584070797
SURESTE,Avenida Eloy Cavazos,18,2024-08-13,38.365425248290066,1.6367672413793104,58478,3.633663793103448
SURESTE,Avenida Eloy Cavazos,19,2024-08-13,38.80777698234164,1.6392105263157895,61005,3.4456140350877194
SURESTE,Avenida Eloy Cavazos,20,2024-08-13,39.55189723255772,1.4897402597402598,54293,3.5945021645021646
SURESTE,Avenida Eloy Cavazos,21,2024-08-13,42.97008324437188,1.3005726872246697,45482,2.675859030837004
SURESTE,Avenida Eloy Cavazos,22,2024-08-13,46.36107524400887,1.1800904977375566,32968,2.2558371040723983
SURESTE,Avenida Eloy Cavazos,23,2024-08-13,48.53692009156369,1.1037727272727273,20155,1.4330454545454545
SURESTE,Avenida Exposición,0,2024-08-13,42.64375157742924,1.0,229,0.7306666666666666
SURESTE,Avenida Exposición,5,2024-08-13,30.245029239766083,0.895,28,0.16999999999999998
SURESTE,Avenida Exposición,6,2024-08-13,36.17871411225569,1.3803571428571428,2391,3.503214285714286
SURESTE,Avenida Exposición,7,2024-08-13,25.45083427989503,2.157142857142857,3009,7.515714285714286
SURESTE,Avenida Exposición,8,2024-08-13,27.491194038619717,2.8575000000000004,3586,8.308571428571428
SURESTE,Avenida Exposición,9,2024-08-13,34.165250088128154,1.4114285714285715,2570,4.090357142857143
SURESTE,Avenida Exposición,10,2024-08-13,34.79443715483138,1.3464285714285715,2197,3.7046428571428573
SURESTE,Avenida Exposición,11,2024-08-13,35.18979182170694,1.3864285714285713,2182,3.5239285714285713
SURESTE,Avenida Exposición,12,2024-08-13,31.687207708276212,1.6896428571428572,2245,5.253928571428571
SURESTE,Avenida Exposición,13,2024-08-13,32.55437899024715,1.9307142857142858,1831,5.436071428571429
SURESTE,Avenida Exposición,14,2024-08-13,34.00601425717755,1.7107142857142856,1978,4.671428571428572
SURESTE,Avenida Exposición,15,2024-08-13,34.32444773021033,1.5353571428571429,2137,4.423214285714286
SURESTE,Avenida Exposición,16,2024-08-13,31.783776585327644,1.4217857142857144,1981,4.673928571428571
SURESTE,Avenida Exposición,17,2024-08-13,31.112435862285064,1.7017857142857142,2563,4.723214285714286
SURESTE,Avenida Exposición,18,2024-08-13,26.905782186361677,2.2689285714285714,2661,7.192142857142857
SURESTE,Avenida Exposición,19,2024-08-13,33.25065214836865,1.4435714285714287,2556,3.6739285714285717
SURESTE,Avenida Exposición,20,2024-08-13,34.13478222552975,1.3114285714285714,1985,4.041785714285714
SURESTE,Avenida Exposición,21,2024-08-13,33.40643629313384,1.2710714285714286,1308,4.180714285714286
SURESTE,Avenida Exposición,22,2024-08-13,37.90233441698327,1.1803571428571427,1132,2.7575000000000003
SURESTE,Avenida Exposición,23,2024-08-13,35.62576919110317,1.110625,522,3.1793750000000003
SURESTE,Avenida General Lázaro Cárdenas,0,2024-08-13,38.688980996779456,1.0,2638,2.3847692307692308
SURESTE,Avenida General Lázaro Cárdenas,1,2024-08-13,38.703144942393656,1.0592105263157894,1760,2.1521052631578947
SURESTE,Avenida General Lázaro Cárdenas,2,2024-08-13,38.09519708251368,1.1303225806451613,671,2.2138709677419355
SURESTE,Avenida General Lázaro Cárdenas,4,2024-08-13,41.75856190200058,1.041,525,1.8363999999999998
SURESTE,Avenida General Lázaro Cárdenas,5,2024-08-13,36.094442195494025,1.170472440944882,1747,3.3100787401574805
SURESTE,Avenida General Lázaro Cárdenas,6,2024-08-13,31.713344649679186,1.3532835820895524,10409,5.134850746268657
SURESTE,Avenida General Lázaro Cárdenas,7,2024-08-13,27.44995256518581,2.0130463576158943,14488,7.942317880794702
SURESTE,Avenida General Lázaro Cárdenas,8,2024-08-13,26.909560225570694,1.9133552631578947,13162,7.5434868421052625
SURESTE,Avenida General Lázaro Cárdenas,9,2024-08-13,29.150052951711363,1.7330666666666665,12509,6.0671333333333335
SURESTE,Avenida General Lázaro Cárdenas,10,2024-08-13,29.7173507418004,1.5848026315789472,11613,5.711118421052632
SURESTE,Avenida General Lázaro Cárdenas,11,2024-08-13,27.33385844904486,1.643092105263158,12618,6.65421052631579
SURESTE,Avenida General Lázaro Cárdenas,12,2024-08-13,26.952217663563626,1.7282236842105263,10798,6.537368421052631
SURESTE,Avenida General Lázaro Cárdenas,13,2024-08-13,27.008654000268976,1.7423684210526313,11196,6.264342105263157
SURESTE,Avenida General Lázaro Cárdenas,14,2024-08-13,28.42918214962758,1.729671052631579,12197,6.371315789473685
SURESTE,Avenida General Lázaro Cárdenas,15,2024-08-13,27.549426585433704,1.6927631578947369,11079,6.470263157894737
SURESTE,Avenida General Lázaro Cárdenas,16,2024-08-13,29.350959191305833,1.5178947368421052,9335,5.320394736842106
SURESTE,Avenida General Lázaro Cárdenas,17,2024-08-13,27.093535640290614,1.8185333333333331,13448,6.882466666666666
SURESTE,Avenida General Lázaro Cárdenas,18,2024-08-13,24.84439195948423,2.2076315789473684,12956,8.135131578947368
SURESTE,Avenida General Lázaro Cárdenas,19,2024-08-13,27.752740138651184,1.6575,11637,5.993223684210527
SURESTE,Avenida General Lázaro Cárdenas,20,2024-08-13,28.914727312587853,1.4317105263157894,10022,4.851578947368421
SURESTE,Avenida General Lázaro Cárdenas,21,2024-08-13,31.815836006197483,1.3120394736842105,8433,4.413026315789473
SURESTE,Avenida General Lázaro Cárdenas,22,2024-08-13,32.974001705965904,1.295,6981,4.87578947368421
SURESTE,Avenida General Lázaro Cárdenas,23,2024-08-13,36.77952921954907,1.1087333333333333,5556,3.033933333333333
SURESTE,Avenida Ignacio Morones Prieto,0,2024-08-13,36.19807046979866,1.0,282,8.47
SURESTE,Avenida Ignacio Morones Prieto,1,2024-08-13,56.34007270693512,0.7466666666666667,168,1.933333333333333
SURESTE,Avenida Ignacio Morones Prieto,2,2024-08-13,51.8045581655481,0.8266666666666667,117,2.733333333333334
SURESTE,Avenida Ignacio Morones Prieto,3,2024-08-13,68.78763982102909,0.6233333333333334,151,0.41333333333333333
SURESTE,Avenida Ignacio Morones Prieto,4,2024-08-13,77.55673937360179,0.5633333333333334,228,0.21666666666666665
SURESTE,Avenida Ignacio Morones Prieto,5,2024-08-13,73.93727628635347,0.5933333333333333,303,0.26
SURESTE,Avenida Ignacio Morones Prieto,6,2024-08-13,76.71630313199105,0.5666666666666668,759,0.2333333333333333
SURESTE,Avenida Ignacio Morones Prieto,7,2024-08-13,75.03569630872484,0.58,1040,0.2733333333333334
SURESTE,Avenida Ignacio Morones Prieto,8,2024-08-13,56.72978187919463,0.7666666666666666,964,5.259999999999999
SURESTE,Avenida Ignacio Morones Prieto,9,2024-08-13,69.37469239373603,0.6266666666666666,903,0.38000000000000006
SURESTE,Avenida Ignacio Morones Prieto,10,2024-08-13,68.64010067114094,0.6366666666666667,762,0.3333333333333333
SURESTE,Avenida Ignacio Morones Prieto,11,2024-08-13,65.72504194630872,0.66,774,0.39999999999999997
SURESTE,Avenida Ignacio Morones Prieto,12,2024-08-13,64.37936241610738,0.6833333333333332,849,0.4633333333333333
SURESTE,Avenida Ignacio Morones Prieto,13,2024-08-13,64.8562639821029,0.6699999999999999,1003,0.35000000000000003
SURESTE,Avenida Ignacio Morones Prieto,14,2024-08-13,65.2849412751678,0.6666666666666666,949,0.3666666666666667
SURESTE,Avenida Ignacio Morones Prieto,15,2024-08-13,68.68336129753916,0.6366666666666667,882,0.20333333333333334
SURESTE,Avenida Ignacio Morones Prieto,16,2024-08-13,60.74636465324385,0.71,993,1.0566666666666666
SURESTE,Avenida Ignacio Morones Prieto,17,2024-08-13,35.654082774049215,1.18,1138,1.75
SURESTE,Avenida Ignacio Morones Prieto,18,2024-08-13,17.7486437360179,2.3366666666666664,1163,4.88
SURESTE,Avenida Ignacio Morones Prieto,19,2024-08-13,12.535766219239374,3.4433333333333334,1067,5.583333333333333
SURESTE,Avenida Ignacio Morones Prieto,20,2024-08-13,14.045204138702463,2.9066666666666667,982,7.176666666666666
SURESTE,Avenida Ignacio Morones Prieto,21,2024-08-13,62.70715883668904,0.6933333333333334,1161,0.25333333333333335
SURESTE,Avenida Ignacio Morones Prieto,22,2024-08-13,64.45482382550335,0.6733333333333333,816,0.38999999999999996
SURESTE,Avenida Ignacio Morones Prieto,23,2024-08-13,68.71307326621925,0.6333333333333333,590,0.27666666666666667
SURESTE,Avenida Las Torres,0,2024-08-13,40.84053602553365,1.0,687,1.4703846153846152
SURESTE,Avenida Las Torres,6,2024-08-13,35.860439612968506,1.4664406779661017,5144,3.9235593220338987
SURESTE,Avenida Las Torres,7,2024-08-13,30.11000322659029,1.9608474576271187,7184,5.788474576271186
SURESTE,Avenida Las Torres,8,2024-08-13,27.495860802504794,1.9427118644067798,7786,6.217627118644068
SURESTE,Avenida Las Torres,9,2024-08-13,35.700576006118574,1.2583050847457626,5581,2.7542372881355934
SURESTE,Avenida Las Torres,10,2024-08-13,34.8100538163393,1.2669491525423728,4847,3.437457627118644
SURESTE,Avenida Las Torres,11,2024-08-13,35.2562374770454,1.3062711864406782,5341,3.9793220338983053
SURESTE,Avenida Las Torres,12,2024-08-13,35.169971199694075,1.2945762711864406,5293,3.1371186440677965
SURESTE,Avenida Las Torres,13,2024-08-13,34.09863367843244,1.3352542372881355,4475,3.258305084745763
SURESTE,Avenida Las Torres,14,2024-08-13,36.69793020208016,1.2103389830508473,4363,2.5513559322033896
SURESTE,Avenida Las Torres,15,2024-08-13,36.7344504240377,1.2271186440677968,4315,2.9633898305084747
SURESTE,Avenida Las Torres,16,2024-08-13,35.78235333952095,1.247457627118644,4736,2.724406779661017
SURESTE,Avenida Las Torres,17,2024-08-13,34.30648186138409,1.3377966101694916,5809,3.0945762711864404
SURESTE,Avenida Las Torres,18,2024-08-13,33.95394819131689,1.3296610169491525,6165,2.893220338983051
SURESTE,Avenida Las Torres,19,2024-08-13,35.283258378180285,1.251864406779661,5550,2.699322033898305
SURESTE,Avenida Las Torres,20,2024-08-13,35.4425591242795,1.2725423728813559,4498,2.637627118644068
SURESTE,Avenida Las Torres,21,2024-08-13,35.50778006604552,1.2894915254237287,2667,2.6098305084745768
SURESTE,Avenida Las Torres,22,2024-08-13,38.27514449946025,1.1771186440677968,2108,2.441186440677966
SURESTE,Avenida Las Torres,23,2024-08-13,38.82423702401407,1.0603448275862069,744,2.040344827586207
SURESTE,Avenida Pablo Livas,0,2024-08-13,48.17196018701224,1.0,5441,2.133607594936709
SURESTE,Avenida Pablo Livas,1,2024-08-13,48.24171989195897,0.9967857142857143,1948,2.1225892857142856
SURESTE,Avenida Pablo Livas,2,2024-08-13,49.56881475846134,0.9962222222222222,1047,2.093444444444444
SURESTE,Avenida Pablo Livas,3,2024-08-13,55.631571881363726,0.8608620689655172,631,1.2624137931034483
SURESTE,Avenida Pablo Livas,4,2024-08-13,47.87542479108635,0.69,20,4.55
SURESTE,Avenida Pablo Livas,5,2024-08-13,44.44346666724477,1.0998214285714287,4898,2.509375
SURESTE,Avenida Pablo Livas,6,2024-08-13,43.29611728690989,1.2665189873417722,36926,3.4736708860759498
SURESTE,Avenida Pablo Livas,7,2024-08-13,31.769511625145967,2.1944303797468354,46981,6.942911392405064
SURESTE,Avenida Pablo Livas,8,2024-08-13,32.11225813820331,2.02120253164557,36095,5.666075949367088
SURESTE,Avenida Pablo Livas,9,2024-08-13,42.552257927807034,1.239493670886076,29800,3.1983544303797466
SURESTE,Avenida Pablo Livas,10,2024-08-13,41.68397426552912,1.2909493670886076,29453,4.361898734177215
SURESTE,Avenida Pablo Livas,11,2024-08-13,41.36856589386109,1.276139240506329,29077,3.71753164556962
SURESTE,Avenida Pablo Livas,12,2024-08-13,39.94724493583665,1.3464556962025318,27978,4.22879746835443
SURESTE,Avenida Pablo Livas,13,2024-08-13,40.78812267906603,1.3441772151898734,28236,3.9880379746835444
SURESTE,Avenida Pablo Livas,14,2024-08-13,40.43823666876562,1.418481012658228,29227,4.307911392405063
SURESTE,Avenida Pablo Livas,15,2024-08-13,40.3819595708517,1.336645569620253,25149,4.019367088607595
SURESTE,Avenida Pablo Livas,16,2024-08-13,39.669788596822116,1.4231012658227848,25381,4.734303797468354
SURESTE,Avenida Pablo Livas,17,2024-08-13,39.38337779207137,1.4384177215189875,30094,4.305886075949368
SURESTE,Avenida Pablo Livas,18,2024-08-13,37.26981534720647,1.7194303797468355,36479,5.3000632911392405
SURESTE,Avenida Pablo Livas,19,2024-08-13,37.98619605026067,1.5350632911392406,33058,4.877721518987342
SURESTE,Avenida Pablo Livas,20,2024-08-13,39.55749859861048,1.4066455696202531,25825,4.208354430379747
SURESTE,Avenida Pablo Livas,21,2024-08-13,43.03630162410901,1.2352531645569622,20545,3.4889240506329116
SURESTE,Avenida Pablo Livas,22,2024-08-13,44.4896923856083,1.142278481012658,13946,3.05373417721519
SURESTE,Avenida Pablo Livas,23,2024-08-13,48.33405188672866,1.0422151898734175,7645,2.00746835443038
SURESTE,Avenida Puesta del Sol,6,2024-08-13,24.2,1.12,11,1.78
SURESTE,Avenida Puesta del Sol,7,2024-08-13,28.276732998031928,1.3714285714285714,159,2.8557142857142854
SURESTE,Avenida Puesta del Sol,8,2024-08-13,27.549479866295957,1.5242857142857142,356,4.569999999999999
SURESTE,Avenida Puesta del Sol,9,2024-08-13,29.80187435569023,1.364285714285714,307,2.6914285714285713
SURESTE,Avenida Puesta del Sol,10,2024-08-13,27.162884633407263,1.6514285714285715,138,4.001428571428571
SURESTE,Avenida Puesta del Sol,11,2024-08-13,30.322345443753704,1.4642857142857142,118,3.6371428571428575
SURESTE,Avenida Puesta del Sol,12,2024-08-13,28.66752053981444,1.4385714285714286,120,3.8185714285714285
SURESTE,Avenida Puesta del Sol,13,2024-08-13,25.210009059385833,1.4428571428571428,157,4.247142857142857
SURESTE,Avenida Puesta del Sol,14,2024-08-13,29.226175377214084,1.4414285714285715,220,3.43
SURESTE,Avenida Puesta del Sol,15,2024-08-13,30.42098806488563,1.4516666666666664,96,3.2433333333333336
SURESTE,Avenida Puesta del Sol,16,2024-08-13,28.00980674721945,1.4866666666666666,153,4.3
SURESTE,Avenida Puesta del Sol,17,2024-08-13,29.456336884196055,1.4928571428571427,232,3.0942857142857143
SURESTE,Avenida Puesta del Sol,18,2024-08-13,27.36282215488426,1.47,247,3.192857142857143
SURESTE,Avenida Puesta del Sol,19,2024-08-13,26.56955421573834,1.6342857142857141,235,3.4142857142857146
SURESTE,Avenida Puesta del Sol,20,2024-08-13,26.00829545874441,1.7383333333333333,209,4.203333333333334
SURESTE,Avenida Puesta del Sol,21,2024-08-13,28.772440723501294,1.3642857142857143,131,2.1742857142857144
SURESTE,Avenida Puesta del Sol,22,2024-08-13,26.845183460813658,1.7233333333333334,72,4.141666666666667
SURESTE,Avenida Puesta del Sol,23,2024-08-13,30.081169862912464,1.6116666666666666,86,2.9766666666666666
SURESTE,Avenida Valparaíso,0,2024-08-13,35.3181710201348,1.0,635,2.6079166666666667
SURESTE,Avenida Valparaíso,6,2024-08-13,29.164435468843642,1.490566037735849,4499,4.9498113207547165
SURESTE,Avenida Valparaíso,7,2024-08-13,24.128254508644613,1.820377358490566,5873,6.4490566037735855
SURESTE,Avenida Valparaíso,8,2024-08-13,21.79484445742661,2.8179245283018868,5716,9.21245283018868
SURESTE,Avenida Valparaíso,9,2024-08-13,25.614344565704588,1.9143396226415095,4880,7.026792452830189
SURESTE,Avenida Valparaíso,10,2024-08-13,29.649701270162396,1.267777777777778,4677,3.6316666666666664
SURESTE,Avenida Valparaíso,11,2024-08-13,30.366771475411472,1.180925925925926,4918,3.9362962962962964
SURESTE,Avenida Valparaíso,12,2024-08-13,27.009421694877698,1.4330188679245284,4776,5.005471698113208
SURESTE,Avenida Valparaíso,13,2024-08-13,26.680267219975526,1.459245283018868,4769,4.9511320754716985
SURESTE,Avenida Valparaíso,14,2024-08-13,27.718013982250614,1.2912962962962964,5351,4.525185185185185
SURESTE,Avenida Valparaíso,15,2024-08-13,31.190346640612805,1.1286792452830188,4306,3.2390566037735846
SURESTE,Avenida Valparaíso,16,2024-08-13,28.199068680456243,1.3522222222222222,5192,4.1231481481481485
SURESTE,Avenida Valparaíso,17,2024-08-13,27.759055824359812,1.4712962962962963,5992,4.262407407407407
SURESTE,Avenida Valparaíso,18,2024-08-13,26.160413188959705,1.579074074074074,5973,5.4350000000000005
SURESTE,Avenida Valparaíso,19,2024-08-13,28.915694403611667,1.3296296296296295,5375,3.8566666666666665
SURESTE,Avenida Valparaíso,20,2024-08-13,28.74688638300205,1.3329629629629631,4383,4.282592592592592
SURESTE,Avenida Valparaíso,21,2024-08-13,29.886461223893676,1.2239622641509436,2517,4.013584905660378
SURESTE,Avenida Valparaíso,22,2024-08-13,33.37244808977343,1.1024074074074075,2133,3.5011111111111113
SURESTE,Avenida Valparaíso,23,2024-08-13,34.248469898369116,1.0362857142857145,788,3.0582857142857143
SURESTE,Paseo de las Américas,0,2024-08-13,50.14534489217853,1.0,2321,1.472089552238806
SURESTE,Paseo de las Américas,1,2024-08-13,47.0053617107496,1.0792857142857142,485,2.1475
SURESTE,Paseo de las Américas,2,2024-08-13,51.19886282091329,0.9542857142857143,299,1.1600000000000001
SURESTE,Paseo de las Américas,3,2024-08-13,50.4027972344392,0.9930769230769231,365,1.3438461538461541
SURESTE,Paseo de las Américas,5,2024-08-13,52.8805890320564,0.9396491228070176,1804,0.9749122807017544
SURESTE,Paseo de las Américas,6,2024-08-13,37.646300752454074,1.8338235294117649,18322,3.773382352941176
SURESTE,Paseo de las Américas,7,2024-08-13,30.160597159026715,2.5873239436619717,20143,5.078450704225352
SURESTE,Paseo de las Américas,8,2024-08-13,24.19695803791297,3.7501333333333333,17153,8.268933333333333
SURESTE,Paseo de las Américas,9,2024-08-13,25.400335828912358,2.941733333333333,17817,6.9770666666666665
SURESTE,Paseo de las Américas,10,2024-08-13,29.440948981109624,1.8032000000000001,17508,4.058000000000001
SURESTE,Paseo de las Américas,11,2024-08-13,38.829183920285,1.247236842105263,17907,2.585657894736842
SURESTE,Paseo de las Américas,12,2024-08-13,37.34791017601977,1.3306578947368422,18719,2.964736842105263
SURESTE,Paseo de las Américas,13,2024-08-13,39.34752012163882,1.2932,18930,2.7341333333333333
SURESTE,Paseo de las Américas,14,2024-08-13,38.48107425587123,1.3339999999999999,19911,2.6546666666666665
SURESTE,Paseo de las Américas,15,2024-08-13,39.30219630345335,1.3419736842105263,17960,3.1607894736842104
SURESTE,Paseo de las Américas,16,2024-08-13,39.39853240120978,1.3433333333333333,18888,3.081466666666667
SURESTE,Paseo de las Américas,17,2024-08-13,33.42795839567707,1.7591999999999999,18922,4.601866666666666
SURESTE,Paseo de las Américas,18,2024-08-13,31.30687351290242,2.258947368421053,19711,4.333157894736842
SURESTE,Paseo de las Américas,19,2024-08-13,31.233668831705423,2.1968,17011,4.4776
SURESTE,Paseo de las Américas,20,2024-08-13,35.85441089460724,1.6452,15498,4.126933333333333
SURESTE,Paseo de las Américas,21,2024-08-13,41.93367973953427,1.2453333333333334,11162,2.579333333333333
SURESTE,Paseo de las Américas,22,2024-08-13,45.495600556961854,1.1008823529411764,6925,2.4475000000000002
SURESTE,Paseo de las Américas,23,2024-08-13,46.38160341285926,1.130294117647059,4434,2.4601470588235292
SURESTE,,6,2024-08-14,7.599999999999999,4.58,19,46.96
SURESTE,,7,2024-08-14,12.018703481392556,6.259999999999999,45,65.04333333333334
SURESTE,,8,2024-08-14,21.07946026986507,4.802,69,28.240000000000002
SURESTE,,10,2024-08-14,3.4,10.41,14,68.88
SURESTE,,11,2024-08-14,5.866653075093442,3.57,22,51.675
SURESTE,,12,2024-08-14,4.5,7.82,10,58.14
SURESTE,,13,2024-08-14,23.741200052147843,1.49,79,12.825999999999999
SURESTE,,14,2024-08-14,29.49112673640885,1.3933333333333333,39,12.903333333333334
SURESTE,,15,2024-08-14,24.92982856397888,1.4899999999999998,74,14.35
SURESTE,,16,2024-08-14,22.522404015383614,1.244,67,11.457999999999998
SURESTE,,17,2024-08-14,29.310996675575257,0.99,93,7.530000000000001
SURESTE,,18,2024-08-14,27.04032331660257,1.028,111,8.347999999999999
SURESTE,,19,2024-08-14,27.0077798057493,0.884,80,7.464
SURESTE,,20,2024-08-14,31.602939834430614,0.868,103,6.5280000000000005
SURESTE,,21,2024-08-14,27.36018970968669,0.9775,59,10.13
SURESTE,,23,2024-08-14,39.2,0.89,14,2.41
SURESTE,Avenida Azteca,0,2024-08-14,35.619820049741534,1.0,2060,3.4186363636363635
SURESTE,Avenida Azteca,1,2024-08-14,39.46731924439078,0.9480952380952382,1313,1.7619047619047619
SURESTE,Avenida Azteca,2,2024-08-14,41.41523281619555,0.9844827586206897,423,1.7775862068965516
SURESTE,Avenida Azteca,3,2024-08-14,40.821506136038096,0.8805882352941177,405,2.048235294117647
SURESTE,Avenida Azteca,4,2024-08-14,43.498069808495636,0.9190566037735849,696,1.538679245283019
SURESTE,Avenida Azteca,5,2024-08-14,36.832104297918995,1.12,1339,2.6234920634920633
SURESTE,Avenida Azteca,6,2024-08-14,26.707343187789917,1.7498529411764705,9872,7.024411764705882
SURESTE,Avenida Azteca,7,2024-08-14,18.60365891513538,2.7904411764705883,11414,11.59014705882353
SURESTE,Avenida Azteca,8,2024-08-14,12.581929067518166,4.7153623188405795,10482,13.842898550724637
SURESTE,Avenida Azteca,9,2024-08-14,11.474770633892746,5.225820895522388,7981,13.472238805970148
SURESTE,Avenida Azteca,10,2024-08-14,20.53380113584198,2.3886764705882353,8778,8.063676470588236
SURESTE,Avenida Azteca,11,2024-08-14,21.218973775330873,2.2678260869565214,8453,8.818840579710145
SURESTE,Avenida Azteca,12,2024-08-14,20.579471082888613,2.4320289855072463,8757,10.422898550724637
SURESTE,Avenida Azteca,13,2024-08-14,18.96368846976116,2.708823529411765,8102,9.40985294117647
SURESTE,Avenida Azteca,14,2024-08-14,20.867650075002313,2.25,9176,9.265797101449277
SURESTE,Avenida Azteca,15,2024-08-14,20.209633675032876,2.2711594202898553,9422,9.40768115942029
SURESTE,Avenida Azteca,16,2024-08-14,20.92348195721852,1.9230434782608696,9229,7.9852173913043485
SURESTE,Avenida Azteca,17,2024-08-14,17.938590197821114,2.247536231884058,10638,9.155797101449275
SURESTE,Avenida Azteca,18,2024-08-14,15.428823810921783,2.747971014492754,8828,10.697391304347827
SURESTE,Avenida Azteca,19,2024-08-14,19.99789068563776,1.898840579710145,10533,7.9940579710144934
SURESTE,Avenida Azteca,20,2024-08-14,23.638938868088427,1.5717391304347827,9222,6.009420289855072
SURESTE,Avenida Azteca,21,2024-08-14,27.436571051188757,1.3316176470588235,7404,4.830588235294118
SURESTE,Avenida Azteca,22,2024-08-14,32.407904866274805,1.1225373134328358,5831,3.461641791044776
SURESTE,Avenida Azteca,23,2024-08-14,33.39062837665704,1.0498529411764705,4244,3.1675
SURESTE,Avenida Benito Juárez,0,2024-08-14,45.68969625927602,1.0,9570,2.0477391304347825
SURESTE,Avenida Benito Juárez,1,2024-08-14,49.03239943438185,0.9563274336283185,7086,1.7376991150442476
SURESTE,Avenida Benito Juárez,2,2024-08-14,49.04448853199095,0.9482532751091703,5412,1.6798689956331878
SURESTE,Avenida Benito Juárez,3,2024-08-14,47.980421806118535,0.9532777777777778,2309,1.401111111111111
SURESTE,Avenida Benito Juárez,4,2024-08-14,47.03908393010123,0.9905511811023622,2287,1.861496062992126
SURESTE,Avenida Benito Juárez,5,2024-08-14,39.259550809672724,1.165781990521327,8188,2.8861611374407583
SURESTE,Avenida Benito Juárez,6,2024-08-14,30.016546035308746,1.9597872340425533,38868,6.108851063829787
SURESTE,Avenida Benito Juárez,7,2024-08-14,24.487785560086888,3.36663829787234,38693,9.898255319148937
SURESTE,Avenida Benito Juárez,8,2024-08-14,23.127031444314184,3.899829787234043,34165,10.92208510638298
SURESTE,Avenida Benito Juárez,9,2024-08-14,22.543227665385203,3.7971914893617025,30981,10.48323404255319
SURESTE,Avenida Benito Juárez,10,2024-08-14,27.514895521607883,1.9487763713080168,38845,6.512700421940928
SURESTE,Avenida Benito Juárez,11,2024-08-14,31.224825009379963,1.5416595744680852,39779,5.1308510638297875
SURESTE,Avenida Benito Juárez,12,2024-08-14,30.70849396042148,1.5515611814345993,43031,4.989240506329114
SURESTE,Avenida Benito Juárez,13,2024-08-14,30.29299742125461,1.5869198312236288,44573,5.174556962025316
SURESTE,Avenida Benito Juárez,14,2024-08-14,31.144738727789903,1.5322784810126582,40971,5.21126582278481
SURESTE,Avenida Benito Juárez,15,2024-08-14,31.357147087868835,1.5577446808510638,38576,5.350978723404255
SURESTE,Avenida Benito Juárez,16,2024-08-14,30.88335543997665,1.5938818565400843,40881,5.3074261603375525
SURESTE,Avenida Benito Juárez,17,2024-08-14,29.9420388859123,1.7143881856540084,42559,5.856708860759493
SURESTE,Avenida Benito Juárez,18,2024-08-14,29.211690493925577,1.8290717299578059,46903,5.959535864978903
SURESTE,Avenida Benito Juárez,19,2024-08-14,29.35799519970031,1.868649789029536,44611,5.77662447257384
SURESTE,Avenida Benito Juárez,20,2024-08-14,32.71541508217573,1.5183122362869197,37998,4.848776371308017
SURESTE,Avenida Benito Juárez,21,2024-08-14,35.75617791761441,1.3116170212765959,31790,3.8378723404255317
SURESTE,Avenida Benito Juárez,22,2024-08-14,39.53783126306097,1.1842978723404256,26634,3.1016595744680853
SURESTE,Avenida Benito Juárez,23,2024-08-14,42.31597455329658,1.0616170212765956,18425,2.561787234042553
SURESTE,Avenida Chapultepec,0,2024-08-14,53.40628656286563,1.0,3440,0.9477142857142857
SURESTE,Avenida Chapultepec,1,2024-08-14,54.013503735037354,0.9778571428571429,2034,0.5998571428571429
SURESTE,Avenida Chapultepec,2,2024-08-14,54.1849815498155,0.9961428571428572,1510,1.2204285714285714
SURESTE,Avenida Chapultepec,3,2024-08-14,50.236109032891946,1.2194594594594594,564,2.6259459459459458
SURESTE,Avenida Chapultepec,4,2024-08-14,54.56337998379984,0.994,1537,0.8551428571428571
SURESTE,Avenida Chapultepec,5,2024-08-14,50.6989154891549,1.0537142857142858,3980,1.1577142857142857
SURESTE,Avenida Chapultepec,6,2024-08-14,39.649828098280985,1.5482857142857143,14693,2.6794285714285713
SURESTE,Avenida Chapultepec,7,2024-08-14,32.246034560345606,2.2117142857142857,17361,3.841285714285714
SURESTE,Avenida Chapultepec,8,2024-08-14,32.057868328683284,2.4785714285714286,17171,3.851
SURESTE,Avenida Chapultepec,9,2024-08-14,33.25389703897039,2.443857142857143,17698,4.383714285714286
SURESTE,Avenida Chapultepec,10,2024-08-14,32.008203132031326,2.5347142857142857,14623,4.2457142857142856
SURESTE,Avenida Chapultepec,11,2024-08-14,36.78672576725768,1.5954285714285714,14174,3.42
SURESTE,Avenida Chapultepec,12,2024-08-14,39.26969534695347,1.49,12891,2.9044285714285714
SURESTE,Avenida Chapultepec,13,2024-08-14,42.167434974349746,1.27,17296,2.226857142857143
SURESTE,Avenida Chapultepec,14,2024-08-14,41.60342633426335,1.2970000000000002,16759,2.5731428571428574
SURESTE,Avenida Chapultepec,15,2024-08-14,42.68681216812169,1.252857142857143,16655,2.245142857142857
SURESTE,Avenida Chapultepec,16,2024-08-14,41.31067185671857,1.2932857142857144,15102,2.2244285714285716
SURESTE,Avenida Chapultepec,17,2024-08-14,40.67641841418415,1.3418571428571429,18704,2.468
SURESTE,Avenida Chapultepec,18,2024-08-14,41.17373773737738,1.3337142857142856,21053,2.511
SURESTE,Avenida Chapultepec,19,2024-08-14,41.617971379713794,1.3307142857142857,21580,2.2247142857142856
SURESTE,Avenida Chapultepec,20,2024-08-14,43.27146431464315,1.254857142857143,18698,2.226571428571429
SURESTE,Avenida Chapultepec,21,2024-08-14,46.80126676266763,1.1404285714285713,14647,1.629857142857143
SURESTE,Avenida Chapultepec,22,2024-08-14,48.35856088560886,1.116857142857143,10626,1.6585714285714286
SURESTE,Avenida Chapultepec,23,2024-08-14,49.22254882548826,1.0838571428571429,8048,1.8665714285714285
SURESTE,Avenida Constitución,0,2024-08-14,76.79202170130003,1.0,1232,1.2283333333333333
SURESTE,Avenida Constitución,1,2024-08-14,74.48618179957005,1.0250000000000001,1096,1.9666666666666666
SURESTE,Avenida Constitución,2,2024-08-14,75.16396662913297,1.015,355,1.2566666666666666
SURESTE,Avenida Constitución,3,2024-08-14,75.62596581021599,1.0116666666666667,217,1.2116666666666667
SURESTE,Avenida Constitución,4,2024-08-14,55.03971644999488,2.7783333333333338,380,14.243333333333334
SURESTE,Avenida Constitución,5,2024-08-14,22.988377520728836,3.3783333333333334,1339,33.66166666666667
SURESTE,Avenida Constitución,6,2024-08-14,3.9982239737946563,19.31,955,40.70333333333334
SURESTE,Avenida Constitución,7,2024-08-14,2.931918313031016,26.551666666666666,575,61.005
SURESTE,Avenida Constitución,8,2024-08-14,4.720837936602362,27.43857142857143,491,80.92857142857143
SURESTE,Avenida Constitución,9,2024-08-14,7.787660968369331,10.261666666666668,1259,70.395
SURESTE,Avenida Constitución,10,2024-08-14,9.16690449380694,8.403333333333334,1522,15.466666666666667
SURESTE,Avenida Constitución,11,2024-08-14,13.328076568737844,5.941666666666666,2302,17.136666666666667
SURESTE,Avenida Constitución,12,2024-08-14,15.923457876957722,4.9366666666666665,2536,15.63
SURESTE,Avenida Constitución,13,2024-08-14,14.453286928037668,5.526666666666666,2723,12.1
SURESTE,Avenida Constitución,14,2024-08-14,16.956343535674073,4.803333333333334,2663,13.291666666666666
SURESTE,Avenida Constitución,15,2024-08-14,28.94853320960527,3.0928571428571425,3354,9.575714285714286
SURESTE,Avenida Constitución,16,2024-08-14,49.22342123246372,1.581,4252,5.781000000000001
SURESTE,Avenida Constitución,17,2024-08-14,26.109498731346964,3.017777777777778,4575,13.583333333333334
SURESTE,Avenida Constitución,18,2024-08-14,18.48832224383253,4.261666666666667,4373,9.783333333333333
SURESTE,Avenida Constitución,19,2024-08-14,51.729719218555296,1.614,4449,7.037000000000001
SURESTE,Avenida Constitución,20,2024-08-14,65.83866523294608,1.154,4229,2.1239999999999997
SURESTE,Avenida Constitución,21,2024-08-14,68.92401917433774,1.093,3094,2.325
SURESTE,Avenida Constitución,22,2024-08-14,72.16389184789162,1.0470000000000002,2193,1.623
SURESTE,Avenida Constitución,23,2024-08-14,71.8324938698396,1.049,1957,1.908
SURESTE,Avenida Doctor Ignacio Morones Prieto,0,2024-08-14,73.8676708598545,1.0,5734,0.9777083333333333
SURESTE,Avenida Doctor Ignacio Morones Prieto,1,2024-08-14,76.30150229431814,0.9952083333333333,3620,1.0425
SURESTE,Avenida Doctor Ignacio Morones Prieto,2,2024-08-14,75.13912665312307,0.976875,2421,0.6397916666666666
SURESTE,Avenida Doctor Ignacio Morones Prieto,3,2024-08-14,75.08222571910662,1.0364583333333333,2997,1.225625
SURESTE,Avenida Doctor Ignacio Morones Prieto,4,2024-08-14,81.30349572331721,0.8941666666666667,5824,0.44145833333333334
SURESTE,Avenida Doctor Ignacio Morones Prieto,5,2024-08-14,79.60514615713237,0.9406249999999999,8720,0.8127083333333333
SURESTE,Avenida Doctor Ignacio Morones Prieto,6,2024-08-14,82.42541883215672,0.8870833333333333,16844,0.593125
SURESTE,Avenida Doctor Ignacio Morones Prieto,7,2024-08-14,74.5872065255141,1.0216666666666667,22919,1.4477083333333332
SURESTE,Avenida Doctor Ignacio Morones Prieto,8,2024-08-14,70.64627330815166,1.1933333333333334,19404,2.0466666666666664
SURESTE,Avenida Doctor Ignacio Morones Prieto,9,2024-08-14,70.00612627509075,1.1472916666666666,14956,1.8539583333333332
SURESTE,Avenida Doctor Ignacio Morones Prieto,10,2024-08-14,60.27608038872787,1.3297916666666667,15856,2.424166666666667
SURESTE,Avenida Doctor Ignacio Morones Prieto,11,2024-08-14,59.95264545792623,1.2620833333333332,17296,1.9031250000000002
SURESTE,Avenida Doctor Ignacio Morones Prieto,12,2024-08-14,57.073303848860824,1.3425,17910,2.580833333333333
SURESTE,Avenida Doctor Ignacio Morones Prieto,13,2024-08-14,43.98068869498938,2.0520833333333335,18540,3.9966666666666666
SURESTE,Avenida Doctor Ignacio Morones Prieto,14,2024-08-14,41.59452068267106,2.2131250000000002,19126,4.183958333333334
SURESTE,Avenida Doctor Ignacio Morones Prieto,15,2024-08-14,42.846283143139026,1.9037500000000003,19830,4.398958333333334
SURESTE,Avenida Doctor Ignacio Morones Prieto,16,2024-08-14,62.19848848538121,1.2185416666666666,23849,1.5272916666666667
SURESTE,Avenida Doctor Ignacio Morones Prieto,17,2024-08-14,46.99369147029988,1.5295833333333333,23896,3.4964583333333334
SURESTE,Avenida Doctor Ignacio Morones Prieto,18,2024-08-14,33.92932670291269,2.2814583333333336,24544,3.4177083333333336
SURESTE,Avenida Doctor Ignacio Morones Prieto,19,2024-08-14,27.024109242122023,2.906875,25764,4.511041666666666
SURESTE,Avenida Doctor Ignacio Morones Prieto,20,2024-08-14,43.5389225771355,1.6585416666666666,23927,3.080208333333333
SURESTE,Avenida Doctor Ignacio Morones Prieto,21,2024-08-14,64.16949678672522,1.1679166666666667,19922,0.8377083333333334
SURESTE,Avenida Doctor Ignacio Morones Prieto,22,2024-08-14,68.57955552004032,1.0991666666666668,15370,1.0966666666666667
SURESTE,Avenida Doctor Ignacio Morones Prieto,23,2024-08-14,70.63668696157285,1.0739583333333333,12870,1.5804166666666666
SURESTE,Avenida Eloy Cavazos,0,2024-08-14,50.90016133122772,1.0,12297,1.6921860465116279
SURESTE,Avenida Eloy Cavazos,1,2024-08-14,52.46241984054422,0.9762325581395349,6494,1.2729767441860464
SURESTE,Avenida Eloy Cavazos,2,2024-08-14,53.34515445773294,0.9619248826291079,4226,1.288356807511737
SURESTE,Avenida Eloy Cavazos,3,2024-08-14,53.788702163809695,0.9163793103448276,2893,1.3486206896551725
SURESTE,Avenida Eloy Cavazos,4,2024-08-14,55.99532021919972,1.0365196078431371,4354,2.084607843137255
SURESTE,Avenida Eloy Cavazos,5,2024-08-14,50.0401164909499,1.1003255813953488,14821,1.8376744186046512
SURESTE,Avenida Eloy Cavazos,6,2024-08-14,39.89348291623351,1.429478260869565,46025,3.458434782608695
SURESTE,Avenida Eloy Cavazos,7,2024-08-14,31.718392546800732,2.6066375545851526,45580,5.885065502183406
SURESTE,Avenida Eloy Cavazos,8,2024-08-14,31.87956522487577,2.4830735930735934,47374,5.495670995670996
SURESTE,Avenida Eloy Cavazos,9,2024-08-14,34.21682237708328,1.941404255319149,47814,4.3446808510638295
SURESTE,Avenida Eloy Cavazos,10,2024-08-14,35.07786000239202,1.6738197424892705,44435,4.01725321888412
SURESTE,Avenida Eloy Cavazos,11,2024-08-14,43.85818978543366,1.2241558441558442,44033,2.787272727272727
SURESTE,Avenida Eloy Cavazos,12,2024-08-14,41.14533054428089,1.3679039301310043,44041,3.5674235807860266
SURESTE,Avenida Eloy Cavazos,13,2024-08-14,42.523282522506776,1.2505128205128204,52658,3.059017094017094
SURESTE,Avenida Eloy Cavazos,14,2024-08-14,42.67658377741149,1.2340517241379312,49705,3.2784051724137933
SURESTE,Avenida Eloy Cavazos,15,2024-08-14,42.874304560016654,1.2680869565217392,53857,2.8347391304347824
SURESTE,Avenida Eloy Cavazos,16,2024-08-14,40.94540422912745,1.293974358974359,50934,2.961196581196581
SURESTE,Avenida Eloy Cavazos,17,2024-08-14,38.93376675876794,1.4913215859030837,59680,3.6283259911894272
SURESTE,Avenida Eloy Cavazos,18,2024-08-14,37.789551627270264,1.555922746781116,63511,3.59206008583691
SURESTE,Avenida Eloy Cavazos,19,2024-08-14,37.794036654418704,1.6965652173913042,62700,3.697217391304348
SURESTE,Avenida Eloy Cavazos,20,2024-08-14,39.41349991137035,1.466140350877193,55982,3.302017543859649
SURESTE,Avenida Eloy Cavazos,21,2024-08-14,43.004545860949676,1.254934497816594,46506,2.771834061135371
SURESTE,Avenida Eloy Cavazos,22,2024-08-14,46.59185608890916,1.1338666666666666,37524,2.2181777777777776
SURESTE,Avenida Eloy Cavazos,23,2024-08-14,47.72404198404016,1.1048868778280543,24725,1.664796380090498
SURESTE,Avenida Exposición,0,2024-08-14,38.640568128038545,1.0,372,2.8400000000000003
SURESTE,Avenida Exposición,1,2024-08-14,38.38190348525469,0.9366666666666666,40,0.3
SURESTE,Avenida Exposición,5,2024-08-14,44.351827190474324,1.0485714285714285,201,0.7614285714285715
SURESTE,Avenida Exposición,6,2024-08-14,33.64094532137401,1.2935714285714286,2662,4.348571428571429
SURESTE,Avenida Exposición,7,2024-08-14,16.384584426775294,3.056785714285714,3495,13.683571428571428
SURESTE,Avenida Exposición,8,2024-08-14,6.1885022129959655,7.697857142857143,3048,23.5325
SURESTE,Avenida Exposición,9,2024-08-14,22.598819082683796,3.1514285714285712,2076,14.869285714285715
SURESTE,Avenida Exposición,10,2024-08-14,34.61397125063648,1.2557142857142856,2184,3.1574999999999998
SURESTE,Avenida Exposición,11,2024-08-14,33.81003583878422,1.3760714285714286,1914,4.390714285714286
SURESTE,Avenida Exposición,12,2024-08-14,31.709130077161095,1.8782142857142858,2098,5.882857142857143
SURESTE,Avenida Exposición,13,2024-08-14,31.357576083976344,1.679285714285714,2153,5.779285714285714
SURESTE,Avenida Exposición,14,2024-08-14,30.14131056362853,1.6657142857142857,2486,5.557857142857143
SURESTE,Avenida Exposición,15,2024-08-14,32.944255023305004,1.352142857142857,2564,5.3225
SURESTE,Avenida Exposición,16,2024-08-14,32.36210782969723,1.301785714285714,2375,3.9285714285714284
SURESTE,Avenida Exposición,17,2024-08-14,30.108541576906504,1.5603571428571428,2893,5.153928571428572
SURESTE,Avenida Exposición,18,2024-08-14,30.409234851748856,1.6592857142857143,2810,5.666071428571429
SURESTE,Avenida Exposición,19,2024-08-14,30.744332380243627,1.3900000000000001,2697,4.874285714285714
SURESTE,Avenida Exposición,20,2024-08-14,35.788358270338016,1.1192857142857142,2040,2.472142857142857
SURESTE,Avenida Exposición,21,2024-08-14,34.07260781011319,1.2007142857142856,1389,4.659642857142857
SURESTE,Avenida Exposición,22,2024-08-14,37.42477576279817,1.0714285714285714,1004,2.7889285714285714
SURESTE,Avenida Exposición,23,2024-08-14,37.92164035877952,1.0214285714285716,941,2.6753571428571425
SURESTE,Avenida General Lázaro Cárdenas,0,2024-08-14,38.077525371539885,1.0,3934,1.9542
SURESTE,Avenida General Lázaro Cárdenas,1,2024-08-14,38.2876851514327,1.0505042016806723,1893,2.1649579831932773
SURESTE,Avenida General Lázaro Cárdenas,2,2024-08-14,39.662508623795816,1.0436363636363637,1293,1.9359090909090908
SURESTE,Avenida General Lázaro Cárdenas,4,2024-08-14,41.534223451391505,0.9431428571428572,1178,1.6424761904761906
SURESTE,Avenida General Lázaro Cárdenas,5,2024-08-14,36.87704187273915,1.1668992248062016,3066,3.7706201550387597
SURESTE,Avenida General Lázaro Cárdenas,6,2024-08-14,31.968619950303843,1.4506040268456377,15614,5.622617449664429
SURESTE,Avenida General Lázaro Cárdenas,7,2024-08-14,28.39296906232671,1.7470394736842105,16233,7.273092105263157
SURESTE,Avenida General Lázaro Cárdenas,8,2024-08-14,27.086557872958963,2.015328947368421,16285,8.253355263157895
SURESTE,Avenida General Lázaro Cárdenas,9,2024-08-14,28.0613604249071,1.7832894736842106,14105,6.9175
SURESTE,Avenida General Lázaro Cárdenas,10,2024-08-14,29.454555905387057,1.6222368421052633,12252,6.002894736842106
SURESTE,Avenida General Lázaro Cárdenas,11,2024-08-14,30.885453048170508,1.4599342105263158,12742,5.304934210526316
SURESTE,Avenida General Lázaro Cárdenas,12,2024-08-14,28.24331826949471,1.6297368421052632,12698,6.000592105263158
SURESTE,Avenida General Lázaro Cárdenas,13,2024-08-14,26.84300728996446,1.728421052631579,13905,6.429736842105263
SURESTE,Avenida General Lázaro Cárdenas,14,2024-08-14,26.86228102011603,1.6742105263157894,10850,6.492171052631579
SURESTE,Avenida General Lázaro Cárdenas,15,2024-08-14,25.925483925048034,1.7421052631578948,13413,6.787960526315789
SURESTE,Avenida General Lázaro Cárdenas,16,2024-08-14,28.12226303930906,1.6115131578947368,11604,6.116118421052631
SURESTE,Avenida General Lázaro Cárdenas,17,2024-08-14,26.067576515150115,1.761578947368421,12474,6.504078947368421
SURESTE,Avenida General Lázaro Cárdenas,18,2024-08-14,25.021351471349536,1.8541447368421051,14504,7.0415789473684205
SURESTE,Avenida General Lázaro Cárdenas,19,2024-08-14,25.366498219421114,1.8100657894736842,13747,6.747697368421053
SURESTE,Avenida General Lázaro Cárdenas,20,2024-08-14,28.719483199183493,1.4510526315789474,12515,5.321052631578947
SURESTE,Avenida General Lázaro Cárdenas,21,2024-08-14,30.389706724932342,1.307171052631579,10213,4.731578947368422
SURESTE,Avenida General Lázaro Cárdenas,22,2024-08-14,34.540011717001256,1.1413815789473685,7933,3.2363157894736845
SURESTE,Avenida General Lázaro Cárdenas,23,2024-08-14,35.51437561832052,1.09125,6611,3.001118421052632
SURESTE,Avenida Ignacio Morones Prieto,0,2024-08-14,68.12270693512303,1.0,311,0.38333333333333336
SURESTE,Avenida Ignacio Morones Prieto,1,2024-08-14,48.2464485458613,1.3133333333333332,231,4.423333333333333
SURESTE,Avenida Ignacio Morones Prieto,2,2024-08-14,64.53709451901565,1.0466666666666666,158,0.6299999999999999
SURESTE,Avenida Ignacio Morones Prieto,3,2024-08-14,68.65515939597316,0.9966666666666667,147,0.3
SURESTE,Avenida Ignacio Morones Prieto,4,2024-08-14,75.35461409395974,0.9066666666666667,331,0.26
SURESTE,Avenida Ignacio Morones Prieto,5,2024-08-14,73.25391498881432,0.9400000000000001,390,0.42999999999999994
SURESTE,Avenida Ignacio Morones Prieto,6,2024-08-14,79.12648210290828,0.8633333333333333,728,0.24333333333333332
SURESTE,Avenida Ignacio Morones Prieto,7,2024-08-14,75.29842002237136,0.91,1175,0.19000000000000003
SURESTE,Avenida Ignacio Morones Prieto,8,2024-08-14,70.51630313199105,0.9733333333333333,1024,0.3266666666666667
SURESTE,Avenida Ignacio Morones Prieto,9,2024-08-14,67.40921420581655,1.0166666666666666,729,0.4066666666666667
SURESTE,Avenida Ignacio Morones Prieto,10,2024-08-14,67.47462248322148,1.0133333333333334,867,0.3433333333333333
SURESTE,Avenida Ignacio Morones Prieto,11,2024-08-14,68.21986856823267,1.01,952,0.2833333333333334
SURESTE,Avenida Ignacio Morones Prieto,12,2024-08-14,61.278285794183454,1.1033333333333333,1141,0.86
SURESTE,Avenida Ignacio Morones Prieto,13,2024-08-14,37.76665268456376,1.8,1149,1.74
SURESTE,Avenida Ignacio Morones Prieto,14,2024-08-14,33.023266219239375,2.033333333333333,1160,2.1966666666666668
SURESTE,Avenida Ignacio Morones Prieto,15,2024-08-14,32.36484899328859,2.1366666666666667,1026,2.98
SURESTE,Avenida Ignacio Morones Prieto,16,2024-08-14,64.1670581655481,1.0633333333333335,1259,0.32666666666666666
SURESTE,Avenida Ignacio Morones Prieto,17,2024-08-14,62.77895693512305,1.0933333333333335,1236,0.36333333333333334
SURESTE,Avenida Ignacio Morones Prieto,18,2024-08-14,51.815967561521255,1.3133333333333335,1415,0.5533333333333333
SURESTE,Avenida Ignacio Morones Prieto,19,2024-08-14,31.228299776286352,2.1266666666666665,1479,1.8066666666666666
SURESTE,Avenida Ignacio Morones Prieto,20,2024-08-14,52.351412192393745,1.28,1318,2.6833333333333336
SURESTE,Avenida Ignacio Morones Prieto,21,2024-08-14,59.94168064876957,1.14,1034,0.3633333333333333
SURESTE,Avenida Ignacio Morones Prieto,22,2024-08-14,63.34010067114094,1.0766666666666669,839,0.37000000000000005
SURESTE,Avenida Ignacio Morones Prieto,23,2024-08-14,65.95501957494407,1.04,721,0.3066666666666667
SURESTE,Avenida Las Torres,0,2024-08-14,41.19313809917259,1.0,538,1.9467441860465118
SURESTE,Avenida Las Torres,1,2024-08-14,35.97154954499494,1.0544444444444445,90,3.926666666666667
SURESTE,Avenida Las Torres,5,2024-08-14,41.35391776880969,0.976551724137931,353,1.5979310344827586
SURESTE,Avenida Las Torres,6,2024-08-14,36.542921617756605,1.3174576271186442,5786,3.5806779661016948
SURESTE,Avenida Las Torres,7,2024-08-14,28.552197467325794,1.9247457627118645,8033,6.245762711864407
SURESTE,Avenida Las Torres,8,2024-08-14,26.843609558674153,2.000508474576271,9239,6.228135593220339
SURESTE,Avenida Las Torres,9,2024-08-14,32.61072383175522,1.5332203389830508,5660,4.332542372881356
SURESTE,Avenida Las Torres,10,2024-08-14,31.84666008070459,1.3371186440677967,5015,4.3474576271186445
SURESTE,Avenida Las Torres,11,2024-08-14,34.247585434932425,1.255084745762712,5069,3.72
SURESTE,Avenida Las Torres,12,2024-08-14,31.99529674672063,1.3077966101694916,4779,3.4152542372881354
SURESTE,Avenida Las Torres,13,2024-08-14,33.39323770410176,1.2716949152542374,4976,4.547288135593221
SURESTE,Avenida Las Torres,14,2024-08-14,33.100470046486805,1.2542372881355932,5196,3.12
SURESTE,Avenida Las Torres,15,2024-08-14,35.77743418353324,1.2010169491525424,5567,3.4354237288135594
SURESTE,Avenida Las Torres,16,2024-08-14,34.92468062731289,1.1933898305084745,5692,2.991186440677966
SURESTE,Avenida Las Torres,17,2024-08-14,34.171833061795176,1.2786440677966102,6230,3.299491525423729
SURESTE,Avenida Las Torres,18,2024-08-14,34.95783762682292,1.2308474576271187,6131,2.783050847457627
SURESTE,Avenida Las Torres,19,2024-08-14,34.501128908257286,1.2428813559322034,5967,3.3389830508474576
SURESTE,Avenida Las Torres,20,2024-08-14,34.98082847685021,1.230508474576271,4543,2.7708474576271183
SURESTE,Avenida Las Torres,21,2024-08-14,34.41219730798801,1.2135593220338983,2843,3.3169491525423727
SURESTE,Avenida Las Torres,22,2024-08-14,39.29640016093118,1.0864406779661016,2015,1.9591525423728815
SURESTE,Avenida Las Torres,23,2024-08-14,39.28527957807353,1.0642372881355933,1778,2.573050847457627
SURESTE,Avenida Pablo Livas,0,2024-08-14,48.596885233337,1.0,5094,2.1468354430379746
SURESTE,Avenida Pablo Livas,1,2024-08-14,48.79488661894679,1.0050632911392405,3270,1.6426582278481014
SURESTE,Avenida Pablo Livas,2,2024-08-14,44.43562314200778,1.106605504587156,1287,2.277889908256881
SURESTE,Avenida Pablo Livas,4,2024-08-14,51.35656726610517,0.9870093457943925,1174,2.00214953271028
SURESTE,Avenida Pablo Livas,5,2024-08-14,49.54833916275173,1.0247019867549667,6368,2.220529801324503
SURESTE,Avenida Pablo Livas,6,2024-08-14,40.5887851267863,1.354367088607595,42390,4.035
SURESTE,Avenida Pablo Livas,7,2024-08-14,31.48605373220461,2.439620253164557,47729,6.471962025316456
SURESTE,Avenida Pablo Livas,8,2024-08-14,29.134323598497772,2.7126582278481015,37546,7.084746835443038
SURESTE,Avenida Pablo Livas,9,2024-08-14,38.188987858631734,1.3812658227848102,40268,4.43506329113924
SURESTE,Avenida Pablo Livas,10,2024-08-14,41.787829176253474,1.2435443037974683,32931,3.456392405063291
SURESTE,Avenida Pablo Livas,11,2024-08-14,41.30186621501599,1.2603164556962025,28433,3.521518987341772
SURESTE,Avenida Pablo Livas,12,2024-08-14,41.444350784703,1.3013291139240508,30113,3.968227848101266
SURESTE,Avenida Pablo Livas,13,2024-08-14,41.04372771114394,1.3117088607594938,31302,3.9013291139240502
SURESTE,Avenida Pablo Livas,14,2024-08-14,42.44024775664965,1.2484177215189873,30465,3.559430379746835
SURESTE,Avenida Pablo Livas,15,2024-08-14,40.31409579943825,1.351898734177215,28426,4.412088607594937
SURESTE,Avenida Pablo Livas,16,2024-08-14,40.0259340467771,1.340506329113924,28871,4.430569620253165
SURESTE,Avenida Pablo Livas,17,2024-08-14,38.6155571518956,1.4645569620253165,30976,4.461012658227848
SURESTE,Avenida Pablo Livas,18,2024-08-14,38.25639762492655,1.6132278481012656,35932,5.113354430379746
SURESTE,Avenida Pablo Livas,19,2024-08-14,38.735043304063204,1.589620253164557,34279,4.750696202531645
SURESTE,Avenida Pablo Livas,20,2024-08-14,40.1555760274477,1.4098734177215189,29173,4.021012658227848
SURESTE,Avenida Pablo Livas,21,2024-08-14,41.92815643264088,1.264240506329114,22757,3.5698101265822784
SURESTE,Avenida Pablo Livas,22,2024-08-14,44.94804278859232,1.1427215189873419,14994,2.846518987341772
SURESTE,Avenida Pablo Livas,23,2024-08-14,49.42077978873208,1.000379746835443,10771,1.8455696202531646
SURESTE,Avenida Puesta del Sol,6,2024-08-14,32.24952521163048,1.145,70,1.22
SURESTE,Avenida Puesta del Sol,7,2024-08-14,29.72048358376808,1.5142857142857142,205,3.187142857142857
SURESTE,Avenida Puesta del Sol,8,2024-08-14,29.25394708069101,1.5271428571428571,224,3.5500000000000003
SURESTE,Avenida Puesta del Sol,9,2024-08-14,22.39609821623817,1.9428571428571428,223,7.621428571428572
SURESTE,Avenida Puesta del Sol,10,2024-08-14,27.569841616944174,1.69,135,5.2457142857142856
SURESTE,Avenida Puesta del Sol,11,2024-08-14,29.69955015463434,1.7528571428571431,124,2.7728571428571427
SURESTE,Avenida Puesta del Sol,12,2024-08-14,28.016210052794353,1.7457142857142856,121,3.287142857142857
SURESTE,Avenida Puesta del Sol,13,2024-08-14,26.201015275998877,2.012857142857143,174,3.87
SURESTE,Avenida Puesta del Sol,14,2024-08-14,28.14574052669395,1.6099999999999999,164,3.0185714285714282
SURESTE,Avenida Puesta del Sol,15,2024-08-14,30.115282858515318,1.7100000000000002,128,2.9516666666666667
SURESTE,Avenida Puesta del Sol,16,2024-08-14,25.046074786792037,2.2528571428571427,200,4.937142857142858
SURESTE,Avenida Puesta del Sol,17,2024-08-14,28.448895692105836,2.0628571428571427,151,3.9442857142857135
SURESTE,Avenida Puesta del Sol,18,2024-08-14,26.993164849582953,1.6928571428571428,251,3.02
SURESTE,Avenida Puesta del Sol,19,2024-08-14,27.170319577645177,2.1385714285714283,222,3.52
SURESTE,Avenida Puesta del Sol,20,2024-08-14,25.69349286182874,1.8942857142857144,245,3.3085714285714287
SURESTE,Avenida Puesta del Sol,21,2024-08-14,26.353828371497297,1.9385714285714284,162,3.8442857142857143
SURESTE,Avenida Puesta del Sol,22,2024-08-14,29.58682333813694,1.715,94,2.865
SURESTE,Avenida Puesta del Sol,23,2024-08-14,31.28002561619443,1.3914285714285715,80,1.8785714285714283
SURESTE,Avenida Valparaíso,0,2024-08-14,36.39123297708833,1.0,363,2.1996774193548387
SURESTE,Avenida Valparaíso,1,2024-08-14,43.492219598057126,0.9258333333333333,127,0.8566666666666666
SURESTE,Avenida Valparaíso,5,2024-08-14,39.88593723647076,0.9723809523809523,289,1.5409523809523809
SURESTE,Avenida Valparaíso,6,2024-08-14,28.216222055468542,1.4254716981132074,4344,4.668301886792452
SURESTE,Avenida Valparaíso,7,2024-08-14,24.77938336950993,1.7535849056603774,5996,5.697358490566037
SURESTE,Avenida Valparaíso,8,2024-08-14,23.8244350542896,1.789074074074074,6666,6.83574074074074
SURESTE,Avenida Valparaíso,9,2024-08-14,24.807635863680545,2.119056603773585,4718,6.963207547169811
SURESTE,Avenida Valparaíso,10,2024-08-14,24.612271671963054,1.8345283018867926,5064,6.237547169811322
SURESTE,Avenida Valparaíso,11,2024-08-14,28.671734915366912,1.2490566037735849,4677,4.321132075471699
SURESTE,Avenida Valparaíso,12,2024-08-14,26.78567658627237,1.4673584905660377,4632,4.639811320754717
SURESTE,Avenida Valparaíso,13,2024-08-14,26.599237603583763,1.5138888888888888,4950,5.041296296296297
SURESTE,Avenida Valparaíso,14,2024-08-14,28.134646434632838,1.3256603773584907,5862,4.558490566037736
SURESTE,Avenida Valparaíso,15,2024-08-14,30.621446261018622,1.1711111111111112,5423,3.499074074074074
SURESTE,Avenida Valparaíso,16,2024-08-14,28.084981288898415,1.3203703703703704,5640,4.390555555555555
SURESTE,Avenida Valparaíso,17,2024-08-14,27.317501731586635,1.4351851851851851,5589,4.700555555555556
SURESTE,Avenida Valparaíso,18,2024-08-14,24.613643407762492,1.7116666666666664,6381,5.553518518518518
SURESTE,Avenida Valparaíso,19,2024-08-14,27.081663120443686,1.4961111111111112,5577,4.987222222222222
SURESTE,Avenida Valparaíso,20,2024-08-14,28.216531544774597,1.3890740740740741,4621,4.364444444444445
SURESTE,Avenida Valparaíso,21,2024-08-14,30.552689565135065,1.1862962962962964,2789,3.8014814814814817
SURESTE,Avenida Valparaíso,22,2024-08-14,33.12353661054678,1.1441509433962265,1795,2.7037735849056608
SURESTE,Avenida Valparaíso,23,2024-08-14,34.796718925479574,1.0764150943396227,1452,2.7547169811320753
SURESTE,Paseo de las Américas,0,2024-08-14,48.11722748931572,1.0,2292,1.692121212121212
SURESTE,Paseo de las Américas,1,2024-08-14,47.98504450535061,1.0236065573770492,1263,2.2418032786885247
SURESTE,Paseo de las Américas,2,2024-08-14,51.617070894209796,0.8954901960784314,671,1.0962745098039215
SURESTE,Paseo de las Américas,3,2024-08-14,48.69235886981141,1.2284090909090908,515,3.245681818181818
SURESTE,Paseo de las Américas,4,2024-08-14,52.63627700560285,0.9419512195121951,435,1.1178048780487804
SURESTE,Paseo de las Américas,5,2024-08-14,51.37158408801331,0.94171875,2496,1.37078125
SURESTE,Paseo de las Américas,6,2024-08-14,36.00380984127977,1.9338235294117647,19032,4.971617647058824
SURESTE,Paseo de las Américas,7,2024-08-14,28.858151618820965,2.5540000000000003,19983,5.8776
SURESTE,Paseo de las Américas,8,2024-08-14,25.21950253689656,3.0708,18576,7.715733333333333
SURESTE,Paseo de las Américas,9,2024-08-14,25.15866759217942,3.139466666666667,18223,7.013733333333333
SURESTE,Paseo de las Américas,10,2024-08-14,25.496286049547987,2.4476,20490,5.915333333333333
SURESTE,Paseo de las Américas,11,2024-08-14,38.68465466805493,1.2408000000000001,18992,2.797066666666667
SURESTE,Paseo de las Américas,12,2024-08-14,40.6342829755235,1.1625333333333332,18922,2.9379999999999997
SURESTE,Paseo de las Américas,13,2024-08-14,40.70947559786471,1.1777333333333333,21012,3.0014666666666665
SURESTE,Paseo de las Américas,14,2024-08-14,40.95262895202208,1.1784,20565,2.7984
SURESTE,Paseo de las Américas,15,2024-08-14,39.33689060769829,1.2457333333333334,21310,5.164933333333334
SURESTE,Paseo de las Américas,16,2024-08-14,39.942998991852185,1.1844,19726,2.7098666666666666
SURESTE,Paseo de las Américas,17,2024-08-14,32.592423854031104,1.7110526315789472,19892,4.408552631578948
SURESTE,Paseo de las Américas,18,2024-08-14,31.8308099889269,2.0109333333333335,19069,4.028933333333334
SURESTE,Paseo de las Américas,19,2024-08-14,30.89896210355827,1.9629333333333334,18301,4.874666666666666
SURESTE,Paseo de las Américas,20,2024-08-14,35.14825226833259,1.4938666666666667,15725,4.285866666666666
SURESTE,Paseo de las Américas,21,2024-08-14,41.700731155072965,1.1390666666666667,11556,2.6668
SURESTE,Paseo de las Américas,22,2024-08-14,45.46843150794434,1.0844927536231883,7857,2.444782608695652
SURESTE,Paseo de las Américas,23,2024-08-14,45.78842549944316,1.042857142857143,5283,2.3448571428571428
SURESTE,,6,2024-08-15,4.2,13.62,19,71.51
SURESTE,,7,2024-08-15,2.3,25.66,11,112.09
SURESTE,,8,2024-08-15,23.92566283656319,9.526666666666666,39,40.47
SURESTE,,9,2024-08-15,21.621574344023323,5.650000000000001,30,26.580000000000002
SURESTE,,10,2024-08-15,21.72248875562219,1.714,69,10.586
SURESTE,,11,2024-08-15,25.2767322860309,2.244,65,15.309999999999999
SURESTE,,12,2024-08-15,20.195978097907567,5.1,65,14.036000000000001
SURESTE,,13,2024-08-15,17.80207613584512,4.944,61,19.738
SURESTE,,14,2024-08-15,31.2573871802242,0.9624999999999999,66,7.325
SURESTE,,15,2024-08-15,22.483927373766406,1.2675,58,7.9399999999999995
SURESTE,,16,2024-08-15,29.444671142689526,1.298,94,8.732
SURESTE,,17,2024-08-15,25.27478651978359,1.908,139,10.762
SURESTE,,18,2024-08-15,24.48672185646307,2.022,106,9.553999999999998
SURESTE,,19,2024-08-15,24.058203506942185,2.728,114,16.2
SURESTE,,20,2024-08-15,33.55913995211591,0.8933333333333334,69,6.285
SURESTE,,21,2024-08-15,34.98039666570854,1.1775,59,7.13
SURESTE,,22,2024-08-15,37.343393695506364,1.2475,45,7.1625
SURESTE,Avenida Azteca,0,2024-08-15,38.09845921344322,1.0,2064,2.4206060606060604
SURESTE,Avenida Azteca,1,2024-08-15,35.34063104344225,1.2832835820895523,1852,2.8797014925373134
SURESTE,Avenida Azteca,2,2024-08-15,34.9372774960478,1.170655737704918,955,2.958032786885246
SURESTE,Avenida Azteca,3,2024-08-15,40.53827095624847,0.977878787878788,988,1.6190909090909091
SURESTE,Avenida Azteca,4,2024-08-15,36.79211000479384,1.1005172413793103,747,2.1063793103448276
SURESTE,Avenida Azteca,5,2024-08-15,35.617989521250244,1.2016666666666667,1395,2.857727272727273
SURESTE,Avenida Azteca,6,2024-08-15,26.776581893856925,1.6001470588235294,8680,6.254852941176471
SURESTE,Avenida Azteca,7,2024-08-15,17.992163652182278,3.652941176470588,11128,11.84
SURESTE,Avenida Azteca,8,2024-08-15,19.282035946469403,3.208529411764706,10301,10.61
SURESTE,Avenida Azteca,9,2024-08-15,25.476632608895244,1.7825,8508,6.592499999999999
SURESTE,Avenida Azteca,10,2024-08-15,24.896248398760108,1.8080882352941177,8314,6.770588235294118
SURESTE,Avenida Azteca,11,2024-08-15,21.00787383525229,2.2194202898550723,9405,8.94536231884058
SURESTE,Avenida Azteca,12,2024-08-15,20.309978183789553,2.384264705882353,9856,7.946470588235294
SURESTE,Avenida Azteca,13,2024-08-15,19.949479407542054,2.3892753623188403,10204,9.577246376811594
SURESTE,Avenida Azteca,14,2024-08-15,22.408280167472462,2.0729411764705885,8385,7.882794117647059
SURESTE,Avenida Azteca,15,2024-08-15,22.860747434737178,1.9455882352941178,8190,6.739264705882353
SURESTE,Avenida Azteca,16,2024-08-15,18.831478450407985,2.5784057971014493,9763,9.355942028985506
SURESTE,Avenida Azteca,17,2024-08-15,17.13800787423741,2.7357971014492755,11797,9.987536231884057
SURESTE,Avenida Azteca,18,2024-08-15,13.64999054930648,2.922173913043478,11253,12.484927536231885
SURESTE,Avenida Azteca,19,2024-08-15,17.081523290932562,2.4463768115942033,11445,10.0731884057971
SURESTE,Avenida Azteca,20,2024-08-15,22.983127093730772,1.6921739130434783,8926,6.972028985507246
SURESTE,Avenida Azteca,21,2024-08-15,25.90507692435495,1.4491176470588236,6730,5.711764705882352
SURESTE,Avenida Azteca,22,2024-08-15,28.689274202927447,1.3236764705882351,5629,4.870588235294117
SURESTE,Avenida Azteca,23,2024-08-15,31.063607137516826,1.228235294117647,4938,4.249852941176471
SURESTE,Avenida Benito Juárez,0,2024-08-15,46.2541668754196,1.0,10603,1.6866808510638298
SURESTE,Avenida Benito Juárez,1,2024-08-15,46.12244757994564,1.0861038961038962,7567,2.0491774891774894
SURESTE,Avenida Benito Juárez,2,2024-08-15,45.46144002965579,1.0642794759825327,4449,1.9266375545851528
SURESTE,Avenida Benito Juárez,3,2024-08-15,47.613570477428595,1.022857142857143,2848,1.7047142857142858
SURESTE,Avenida Benito Juárez,4,2024-08-15,47.758758532221584,1.0258851674641147,2673,1.8523923444976076
SURESTE,Avenida Benito Juárez,5,2024-08-15,41.39485793079999,1.184541484716157,10150,2.962751091703057
SURESTE,Avenida Benito Juárez,6,2024-08-15,32.54428768491334,1.7988936170212766,39086,5.213829787234043
SURESTE,Avenida Benito Juárez,7,2024-08-15,26.756886230211613,2.6105531914893616,41500,7.457957446808511
SURESTE,Avenida Benito Juárez,8,2024-08-15,28.093626483953923,2.218474576271187,40248,6.562627118644068
SURESTE,Avenida Benito Juárez,9,2024-08-15,33.303669932119114,1.5320851063829788,41472,4.755446808510638
SURESTE,Avenida Benito Juárez,10,2024-08-15,31.47151346653947,1.6075527426160339,42089,5.176033755274262
SURESTE,Avenida Benito Juárez,11,2024-08-15,30.244716185547695,1.659746835443038,44873,5.824556962025317
SURESTE,Avenida Benito Juárez,12,2024-08-15,29.78142159873502,1.698185654008439,43529,6.3
SURESTE,Avenida Benito Juárez,13,2024-08-15,29.678866157887168,1.6853164556962026,42369,5.745274261603376
SURESTE,Avenida Benito Juárez,14,2024-08-15,31.402674250443223,1.5770042194092826,40946,5.11915611814346
SURESTE,Avenida Benito Juárez,15,2024-08-15,31.24419961901199,1.6358297872340426,39443,5.187744680851063
SURESTE,Avenida Benito Juárez,16,2024-08-15,30.74059993921115,1.671531914893617,40882,5.332170212765957
SURESTE,Avenida Benito Juárez,17,2024-08-15,29.115090887706963,1.8651476793248947,44443,5.781350210970464
SURESTE,Avenida Benito Juárez,18,2024-08-15,26.09759658316236,2.3949367088607594,54598,7.187763713080169
SURESTE,Avenida Benito Juárez,19,2024-08-15,27.32974693882885,2.211350210970464,48030,6.871392405063291
SURESTE,Avenida Benito Juárez,20,2024-08-15,32.217331172762876,1.6637974683544303,41587,5.283333333333334
SURESTE,Avenida Benito Juárez,21,2024-08-15,35.42401404601026,1.3684680851063828,34458,4.166425531914894
SURESTE,Avenida Benito Juárez,22,2024-08-15,38.79737761790087,1.2385106382978723,27311,3.361191489361702
SURESTE,Avenida Benito Juárez,23,2024-08-15,42.58393370675057,1.1195744680851065,23335,2.7612340425531916
SURESTE,Avenida Chapultepec,0,2024-08-15,53.28307128071281,1.0,5340,0.9074285714285715
SURESTE,Avenida Chapultepec,1,2024-08-15,53.229971199712,0.9957142857142858,3069,0.9407142857142856
SURESTE,Avenida Chapultepec,2,2024-08-15,56.085062100621016,0.957,1982,0.7421428571428572
SURESTE,Avenida Chapultepec,3,2024-08-15,56.39899043618564,0.9375675675675675,483,0.5856756756756756
SURESTE,Avenida Chapultepec,4,2024-08-15,53.825450969287395,1.0187179487179487,643,0.9605128205128205
SURESTE,Avenida Chapultepec,5,2024-08-15,52.05402835680013,1.0732307692307692,3850,1.1346153846153846
SURESTE,Avenida Chapultepec,6,2024-08-15,39.501584915849165,1.4574285714285713,13611,2.497
SURESTE,Avenida Chapultepec,7,2024-08-15,34.59882413824138,2.1794285714285713,16504,3.620285714285714
SURESTE,Avenida Chapultepec,8,2024-08-15,32.50283007830079,2.2957142857142854,17094,3.6934285714285715
SURESTE,Avenida Chapultepec,9,2024-08-15,34.852677076770775,1.965,14040,3.4864285714285717
SURESTE,Avenida Chapultepec,10,2024-08-15,34.86616731167312,1.8475714285714286,14015,3.4317142857142855
SURESTE,Avenida Chapultepec,11,2024-08-15,39.146508415084156,1.4928571428571429,14516,2.823571428571429
SURESTE,Avenida Chapultepec,12,2024-08-15,38.68677841778418,1.5097142857142858,16337,3.005714285714286
SURESTE,Avenida Chapultepec,13,2024-08-15,41.039105391053916,1.308,17306,2.650142857142857
SURESTE,Avenida Chapultepec,14,2024-08-15,41.516377463774646,1.2745714285714285,16322,2.374142857142857
SURESTE,Avenida Chapultepec,15,2024-08-15,40.062830078300784,1.3235714285714286,16398,2.6345714285714283
SURESTE,Avenida Chapultepec,16,2024-08-15,40.54473989739898,1.303,16416,2.3554285714285714
SURESTE,Avenida Chapultepec,17,2024-08-15,41.69120466204663,1.284857142857143,20134,2.152428571428571
SURESTE,Avenida Chapultepec,18,2024-08-15,41.050212402124025,1.341,22451,2.342714285714286
SURESTE,Avenida Chapultepec,19,2024-08-15,40.8329502295023,1.357,22853,2.390142857142857
SURESTE,Avenida Chapultepec,20,2024-08-15,43.14602646026461,1.2521428571428572,20892,1.9282857142857142
SURESTE,Avenida Chapultepec,21,2024-08-15,46.231415264152645,1.1457142857142857,16738,1.7407142857142859
SURESTE,Avenida Chapultepec,22,2024-08-15,47.94078480784808,1.1227142857142858,11634,1.631857142857143
SURESTE,Avenida Chapultepec,23,2024-08-15,52.08847943479435,1.014857142857143,7754,1.1821428571428572
SURESTE,Avenida Constitución,0,2024-08-15,73.88157027331354,1.0,1774,1.2633333333333332
SURESTE,Avenida Constitución,1,2024-08-15,76.81707996076217,0.9533333333333334,1489,1.2966666666666666
SURESTE,Avenida Constitución,2,2024-08-15,74.25942778175862,1.0,509,1.9800000000000002
SURESTE,Avenida Constitución,3,2024-08-15,76.53179445183744,0.965,357,1.28
SURESTE,Avenida Constitución,4,2024-08-15,75.668427679394,0.9783333333333334,471,1.695
SURESTE,Avenida Constitución,5,2024-08-15,66.93994574674993,1.1033333333333333,2205,1.4983333333333333
SURESTE,Avenida Constitución,6,2024-08-15,17.472575493909307,4.245,3503,17.596666666666668
SURESTE,Avenida Constitución,7,2024-08-15,8.500725765175554,8.743333333333334,2061,24.263333333333335
SURESTE,Avenida Constitución,8,2024-08-15,10.902968574060804,7.821666666666666,2151,27.12333333333333
SURESTE,Avenida Constitución,9,2024-08-15,25.683935626547836,4.917142857142857,2126,16.232857142857146
SURESTE,Avenida Constitución,10,2024-08-15,14.644719009110451,5.271666666666667,2827,14.536666666666667
SURESTE,Avenida Constitución,11,2024-08-15,11.947233084246085,6.303333333333334,2300,16.561666666666667
SURESTE,Avenida Constitución,12,2024-08-15,13.34455215477531,5.59,2300,11.360000000000001
SURESTE,Avenida Constitución,13,2024-08-15,14.837087961770525,5.13,2887,20.345555555555553
SURESTE,Avenida Constitución,14,2024-08-15,27.72053127239226,3.151666666666667,3040,12.178333333333333
SURESTE,Avenida Constitución,15,2024-08-15,31.338285392568324,2.585,3884,11.933333333333332
SURESTE,Avenida Constitución,16,2024-08-15,15.64384686252431,4.776666666666666,3181,15.463333333333333
SURESTE,Avenida Constitución,17,2024-08-15,12.408972259187223,5.983333333333333,2893,20.208333333333332
SURESTE,Avenida Constitución,18,2024-08-15,8.751722796601495,8.496666666666668,1843,16.616666666666664
SURESTE,Avenida Constitución,19,2024-08-15,20.994435459105333,3.4316666666666666,4220,13.353333333333333
SURESTE,Avenida Constitución,20,2024-08-15,63.41177443019656,1.146,4385,1.425
SURESTE,Avenida Constitución,21,2024-08-15,69.62357941000784,1.051111111111111,3446,1.9255555555555555
SURESTE,Avenida Constitución,22,2024-08-15,72.82170639679941,1.0114285714285713,2776,1.4485714285714284
SURESTE,Avenida Constitución,23,2024-08-15,72.94990238906058,1.0142857142857142,2015,1.412857142857143
SURESTE,Avenida Doctor Ignacio Morones Prieto,0,2024-08-15,74.38217838822997,1.0,6103,0.6864583333333334
SURESTE,Avenida Doctor Ignacio Morones Prieto,1,2024-08-15,76.09948519988075,0.9758333333333332,4897,0.6114583333333333
SURESTE,Avenida Doctor Ignacio Morones Prieto,2,2024-08-15,73.45153256763858,1.00125,2600,0.6085416666666666
SURESTE,Avenida Doctor Ignacio Morones Prieto,3,2024-08-15,78.41174697036287,0.945625,4069,0.49333333333333335
SURESTE,Avenida Doctor Ignacio Morones Prieto,4,2024-08-15,79.91462032338669,0.9235416666666666,5834,0.45249999999999996
SURESTE,Avenida Doctor Ignacio Morones Prieto,5,2024-08-15,80.05126241282974,0.9220833333333333,9452,0.4947916666666667
SURESTE,Avenida Doctor Ignacio Morones Prieto,6,2024-08-15,81.44776945560271,0.9183333333333333,18101,0.615
SURESTE,Avenida Doctor Ignacio Morones Prieto,7,2024-08-15,77.56279639424777,0.9910416666666667,21331,1.0235416666666668
SURESTE,Avenida Doctor Ignacio Morones Prieto,8,2024-08-15,77.19019943510291,0.9816666666666666,21027,0.8914583333333334
SURESTE,Avenida Doctor Ignacio Morones Prieto,9,2024-08-15,71.02275754604771,1.0583333333333333,19153,1.5752083333333333
SURESTE,Avenida Doctor Ignacio Morones Prieto,10,2024-08-15,72.5294597825853,1.0670833333333334,17064,1.0516666666666665
SURESTE,Avenida Doctor Ignacio Morones Prieto,11,2024-08-15,70.71869723298778,1.1029166666666668,18322,0.9241666666666667
SURESTE,Avenida Doctor Ignacio Morones Prieto,12,2024-08-15,65.26594051676712,1.3358333333333334,18654,1.9595833333333335
SURESTE,Avenida Doctor Ignacio Morones Prieto,13,2024-08-15,69.58091582172857,1.10625,22077,0.9995833333333333
SURESTE,Avenida Doctor Ignacio Morones Prieto,14,2024-08-15,67.52440060362235,1.1720833333333334,20524,1.326875
SURESTE,Avenida Doctor Ignacio Morones Prieto,15,2024-08-15,62.78592029357437,1.2820833333333332,20932,1.6316666666666666
SURESTE,Avenida Doctor Ignacio Morones Prieto,16,2024-08-15,49.57208123699553,1.8254166666666667,23319,2.701041666666667
SURESTE,Avenida Doctor Ignacio Morones Prieto,17,2024-08-15,25.331734430754008,3.4777083333333336,21727,5.852916666666666
SURESTE,Avenida Doctor Ignacio Morones Prieto,18,2024-08-15,19.400804317559448,4.755625,20359,6.643541666666667
SURESTE,Avenida Doctor Ignacio Morones Prieto,19,2024-08-15,24.596767669937822,3.1989583333333336,21835,5.1120833333333335
SURESTE,Avenida Doctor Ignacio Morones Prieto,20,2024-08-15,34.622443133795784,2.3577083333333335,23289,4.023333333333333
SURESTE,Avenida Doctor Ignacio Morones Prieto,21,2024-08-15,63.264029455787124,1.1870833333333333,21192,0.88375
SURESTE,Avenida Doctor Ignacio Morones Prieto,22,2024-08-15,68.79241753209433,1.08875,17301,0.7116666666666666
SURESTE,Avenida Doctor Ignacio Morones Prieto,23,2024-08-15,70.5781672501068,1.0595833333333333,12119,1.0145833333333332
SURESTE,Avenida Eloy Cavazos,0,2024-08-15,50.254399137249564,1.0,14779,1.7934562211981566
SURESTE,Avenida Eloy Cavazos,1,2024-08-15,53.78428118093606,0.9398604651162791,9023,1.339860465116279
SURESTE,Avenida Eloy Cavazos,2,2024-08-15,53.050464736621905,0.9475124378109452,5712,1.4274626865671642
SURESTE,Avenida Eloy Cavazos,3,2024-08-15,51.418534025978516,0.9759235668789809,2193,1.2803821656050955
SURESTE,Avenida Eloy Cavazos,4,2024-08-15,51.940240404972236,1.0480246913580247,2970,2.4915432098765433
SURESTE,Avenida Eloy Cavazos,5,2024-08-15,48.72424838683702,1.1277,13537,2.42685
SURESTE,Avenida Eloy Cavazos,6,2024-08-15,39.53145697770943,1.3701731601731602,46110,3.528225108225108
SURESTE,Avenida Eloy Cavazos,7,2024-08-15,31.39651232931099,2.555304347826087,43464,6.189
SURESTE,Avenida Eloy Cavazos,8,2024-08-15,30.738580721545762,2.7143290043290045,38652,6.386926406926407
SURESTE,Avenida Eloy Cavazos,9,2024-08-15,39.32153467145606,1.2825541125541124,42457,3.462251082251082
SURESTE,Avenida Eloy Cavazos,10,2024-08-15,42.38594283955962,1.277377777777778,42573,3.0627555555555555
SURESTE,Avenida Eloy Cavazos,11,2024-08-15,42.29247369032143,1.2685775862068966,45235,3.288793103448276
SURESTE,Avenida Eloy Cavazos,12,2024-08-15,41.90074985055224,1.3208296943231441,50496,3.2529257641921396
SURESTE,Avenida Eloy Cavazos,13,2024-08-15,41.949225223030325,1.2326293103448278,54456,3.100258620689655
SURESTE,Avenida Eloy Cavazos,14,2024-08-15,42.837939041868985,1.204396551724138,53148,2.8848275862068964
SURESTE,Avenida Eloy Cavazos,15,2024-08-15,41.84709411319978,1.2591739130434783,58244,3.0562608695652176
SURESTE,Avenida Eloy Cavazos,16,2024-08-15,40.41006056265518,1.2980341880341881,55076,3.1185470085470084
SURESTE,Avenida Eloy Cavazos,17,2024-08-15,39.12252353946603,1.4580786026200871,61506,3.5140174672489084
SURESTE,Avenida Eloy Cavazos,18,2024-08-15,37.56824801433139,1.6112393162393162,64733,3.7434615384615384
SURESTE,Avenida Eloy Cavazos,19,2024-08-15,37.93139066142094,1.5265811965811966,67320,3.615897435897436
SURESTE,Avenida Eloy Cavazos,20,2024-08-15,39.22205725224183,1.453405172413793,62358,3.3782758620689655
SURESTE,Avenida Eloy Cavazos,21,2024-08-15,42.75635528195548,1.2833480176211454,52129,2.9480616740088106
SURESTE,Avenida Eloy Cavazos,22,2024-08-15,45.074945543816135,1.15352422907489,37361,2.356343612334802
SURESTE,Avenida Eloy Cavazos,23,2024-08-15,47.51993765092846,1.0895927601809956,26472,1.8241628959276017
SURESTE,Avenida Exposición,0,2024-08-15,32.24173634850553,1.0,373,3.657777777777778
SURESTE,Avenida Exposición,1,2024-08-15,41.37222870701697,0.873125,185,2.14625
SURESTE,Avenida Exposición,3,2024-08-15,33.28578240268698,0.8866666666666667,124,3.266666666666666
SURESTE,Avenida Exposición,4,2024-08-15,20.718128654970762,1.55,26,0.84
SURESTE,Avenida Exposición,5,2024-08-15,19.65570231641202,1.0057142857142858,83,3.8228571428571425
SURESTE,Avenida Exposición,6,2024-08-15,35.418060397164226,1.064642857142857,2291,3.7921428571428573
SURESTE,Avenida Exposición,7,2024-08-15,27.024577964043708,1.4625000000000001,3574,6.326071428571429
SURESTE,Avenida Exposición,8,2024-08-15,26.772363988876265,1.8289285714285715,2916,6.875357142857142
SURESTE,Avenida Exposición,9,2024-08-15,35.524142219262856,1.1957142857142855,2025,4.103928571428571
SURESTE,Avenida Exposición,10,2024-08-15,33.437846147820295,1.3239285714285713,2095,4.82
SURESTE,Avenida Exposición,11,2024-08-15,35.287789354118516,1.039642857142857,2209,3.2264285714285714
SURESTE,Avenida Exposición,12,2024-08-15,29.262719830793934,1.7907142857142857,2476,7.611071428571428
SURESTE,Avenida Exposición,13,2024-08-15,33.58823684932043,1.2546428571428572,2606,4.425714285714286
SURESTE,Avenida Exposición,14,2024-08-15,30.857935451020328,1.3185714285714287,2475,5.497142857142857
SURESTE,Avenida Exposición,15,2024-08-15,33.643255258313424,1.2207142857142856,2162,5.2871428571428565
SURESTE,Avenida Exposición,16,2024-08-15,32.27972464846657,1.2657142857142856,2854,4.222857142857142
SURESTE,Avenida Exposición,17,2024-08-15,27.690572245505464,1.3632142857142857,3333,6.181785714285715
SURESTE,Avenida Exposición,18,2024-08-15,28.25472269006306,1.6107142857142858,3282,6.309285714285714
SURESTE,Avenida Exposición,19,2024-08-15,28.741021699110885,1.3699999999999999,3310,5.4399999999999995
SURESTE,Avenida Exposición,20,2024-08-15,32.452019114018256,1.1075000000000002,1914,4.416428571428571
SURESTE,Avenida Exposición,21,2024-08-15,34.561207943284636,1.0189285714285714,1469,4.250357142857143
SURESTE,Avenida Exposición,22,2024-08-15,37.85350652148369,0.9289285714285714,866,2.2357142857142858
SURESTE,Avenida Exposición,23,2024-08-15,39.814372723355916,0.8632142857142858,931,2.238928571428571
SURESTE,Avenida General Lázaro Cárdenas,0,2024-08-15,39.036028284959606,1.0,3442,2.1400694444444444
SURESTE,Avenida General Lázaro Cárdenas,1,2024-08-15,37.36702400748401,1.0586153846153847,2218,2.229846153846154
SURESTE,Avenida General Lázaro Cárdenas,2,2024-08-15,37.46555256759611,1.0319540229885058,1137,1.8631034482758622
SURESTE,Avenida General Lázaro Cárdenas,3,2024-08-15,34.9350747886408,0.9560000000000001,50,1.1480000000000001
SURESTE,Avenida General Lázaro Cárdenas,4,2024-08-15,38.33264577548592,0.8925,44,5.3575
SURESTE,Avenida General Lázaro Cárdenas,5,2024-08-15,36.48899829557465,1.0843589743589743,2723,3.560769230769231
SURESTE,Avenida General Lázaro Cárdenas,6,2024-08-15,33.77176761236258,1.3348993288590605,12544,4.985704697986577
SURESTE,Avenida General Lázaro Cárdenas,7,2024-08-15,28.94429905056565,1.7733999999999999,15261,7.379933333333334
SURESTE,Avenida General Lázaro Cárdenas,8,2024-08-15,28.767154997872147,1.6539473684210526,14488,6.81171052631579
SURESTE,Avenida General Lázaro Cárdenas,9,2024-08-15,28.52455596065593,1.734342105263158,11816,6.400526315789474
SURESTE,Avenida General Lázaro Cárdenas,10,2024-08-15,29.618034233540467,1.4669736842105263,12000,5.419868421052632
SURESTE,Avenida General Lázaro Cárdenas,11,2024-08-15,27.539764112446363,1.739342105263158,13525,6.606184210526315
SURESTE,Avenida General Lázaro Cárdenas,12,2024-08-15,26.783402572950305,1.702105263157895,13288,6.658815789473684
SURESTE,Avenida General Lázaro Cárdenas,13,2024-08-15,27.403023207400132,1.6685526315789474,13500,6.460263157894737
SURESTE,Avenida General Lázaro Cárdenas,14,2024-08-15,28.427661518678114,1.591842105263158,12750,6.021710526315789
SURESTE,Avenida General Lázaro Cárdenas,15,2024-08-15,27.21780431502521,1.715921052631579,13058,6.515855263157895
SURESTE,Avenida General Lázaro Cárdenas,16,2024-08-15,25.8265472981811,1.8696052631578948,15203,6.959407894736842
SURESTE,Avenida General Lázaro Cárdenas,17,2024-08-15,23.558499339536958,2.0017763157894737,14577,7.7016447368421055
SURESTE,Avenida General Lázaro Cárdenas,18,2024-08-15,22.948404479726456,2.235328947368421,16061,8.060526315789474
SURESTE,Avenida General Lázaro Cárdenas,19,2024-08-15,25.448266307541804,1.985855263157895,17398,7.454144736842105
SURESTE,Avenida General Lázaro Cárdenas,20,2024-08-15,28.184411782586988,1.4867105263157894,14353,5.143223684210526
SURESTE,Avenida General Lázaro Cárdenas,21,2024-08-15,30.78804202645168,1.292828947368421,9528,4.909868421052631
SURESTE,Avenida General Lázaro Cárdenas,22,2024-08-15,32.552742533635715,1.2134868421052631,9673,4.161776315789474
SURESTE,Avenida General Lázaro Cárdenas,23,2024-08-15,35.881224783249145,1.0903333333333334,7519,2.8776666666666664
SURESTE,Avenida Ignacio Morones Prieto,0,2024-08-15,69.29794463087248,1.0,311,0.32
SURESTE,Avenida Ignacio Morones Prieto,1,2024-08-15,70.4729725950783,0.9866666666666667,284,0.26666666666666666
SURESTE,Avenida Ignacio Morones Prieto,2,2024-08-15,68.14795861297539,1.01,146,0.33
SURESTE,Avenida Ignacio Morones Prieto,3,2024-08-15,66.04690995525728,1.0166666666666666,217,1.1266666666666667
SURESTE,Avenida Ignacio Morones Prieto,4,2024-08-15,73.89210011185683,0.9366666666666666,222,0.23666666666666666
SURESTE,Avenida Ignacio Morones Prieto,5,2024-08-15,75.17502796420582,0.93,429,0.2233333333333333
SURESTE,Avenida Ignacio Morones Prieto,6,2024-08-15,75.7035654362416,0.9266666666666667,831,0.36333333333333334
SURESTE,Avenida Ignacio Morones Prieto,7,2024-08-15,75.1103187919463,0.9266666666666667,1005,0.30333333333333334
SURESTE,Avenida Ignacio Morones Prieto,8,2024-08-15,71.18192114093961,0.9733333333333333,976,0.6166666666666667
SURESTE,Avenida Ignacio Morones Prieto,9,2024-08-15,69.95673937360179,0.9966666666666667,906,0.2866666666666667
SURESTE,Avenida Ignacio Morones Prieto,10,2024-08-15,62.33414429530202,1.1500000000000001,860,1.7133333333333336
SURESTE,Avenida Ignacio Morones Prieto,11,2024-08-15,66.78494127516778,1.04,891,0.3066666666666667
SURESTE,Avenida Ignacio Morones Prieto,12,2024-08-15,65.29291107382551,1.07,964,0.39666666666666667
SURESTE,Avenida Ignacio Morones Prieto,13,2024-08-15,65.928201901566,1.0533333333333335,1143,0.39666666666666667
SURESTE,Avenida Ignacio Morones Prieto,14,2024-08-15,63.09559563758389,1.1033333333333335,1003,0.5266666666666667
SURESTE,Avenida Ignacio Morones Prieto,15,2024-08-15,62.48864653243848,1.12,1037,0.45999999999999996
SURESTE,Avenida Ignacio Morones Prieto,16,2024-08-15,59.28027125279643,1.1666666666666667,1137,0.6
SURESTE,Avenida Ignacio Morones Prieto,17,2024-08-15,19.56624720357942,3.4633333333333334,1062,3.4666666666666663
SURESTE,Avenida Ignacio Morones Prieto,18,2024-08-15,11.779096756152127,5.84,1040,4.79
SURESTE,Avenida Ignacio Morones Prieto,19,2024-08-15,24.860668344519016,2.766666666666667,1219,2.99
SURESTE,Avenida Ignacio Morones Prieto,20,2024-08-15,34.46866610738255,1.9666666666666668,1227,2.73
SURESTE,Avenida Ignacio Morones Prieto,21,2024-08-15,61.387695749440724,1.1266666666666667,1153,0.27
SURESTE,Avenida Ignacio Morones Prieto,22,2024-08-15,62.59334451901566,1.1033333333333335,950,0.7166666666666667
SURESTE,Avenida Ignacio Morones Prieto,23,2024-08-15,63.37909675615212,1.0933333333333335,714,0.5866666666666668
SURESTE,Avenida Las Torres,0,2024-08-15,40.76895980305849,1.0,905,1.8967796610169492
SURESTE,Avenida Las Torres,1,2024-08-15,44.66472550514678,0.9046666666666667,373,1.2973333333333334
SURESTE,Avenida Las Torres,3,2024-08-15,35.897729290286414,0.8200000000000001,41,3.2675
SURESTE,Avenida Las Torres,5,2024-08-15,41.638234011339755,0.71,90,1.4977777777777779
SURESTE,Avenida Las Torres,6,2024-08-15,34.3275291886918,1.3301694915254239,4789,4.16864406779661
SURESTE,Avenida Las Torres,7,2024-08-15,26.67992821832464,2.2666101694915253,7812,7.929830508474576
SURESTE,Avenida Las Torres,8,2024-08-15,26.849172040997615,1.956271186440678,6554,6.20728813559322
SURESTE,Avenida Las Torres,9,2024-08-15,35.53434645612833,1.1650847457627118,4773,2.7886440677966102
SURESTE,Avenida Las Torres,10,2024-08-15,36.24001609311701,1.1147457627118644,4310,2.6240677966101695
SURESTE,Avenida Las Torres,11,2024-08-15,33.743987189241516,1.2386440677966102,5192,4.038135593220339
SURESTE,Avenida Las Torres,12,2024-08-15,32.959506690195546,1.2466101694915255,5103,3.4749152542372883
SURESTE,Avenida Las Torres,13,2024-08-15,35.88199323611072,1.1320338983050848,6036,2.6401694915254237
SURESTE,Avenida Las Torres,14,2024-08-15,35.49200761634647,1.1571186440677965,5275,2.9313559322033895
SURESTE,Avenida Las Torres,15,2024-08-15,36.54689988408175,1.107457627118644,4945,2.497457627118644
SURESTE,Avenida Las Torres,16,2024-08-15,34.45876258270628,1.1822033898305084,6432,2.823898305084746
SURESTE,Avenida Las Torres,17,2024-08-15,33.03167157294285,1.2359322033898306,7606,3.543898305084746
SURESTE,Avenida Las Torres,18,2024-08-15,33.886666215209594,1.2069491525423728,7260,3.3145762711864406
SURESTE,Avenida Las Torres,19,2024-08-15,34.50869028318309,1.160677966101695,7139,3.0184745762711866
SURESTE,Avenida Las Torres,20,2024-08-15,35.38294647445218,1.1423728813559324,4727,2.7927118644067797
SURESTE,Avenida Las Torres,21,2024-08-15,37.83175960707301,1.063898305084746,3134,2.2871186440677964
SURESTE,Avenida Las Torres,22,2024-08-15,39.7153764952856,1.0259322033898306,1607,2.203050847457627
SURESTE,Avenida Las Torres,23,2024-08-15,38.40229486255124,1.0840677966101695,2006,3.239661016949152
SURESTE,Avenida Pablo Livas,0,2024-08-15,48.883384103959806,1.0,8178,2.207721518987342
SURESTE,Avenida Pablo Livas,1,2024-08-15,49.40828901235477,0.9812025316455696,3411,1.4936708860759493
SURESTE,Avenida Pablo Livas,2,2024-08-15,45.06070757334384,1.0971951219512195,972,1.7909756097560974
SURESTE,Avenida Pablo Livas,3,2024-08-15,57.680889913713735,1.03,277,0.8859259259259259
SURESTE,Avenida Pablo Livas,5,2024-08-15,43.99663841949977,1.0301739130434782,5682,2.387304347826087
SURESTE,Avenida Pablo Livas,6,2024-08-15,43.279820892651315,1.2501898734177215,38120,3.5949999999999998
SURESTE,Avenida Pablo Livas,7,2024-08-15,31.504131581834386,2.059620253164557,46126,5.906835443037974
SURESTE,Avenida Pablo Livas,8,2024-08-15,34.8901734416774,1.725379746835443,38644,4.748291139240506
SURESTE,Avenida Pablo Livas,9,2024-08-15,41.02753380993101,1.2393037974683545,31150,3.6858860759493672
SURESTE,Avenida Pablo Livas,10,2024-08-15,42.093718468735865,1.2185443037974684,26738,3.6783544303797466
SURESTE,Avenida Pablo Livas,11,2024-08-15,40.468909891781166,1.2696202531645568,28549,4.198544303797468
SURESTE,Avenida Pablo Livas,12,2024-08-15,40.62792184078713,1.3291772151898733,29570,4.083544303797469
SURESTE,Avenida Pablo Livas,13,2024-08-15,41.14856051372761,1.2784177215189874,33673,3.8767088607594937
SURESTE,Avenida Pablo Livas,14,2024-08-15,40.35057595982032,1.309240506329114,34150,4.0312658227848095
SURESTE,Avenida Pablo Livas,15,2024-08-15,40.759248795105584,1.3125949367088607,30019,3.983354430379747
SURESTE,Avenida Pablo Livas,16,2024-08-15,39.6773699262561,1.343987341772152,33784,4.367088607594937
SURESTE,Avenida Pablo Livas,17,2024-08-15,39.30624666559465,1.4620253164556962,36090,4.7445569620253165
SURESTE,Avenida Pablo Livas,18,2024-08-15,38.09466480115297,1.5915822784810127,41601,5.326329113924051
SURESTE,Avenida Pablo Livas,19,2024-08-15,37.71836368800636,1.6279113924050632,39769,5.412658227848102
SURESTE,Avenida Pablo Livas,20,2024-08-15,38.60833650180114,1.5150632911392405,31543,5.167911392405063
SURESTE,Avenida Pablo Livas,21,2024-08-15,42.223314462790675,1.2524683544303798,22804,3.7781645569620257
SURESTE,Avenida Pablo Livas,22,2024-08-15,44.56604504584384,1.1384177215189875,16313,2.7553797468354433
SURESTE,Avenida Pablo Livas,23,2024-08-15,48.91234800747208,1.005,10812,1.9573417721518986
SURESTE,Avenida Puesta del Sol,6,2024-08-15,25.962265323884125,1.0,24,0.855
SURESTE,Avenida Puesta del Sol,7,2024-08-15,27.905623067070696,1.1957142857142855,257,3.1471428571428572
SURESTE,Avenida Puesta del Sol,8,2024-08-15,29.00746618349942,1.1214285714285714,253,3.1228571428571428
SURESTE,Avenida Puesta del Sol,9,2024-08-15,29.02887444940801,1.2214285714285715,187,3.498571428571428
SURESTE,Avenida Puesta del Sol,10,2024-08-15,27.868279653868985,1.2971428571428572,136,3.012857142857143
SURESTE,Avenida Puesta del Sol,11,2024-08-15,28.248633282309207,1.23,105,3.1785714285714284
SURESTE,Avenida Puesta del Sol,12,2024-08-15,25.861685045765515,1.2671428571428573,143,4.178571428571429
SURESTE,Avenida Puesta del Sol,13,2024-08-15,29.373227952891188,1.3042857142857145,166,2.7085714285714286
SURESTE,Avenida Puesta del Sol,14,2024-08-15,26.21645059510793,1.397142857142857,200,5.738571428571428
SURESTE,Avenida Puesta del Sol,15,2024-08-15,29.613573459123423,1.2142857142857142,134,2.847142857142857
SURESTE,Avenida Puesta del Sol,16,2024-08-15,26.237712036487455,1.292857142857143,190,3.748571428571428
SURESTE,Avenida Puesta del Sol,17,2024-08-15,27.836059479553903,1.2671428571428573,127,3.1057142857142854
SURESTE,Avenida Puesta del Sol,18,2024-08-15,26.049979694480022,1.4042857142857144,295,3.8385714285714285
SURESTE,Avenida Puesta del Sol,19,2024-08-15,25.85312236418731,1.522857142857143,293,5.014285714285714
SURESTE,Avenida Puesta del Sol,20,2024-08-15,25.148155321608197,1.587142857142857,258,4.72
SURESTE,Avenida Puesta del Sol,21,2024-08-15,26.62570054043922,1.3728571428571428,113,3.8214285714285707
SURESTE,Avenida Puesta del Sol,22,2024-08-15,27.065240073724652,1.312857142857143,118,4.454285714285715
SURESTE,Avenida Puesta del Sol,23,2024-08-15,32.40696153419798,0.965,78,1.5266666666666666
SURESTE,Avenida Valparaíso,0,2024-08-15,36.09097123308972,1.0,787,1.8675
SURESTE,Avenida Valparaíso,1,2024-08-15,36.24739059829967,1.0104347826086957,312,2.278260869565217
SURESTE,Avenida Valparaíso,5,2024-08-15,42.02642444053306,0.8842857142857142,71,0.9814285714285714
SURESTE,Avenida Valparaíso,6,2024-08-15,29.910196260129027,1.3628301886792453,3474,4.049056603773585
SURESTE,Avenida Valparaíso,7,2024-08-15,21.998031355287743,2.197735849056604,6376,7.360754716981132
SURESTE,Avenida Valparaíso,8,2024-08-15,22.88935551940694,2.555849056603774,4792,8.021320754716982
SURESTE,Avenida Valparaíso,9,2024-08-15,25.92402814220172,2.0960377358490567,4538,6.354528301886793
SURESTE,Avenida Valparaíso,10,2024-08-15,27.654805339764707,1.4937037037037035,4111,4.432222222222222
SURESTE,Avenida Valparaíso,11,2024-08-15,29.37065112835725,1.3469811320754717,4131,4.372830188679245
SURESTE,Avenida Valparaíso,12,2024-08-15,26.850923595919934,1.5242592592592592,4295,4.867962962962963
SURESTE,Avenida Valparaíso,13,2024-08-15,28.1323470348759,1.3979629629629629,5852,4.077407407407407
SURESTE,Avenida Valparaíso,14,2024-08-15,28.685479088911368,1.3307407407407408,5795,4.597777777777778
SURESTE,Avenida Valparaíso,15,2024-08-15,29.51893583412646,1.276111111111111,5269,4.014814814814815
SURESTE,Avenida Valparaíso,16,2024-08-15,26.391641045828496,1.54,6227,4.765185185185185
SURESTE,Avenida Valparaíso,17,2024-08-15,25.70818056337607,1.598148148148148,7203,4.977777777777778
SURESTE,Avenida Valparaíso,18,2024-08-15,27.20466706198333,1.5503703703703704,7258,4.566296296296296
SURESTE,Avenida Valparaíso,19,2024-08-15,27.467431222375588,1.4633333333333332,6707,4.658333333333333
SURESTE,Avenida Valparaíso,20,2024-08-15,29.46183134595357,1.3214814814814815,4892,3.571296296296296
SURESTE,Avenida Valparaíso,21,2024-08-15,31.16432184091328,1.2122222222222223,2871,3.8207407407407405
SURESTE,Avenida Valparaíso,22,2024-08-15,32.69975433893254,1.1403703703703703,1990,3.040185185185185
SURESTE,Avenida Valparaíso,23,2024-08-15,34.21605233603441,1.0762264150943397,1862,2.922641509433962
SURESTE,Paseo de las Américas,0,2024-08-15,49.478492090556685,1.0,3641,1.2870149253731344
SURESTE,Paseo de las Américas,1,2024-08-15,49.84083065480434,1.041774193548387,1610,1.5020967741935483
SURESTE,Paseo de las Américas,2,2024-08-15,49.61979625580611,1.0790243902439025,474,1.024390243902439
SURESTE,Paseo de las Américas,3,2024-08-15,50.59871087812293,1.4008163265306122,691,2.3285714285714283
SURESTE,Paseo de las Américas,4,2024-08-15,48.963291259471895,1.1108695652173914,277,1.1113043478260871
SURESTE,Paseo de las Américas,5,2024-08-15,50.772569943224575,1.0064406779661017,1893,1.3988135593220339
SURESTE,Paseo de las Américas,6,2024-08-15,34.36469368834443,2.1351470588235295,17489,5.406764705882353
SURESTE,Paseo de las Américas,7,2024-08-15,27.70428958698772,3.0143243243243245,19009,6.256486486486486
SURESTE,Paseo de las Américas,8,2024-08-15,24.40714297519295,3.6384,16866,8.141733333333333
SURESTE,Paseo de las Américas,9,2024-08-15,24.47549539722677,3.1852,17940,8.138266666666667
SURESTE,Paseo de las Américas,10,2024-08-15,22.85036475118581,3.394,14255,7.7584
SURESTE,Paseo de las Américas,11,2024-08-15,39.68758265304781,1.2536842105263157,17139,3.058289473684211
SURESTE,Paseo de las Américas,12,2024-08-15,41.769125886261094,1.1918666666666666,17949,2.4944
SURESTE,Paseo de las Américas,13,2024-08-15,39.11558379671622,1.2460526315789473,22992,3.389605263157895
SURESTE,Paseo de las Américas,14,2024-08-15,39.598357784175306,1.269736842105263,22181,3.0996052631578945
SURESTE,Paseo de las Américas,15,2024-08-15,40.10848976613953,1.2667105263157894,21910,2.8888157894736843
SURESTE,Paseo de las Américas,16,2024-08-15,37.69915112197815,1.3160526315789474,23617,3.321578947368421
SURESTE,Paseo de las Américas,17,2024-08-15,32.448532897020186,1.7873333333333334,24564,4.519866666666667
SURESTE,Paseo de las Américas,18,2024-08-15,31.01332771414878,2.159066666666667,22469,4.235466666666667
SURESTE,Paseo de las Américas,19,2024-08-15,30.62385435974287,2.104342105263158,21960,4.691973684210526
SURESTE,Paseo de las Américas,20,2024-08-15,33.61388500504074,1.8181333333333336,17185,4.9596
SURESTE,Paseo de las Américas,21,2024-08-15,41.026304394532865,1.2254666666666667,12879,2.9565333333333332
SURESTE,Paseo de las Américas,22,2024-08-15,43.72436514030905,1.1573239436619718,8307,2.7214084507042253
SURESTE,Paseo de las Américas,23,2024-08-15,46.81602269518986,1.0884057971014494,6274,1.7446376811594202
SURESTE,,6,2024-08-16,6.6,6.79,12,52.8
SURESTE,,7,2024-08-16,2.6,17.43,16,113.55
SURESTE,,8,2024-08-16,25.048260994538662,2.0275,62,11.11
SURESTE,,9,2024-08-16,21.74071572290888,1.9325,46,10.81
SURESTE,,10,2024-08-16,25.796172271725595,1.6025,44,9.012500000000001
SURESTE,,11,2024-08-16,22.78994524476892,3.8319999999999994,56,20.462
SURESTE,,12,2024-08-16,23.425630662929407,5.1339999999999995,53,15.522
SURESTE,,13,2024-08-16,24.38360602307542,3.2399999999999998,85,22.645999999999997
SURESTE,,14,2024-08-16,36.734909456740446,1.2475,62,6.244999999999999
SURESTE,,15,2024-08-16,25.69371618538557,3.024,85,15.041999999999998
SURESTE,,16,2024-08-16,22.351300436738153,2.12,122,13.778
SURESTE,,17,2024-08-16,24.774724594224626,1.7879999999999998,71,10.297999999999998
SURESTE,,18,2024-08-16,22.441483606023077,2.226,100,11.072
SURESTE,,19,2024-08-16,27.30920735284532,1.6280000000000001,114,10.882
SURESTE,,20,2024-08-16,28.98961280229451,1.596,78,6.638
SURESTE,,21,2024-08-16,32.340714425396,1.436,94,6.545999999999999
SURESTE,,22,2024-08-16,38.505025390437865,1.095,48,3.72
SURESTE,Avenida Azteca,0,2024-08-16,34.68590773295702,1.0,3238,3.879242424242424
SURESTE,Avenida Azteca,1,2024-08-16,33.869747607751684,1.0716923076923077,2123,3.3132307692307696
SURESTE,Avenida Azteca,2,2024-08-16,38.03706225876488,1.0503076923076922,1583,3.5715384615384616
SURESTE,Avenida Azteca,3,2024-08-16,38.07173463158222,0.958135593220339,1017,3.4077966101694916
SURESTE,Avenida Azteca,4,2024-08-16,39.5656044198657,1.004137931034483,1093,2.9777586206896554
SURESTE,Avenida Azteca,5,2024-08-16,39.001468726386534,0.9478787878787879,1823,2.861818181818182
SURESTE,Avenida Azteca,6,2024-08-16,29.20549208889122,1.3427941176470588,6608,4.933676470588235
SURESTE,Avenida Azteca,7,2024-08-16,20.157025563002502,2.5041176470588233,9552,10.05955882352941
SURESTE,Avenida Azteca,8,2024-08-16,21.84249816597683,2.008955223880597,10549,8.066268656716419
SURESTE,Avenida Azteca,9,2024-08-16,24.480715169480042,2.105294117647059,10344,6.820735294117647
SURESTE,Avenida Azteca,10,2024-08-16,21.142106907701084,2.45910447761194,9312,8.294328358208956
SURESTE,Avenida Azteca,11,2024-08-16,19.991397053796565,2.2362318840579714,9532,9.182898550724637
SURESTE,Avenida Azteca,12,2024-08-16,17.851948250415226,2.76463768115942,9373,11.526811594202899
SURESTE,Avenida Azteca,13,2024-08-16,15.634480553689992,2.7643478260869565,9482,11.526666666666667
SURESTE,Avenida Azteca,14,2024-08-16,17.64012236455166,2.8757352941176473,10344,11.140882352941176
SURESTE,Avenida Azteca,15,2024-08-16,16.409542385355046,2.778985507246377,9950,11.281739130434783
SURESTE,Avenida Azteca,16,2024-08-16,14.535554313336737,3.186086956521739,11832,11.538260869565217
SURESTE,Avenida Azteca,17,2024-08-16,13.106524597943368,2.9233333333333333,11222,12.11623188405797
SURESTE,Avenida Azteca,18,2024-08-16,12.444364772640442,2.994347826086957,10693,12.019420289855073
SURESTE,Avenida Azteca,19,2024-08-16,14.996589707189363,2.7171014492753622,11636,12.059565217391304
SURESTE,Avenida Azteca,20,2024-08-16,18.27907133866057,1.9830434782608697,11231,9.790724637681159
SURESTE,Avenida Azteca,21,2024-08-16,25.61380565352551,1.326231884057971,9412,5.1182608695652165
SURESTE,Avenida Azteca,22,2024-08-16,29.468573576567145,1.1433823529411764,8070,4.132794117647059
SURESTE,Avenida Azteca,23,2024-08-16,30.66765521939225,1.1063235294117648,6129,3.648970588235294
SURESTE,Avenida Benito Juárez,0,2024-08-16,45.31626443514265,1.0,12777,1.985646551724138
SURESTE,Avenida Benito Juárez,1,2024-08-16,47.34953815481935,0.9555172413793104,10102,1.7176724137931034
SURESTE,Avenida Benito Juárez,2,2024-08-16,44.79098730970709,1.0339555555555555,6547,1.9330666666666667
SURESTE,Avenida Benito Juárez,3,2024-08-16,46.78964621523159,0.9848917748917748,5345,1.7498268398268397
SURESTE,Avenida Benito Juárez,4,2024-08-16,48.66646163652299,0.9775862068965517,2522,1.9636206896551724
SURESTE,Avenida Benito Juárez,5,2024-08-16,42.330771428436506,1.1230131004366812,12257,2.764410480349345
SURESTE,Avenida Benito Juárez,6,2024-08-16,31.288298925284266,1.8107659574468087,34939,5.638808510638297
SURESTE,Avenida Benito Juárez,7,2024-08-16,26.380889031397555,2.5282978723404255,43138,7.847872340425532
SURESTE,Avenida Benito Juárez,8,2024-08-16,26.424215784838637,2.3686808510638295,38375,7.307787234042553
SURESTE,Avenida Benito Juárez,9,2024-08-16,32.63672259018404,1.5907659574468085,39615,5.1953191489361705
SURESTE,Avenida Benito Juárez,10,2024-08-16,31.001843928518543,1.6265531914893618,35111,5.570127659574468
SURESTE,Avenida Benito Juárez,11,2024-08-16,31.353435739169065,1.5885531914893618,38875,5.496085106382979
SURESTE,Avenida Benito Juárez,12,2024-08-16,29.330276300371562,1.6780590717299577,44937,5.42337552742616
SURESTE,Avenida Benito Juárez,13,2024-08-16,30.0310483993919,1.6681856540084388,45712,5.484092827004219
SURESTE,Avenida Benito Juárez,14,2024-08-16,30.25847522966951,1.6671729957805907,42025,5.848607594936708
SURESTE,Avenida Benito Juárez,15,2024-08-16,29.80183507454715,1.7562288135593223,42291,6.260254237288136
SURESTE,Avenida Benito Juárez,16,2024-08-16,27.974441780031274,1.9921097046413503,44797,7.1936708860759495
SURESTE,Avenida Benito Juárez,17,2024-08-16,26.081340250643596,2.2450210970464135,45388,7.557088607594936
SURESTE,Avenida Benito Juárez,18,2024-08-16,24.856614786839685,2.4768354430379746,45122,7.703291139240506
SURESTE,Avenida Benito Juárez,19,2024-08-16,26.38381249210477,2.3942616033755275,46478,7.564472573839662
SURESTE,Avenida Benito Juárez,20,2024-08-16,30.887060208477624,1.8032067510548524,48015,5.763164556962026
SURESTE,Avenida Benito Juárez,21,2024-08-16,35.247091724056816,1.3453164556962025,42477,4.1442616033755275
SURESTE,Avenida Benito Juárez,22,2024-08-16,37.49492135262165,1.239367088607595,32651,3.3278481012658228
SURESTE,Avenida Benito Juárez,23,2024-08-16,40.39756722122578,1.1396170212765957,26498,2.9275744680851066
SURESTE,Avenida Chapultepec,0,2024-08-16,52.814137791377924,1.0,6098,0.9778571428571429
SURESTE,Avenida Chapultepec,1,2024-08-16,55.57786292862929,0.9585714285714285,3800,0.7804285714285715
SURESTE,Avenida Chapultepec,2,2024-08-16,55.362631176311766,0.955,2398,1.0582857142857143
SURESTE,Avenida Chapultepec,3,2024-08-16,58.12172666726668,0.9255714285714287,1490,0.7045714285714286
SURESTE,Avenida Chapultepec,4,2024-08-16,57.31430834308343,0.9209999999999999,1674,0.5652857142857143
SURESTE,Avenida Chapultepec,5,2024-08-16,50.82066825668257,1.0557142857142858,3984,1.256
SURESTE,Avenida Chapultepec,6,2024-08-16,39.42484519845199,1.6675714285714287,12862,2.7051428571428575
SURESTE,Avenida Chapultepec,7,2024-08-16,36.887077670776705,1.6967142857142856,15473,3.091142857142857
SURESTE,Avenida Chapultepec,8,2024-08-16,32.24180811808118,2.458142857142857,17227,3.7382857142857144
SURESTE,Avenida Chapultepec,9,2024-08-16,32.51567185671857,2.42,13811,4.346571428571428
SURESTE,Avenida Chapultepec,10,2024-08-16,36.38429799297994,1.8218571428571428,12921,3.4292857142857143
SURESTE,Avenida Chapultepec,11,2024-08-16,38.6269750697507,1.4457142857142857,15050,2.7352857142857143
SURESTE,Avenida Chapultepec,12,2024-08-16,41.133451534515345,1.3134285714285714,16620,2.688857142857143
SURESTE,Avenida Chapultepec,13,2024-08-16,40.734732247322476,1.3634285714285714,16907,2.4732857142857143
SURESTE,Avenida Chapultepec,14,2024-08-16,43.145175951759526,1.241857142857143,16629,2.182
SURESTE,Avenida Chapultepec,15,2024-08-16,41.6079785797858,1.2775714285714284,18789,2.4258571428571427
SURESTE,Avenida Chapultepec,16,2024-08-16,42.16260822608226,1.2628571428571427,19214,2.1354285714285712
SURESTE,Avenida Chapultepec,17,2024-08-16,40.82755512555126,1.3292857142857142,22159,2.3280000000000003
SURESTE,Avenida Chapultepec,18,2024-08-16,40.96589685896859,1.3711428571428572,25050,2.453857142857143
SURESTE,Avenida Chapultepec,19,2024-08-16,41.126305463054635,1.3427142857142857,27819,2.447571428571429
SURESTE,Avenida Chapultepec,20,2024-08-16,43.411917469174696,1.2282857142857144,23223,2.0054285714285713
SURESTE,Avenida Chapultepec,21,2024-08-16,45.05876608766088,1.1822857142857144,18612,1.8982857142857141
SURESTE,Avenida Chapultepec,22,2024-08-16,48.340283052830536,1.1091428571428572,15162,1.5798571428571428
SURESTE,Avenida Chapultepec,23,2024-08-16,50.01728197281973,1.0527142857142857,10910,1.197
SURESTE,Avenida Constitución,0,2024-08-16,74.61240490593457,1.0,1455,1.3585714285714285
SURESTE,Avenida Constitución,1,2024-08-16,75.60649298802332,0.9716666666666667,1618,1.2633333333333334
SURESTE,Avenida Constitución,2,2024-08-16,73.4620135121302,1.0033333333333332,531,1.305
SURESTE,Avenida Constitución,3,2024-08-16,74.97640597809396,0.9816666666666666,389,1.2516666666666667
SURESTE,Avenida Constitución,4,2024-08-16,78.26982802743372,0.94,487,1.2216666666666667
SURESTE,Avenida Constitución,5,2024-08-16,78.6584645306582,0.9383333333333334,1297,1.2216666666666667
SURESTE,Avenida Constitución,6,2024-08-16,56.76701621980143,1.645,3586,9.788
SURESTE,Avenida Constitución,7,2024-08-16,20.146811926982576,4.58,3069,30.599999999999998
SURESTE,Avenida Constitución,8,2024-08-16,9.941527280171972,7.609999999999999,2845,24.055000000000003
SURESTE,Avenida Constitución,9,2024-08-16,11.937006858429728,6.761666666666667,2331,21.143333333333334
SURESTE,Avenida Constitución,10,2024-08-16,13.018464530658205,5.7250000000000005,2230,13.598333333333331
SURESTE,Avenida Constitución,11,2024-08-16,12.675462176271878,5.876666666666666,2195,18.63
SURESTE,Avenida Constitución,12,2024-08-16,12.81224690347016,5.791666666666667,2406,13.435
SURESTE,Avenida Constitución,13,2024-08-16,12.012800696079434,6.221666666666667,2079,14.385
SURESTE,Avenida Constitución,14,2024-08-16,12.818084757907664,5.8566666666666665,2253,19.84166666666667
SURESTE,Avenida Constitución,15,2024-08-16,13.788473743474256,5.368333333333333,2680,14.936666666666667
SURESTE,Avenida Constitución,16,2024-08-16,12.305720135121302,6.111666666666667,2660,17.84166666666667
SURESTE,Avenida Constitución,17,2024-08-16,13.099685740608045,5.631666666666667,2797,13.673333333333334
SURESTE,Avenida Constitución,18,2024-08-16,14.074903265431466,5.218333333333333,3245,18.388333333333335
SURESTE,Avenida Constitución,19,2024-08-16,18.367509468727608,4.114999999999999,5075,9.709999999999999
SURESTE,Avenida Constitución,20,2024-08-16,39.74301473610373,1.982222222222222,6317,8.354444444444445
SURESTE,Avenida Constitución,21,2024-08-16,65.7659695702858,1.151,4903,2.484
SURESTE,Avenida Constitución,22,2024-08-16,70.76530565793276,1.0557142857142858,3733,1.3714285714285714
SURESTE,Avenida Constitución,23,2024-08-16,68.93450375849179,1.1019999999999999,3151,1.656
SURESTE,Avenida Doctor Ignacio Morones Prieto,0,2024-08-16,73.16536578469368,1.0,8690,0.6
SURESTE,Avenida Doctor Ignacio Morones Prieto,1,2024-08-16,74.05526801877254,0.9979166666666667,5150,1.0020833333333334
SURESTE,Avenida Doctor Ignacio Morones Prieto,2,2024-08-16,72.32033598775544,1.1520833333333333,3184,2.0316666666666667
SURESTE,Avenida Doctor Ignacio Morones Prieto,3,2024-08-16,75.65372054498123,0.9595833333333333,6178,0.6814583333333334
SURESTE,Avenida Doctor Ignacio Morones Prieto,4,2024-08-16,78.75005270938534,0.9295833333333333,7885,0.6579166666666667
SURESTE,Avenida Doctor Ignacio Morones Prieto,5,2024-08-16,79.93708036106698,0.915625,9630,0.6014583333333333
SURESTE,Avenida Doctor Ignacio Morones Prieto,6,2024-08-16,80.47541130224452,0.91,17167,0.5514583333333333
SURESTE,Avenida Doctor Ignacio Morones Prieto,7,2024-08-16,79.01634667101045,0.9554166666666667,21239,0.87125
SURESTE,Avenida Doctor Ignacio Morones Prieto,8,2024-08-16,75.51025481837544,1.0060416666666667,19116,1.1297916666666665
SURESTE,Avenida Doctor Ignacio Morones Prieto,9,2024-08-16,72.94244073651761,1.0904166666666666,19072,1.6429166666666666
SURESTE,Avenida Doctor Ignacio Morones Prieto,10,2024-08-16,72.80798754644727,1.0408333333333333,15680,0.839375
SURESTE,Avenida Doctor Ignacio Morones Prieto,11,2024-08-16,65.84231411105546,1.2025,18413,1.6539583333333334
SURESTE,Avenida Doctor Ignacio Morones Prieto,12,2024-08-16,66.97329923871051,1.138125,17964,1.04625
SURESTE,Avenida Doctor Ignacio Morones Prieto,13,2024-08-16,41.59581982303169,3.6735416666666665,18661,8.256041666666667
SURESTE,Avenida Doctor Ignacio Morones Prieto,14,2024-08-16,28.37782148883268,4.817083333333334,17508,7.912708333333334
SURESTE,Avenida Doctor Ignacio Morones Prieto,15,2024-08-16,27.66473265738285,3.625625,18696,6.052083333333333
SURESTE,Avenida Doctor Ignacio Morones Prieto,16,2024-08-16,17.602609345082044,5.829583333333333,16897,13.832916666666668
SURESTE,Avenida Doctor Ignacio Morones Prieto,17,2024-08-16,18.67019875894753,5.261666666666667,19116,9.04875
SURESTE,Avenida Doctor Ignacio Morones Prieto,18,2024-08-16,15.07852622714518,6.012708333333333,18056,9.824375
SURESTE,Avenida Doctor Ignacio Morones Prieto,19,2024-08-16,19.07088782274894,4.503125,21679,6.193958333333334
SURESTE,Avenida Doctor Ignacio Morones Prieto,20,2024-08-16,29.836688498289636,2.8175000000000003,25772,5.222916666666666
SURESTE,Avenida Doctor Ignacio Morones Prieto,21,2024-08-16,62.17020183238108,1.2339583333333333,23529,1.2914583333333334
SURESTE,Avenida Doctor Ignacio Morones Prieto,22,2024-08-16,67.9165366092037,1.0929166666666668,20114,0.919375
SURESTE,Avenida Doctor Ignacio Morones Prieto,23,2024-08-16,68.41708306568849,1.1095833333333334,16250,1.1391666666666667
SURESTE,Avenida Eloy Cavazos,0,2024-08-16,49.64859033489166,1.0,19853,2.2387557603686634
SURESTE,Avenida Eloy Cavazos,1,2024-08-16,52.228150594282866,0.9512558139534885,10654,1.323906976744186
SURESTE,Avenida Eloy Cavazos,2,2024-08-16,53.444933091229935,0.9341860465116278,7242,1.2820930232558139
SURESTE,Avenida Eloy Cavazos,3,2024-08-16,54.40154490487098,0.8956807511737089,5381,1.048075117370892
SURESTE,Avenida Eloy Cavazos,4,2024-08-16,54.39662205885564,0.9175369458128079,3627,1.3044334975369458
SURESTE,Avenida Eloy Cavazos,5,2024-08-16,50.553444217318244,1.0347115384615384,12660,1.7583173076923078
SURESTE,Avenida Eloy Cavazos,6,2024-08-16,40.73594253066809,1.4168558951965065,44994,3.370524017467249
SURESTE,Avenida Eloy Cavazos,7,2024-08-16,30.03882440826151,3.3320089285714287,40241,11.139375000000001
SURESTE,Avenida Eloy Cavazos,8,2024-08-16,29.30135533699806,2.8642424242424243,36842,6.481861471861472
SURESTE,Avenida Eloy Cavazos,9,2024-08-16,37.29295598672882,1.4315021459227468,43410,3.9891416309012877
SURESTE,Avenida Eloy Cavazos,10,2024-08-16,43.06259070964879,1.1906493506493507,43829,2.9804761904761907
SURESTE,Avenida Eloy Cavazos,11,2024-08-16,42.70952837199708,1.2259825327510918,46705,3.1456331877729258
SURESTE,Avenida Eloy Cavazos,12,2024-08-16,41.00770509046621,1.2682403433476395,48844,3.9383690987124464
SURESTE,Avenida Eloy Cavazos,13,2024-08-16,42.91619328311696,1.198051948051948,52988,3.364891774891775
SURESTE,Avenida Eloy Cavazos,14,2024-08-16,42.49070872364394,1.211709401709402,50858,3.295897435897436
SURESTE,Avenida Eloy Cavazos,15,2024-08-16,41.59413209041845,1.2484188034188033,60839,3.201752136752137
SURESTE,Avenida Eloy Cavazos,16,2024-08-16,41.45750840145366,1.2537606837606838,63353,3.5884615384615386
SURESTE,Avenida Eloy Cavazos,17,2024-08-16,40.859526270096524,1.3187606837606836,68884,3.4166666666666665
SURESTE,Avenida Eloy Cavazos,18,2024-08-16,38.375464050896944,1.5329487179487178,71777,3.7786752136752138
SURESTE,Avenida Eloy Cavazos,19,2024-08-16,37.47104523823175,1.5580425531914892,78033,3.7245106382978723
SURESTE,Avenida Eloy Cavazos,20,2024-08-16,38.83288639562915,1.414102564102564,75952,3.4984188034188035
SURESTE,Avenida Eloy Cavazos,21,2024-08-16,42.73884515078302,1.2030701754385966,61621,2.7782017543859645
SURESTE,Avenida Eloy Cavazos,22,2024-08-16,45.99874459285694,1.0931140350877193,50565,2.2944298245614037
SURESTE,Avenida Eloy Cavazos,23,2024-08-16,45.36168362505557,1.1129646017699115,36767,2.009247787610619
SURESTE,Avenida Exposición,0,2024-08-16,41.81505522697897,1.0,562,1.7332142857142858
SURESTE,Avenida Exposición,1,2024-08-16,38.306734949669035,1.2057142857142857,221,2.1142857142857143
SURESTE,Avenida Exposición,2,2024-08-16,39.06144491010928,1.1500000000000001,159,0.9942857142857143
SURESTE,Avenida Exposición,3,2024-08-16,22.759064327485376,1.27,20,0.47500000000000003
SURESTE,Avenida Exposición,4,2024-08-16,27.54093567251462,1.05,20,0.16
SURESTE,Avenida Exposición,5,2024-08-16,40.39625504200125,1.108235294117647,244,2.025294117647059
SURESTE,Avenida Exposición,6,2024-08-16,34.362490697583326,1.3803571428571428,2067,4.325714285714286
SURESTE,Avenida Exposición,7,2024-08-16,19.288609925188986,2.7525000000000004,2943,10.73607142857143
SURESTE,Avenida Exposición,8,2024-08-16,15.301930006658571,4.232142857142857,2468,12.872142857142858
SURESTE,Avenida Exposición,9,2024-08-16,35.270289060357996,1.3092857142857142,2025,3.8189285714285712
SURESTE,Avenida Exposición,10,2024-08-16,35.16699306725158,1.325357142857143,2319,3.937142857142857
SURESTE,Avenida Exposición,11,2024-08-16,35.08193764443226,1.3739285714285714,2446,3.0396428571428573
SURESTE,Avenida Exposición,12,2024-08-16,31.877413732325408,1.6792857142857145,2390,5.4121428571428565
SURESTE,Avenida Exposición,13,2024-08-16,30.65418902510673,1.7857142857142858,2514,5.961071428571429
SURESTE,Avenida Exposición,14,2024-08-16,32.1382094316713,1.9060714285714286,2736,5.8374999999999995
SURESTE,Avenida Exposición,15,2024-08-16,30.715637852023033,1.8921428571428571,2681,6.891785714285715
SURESTE,Avenida Exposición,16,2024-08-16,29.430890877756454,1.7364285714285714,3191,5.303928571428571
SURESTE,Avenida Exposición,17,2024-08-16,29.081247307195174,2.0067857142857144,3273,6.0249999999999995
SURESTE,Avenida Exposición,18,2024-08-16,25.298936586894364,2.7207142857142856,3269,8.123928571428571
SURESTE,Avenida Exposición,19,2024-08-16,27.422691042262347,2.277142857142857,3129,7.538928571428571
SURESTE,Avenida Exposición,20,2024-08-16,28.804069562492653,1.6860714285714287,2884,5.292857142857143
SURESTE,Avenida Exposición,21,2024-08-16,33.53459128118758,1.279642857142857,2212,3.4067857142857143
SURESTE,Avenida Exposición,22,2024-08-16,35.89708295797266,1.2542857142857142,1508,2.668214285714286
SURESTE,Avenida Exposición,23,2024-08-16,35.77328052171869,1.2114285714285715,1265,3.1753571428571425
SURESTE,Avenida General Lázaro Cárdenas,0,2024-08-16,38.0892037652086,1.0,4861,2.4294000000000002
SURESTE,Avenida General Lázaro Cárdenas,1,2024-08-16,38.79968933462488,1.0079310344827586,2551,2.028448275862069
SURESTE,Avenida General Lázaro Cárdenas,2,2024-08-16,39.21362814422674,1.0001526717557252,2040,1.7981679389312977
SURESTE,Avenida General Lázaro Cárdenas,3,2024-08-16,36.00683121767748,1.0896969696969698,463,3.611515151515152
SURESTE,Avenida General Lázaro Cárdenas,4,2024-08-16,40.62597469638647,1.1038317757009346,1194,2.448317757009346
SURESTE,Avenida General Lázaro Cárdenas,5,2024-08-16,38.10375431997681,1.0768275862068966,3969,3.2117241379310344
SURESTE,Avenida General Lázaro Cárdenas,6,2024-08-16,32.80486036382839,1.32206106870229,10270,5.096793893129771
SURESTE,Avenida General Lázaro Cárdenas,7,2024-08-16,28.794353916076055,1.7110526315789472,14485,7.332236842105263
SURESTE,Avenida General Lázaro Cárdenas,8,2024-08-16,28.988281524905073,1.5580263157894736,10343,5.965131578947369
SURESTE,Avenida General Lázaro Cárdenas,9,2024-08-16,27.31595133391427,1.9067763157894735,13046,6.960592105263157
SURESTE,Avenida General Lázaro Cárdenas,10,2024-08-16,28.553131810737266,1.605328947368421,12157,5.769934210526316
SURESTE,Avenida General Lázaro Cárdenas,11,2024-08-16,26.711797878043704,1.72125,14281,7.155394736842105
SURESTE,Avenida General Lázaro Cárdenas,12,2024-08-16,24.946745492362762,1.895592105263158,12538,7.52125
SURESTE,Avenida General Lázaro Cárdenas,13,2024-08-16,26.418092450087602,1.7014473684210527,12532,6.185592105263158
SURESTE,Avenida General Lázaro Cárdenas,14,2024-08-16,24.211818143297453,1.979671052631579,14026,7.932105263157895
SURESTE,Avenida General Lázaro Cárdenas,15,2024-08-16,25.846057394883207,1.949144736842105,15199,7.720526315789473
SURESTE,Avenida General Lázaro Cárdenas,16,2024-08-16,23.22004878399266,2.2298684210526316,15803,8.23309210526316
SURESTE,Avenida General Lázaro Cárdenas,17,2024-08-16,22.04130464019042,2.7375657894736842,15181,9.175394736842106
SURESTE,Avenida General Lázaro Cárdenas,18,2024-08-16,24.536443742734445,2.1323684210526315,16684,7.51125
SURESTE,Avenida General Lázaro Cárdenas,19,2024-08-16,22.947619293258487,2.344934210526316,14907,8.479144736842105
SURESTE,Avenida General Lázaro Cárdenas,20,2024-08-16,26.075471858010577,1.7746052631578948,15591,6.667828947368421
SURESTE,Avenida General Lázaro Cárdenas,21,2024-08-16,29.42678771778239,1.3532236842105263,12801,4.8588815789473685
SURESTE,Avenida General Lázaro Cárdenas,22,2024-08-16,31.81038631100532,1.2425000000000002,10528,4.2465789473684215
SURESTE,Avenida General Lázaro Cárdenas,23,2024-08-16,33.57868273145812,1.1634666666666666,8891,3.4421333333333335
SURESTE,Avenida Ignacio Morones Prieto,0,2024-08-16,68.06746364653243,1.0,502,0.2833333333333333
SURESTE,Avenida Ignacio Morones Prieto,1,2024-08-16,53.200125838926176,1.2033333333333334,307,2.9533333333333336
SURESTE,Avenida Ignacio Morones Prieto,2,2024-08-16,50.824203020134235,1.34,210,2.486666666666667
SURESTE,Avenida Ignacio Morones Prieto,3,2024-08-16,61.54896532438479,1.0466666666666666,422,3.19
SURESTE,Avenida Ignacio Morones Prieto,4,2024-08-16,71.5385206935123,0.9433333333333334,366,0.6033333333333334
SURESTE,Avenida Ignacio Morones Prieto,5,2024-08-16,76.52860738255033,0.89,483,0.18666666666666668
SURESTE,Avenida Ignacio Morones Prieto,6,2024-08-16,75.1,0.9033333333333333,750,0.27999999999999997
SURESTE,Avenida Ignacio Morones Prieto,7,2024-08-16,73.01828859060403,0.93,1026,0.31
SURESTE,Avenida Ignacio Morones Prieto,8,2024-08-16,71.18259228187921,0.9566666666666667,912,0.2866666666666667
SURESTE,Avenida Ignacio Morones Prieto,9,2024-08-16,67.78211689038032,1.0033333333333332,801,0.3166666666666667
SURESTE,Avenida Ignacio Morones Prieto,10,2024-08-16,67.4952600671141,1.0033333333333332,711,0.25333333333333335
SURESTE,Avenida Ignacio Morones Prieto,11,2024-08-16,66.34168064876958,1.02,874,0.29
SURESTE,Avenida Ignacio Morones Prieto,12,2024-08-16,65.07771252796421,1.0433333333333332,745,0.3233333333333333
SURESTE,Avenida Ignacio Morones Prieto,13,2024-08-16,14.320917225950787,4.666666666666667,857,7.756666666666667
SURESTE,Avenida Ignacio Morones Prieto,14,2024-08-16,9.663492729306487,6.753333333333333,695,7.05
SURESTE,Avenida Ignacio Morones Prieto,15,2024-08-16,16.219127516778524,4.123333333333334,721,4.316666666666666
SURESTE,Avenida Ignacio Morones Prieto,16,2024-08-16,9.195735458612976,7.413333333333334,760,11.26
SURESTE,Avenida Ignacio Morones Prieto,17,2024-08-16,10.783361297539148,6.183333333333334,910,5.3133333333333335
SURESTE,Avenida Ignacio Morones Prieto,18,2024-08-16,8.925447427293067,7.613333333333333,888,6.62
SURESTE,Avenida Ignacio Morones Prieto,19,2024-08-16,12.451999440715884,5.376666666666668,1129,4.11
SURESTE,Avenida Ignacio Morones Prieto,20,2024-08-16,22.779935682326624,2.903333333333333,1273,4.216666666666666
SURESTE,Avenida Ignacio Morones Prieto,21,2024-08-16,56.61898769574944,1.1933333333333334,1269,0.59
SURESTE,Avenida Ignacio Morones Prieto,22,2024-08-16,62.20352348993289,1.0833333333333333,1139,0.42
SURESTE,Avenida Ignacio Morones Prieto,23,2024-08-16,58.65855704697987,1.14,926,1.43
SURESTE,Avenida Las Torres,0,2024-08-16,42.83531244149316,1.0,1145,2.0500000000000003
SURESTE,Avenida Las Torres,1,2024-08-16,38.595389080726484,1.0706666666666667,385,1.6776666666666666
SURESTE,Avenida Las Torres,2,2024-08-16,37.6423381695858,1.08,274,1.6716
SURESTE,Avenida Las Torres,3,2024-08-16,42.783494533221194,0.9635,241,1.48
SURESTE,Avenida Las Torres,5,2024-08-16,46.903467273068266,0.9205555555555556,190,0.9916666666666666
SURESTE,Avenida Las Torres,6,2024-08-16,36.796951071347486,1.3245762711864408,4615,3.4084745762711863
SURESTE,Avenida Las Torres,7,2024-08-16,27.322853819526053,2.3584745762711865,7764,7.942881355932204
SURESTE,Avenida Las Torres,8,2024-08-16,24.187927373834345,2.319322033898305,6209,8.378813559322033
SURESTE,Avenida Las Torres,9,2024-08-16,35.30539517764172,1.3105084745762714,5340,3.5833898305084744
SURESTE,Avenida Las Torres,10,2024-08-16,36.08016164819013,1.189322033898305,5376,2.582033898305085
SURESTE,Avenida Las Torres,11,2024-08-16,35.08100335007708,1.2484745762711864,5671,3.2223728813559323
SURESTE,Avenida Las Torres,12,2024-08-16,32.39928776006915,1.3845762711864407,5280,3.909152542372881
SURESTE,Avenida Las Torres,13,2024-08-16,31.546777592326293,1.549322033898305,5818,3.982542372881356
SURESTE,Avenida Las Torres,14,2024-08-16,35.096508510629825,1.218135593220339,6028,3.1211864406779664
SURESTE,Avenida Las Torres,15,2024-08-16,35.56490704631551,1.1971186440677966,5884,2.723898305084746
SURESTE,Avenida Las Torres,16,2024-08-16,30.813550882532198,1.481186440677966,7232,4.297627118644068
SURESTE,Avenida Las Torres,17,2024-08-16,34.31815375300252,1.2469491525423728,7774,2.7384745762711864
SURESTE,Avenida Las Torres,18,2024-08-16,33.089536685534924,1.303050847457627,7840,3.535084745762712
SURESTE,Avenida Las Torres,19,2024-08-16,34.66156135102514,1.2347457627118643,7247,2.8086440677966102
SURESTE,Avenida Las Torres,20,2024-08-16,33.14563633539012,1.292542372881356,6576,4.263728813559322
SURESTE,Avenida Las Torres,21,2024-08-16,35.02325296069535,1.231186440677966,4321,3.5611864406779663
SURESTE,Avenida Las Torres,22,2024-08-16,37.27699600460486,1.1722033898305084,3373,2.8883050847457628
SURESTE,Avenida Las Torres,23,2024-08-16,38.1265727635945,1.1433898305084744,2238,2.7740677966101694
SURESTE,Avenida Pablo Livas,0,2024-08-16,48.97096711656405,1.0,7078,1.9066455696202531
SURESTE,Avenida Pablo Livas,1,2024-08-16,47.991137056646195,1.041392405063291,3815,1.855253164556962
SURESTE,Avenida Pablo Livas,2,2024-08-16,49.36118414032831,0.9934177215189874,3427,1.6720886075949366
SURESTE,Avenida Pablo Livas,3,2024-08-16,57.67448136078213,0.9672972972972973,901,1.0421621621621622
SURESTE,Avenida Pablo Livas,4,2024-08-16,59.39762567284534,0.9777777777777777,1272,1.2067676767676767
SURESTE,Avenida Pablo Livas,5,2024-08-16,48.35712200953951,1.037162162162162,7065,2.2356756756756755
SURESTE,Avenida Pablo Livas,6,2024-08-16,42.778363597836524,1.3233544303797469,36950,3.864367088607595
SURESTE,Avenida Pablo Livas,7,2024-08-16,30.375173990210566,2.4896835443037975,45858,6.835759493670886
SURESTE,Avenida Pablo Livas,8,2024-08-16,33.05421025501532,1.9062658227848102,37577,5.065632911392405
SURESTE,Avenida Pablo Livas,9,2024-08-16,42.423713915159205,1.2375949367088608,28643,3.105379746835443
SURESTE,Avenida Pablo Livas,10,2024-08-16,42.337883954428165,1.2460759493670885,26788,3.4477848101265822
SURESTE,Avenida Pablo Livas,11,2024-08-16,40.94036122035855,1.3048101265822785,31719,4.1508860759493675
SURESTE,Avenida Pablo Livas,12,2024-08-16,40.552484103809526,1.3277215189873417,35899,4.034873417721519
SURESTE,Avenida Pablo Livas,13,2024-08-16,41.160359837754406,1.285379746835443,35301,3.659303797468354
SURESTE,Avenida Pablo Livas,14,2024-08-16,40.2199715664454,1.3439240506329113,34937,4.08993670886076
SURESTE,Avenida Pablo Livas,15,2024-08-16,39.52113881495798,1.4515822784810126,38391,4.687974683544304
SURESTE,Avenida Pablo Livas,16,2024-08-16,39.80803097634394,1.430632911392405,41006,4.706329113924051
SURESTE,Avenida Pablo Livas,17,2024-08-16,38.84037639894742,1.5060759493670886,40859,4.927405063291139
SURESTE,Avenida Pablo Livas,18,2024-08-16,37.830250326489946,1.6756962025316455,49777,5.2598734177215185
SURESTE,Avenida Pablo Livas,19,2024-08-16,37.00391382168314,1.690759493670886,45337,5.666645569620253
SURESTE,Avenida Pablo Livas,20,2024-08-16,38.985704774943606,1.4257594936708862,35528,4.6556962025316455
SURESTE,Avenida Pablo Livas,21,2024-08-16,40.76191481655699,1.2870886075949368,24970,4.1171518987341775
SURESTE,Avenida Pablo Livas,22,2024-08-16,43.6566024607348,1.1761392405063291,20879,3.329113924050633
SURESTE,Avenida Pablo Livas,23,2024-08-16,47.5732527715953,1.09246835443038,15332,2.8243037974683545
SURESTE,Avenida Puesta del Sol,7,2024-08-16,25.4,0.92,39,1.2
SURESTE,Avenida Puesta del Sol,8,2024-08-16,28.28048170941239,1.1642857142857144,291,3.1528571428571426
SURESTE,Avenida Puesta del Sol,9,2024-08-16,30.34304770235231,1.16,209,2.9600000000000004
SURESTE,Avenida Puesta del Sol,10,2024-08-16,26.243678735434692,1.2971428571428572,149,4.617142857142857
SURESTE,Avenida Puesta del Sol,11,2024-08-16,28.507566149136235,1.1528571428571428,166,3.1014285714285714
SURESTE,Avenida Puesta del Sol,12,2024-08-16,29.70436412483209,1.0842857142857143,147,2.891428571428571
SURESTE,Avenida Puesta del Sol,13,2024-08-16,28.702071163037704,1.1928571428571428,205,3.487142857142857
SURESTE,Avenida Puesta del Sol,14,2024-08-16,30.20858767298741,1.1657142857142857,131,2.9414285714285713
SURESTE,Avenida Puesta del Sol,15,2024-08-16,30.115985130111522,1.1099999999999999,174,4.038571428571428
SURESTE,Avenida Puesta del Sol,16,2024-08-16,25.951073068632656,1.3071428571428572,221,3.8685714285714283
SURESTE,Avenida Puesta del Sol,17,2024-08-16,26.12524444722127,1.3085714285714285,235,4.401428571428572
SURESTE,Avenida Puesta del Sol,18,2024-08-16,24.402496016994156,1.447142857142857,370,5.114285714285714
SURESTE,Avenida Puesta del Sol,19,2024-08-16,26.837812002124267,1.3657142857142854,277,3.6100000000000003
SURESTE,Avenida Puesta del Sol,20,2024-08-16,25.302292961794382,1.3385714285714287,238,3.904285714285714
SURESTE,Avenida Puesta del Sol,21,2024-08-16,27.184449095623382,1.2842857142857143,232,3.5185714285714282
SURESTE,Avenida Puesta del Sol,22,2024-08-16,27.057817625191337,1.3057142857142856,101,3.525714285714286
SURESTE,Avenida Valparaíso,0,2024-08-16,35.211626536665946,1.0,1155,3.013584905660377
SURESTE,Avenida Valparaíso,1,2024-08-16,41.473188886515175,0.9261904761904761,251,1.2285714285714286
SURESTE,Avenida Valparaíso,3,2024-08-16,39.88180841223202,0.9605882352941177,234,1.1047058823529412
SURESTE,Avenida Valparaíso,4,2024-08-16,38.59124828868591,0.8538461538461538,153,1.4792307692307693
SURESTE,Avenida Valparaíso,5,2024-08-16,44.172549107795405,0.8728571428571428,227,1.1385714285714286
SURESTE,Avenida Valparaíso,6,2024-08-16,29.52823234943066,1.2352830188679245,3571,3.713018867924528
SURESTE,Avenida Valparaíso,7,2024-08-16,25.94846069005807,1.528490566037736,6949,5.314150943396226
SURESTE,Avenida Valparaíso,8,2024-08-16,19.074477160496905,3.0861111111111112,5293,10.846296296296297
SURESTE,Avenida Valparaíso,9,2024-08-16,26.467798468230992,1.8312962962962962,5176,5.797592592592593
SURESTE,Avenida Valparaíso,10,2024-08-16,29.923605885899654,1.2264814814814815,5331,3.842962962962963
SURESTE,Avenida Valparaíso,11,2024-08-16,28.09780449764056,1.3394444444444444,5438,4.814629629629629
SURESTE,Avenida Valparaíso,12,2024-08-16,25.588690621527487,1.6018518518518519,4705,5.230185185185185
SURESTE,Avenida Valparaíso,13,2024-08-16,26.009051588824168,1.621111111111111,5327,4.6974074074074075
SURESTE,Avenida Valparaíso,14,2024-08-16,28.44519266704205,1.3846296296296297,6050,4.1846296296296295
SURESTE,Avenida Valparaíso,15,2024-08-16,28.995073822894817,1.3262962962962963,6036,4.3224074074074075
SURESTE,Avenida Valparaíso,16,2024-08-16,25.330527747741463,1.6937037037037035,7223,5.530740740740741
SURESTE,Avenida Valparaíso,17,2024-08-16,27.917603882740444,1.5038888888888888,7596,4.849259259259259
SURESTE,Avenida Valparaíso,18,2024-08-16,24.061908582191815,1.8853703703703704,8044,5.992222222222222
SURESTE,Avenida Valparaíso,19,2024-08-16,26.832003707339435,1.6422222222222222,7142,5.229074074074074
SURESTE,Avenida Valparaíso,20,2024-08-16,28.06703906160462,1.4033333333333333,6437,4.853888888888889
SURESTE,Avenida Valparaíso,21,2024-08-16,30.232571269115972,1.3114814814814817,4200,4.249074074074074
SURESTE,Avenida Valparaíso,22,2024-08-16,31.920640014350994,1.1300000000000001,2880,4.040185185185185
SURESTE,Avenida Valparaíso,23,2024-08-16,32.89896053141824,1.1084905660377358,2163,3.190943396226415
SURESTE,Paseo de las Américas,0,2024-08-16,48.46123594140094,1.0,3931,1.6636764705882352
SURESTE,Paseo de las Américas,1,2024-08-16,48.8799672278402,1.0133333333333332,1909,1.708939393939394
SURESTE,Paseo de las Américas,2,2024-08-16,49.97515520618538,0.9896721311475409,1503,1.2283606557377047
SURESTE,Paseo de las Américas,3,2024-08-16,50.62187641788182,0.9595081967213115,966,1.3108196721311474
SURESTE,Paseo de las Américas,4,2024-08-16,54.568485041262434,0.8843243243243243,438,1.165945945945946
SURESTE,Paseo de las Américas,5,2024-08-16,52.457017711668335,0.9840625000000001,1892,1.82171875
SURESTE,Paseo de las Américas,6,2024-08-16,34.93423995888761,1.8086764705882352,17335,4.572941176470588
SURESTE,Paseo de las Américas,7,2024-08-16,34.30921492364826,1.6852857142857143,19994,5.037
SURESTE,Paseo de las Américas,8,2024-08-16,25.539526666336126,3.6332,17290,7.995466666666666
SURESTE,Paseo de las Américas,9,2024-08-16,26.859304873816253,2.909333333333333,17724,6.375733333333334
SURESTE,Paseo de las Américas,10,2024-08-16,32.7382382203712,1.6253333333333335,19730,4.944266666666667
SURESTE,Paseo de las Américas,11,2024-08-16,40.493164096716086,1.2261333333333333,20186,2.8828
SURESTE,Paseo de las Américas,12,2024-08-16,39.3584028294247,1.2522666666666666,21418,2.630933333333333
SURESTE,Paseo de las Américas,13,2024-08-16,38.7859417918588,1.3009333333333333,23501,3.0830666666666664
SURESTE,Paseo de las Américas,14,2024-08-16,35.43095443502405,1.4349333333333334,23649,4.6696
SURESTE,Paseo de las Américas,15,2024-08-16,37.01905193832078,1.411578947368421,24979,4.465921052631579
SURESTE,Paseo de las Américas,16,2024-08-16,35.747306463698386,1.4653947368421054,29067,3.849473684210526
SURESTE,Paseo de las Américas,17,2024-08-16,31.512751251921266,1.8025333333333333,25345,4.974933333333333
SURESTE,Paseo de las Américas,18,2024-08-16,30.522494917943376,2.1250666666666667,25270,4.395066666666667
SURESTE,Paseo de las Américas,19,2024-08-16,31.117682582180578,1.9244,24261,4.559733333333334
SURESTE,Paseo de las Américas,20,2024-08-16,37.6101766770517,1.3507894736842105,22497,3.2603947368421053
SURESTE,Paseo de las Américas,21,2024-08-16,41.43056158062863,1.1846052631578947,16281,2.4864473684210524
SURESTE,Paseo de las Américas,22,2024-08-16,43.49316971590065,1.1236,11195,2.3065333333333333
SURESTE,Paseo de las Américas,23,2024-08-16,42.63177988624887,1.2156756756756757,9101,2.7202702702702704
