date_only,Hora,Zona,CO,NOX,O3,PM2.5,PM10,WSR,WDR,date,hour,influence_plume_sum,influence_plume_log1p_sum,Q_hat_mean,u_mean,wind_cov,influence_plume_z
2024-08-01,0,CENTRO,0.4841826,8.767834,16.384539,32.805374,88.79609,9.015996,85.00341,2024-08-01,0,1799.9044981363843,1369.525861330241,7.439061342651951,9.015996,1.0,-0.4469604737050558
2024-08-01,0,NORTE,0.9056643,8.050037,13.299111,22.510893,78.0,9.597399,171.84186,2024-08-01,0,2960.1125311647816,2179.3258496966487,9.054447507749286,9.597399,1.0,-0.39315239995551654
2024-08-01,0,SURESTE,0.623575,7.507266,18.192194,22.631094,91.57979,15.822094,110.56041,2024-08-01,0,1497.1239741618963,1214.4964182630279,8.668408536968789,15.822094,1.0,-0.6501354757488619
2024-08-01,1,CENTRO,0.58000004,15.6,13.0,39.149998,94.0,8.0,47.999996,2024-08-01,1,2166.854643918599,1598.484372061786,7.649176799482718,8.0,1.0,-0.2539216973144279
2024-08-01,1,NORTE,0.9464729,7.5113125,14.000001,20.661089,69.0,7.2000003,150.0,2024-08-01,1,3984.6393149685837,2744.4134442168206,9.117754366595472,7.2000003,1.0,-0.12478490151074284
2024-08-01,1,SURESTE,0.6599999,5.8999996,16.000002,24.41983,95.0,13.4,114.0,2024-08-01,1,1736.4843423749699,1364.9341090310218,8.70814868765292,13.4,1.0,-0.5378553098013991
2024-08-01,2,CENTRO,0.57000005,25.5,6.000002,37.01,92.0,7.6,16.0,2024-08-01,2,2627.73708792732,1891.743746838207,7.773657315296173,7.599999999999999,1.0,-0.011468644566035363
2024-08-01,2,NORTE,0.9616144,9.109507,13.0,21.59718,76.0,2.2000003,118.0,2024-08-01,2,13058.1559581474,6011.486697557168,9.253163510016508,2.2000003,1.0,2.2519581979583205
2024-08-01,2,SURESTE,0.65,4.8999996,15.000001,24.416147,93.0,11.7,110.0,2024-08-01,2,2082.2238714272185,1597.540856311958,8.890587631543388,11.700000000000001,1.0,-0.3756743606894407
2024-08-01,3,CENTRO,0.6,9.3,12.000002,36.16,104.0,5.3,47.0,2024-08-01,3,3447.646593153004,2257.8875377119775,7.899069020172463,5.3,1.0,0.4198551454883968
2024-08-01,3,NORTE,0.9294389,9.257141,12.000001,21.888977,80.0,4.5,181.0,2024-08-01,3,6497.689751908193,3885.192121149472,9.25036244104658,4.5,1.0,0.5334907725746901
2024-08-01,3,SURESTE,0.6399999,4.3999996,14.000001,24.584211,92.0,9.599999,109.0,2024-08-01,3,2558.12868913538,1883.4281152758115,8.89964116571148,9.599999,1.0,-0.152434931763166
2024-08-01,4,CENTRO,0.53999996,7.800001,12.000002,35.699997,102.0,3.1,23.0,2024-08-01,4,6376.178355114709,3486.237326500127,7.907990726410185,3.1,1.0,1.960446406857443
2024-08-01,4,NORTE,0.9263735,10.196771,11.0,22.24848,83.0,4.9,209.0,2024-08-01,4,5959.453214493106,3623.1786895450377,9.298429077161057,4.9,1.0,0.39250354276174554
2024-08-01,4,SURESTE,0.6399999,4.500002,14.000001,25.143425,87.0,7.9999995,109.0,2024-08-01,4,3056.4598778383884,2157.2753511084193,8.883322732443652,7.9999995,1.0,0.08132435337697998
2024-08-01,5,CENTRO,0.59000003,7.3,12.000002,34.66,90.0,5.2,53.999996,2024-08-01,5,3286.6341891176967,2172.061469907089,7.59929764905644,5.2,1.0,0.33515252902687864
2024-08-01,5,NORTE,0.92215896,11.232225,10.0,22.594027,77.0,3.1,207.0,2024-08-01,5,9208.6189623388,4807.623743642973,9.138429349602982,3.1,1.0,1.2435993828767213
2024-08-01,5,SURESTE,0.6399999,4.8999996,13.000001,26.205114,84.0,8.599999,105.0,2024-08-01,5,2903.7904564397445,2091.085609851222,8.801192749705544,8.599999,1.0,0.009709540541783988
2024-08-01,6,CENTRO,0.5500001,8.6,11.0,36.579998,93.0,5.7,65.0,2024-08-01,6,2817.6355280893495,1938.26982057228,7.330294925560165,5.7,1.0,0.08842983741773665
2024-08-01,6,NORTE,0.95594853,14.754266,7.0,23.761738,77.0,4.8,204.0,2024-08-01,6,5927.285292164353,3614.305113707499,9.019999642359222,4.8,1.0,0.3840773844787168
2024-08-01,6,SURESTE,0.68999994,11.800001,6.000002,34.5,89.0,8.5,62.0,2024-08-01,6,3414.956938909631,2469.111981057329,8.662453307015339,8.5,1.0,0.24948965914274165
2024-08-01,7,CENTRO,0.6300001,17.900002,6.000002,41.53,81.0,6.7,69.0,2024-08-01,7,2364.75017700305,1701.4454116447312,7.243006593334226,6.7,1.0,-0.14981624321149886
2024-08-01,7,NORTE,1.01926,17.419632,6.0,24.41497,100.0,5.2,211.0,2024-08-01,7,5366.263090203474,3350.416391856871,8.940654859530905,5.2,1.0,0.23712161202616164
2024-08-01,7,SURESTE,0.77,18.5,4.0,33.53,94.0,9.5,60.0,2024-08-01,7,3008.394533659237,2237.013537758191,8.58620333382215,9.5,1.0,0.0587776600331891
2024-08-01,8,CENTRO,0.71000004,22.5,6.000002,45.699997,102.0,7.1,68.0,2024-08-01,8,2232.6921096694887,1630.2088818315926,7.20462329113832,7.099999999999999,1.0,-0.2192870637673559
2024-08-01,8,NORTE,1.0778929,18.631695,8.0,24.451435,95.0,4.9,239.0,2024-08-01,8,5239.6913234365475,3162.599868079334,8.890537371264964,4.9,1.0,0.20396703865828728
2024-08-01,8,SURESTE,0.79999995,18.4,7.000002,33.91,100.0,8.7,71.0,2024-08-01,8,3252.8559616757175,2367.284908630987,8.585830720956247,8.7,1.0,0.17345065251877212
2024-08-01,9,CENTRO,0.83000004,45.5,6.000002,46.36,93.0,5.3999996,56.999996,2024-08-01,9,2949.1182622009806,2020.006620073877,7.262997714992626,5.3999996,1.0,0.1575979966381103
2024-08-01,9,NORTE,1.1477597,18.178543,8.0,24.41697,84.0,6.0,251.00002,2024-08-01,9,4280.507051741191,2752.015651046819,8.920890980825414,6.0,1.0,-0.04728445384710524
2024-08-01,9,SURESTE,0.85999995,20.5,12.000001,36.129997,98.0,8.7,73.0,2024-08-01,9,3232.109235648619,2355.861493798763,8.573157362168297,8.7,1.0,0.16371869121465363
2024-08-01,10,CENTRO,0.89,35.7,10.000002,49.79,108.0,6.6,35.0,2024-08-01,10,2547.9064675163204,1824.262065659209,7.295894852290754,6.599999999999999,1.0,-0.053464554527575814
2024-08-01,10,NORTE,1.1167902,15.57594,13.0,24.511213,94.0,4.8,242.0,2024-08-01,10,5400.785007864497,3227.3268315619734,8.969572389724217,4.8,1.0,0.24616438263076035
2024-08-01,10,SURESTE,0.84,18.4,17.000002,30.719997,100.0,7.7,71.0,2024-08-01,10,3676.380381526648,2598.4753088604702,8.5713496900515,7.7,1.0,0.37211926461471584
2024-08-01,11,CENTRO,0.90000004,32.600002,19.0,52.36,119.0,7.2999997,26.0,2024-08-01,11,2389.0535172041864,1751.9041524191675,7.352597460405923,7.2999997,1.0,-0.13703116298041768
2024-08-01,11,NORTE,1.075077,14.205475,25.0,23.947065,97.0,2.6000004,263.0,2024-08-01,11,9827.120045956877,4695.240102253791,8.92796597754118,2.6000004,1.0,1.4056113392452059
2024-08-01,11,SURESTE,0.87999994,17.2,26.0,30.59,103.0,6.799999,94.0,2024-08-01,11,3769.3003961466407,2579.2625119809545,8.582548231113968,6.799999,1.0,0.41570657499220554
2024-08-01,12,CENTRO,0.89,26.400002,35.0,51.71,129.0,9.0,18.0,2024-08-01,12,2004.8636497190237,1536.32143937363,7.3303927278650445,9.0,1.0,-0.33913911353844656
2024-08-01,12,NORTE,1.0216364,12.422851,45.0,24.458021,87.0,4.8,136.0,2024-08-01,12,5897.388772751277,3655.560302076712,8.931088747660668,4.8,1.0,0.3762462040216237
2024-08-01,12,SURESTE,0.80999994,16.6,36.0,25.32,110.0,10.099999,63.0,2024-08-01,12,2843.8561165377273,2141.3810698613115,8.554605733871275,10.099999,1.0,-0.018404711121464325
2024-08-01,13,CENTRO,0.75,18.5,58.0,46.1,118.0,11.1,43.0,2024-08-01,13,1503.7017271044124,1200.7194397407325,7.349634364885593,11.1,1.0,-0.6027816966715697
2024-08-01,13,NORTE,0.9532762,10.428516,64.0,23.858929,99.0,3.7000003,110.0,2024-08-01,13,7302.341915456537,4133.184186014095,8.880346585971525,3.7000003,1.0,0.7442636793091589
2024-08-01,13,SURESTE,0.74999994,9.800001,41.0,25.3,109.0,15.0,88.0,2024-08-01,13,1752.278510465521,1419.0750225839145,8.53206259959769,15.0,1.0,-0.5304465151565371
2024-08-01,14,CENTRO,0.6700001,13.500001,51.0,40.89,105.0,12.3,43.0,2024-08-01,14,1349.1996258386625,1098.567563108061,7.378019972824526,12.300000000000002,1.0,-0.6840594858234027
2024-08-01,14,NORTE,0.9327434,9.092056,66.0,22.698547,94.0,3.7000003,106.0,2024-08-01,14,7277.788619534634,4120.903099533544,8.85557519137047,3.7000003,1.0,0.7378321182125607
2024-08-01,14,SURESTE,0.76,8.7,33.0,23.64,106.0,16.1,110.0,2024-08-01,14,1454.9836304033097,1186.3208433652112,8.53083391951494,16.1,1.0,-0.6699028450323404
2024-08-01,15,CENTRO,0.62,9.0,41.0,33.94,98.0,13.1,91.0,2024-08-01,15,1236.895391442358,1012.5911312635775,7.286765772268658,13.1,1.0,-0.7431385521230941
2024-08-01,15,NORTE,0.90656394,8.1819,47.0,19.370157,84.0,9.2,135.0,2024-08-01,15,3068.270736734133,2259.0597366540514,8.878183627315206,9.2,1.0,-0.36482112787578047
2024-08-01,15,SURESTE,0.78,9.7,31.0,23.64,98.0,17.7,113.0,2024-08-01,15,1298.6440892717412,1073.40310272904,8.545020572573627,17.7,1.0,-0.743239253032752
2024-08-01,16,CENTRO,0.59000003,8.6,36.0,31.39,86.0,14.6,108.0,2024-08-01,16,1139.498226548868,945.4118023043975,7.305929343675642,14.6,1.0,-0.79437556551868
2024-08-01,16,NORTE,0.87396353,8.009996,41.0,18.320372,77.0,13.900001,155.0,2024-08-01,16,1999.4623039877451,1591.0719141727475,8.892253828733876,13.900001,1.0,-0.644787889064677
2024-08-01,16,SURESTE,0.74999994,9.1,31.0,24.08,94.0,17.199999,121.0,2024-08-01,16,1264.474477437842,1038.685117045627,8.554789632329095,17.199999,1.0,-0.759267677937477
2024-08-01,17,CENTRO,0.6,8.000001,37.0,31.96,78.0,16.099998,115.0,2024-08-01,17,1048.9020797329322,882.4668931372598,7.37567215699113,16.099998,1.0,-0.8420348171311142
2024-08-01,17,NORTE,0.8499205,7.895376,36.0,18.1684,74.0,16.0,152.0,2024-08-01,17,1743.2321429305896,1421.5728344416818,8.885058415721055,16.0,1.0,-0.7119055559095672
2024-08-01,17,SURESTE,0.7099999,9.400001,30.0,25.24,94.0,18.4,125.0,2024-08-01,17,1157.9948423181231,959.2670840922116,8.581234274107535,18.4,1.0,-0.8092155919991096
2024-08-01,18,CENTRO,0.6300001,9.1,35.0,32.199997,76.0,15.7,94.0,2024-08-01,18,1055.6908493280023,884.4064179843856,7.481241223516928,15.699999999999998,1.0,-0.8384634988174596
2024-08-01,18,NORTE,0.8604195,8.242022,31.0,18.14937,71.0,15.1,149.0,2024-08-01,18,1846.9259686606802,1492.7876519028125,8.85040679587656,15.1,1.0,-0.6847436963513089
2024-08-01,18,SURESTE,0.68,9.1,29.0,25.21,76.0,19.199999,127.0,2024-08-01,18,1091.5086790839318,909.3385890375139,8.59570622516058,19.199999,1.0,-0.8404032004443801
2024-08-01,19,CENTRO,0.62,9.800001,31.0,31.189999,81.0,14.7,102.0,2024-08-01,19,1123.180050284032,932.8893534318776,7.372050251774448,14.699999999999998,1.0,-0.8029599490249891
2024-08-01,19,NORTE,0.91560733,9.281458,29.0,19.026249,71.0,16.800001,152.0,2024-08-01,19,1659.3497979915724,1364.779531340955,8.881103865408813,16.800001,1.0,-0.7338779390925494
2024-08-01,19,SURESTE,0.7,8.7,29.0,24.75,88.0,18.3,130.0,2024-08-01,19,1108.2245116079196,916.9957639770691,8.555859173579563,18.3,1.0,-0.8325620675795083
2024-08-01,20,CENTRO,0.6300001,10.000001,26.0,32.01,81.0,13.299999,104.0,2024-08-01,20,1199.668639096685,987.4839956742221,7.245773835577821,13.299999,1.0,-0.7627221571561078
2024-08-01,20,NORTE,0.96522737,11.283588,23.0,19.433304,67.0,15.4,159.0,2024-08-01,20,1792.7810682317333,1452.8717463341914,8.890412889059226,15.4,1.0,-0.6989265676157468
2024-08-01,20,SURESTE,0.68999994,10.000001,26.0,24.759998,82.0,17.099998,149.0,2024-08-01,20,965.0951898817801,785.8934422897601,8.574725795248744,17.099998,1.0,-0.899701770427279
2024-08-01,21,CENTRO,0.6300001,10.200001,23.0,33.059998,83.0,10.6,99.0,2024-08-01,21,1516.9312182469064,1198.5322403445084,7.269890306646218,10.6,1.0,-0.5958221551322855
2024-08-01,21,NORTE,1.0067319,12.750725,17.0,18.951918,64.0,9.9,167.0,2024-08-01,21,2792.4681101753285,2078.3883975440867,8.871396191758734,9.9,1.0,-0.4370656627421903
2024-08-01,21,SURESTE,0.6599999,9.400001,25.0,24.949999,86.0,18.2,152.0,2024-08-01,21,873.7651162507169,718.3116957356781,8.560639957477608,18.2,1.0,-0.9425432646138244
2024-08-01,22,CENTRO,0.61,9.800001,22.0,33.309998,85.0,8.599999,105.0,2024-08-01,22,1856.0219711942664,1404.7218465633941,7.288208417454341,8.599999,1.0,-0.4174391655444184
2024-08-01,22,NORTE,1.0480919,13.891892,12.000001,18.587692,64.0,6.3,167.0,2024-08-01,22,4451.015159613386,2959.562534558135,8.95994840863726,6.3,1.0,-0.0026210686651955022
2024-08-01,22,SURESTE,0.68,10.1,20.0,25.119999,125.0,15.2,141.0,2024-08-01,22,1191.438813292777,953.3750604180544,8.579744683053878,15.200000000000001,1.0,-0.7935275537536405
2024-08-01,23,CENTRO,0.6500001,12.8,17.000002,35.72,85.0,10.3,66.0,2024-08-01,23,1564.0859317376069,1231.481373437422,7.322583198585658,10.3,1.0,-0.5710158202720238
2024-08-01,23,NORTE,1.0247304,10.870668,13.0,18.38338,69.0,12.6,125.0,2024-08-01,23,2238.813110518193,1749.6527941383856,8.986725868567902,12.6,1.0,-0.582091648990961
2024-08-01,23,SURESTE,0.7199999,10.5,17.000002,25.8,108.0,17.8,116.0,2024-08-01,23,1278.782952694083,1055.155783082134,8.619041003501675,17.8,1.0,-0.7525557983217348
2024-08-02,0,CENTRO,0.58000004,8.700001,19.0,33.36,99.0,5.7,89.0,2024-08-02,0,2814.0641170019844,1943.1160272048369,7.431984904766082,5.7,1.0,0.08655105133680116
2024-08-02,0,NORTE,0.9981202,10.6090145,13.0,17.397747,62.0,11.8,126.0,2024-08-02,0,2417.3566372786263,1863.9135039979064,9.060627122155331,11.800000000000002,1.0,-0.5353234430273179
2024-08-02,0,SURESTE,0.6599999,7.4000006,14.000001,21.0,81.0,16.699999,108.0,2024-08-02,0,1450.3599836507508,1187.9680345989448,8.685709517270274,16.699999,1.0,-0.6720717246532042
2024-08-02,1,CENTRO,0.59000003,18.7,10.000002,31.72,90.0,6.2,30.0,2024-08-02,1,2931.011463860722,2024.8545238017464,7.551157269040138,6.2,1.0,0.14807268581283584
2024-08-02,1,NORTE,0.99568933,10.911643,15.0,16.004932,45.0,7.6,134.0,2024-08-02,1,3810.2836878327385,2671.7013187053685,9.098849885340151,7.599999999999999,1.0,-0.1704561169771577
2024-08-02,1,SURESTE,0.66999996,7.6000004,13.000001,20.75,72.0,11.9,114.0,2024-08-02,1,1959.4650952351724,1505.6688777014201,8.725790752232882,11.9,1.0,-0.43325856255731515
2024-08-02,2,CENTRO,0.59000003,22.1,8.0,31.09,84.0,8.599999,26.0,2024-08-02,2,2191.8463237721567,1632.000718005655,7.701968732328092,8.599999,1.0,-0.24077450728240546
2024-08-02,2,NORTE,0.9540025,12.412745,8.0,15.001769,59.0,6.2000003,295.0,2024-08-02,2,3945.921984748247,2495.7956499948186,9.19110413412054,6.2000003,1.0,-0.13492663057234425
2024-08-02,2,SURESTE,0.65,6.700001,12.000001,21.73,72.0,14.099999,98.0,2024-08-02,2,1839.5071278105265,1467.8832636880425,8.86483092011739,14.099999,1.0,-0.4895289492955651
2024-08-02,3,CENTRO,0.57000005,28.6,5.000002,30.279999,80.0,6.7,36.0,2024-08-02,3,2754.7059584491444,1924.3541636487075,7.86046314367428,6.7,1.0,0.05532493948606024
2024-08-02,3,NORTE,0.97082543,13.884744,5.0,15.192936,52.0,4.2,276.0,2024-08-02,3,6130.593117151787,3442.3244130920307,9.267470849274261,4.2,1.0,0.43733242209086565
2024-08-02,3,SURESTE,0.6599999,6.800001,11.000002,23.15,68.0,9.799999,103.0,2024-08-02,3,2577.4563962472853,1912.7783766785199,8.883653194480074,9.799999,1.0,-0.1433686098064045
2024-08-02,4,CENTRO,0.59000003,31.900002,4.000002,31.419998,91.0,5.6,49.0,2024-08-02,4,3187.3150924178785,2133.6464863696797,7.762718291847617,5.599999999999999,1.0,0.28290445903828076
2024-08-02,4,NORTE,0.9765525,15.108176,4.000002,15.796087,54.0,4.7,277.0,2024-08-02,4,5485.65958325915,3197.5091017238833,9.248965781137404,4.7,1.0,0.2683966735189089
2024-08-02,4,SURESTE,0.65,6.800001,12.000001,22.15,63.0,6.5999994,97.0,2024-08-02,4,3971.683153489255,2679.641531237275,8.926236797121984,6.599999399999999,1.0,0.5106411280636889
2024-08-02,5,CENTRO,0.74,19.1,5.000002,31.13,90.0,5.8999996,26.999992,2024-08-02,5,3128.2906916196207,2133.3054301575953,7.562495267010008,5.8999996,1.0,0.2518539246857258
2024-08-02,5,NORTE,0.92837673,16.188282,4.000002,16.415354,55.0,4.2,279.0,2024-08-02,5,6021.556637365485,3383.782082160845,9.136654268882278,4.2,1.0,0.4087710923315475
2024-08-02,5,SURESTE,0.66999996,12.0,7.000002,20.05,62.0,6.7,51.0,2024-08-02,5,4342.407520013312,2944.2645580977596,8.786402550475012,6.7,1.0,0.6845420695806047
2024-08-02,6,CENTRO,0.76,18.800001,5.000002,31.8,81.0,6.3999996,36.0,2024-08-02,6,2697.165394950074,1892.7493906331788,7.368326579182931,6.3999996,1.0,0.02505499655686435
2024-08-02,6,NORTE,0.95160735,17.088129,4.000002,17.252779,55.0,2.6000004,211.0,2024-08-02,6,10812.748916804274,5283.497267033114,8.998743787923114,2.6000004,1.0,1.6637898062660512
2024-08-02,6,SURESTE,0.68,14.700001,6.000002,19.05,61.0,5.9999995,60.0,2024-08-02,6,4858.341282060844,3208.210662927661,8.66871213677827,5.9999995,1.0,0.9265584436907429
2024-08-02,7,CENTRO,0.70000005,25.6,5.000002,33.239998,87.0,5.6,7.9999924,2024-08-02,7,3349.4919766854105,2277.6686491977352,7.253438409704912,5.599999999999999,1.0,0.3682196650892664
2024-08-02,7,NORTE,0.96852434,18.498411,5.0,17.706911,58.0,3.7000003,300.0,2024-08-02,7,6335.738548760492,3396.253156290436,8.962232172194069,3.7000003,1.0,0.491068807677389
2024-08-02,7,SURESTE,0.72999996,20.1,5.000002,20.59,61.0,4.2999997,32.0,2024-08-02,7,6241.223841901518,3697.772420341339,8.586351717381415,4.2999997,1.0,1.5752467978402684
2024-08-02,8,CENTRO,1.1,27.900002,7.000002,34.16,85.0,4.7,9.999992,2024-08-02,8,3948.4577312484585,2568.931300292773,7.2447589926050036,4.7,1.0,0.6833131939779639
2024-08-02,8,NORTE,1.0314804,18.453184,9.0,18.80716,67.0,3.0,277.0,2024-08-02,8,8257.00473095846,4131.688149023161,8.896937063423502,3.0,1.0,0.9943308085483672
2024-08-02,8,SURESTE,0.78,24.5,7.000002,24.59,66.0,3.3999996,93.0,2024-08-02,8,7573.861264982007,4181.867373103229,8.61654211000184,3.3999996,1.0,2.2003659523950443
2024-08-02,9,CENTRO,1.24,31.5,11.0,36.57,85.0,4.3,9.999992,2024-08-02,9,4331.6623808381555,2743.266760211597,7.291849896316463,4.3,1.0,0.8849028581714692
2024-08-02,9,NORTE,1.0424438,17.815245,15.0,20.411057,62.0,5.2,300.0,2024-08-02,9,4507.185567155153,2714.8760175617126,8.92927030510474,5.2,1.0,0.012092369769903837
2024-08-02,9,SURESTE,0.83,27.0,12.000001,26.849998,78.0,3.9999995,329.0,2024-08-02,9,5635.524216018156,3224.133679061707,8.578342542266208,3.9999995,1.0,1.291122675638214
2024-08-02,10,CENTRO,1.1700001,34.1,19.0,41.84,94.0,7.0,44.0,2024-08-02,10,2373.581468416587,1724.5498336523078,7.295765574387307,7.0,1.0,-0.14517043040010386
2024-08-02,10,NORTE,1.020126,17.80218,21.0,20.834297,81.0,3.5,309.0,2024-08-02,10,6368.043391163723,3348.7834849129677,8.897228440528632,3.5,1.0,0.4995308311993312
2024-08-02,10,SURESTE,0.84,25.1,22.0,26.289999,79.0,7.1999993,49.999992,2024-08-02,10,3948.534135412475,2735.2050270649734,8.633379236718842,7.1999993,1.0,0.49978228952418613
2024-08-02,11,CENTRO,0.88000005,31.1,26.0,40.32,104.0,8.599999,36.0,2024-08-02,11,1965.533492835772,1491.1774647794718,7.3165919127353165,8.599999,1.0,-0.3598292411954617
2024-08-02,11,NORTE,1.043876,15.83774,32.0,21.835224,67.0,3.4,125.0,2024-08-02,11,8210.423734721502,4523.664755668081,8.89313410694405,3.4,1.0,0.9821292481472172
2024-08-02,11,SURESTE,0.84999996,23.7,30.0,29.27,91.0,9.4,77.0,2024-08-02,11,2974.3002275434933,2203.7376999492544,8.627269610642472,9.4,1.0,0.04278455985074126
2024-08-02,12,CENTRO,0.77,25.0,40.0,39.76,111.0,10.799999,56.999996,2024-08-02,12,1501.5174365515397,1195.9925387780688,7.3683841053810015,10.799999,1.0,-0.6039307704093912
2024-08-02,12,NORTE,1.0144029,15.362533,42.0,22.635853,83.0,4.5,123.0,2024-08-02,12,6178.769012351163,3744.7674371157163,8.883693408534548,4.5,1.0,0.4499517549227441
2024-08-02,12,SURESTE,0.84,17.0,44.0,36.73,97.0,14.099999,84.0,2024-08-02,12,1917.5174543024998,1536.5127367774721,8.608384716957636,14.099999,1.0,-0.45293553799057656
2024-08-02,13,CENTRO,0.72,14.000001,65.0,40.72,98.0,10.3,56.0,2024-08-02,13,1568.5537352605784,1239.346619157668,7.40110216293976,10.3,1.0,-0.5686654755858548
2024-08-02,13,NORTE,0.90922654,7.699999,56.0,22.124895,86.0,4.7,106.0,2024-08-02,13,5752.538347367401,3520.911876326905,8.908043025237077,4.7,1.0,0.3383036661363706
2024-08-02,13,SURESTE,0.84,13.3,46.0,36.72,109.0,16.3,103.0,2024-08-02,13,1502.8310956284483,1231.0576764920486,8.56996497725303,16.3,1.0,-0.6474583552625817
2024-08-02,14,CENTRO,0.64,11.1,44.0,34.329998,95.0,14.2,68.0,2024-08-02,14,1147.0010729309145,950.8681880785414,7.456386400370505,14.199999999999998,1.0,-0.7904285980581557
2024-08-02,14,NORTE,0.9131395,16.3,57.0,20.488886,107.0,8.2,138.0,2024-08-02,14,3428.032227011256,2460.7266077968197,8.872624552771168,8.2,1.0,-0.2705841662768103
2024-08-02,14,SURESTE,0.7899999,9.600001,29.0,27.529999,101.0,17.4,107.0,2024-08-02,14,1375.2670463395361,1136.5235099657486,8.544088509215953,17.4,1.0,-0.7072966347990647
2024-08-02,15,CENTRO,0.58000004,9.2,33.0,26.519999,81.0,13.299999,100.0,2024-08-02,15,1250.5136535137538,1021.7798916107845,7.402461861506469,13.299999,1.0,-0.735974492707815
2024-08-02,15,NORTE,0.87681067,14.799998,40.0,17.122923,89.0,11.3,147.0,2024-08-02,15,2485.6276532834654,1905.8346336427376,8.868070109903723,11.300000000000002,1.0,-0.5174403363373415
2024-08-02,15,SURESTE,0.76,9.1,27.0,28.869999,82.0,15.699999,122.0,2024-08-02,15,1374.1074726109157,1111.6019454456905,8.537250400878971,15.699998999999998,1.0,-0.7078405725095963
2024-08-02,16,CENTRO,0.55999994,8.200001,31.0,24.869999,68.0,14.1,130.0,2024-08-02,16,1248.6977234322178,1014.3434962127809,7.461456510181559,14.1,1.0,-0.7369297857496079
2024-08-02,16,NORTE,0.88519734,17.099998,38.0,16.080408,73.0,11.1,133.0,2024-08-02,16,2524.0549774949386,1935.5352255771495,8.81665608347658,11.1,1.0,-0.5073745722855018
2024-08-02,16,SURESTE,0.72999996,10.800001,27.0,20.949999,72.0,15.299999,123.0,2024-08-02,16,1394.6416454507696,1124.0643290682249,8.57499887730765,15.299999000000001,1.0,-0.6982083165464859
2024-08-02,17,CENTRO,0.59000003,9.5,33.0,22.91,64.0,12.6,112.0,2024-08-02,17,1356.0069549975485,1096.366828717654,7.4587149460773725,12.6,1.0,-0.6804784040159042
2024-08-02,17,NORTE,0.9146132,19.8,37.0,15.85852,71.0,12.7,142.0,2024-08-02,17,2208.512952922221,1737.133630894194,8.858713374923763,12.699999999999998,1.0,-0.5900285595969708
2024-08-02,17,SURESTE,0.7,9.000001,28.0,18.43,62.0,15.0,141.0,2024-08-02,17,1208.6053716747772,965.4952792405778,8.570976024065434,15.0,1.0,-0.7854749925119148
2024-08-02,18,CENTRO,0.61,9.2,32.0,21.289999,61.0,12.6,119.0,2024-08-02,18,1387.3110912070556,1116.4230701530105,7.516439611126781,12.6,1.0,-0.6640104662883763
2024-08-02,18,NORTE,0.9529211,21.5,33.0,15.523196,60.0,11.4,134.0,2024-08-02,18,2467.8870605339253,1901.6086567383138,8.846717896938777,11.4,1.0,-0.5220873583307005
2024-08-02,18,SURESTE,0.7099999,9.1,28.0,17.359999,53.0,13.9,131.0,2024-08-02,18,1450.1059994008724,1145.8971991336389,8.600695533471713,13.9,1.0,-0.6721908646509293
2024-08-02,19,CENTRO,0.59000003,9.400002,30.0,19.439999,55.0,12.5,118.0,2024-08-02,19,1358.8310382419947,1099.6237378118033,7.380057689723902,12.5,1.0,-0.6789927592213748
2024-08-02,19,NORTE,0.97969985,21.599998,29.0,15.1665325,42.0,13.900001,144.0,2024-08-02,19,2008.3156334434857,1605.2319748151556,8.814210238810386,13.900001,1.0,-0.6424688224316669
2024-08-02,19,SURESTE,0.72999996,10.600001,25.0,17.949999,56.0,11.799999,140.0,2024-08-02,19,1551.7066552009765,1185.7759587810644,8.60484592791341,11.799999000000001,1.0,-0.624531602682165
2024-08-02,20,CENTRO,0.62,10.6,26.0,20.64,56.0,11.299999,96.0,2024-08-02,20,1415.0325805657178,1134.3205001612857,7.278668227863809,11.299999,1.0,-0.6494272253576098
2024-08-02,20,NORTE,1.0166619,21.699999,23.0,14.93785,39.0,12.6,140.0,2024-08-02,20,2227.655995077589,1750.5081041709402,8.864762696480998,12.6,1.0,-0.5850141759643777
2024-08-02,20,SURESTE,0.73999995,11.700001,21.0,13.92,60.0,10.2,141.0,2024-08-02,20,1768.435863124494,1312.6159102929892,8.549374927089056,10.2,1.0,-0.5228673563702912
2024-08-02,21,CENTRO,0.64,11.6,21.0,19.359999,50.0,9.1,128.0,2024-08-02,21,1819.173804495164,1388.2192684364031,7.253401589796228,9.1,1.0,-0.43682361079833654
2024-08-02,21,NORTE,1.0573936,22.699999,19.0,15.016598,28.999996,10.8,141.0,2024-08-02,21,2600.016798604718,1982.3159404785142,8.88925657770525,10.800000000000002,1.0,-0.48747691394136927
2024-08-02,21,SURESTE,0.72999996,11.5,20.0,13.23,47.0,9.2,145.0,2024-08-02,21,1865.994928737411,1350.8976552666122,8.534135537354388,9.2,1.0,-0.47710394048622656
2024-08-02,22,CENTRO,0.61,9.700001,21.0,20.48,54.0,9.6,131.0,2024-08-02,22,1714.4327684571763,1330.9888842879043,7.230313653804367,9.6,1.0,-0.49192396071524286
2024-08-02,22,NORTE,1.1027923,25.099998,13.0,15.475786,25.0,7.2000003,155.0,2024-08-02,22,3868.1945896901943,2672.9452446451583,8.89842640728277,7.2000003,1.0,-0.155286768444887
2024-08-02,22,SURESTE,0.72999996,11.3,20.0,12.379999,33.0,7.4999995,139.0,2024-08-02,22,2461.35611432883,1698.7235618029783,8.553963945312105,7.4999995,1.0,-0.19782941723943467
2024-08-02,23,CENTRO,0.61,9.0,21.0,21.23,61.0,8.0,113.0,2024-08-02,23,2038.7962013101776,1525.7215629665614,7.287454635758022,8.0,1.0,-0.32128846457629623
2024-08-02,23,NORTE,1.1384667,28.4,8.0,15.938397,36.0,6.0,178.0,2024-08-02,23,4683.321647741031,3070.6867216664014,8.940115429990088,6.0,1.0,0.058229962344302694
2024-08-02,23,SURESTE,0.72999996,11.5,19.0,11.029999,40.0,7.1999993,124.0,2024-08-02,23,2958.117505470828,2026.4638074837167,8.569205887877393,7.1999993,1.0,0.03519350067346304
2024-08-03,0,CENTRO,0.59000003,8.300001,22.0,20.519999,55.0,8.599999,125.0,2024-08-03,0,1917.560228626318,1445.3695279271067,7.337548374690805,8.599999,1.0,-0.3850661850389275
2024-08-03,0,NORTE,1.1324829,29.699999,5.0,16.247042,35.0,6.0,173.0,2024-08-03,0,4697.5451738635875,3076.1114759604,8.959579931196755,6.0,1.0,0.06195571376917269
2024-08-03,0,SURESTE,0.62999994,8.400001,24.0,17.0,33.0,7.9999995,164.0,2024-08-03,0,1794.593457926456,1244.9046559734393,8.60725494391438,7.9999995,1.0,-0.5105972420356728
2024-08-03,1,CENTRO,0.6,8.300001,22.0,21.42,54.0,8.099999,109.0,2024-08-03,1,2012.6209227556149,1503.3504492008,7.412052619955962,8.099999,1.0,-0.33505830171067225
2024-08-03,1,NORTE,1.0993919,30.599998,7.0,15.985694,41.0,6.8,88.0,2024-08-03,1,3694.204441291396,2483.3765428254815,9.006398107859296,6.8,1.0,-0.20086224935760685
2024-08-03,1,SURESTE,0.7199999,11.200001,17.000002,11.2,35.0,13.799999,100.0,2024-08-03,1,1818.7001599138591,1447.9152436041836,8.656322549208985,13.799999000000001,1.0,-0.4992891691086534
2024-08-03,2,CENTRO,0.6300001,9.5,16.0,23.619999,59.0,3.8999999,32.999992,2024-08-03,2,4560.3681351469895,2757.6423346267993,7.487171206234125,3.8999999,1.0,1.0052164197621367
2024-08-03,2,NORTE,1.0503966,25.699999,15.0,15.534986,42.0,7.2000003,187.0,2024-08-03,2,3967.5595186217643,2731.1919849957753,9.02297921254393,7.2000003,1.0,-0.12925883258995208
2024-08-03,2,SURESTE,0.7,9.600001,17.000002,16.769999,55.0,9.099999,75.0,2024-08-03,2,3111.5363221364437,2285.338542508249,8.654882060214723,9.099999,1.0,0.10715984298517185
2024-08-03,3,CENTRO,0.6700001,25.400002,6.000002,26.449999,62.0,5.1,328.0,2024-08-03,3,4336.319530360703,2804.1401872132415,7.549842145591136,5.1,1.0,0.8873528107212476
2024-08-03,3,NORTE,0.96699643,24.5,7.0,15.672195,43.0,3.2000003,271.0,2024-08-03,3,8015.151829536325,4105.102028656969,9.0760159703815,3.2000003,1.0,0.930979162527663
2024-08-03,3,SURESTE,0.72999996,12.700001,12.000001,18.31,58.0,6.0999994,44.0,2024-08-03,3,4664.816904780941,3065.9339911060715,8.76118163442592,6.099999399999999,1.0,0.8357792167114283
2024-08-03,4,CENTRO,0.76,29.7,4.000002,28.099998,77.0,4.5,353.0,2024-08-03,4,4833.468011768202,3019.5598664343256,7.676203403608932,4.5,1.0,1.1488840722248748
2024-08-03,4,NORTE,0.9211359,23.599998,7.0,15.943598,50.0,4.3,297.0,2024-08-03,4,5624.407031817767,3167.5675307170022,9.13979311800982,4.3,1.0,0.3047405800657207
2024-08-03,4,SURESTE,0.72999996,12.6,10.000002,19.66,58.0,5.8999996,48.0,2024-08-03,4,4903.900687794271,3204.836014642381,8.778309227025298,5.899999600000001,1.0,0.9479296409127633
2024-08-03,5,CENTRO,0.92,28.0,5.000002,26.23,75.0,3.6,343.0,2024-08-03,5,6175.404329867071,3580.897252315552,7.635391689135006,3.6,1.0,1.8548266854584836
2024-08-03,5,NORTE,0.91635036,27.5,3.0,17.205666,47.0,8.3,283.0,2024-08-03,5,3038.9699553282862,2091.011119479795,9.1487057125871,8.3,1.0,-0.37249625900233785
2024-08-03,5,SURESTE,0.7099999,12.900001,7.000002,19.75,56.0,3.5999994,342.0,2024-08-03,5,6539.402873332107,3598.749267173022,8.797092116118288,3.5999994000000006,1.0,1.7151178691501079
2024-08-03,6,CENTRO,1.0400001,33.7,5.000002,26.39,79.0,3.0,33.999992,2024-08-03,6,5853.930230767748,3238.5873626560506,7.428529707740947,3.0,1.0,1.6857111599716952
2024-08-03,6,NORTE,0.9448294,27.599998,3.0,17.049038,50.0,8.4,278.0,2024-08-03,6,2987.8761643375087,2071.1109156356056,9.025771049283764,8.4,1.0,-0.3858799138672173
2024-08-03,6,SURESTE,0.84999996,25.7,3.000002,17.449999,52.0,2.6999998,246.0,2024-08-03,6,5932.545624218838,2818.100952142193,8.687001260721706,2.6999998,1.0,1.4304507241856435
2024-08-03,7,CENTRO,0.82000005,28.800001,5.000002,28.5,78.0,2.5,293.0,2024-08-03,7,8436.953247294467,4298.155471238773,7.3160155126520445,2.5,1.0,3.0445431654373105
2024-08-03,7,NORTE,0.92397267,25.0,5.0,17.361572,44.0,6.2000003,302.0,2024-08-03,7,3770.4618520438767,2392.8462030444643,8.990702353473043,6.2000003,1.0,-0.1808871634105733
2024-08-03,7,SURESTE,1.0799999,41.4,3.000002,17.59,55.0,4.7,297.0,2024-08-03,7,4664.9681653152975,2818.2618328169588,8.620353731767436,4.7,1.0,0.8358501706376179
2024-08-03,8,CENTRO,0.80999994,27.7,8.0,40.329998,78.0,5.1,335.0,2024-08-03,8,4080.000984371812,2692.745857626271,7.216384780307524,5.1,1.0,0.7525131899917155
2024-08-03,8,NORTE,0.9883784,25.4,8.0,18.295408,44.0,5.2,313.0,2024-08-03,8,4199.894784391103,2520.474149563779,8.90047674303183,5.2,1.0,-0.06840026348205126
2024-08-03,8,SURESTE,1.0799999,50.8,5.000002,20.119999,73.0,6.9999995,303.0,2024-08-03,8,3142.545741897993,2134.4701306007246,8.553363341737978,6.9999995,1.0,0.12170587173150939
2024-08-03,9,CENTRO,0.83000004,28.300001,17.000002,38.66,84.0,3.6,21.999992,2024-08-03,9,4886.27386346221,2946.362673165977,7.2162009184293865,3.6,1.0,1.176663259982239
2024-08-03,9,NORTE,1.039806,29.199999,12.000001,18.828047,52.0,4.7,307.0,2024-08-03,9,4776.1388534334765,2785.542789105653,8.890602872039057,4.7,1.0,0.08254276870338548
2024-08-03,9,SURESTE,1.2199999,60.699997,9.000002,28.25,97.0,6.4999995,297.0,2024-08-03,9,3357.111523921838,2232.175602132999,8.543581432411019,6.4999995,1.0,0.22235528914399721
2024-08-03,10,CENTRO,0.93,29.2,26.0,35.41,95.0,4.8999996,7.0,2024-08-03,10,3819.101995222031,2512.0157981723282,7.231392583439273,4.8999996,1.0,0.6152639690664392
2024-08-03,10,NORTE,1.1295123,29.099998,28.0,19.412193,79.0,6.2000003,289.0,2024-08-03,10,3856.73862167446,2456.415753996691,8.860360349905687,6.2000003,1.0,-0.1582875777231291
2024-08-03,10,SURESTE,1.0799999,33.3,21.0,30.619999,105.0,6.2999997,356.0,2024-08-03,10,3677.180563329008,2432.0971618148415,8.531785336091636,6.2999997,1.0,0.37249461725236355
2024-08-03,11,CENTRO,1.1400001,28.6,41.0,30.779999,93.0,6.5,37.0,2024-08-03,11,2595.450388509564,1847.6323789890598,7.319616950450131,6.5,1.0,-0.028453472126220087
2024-08-03,11,NORTE,1.1612296,26.099998,50.0,18.697145,69.0,2.2000003,232.0,2024-08-03,11,11892.147119983845,5334.496317912764,8.871832733314937,2.2000003,1.0,1.9465304824420273
2024-08-03,11,SURESTE,0.84999996,24.8,39.0,24.56,91.0,6.0999994,54.0,2024-08-03,11,4665.516265980267,3104.8394949087274,8.544398111561039,6.099999399999999,1.0,0.8361072759975325
2024-08-03,12,CENTRO,0.72,18.900002,55.0,23.98,92.0,9.4,75.0,2024-08-03,12,1720.5885582190344,1327.5343677588924,7.339069418005464,9.4,1.0,-0.4886856294677815
2024-08-03,12,NORTE,1.0992962,23.699999,55.0,16.728945,70.0,3.7000003,136.0,2024-08-03,12,7601.319843420244,4345.055310814026,8.848268569267503,3.7000003,1.0,0.8225788194169914
2024-08-03,12,SURESTE,0.84,14.500001,47.0,22.259998,85.0,13.099999,98.0,2024-08-03,12,1899.6166971009704,1503.2278001572872,8.492781196949794,13.099999,1.0,-0.4613325002954799
2024-08-03,13,CENTRO,0.6,10.700001,58.0,15.509999,69.0,12.7,67.0,2024-08-03,13,1281.3601608524482,1043.1438443482684,7.33331281765582,12.699999999999998,1.0,-0.7197472964496068
2024-08-03,13,NORTE,0.98354095,22.199999,61.0,15.144814,48.0,6.6000004,144.0,2024-08-03,13,4246.72783448182,2882.0095270880233,8.840863752624616,6.6000004,1.0,-0.05613267936802644
2024-08-03,13,SURESTE,0.7199999,10.3,41.0,20.25,63.0,15.4,97.0,2024-08-03,13,1623.2942763065773,1321.5500839446775,8.482446981876995,15.4,1.0,-0.5909509809713653
2024-08-03,14,CENTRO,0.57000005,10.1,55.0,15.69,61.0,14.4,53.999996,2024-08-03,14,1127.7327511500168,941.051534382703,7.357897995090022,14.4,1.0,-0.8005649430151975
2024-08-03,14,NORTE,0.9083652,21.199999,64.0,15.449449,50.0,10.5,156.0,2024-08-03,14,2621.3688878849857,1979.174572349892,8.816831890319154,10.5,1.0,-0.48188388613838684
2024-08-03,14,SURESTE,0.68,9.800001,46.0,17.91,57.0,13.4,135.0,2024-08-03,14,1422.1090502273883,1117.6075487077283,8.518523075944405,13.4,1.0,-0.68532379105261
2024-08-03,15,CENTRO,0.5500001,9.3,53.0,16.72,61.0,12.3,96.0,2024-08-03,15,1315.8288564004663,1065.9343246249348,7.250192395543256,12.300000000000002,1.0,-0.7016146021617033
2024-08-03,15,NORTE,0.86900824,21.3,72.0,15.902683,56.0,9.8,149.0,2024-08-03,15,2820.2770274731156,2104.4748706614496,8.793937529621918,9.8,1.0,-0.4297813147996636
2024-08-03,15,SURESTE,0.7,10.700001,41.0,18.13,60.0,14.2,130.0,2024-08-03,15,1410.0398280292065,1121.0588735416081,8.440467902141235,14.200000000000001,1.0,-0.6909852724473174
2024-08-03,16,CENTRO,0.5300001,7.7,51.0,15.08,50.0,12.4,125.0,2024-08-03,16,1342.2541995947288,1081.0475857398615,7.233991552254138,12.4,1.0,-0.6877132153532883
2024-08-03,16,NORTE,0.8662348,21.699999,59.0,14.187738,43.0,9.0,140.0,2024-08-03,16,3091.865242165474,2271.455896346881,8.798112160604836,9.0,1.0,-0.3586407151235228
2024-08-03,16,SURESTE,0.7,9.600001,35.0,22.5,55.0,13.7,127.0,2024-08-03,16,1516.2090862000327,1196.2627105630588,8.487598544991156,13.700000000000001,1.0,-0.6411829513073039
2024-08-03,17,CENTRO,0.5300001,7.7,44.0,13.59,45.0,12.3,125.0,2024-08-03,17,1338.3558718182078,1082.9163388553764,7.2054555042377535,12.300000000000002,1.0,-0.6897639801032112
2024-08-03,17,NORTE,0.86547863,22.4,48.0,12.898403,33.0,10.5,141.0,2024-08-03,17,2663.775525220047,2019.637834004959,8.822293103193719,10.5,1.0,-0.470775769338539
2024-08-03,17,SURESTE,0.73999995,9.800001,32.0,19.07,42.0,13.299999,127.0,2024-08-03,17,1549.7941532471946,1219.1506843543427,8.463905194577709,13.299999000000001,1.0,-0.6254287271240623
2024-08-03,18,CENTRO,0.53999996,7.5,43.0,13.84,43.0,12.7,124.0,2024-08-03,18,1286.8104517625943,1048.8160418085265,7.202561255412831,12.699999999999998,1.0,-0.7168801018174182
2024-08-03,18,NORTE,0.8699007,22.8,42.0,12.696272,28.999996,12.6,145.0,2024-08-03,18,2223.412194290382,1744.7961775929346,8.790821789734352,12.6,1.0,-0.5861258093732499
2024-08-03,18,SURESTE,0.68,9.200001,31.0,14.389999,32.0,13.599999,137.0,2024-08-03,18,1382.5356089373347,1086.67626079968,8.489354545663847,13.599999,1.0,-0.703887066954676
2024-08-03,19,CENTRO,0.5300001,7.0,43.0,13.92,43.0,12.3,107.0,2024-08-03,19,1314.0959524541809,1064.1207950206856,7.271478480276258,12.300000000000002,1.0,-0.7025262182524405
2024-08-03,19,NORTE,0.91489977,23.199999,35.0,13.115101,17.0,12.2,138.0,2024-08-03,19,2297.609168069656,1794.9526954798305,8.838868727467801,12.199999999999998,1.0,-0.5666904402251756
2024-08-03,19,SURESTE,0.66999996,9.800001,29.0,12.219999,39.0,11.7,151.0,2024-08-03,19,1361.756809649643,1036.962432717208,8.49278050511742,11.700000000000001,1.0,-0.7136340733184622
2024-08-03,20,CENTRO,0.58000004,10.3,31.0,15.7699995,42.0,12.5,81.0,2024-08-03,20,1253.3764315173253,1023.7098968873929,7.232933623936462,12.5,1.0,-0.7344684920446747
2024-08-03,20,NORTE,0.9752347,23.9,30.0,13.903285,23.999996,12.1,139.0,2024-08-03,20,2323.3473757003853,1810.8300364619986,8.842188698754473,12.1,1.0,-0.5599484999406414
2024-08-03,20,SURESTE,0.7199999,12.1,24.0,10.809999,30.0,9.299999,146.0,2024-08-03,20,1818.1203626773527,1319.1141582163525,8.49001069758145,9.299999,1.0,-0.49956114282935254
2024-08-03,21,CENTRO,0.59000003,10.900001,25.0,15.88,50.0,10.4,95.0,2024-08-03,21,1518.4818547670773,1201.7273575901431,7.245332420155862,10.4,1.0,-0.5950064231318463
2024-08-03,21,NORTE,1.0399108,24.5,24.0,15.638924,22.0,10.8,139.0,2024-08-03,21,2600.9417067276386,1983.465930674462,8.840659044896315,10.800000000000002,1.0,-0.4872346408420582
2024-08-03,21,SURESTE,0.74999994,11.900001,23.0,13.0,36.0,8.599999,137.0,2024-08-03,21,2193.0215935329397,1564.4307132895813,8.522812946154922,8.599999,1.0,-0.3237009002644589
2024-08-03,22,CENTRO,0.64,11.6,26.0,30.16,51.0,8.5,131.0,2024-08-03,22,1931.6831116284618,1455.828342830956,7.213350426256528,8.5,1.0,-0.37763666338543317
2024-08-03,22,NORTE,1.068262,26.199999,20.0,15.780796,28.999996,9.0,160.0,2024-08-03,22,3063.7970532867544,2233.746974198496,8.862887144745883,9.0,1.0,-0.3659929774111819
2024-08-03,22,SURESTE,0.6599999,9.900001,24.0,14.179999,41.0,8.9,172.0,2024-08-03,22,1511.2309937236105,1076.2954129161228,8.5298270546973,8.9,1.0,-0.6435180958156752
2024-08-03,23,CENTRO,0.59000003,9.1,27.0,14.509999,45.0,8.0,100.0,2024-08-03,23,2011.2256664288195,1502.1308613377848,7.316432444938297,8.0,1.0,-0.33579229399047283
2024-08-03,23,NORTE,1.0878352,26.699999,21.0,15.796324,23.999996,8.4,165.0,2024-08-03,23,3318.4196915395064,2376.8638711463327,8.877610293839863,8.4,1.0,-0.29929638972257216
2024-08-03,23,SURESTE,0.6399999,9.7,25.0,11.389999,32.0,6.1999993,170.0,2024-08-03,23,2217.133518545386,1438.2895552744292,8.56062944573397,6.1999993,1.0,-0.312390377298935
2024-08-04,0,CENTRO,0.55999994,8.1,27.0,14.71,40.0,8.3,100.0,2024-08-04,0,2061.1489787178334,1534.2272192872638,7.779842591515862,8.3,1.0,-0.30952950263200285
2024-08-04,0,NORTE,1.1351597,29.599998,14.000001,15.456393,32.0,6.3,137.0,2024-08-04,0,4606.437287038194,3079.6159512336385,9.088773071255082,6.3,1.0,0.03809065132039762
2024-08-04,0,SURESTE,0.66999996,9.3,24.0,11.079999,36.0,11.5,128.0,2024-08-04,0,1845.936964433376,1404.055312746088,8.852316311467975,11.5,1.0,-0.4865128145510449
2024-08-04,1,CENTRO,0.6500001,12.6,18.0,18.41,42.0,5.8999996,42.0,2024-08-04,1,3012.431161205641,2063.430259419189,7.747345491549888,5.8999996,1.0,0.19090454984181637
2024-08-04,1,NORTE,1.1037854,26.5,22.0,13.92473,38.0,8.0,147.0,2024-08-04,1,3611.259345777702,2560.1320327350104,9.117453162562159,8.0,1.0,-0.22258912672495898
2024-08-04,1,SURESTE,0.76,13.700001,15.000001,12.799999,45.0,8.7,113.0,2024-08-04,1,2713.68895358148,1949.993150786285,8.867247384532233,8.7,1.0,-0.07946407014044679
2024-08-04,2,CENTRO,0.65999997,15.400001,12.000002,19.279999,48.0,6.8999996,32.0,2024-08-04,2,2654.946433154177,1885.8569043467623,7.752383745957159,6.8999996,1.0,0.00284517645122088
2024-08-04,2,NORTE,1.0893089,26.0,15.0,13.893051,33.0,7.8,212.0,2024-08-04,2,3646.802174301655,2543.277725252623,9.129605668745706,7.8,1.0,-0.21327893578665014
2024-08-04,2,SURESTE,0.74999994,10.600001,14.000001,14.349999,46.0,10.799999,86.0,2024-08-04,2,2537.0765661679643,1929.6321385087556,8.870445334119674,10.799999,1.0,-0.16231014994558313
2024-08-04,3,CENTRO,0.68000007,25.300001,6.000002,23.31,53.0,4.7,6.0,2024-08-04,3,4409.784773343051,2786.162619242599,7.847779376666401,4.7,1.0,0.9260001331860531
2024-08-04,3,NORTE,1.0744939,26.099998,9.0,14.968229,35.0,4.5,261.0,2024-08-04,3,5856.223185077797,3413.013390269749,9.1665237810664,4.5,1.0,0.36546317134684636
2024-08-04,3,SURESTE,0.74999994,11.900001,11.000002,17.529999,61.0,3.9999995,28.0,2024-08-04,3,6905.390590771483,3948.5721917204205,8.923989849027773,3.9999995,1.0,1.8867969234380175
2024-08-04,4,CENTRO,0.73,23.0,4.000002,24.019999,76.0,1.7999997,260.0,2024-08-04,4,12567.68438853116,5395.938718134435,8.025615840039992,1.7999997,1.0,5.217566651783726
2024-08-04,4,NORTE,1.0250816,26.9,4.000002,15.46396,14.0,4.9,289.0,2024-08-04,4,5087.792412173472,2988.849938482209,9.210207904935103,4.9,1.0,0.16417820006803852
2024-08-04,4,SURESTE,0.77,15.5,8.000002,18.57,45.0,3.0999994,291.0,2024-08-04,4,7302.712010489879,3768.3153217545246,8.958810321007563,3.0999994000000006,1.0,2.0731741222763436
2024-08-04,5,CENTRO,0.75,21.5,4.000002,21.949999,67.0,2.6,232.0,2024-08-04,5,8509.058682361421,4245.534289028354,8.054958649763083,2.6,1.0,3.082475143708549
2024-08-04,5,NORTE,0.9528372,26.3,4.000002,16.07426,17.999996,8.6,299.0,2024-08-04,5,2830.334263493935,1958.8364686620691,9.240573747207776,8.6,1.0,-0.42714689341132744
2024-08-04,5,SURESTE,0.7899999,17.9,7.000002,15.629999,40.0,1.8000002,296.0,2024-08-04,5,12858.294611567424,5300.846989041171,8.978604543514402,1.8000002,1.0,4.679210121638387
2024-08-04,6,CENTRO,0.75,18.400002,5.000002,21.619999,84.0,3.2999997,311.0,2024-08-04,6,6962.1896440224355,3864.887310594078,7.853926515143756,3.2999996999999994,1.0,2.2687250748511625
2024-08-04,6,NORTE,0.99865323,25.099998,5.0,17.22878,47.0,6.6000004,287.0,2024-08-04,6,3794.8648457203044,2449.250499787678,9.18553091743829,6.6000004,1.0,-0.17449497291732732
2024-08-04,6,SURESTE,0.80999994,24.4,3.000002,13.4,44.0,5.1999993,306.0,2024-08-04,6,4483.084220928323,2772.2818577087296,8.901970720857326,5.1999993,1.0,0.7505312867663773
2024-08-04,7,CENTRO,0.75,18.900002,5.000002,25.029999,89.0,2.5,328.0,2024-08-04,7,9033.108402027827,4596.5604980140815,7.866674910336774,2.5,1.0,3.3581581426527554
2024-08-04,7,NORTE,1.0714289,27.3,5.0,17.947485,58.0,5.3,261.0,2024-08-04,7,5005.468678630858,3067.779627677722,9.17615215024167,5.3,1.0,0.14261408404616183
2024-08-04,7,SURESTE,0.84999996,23.7,4.0,16.0,57.0,5.4999995,283.0,2024-08-04,7,3858.9893739969343,2410.3257509086625,8.878228924050184,5.4999995,1.0,0.45777825708339
2024-08-04,8,CENTRO,0.6500001,18.2,16.0,17.619999,84.0,3.6999998,238.0,2024-08-04,8,5785.030526286071,3336.291825992288,7.758003929487098,3.6999998,1.0,1.6494655969171637
2024-08-04,8,NORTE,1.0958099,27.099998,12.000001,17.198305,47.0,6.2000003,306.0,2024-08-04,8,3748.7582378363973,2371.4578210742116,9.131930036079359,6.2000003,1.0,-0.18657227066608756
2024-08-04,8,SURESTE,1.02,29.0,9.000002,22.58,67.0,8.4,277.0,2024-08-04,8,2411.8315773283252,1683.582805014454,8.869166063801183,8.4,1.0,-0.2210605948750655
2024-08-04,9,CENTRO,0.55999994,14.200001,28.0,14.0,77.0,5.3999996,216.0,2024-08-04,9,3819.525272627642,2489.208093403521,7.731881082502514,5.3999996,1.0,0.6154866395119811
2024-08-04,9,NORTE,1.1732002,30.199999,18.0,16.645271,41.0,4.4,306.0,2024-08-04,9,5278.228983938639,2991.3027465608748,9.114204763971932,4.4,1.0,0.2140617045160819
2024-08-04,9,SURESTE,0.7099999,17.400002,26.0,22.05,64.0,7.8999996,269.0,2024-08-04,9,2409.5142083018504,1654.3065925218682,8.842304488157653,7.899999600000001,1.0,-0.22214763606236215
2024-08-04,10,CENTRO,0.88000005,20.2,36.0,18.59,47.0,5.7999997,352.0,2024-08-04,10,3706.8521406298355,2513.4110278239946,7.678745686998764,5.7999997,1.0,0.5562135099521277
2024-08-04,10,NORTE,1.1829243,30.599998,34.0,16.177479,51.0,2.4,287.0,2024-08-04,10,10309.19241103727,4651.600655814999,9.096909644878274,2.4,1.0,1.5318867638911615
2024-08-04,10,SURESTE,0.7199999,21.2,34.0,13.66,50.0,5.5999994,322.0,2024-08-04,10,4151.628011024399,2615.5530920452547,8.813960124374914,5.5999994,1.0,0.5950504169374974
2024-08-04,11,CENTRO,0.85,30.5,39.0,23.949999,62.0,7.8999996,49.0,2024-08-04,11,2184.844851824578,1617.0602447518559,7.653766456349165,7.8999996,1.0,-0.24445772036524208
2024-08-04,11,NORTE,1.2236674,29.199999,49.0,16.700695,56.0,2.6000004,149.0,2024-08-04,11,10952.834942152585,5455.970441751923,9.05806176039076,2.6000004,1.0,1.7004843434749457
2024-08-04,11,SURESTE,0.83,22.7,46.0,13.709999,53.0,9.5,75.0,2024-08-04,11,3018.6182342374595,2236.455263799128,8.799704412430902,9.5,1.0,0.06357343640205797
2024-08-04,12,CENTRO,0.6700001,12.6,63.0,19.019999,65.0,10.6,73.0,2024-08-04,12,1577.3153916715778,1242.0487313527547,7.688232864031826,10.6,1.0,-0.5640562951503789
2024-08-04,12,NORTE,1.086374,26.5,64.0,16.06349,58.0,4.6000004,112.0,2024-08-04,12,6021.563865273894,3653.0121050020075,9.055329670116507,4.6000004,1.0,0.40877298563070724
2024-08-04,12,SURESTE,0.90999997,14.8,55.0,17.05,59.0,13.4,95.0,2024-08-04,12,1950.3441901196447,1544.7379073067314,8.80351903442539,13.4,1.0,-0.43753703500289093
2024-08-04,13,CENTRO,0.65999997,9.700001,70.0,19.949999,63.0,12.6,55.0,2024-08-04,13,1343.6459772048058,1091.2532252317608,7.6369839913250415,12.6,1.0,-0.6869810530965207
2024-08-04,13,NORTE,0.99704176,25.4,60.0,15.065276,56.0,8.9,126.0,2024-08-04,13,3181.3896700709984,2317.84471910768,9.033040120191004,8.9,1.0,-0.33519042846776076
2024-08-04,13,SURESTE,0.77,10.1,50.0,21.9,64.0,13.5,102.0,2024-08-04,13,1860.6169448231346,1475.2780745048294,8.790175195111257,13.5,1.0,-0.47962666774832796
2024-08-04,14,CENTRO,0.57000005,7.5,58.0,15.679999,58.0,13.799999,65.0,2024-08-04,14,1214.2071463877037,1000.5957377126671,7.657321730883377,13.799999,1.0,-0.7550739910761571
2024-08-04,14,NORTE,0.9281774,24.5,58.0,14.54921,46.0,9.5,145.0,2024-08-04,14,3012.8583145778052,2229.686552618741,9.02649048099929,9.5,1.0,-0.37933601743449724
2024-08-04,14,SURESTE,0.76,10.600001,55.0,18.4,55.0,13.099999,126.0,2024-08-04,14,1631.1916736745902,1275.465513942644,8.76565254835784,13.099999,1.0,-0.58724643667419
2024-08-04,15,CENTRO,0.55999994,8.1,61.0,21.33,48.0,14.299999,70.0,2024-08-04,15,1176.6847369928512,972.2187478684623,7.686686979564719,14.299999,1.0,-0.7748131302482381
2024-08-04,15,NORTE,0.8523054,24.199999,54.0,14.595677,39.0,11.0,145.0,2024-08-04,15,2592.768770954498,1980.4629839992979,9.014328159934701,11.0,1.0,-0.48937548319294744
2024-08-04,15,SURESTE,0.72999996,10.3,52.0,23.849998,65.0,13.4,130.0,2024-08-04,15,1545.6343050063124,1211.2790074641475,8.763044892984984,13.4,1.0,-0.6273800461928346
2024-08-04,16,CENTRO,0.53999996,7.4000006,47.0,22.46,57.0,14.5,80.0,2024-08-04,16,1146.6179557825599,951.3709705767444,7.657352588734152,14.5,1.0,-0.790630141691215
2024-08-04,16,NORTE,0.8368655,24.199999,54.0,14.960604,43.0,11.8,145.0,2024-08-04,16,2420.646718042194,1873.9008842038575,9.017261301310516,11.800000000000002,1.0,-0.5344616297900673
2024-08-04,16,SURESTE,0.68999994,8.900001,37.0,28.97,63.0,14.799999,130.0,2024-08-04,16,1395.791320718347,1114.722083828235,8.766033655322001,14.799999000000001,1.0,-0.6976690220475972
2024-08-04,17,CENTRO,0.5300001,6.1000004,39.0,15.32,47.0,13.0,118.0,2024-08-04,17,1317.9780637087124,1075.0235190581755,7.629114254233358,13.0,1.0,-0.7004839844095037
2024-08-04,17,NORTE,0.83013844,24.5,51.0,13.786733,41.0,12.1,140.0,2024-08-04,17,2368.6545558292846,1843.454134705955,9.00964045601378,12.1,1.0,-0.5480806066019858
2024-08-04,17,SURESTE,0.68999994,9.3,33.0,20.849998,42.0,13.9,128.0,2024-08-04,17,1516.0416533316989,1197.4279370645538,8.762865515714314,13.9,1.0,-0.6412614914197792
2024-08-04,18,CENTRO,0.5300001,5.8999996,35.0,13.24,41.0,12.799999,115.0,2024-08-04,18,1345.1861244511908,1090.126650873165,7.6583048081691905,12.799999,1.0,-0.6861708391115396
2024-08-04,18,NORTE,0.8546269,24.5,43.0,13.116222,36.0,13.6,149.0,2024-08-04,18,2089.365836730034,1658.5740156994016,9.025669731453469,13.6,1.0,-0.6212382985953894
2024-08-04,18,SURESTE,0.7,9.5,30.0,15.07,40.0,13.7,142.0,2024-08-04,18,1329.0025913958586,1041.8748184636179,8.788027924870228,13.700000000000001,1.0,-0.7289985594632218
2024-08-04,19,CENTRO,0.5300001,6.1000004,33.0,13.32,38.0,12.099999,102.0,2024-08-04,19,1385.9008528142404,1115.4754370104235,7.6707929590083035,12.099999,1.0,-0.6647523400739497
2024-08-04,19,NORTE,0.90858686,25.0,36.0,13.256304,26.999998,10.8,140.0,2024-08-04,19,2646.676097319242,2014.1765560197166,9.023198197493048,10.800000000000002,1.0,-0.47525484276357743
2024-08-04,19,SURESTE,0.68999994,9.7,28.0,12.65,33.0,11.299999,149.0,2024-08-04,19,1482.6376488094918,1117.5829458042226,8.777246940803153,11.299999,1.0,-0.6569307820340236
2024-08-04,20,CENTRO,0.57000005,7.0,31.0,14.2699995,39.0,12.099999,83.0,2024-08-04,20,1369.7454458006107,1103.3087066005137,7.683345602142989,12.099999,1.0,-0.6732510967520695
2024-08-04,20,NORTE,0.97545964,25.5,31.0,13.579319,22.0,10.5,124.0,2024-08-04,20,2691.252722671254,2031.512546635286,9.052631194687002,10.5,1.0,-0.46357831304864494
2024-08-04,20,SURESTE,0.7199999,11.400001,26.0,12.059999,35.0,10.599999,153.0,2024-08-04,20,1513.9396341371987,1122.5114623101106,8.803849962558541,10.599999,1.0,-0.6422475154042223
2024-08-04,21,CENTRO,0.6,8.200001,28.0,15.58,62.0,8.7,117.0,2024-08-04,21,1979.719586289959,1494.8917079245232,7.719857964097668,8.7,1.0,-0.3523664668822867
2024-08-04,21,NORTE,1.014763,25.199999,26.0,14.107279,17.999996,11.7,124.0,2024-08-04,21,2411.0180506216407,1860.4471607833257,9.030711757830394,11.699999999999998,1.0,-0.5369837906841113
2024-08-04,21,SURESTE,0.7099999,10.900001,25.0,13.059999,39.0,10.0,146.0,2024-08-04,21,1740.0894817533472,1279.9980192255339,8.800255706243169,10.0,1.0,-0.5361641958935712
2024-08-04,22,CENTRO,0.6,7.5,27.0,15.5,50.0,7.7,136.0,2024-08-04,22,2320.2867977165806,1684.3952824575993,7.725107484758782,7.7,1.0,-0.1732067675928314
2024-08-04,22,NORTE,1.0366095,25.5,23.0,14.016003,20.999996,9.9,125.0,2024-08-04,22,2866.4324567999743,2134.8414393111084,9.057500785861901,9.9,1.0,-0.41769122862143276
2024-08-04,22,SURESTE,0.68,9.600001,25.0,12.559999,36.0,9.2,143.0,2024-08-04,22,1960.3826118082034,1416.3730676100777,8.829597274695859,9.2,1.0,-0.43282817003307
2024-08-04,23,CENTRO,0.64,8.200001,25.0,16.14,46.0,9.3,104.0,2024-08-04,23,1824.3832041277167,1389.2733026546618,7.795906231663814,9.3,1.0,-0.4340831400767508
2024-08-04,23,NORTE,1.0259763,24.9,20.0,13.343214,14.999996,11.2,115.0,2024-08-04,23,2499.7871116672495,1906.7995254595342,9.089789707891512,11.199999999999998,1.0,-0.5137313670006095
2024-08-04,23,SURESTE,0.77,12.0,19.0,11.65,32.0,13.5,110.0,2024-08-04,23,1790.0350222197335,1412.2668130525574,8.857102719080919,13.5,1.0,-0.5127355321855109
2024-08-05,0,CENTRO,0.65999997,9.600001,21.0,17.31,49.0,6.0,113.0,2024-08-05,0,2786.345049104125,1925.6220518482983,7.538772086116597,6.0,1.0,0.07196908424618913
2024-08-05,0,NORTE,1.0455853,22.8,20.0,13.865734,23.999996,11.2,122.0,2024-08-05,0,2507.4029989269065,1914.7954888121787,8.978887463970432,11.199999999999998,1.0,-0.5117364395427608
2024-08-05,0,SURESTE,0.7099999,8.6,18.0,14.57,51.0,13.299999,96.0,2024-08-05,0,1919.7231423090213,1519.7143888951766,8.639520130330887,13.299999000000001,1.0,-0.4519008846047658
2024-08-05,1,CENTRO,0.6500001,10.700001,17.000002,16.63,48.0,5.8999996,62.999996,2024-08-05,1,2851.1940251097876,1954.4977800670547,7.732335506068217,5.8999996,1.0,0.10608371023069002
2024-08-05,1,NORTE,1.0198561,21.5,20.0,13.465633,22.999996,7.8,128.0,2024-08-05,1,3674.9508172679607,2589.2760792263516,9.091301756804443,7.8,1.0,-0.20590559912341935
2024-08-05,1,SURESTE,0.68999994,8.1,17.000002,13.24,36.0,10.9,100.0,2024-08-05,1,2328.177049985533,1768.9331560476223,8.73987738865353,10.9,1.0,-0.2603016115998729
2024-08-05,2,CENTRO,0.6700001,10.1,16.0,17.579998,53.0,8.8,41.0,2024-08-05,2,2100.9126177884286,1565.6297021973162,7.834249149210011,8.8,1.0,-0.2886113361746391
2024-08-05,2,NORTE,0.9852835,21.8,16.0,12.849461,20.999996,6.5,182.0,2024-08-05,2,4483.969996283558,2996.0602697522463,9.171795815897097,6.5,1.0,0.006011216228318837
2024-08-05,2,SURESTE,0.68,7.3,16.000002,13.879999,44.0,12.5,81.0,2024-08-05,2,2266.093744232613,1773.315251021816,8.868826314983787,12.5,1.0,-0.28942390918215155
2024-08-05,3,CENTRO,0.6500001,30.800001,8.0,20.75,52.0,7.2999997,47.0,2024-08-05,3,2488.957206777483,1778.6563382821041,7.86794644517693,7.2999997,1.0,-0.08447556049924536
2024-08-05,3,NORTE,1.0042295,23.599998,8.0,12.803139,26.999998,4.8,276.0,2024-08-05,3,5385.919384713166,3158.739177705679,9.268472389269236,4.8,1.0,0.2422704384596441
2024-08-05,3,SURESTE,0.66999996,7.800001,15.000001,14.029999,39.0,9.9,89.0,2024-08-05,3,2736.95646087434,2039.9343257653827,8.896739896182016,9.9,1.0,-0.0685496501822499
2024-08-05,4,CENTRO,0.6300001,20.7,8.0,20.009998,57.0,7.5,52.999996,2024-08-05,4,2405.9097240447268,1727.107597860444,7.89054425010311,7.5,1.0,-0.1281637416685961
2024-08-05,4,NORTE,0.9581944,23.9,9.0,13.385294,30.999998,6.7,253.00002,2024-08-05,4,3993.0397466875497,2627.3812518363293,9.270415308582882,6.7,1.0,-0.12258446821615875
2024-08-05,4,SURESTE,0.6399999,8.1,12.000001,13.779999,36.0,9.799999,73.0,2024-08-05,4,2962.0735441890015,2205.3406023160596,8.815945203762237,9.799999,1.0,0.03704921591607882
2024-08-05,5,CENTRO,0.69000006,29.800001,4.000002,22.98,68.0,5.7999997,50.999996,2024-08-05,5,3021.5489733115946,2049.649807919136,7.609860555759396,5.7999997,1.0,0.19570109049597267
2024-08-05,5,NORTE,0.9772122,23.599998,8.0,14.118759,25.999998,6.7,250.0,2024-08-05,5,3940.467503593461,2600.6208878115985,9.153688418495022,6.7,1.0,-0.1363553930858915
2024-08-05,5,SURESTE,0.62999994,9.200001,10.000002,14.45,37.0,4.6,34.999992,2024-08-05,5,6062.670030749126,3646.2754042327188,8.832009247565082,4.6,1.0,1.4914900268409184
2024-08-05,6,CENTRO,0.78999996,30.0,4.000002,23.06,72.0,3.8,66.0,2024-08-05,6,4205.177130917552,2574.5064649770716,7.300852627077034,3.7999999999999994,1.0,0.8183636888679983
2024-08-05,6,NORTE,1.0470853,26.199999,4.000002,14.895399,30.999998,5.5,238.0,2024-08-05,6,4742.236363600847,2960.110581509846,8.988815010868322,5.5,1.0,0.07366225280935244
2024-08-05,6,SURESTE,0.6399999,12.6,8.000002,14.11,40.0,4.0999994,65.0,2024-08-05,6,7046.735056248215,4152.564862271367,8.629845544492754,4.0999994,1.0,1.9530993784265374
2024-08-05,7,CENTRO,0.77,35.100002,5.000002,22.13,73.0,3.2999997,45.999992,2024-08-05,7,4953.22706362963,2906.0271646128963,7.2727044226625255,3.2999996999999994,1.0,1.2118848397644317
2024-08-05,7,NORTE,1.1307805,32.0,4.000002,15.81572,41.0,5.2,280.0,2024-08-05,7,4785.663734765904,2892.24530720603,8.936543088529563,5.2,1.0,0.08503774357039345
2024-08-05,7,SURESTE,0.74999994,19.2,6.000002,13.949999,41.0,6.3999996,80.0,2024-08-05,7,4277.403043087533,2890.8374337163,8.56986845675271,6.399999600000001,1.0,0.6540494967664731
2024-08-05,8,CENTRO,0.95000005,45.1,6.000002,24.009998,62.0,6.2,36.0,2024-08-05,8,2693.7861955591793,1901.2640769345333,7.257599422562624,6.2,1.0,0.023277325875721046
2024-08-05,8,NORTE,1.2225674,36.1,6.0,17.218937,51.0,4.9,270.0,2024-08-05,8,5153.483896679714,3085.212687279046,8.906399466384068,4.9,1.0,0.18138561684303992
2024-08-05,8,SURESTE,0.86999995,30.400002,7.000002,14.919999,49.0,4.7,29.999992,2024-08-05,8,5687.628156777115,3461.442705023887,8.613935019304478,4.7,1.0,1.3155638108127927
2024-08-05,9,CENTRO,1.2,31.400002,14.000002,23.96,71.0,4.7,30.723816,2024-08-05,9,3618.695846250121,2371.7060000446604,7.270334916422024,4.7,1.0,0.5098377736462699
2024-08-05,9,NORTE,1.2429881,35.6,12.000001,17.43727,45.0,4.1000004,282.0,2024-08-05,9,6004.515990612651,3353.388858670267,8.93364151085984,4.1000004,1.0,0.40430741620981636
2024-08-05,9,SURESTE,0.87999994,40.0,10.000002,16.029999,60.0,5.0999994,351.0,2024-08-05,9,4499.850631934218,2801.3770513907134,8.562101805204628,5.0999994,1.0,0.7583961451977842
2024-08-05,10,CENTRO,1.27,35.0,22.0,23.32,70.0,5.8999996,18.0,2024-08-05,10,3067.2518687188444,2131.3855888357384,7.3237599779299725,5.8999996,1.0,0.21974367804725403
2024-08-05,10,NORTE,1.2097485,37.0,21.0,17.925163,52.0,6.4,255.0,2024-08-05,10,4038.3277418795765,2630.5619532546184,8.945225321345834,6.400000000000001,1.0,-0.11072160023515862
2024-08-05,10,SURESTE,0.86999995,37.0,19.0,16.25,64.0,5.8999996,4.0,2024-08-05,10,4030.745991466871,2612.0964429123133,8.587269735562163,5.899999600000001,1.0,0.5383465719471623
2024-08-05,11,CENTRO,1.03,38.1,25.0,25.14,76.0,9.1,26.0,2024-08-05,11,1929.972232516707,1482.7840846298893,7.294124373332591,9.1,1.0,-0.3785366930327342
2024-08-05,11,NORTE,1.2131157,35.2,35.0,17.947958,67.0,4.0,199.0,2024-08-05,11,7031.546860578508,4062.5501006231502,8.918540267086858,4.0,1.0,0.6733308422006771
2024-08-05,11,SURESTE,0.84999996,33.1,28.0,17.369999,68.0,9.5,42.0,2024-08-05,11,2922.8168427231208,2151.7739329958763,8.599254330584968,9.5,1.0,0.01863451765986872
2024-08-05,12,CENTRO,0.77,29.2,41.0,24.39,86.0,11.1,43.0,2024-08-05,12,1505.1412292582975,1202.7949399273757,7.372234612256057,11.1,1.0,-0.6020244283134789
2024-08-05,12,NORTE,1.1322883,30.699999,45.0,17.119219,61.0,6.6000004,73.0,2024-08-05,12,3468.6134120848988,2302.4457927929866,8.899627860173076,6.6000004,1.0,-0.2599542137032879
2024-08-05,12,SURESTE,0.7899999,22.7,36.0,18.189999,70.0,14.099999,87.0,2024-08-05,12,1876.2032384174981,1504.5753005297288,8.572679391739966,14.099999,1.0,-0.4723153837444399
2024-08-05,13,CENTRO,0.72,16.6,54.0,21.39,81.0,14.5,58.999996,2024-08-05,13,1111.042340706468,928.518801947308,7.338234791328746,14.5,1.0,-0.8093451450304116
2024-08-05,13,NORTE,1.0071497,28.099998,51.0,16.299604,55.0,6.5,119.0,2024-08-05,13,4251.7691620465985,2863.423166040876,8.856213685394202,6.5,1.0,-0.054812139496557874
2024-08-05,13,SURESTE,0.77,11.3,49.0,18.019999,71.0,18.1,96.0,2024-08-05,13,1404.0085071074097,1169.3382942587168,8.563439949155864,18.1,1.0,-0.6938144697744995
2024-08-05,14,CENTRO,0.65999997,11.6,54.0,19.91,70.0,15.2,75.0,2024-08-05,14,1064.479758559214,889.7330832731308,7.361198751418648,15.199999999999998,1.0,-0.8338399816903992
2024-08-05,14,NORTE,0.94597363,25.8,60.0,16.714466,66.0,9.2,117.0,2024-08-05,14,2991.726088237049,2193.4067328404913,8.864159961901226,9.2,1.0,-0.3848714537054571
2024-08-05,14,SURESTE,0.72999996,10.000001,43.0,19.0,68.0,16.599998,113.0,2024-08-05,14,1386.2185712994035,1134.4713634038462,8.530201824981743,16.599998,1.0,-0.7021594475150901
2024-08-05,15,CENTRO,0.62,8.900001,42.0,18.72,66.0,14.2,99.0,2024-08-05,15,1157.0331869548666,957.901511296804,7.321240095904349,14.199999999999998,1.0,-0.7851510772884968
2024-08-05,15,NORTE,0.9176463,24.599998,50.0,15.632204,57.0,10.700001,131.0,2024-08-05,15,2641.631249297426,2006.8161288193924,8.91560521757554,10.700001,1.0,-0.47657630479370827
2024-08-05,15,SURESTE,0.7199999,8.900001,32.0,21.619999,59.0,15.599999,129.0,2024-08-05,15,1315.373612359594,1060.9915807966106,8.557113056476078,15.599999,1.0,-0.7353916981407328
2024-08-05,16,CENTRO,0.6300001,8.900001,36.0,14.98,52.0,14.799999,76.0,2024-08-05,16,1090.0343578075303,910.295858801996,7.3547496789175035,14.799999,1.0,-0.8203966607740597
2024-08-05,16,NORTE,0.89181113,24.0,47.0,14.528662,47.0,13.6,140.0,2024-08-05,16,2077.7400395370573,1652.6564670518328,8.900811244381934,13.6,1.0,-0.6242835934177675
2024-08-05,16,SURESTE,0.7199999,8.7,31.0,16.15,44.0,17.099998,129.0,2024-08-05,16,1201.435106931694,983.3072953628938,8.537745568531149,17.099998,1.0,-0.7888384503861271
2024-08-05,17,CENTRO,0.68000007,11.2,31.0,16.449999,47.0,14.799999,72.0,2024-08-05,17,1106.0316817771184,919.4825570888477,7.443036014500223,14.799999,1.0,-0.8119810656854383
2024-08-05,17,NORTE,0.9017385,23.599998,42.0,13.31,38.0,14.0,133.0,2024-08-05,17,2013.0205761523655,1611.327615279325,8.87642337529734,14.0,1.0,-0.6412363961788166
2024-08-05,17,SURESTE,0.7199999,9.900001,28.0,14.99,39.0,15.4,136.0,2024-08-05,17,1245.641349626403,1000.6272157618932,8.57128778485801,15.4,1.0,-0.7681020005605763
2024-08-05,18,CENTRO,0.68000007,11.0,29.0,15.67,52.0,14.299999,89.0,2024-08-05,18,1150.777273305995,951.3632646990192,7.477638032293985,14.299999,1.0,-0.7884420799760944
2024-08-05,18,NORTE,0.9208671,23.9,36.0,12.267633,32.0,14.8,136.0,2024-08-05,18,1911.9755027201822,1543.6175021635033,8.893664810281539,14.800000000000002,1.0,-0.6677044339264335
2024-08-05,18,SURESTE,0.7099999,10.600001,26.0,12.629999,38.0,14.2,139.0,2024-08-05,18,1304.4945501866962,1032.6193686270387,8.591126406377562,14.200000000000001,1.0,-0.7404948942765207
2024-08-05,19,CENTRO,0.68000007,11.8,25.0,14.74,49.0,12.7,93.0,2024-08-05,19,1286.6829824618455,1044.4422279552186,7.401538767147342,12.699999999999998,1.0,-0.7169471586591357
2024-08-05,19,NORTE,0.95795155,24.3,29.0,11.952993,28.999996,14.1,135.0,2024-08-05,19,2005.428248015685,1606.511326098451,8.897122613850964,14.1,1.0,-0.6432251524920952
2024-08-05,19,SURESTE,0.7199999,11.000001,24.0,12.84,34.0,13.099999,133.0,2024-08-05,19,1507.5677066066012,1178.7013182764563,8.596772441595675,13.099999,1.0,-0.6452364859087455
2024-08-05,20,CENTRO,0.65999997,11.400002,24.0,13.559999,41.0,10.799999,122.0,2024-08-05,20,1532.0593879437051,1210.2426609508946,7.292041170289916,10.799999,1.0,-0.5878637896680216
2024-08-05,20,NORTE,1.012978,25.199999,23.0,12.478049,28.999996,13.299999,124.0,2024-08-05,20,2098.558751374356,1658.906329252139,8.89302798827514,13.299999,1.0,-0.6188302800393949
2024-08-05,20,SURESTE,0.7199999,11.3,24.0,12.26,38.0,11.299999,137.0,2024-08-05,20,1684.4992498406154,1275.3471067935511,8.597502863620853,11.299999,1.0,-0.5622406951520585
2024-08-05,21,CENTRO,0.64,12.000001,23.0,13.7,44.0,8.7,129.0,2024-08-05,21,1885.915759687674,1435.154875129592,7.2340765653610175,8.7,1.0,-0.4017131591133635
2024-08-05,21,NORTE,1.0678525,26.3,21.0,12.89415,19.999996,10.6,123.0,2024-08-05,21,2637.168101287426,1994.925414477437,8.924561440735449,10.6,1.0,-0.4777453946462796
2024-08-05,21,SURESTE,0.68999994,10.900001,25.0,10.809999,28.000002,9.9,149.0,2024-08-05,21,1671.7867806579072,1227.3115387345601,8.584158119823671,9.9,1.0,-0.56820391354152
2024-08-05,22,CENTRO,0.64,11.1,24.0,13.84,44.0,8.599999,112.0,2024-08-05,22,1872.735282533788,1426.19166910425,7.289219027122993,8.599999,1.0,-0.40864691622254
2024-08-05,22,NORTE,1.108597,26.4,20.0,14.034166,26.999998,11.4,114.0,2024-08-05,22,2427.6462476907045,1859.7536207067221,8.969947268290998,11.4,1.0,-0.5326281528212304
2024-08-05,22,SURESTE,0.79999995,14.200001,20.0,10.219999,28.000002,11.299999,104.0,2024-08-05,22,2166.821395568593,1660.6344444577815,8.5992265579094,11.299999,1.0,-0.3359909990692642
2024-08-05,23,CENTRO,0.65999997,12.400001,20.0,14.3,43.0,9.0,86.0,2024-08-05,23,1778.1187528756845,1359.0081440127938,7.370840333056333,9.0,1.0,-0.4584211411995971
2024-08-05,23,NORTE,1.06583,24.9,15.0,14.053267,30.999998,12.4,115.0,2024-08-05,23,2248.4581142978454,1748.427330411509,9.019792898468395,12.4,1.0,-0.579565208903933
2024-08-05,23,SURESTE,0.68,8.900001,19.0,14.16,39.0,17.5,100.0,2024-08-05,23,1437.8952548791312,1189.7031885747067,8.68191376628654,17.5,1.0,-0.677918731931041
2024-08-06,0,CENTRO,0.6500001,10.400001,17.000002,16.14,52.0,9.2,68.0,2024-08-06,0,1824.6837147034983,1390.253874217755,7.592202317098349,9.2,1.0,-0.43392505267848136
2024-08-06,0,NORTE,1.0205903,22.3,16.0,13.499567,23.999996,12.6,122.0,2024-08-06,0,2265.0289022077945,1765.9868286604574,9.098986410946175,12.6,1.0,-0.5752246089616444
2024-08-06,0,SURESTE,0.65,7.1000004,16.000002,12.94,37.0,18.8,94.0,2024-08-06,0,1388.1934552778682,1161.6147163980916,8.739224252399545,18.8,1.0,-0.7012330606512813
2024-08-06,1,CENTRO,0.6300001,8.6,15.000001,14.75,51.0,7.7,60.0,2024-08-06,1,2254.580737806576,1641.8989388699943,7.792529484895486,7.7,1.0,-0.2077722734313396
2024-08-06,1,NORTE,1.0023639,20.199999,16.0,13.303552,25.0,9.7,137.0,2024-08-06,1,3026.0108927502333,2239.093149978478,9.167347577948842,9.7,1.0,-0.3758907932021654
2024-08-06,1,SURESTE,0.62999994,6.1000004,14.000001,11.58,40.0,15.799999,105.0,2024-08-06,1,1571.6183644532696,1277.436297011606,8.807632584843855,15.799999000000001,1.0,-0.6151913345507468
2024-08-06,2,CENTRO,0.61,7.9000006,18.0,14.23,43.0,7.6,60.0,2024-08-06,2,2323.5926777727414,1679.9029385866095,7.918540168342491,7.599999999999999,1.0,-0.1714676674772691
2024-08-06,2,NORTE,1.0214725,21.4,14.000001,13.327233,20.999996,4.2,157.0,2024-08-06,2,6911.1039985365605,4031.7222838352964,9.28471775644198,4.2,1.0,0.6417816918000212
2024-08-06,2,SURESTE,0.6399999,6.800001,14.000001,11.5,28.000002,13.099999,89.0,2024-08-06,2,2080.6756974537393,1639.337384977567,8.905246735172945,13.099999,1.0,-0.3764005846335109
2024-08-06,3,CENTRO,0.61,10.6,11.0,14.45,42.0,8.3,41.0,2024-08-06,3,2300.663763545494,1679.9369246312012,8.040347701320123,8.3,1.0,-0.18352971349978364
2024-08-06,3,NORTE,0.9998686,22.099998,9.0,12.959524,15.999996,6.1000004,221.0,2024-08-06,3,4673.071091389999,3015.549471540881,9.304178512223801,6.1000004,1.0,0.05554490207151997
2024-08-06,3,SURESTE,0.62,6.200001,13.000001,10.279999,31.0,12.5,90.0,2024-08-06,3,2160.478897268018,1686.8384984278212,8.949200207778153,12.5,1.0,-0.3389661647870747
2024-08-06,4,CENTRO,0.61,14.9,8.0,14.71,46.0,6.2,37.0,2024-08-06,4,3018.206174644894,2056.729920042096,7.896642760449675,6.2,1.0,0.19394256887728092
2024-08-06,4,NORTE,0.9720421,22.5,8.0,13.685244,18.999996,7.7000003,277.0,2024-08-06,4,3372.4657279608664,2274.7081407644296,9.284009674668779,7.7000003,1.0,-0.2851394151812086
2024-08-06,4,SURESTE,0.60999995,6.5,12.000001,10.359999,33.0,7.5999994,107.0,2024-08-06,4,3264.668930314829,2276.3511943125086,8.900030502071047,7.599999399999999,1.0,0.17899192941867617
2024-08-06,5,CENTRO,0.73,17.0,5.000002,19.15,58.0,4.8999996,24.0,2024-08-06,5,3848.2963942133465,2480.36032848279,7.615275456228298,4.8999996,1.0,0.6306220527830434
2024-08-06,5,NORTE,0.964147,23.8,4.000002,14.587156,25.999998,4.6000004,263.0,2024-08-06,5,5768.1080419374175,3369.0416156209085,9.221117976080318,4.6000004,1.0,0.34238203680403745
2024-08-06,5,SURESTE,0.62,10.600001,6.000002,10.289999,23.0,4.0999994,21.0,2024-08-06,5,6437.304978095359,3734.6542287755856,8.828575445303665,4.0999994,1.0,1.6672253600198406
2024-08-06,6,CENTRO,0.8000001,16.6,5.000002,20.289999,60.0,3.9999998,11.0,2024-08-06,6,4691.407970155047,2881.636539373509,7.2450193687568545,3.9999997999999994,1.0,1.0741515862939912
2024-08-06,6,NORTE,1.0264497,25.199999,4.000002,15.564688,32.0,5.2,277.0,2024-08-06,6,4795.424136393322,2905.8905103982656,8.971327116618104,5.2,1.0,0.08759441130224271
2024-08-06,6,SURESTE,0.6599999,14.400001,5.000002,11.41,22.0,1.999999,284.0,2024-08-06,6,10304.583181473708,4489.607334080854,8.608135591557582,1.9999989999999999,1.0,3.481304447890371
2024-08-06,7,CENTRO,1.09,20.7,6.000002,19.509998,54.0,6.6,14.0,2024-08-06,7,2736.782247780351,1958.1183763314032,7.168226027294466,6.599999999999999,1.0,0.045895944251549546
2024-08-06,7,NORTE,1.0468931,29.3,4.000002,14.950738,34.0,5.3,270.0,2024-08-06,7,4774.264227087323,2928.303603824504,8.921241502916985,5.3,1.0,0.08205172367558441
2024-08-06,7,SURESTE,0.77,25.4,3.000002,13.44,28.000002,5.5999994,16.0,2024-08-06,7,4492.627533470538,2888.60886331667,8.592631186863386,5.5999994,1.0,0.7550079038602087
2024-08-06,8,CENTRO,1.1500001,31.900002,6.000002,19.3,60.0,6.5,16.999992,2024-08-06,8,2774.7358258055565,1981.3354363276346,7.244960685015654,6.5,1.0,0.06586190514799287
2024-08-06,8,NORTE,1.0911045,29.5,6.0,15.495239,33.0,7.3,279.0,2024-08-06,8,3394.5409034471713,2273.874780378807,8.928759937601452,7.3,1.0,-0.27935698009347587
2024-08-06,8,SURESTE,0.85999995,28.2,6.000002,14.559999,42.0,5.8999996,3.0,2024-08-06,8,3995.5005074645264,2598.887570172082,8.577044433092018,5.899999600000001,1.0,0.5218134724109887
2024-08-06,9,CENTRO,1.01,26.2,11.0,20.65,61.0,5.7999997,358.0,2024-08-06,9,3366.1030920844005,2326.499105487343,7.280878147926923,5.7999997,1.0,0.3769581529409858
2024-08-06,9,NORTE,1.119316,28.5,12.000001,16.8656,36.0,7.3,289.0,2024-08-06,9,3324.9132366853264,2212.0289815690417,8.941171027367316,7.3,1.0,-0.2975954517926218
2024-08-06,9,SURESTE,0.97999996,28.1,10.000002,17.369999,48.0,4.2999997,307.0,2024-08-06,9,5251.416900791856,3072.0657120016863,8.619743679594812,4.2999997,1.0,1.1109440043852854
2024-08-06,10,CENTRO,0.85,22.800001,19.0,22.05,62.0,6.6,342.0,2024-08-06,10,3112.2370301361398,2212.756200293974,7.280823681233271,6.599999999999999,1.0,0.24340869253367278
2024-08-06,10,NORTE,1.1121293,27.599998,22.0,18.342339,39.0,4.7,313.0,2024-08-06,10,4638.468454650069,2695.8248133685474,8.905465091722483,4.7,1.0,0.04648098767875916
2024-08-06,10,SURESTE,1.1099999,38.0,16.000002,21.43,45.0,5.5999994,290.0,2024-08-06,10,3831.1462225112123,2434.072999122147,8.593806398317405,5.5999994,1.0,0.44471747474646484
2024-08-06,11,CENTRO,0.88000005,27.2,32.0,22.109999,61.0,7.0,14.999992,2024-08-06,11,2612.2478084765794,1890.3695682763325,7.348319009334337,7.0,1.0,-0.01961697639451766
2024-08-06,11,NORTE,0.95388037,11.299999,36.0,16.511486,53.0,3.4,307.0,2024-08-06,11,6623.744159721485,3438.9699031918335,8.917131411645734,3.4,1.0,0.5665098274472162
2024-08-06,11,SURESTE,1.01,27.4,36.0,19.42,65.0,8.4,54.0,2024-08-06,11,3403.930440129942,2456.5708301332484,8.58561860329099,8.4,1.0,0.244317302824753
2024-08-06,12,CENTRO,0.95000005,27.400002,53.0,27.13,75.0,8.0,38.0,2024-08-06,12,2096.6097572446574,1568.9487379085708,7.367802105401442,8.0,1.0,-0.29087491051544906
2024-08-06,12,NORTE,0.92458653,10.099998,50.0,14.491322,34.0,3.4,106.0,2024-08-06,12,7924.822567033163,4353.80738076149,8.87473214654748,3.4,1.0,0.9073180551778555
2024-08-06,12,SURESTE,0.84999996,20.6,50.0,20.699999,56.0,10.5,62.0,2024-08-06,12,2741.9169856589783,2081.929706009834,8.591234275813544,10.5,1.0,-0.06622274640045965
2024-08-06,13,CENTRO,0.77,19.0,60.0,23.66,70.0,9.7,56.999996,2024-08-06,13,1661.8551929623422,1297.9991750044808,7.319466666590556,9.7,1.0,-0.5195830608839409
2024-08-06,13,NORTE,0.8970362,10.399999,54.0,13.902966,30.999998,2.1,85.0,2024-08-06,13,11643.929326200509,5194.964651224722,8.887817032692233,2.1,1.0,1.8815115981725543
2024-08-06,13,SURESTE,0.78,14.1,50.0,18.0,68.0,13.299999,84.0,2024-08-06,13,2022.690378661207,1605.7672118475646,8.547041076484541,13.299999000000001,1.0,-0.4036005812960597
2024-08-06,14,CENTRO,0.68000007,12.8,65.0,20.699999,57.0,11.6,52.999996,2024-08-06,14,1396.1498204813327,1126.684877323593,7.371985502364664,11.6,1.0,-0.6593607406960418
2024-08-06,14,NORTE,0.8599125,9.099998,64.0,13.890173,42.0,2.0000005,86.0,2024-08-06,14,12302.14855027102,5388.048335084224,8.89191182458898,2.0000005,1.0,2.05392743871918
2024-08-06,14,SURESTE,0.72999996,11.1,58.0,19.779999,54.0,13.599999,97.0,2024-08-06,14,1852.6980349000398,1474.3111504952903,8.51482205580377,13.599999,1.0,-0.48334130324511415
2024-08-06,15,CENTRO,0.65999997,12.6,67.0,23.119999,58.0,11.9,61.0,2024-08-06,15,1339.8517136450407,1086.087996252453,7.33167744587992,11.9,1.0,-0.6889770735458907
2024-08-06,15,NORTE,0.8416362,7.799999,70.0,13.851299,38.0,3.5,131.0,2024-08-06,15,7986.656534731252,4471.093623424571,8.839471162087685,3.5,1.0,0.9235150228827317
2024-08-06,15,SURESTE,0.72999996,10.1,42.0,17.689999,64.0,14.2,111.0,2024-08-06,15,1649.787565484002,1315.4860369467713,8.54420998777085,14.200000000000001,1.0,-0.5785233977104332
2024-08-06,16,CENTRO,0.64,9.800001,48.0,19.21,61.0,12.3,72.0,2024-08-06,16,1309.596899541773,1062.8503219686522,7.325801118485852,12.300000000000002,1.0,-0.704893002076103
2024-08-06,16,NORTE,0.8492553,7.199999,65.0,13.696293,37.0,8.0,138.0,2024-08-06,16,3546.3926560997534,2525.847076734795,8.906762146669337,8.0,1.0,-0.23958049436557127
2024-08-06,16,SURESTE,0.68,8.5,34.0,12.119999,50.0,14.5,130.0,2024-08-06,16,1408.894490370213,1121.5495784528853,8.54962818568092,14.5,1.0,-0.6915225322425698
2024-08-06,17,CENTRO,0.64,9.3,43.0,14.7699995,50.0,11.799999,105.0,2024-08-06,17,1404.4467963636505,1122.5803223274756,7.435627512651779,11.799999,1.0,-0.6549960113439086
2024-08-06,17,NORTE,0.8583549,7.199999,51.0,12.350908,34.0,9.3,133.0,2024-08-06,17,3044.672215370971,2245.5639439669567,8.881653532684583,9.3,1.0,-0.37100259257279333
2024-08-06,17,SURESTE,0.66999996,8.800001,34.0,11.16,36.0,13.599999,126.0,2024-08-06,17,1551.4335528001982,1222.7044373349456,8.577472210638371,13.599999,1.0,-0.6246597107023396
2024-08-06,18,CENTRO,0.64,9.1,39.0,13.34,42.0,11.799999,108.0,2024-08-06,18,1448.5364350327784,1151.3896615131,7.499445472385733,11.799999,1.0,-0.6318020979526201
2024-08-06,18,NORTE,0.8680063,7.5999985,41.0,11.299902,29.999998,10.9,137.0,2024-08-06,18,2597.3777079715574,1980.507748504422,8.884636649104857,10.9,1.0,-0.48816820494770186
2024-08-06,18,SURESTE,0.7,9.800001,32.0,11.33,32.0,13.599999,146.0,2024-08-06,18,1252.1442452163128,982.3014304756267,8.565742534300881,13.599999,1.0,-0.7650515950092107
2024-08-06,19,CENTRO,0.65999997,9.700001,35.0,12.889999,38.0,12.799999,114.0,2024-08-06,19,1341.9368753981203,1085.7406605185995,7.412253167868425,12.799999,1.0,-0.6878801477699573
2024-08-06,19,NORTE,0.9005043,8.799999,34.0,11.034939,27.999998,12.1,144.0,2024-08-06,19,2331.08007920882,1813.7959567099672,8.889768917022757,12.1,1.0,-0.5579229732979226
2024-08-06,19,SURESTE,0.7,9.900001,30.0,10.619999,31.0,12.7,141.0,2024-08-06,19,1427.9856447862471,1107.1533556750394,8.567617866912467,12.700000000000001,1.0,-0.6825671734170318
2024-08-06,20,CENTRO,0.68000007,11.5,29.0,13.38,40.0,10.799999,121.0,2024-08-06,20,1532.5457287393224,1215.127599239396,7.3082184532676875,10.799999,1.0,-0.587607943926648
2024-08-06,20,NORTE,0.9478034,8.599998,29.0,10.881889,25.0,12.6,139.0,2024-08-06,20,2255.953084548288,1770.055027215702,8.917438776105191,12.6,1.0,-0.5776019547959619
2024-08-06,20,SURESTE,0.66999996,9.600001,28.0,9.74,31.0,13.7,155.0,2024-08-06,20,1117.849179393923,876.031145685121,8.543517642048782,13.700000000000001,1.0,-0.8280472880265304
2024-08-06,21,CENTRO,0.68000007,10.900001,26.0,13.46,44.0,10.799999,119.0,2024-08-06,21,1522.265139015361,1206.481626883902,7.256533334973691,10.799999,1.0,-0.593016178488477
2024-08-06,21,NORTE,1.0073369,11.499999,22.0,11.361075,22.0,9.6,146.0,2024-08-06,21,2935.8798487535196,2177.1604186409463,8.903766456922645,9.6,1.0,-0.39949997862512643
2024-08-06,21,SURESTE,0.65,9.800001,27.0,9.63,22.0,11.599999,161.0,2024-08-06,21,1258.9455447174862,952.9623906226444,8.556427039187083,11.599999,1.0,-0.7618612128989595
2024-08-06,22,CENTRO,0.6700001,10.500001,25.0,13.21,41.0,9.1,107.0,2024-08-06,22,1745.061894078577,1343.3068849538924,7.259112717818826,9.1,1.0,-0.47581112086538707
2024-08-06,22,NORTE,1.0782776,15.299999,18.0,12.523378,25.0,8.1,169.0,2024-08-06,22,3474.236517099308,2463.7717985234635,8.964699339391068,8.1,1.0,-0.25848128136997545
2024-08-06,22,SURESTE,0.62999994,10.200001,28.0,8.959999,26.000002,7.1999993,177.0,2024-08-06,22,1852.4544483539996,1247.9867748402075,8.584014080759202,7.1999993,1.0,-0.48345556584429106
2024-08-06,23,CENTRO,0.65999997,10.000001,25.0,13.849999,42.0,7.0,106.0,2024-08-06,23,2341.474045110727,1680.349063671156,7.434445595122402,7.0,1.0,-0.16206094748875954
2024-08-06,23,NORTE,1.0766165,12.299999,21.0,12.487404,25.0,6.7,167.0,2024-08-06,23,4213.109056790618,2841.443426992963,8.99788188225717,6.7,1.0,-0.06493887888607301
2024-08-06,23,SURESTE,0.60999995,8.200001,28.0,8.589999,22.0,8.4,164.0,2024-08-06,23,1715.0446810054011,1202.7365624610234,8.614338948430284,8.4,1.0,-0.5479123161237227
2024-08-07,0,CENTRO,0.6300001,8.900001,25.0,13.34,40.0,7.3999996,82.0,2024-08-07,0,2200.1366538858824,1601.9222978130758,7.533748084022935,7.3999996,1.0,-0.23641327402109535
2024-08-07,0,NORTE,1.097125,12.999999,18.0,12.476681,17.999996,6.2000003,143.0,2024-08-07,0,4625.797546543027,3077.262328016913,9.08207601784306,6.2000003,1.0,0.04316193349153189
2024-08-07,0,SURESTE,0.65,9.600001,24.0,11.0,20.0,12.0,135.0,2024-08-07,0,1636.0431703612207,1252.86127281146,8.735931445306596,12.0,1.0,-0.584970676250127
2024-08-07,1,CENTRO,0.64,8.700001,22.0,12.889999,37.0,2.6999998,99.0,2024-08-07,1,6322.406131005344,3360.6197917557547,7.73051241069235,2.6999998,1.0,1.9321588466392898
2024-08-07,1,NORTE,1.0368955,6.699999,25.0,11.790165,27.999998,6.4,144.0,2024-08-07,1,4566.163441687353,3049.7127920286634,9.145215940029065,6.400000000000001,1.0,0.027541204199621677
2024-08-07,1,SURESTE,0.66999996,9.900001,19.0,10.179999,24.0,6.3999996,100.0,2024-08-07,1,3976.6166474061597,2663.872353340227,8.817816505741122,6.399999600000001,1.0,0.5129553520926132
2024-08-07,2,CENTRO,0.69000006,15.5,14.000002,12.62,36.0,4.0999994,12.0,2024-08-07,2,4986.4246018974845,3004.926329308316,7.83471963034748,4.0999994,1.0,1.2293488256493457
2024-08-07,2,NORTE,1.0356631,12.399999,12.000001,11.797617,19.999996,3.3000002,254.0,2024-08-07,2,8049.8248674921315,4200.203863773892,9.238390733333842,3.3000002,1.0,0.9400615180178075
2024-08-07,2,SURESTE,0.68,11.200001,14.000001,9.999999,29.0,3.0,22.0,2024-08-07,2,8896.779210163111,4610.240877867407,8.869659412931991,3.0,1.0,2.8209258534710067
2024-08-07,3,CENTRO,0.80999994,25.400002,4.000002,16.279999,50.0,3.6,322.0,2024-08-07,3,6478.609772142489,3702.2992437006947,8.012575827324444,3.6,1.0,2.01433175241263
2024-08-07,3,NORTE,1.0053751,19.0,4.000002,13.702267,35.0,6.1000004,279.0,2024-08-07,3,4260.8451571191445,2686.835846722445,9.30374587636928,6.1000004,1.0,-0.05243474719015752
2024-08-07,3,SURESTE,0.68,12.0,10.000002,9.309999,29.0,3.8999996,42.0,2024-08-07,3,7359.3812950329375,4189.73285647253,8.922066445471485,3.8999996,1.0,2.099756788070685
2024-08-07,4,CENTRO,0.90000004,28.300001,5.000002,15.67,59.0,5.3,222.74823,2024-08-07,4,3986.5370440300408,2554.721249584347,7.906888534070747,5.3,1.0,0.7033452992370671
2024-08-07,4,NORTE,1.0052267,20.099998,3.0,16.49857,42.0,6.1000004,274.0,2024-08-07,4,4288.749629054208,2713.9542897063548,9.324761479685577,6.1000004,1.0,-0.04512536939055342
2024-08-07,4,SURESTE,0.66999996,12.6,8.000002,10.389999,32.0,2.3999996,310.0,2024-08-07,4,9760.080141810306,4561.655232676307,8.89745984306293,2.3999996,1.0,3.22588667715114
2024-08-07,5,CENTRO,1.4200001,45.600002,5.000002,19.41,62.0,4.0999994,2.0,2024-08-07,5,5067.813105798781,3071.4479905689473,7.574480085870253,4.0999994,1.0,1.2721642799718376
2024-08-07,5,NORTE,0.93760526,20.9,3.0,17.352186,51.0,8.3,279.0,2024-08-07,5,3069.6232734156383,2116.3379528861974,9.163110080233015,8.3,1.0,-0.36446684051940437
2024-08-07,5,SURESTE,0.7099999,18.0,4.0,11.219999,21.000002,2.6,305.0,2024-08-07,5,8875.538926022886,4306.774510229606,8.833112557245704,2.6,1.0,2.8109623718560686
2024-08-07,6,CENTRO,0.80999994,24.800001,4.000002,16.74,61.0,2.6999998,304.0,2024-08-07,6,7812.163226717194,4099.995571988182,7.309912177970143,2.6999998,1.0,2.7158644540112262
2024-08-07,6,NORTE,0.9440813,15.9,3.0,17.171848,38.0,6.8,285.0,2024-08-07,6,3608.4014359869434,2355.0508656018433,8.993950058116736,6.8,1.0,-0.22333773585207145
2024-08-07,6,SURESTE,0.79999995,27.8,2.000002,14.9,36.0,4.6,297.0,2024-08-07,6,4796.798458845279,2874.2273610505313,8.607143424131669,4.6,1.0,0.8976896779251096
2024-08-07,7,CENTRO,0.91,29.800001,4.000002,15.639999,68.0,2.0,313.0,2024-08-07,7,10528.994932586891,5017.775780423318,7.26244836631261,2.0,1.0,4.145088216935177
2024-08-07,7,NORTE,0.96284306,15.599999,4.000002,16.602106,29.999998,4.0,300.0,2024-08-07,7,5868.651617529013,3231.7795423013954,8.949560777491596,4.0,1.0,0.36871871076196944
2024-08-07,7,SURESTE,1.1099999,57.0,3.000002,13.559999,40.0,5.7,298.0,2024-08-07,7,3920.5932890236018,2495.0750090219008,8.60357925852464,5.7,1.0,0.4866756800521345
2024-08-07,8,CENTRO,0.93,39.2,7.000002,16.519999,60.0,2.7999997,358.0,2024-08-07,8,7052.034491946469,3881.3877964497437,7.2868526995428,2.7999996999999994,1.0,2.3159890961565273
2024-08-07,8,NORTE,1.1118146,24.599998,6.0,17.598589,39.0,6.5,298.0,2024-08-07,8,3624.163692332919,2338.992421211764,8.923195973297176,6.5,1.0,-0.21920892499784517
2024-08-07,8,SURESTE,1.0699999,44.199997,9.000002,13.339999,71.0,6.799999,282.0,2024-08-07,8,3025.643447285047,2007.8863328473783,8.627932003312436,6.799999,1.0,0.0668688528182678
2024-08-07,9,CENTRO,0.94,35.6,15.000001,17.349998,61.0,4.5,35.0,2024-08-07,9,3727.8607450499344,2408.2071050052955,7.366654269947124,4.5,1.0,0.5672653526548626
2024-08-07,9,NORTE,1.2972642,35.3,10.0,20.522732,68.0,6.0,307.0,2024-08-07,9,3768.1078488511253,2368.7170962814353,8.934722971258065,6.0,1.0,-0.18150377779114052
2024-08-07,9,SURESTE,1.0,40.9,18.0,13.379999,62.0,7.1999993,252.0,2024-08-07,9,2280.9221651812372,1515.8482748641663,8.590215691958736,7.1999993,1.0,-0.282468131259182
2024-08-07,10,CENTRO,0.92,30.5,29.0,22.369999,91.0,3.9999998,23.0,2024-08-07,10,4427.45244978698,2756.94804267578,7.335119466089538,3.9999997999999994,1.0,0.9352944383705665
2024-08-07,10,NORTE,1.2094983,30.5,20.0,20.626162,81.0,6.4,278.0,2024-08-07,10,3883.4062941368015,2506.330144568332,8.934679409931348,6.400000000000001,1.0,-0.15130217074187663
2024-08-07,10,SURESTE,1.05,52.6,22.0,19.51,63.0,6.4999995,258.0,2024-08-07,10,2607.3950984498097,1697.2503148999588,8.620828162463619,6.4999995,1.0,-0.1293248377456983
2024-08-07,11,CENTRO,0.8000001,17.0,43.0,20.75,104.0,5.8999996,18.0,2024-08-07,11,3087.2910908516974,2142.049589339227,7.345926020883557,5.8999996,1.0,0.23028556490793345
2024-08-07,11,NORTE,1.1379261,26.8,28.0,17.494955,73.0,4.0,290.0,2024-08-07,11,6022.183771368332,3322.6190408607617,8.942089531343909,4.0,1.0,0.408935365619659
2024-08-07,11,SURESTE,1.05,43.6,39.0,21.539999,120.0,6.0999994,254.0,2024-08-07,11,2681.8666821991965,1713.4491473651492,8.595258259705956,6.099999399999999,1.0,-0.0943913947360012
2024-08-07,12,CENTRO,1.02,16.800001,65.0,17.609999,63.0,6.2,308.0,2024-08-07,12,3419.823949487942,2347.205962981718,7.419365050173739,6.2,1.0,0.4052186910523123
2024-08-07,12,NORTE,0.8267192,8.699999,46.0,11.854044,46.0,6.7,290.0,2024-08-07,12,3603.560024810292,2342.888626689314,8.930537199256955,6.7,1.0,-0.22460590904867314
2024-08-07,12,SURESTE,0.7899999,16.9,64.0,15.009999,105.0,6.0999994,36.0,2024-08-07,12,4487.368243010921,2952.7499748989353,8.577173500198654,6.099999399999999,1.0,0.7525408538218914
2024-08-07,13,CENTRO,0.74,15.1,71.0,18.199999,60.0,7.5,0.9999924,2024-08-07,13,2583.6535961226136,1897.78093051447,7.360322095759175,7.5,1.0,-0.03465932432136473
2024-08-07,13,NORTE,0.794564,6.499998,63.0,11.18326,22.999996,7.3,209.95956,2024-08-07,13,3813.137277628426,2625.007733441613,8.925901511409403,7.3,1.0,-0.16970863944200437
2024-08-07,13,SURESTE,0.7099999,11.800001,75.0,13.16,65.0,9.4,81.0,2024-08-07,13,2916.5799216018368,2162.019108522155,8.57486168252242,9.4,1.0,0.01570887652835263
2024-08-07,14,CENTRO,0.73,16.900002,86.0,17.4,59.0,8.599999,68.0,2024-08-07,14,1892.2560419042,1434.3277670326852,7.419220043500487,8.599999,1.0,-0.3983777732711248
2024-08-07,14,NORTE,0.7749113,6.3999996,71.0,10.624939,25.0,2.5,46.000004,2024-08-07,14,8090.497514296857,3792.6863732798774,8.911628028029252,2.5,1.0,0.9507154283407632
2024-08-07,14,SURESTE,0.68999994,11.900001,79.0,13.25,45.0,9.099999,72.0,2024-08-07,14,3096.1531019358995,2277.0173893323317,8.543835655000125,9.099999,1.0,0.09994381750101183
2024-08-07,15,CENTRO,0.69000006,14.6,95.0,17.74,57.0,7.7999997,62.999996,2024-08-07,15,2060.8834069356917,1538.6495767834053,7.340090732614973,7.7999997,1.0,-0.3096692100349233
2024-08-07,15,NORTE,0.7693577,5.8999977,74.0,10.020912,17.999996,3.2000003,247.0,2024-08-07,15,8095.706876145045,4217.294328992834,8.930122042490241,3.2000003,1.0,0.9520799835967041
2024-08-07,15,SURESTE,0.7,12.3,88.0,13.799999,46.0,9.0,96.0,2024-08-07,15,2808.22198094849,2058.9549409744022,8.559243293172564,9.0,1.0,-0.03512012097491317
2024-08-07,16,CENTRO,0.6700001,14.1,91.0,16.369999,54.0,8.2,36.0,2024-08-07,16,2064.2547046532354,1550.02008168962,7.4308267711287,8.2,1.0,-0.30789569612922396
2024-08-07,16,NORTE,0.7597459,5.499998,75.0,10.813118,22.0,5.2,338.0,2024-08-07,16,3729.3122501633325,2229.8007795386175,8.932254616833205,5.2,1.0,-0.19166600872067774
2024-08-07,16,SURESTE,0.6599999,10.800001,90.0,12.379999,48.0,10.299999,156.0,2024-08-07,16,1474.1843411303046,1089.3657341788978,8.574200574808781,10.299999,1.0,-0.6608960950727268
2024-08-07,17,CENTRO,0.68000007,14.5,94.0,17.829998,61.0,10.7,69.0,2024-08-07,17,1532.951218313258,1209.1823392426757,7.5020073304784605,10.699999999999998,1.0,-0.5873946309954734
2024-08-07,17,NORTE,0.8019818,7.3999996,88.0,12.49151,22.999996,6.0,127.0,2024-08-07,17,4676.842118976969,3086.3194227409263,8.915549728176629,6.0,1.0,0.056532695905785434
2024-08-07,17,SURESTE,0.68,11.900001,76.0,11.83,44.0,12.2,144.0,2024-08-07,17,1436.3142798002482,1104.4666617566907,8.626797685213345,12.200000000000001,1.0,-0.6786603423552771
2024-08-07,18,CENTRO,0.71000004,13.500001,86.0,15.009999,65.0,10.4,96.0,2024-08-07,18,1601.8585671915278,1253.0928034990773,7.49589614593129,10.4,1.0,-0.5511450465091985
2024-08-07,18,NORTE,0.8263474,9.199999,84.0,13.123255,32.0,6.8,119.0,2024-08-07,18,4087.536717073859,2784.7961311108766,8.89759152500174,6.8,1.0,-0.09783165945206872
2024-08-07,18,SURESTE,0.7099999,11.800001,67.0,11.859999,40.0,12.9,144.0,2024-08-07,18,1361.416163565346,1056.5447550019883,8.605426336308087,12.9,1.0,-0.7137938650131347
2024-08-07,19,CENTRO,0.74,12.6,80.0,14.96,57.0,10.1,143.0,2024-08-07,19,1770.793701626301,1355.7552936380089,7.413225800195707,10.1,1.0,-0.4622745772764936
2024-08-07,19,NORTE,0.91440237,9.999999,70.0,13.556366,35.0,9.4,145.0,2024-08-07,19,3002.997680715402,2219.592173361083,8.915899140289682,9.4,1.0,-0.38191894028684864
2024-08-07,19,SURESTE,0.72999996,13.500001,62.0,13.099999,37.0,8.9,148.0,2024-08-07,19,1870.1976513378534,1342.1083830209707,8.59536714429213,8.9,1.0,-0.47513250973295856
2024-08-07,20,CENTRO,0.73,13.3,73.0,15.44,54.0,8.5,127.0,2024-08-07,20,1951.1455899874254,1471.333462812997,7.275877137245649,8.5,1.0,-0.36739817989897827
2024-08-07,20,NORTE,1.0036668,13.999999,55.0,13.660807,36.0,8.6,142.0,2024-08-07,20,3280.932251205734,2378.8325690298916,8.89754679316627,8.6,1.0,-0.30911595788273344
2024-08-07,20,SURESTE,0.78,16.8,47.0,12.959999,40.0,6.7,157.0,2024-08-07,20,2248.204139933331,1495.2499776356449,8.581828039847283,6.7,1.0,-0.2978156398368678
2024-08-07,21,CENTRO,0.72,12.000001,74.0,17.59,55.0,8.7,123.0,2024-08-07,21,1862.5677132040585,1424.8990053497469,7.259701996333296,8.7,1.0,-0.41399569497310834
2024-08-07,21,NORTE,1.0271174,14.999999,58.0,13.83781,39.0,9.6,171.0,2024-08-07,21,2904.3255250705092,2144.1135694799964,8.92563939883578,9.6,1.0,-0.4077654091104927
2024-08-07,21,SURESTE,0.81999993,21.300001,39.0,12.49,38.0,5.5999994,202.0,2024-08-07,21,2170.5770464560687,1325.3573659715953,8.59587527574925,5.5999994,1.0,-0.33422928259115803
2024-08-07,22,CENTRO,0.73,14.9,65.0,17.5,52.0,6.5,111.0,2024-08-07,22,2488.124745970593,1778.0280506774836,7.287682863304081,6.5,1.0,-0.08491348706066605
2024-08-07,22,NORTE,1.0060201,13.799999,60.0,13.546893,37.0,9.8,157.0,2024-08-07,22,2855.1422155203777,2117.535028165173,8.969085092200594,9.8,1.0,-0.42064862696078503
2024-08-07,22,SURESTE,0.92999995,29.900002,26.0,13.539999,41.0,3.7999997,289.0,2024-08-07,22,5597.2433341886035,3146.632566300637,8.612156495203052,3.7999996999999994,1.0,1.2731657189518373
2024-08-07,23,CENTRO,0.72,13.400001,56.0,16.789999,50.0,3.1999998,273.0,2024-08-07,23,6548.00058379164,3639.0141469219084,7.443583346929131,3.1999998,1.0,2.050835668618878
2024-08-07,23,NORTE,1.0247816,15.4,51.0,14.147369,33.0,8.8,142.0,2024-08-07,23,3270.3336626119603,2374.8669603852936,9.041815945006586,8.8,1.0,-0.31189218272421204
2024-08-07,23,SURESTE,1.02,35.5,17.000002,14.029999,44.0,2.6999998,277.0,2024-08-07,23,7272.341019333853,3555.053523140684,8.692824326944349,2.6999998,1.0,2.058927570299318
2024-08-08,0,CENTRO,0.72,15.5,42.0,16.15,45.0,4.7,186.0,2024-08-08,0,4098.257811246528,2581.3634549723056,7.479625479302389,4.7,1.0,0.7621174252296062
2024-08-08,0,NORTE,1.0805408,17.099998,46.0,14.825176,36.0,7.0,135.0,2024-08-08,0,4151.454818610965,2848.160909565134,9.10840404249167,7.0,1.0,-0.08108876772290814
2024-08-08,0,SURESTE,1.0799999,40.6,11.000002,12.669999,47.0,3.1999993,270.0,2024-08-08,0,5899.8622245501265,3054.658314638951,8.691132225161446,3.1999992999999995,1.0,1.415119457919945
2024-08-08,1,CENTRO,0.85,25.7,21.0,16.25,45.0,3.1999998,193.0,2024-08-08,1,6197.453696905535,3415.5987719089135,7.612363842637627,3.1999998,1.0,1.8664260345314203
2024-08-08,1,NORTE,1.0224415,12.799998,47.0,14.284096,30.999998,5.0,114.0,2024-08-08,1,5648.780835560779,3499.6808679275678,9.16232754244034,5.0,1.0,0.3111251244636821
2024-08-08,1,SURESTE,0.84,22.800001,27.0,14.629999,41.0,6.3999996,346.0,2024-08-08,1,3664.293235215066,2418.032143408511,8.76392205583815,6.399999600000001,1.0,0.3664493753016798
2024-08-08,2,CENTRO,0.78999996,20.400002,29.0,17.32,48.0,4.7,156.0,2024-08-08,2,4065.8172418918166,2543.366640300193,7.7806885465669575,4.7,1.0,0.7450516524383195
2024-08-08,2,NORTE,1.1914974,19.5,27.0,17.029278,29.999998,4.6000004,145.0,2024-08-08,2,6388.947097938857,3870.7587856650207,9.255198895925785,4.6000004,1.0,0.5050064083966768
2024-08-08,2,SURESTE,0.79999995,20.2,26.0,16.939999,44.0,8.2,278.0,2024-08-08,2,2479.584735471812,1717.6173590622523,8.859013834867374,8.2,1.0,-0.18927865914106168
2024-08-08,3,CENTRO,0.74,18.800001,29.0,17.65,53.0,5.3999996,201.0,2024-08-08,3,3792.630253111745,2437.8669362258534,7.873060098396136,5.3999996,1.0,0.6013381735200036
2024-08-08,3,NORTE,1.2724931,35.1,8.0,22.634644,45.0,3.4,281.0,2024-08-08,3,7593.390025597156,3925.649535666084,9.317099482894557,3.4,1.0,0.8205016600826069
2024-08-08,3,SURESTE,0.76,18.5,25.0,14.879999,49.0,3.5999994,248.0,2024-08-08,3,4645.878394622935,2459.489003490451,8.950429949857867,3.5999994000000006,1.0,0.8268954608949864
2024-08-08,4,CENTRO,0.65999997,12.400001,44.0,17.91,45.0,5.2,214.0,2024-08-08,4,3977.8877584639818,2533.30837742802,7.91186745269766,5.2,1.0,0.6987952329092122
2024-08-08,4,NORTE,1.0803096,16.78004,24.631207,20.774403,38.90906,5.952824,250.85416,2024-08-08,4,4530.2587743355925,2879.4159550674253,9.324474327541255,5.952824,1.0,0.018136232155934292
2024-08-08,4,SURESTE,0.66999996,14.3,30.0,12.18,38.0,6.799999,270.0,2024-08-08,4,2852.5808885902857,1875.254381056842,8.90035303284216,6.799999,1.0,-0.01431205843535631
2024-08-08,5,CENTRO,0.6500001,12.000001,42.0,17.849998,47.0,3.8,222.0,2024-08-08,5,5344.1778870147555,3136.489810032571,7.666178068231433,3.7999999999999994,1.0,1.4175494768891814
2024-08-08,5,NORTE,1.0607156,16.365616,24.589409,20.953457,40.879154,6.178754,254.07498,2024-08-08,5,4258.303844417042,2742.8482197762046,9.191739201392075,6.178754,1.0,-0.053100425963431924
2024-08-08,5,SURESTE,0.6399999,12.700001,34.0,11.559999,31.0,6.4999995,263.0,2024-08-08,5,2791.0277831869666,1814.3635888736235,8.821254900471525,6.4999995,1.0,-0.04318564741276852
2024-08-08,6,CENTRO,0.72,19.800001,33.0,20.349998,53.0,4.7999997,204.0,2024-08-08,6,3939.3709911239835,2525.6158059814147,7.268609859470147,4.7999997,1.0,0.6785329991335957
2024-08-08,6,NORTE,1.0865263,18.206972,22.284006,21.325747,45.70213,6.4810653,264.8022,2024-08-08,6,3984.693060775492,2596.387008012374,9.015519635379926,6.4810653,1.0,-0.12477082317918536
2024-08-08,6,SURESTE,0.6399999,17.3,34.0,11.58,33.0,8.099999,278.0,2024-08-08,6,2419.7471928255563,1683.132162763284,8.626810996580657,8.099999,1.0,-0.21734750474138784
2024-08-08,7,CENTRO,0.73,20.1,38.0,18.82,53.0,5.0,243.0,2024-08-08,7,3988.6212947872627,2574.325382134786,7.249190753051154,5.0,1.0,0.7044417457720801
2024-08-08,7,NORTE,1.2159015,25.584675,14.153218,23.741753,51.234566,6.295582,281.9591,2024-08-08,7,3944.2618841586896,2523.151443951685,8.989628029964013,6.295582,1.0,-0.13536148210519738
2024-08-08,7,SURESTE,0.90999997,43.1,11.000002,11.749999,29.0,6.799999,291.0,2024-08-08,7,3182.0279782653715,2131.2241590483336,8.604154470468348,6.799999,1.0,0.1402263648457244
2024-08-08,8,CENTRO,0.94,52.2,16.0,19.949999,54.0,2.4,328.0,2024-08-08,8,8690.03195576269,4496.913334208921,7.298843087922666,2.4,1.0,3.1776784285643656
2024-08-08,8,NORTE,1.343375,27.563002,17.387234,22.662169,68.79205,6.3077326,282.9909,2024-08-08,8,3898.0029718675546,2499.8518452214007,8.929084322600298,6.3077326,1.0,-0.14747867490932953
2024-08-08,8,SURESTE,1.01,40.2,20.0,11.789999,31.0,8.9,286.0,2024-08-08,8,2385.2982501978418,1700.0602994785643,8.621522965023205,8.9,1.0,-0.23350695930702947
2024-08-08,9,CENTRO,0.95000005,47.0,32.0,26.91,93.0,3.3999999,351.0,2024-08-08,9,6005.492211410083,3528.1908108078874,7.3261599639826125,3.3999999,1.0,1.7654422613946676
2024-08-08,9,NORTE,1.2644057,23.191498,30.893898,20.678684,69.53645,6.4537563,261.00864,2024-08-08,9,4012.2075565700343,2616.191081219812,8.957128476541506,6.4537563,1.0,-0.117563596853744
2024-08-08,9,SURESTE,0.98999995,38.0,33.0,12.529999,35.0,8.5,275.0,2024-08-08,9,2283.4971606289173,1602.7295489590995,8.613791425344028,8.5,1.0,-0.28126024158915064
2024-08-08,10,CENTRO,0.75,20.5,54.0,19.199999,98.0,5.0,206.0,2024-08-08,10,3876.137034318738,2489.761839609959,7.373180853639861,5.0,1.0,0.6452679744747228
2024-08-08,10,NORTE,1.165624,18.770382,47.264786,17.765202,58.39324,6.180531,214.82101,2024-08-08,10,4517.739672727207,2957.469065109578,9.018632783497655,6.180531,1.0,0.014856942600472824
2024-08-08,10,SURESTE,0.85999995,25.5,47.0,11.809999,43.0,9.799999,275.0,2024-08-08,10,1967.0313593247972,1429.0373433277446,8.623706087890925,9.799999,1.0,-0.42970934764789803
2024-08-08,11,CENTRO,0.68000007,13.3,67.0,14.57,60.0,5.5,201.0,2024-08-08,11,3537.80783691108,2326.0041355466255,7.386763138611106,5.5,1.0,0.4672856108335334
2024-08-08,11,NORTE,1.0366004,13.172124,61.509995,14.123652,42.43359,5.5307274,186.07773,2024-08-08,11,5167.085544617869,3305.3381007827666,9.037656228293098,5.5307274,1.0,0.1849484717040293
2024-08-08,11,SURESTE,0.68,14.000001,55.0,10.449999,32.0,7.1999993,269.0,2024-08-08,11,2558.5556637909303,1723.399622571392,8.660525989491326,7.1999993,1.0,-0.15223464470002987
2024-08-08,12,CENTRO,0.6,7.1000004,65.0,12.929999,42.0,9.5,108.0,2024-08-08,12,1788.0891535116327,1366.0031253923346,7.4566240361925225,9.5,1.0,-0.4531760855401014
2024-08-08,12,NORTE,0.9083179,6.199999,71.0,10.9615345,45.0,0.9000001,26.0,2024-08-08,12,22634.4695529984,6497.70001664643,8.98045402975749,0.9000001,1.0,4.7604053800136334
2024-08-08,12,SURESTE,0.5999999,9.3,58.0,9.62,27.0,5.9999995,307.0,2024-08-08,12,3744.4343060495326,2429.3141025885825,8.634693830779653,5.9999995,1.0,0.40404228510407125
2024-08-08,13,CENTRO,0.6300001,9.5,80.0,13.53,35.0,9.799999,122.0,2024-08-08,13,1736.2189290000917,1341.885911603676,7.37665343707018,9.799999,1.0,-0.48046307475622707
2024-08-08,13,NORTE,0.86360043,6.199999,82.0,10.65716,25.0,5.6000004,167.0,2024-08-08,13,5038.2680344276305,3232.883848896486,8.977802676666425,5.6000004,1.0,0.1512056418316003
2024-08-08,13,SURESTE,0.66999996,9.800001,77.0,14.24,22.0,5.7,169.0,2024-08-08,13,2434.373658471225,1540.2298049857084,8.599710760804966,5.7,1.0,-0.2104864608593921
2024-08-08,14,CENTRO,0.6700001,10.200001,99.0,16.57,42.0,9.6,121.0,2024-08-08,14,1781.9452420415128,1368.6533672189964,7.372329579144378,9.6,1.0,-0.45640816806160067
2024-08-08,14,NORTE,0.8242884,6.699999,100.0,11.917812,19.999996,2.8000002,147.0,2024-08-08,14,10165.27744585669,5204.741032900954,8.984086167773103,2.8000002,1.0,1.4941892631475644
2024-08-08,14,SURESTE,0.7,11.800001,94.0,17.939999,34.0,10.4,118.0,2024-08-08,14,2137.541701684638,1600.3986678591639,8.582904268095376,10.4,1.0,-0.3497256407425042
2024-08-08,15,CENTRO,0.68000007,11.3,109.0,18.43,45.0,8.8,63.999996,2024-08-08,15,1839.8502270153147,1404.9762549520742,7.410777617194033,8.8,1.0,-0.42594651659547883
2024-08-08,15,NORTE,0.82049376,6.3999996,95.0,12.666765,33.0,6.0,149.0,2024-08-08,15,4721.142122003593,3107.4558162106755,8.976634825380327,6.0,1.0,0.06813676637157783
2024-08-08,15,SURESTE,0.7199999,11.900001,98.99999,19.519999,49.0,9.7,155.0,2024-08-08,15,1601.2440036042397,1164.7550273055365,8.572933192950146,9.7,1.0,-0.6012944154199679
2024-08-08,16,CENTRO,0.68000007,10.900001,110.0,19.38,54.0,9.2,76.0,2024-08-08,16,1751.5796476650257,1345.9794149212767,7.369758140001883,9.2,1.0,-0.47238237395901467
2024-08-08,16,NORTE,0.80263054,6.0,93.0,13.444934,34.0,1.6000004,95.0,2024-08-08,16,16312.956212689724,6565.220759873833,8.963060430138809,1.6000004,1.0,3.104529956996109
2024-08-08,16,SURESTE,0.76,11.600001,97.0,23.68,61.0,10.9,129.0,2024-08-08,16,1901.8683648625417,1431.7023852289276,8.599371605982686,10.9,1.0,-0.4602762785332259
2024-08-08,17,CENTRO,0.70000005,11.5,102.99999,20.449999,57.0,12.0,85.0,2024-08-08,17,1369.5784705506842,1098.5275851956715,7.4824167791760985,12.0,1.0,-0.6733389361992091
2024-08-08,17,NORTE,0.8472746,7.5999985,104.0,14.968622,30.999998,9.9,143.0,2024-08-08,17,2889.0863514830035,2155.093056653931,8.991405711343793,9.9,1.0,-0.4117572021594363
2024-08-08,17,SURESTE,0.68999994,11.000001,90.0,19.49,66.0,12.099999,155.0,2024-08-08,17,1287.1377452304114,981.5499436798502,8.628641269846735,12.099999,1.0,-0.7486366971796421
2024-08-08,18,CENTRO,0.71000004,13.8,93.0,22.16,58.0,10.7,68.0,2024-08-08,18,1523.934004094815,1205.4953797374992,7.54808054422166,10.699999999999998,1.0,-0.5921382508555225
2024-08-08,18,NORTE,0.8553555,7.799999,94.0,15.643366,37.0,9.9,139.0,2024-08-08,18,2879.11361017156,2152.1245291121318,8.93998658499517,9.9,1.0,-0.414369490760084
2024-08-08,18,SURESTE,0.7099999,11.600001,81.0,19.71,59.0,12.299999,146.0,2024-08-08,18,1402.091750534897,1077.1616223271578,8.63389549234965,12.299999000000001,1.0,-0.6947135899908046
2024-08-08,19,CENTRO,0.71000004,13.700001,70.0,22.539999,57.0,11.4,93.0,2024-08-08,19,1435.9272870276568,1145.5266147145778,7.4026085905677474,11.4,1.0,-0.6384353001197658
2024-08-08,19,NORTE,0.9316905,9.399998,73.0,15.715592,36.0,8.7,125.0,2024-08-08,19,3223.9464979504505,2336.269743783358,8.934998182306689,8.7,1.0,-0.32404297032386464
2024-08-08,19,SURESTE,0.73999995,13.200001,68.0,18.05,47.0,8.9,164.0,2024-08-08,19,1610.582942042782,1146.404846368513,8.599886677582765,8.9,1.0,-0.5969136669883008
2024-08-08,20,CENTRO,0.7800001,15.6,70.0,23.71,51.0,8.2,134.0,2024-08-08,20,2101.6631081761,1550.2864943140241,7.32558448772599,8.2,1.0,-0.28821653119147106
2024-08-08,20,NORTE,0.99235195,11.299999,62.0,16.383982,33.0,9.7,136.0,2024-08-08,20,2938.8430403862612,2185.5313513113497,8.943164345763119,9.7,1.0,-0.39872379166890176
2024-08-08,20,SURESTE,0.80999994,18.0,59.999996,17.949999,41.0,6.9999995,181.0,2024-08-08,20,1860.3630778000804,1243.7246096264832,8.60928106088415,6.9999995,1.0,-0.4797457527568025
2024-08-08,21,CENTRO,0.82000005,19.900002,65.0,27.689999,54.0,8.099999,112.0,2024-08-08,21,1999.0323793082998,1504.8654615591506,7.252428039113881,8.099999,1.0,-0.34220672726698037
2024-08-08,21,NORTE,1.0554615,16.399998,53.0,17.400778,37.0,7.8,143.0,2024-08-08,21,3644.78571732025,2576.5948294315785,8.967611855278438,7.8,1.0,-0.21380713233980614
2024-08-08,21,SURESTE,0.77,17.6,53.0,18.013048,45.0,6.8999996,170.0,2024-08-08,21,1993.9440938424527,1330.0766131401151,8.59569947607731,6.899999600000001,1.0,-0.4170850092066551
2024-08-08,22,CENTRO,0.7800001,16.0,52.0,24.57,54.0,11.299999,87.0,2024-08-08,22,1394.3909602221133,1118.6771171335251,7.30444580573812,11.299999,1.0,-0.6602860114342726
2024-08-08,22,NORTE,1.0183755,13.699999,38.0,17.2064,36.0,13.4,88.0,2024-08-08,22,1871.2197300186835,1467.4775024389025,8.980201075642407,13.4,1.0,-0.6783801184863596
2024-08-08,22,SURESTE,0.78,12.900001,37.0,16.692135,37.0,19.0,108.0,2024-08-08,22,1267.038878398799,1059.444124652012,8.633050253708245,19.0,1.0,-0.7580647579737353
2024-08-08,23,CENTRO,0.74,12.000001,31.0,19.079998,58.0,11.5,60.0,2024-08-08,23,1425.5146603512005,1143.741233496447,7.339086127497035,11.5,1.0,-0.6439129943944221
2024-08-08,23,NORTE,1.0106465,8.999998,27.0,14.927734,40.0,14.200001,95.0,2024-08-08,23,1857.697672235938,1476.7350402270663,9.044129925855062,14.200001,1.0,-0.6819221252726615
2024-08-08,23,SURESTE,0.7099999,8.6,31.0,15.534431,52.0,20.4,96.0,2024-08-08,23,1257.8754906053537,1065.0857159651637,8.6580526324943,20.4,1.0,-0.7623631583721384
2024-08-09,0,CENTRO,0.75,11.2,27.0,17.07,51.0,10.6,39.999992,2024-08-09,0,1665.1129892063586,1301.9970439834046,7.497476085468361,10.6,1.0,-0.5178692558673648
2024-08-09,0,NORTE,1.0060623,7.999998,28.0,12.671536,30.999998,2.4,99.0,2024-08-09,0,11315.855464674065,5408.200948640187,9.077876980231924,2.4,1.0,1.7955749853725622
2024-08-09,0,SURESTE,0.7,8.5,29.0,13.951597,39.0,14.099999,108.0,2024-08-09,0,1723.1878540560442,1370.8206308155986,8.744710022304385,14.099999,1.0,-0.5440924823379926
2024-08-09,1,CENTRO,0.75,19.2,18.0,16.279999,50.0,8.3,26.0,2024-08-09,1,2240.311571181167,1660.7397717666015,7.585885356403991,8.3,1.0,-0.2152787494394395
2024-08-09,1,NORTE,1.009448,8.1,27.0,11.583458,25.999998,2.8000002,179.0,2024-08-09,1,10284.812484707172,5206.026615494022,9.161420829235206,2.8000002,1.0,1.5255006157250937
2024-08-09,1,SURESTE,0.66999996,7.1000004,29.0,12.304895,29.0,14.4,95.0,2024-08-09,1,1812.0989467705558,1452.2585539805987,8.746067602115806,14.4,1.0,-0.5023856938705341
2024-08-09,2,CENTRO,0.73,15.5,19.0,17.15,50.0,8.099999,44.0,2024-08-09,2,2231.2257445726846,1638.3754453254046,7.7376853722636945,8.099999,1.0,-0.22005846371713816
2024-08-09,2,NORTE,0.9821835,6.8999977,27.0,3.0,17.0,2.3000002,94.0,2024-08-09,2,11582.876054143724,5403.014116760654,9.184897777941124,2.3000002,1.0,1.865519128133933
2024-08-09,2,SURESTE,0.6399999,6.299999,29.0,11.503529,24.0,13.0,100.0,2024-08-09,2,1968.8858857427213,1547.6019713945411,8.852649256844186,13.0,1.0,-0.4288394186136433
2024-08-09,3,CENTRO,0.72,22.800001,11.0,18.18,46.0,7.6,16.0,2024-08-09,3,2635.907738546151,1894.910508301325,7.8231932497357315,7.599999999999999,1.0,-0.007170370220313777
2024-08-09,3,NORTE,0.96717834,7.199999,25.0,11.445177,19.999996,3.3000002,317.0,2024-08-09,3,6736.046134654598,3403.1715417492537,9.2426055656764,3.3000002,1.0,0.5959265304164759
2024-08-09,3,SURESTE,0.62,6.200001,28.0,12.022859,25.0,12.5,108.0,2024-08-09,3,1971.0332254473426,1533.3420140183248,8.8567983174065,12.5,1.0,-0.4278321354941344
2024-08-09,4,CENTRO,0.70000005,19.0,14.000002,18.079998,48.0,6.2999997,41.0,2024-08-09,4,2936.869405536763,2017.122121500619,7.878577813866298,6.2999997,1.0,0.15115433029862876
2024-08-09,4,NORTE,0.97553957,6.499998,23.0,7.999999,17.999996,1.5,203.0,2024-08-09,4,19646.700302122226,7494.624927035717,9.30863669557349,1.5,1.0,3.977780491661859
2024-08-09,4,SURESTE,0.62,6.700001,26.0,11.769484,17.000004,10.599999,116.0,2024-08-09,4,2198.884036322534,1648.2466440802298,8.882329101837657,10.599999,1.0,-0.3209509210001924
2024-08-09,5,CENTRO,0.6700001,9.1,21.0,15.61,48.0,6.2999997,56.0,2024-08-09,5,2736.2410232616326,1902.068657849125,7.638230569631462,6.2999997,1.0,0.04561122623182149
2024-08-09,5,NORTE,1.005346,7.0999985,20.0,17.0,26.999998,5.4,166.0,2024-08-09,5,5373.3722449097795,3396.659974142544,9.215260103198393,5.400000000000001,1.0,0.23898380449857762
2024-08-09,5,SURESTE,0.60999995,6.299999,25.0,12.510378,24.0,9.2,116.0,2024-08-09,5,2534.8507815006124,1840.8617493801794,8.854748167187605,9.2,1.0,-0.1633542303573877
2024-08-09,6,CENTRO,0.6700001,7.5,21.0,14.78,47.0,6.8999996,45.999992,2024-08-09,6,2430.425755937054,1747.9368890743376,7.322333924647689,6.8999996,1.0,-0.11526677227685418
2024-08-09,6,NORTE,1.0438969,9.799997,15.0,7.0,22.999996,1.8000002,121.0,2024-08-09,6,15628.146587198607,6660.907290639255,9.024839268696885,1.8000002,1.0,2.9251489500676002
2024-08-09,6,SURESTE,0.62999994,7.1000004,21.0,12.906647,29.0,10.799999,110.0,2024-08-09,6,2202.735818163666,1665.8907445378518,8.671686386389316,10.799999,1.0,-0.3191441110109517
2024-08-09,7,CENTRO,0.71000004,10.400001,18.0,16.25,49.0,8.0,57.999996,2024-08-09,7,2003.60641490431,1503.9437157108969,7.283504903115331,8.0,1.0,-0.3398004978519769
2024-08-09,7,NORTE,1.1014478,10.199998,13.0,24.0,27.999998,5.9,122.0,2024-08-09,7,4770.255236936873,3124.0991160367494,9.003552206018949,5.900000000000001,1.0,0.08100159724163071
2024-08-09,7,SURESTE,0.68999994,10.600001,18.0,14.034103,21.000002,9.099999,117.0,2024-08-09,7,2470.790043452204,1795.2691620339644,8.611198543288204,9.099999,1.0,-0.19340411017871803
2024-08-09,8,CENTRO,0.75,12.700001,20.0,17.43,50.0,4.6,32.999992,2024-08-09,8,3673.5712815137276,2388.0815632569975,7.294492173867411,4.6,1.0,0.5387056920786467
2024-08-09,8,NORTE,1.125476,9.499998,15.0,21.58875,29.999998,5.7,159.0,2024-08-09,8,4939.53893095252,3187.5795703512426,8.99385248166873,5.7,1.0,0.12534425592918488
2024-08-09,8,SURESTE,0.72999996,12.6,17.000002,14.686937,27.0,7.8999996,98.0,2024-08-09,8,3217.9630581206884,2279.7726631947344,8.640742438837124,7.899999600000001,1.0,0.15708294289835595
2024-08-09,9,CENTRO,0.85,22.400002,17.000002,19.48,49.0,7.2,50.999996,2024-08-09,9,2261.3069775779195,1658.3239534033146,7.317067184874262,7.2,1.0,-0.2042338497242109
2024-08-09,9,NORTE,1.1466125,8.799999,19.0,29.0,38.0,3.7000003,102.0,2024-08-09,9,7355.956218413805,4143.585035697314,9.00577557030492,3.7000003,1.0,0.7583075643426785
2024-08-09,9,SURESTE,0.78,14.700001,17.000002,16.695374,36.0,8.9,107.0,2024-08-09,9,2737.652367016105,1986.4938364544093,8.661072721016138,8.9,1.0,-0.06822321160904511
2024-08-09,10,CENTRO,0.8000001,16.900002,22.0,20.72,51.0,9.7,56.0,2024-08-09,10,1674.2582834051636,1307.2503150354953,7.34583401370644,9.7,1.0,-0.5130582579098455
2024-08-09,10,NORTE,1.1170402,10.199998,19.0,33.0,36.0,4.9,46.000004,2024-08-09,10,4172.846492939454,2497.227289325622,9.004637207730296,4.9,1.0,-0.0754853708983101
2024-08-09,10,SURESTE,0.78,13.200001,21.0,18.13673,40.0,10.2,84.0,2024-08-09,10,2676.1235322960756,2012.4103842325453,8.671186569877438,10.2,1.0,-0.09708541559249295
2024-08-09,11,CENTRO,0.80999994,24.6,24.0,24.98,50.0,12.0,44.999992,2024-08-09,11,1390.7609955852624,1125.577130558433,7.342327708059061,12.0,1.0,-0.6621956003522582
2024-08-09,11,NORTE,1.0481527,9.9,25.0,23.040737,35.0,6.1000004,68.0,2024-08-09,11,3703.459764403872,2399.047039291673,8.989008908517064,6.1000004,1.0,-0.1984378833476022
2024-08-09,11,SURESTE,0.7899999,13.700001,27.0,19.818562,53.0,13.4,74.0,2024-08-09,11,2122.5806026438654,1685.1559400941699,8.656340896701996,13.4,1.0,-0.3567436558616948
2024-08-09,12,CENTRO,0.78999996,13.400001,38.0,29.84,67.0,14.7,52.999996,2024-08-09,12,1116.844099158928,934.3842798370271,7.35865422957992,14.699999999999998,1.0,-0.8062930564416756
2024-08-09,12,NORTE,0.9794479,9.299999,35.0,20.792747,36.0,5.5,67.0,2024-08-09,12,4092.393851488486,2568.4277787613946,8.998051450983972,5.5,1.0,-0.0965593676651973
2024-08-09,12,SURESTE,0.83,12.1,35.0,20.632465,53.0,14.699999,99.0,2024-08-09,12,1722.8944800948236,1387.3667260621605,8.64595731541006,14.699998999999998,1.0,-0.5442300994268048
2024-08-09,13,CENTRO,0.77,10.1,40.0,28.24,68.0,14.799999,71.0,2024-08-09,13,1106.4269189333888,921.2694915062957,7.433723699758595,14.799999,1.0,-0.8117731461685569
2024-08-09,13,NORTE,0.9521538,7.0999985,47.0,18.86356,46.0,10.1,106.0,2024-08-09,13,2695.214331668907,2011.5857919351577,8.969080418958322,10.1,1.0,-0.4625405977704077
2024-08-09,13,SURESTE,0.85999995,9.200001,33.0,20.534702,66.0,16.3,119.0,2024-08-09,13,1355.0698617887733,1103.150750619049,8.591560058084543,16.3,1.0,-0.7167708148814268
2024-08-09,14,CENTRO,0.76,10.3,39.0,21.269999,63.0,13.5,79.0,2024-08-09,14,1216.7493251981698,997.9173905828461,7.487001000702315,13.5,1.0,-0.7537366456831134
2024-08-09,14,NORTE,0.9355133,6.0,47.0,17.987722,39.0,12.5,133.0,2024-08-09,14,2289.864917230629,1790.764435911963,8.96300640217523,12.5,1.0,-0.5687189916089493
2024-08-09,14,SURESTE,0.74999994,9.3,36.0,18.958708,47.0,15.599999,129.0,2024-08-09,14,1337.2813026231659,1076.8437173186835,8.648110493645753,15.599999,1.0,-0.7251151468608241
2024-08-09,15,CENTRO,0.72,9.5,42.0,20.689999,52.0,17.5,85.0,2024-08-09,15,933.1469003737244,794.8314862718335,7.47086586166295,17.5,1.0,-0.9029292967796959
2024-08-09,15,NORTE,0.9282854,6.299999,46.0,17.699326,29.999998,14.8,117.0,2024-08-09,15,1875.3417615258165,1508.1089392280237,8.96046703122086,14.800000000000002,1.0,-0.67730038167365
2024-08-09,15,SURESTE,0.68,9.800001,39.0,19.39,51.0,18.1,139.0,2024-08-09,15,1035.7175975745595,852.649598823051,8.674034612037579,18.1,1.0,-0.8665739150744831
2024-08-09,16,CENTRO,0.72,8.500001,49.0,18.449999,66.0,13.599999,117.0,2024-08-09,16,1277.9466595086346,1040.7211412818665,7.52240196538234,13.599999,1.0,-0.7215430121079639
2024-08-09,16,NORTE,0.9567115,7.3999996,42.0,32.0,48.0,15.3,125.0,2024-08-09,16,1837.0277540049526,1486.5628801586013,8.940529838512692,15.300000000000002,1.0,-0.6873364632249719
2024-08-09,16,SURESTE,0.6599999,11.600001,42.0,10.679999,87.0,13.2,139.0,2024-08-09,16,1409.7878819757027,1100.3326365086975,8.659414825825179,13.200000000000001,1.0,-0.6911034563593342
2024-08-09,17,CENTRO,0.73,10.400001,43.0,15.29,48.0,12.2,117.0,2024-08-09,17,1428.7228504062884,1142.0429392508777,7.530681771212095,12.199999999999998,1.0,-0.64222528534244
2024-08-09,17,NORTE,0.91045856,7.499998,42.0,15.168063,25.999998,14.1,142.0,2024-08-09,17,2015.8532489318245,1612.6123958362164,8.93948311394715,14.1,1.0,-0.6404943977071773
2024-08-09,17,SURESTE,0.68,10.1,38.0,15.57,32.0,11.9,131.0,2024-08-09,17,1713.199089371572,1312.1736605548676,8.652619188886002,11.9,1.0,-0.5487780539919612
2024-08-09,18,CENTRO,0.75,10.8,37.0,18.21,43.0,12.3,116.0,2024-08-09,18,1411.5862509732453,1130.839441037907,7.515996743465619,12.300000000000002,1.0,-0.651240210732371
2024-08-09,18,NORTE,0.9295598,8.1,39.0,14.789861,27.999998,14.5,136.0,2024-08-09,18,1957.8186420388408,1575.3874169722792,8.923649420292568,14.5,1.0,-0.6556961498929731
2024-08-09,18,SURESTE,0.73999995,10.700001,35.0,15.65,25.0,10.799999,126.0,2024-08-09,18,1956.8957782906753,1472.763629444102,8.634817097667293,10.799999,1.0,-0.4344637885312448
2024-08-09,19,CENTRO,0.75,10.700001,36.0,18.72,44.0,12.099999,93.0,2024-08-09,19,1348.476908011359,1088.766537394316,7.349234377344031,12.099999,1.0,-0.684439680699088
2024-08-09,19,NORTE,0.9794569,7.499998,36.0,18.0,28.999996,13.900001,129.0,2024-08-09,19,2025.1494366630268,1616.2845762434843,8.917993044954661,13.900001,1.0,-0.6380593275011713
2024-08-09,19,SURESTE,0.7199999,10.5,32.0,15.209999,28.000002,13.7,129.0,2024-08-09,19,1498.9135430329434,1182.137761644614,8.616521705530985,13.700000000000001,1.0,-0.649296017273277
2024-08-09,20,CENTRO,0.8000001,13.400001,29.0,17.269999,49.0,12.3,104.0,2024-08-09,20,1316.538850854594,1064.6155951312319,7.347344531661675,12.300000000000002,1.0,-0.7012411005777843
2024-08-09,20,NORTE,1.0412924,9.299999,27.0,8.999999,25.999998,12.3,112.0,2024-08-09,20,2219.6964810888085,1726.3929230249632,8.932853793425634,12.300000000000002,1.0,-0.5870991139979882
2024-08-09,20,SURESTE,0.81999993,13.000001,29.0,15.44,35.0,12.599999,99.0,2024-08-09,20,1985.5218384551806,1557.5523733727618,8.605777852000708,12.599999,1.0,-0.4210357561059623
2024-08-09,21,CENTRO,0.72,16.0,24.0,18.39,43.0,11.6,124.0,2024-08-09,21,1418.6779024712687,1137.9693304151695,7.275352678897361,11.6,1.0,-0.6475095575537246
2024-08-09,21,NORTE,1.090218,10.999999,23.0,11.0,27.999998,12.1,100.0,2024-08-09,21,2202.929140829366,1708.0330447797558,8.924678609327739,12.1,1.0,-0.5914911994291687
2024-08-09,21,SURESTE,0.83,14.8,21.0,14.379999,35.0,16.2,90.0,2024-08-09,21,1615.2391004736128,1323.7441012956122,8.567933338703593,16.2,1.0,-0.5947295366529648
2024-08-09,22,CENTRO,0.82000005,17.1,16.0,18.369999,49.0,10.4,63.999996,2024-08-09,22,1541.6466929476676,1219.2947860810664,7.294929625535511,10.4,1.0,-0.5828202663226266
2024-08-09,22,NORTE,1.1055521,10.399999,18.0,13.0,28.999996,13.200001,99.0,2024-08-09,22,2030.5838970343023,1596.7514681470652,8.95902298260909,13.200001,1.0,-0.6366358092893569
2024-08-09,22,SURESTE,0.77,13.6,18.0,14.23,38.0,16.599998,91.0,2024-08-09,22,1564.4688818269535,1287.1972915228826,8.57335031720463,16.599998,1.0,-0.6185450438624182
2024-08-09,23,CENTRO,0.76,13.000001,17.000002,17.74,42.0,9.1,80.0,2024-08-09,23,1748.3419393983745,1341.1012301208013,7.318193342474211,9.1,1.0,-0.4740856114404221
2024-08-09,23,NORTE,1.0931839,8.299999,18.0,19.0,37.0,13.1,93.0,2024-08-09,23,1974.261171491304,1547.5864758931634,8.989405510964701,13.1,1.0,-0.6513891463406805
2024-08-09,23,SURESTE,0.7,10.200001,18.0,14.529999,40.0,17.5,85.0,2024-08-09,23,1544.3389994313345,1280.611461163347,8.635512052499118,17.5,1.0,-0.627987653567426
2024-08-10,0,CENTRO,0.72,8.700001,20.0,20.0,48.0,7.8999996,102.0,2024-08-10,0,2019.0304340611524,1509.4498126920164,7.316106077856002,7.8999996,1.0,-0.3316864970284711
2024-08-10,0,NORTE,1.0600519,6.5999985,18.0,19.0,30.999998,13.200001,108.0,2024-08-10,0,2069.7653682315286,1628.8287639590528,8.977465117901282,13.200001,1.0,-0.6263725018026106
2024-08-10,0,SURESTE,0.7099999,10.700001,15.000001,16.156307,38.0,18.9,81.0,2024-08-10,0,1462.2462753543075,1227.4159680755622,8.625153991619168,18.9,1.0,-0.6664960530625452
2024-08-10,1,CENTRO,0.72,9.800001,17.000002,19.71,49.0,7.7,74.0,2024-08-10,1,2066.4403616393015,1532.499751494558,7.375737674518317,7.7,1.0,-0.30674590356189735
2024-08-10,1,NORTE,1.045231,6.499998,18.454967,20.307447,27.999998,13.8,126.0,2024-08-10,1,2056.7379034501623,1633.7170011022388,9.035906753895208,13.800000000000002,1.0,-0.6297849534727098
2024-08-10,1,SURESTE,0.6599999,8.1,18.0,15.759999,36.0,17.199999,91.0,2024-08-10,1,1529.1316414951825,1262.7592088667982,8.670835338929862,17.199999,1.0,-0.6351211848426355
2024-08-10,2,CENTRO,0.68000007,6.8,21.0,19.99,46.0,8.3,80.0,2024-08-10,2,1937.2530202314142,1459.7348607408267,7.414097673891949,8.3,1.0,-0.3747065423494282
2024-08-10,2,NORTE,1.0174046,6.299999,19.0,27.0,27.999998,10.6,135.0,2024-08-10,2,2725.5518675209473,2061.515647476395,9.082945733839852,10.6,1.0,-0.45459389619627905
2024-08-10,2,SURESTE,0.6599999,8.7,16.000002,17.039999,32.0,12.599999,99.0,2024-08-10,2,2013.8570593180773,1575.4404819215265,8.69464997734429,12.599999,1.0,-0.4077441518007251
2024-08-10,3,CENTRO,0.71000004,9.600001,14.000002,21.689999,44.0,9.3,58.999996,2024-08-10,3,1811.5308829753012,1385.924857069768,7.611417836827676,9.3,1.0,-0.44084426656098485
2024-08-10,3,NORTE,1.010917,5.799999,18.0,28.0,34.0,10.400001,129.0,2024-08-10,3,2770.709880334974,2083.3861592468556,9.162658584975466,10.400001,1.0,-0.4427650761739826
2024-08-10,3,SURESTE,0.6399999,7.800001,15.000001,17.5,35.0,11.2,115.0,2024-08-10,3,2079.3608222193916,1577.4406947215132,8.80370984508992,11.2,1.0,-0.37701737182603956
2024-08-10,4,CENTRO,0.69000006,8.300001,16.0,21.0,54.0,6.6,38.999992,2024-08-10,4,2756.0958026585126,1923.1242151693307,7.640756388520837,6.599999999999999,1.0,0.05605608465287337
2024-08-10,4,NORTE,1.0054563,6.0,16.0,24.451351,28.999996,9.7,154.0,2024-08-10,4,2972.3056123698143,2191.827815710066,9.200042094569985,9.7,1.0,-0.38995850912410296
2024-08-10,4,SURESTE,0.62999994,7.6000004,15.000001,18.41,31.0,9.0,85.0,2024-08-10,4,3068.909823074244,2241.2589700035,8.864708753070506,9.0,1.0,0.08716442593182461
2024-08-10,5,CENTRO,0.69000006,13.8,13.0,25.0,51.0,7.7,32.0,2024-08-10,5,2366.0146366437225,1718.617409592889,7.623947067639348,7.7,1.0,-0.14915105818667634
2024-08-10,5,NORTE,1.0270753,10.199998,10.0,32.0,33.0,4.7,217.0,2024-08-10,5,6016.380173627837,3607.988679710894,9.156536677954493,4.7,1.0,0.4074151545014941
2024-08-10,5,SURESTE,0.6399999,8.3,12.000001,17.74,30.0,7.1999993,97.0,2024-08-10,5,3602.392800028747,2487.514295673766,8.80729981366873,7.1999993,1.0,0.33741285941216065
2024-08-10,6,CENTRO,0.72,33.7,4.000002,26.0,60.0,4.5,33.999992,2024-08-10,6,3944.7386939261114,2488.626688781786,7.490804890453669,4.5,1.0,0.6813567472445075
2024-08-10,6,NORTE,1.1138741,14.399999,6.0,35.0,36.0,3.4,271.0,2024-08-10,6,7504.300137145723,3939.587161871817,9.07469044225038,3.4,1.0,0.7971651979437963
2024-08-10,6,SURESTE,0.62999994,9.200001,12.000001,17.67,35.0,3.3999996,115.0,2024-08-10,6,6819.412568907766,3693.693887011852,8.694004487736105,3.3999996,1.0,1.8464659921532725
2024-08-10,7,CENTRO,0.77,27.5,4.000002,28.0,66.0,3.6,32.0,2024-08-10,7,4814.9055009302665,2868.3298012904793,7.3294492875588775,3.6,1.0,1.1391190280626646
2024-08-10,7,NORTE,1.1014045,14.299999,4.000002,24.172146,34.0,4.4,300.0,2024-08-10,7,5353.958579076711,3048.3560557365795,9.024254962309369,4.4,1.0,0.233898532919908
2024-08-10,7,SURESTE,0.7099999,15.1,7.000002,18.63,37.0,1.8999996,151.0,2024-08-10,7,8564.280511229705,3639.6277807609463,8.624912011557761,1.8999995999999997,1.0,2.6649559685135884
2024-08-10,8,CENTRO,0.88000005,26.900002,7.000002,28.0,57.0,4.8999996,357.0,2024-08-10,8,4068.024240089203,2664.3455403565526,7.2013524808321305,4.8999996,1.0,0.7462126718204256
2024-08-10,8,NORTE,1.1420734,13.699999,8.0,21.938759,36.0,3.1,280.0,2024-08-10,8,8077.435410576856,4062.786897212647,9.006798201777045,3.1,1.0,0.9472939032472483
2024-08-10,8,SURESTE,0.76,21.9,9.000002,18.859999,43.0,1.8999996,251.0,2024-08-10,8,8461.53056711152,3520.929286339462,8.577060248813487,1.8999995999999997,1.0,2.6167575935578293
2024-08-10,9,CENTRO,1.02,26.900002,12.000002,30.377613,59.0,7.0,11.0,2024-08-10,9,2642.7582509252534,1907.5716549872736,7.228653104404188,7.0,1.0,-0.0035665713323426887
2024-08-10,9,NORTE,1.0765123,14.899999,11.0,23.650446,32.0,5.6000004,297.0,2024-08-10,9,4252.020327091038,2620.635894479005,8.966346904963432,5.6000004,1.0,-0.05474634860095755
2024-08-10,9,SURESTE,0.7899999,25.1,15.000001,19.81,40.0,5.7,63.0,2024-08-10,9,5073.334694277883,3311.330033202286,8.608781914061524,5.7,1.0,1.0274084556687155
2024-08-10,10,CENTRO,0.88000005,24.5,21.0,29.0,66.0,7.2999997,353.0,2024-08-10,10,2776.4497564705275,2020.1690127366323,7.263637414642511,7.2999997,1.0,0.06676354010355096
2024-08-10,10,NORTE,1.0761794,11.999999,21.0,28.0,37.0,1.9000001,306.0,2024-08-10,10,12105.931135204552,4906.599590048089,8.959415079265503,1.9000001,1.0,2.002529683516352
2024-08-10,10,SURESTE,0.78,21.7,22.0,23.27,48.0,8.299999,76.0,2024-08-10,10,3363.8273912856926,2423.6584288393624,8.575372834277388,8.299999,1.0,0.22550559638877676
2024-08-10,11,CENTRO,0.86,23.900002,33.0,25.0,65.0,7.3999996,27.999992,2024-08-10,11,2346.186236835935,1725.1275932223348,7.3188786620717865,7.3999996,1.0,-0.15958203929044518
2024-08-10,11,NORTE,1.0723103,8.9,33.0,19.999771,26.999998,2.0000005,107.0,2024-08-10,11,13554.654089190968,6042.445022285108,8.913753125447291,2.0000005,1.0,2.382012349315855
2024-08-10,11,SURESTE,0.78,17.5,35.0,20.89,63.0,13.2,72.0,2024-08-10,11,2124.39488260139,1685.2053150124818,8.54604533027424,13.200000000000001,1.0,-0.3558926058059702
2024-08-10,12,CENTRO,0.7800001,13.8,47.0,22.0,62.0,12.4,61.0,2024-08-10,12,1299.8425333532384,1059.3998677443863,7.332082288038626,12.4,1.0,-0.7100244100756473
2024-08-10,12,NORTE,1.0145926,6.8999977,38.0,16.567963,25.999998,7.8,105.0,2024-08-10,12,3454.851885813538,2433.0801682781607,8.903668105692725,7.8,1.0,-0.26355894755564796
2024-08-10,12,SURESTE,0.84,13.3,42.0,22.34,81.0,17.599998,95.0,2024-08-10,12,1450.6092631365123,1204.2233579494175,8.570602651885848,17.599998,1.0,-0.6719547915859736
2024-08-10,13,CENTRO,0.75,11.3,39.0,17.0,56.0,13.799999,86.0,2024-08-10,13,1176.2067174466124,969.9468616412959,7.348259580125849,13.799999,1.0,-0.7750645984908792
2024-08-10,13,NORTE,0.9365069,6.499998,49.0,14.921192,27.999998,8.1,107.0,2024-08-10,13,3323.597969851048,2366.389488871232,8.867645853161216,8.1,1.0,-0.29793997657780324
2024-08-10,13,SURESTE,0.74999994,10.800001,32.0,27.989998,67.0,18.9,113.0,2024-08-10,13,1214.4708606389056,1013.871523115722,8.545416952408416,18.9,1.0,-0.7827235843353152
2024-08-10,14,CENTRO,0.68000007,7.2,32.0,14.0,47.0,15.2,128.0,2024-08-10,14,1121.9358030982733,932.4862126924945,7.314051451029842,15.199999999999998,1.0,-0.8036145010316502
2024-08-10,14,NORTE,0.8877849,6.3999996,42.0,13.263658,26.999998,12.3,117.0,2024-08-10,14,2229.462917384894,1736.5456483019207,8.843878209495132,12.300000000000002,1.0,-0.5845408655276363
2024-08-10,14,SURESTE,0.74999994,9.5,31.0,20.65,44.0,17.9,118.0,2024-08-10,14,1232.5664025731328,1020.2127700743218,8.520959225102317,17.9,1.0,-0.7742352515906242
2024-08-10,15,CENTRO,0.70000005,8.300001,33.0,14.0,43.0,15.9,88.0,2024-08-10,15,1013.2540586505028,854.6708984599873,7.275703127260292,15.9,1.0,-0.8607879105679093
2024-08-10,15,NORTE,0.86934257,5.8999977,38.0,11.642926,15.999996,13.6,135.0,2024-08-10,15,2060.7342090027773,1641.5388744270142,8.84195837268249,13.6,1.0,-0.6287381496788701
2024-08-10,15,SURESTE,0.72999996,10.3,28.0,20.179998,40.0,16.2,131.0,2024-08-10,15,1233.103463224598,1001.725119081299,8.493692289397417,16.2,1.0,-0.7739833249265715
2024-08-10,16,CENTRO,0.68000007,8.700001,30.0,12.0,44.0,18.599998,74.0,2024-08-10,16,853.9112437863113,737.0243867393049,7.219624212549379,18.599998,1.0,-0.9446122184788743
2024-08-10,16,NORTE,0.8526906,5.799999,38.0,11.185011,25.0,16.6,142.0,2024-08-10,16,1687.3058286273426,1389.0773734429665,8.815738837031125,16.6,1.0,-0.7265550558582895
2024-08-10,16,SURESTE,0.68,9.900001,27.0,19.22,34.0,16.4,139.0,2024-08-10,16,1124.4505418047381,912.5288611794565,8.496817315701607,16.4,1.0,-0.8249506932456188
2024-08-10,17,CENTRO,0.6500001,8.000001,30.0,11.0,41.0,17.2,83.0,2024-08-10,17,917.8206830143954,785.2364493899897,7.223448494335795,17.2,1.0,-0.9109918477276864
2024-08-10,17,NORTE,0.84960425,5.8999977,34.0,10.019305,22.999996,16.7,139.0,2024-08-10,17,1696.4624222529883,1396.2198100410167,8.874721830473609,16.7,1.0,-0.7241565513346044
2024-08-10,17,SURESTE,0.7,10.400001,27.0,14.07,31.0,16.5,128.0,2024-08-10,17,1253.614663254097,1021.0227172396748,8.533727782631217,16.5,1.0,-0.764361845145743
2024-08-10,18,CENTRO,0.62,8.000001,29.0,9.999999,39.0,14.6,82.0,2024-08-10,18,1080.9509623043975,902.7237187372638,7.230013257288424,14.6,1.0,-0.8251750961379676
2024-08-10,18,NORTE,0.86239487,5.8999977,31.0,16.0,22.0,16.0,152.0,2024-08-10,18,1748.3271531918754,1426.6100622825272,8.89507602147646,16.0,1.0,-0.7105709542378614
2024-08-10,18,SURESTE,0.66999996,10.1,27.0,12.129999,31.0,16.4,136.0,2024-08-10,18,1165.780805476834,946.2434181642418,8.538456936558873,16.4,1.0,-0.8055633197284441
2024-08-10,19,CENTRO,0.61,7.0,29.0,7.999998,35.0,12.5,93.0,2024-08-10,19,1275.922610079668,1041.8731029066137,7.276882045482508,12.5,1.0,-0.7226077889710143
2024-08-10,19,NORTE,0.89208305,5.799999,30.0,11.0,22.999996,16.2,141.0,2024-08-10,19,1744.7835991128466,1429.4075828280488,8.893522998123442,16.2,1.0,-0.7114991630058762
2024-08-10,19,SURESTE,0.68,11.3,23.83742,9.299999,23.0,13.799999,140.0,2024-08-10,19,1334.0017204388594,1049.6119740313102,8.589526020873638,13.799999000000001,1.0,-0.7266535470339242
2024-08-10,20,CENTRO,0.6300001,8.700001,27.0,8.999999,33.0,10.7,114.0,2024-08-10,20,1537.4720025568188,1219.4391615929271,7.332598608272256,10.699999999999998,1.0,-0.5850164151295478
2024-08-10,20,NORTE,0.9364003,7.0,27.0,5.0,19.999996,13.200001,156.0,2024-08-10,20,2116.936987939932,1668.510442434271,8.94177998900654,13.200001,1.0,-0.6140162317871684
2024-08-10,20,SURESTE,0.6599999,11.400001,25.0,9.559999,22.0,12.299999,152.0,2024-08-10,20,1303.2617395130485,999.7811611987524,8.607979778039807,12.299999000000001,1.0,-0.7410731862805493
2024-08-10,21,CENTRO,0.68000007,10.200001,20.0,12.0,35.0,11.1,124.0,2024-08-10,21,1482.4009963561791,1177.874727740827,7.315606579122899,11.1,1.0,-0.6139872161328034
2024-08-10,21,NORTE,1.0351255,9.999999,18.0,6.0,26.999998,11.1,161.0,2024-08-10,21,2507.6382431076595,1909.6064913016187,8.92571323651084,11.1,1.0,-0.5116748190040786
2024-08-10,21,SURESTE,0.60999995,9.000001,26.0,8.54,15.0,12.2,167.0,2024-08-10,21,1154.8003415221428,880.6063048169742,8.582006058500781,12.200000000000001,1.0,-0.8107140818375472
2024-08-10,22,CENTRO,0.68000007,9.900001,20.0,12.0,43.0,8.8,132.0,2024-08-10,22,1875.0870123820175,1428.66268258456,7.247054572589603,8.8,1.0,-0.4074097589205969
2024-08-10,22,NORTE,1.1249719,13.299999,11.0,4.0,22.999996,9.5,164.0,2024-08-10,22,2940.6372198789954,2167.2149804068267,8.920232017558186,9.5,1.0,-0.39825381912173385
2024-08-10,22,SURESTE,0.5799999,7.800001,29.0,7.839999,16.0,12.2,163.0,2024-08-10,22,1189.2009395601442,907.7086113995294,8.622873409861102,12.200000000000001,1.0,-0.7945773049549163
2024-08-10,23,CENTRO,0.64,8.700001,22.0,8.999999,36.0,8.9,132.0,2024-08-10,23,1856.0586107131805,1416.3598672075348,7.28369995520684,8.9,1.0,-0.41741989086097697
2024-08-10,23,NORTE,1.1411813,11.599999,14.000001,12.0,20.999996,8.6,169.0,2024-08-10,23,3258.3290445224015,2345.8373554559143,8.929252168884794,8.6,1.0,-0.31503670698400604
2024-08-10,23,SURESTE,0.5799999,6.800001,29.0,6.709999,12.0,11.7,155.0,2024-08-10,23,1323.0571690002741,1003.4675968607816,8.59273995777712,11.700000000000001,1.0,-0.7317874631492729
2024-08-11,0,CENTRO,0.6500001,8.8,22.0,9.999999,33.0,7.1,119.0,2024-08-11,0,2430.4785118884083,1750.3703579278874,7.65068501451647,7.099999999999999,1.0,-0.11523901933980313
2024-08-11,0,NORTE,1.1529816,12.299999,13.0,7.999999,19.999996,8.9,135.0,2024-08-11,0,3244.0659255328374,2365.2557373467666,9.050531297854521,8.9,1.0,-0.31877282947856694
2024-08-11,0,SURESTE,0.65,8.7,22.0,6.629999,15.0,14.5,111.0,2024-08-11,0,1637.1174864506465,1308.8405596969014,8.767285405267199,14.5,1.0,-0.5844667315507548
2024-08-11,1,CENTRO,0.69000006,13.200001,17.000002,12.0,37.0,7.0,50.0,2024-08-11,1,2468.301363982113,1771.0648016826995,7.634914899540236,7.0,1.0,-0.09534182847697201
2024-08-11,1,NORTE,1.1002655,7.0,17.0,11.0,22.999996,10.8,127.0,2024-08-11,1,2642.094791877492,2005.1256207240035,9.058792517886149,10.800000000000002,1.0,-0.4764548831143521
2024-08-11,1,SURESTE,0.68,10.400001,17.000002,8.83,28.000002,15.5,83.0,2024-08-11,1,1794.2739587160402,1458.9072048843677,8.790395940783895,15.5,1.0,-0.5107471140660068
2024-08-11,2,CENTRO,0.71000004,12.400001,14.000002,14.0,40.0,6.7999997,53.999996,2024-08-11,2,2499.6229323706957,1785.5508462942416,7.635923529548044,6.7999997,1.0,-0.07886472033063577
2024-08-11,2,NORTE,1.0762552,5.8999977,18.0,8.683112,22.0,7.9,153.0,2024-08-11,2,3614.0562634286603,2549.8007161562896,9.096346414246838,7.900000000000001,1.0,-0.22185649405472568
2024-08-11,2,SURESTE,0.68999994,10.400001,13.000001,9.549999,25.0,13.5,100.0,2024-08-11,2,1880.8774541850644,1490.7950676145488,8.773851011303792,13.5,1.0,-0.4701227829978142
2024-08-11,3,CENTRO,0.73,21.0,9.000002,13.0,46.0,6.8999996,16.999992,2024-08-11,3,2826.098830780324,2003.9519658792526,7.693110496895548,6.8999996,1.0,0.09288206509625861
2024-08-11,3,NORTE,1.088395,9.499998,9.0,9.16031,18.999996,7.2000003,250.0,2024-08-11,3,3666.8884602561716,2471.3374849914608,9.145113035440671,7.2000003,1.0,-0.20801747615487123
2024-08-11,3,SURESTE,0.65,8.400001,15.000001,10.7,34.0,12.2,81.0,2024-08-11,3,2308.3981031277685,1799.0384223494395,8.8429556572924,12.200000000000001,1.0,-0.26957960299015576
2024-08-11,4,CENTRO,0.73,18.900002,6.000002,12.0,53.0,7.8999996,0.9999924,2024-08-11,4,2678.541855566391,1945.4045858578947,7.768451230224603,7.8999996,1.0,0.01525784755444221
2024-08-11,4,NORTE,1.0564109,8.299999,9.0,9.086476,23.999996,4.1000004,262.0,2024-08-11,4,6444.94070491512,3630.279172294735,9.170230616975276,4.1000004,1.0,0.5196735351821069
2024-08-11,4,SURESTE,0.62999994,8.200001,14.000001,9.32,30.0,8.4,42.0,2024-08-11,4,3398.735802178137,2423.368278018213,8.874207963055706,8.4,1.0,0.241880580256101
2024-08-11,5,CENTRO,0.78999996,16.1,7.000002,11.0,50.0,6.2999997,43.0,2024-08-11,5,2875.002901132778,1988.435564183061,7.86356461350643,6.2999997,1.0,0.1186086713120298
2024-08-11,5,NORTE,1.0460453,8.599998,7.0,5.0,17.999996,5.2,274.0,2024-08-11,5,4950.207286324856,2994.1722073234664,9.204853356915327,5.2,1.0,0.12813875568170863
2024-08-11,5,SURESTE,0.6399999,8.800001,11.000002,8.639999,25.0,6.8999996,55.0,2024-08-11,5,4284.163877179458,2931.9715225519044,8.89599578172897,6.899999600000001,1.0,0.6572208971927495
2024-08-11,6,CENTRO,0.78999996,19.300001,5.000002,9.999999,48.0,4.0999994,26.999992,2024-08-11,6,4591.87986438968,2801.238383837568,7.839643231507352,4.0999994,1.0,1.0217935644366396
2024-08-11,6,NORTE,1.0783824,9.9,6.0,5.0,20.999996,2.2000003,239.0,2024-08-11,6,12026.787235683558,5337.091653515189,9.165269723180645,2.2000003,1.0,1.9817985023824083
2024-08-11,6,SURESTE,0.6599999,12.400001,7.000002,8.66,18.0,2.6,332.0,2024-08-11,6,8979.343288283231,4354.646542585252,8.84898512986412,2.6,1.0,2.8596553576985997
2024-08-11,7,CENTRO,0.94,15.700001,6.000002,9.999999,45.0,2.1,282.0,2024-08-11,7,10641.69047756867,4981.589018409022,7.757779429161089,2.1,1.0,4.2043731371294015
2024-08-11,7,NORTE,1.086697,11.799999,4.000002,17.0,19.999996,4.2,277.0,2024-08-11,7,6069.664090502642,3413.1293351744903,9.145589281766222,4.2,1.0,0.4213724972523976
2024-08-11,7,SURESTE,0.76,22.300001,4.0,8.799999,21.000002,2.4999995,268.0,2024-08-11,7,7527.96416431495,3525.68040850157,8.821351041921218,2.4999995,1.0,2.1788363478164903
2024-08-11,8,CENTRO,0.89,21.5,9.000002,11.0,38.0,1.8999996,229.0,2024-08-11,8,11031.27923291522,4973.656273451624,7.658413931743279,1.8999996,1.0,4.40932124109413
2024-08-11,8,NORTE,1.1198972,13.2,7.0,17.0,22.999996,8.9,273.0,2024-08-11,8,2883.786449728532,2032.7801293228656,9.123348037705652,8.9,1.0,-0.4131454736993661
2024-08-11,8,SURESTE,0.90999997,27.4,6.000002,9.459999,33.0,5.799999,270.0,2024-08-11,8,3299.7960422578726,2082.484713383657,8.813361358557145,5.799999,1.0,0.19546950249254896
2024-08-11,9,CENTRO,0.82000005,20.1,15.000001,14.0,49.0,5.1,349.0,2024-08-11,9,4211.442903052779,2758.67135809951,7.632019868322534,5.1,1.0,0.8216598777373293
2024-08-11,9,NORTE,1.1140052,8.999998,14.000001,22.0,22.0,7.1,282.0,2024-08-11,9,3543.5508777642412,2343.4454372606565,9.115196816447508,7.099999999999999,1.0,-0.24032487797280547
2024-08-11,9,SURESTE,1.03,30.6,12.000001,10.42,40.0,6.0999994,274.0,2024-08-11,9,3198.9582675890533,2056.704250298567,8.77411936622242,6.099999399999999,1.0,0.14816809600612008
2024-08-11,10,CENTRO,0.78999996,17.800001,20.0,13.0,45.0,5.7,342.0,2024-08-11,10,3808.8491344031813,2568.7573172959105,7.639061069494705,5.7,1.0,0.609870321646692
2024-08-11,10,NORTE,1.1240402,9.9,18.0,18.0,25.999998,6.1000004,295.0,2024-08-11,10,3975.311806461512,2510.9720707050587,9.091881517767307,6.1000004,1.0,-0.12722817597104683
2024-08-11,10,SURESTE,0.9599999,34.9,16.000002,11.859999,37.0,4.799999,314.0,2024-08-11,10,4787.189578049054,2887.2428366644417,8.75534076150332,4.799999,1.0,0.8931823037995437
2024-08-11,11,CENTRO,0.84000003,17.800001,35.0,17.0,43.0,6.3999996,4.0,2024-08-11,11,3107.589785635808,2169.1634795605223,7.5723187819781455,6.3999996,1.0,0.24096395064640677
2024-08-11,11,NORTE,1.0596563,8.299999,31.0,14.0,30.999998,5.0,283.0,2024-08-11,11,5001.258610450628,2977.4038249345035,9.080832681461533,5.0,1.0,0.14151128665357876
2024-08-11,11,SURESTE,0.9599999,27.7,29.0,12.849999,43.0,6.4999995,22.0,2024-08-11,11,4074.516035103845,2723.4160978489654,8.768218257604179,6.4999995,1.0,0.5588784076882918
2024-08-11,12,CENTRO,0.93,27.7,41.0,14.0,55.0,8.0,45.999992,2024-08-11,12,2153.0433744427887,1598.8169504730201,7.568396146742794,8.0,1.0,-0.2611872907217513
2024-08-11,12,NORTE,1.0309321,7.5999985,48.0,12.393463,26.999998,4.7,205.0,2024-08-11,12,6040.806365886229,3658.2622016180126,9.087096029955893,4.7,1.0,0.4138134216981583
2024-08-11,12,SURESTE,0.83,17.1,53.0,12.509999,42.0,8.5,88.0,2024-08-11,12,3174.3537051498074,2291.247590627144,8.74155441682655,8.5,1.0,0.13662648460918225
2024-08-11,13,CENTRO,0.8000001,12.200001,77.0,13.0,58.0,9.4,62.0,2024-08-11,13,1769.4267002871522,1364.4971424190508,7.544294843677487,9.4,1.0,-0.46299370566182546
2024-08-11,13,NORTE,0.94686925,6.3999996,61.0,11.514124,26.999998,3.0,81.0,2024-08-11,13,8046.7916501254995,4117.987189499507,9.063457758453229,3.0,1.0,0.9392669883190327
2024-08-11,13,SURESTE,0.83,13.400001,59.0,12.92,41.0,14.099999,96.0,2024-08-11,13,1835.2079978409295,1466.692189580606,8.73652701397552,14.099999,1.0,-0.4915456032221098
2024-08-11,14,CENTRO,0.73,10.900001,75.0,13.0,49.0,13.2,43.0,2024-08-11,14,1309.1110548439817,1071.0579096875033,7.585553721223465,13.199999999999998,1.0,-0.7051485868389257
2024-08-11,14,NORTE,0.90025413,6.299999,66.0,10.8934555,17.999996,4.7,83.0,2024-08-11,14,5195.647787421504,3117.08687105178,9.04008306995686,4.7,1.0,0.19243014790064852
2024-08-11,14,SURESTE,0.78,12.3,50.0,20.14,45.0,15.799999,110.0,2024-08-11,14,1521.9416997186843,1234.0442366707646,8.736812792682155,15.799999000000001,1.0,-0.6384938729022527
2024-08-11,15,CENTRO,0.64,7.7,57.0,8.999999,45.0,15.2,74.0,2024-08-11,15,1073.5578547910177,899.9540555423703,7.481690834246052,15.199999999999998,1.0,-0.8290643340753582
2024-08-11,15,NORTE,0.90215695,6.0,69.0,10.624273,22.999996,8.3,85.0,2024-08-11,15,2985.8649067992205,2106.6751776466567,9.038471489572766,8.3,1.0,-0.38640674846325845
2024-08-11,15,SURESTE,0.7,9.400001,45.0,18.859999,42.0,15.2,131.0,2024-08-11,15,1357.006571216572,1086.6794225534795,8.74140174243165,15.200000000000001,1.0,-0.7158623350960361
2024-08-11,16,CENTRO,0.61,7.0,47.0,9.999999,38.0,17.6,75.0,2024-08-11,16,932.528177235208,796.9377527383509,7.5408783025267585,17.6,1.0,-0.9032547839308978
2024-08-11,16,NORTE,0.90789247,5.499998,58.0,9.218016,30.999998,11.5,123.0,2024-08-11,16,2457.872642286505,1889.5229614788025,9.04356427972108,11.5,1.0,-0.5247105639080712
2024-08-11,16,SURESTE,0.6599999,9.000001,38.0,12.469999,30.0,15.5,135.0,2024-08-11,16,1261.7614825261019,1014.0542517920488,8.72808196862832,15.5,1.0,-0.7605403009751959
2024-08-11,17,CENTRO,0.62,7.1000004,41.0,8.999999,36.0,15.099999,86.0,2024-08-11,17,1080.0470827962877,904.050688393884,7.510321462746229,15.099999,1.0,-0.8256505934126128
2024-08-11,17,NORTE,0.8842552,5.299999,46.0,7.367755,20.999996,15.1,124.0,2024-08-11,17,1871.179841173323,1510.6455225921432,9.0431714958948,15.1,1.0,-0.6783905670854733
2024-08-11,17,SURESTE,0.7199999,9.7,38.0,11.059999,22.0,15.2,117.0,2024-08-11,17,1503.1406172468023,1208.4386654736584,8.73167447218583,15.200000000000001,1.0,-0.6473131635630011
2024-08-11,18,CENTRO,0.6,5.6000004,42.0,7.999998,29.0,14.4,104.0,2024-08-11,18,1156.0921290472047,955.5191601309349,7.556695203068044,14.4,1.0,-0.7856461327315748
2024-08-11,18,NORTE,0.8800821,5.15296,43.0,13.0,19.999996,14.700001,121.0,2024-08-11,18,1911.5898798217595,1536.4238786776416,9.054920217842742,14.700001,1.0,-0.6678054450998149
2024-08-11,18,SURESTE,0.7,9.400001,35.0,10.32,26.000002,15.799999,131.0,2024-08-11,18,1297.871221093141,1048.0183645002667,8.731145800636021,15.799999000000001,1.0,-0.7436017932811506
2024-08-11,19,CENTRO,0.6,5.800001,35.0,8.999999,31.0,14.5,101.0,2024-08-11,19,1137.2434838477966,945.6932929072825,7.515072074462361,14.5,1.0,-0.7955617015022555
2024-08-11,19,NORTE,0.94375443,6.5846004,35.0,7.0,15.999996,14.700001,144.0,2024-08-11,19,1942.3953262886737,1564.3691923403326,9.030295691753397,14.700001,1.0,-0.6597361776707037
2024-08-11,19,SURESTE,0.68,9.5,30.0,8.98,23.0,13.9,144.0,2024-08-11,19,1280.197173180094,1006.2547454628947,8.735855521647025,13.9,1.0,-0.7518924098416742
2024-08-11,20,CENTRO,0.64,7.0,32.0,8.999999,29.0,11.799999,121.0,2024-08-11,20,1449.0859365568977,1159.671766314613,7.566164469689016,11.799999,1.0,-0.6315130257092649
2024-08-11,20,NORTE,1.0061686,8.095152,29.0,5.0,15.999996,14.4,139.0,2024-08-11,20,1989.874583252953,1597.5425561639554,9.01182942466641,14.4,1.0,-0.647299324265844
2024-08-11,20,SURESTE,0.62,7.200001,31.0,8.87,19.0,12.4,161.0,2024-08-11,20,1197.790851796514,916.7192859938526,8.751322973936546,12.4,1.0,-0.7905479128772972
2024-08-11,21,CENTRO,0.65999997,8.900001,30.0,7.815426,27.0,8.0,131.0,2024-08-11,21,2159.001408926955,1597.1128278483448,7.5576295713560135,8.0,1.0,-0.25805299114526553
2024-08-11,21,NORTE,1.0852407,9.971997,28.0,2.0,17.999996,9.9,158.0,2024-08-11,21,2840.914757611155,2112.023831704948,9.018772896853914,9.9,1.0,-0.4243754082891857
2024-08-11,21,SURESTE,0.62999994,8.800001,30.0,7.739999,14.0,9.599999,155.0,2024-08-11,21,1635.5407640268213,1187.2863032443342,8.773094584368442,9.599999,1.0,-0.5852063471217109
2024-08-11,22,CENTRO,0.6500001,9.1,29.0,8.34092,30.0,6.1,149.0,2024-08-11,22,3010.5475901570885,2038.356688064942,7.621976792512686,6.099999999999999,1.0,0.18991367341177087
2024-08-11,22,NORTE,1.1324905,12.673434,25.0,3.0,14.999996,6.4,127.0,2024-08-11,22,4412.532510350901,2963.476070258564,9.008544753821514,6.400000000000001,1.0,-0.012701324720344425
2024-08-11,22,SURESTE,0.7199999,16.3,21.0,7.549999,13.000004,3.2999992,197.0,2024-08-11,22,3777.93869882041,1931.0617027862313,8.752084635346085,3.2999991999999994,1.0,0.41975866625926045
2024-08-11,23,CENTRO,0.6500001,8.500001,29.0,8.211864,30.0,7.3999996,99.0,2024-08-11,23,2278.005538720231,1655.7993230286768,7.701863196336478,7.3999996,1.0,-0.19544935993057821
2024-08-11,23,NORTE,1.1430908,12.531909,21.0,4.0,13.0,6.7,130.0,2024-08-11,23,4273.130734700068,2904.5559296606607,9.07579623219019,6.7,1.0,-0.04921662759146762
2024-08-11,23,SURESTE,0.6399999,10.200001,28.0,8.709999,19.0,9.4,141.0,2024-08-11,23,1969.7711666530254,1430.139087637011,8.788424595027939,9.4,1.0,-0.4284241473293403
2024-08-12,0,CENTRO,0.61,6.6000004,31.0,6.056362,27.0,8.4,108.0,2024-08-12,0,1995.6793482714638,1490.1578723604155,7.5819945903822825,8.4,1.0,-0.343970631753708
2024-08-12,0,NORTE,1.0644435,10.467133,15.0,7.0,20.999996,7.6,119.0,2024-08-12,0,3701.139121270986,2586.868389354483,9.010645844794603,7.599999999999999,1.0,-0.19904575929794435
2024-08-12,0,SURESTE,0.66999996,9.7,26.0,8.509999,16.0,11.0,113.0,2024-08-12,0,2124.5685595543237,1609.0625497334813,8.672208454208002,11.0,1.0,-0.35581113669208875
2024-08-12,1,CENTRO,0.65999997,9.5,25.0,9.999999,27.0,10.799999,79.0,2024-08-12,1,1535.5836421588974,1207.3927502370823,7.676146598876934,10.799999,1.0,-0.5860098110575483
2024-08-12,1,NORTE,1.0112816,6.7767925,20.0,6.728512,25.0,11.4,89.0,2024-08-12,1,2248.445828021997,1705.5955254504854,9.079423301482473,11.4,1.0,-0.579568427206438
2024-08-12,1,SURESTE,0.68,8.800001,22.0,7.0,20.0,15.299999,91.0,2024-08-12,1,1728.562505848946,1400.4963979443944,8.742864569745386,15.299999000000001,1.0,-0.541571318121368
2024-08-12,2,CENTRO,0.6500001,6.9000006,25.0,8.999999,33.0,9.5,93.0,2024-08-12,2,1831.9847825078857,1387.2682273661308,7.92036346446443,9.5,1.0,-0.4300842333968876
2024-08-12,2,NORTE,0.96354383,4.14332,26.0,6.688348,17.0,14.6,105.0,2024-08-12,2,1914.2483081778291,1529.0175012758039,9.197833928402336,14.6,1.0,-0.6671090887146122
2024-08-12,2,SURESTE,0.5999999,6.200001,25.0,7.0,24.0,16.8,110.0,2024-08-12,2,1431.110606450147,1172.6927769350916,8.859688347647976,16.8,1.0,-0.681101303286477
2024-08-12,3,CENTRO,0.6300001,6.700001,25.0,4.0,34.0,6.0,67.0,2024-08-12,3,2971.9628569738384,2010.6407873259457,8.059061640978783,6.0,1.0,0.16961568534263935
2024-08-12,3,NORTE,0.9754681,5.782234,23.0,6.8334036,15.999996,8.4,147.0,2024-08-12,3,3519.956966911494,2514.117831140367,9.33163444319903,8.4,1.0,-0.24650513497943277
2024-08-12,3,SURESTE,0.60999995,7.5,21.0,6.8559647,17.000004,7.799999,133.0,2024-08-12,3,2625.499247397328,1824.4577839851233,8.957271074716079,7.799999,1.0,-0.12083246758709529
2024-08-12,4,CENTRO,0.69000006,19.400002,9.000002,10.6859255,32.0,7.2,358.0,2024-08-12,4,3088.4028763497213,2171.35836747693,7.942363611274267,7.2,1.0,0.23087043376440955
2024-08-12,4,NORTE,0.96807474,6.125536,21.0,6.559268,10.999996,7.4,201.0,2024-08-12,4,3952.0837783967017,2715.6628636342384,9.278981168724092,7.400000000000001,1.0,-0.13331259258572445
2024-08-12,4,SURESTE,0.60999995,7.1000004,19.0,7.999999,15.0,8.099999,64.0,2024-08-12,4,3678.6100983174033,2619.2726337784156,8.911580605067913,8.099999,1.0,0.37316518952346683
2024-08-12,5,CENTRO,0.70000005,20.800001,7.000002,12.324498,45.0,6.0,359.0,2024-08-12,5,3519.551070227826,2384.344135909977,7.619223763301173,6.0,1.0,0.45768140726012446
2024-08-12,5,NORTE,0.9935883,10.758907,8.0,3.0,13.0,6.4,288.0,2024-08-12,5,3864.592981081596,2471.0453200715156,9.130449796593055,6.400000000000001,1.0,-0.15623018418369095
2024-08-12,5,SURESTE,0.62999994,10.3,13.000001,7.999999,19.0,6.1999993,33.0,2024-08-12,5,4476.385913225431,2940.30011191411,8.833829051102153,6.1999993,1.0,0.7473892164810476
2024-08-12,6,CENTRO,0.88000005,21.5,7.000002,12.273361,47.0,5.7999997,16.0,2024-08-12,6,3180.5680379867376,2181.322912452523,7.228382127824164,5.7999997,1.0,0.27935508551547694
2024-08-12,6,NORTE,1.0636117,14.815582,6.0,6.0,17.0,3.9,275.0,2024-08-12,6,6392.491385499601,3528.6802525212465,8.94972696578619,3.9,1.0,0.505934809295006
2024-08-12,6,SURESTE,0.66999996,16.0,8.000002,8.999999,24.0,2.4999995,345.0,2024-08-12,6,9183.112380198843,4446.193190990314,8.590810603342437,2.4999995,1.0,2.95524021840905
2024-08-12,7,CENTRO,0.88000005,26.7,6.000002,12.863063,52.0,2.8999996,27.999992,2024-08-12,7,5900.662081090472,3303.764372074341,7.200905882021384,2.8999996,1.0,1.7102950423013745
2024-08-12,7,NORTE,1.145107,18.725582,5.0,10.256293,20.999996,4.3,251.00002,2024-08-12,7,5985.098886274921,3464.8269911929956,8.921129595842938,4.3,1.0,0.3992212439393258
2024-08-12,7,SURESTE,0.76,25.9,5.000002,11.0,25.0,5.0999994,55.0,2024-08-12,7,5539.331890777253,3518.4958913900573,8.548852066032099,5.0999994,1.0,1.2460003760630958
2024-08-12,8,CENTRO,0.94,37.8,7.000002,15.907375,47.0,6.1,60.0,2024-08-12,8,2626.9862361393393,1849.2593960998902,7.271753896400309,6.099999999999999,1.0,-0.01186363966841775
2024-08-12,8,NORTE,1.2083756,17.222145,9.0,7.0,27.999998,2.0000005,237.0,2024-08-12,8,12927.365354779175,5548.05138873963,8.902092192243588,2.0000005,1.0,2.2176985303723775
2024-08-12,8,SURESTE,0.80999994,25.0,10.000002,16.0,25.0,10.7,96.0,2024-08-12,8,2362.6786187882194,1795.871363787202,8.574260462646592,10.7,1.0,-0.24411747092724065
2024-08-12,9,CENTRO,0.94,46.700005,8.0,19.912659,55.0,6.6,36.0,2024-08-12,9,2535.121683625941,1815.7762849403266,7.298523233937422,6.599999999999999,1.0,-0.06019015217887693
2024-08-12,9,NORTE,1.2851762,15.90351,17.0,24.0,26.999998,1.3999996,21.0,2024-08-12,9,14539.025586682692,5237.569544823956,8.941446820111205,1.3999996,1.0,2.6398614563361544
2024-08-12,9,SURESTE,0.7099999,15.700001,19.0,19.0,35.0,8.099999,103.0,2024-08-12,9,3011.090401243245,2146.7683912149714,8.558034991578658,8.099999,1.0,0.06004224891214414
2024-08-12,10,CENTRO,0.88000005,28.7,21.0,20.122318,64.0,6.2999997,16.0,2024-08-12,10,2903.7506883660267,2047.0560265547504,7.3037830676523745,6.2999997,1.0,0.13373180925114939
2024-08-12,10,NORTE,1.1455791,16.011242,24.0,14.06678,18.999996,3.7000003,168.0,2024-08-12,10,7594.908358119578,4276.087833048424,8.949454447403852,3.7000003,1.0,0.8208993764793779
2024-08-12,10,SURESTE,0.73999995,19.5,29.0,19.0,34.0,5.5999994,67.0,2024-08-12,10,5094.416325776975,3309.3716250010857,8.587299143284438,5.5999994,1.0,1.0372975158369981
2024-08-12,11,CENTRO,0.92,26.300001,33.0,21.014587,59.0,6.6,4.9999924,2024-08-12,11,2908.1132712371077,2061.120886555622,7.40273302070081,6.599999999999999,1.0,0.13602680127940164
2024-08-12,11,NORTE,1.0676178,14.448166,39.0,14.275913,5.999996,3.6,205.0,2024-08-12,11,7728.21690788429,4295.639462389936,8.912123713333669,3.6,1.0,0.8558186022011599
2024-08-12,11,SURESTE,0.79999995,20.300001,45.0,20.0,73.0,5.7,13.0,2024-08-12,11,4359.86146291634,2812.871443678509,8.606583670596518,5.7,1.0,0.6927294383594037
2024-08-12,12,CENTRO,0.88000005,29.7,45.0,20.989815,59.0,7.5,42.0,2024-08-12,12,2249.056724813677,1656.073272195086,7.391822404986743,7.5,1.0,-0.2106782504998104
2024-08-12,12,NORTE,1.0269531,14.1113615,57.0,13.417637,19.999996,3.5,276.0,2024-08-12,12,7086.391261511124,3762.4461939355124,8.911913063160467,3.5,1.0,0.6876969426430126
2024-08-12,12,SURESTE,0.81999993,18.8,63.0,18.82,70.0,7.4999995,62.0,2024-08-12,12,3842.3839664224824,2699.7229456784553,8.583196291119863,7.4999995,1.0,0.44998892281722186
2024-08-12,13,CENTRO,0.82000005,14.6,79.0,14.839627,59.0,9.4,71.0,2024-08-12,13,1717.1813276137557,1327.152921560241,7.341190221239605,9.4,1.0,-0.49047804632463177
2024-08-12,13,NORTE,0.99553794,11.239569,79.0,12.956696,29.999998,6.6000004,164.0,2024-08-12,13,4237.235224320352,2852.107774942425,8.90945928577211,6.6000004,1.0,-0.05861920103150722
2024-08-12,13,SURESTE,0.73999995,9.1,43.0,15.389999,60.0,14.299999,91.0,2024-08-12,13,1817.0015758273473,1458.4436054430375,8.556881193019018,14.299999000000001,1.0,-0.5000859480597097
2024-08-12,14,CENTRO,0.75,10.1,59.0,8.279999,55.0,12.2,49.0,2024-08-12,14,1333.76817452248,1085.6253946104223,7.336696520754456,12.199999999999998,1.0,-0.6921773964285545
2024-08-12,14,NORTE,0.9550739,8.603846,70.0,12.372389,28.999996,8.4,132.0,2024-08-12,14,3356.466647762245,2419.753303400747,8.904568066857207,8.4,1.0,-0.2893302603579254
2024-08-12,14,SURESTE,0.73999995,9.200001,36.0,18.42,41.0,18.2,105.0,2024-08-12,14,1331.1501759230748,1108.5289381940247,8.544987312220073,18.2,1.0,-0.7279911615013027
2024-08-12,15,CENTRO,0.6700001,7.9000006,40.0,6.8199997,47.0,16.5,97.0,2024-08-12,15,1002.3050885396607,843.6607922789582,7.388428724476646,16.5,1.0,-0.866547755105998
2024-08-12,15,NORTE,0.9013944,7.5376854,50.0,10.599105,22.999996,14.4,128.0,2024-08-12,15,1932.0545920549039,1552.7634752270653,8.885283923223081,14.4,1.0,-0.6624448593979844
2024-08-12,15,SURESTE,0.7099999,8.200001,35.0,19.3,49.0,16.2,122.0,2024-08-12,15,1335.7218122962067,1085.5990012049278,8.557263286029569,16.2,1.0,-0.7258466791274715
2024-08-12,16,CENTRO,0.6700001,8.000001,37.0,5.950001,41.0,14.2,96.0,2024-08-12,16,1156.3494934148787,956.1001427803127,7.386858241661118,14.199999999999998,1.0,-0.785510742943089
2024-08-12,16,NORTE,0.88908297,6.9542427,42.0,8.339516,17.0,13.8,135.0,2024-08-12,16,2053.415176383938,1637.1932217771482,8.910710817657868,13.800000000000002,1.0,-0.6306553181765652
2024-08-12,16,SURESTE,0.68999994,8.800001,31.0,8.58,36.0,16.9,123.0,2024-08-12,16,1276.3061369484287,1044.1435729287414,8.568815849600274,16.9,1.0,-0.7537176334451491
2024-08-12,17,CENTRO,0.65999997,8.1,35.0,5.2299995,33.0,13.9,100.0,2024-08-12,17,1200.2219002937081,985.9158073173243,7.46668150207994,13.9,1.0,-0.7624311070891563
2024-08-12,17,NORTE,0.89122826,6.7471275,38.0,7.3573933,19.999996,15.9,134.0,2024-08-12,17,1784.6580435771298,1457.3859946030764,8.895721228644623,15.9,1.0,-0.7010543361044022
2024-08-12,17,SURESTE,0.65,9.000001,33.0,5.4399986,28.000002,16.4,138.0,2024-08-12,17,1137.6495787114202,922.7600161282174,8.560507604552512,16.4,1.0,-0.8187592336264152
2024-08-12,18,CENTRO,0.6700001,8.900001,35.0,5.210001,32.0,12.4,112.0,2024-08-12,18,1399.9503347838631,1121.5627266292306,7.519496653466767,12.4,1.0,-0.6573614319641929
2024-08-12,18,NORTE,0.8958338,6.3527985,36.0,6.3959103,11.999996,15.0,126.0,2024-08-12,18,1857.4859555679072,1500.0319992295554,8.860483180717193,15.0,1.0,-0.6819775829468547
2024-08-12,18,SURESTE,0.68,9.7,28.0,5.6399984,15.0,16.599998,131.0,2024-08-12,18,1214.8220794756285,989.4251793496596,8.604970173155705,16.599998,1.0,-0.7825588331295683
2024-08-12,19,CENTRO,0.69000006,9.2,31.0,6.049999,29.0,13.2,120.0,2024-08-12,19,1285.5952342821315,1047.6167653182272,7.350012358385746,13.199999999999998,1.0,-0.7175193823795692
2024-08-12,19,NORTE,0.9411733,7.5543537,30.0,6.5902386,14.999996,18.1,129.0,2024-08-12,19,1550.9631459649868,1292.2995657837407,8.903596216421324,18.1,1.0,-0.7622690510956781
2024-08-12,19,SURESTE,0.68999994,10.200001,26.0,5.1499987,22.0,15.4,131.0,2024-08-12,19,1299.9691487430641,1047.3330304644096,8.56329306056343,15.4,1.0,-0.742617688575607
2024-08-12,20,CENTRO,0.68000007,9.0,31.0,5.4699993,31.0,12.799999,119.0,2024-08-12,20,1281.8906716385472,1048.9677804139963,7.265220647779859,12.799999,1.0,-0.7194682145247522
2024-08-12,20,NORTE,0.9805318,7.7980213,28.0,6.5019665,14.999996,18.7,134.0,2024-08-12,20,1514.9377872194957,1268.7774920323254,8.90998148633666,18.7,1.0,-0.771705637390873
2024-08-12,20,SURESTE,0.65,8.7,29.0,4.4299994,14.0,17.8,143.0,2024-08-12,20,992.8574894888318,815.3599152900952,8.59743655014393,17.8,1.0,-0.8866789144288786
2024-08-12,21,CENTRO,0.68000007,7.9000006,28.0,5.1799984,31.0,15.299999,129.0,2024-08-12,21,1070.3062853419005,899.0001579945562,7.2564478981446285,15.299999,1.0,-0.8307748634075341
2024-08-12,21,NORTE,0.99606866,7.528763,27.0,6.689658,20.999996,17.1,130.0,2024-08-12,21,1650.5863795010378,1361.8252430963246,8.94658526088859,17.1,1.0,-0.7361734541882092
2024-08-12,21,SURESTE,0.6399999,8.3,28.0,4.169999,14.0,17.4,146.0,2024-08-12,21,978.3891181268297,799.4115265058952,8.558559655391697,17.4,1.0,-0.8934657987808822
2024-08-12,22,CENTRO,0.6700001,7.5,27.0,5.0,37.0,16.4,115.0,2024-08-12,22,1000.6482009603876,845.8551999117651,7.317861059312725,16.4,1.0,-0.8674193818231312
2024-08-12,22,NORTE,0.9999864,6.294956,26.0,6.704446,17.0,17.7,137.0,2024-08-12,22,1613.4868666226826,1338.605477596446,8.975812674610287,17.7,1.0,-0.7458914075126882
2024-08-12,22,SURESTE,0.6399999,7.800001,27.0,4.3999996,10.000004,18.5,130.0,2024-08-12,22,1108.1789665297756,918.0535950432447,8.59986012715485,18.5,1.0,-0.8325834320558845
2024-08-12,23,CENTRO,0.6500001,6.1000004,27.0,5.0,30.0,16.4,120.0,2024-08-12,23,1031.1203585059075,867.4557992132678,7.479757849941713,16.4,1.0,-0.8513891170196373
2024-08-12,23,NORTE,0.999774,5.0447845,25.0,6.7201347,14.0,16.9,135.0,2024-08-12,23,1700.8025776432353,1399.8651633039287,9.011024507446711,16.9,1.0,-0.7230196785233172
2024-08-12,23,SURESTE,0.62,7.3,24.0,4.669999,19.0,20.0,115.0,2024-08-12,23,1149.3858847788056,964.9341757845598,8.66820455243349,20.0,1.0,-0.813253917927355
2024-08-13,0,CENTRO,0.64,5.200001,26.0,5.0,28.0,13.0,113.0,2024-08-13,0,1299.9692158718935,1055.1040248557435,7.613484408155667,13.0,1.0,-0.7099577671306251
2024-08-13,0,NORTE,0.9961758,4.149225,23.0,6.9257708,17.0,13.7,126.0,2024-08-13,0,2094.4224312965357,1659.390750768132,9.107856516872051,13.699999999999998,1.0,-0.61991375964149
2024-08-13,0,SURESTE,0.5999999,6.0,24.0,4.5,21.000002,21.8,103.0,2024-08-13,0,1140.626165477971,972.6710708346047,8.727465071599458,21.8,1.0,-0.8173629638153334
2024-08-13,1,CENTRO,0.64,5.6000004,25.0,5.039999,30.0,10.0,70.0,2024-08-13,1,1719.0940407568978,1321.6940271927294,7.796906598179538,10.0,1.0,-0.4894718393262632
2024-08-13,1,NORTE,0.99854946,3.7418766,23.0,7.4004307,14.0,12.4,119.0,2024-08-13,1,2300.803860970516,1787.596192251199,9.143762738903451,12.4,1.0,-0.5658536131595913
2024-08-13,1,SURESTE,0.5799999,5.6000004,23.0,4.5099993,18.0,21.8,111.0,2024-08-13,1,1098.9029937429152,934.4832626096453,8.833816127300437,21.8,1.0,-0.8369346442954383
2024-08-13,2,CENTRO,0.62,4.5,25.0,4.710001,29.0,9.799999,49.0,2024-08-13,2,1822.7720778647101,1394.6973560305184,7.898554713658742,9.799999,1.0,-0.4349306934732991
2024-08-13,2,NORTE,1.008167,4.639799,22.0,8.028492,11.999996,7.2000003,106.0,2024-08-13,2,3899.5143025341104,2673.8926731364454,9.26433596631203,7.2000003,1.0,-0.14708279259886364
2024-08-13,2,SURESTE,0.5799999,5.800001,20.0,5.0600004,14.0,15.099999,135.0,2024-08-13,2,1319.3818284216977,1054.0159855157137,8.946191836653265,15.099999,1.0,-0.7335115073306749
2024-08-13,3,CENTRO,0.6500001,24.300001,9.000002,9.45,28.0,9.0,30.0,2024-08-13,3,2124.353171257759,1585.8360254152371,7.952815371475269,9.0,1.0,-0.2762801358422533
2024-08-13,3,NORTE,1.0586832,5.0412846,20.0,9.02563,9.999996,7.0,51.000004,2024-08-13,3,3091.1637860944747,2045.7573873861215,9.311658462827243,7.0,1.0,-0.35882445654836287
2024-08-13,3,SURESTE,0.57,5.4000015,20.0,5.54,12.0,12.599999,113.0,2024-08-13,3,1893.578084821997,1472.4879358900407,8.990097531788807,12.599999,1.0,-0.46416511788308307
2024-08-13,4,CENTRO,0.65999997,17.5,9.000002,11.53,35.0,7.0,351.0,2024-08-13,4,3240.8713690364266,2263.8186753885807,7.977784543412636,7.0,1.0,0.31107841734110264
2024-08-13,4,NORTE,1.0457323,5.2760735,19.0,9.737045,11.999996,4.1000004,61.000004,2024-08-13,4,5476.39444122826,3094.745247534622,9.282217034531739,4.1000004,1.0,0.26596973551311665
2024-08-13,4,SURESTE,0.5799999,5.5,19.0,5.959999,13.000004,11.4,90.0,2024-08-13,4,2379.200315133481,1824.237351509433,8.937522928527146,11.4,1.0,-0.23636740427573782
2024-08-13,5,CENTRO,0.65999997,21.7,7.000002,10.73,48.0,6.1,19.0,2024-08-13,5,3200.7202413286045,2188.1268844181327,7.6698211513006695,6.099999999999999,1.0,0.2899564075735363
2024-08-13,5,NORTE,1.0742239,8.009134,17.0,10.560876,13.0,1.8000002,232.0,2024-08-13,5,14869.388788563454,6058.184939980721,9.134635626738836,1.8000002,1.0,2.726397745546456
2024-08-13,5,SURESTE,0.57,5.800001,19.0,5.7699995,16.0,9.599999,102.0,2024-08-13,5,2628.2842796851237,1942.3263098176053,8.848260008927832,9.599999,1.0,-0.11952605295472647
2024-08-13,6,CENTRO,0.69000006,20.2,7.000002,12.05,48.0,6.5,32.0,2024-08-13,6,2633.6448088698644,1867.804545951872,7.25684510614086,6.5,1.0,-0.008360813065995782
2024-08-13,6,NORTE,1.1015697,10.060186,9.0,11.680214,17.0,5.6000004,240.0,2024-08-13,6,4620.875393613991,2901.531030680727,8.960971725694064,5.6000004,1.0,0.0418726105676121
2024-08-13,6,SURESTE,0.59,8.6,16.000002,6.8999996,14.0,8.2,62.0,2024-08-13,6,3516.0300439688367,2525.0095102298374,8.62564080021512,8.2,1.0,0.29690145539620816
2024-08-13,7,CENTRO,0.8000001,26.400002,6.000002,14.83,51.0,3.6999998,30.0,2024-08-13,7,4591.058732737354,2796.1136161552417,7.205002045284734,3.6999998,1.0,1.0213615977206087
2024-08-13,7,NORTE,1.0824425,1.7999992,4.000002,13.457544,26.999998,6.4,255.0,2024-08-13,7,4033.0343186139253,2629.2139318729114,8.922684621026796,6.400000000000001,1.0,-0.11210817478105572
2024-08-13,7,SURESTE,0.68,19.800001,7.000002,8.98,21.000002,6.5999994,54.0,2024-08-13,7,4286.334707396877,2921.444404080037,8.572452905708195,6.599999399999999,1.0,0.6582391993405746
2024-08-13,8,CENTRO,0.88000005,43.7,6.000002,19.22,53.0,6.7,62.0,2024-08-13,8,2383.6572178322326,1718.5634944360181,7.300797068865456,6.7,1.0,-0.13986995467943425
2024-08-13,8,NORTE,1.256896,15.039984,5.0,16.614672,47.0,6.2000003,250.0,2024-08-13,8,4156.310126305737,2696.5289230389867,8.932409867891746,6.2000003,1.0,-0.0798169544323001
2024-08-13,8,SURESTE,0.80999994,25.4,8.000002,11.09,33.0,8.299999,85.0,2024-08-13,8,3227.264376361105,2324.1507226242206,8.609075808936907,8.299999,1.0,0.1614460442896208
2024-08-13,9,CENTRO,0.96000004,37.100002,10.000002,24.109999,84.0,4.3999996,21.999992,2024-08-13,9,4023.1247366333255,2585.730872200034,7.285341674477558,4.3999996,1.0,0.7225927187905842
2024-08-13,9,NORTE,1.2210786,15.684668,8.0,17.96485,54.0,6.6000004,257.0,2024-08-13,9,3891.532444411401,2558.1117728168815,8.943102184693087,6.6000004,1.0,-0.1491735835193115
2024-08-13,9,SURESTE,0.92999995,26.6,14.000001,14.61,42.0,6.4999995,34.0,2024-08-13,9,4170.273961653973,2792.4171829391253,8.56776356451242,6.4999995,1.0,0.6037969377026774
2024-08-13,10,CENTRO,1.03,32.2,20.0,27.529999,76.0,6.3999996,19.999992,2024-08-13,10,2807.2457677431767,1993.316789172602,7.295986422388823,6.3999996,1.0,0.0829641722660258
2024-08-13,10,NORTE,1.1365249,15.351179,18.0,18.58422,44.0,5.3,284.0,2024-08-13,10,4617.918297004408,2806.683372683042,8.914137132064853,5.3,1.0,0.041098020159319355
2024-08-13,10,SURESTE,1.02,31.5,17.000002,22.119999,43.0,6.2999997,1.0,2024-08-13,10,3733.398173340897,2466.378917791283,8.595764710559246,6.2999997,1.0,0.39886540966226547
2024-08-13,11,CENTRO,1.1400001,35.300003,30.0,29.009998,66.0,7.1,44.999992,2024-08-13,11,2337.2439716064578,1704.3646439033098,7.3664979400226525,7.099999999999999,1.0,-0.16428623128464379
2024-08-13,11,NORTE,1.1285999,14.750195,31.0,18.956146,39.0,4.1000004,294.0,2024-08-13,11,5811.007028927537,3237.3054233327503,8.917916852817566,4.1000004,1.0,0.3536191210914874
2024-08-13,11,SURESTE,0.90999997,26.1,32.0,21.939999,65.0,7.5999994,63.0,2024-08-13,11,3782.927079742625,2668.889679890184,8.572329573598484,7.599999399999999,1.0,0.42209863691495764
2024-08-13,12,CENTRO,1.0,33.6,48.0,28.16,75.0,9.6,42.0,2024-08-13,12,1745.7921987154473,1357.5660704064587,7.375954327058168,9.6,1.0,-0.47542693485234355
2024-08-13,12,NORTE,1.1227077,13.236725,51.0,18.041758,41.0,2.6000004,135.0,2024-08-13,12,10913.177655419151,5472.863426927159,8.891543707351923,2.6000004,1.0,1.6900963994953404
2024-08-13,12,SURESTE,0.84999996,16.6,47.0,22.71,58.0,11.7,79.0,2024-08-13,12,2366.6632590058207,1834.3441525655448,8.552936726517109,11.700000000000001,1.0,-0.24224833917325309
2024-08-13,13,CENTRO,0.85,16.6,71.0,20.079998,75.0,9.3,56.0,2024-08-13,13,1742.2974035472132,1349.221614018151,7.398520443724081,9.3,1.0,-0.47726541615768187
2024-08-13,13,NORTE,1.0761085,9.770618,64.0,15.373831,45.0,5.5,92.0,2024-08-13,13,4606.425600808909,2946.0122852670606,8.89680551222401,5.5,1.0,0.038087590195818824
2024-08-13,13,SURESTE,0.74999994,9.7,35.0,14.15,53.0,17.4,106.0,2024-08-13,13,1396.583497078744,1153.8239563201628,8.572858497431875,17.4,1.0,-0.6972974246362587
2024-08-13,14,CENTRO,0.77,9.700001,60.0,13.17,58.0,11.2,107.0,2024-08-13,14,1486.2802234270252,1178.3122545427132,7.374981040374349,11.199999999999998,1.0,-0.61194649955126
2024-08-13,14,NORTE,1.0400878,6.8928947,48.0,12.526532,28.999996,10.3,99.0,2024-08-13,14,2582.7497496167466,1935.5273649880196,8.903321397176416,10.3,1.0,-0.49199989451706566
2024-08-13,14,SURESTE,0.7099999,9.600001,35.0,13.73,32.0,18.7,116.0,2024-08-13,14,1204.7294752320213,1002.7564826285576,8.525325299511676,18.7,1.0,-0.7872931142796772
2024-08-13,15,CENTRO,0.70000005,7.800001,41.0,9.86,40.0,14.2,116.0,2024-08-13,15,1192.2780747674917,983.461085236538,7.376180472780875,14.199999999999998,1.0,-0.7666100572192145
2024-08-13,15,NORTE,0.95562476,5.858713,41.0,11.717402,25.999998,15.2,107.0,2024-08-13,15,1783.3359854744308,1439.2110251557517,8.901523367056573,15.199999999999998,1.0,-0.7014006398140062
2024-08-13,15,SURESTE,0.6599999,9.800001,34.0,11.92,39.0,17.3,139.0,2024-08-13,15,1070.503838929524,876.0964385777694,8.526092150080974,17.3,1.0,-0.8502562390064591
2024-08-13,16,CENTRO,0.65999997,7.5,37.0,9.499999,38.0,15.799999,107.0,2024-08-13,16,1046.4063203053445,879.014421739987,7.36631735613053,15.799999,1.0,-0.8433477430192887
2024-08-13,16,NORTE,0.9278296,5.9732647,39.0,10.8110485,25.0,15.799999,116.0,2024-08-13,16,1739.7663522059108,1415.2229981882872,8.88056292412344,15.799999,1.0,-0.7128133951204287
2024-08-13,16,SURESTE,0.62,8.200001,33.0,8.299999,28.000002,18.1,135.0,2024-08-13,16,1063.25047062181,877.7524311299469,8.536489372054179,18.1,1.0,-0.8536586794494951
2024-08-13,17,CENTRO,0.65999997,8.8,35.0,9.679999,40.0,16.5,114.0,2024-08-13,17,1040.9698180441515,876.1753973331744,7.446727305961083,16.5,1.0,-0.8462076839578827
2024-08-13,17,NORTE,0.9299136,5.772171,36.0,10.689913,23.999996,19.6,121.0,2024-08-13,17,1410.6284779856435,1186.735102538037,8.913177904404192,19.6,1.0,-0.7990287184719352
2024-08-13,17,SURESTE,0.62999994,8.5,32.0,8.4,25.0,17.4,135.0,2024-08-13,17,1107.8329468874317,908.5859555211081,8.577634967897454,17.4,1.0,-0.8327457444017148
2024-08-13,18,CENTRO,0.65999997,8.200001,34.0,9.709999,42.0,17.6,118.0,2024-08-13,18,984.5325252409207,834.6949514667721,7.5146762708255626,17.6,1.0,-0.8758972373502425
2024-08-13,18,NORTE,0.9306667,5.8518467,34.0,10.647823,25.999998,21.3,118.0,2024-08-13,18,1300.205444311557,1105.3710168415457,8.886163971537785,21.3,1.0,-0.8279532461526802
2024-08-13,18,SURESTE,0.62999994,8.6,30.0,8.129999,21.000002,18.9,134.0,2024-08-13,18,1035.369386121298,859.7252139473286,8.615610104241345,18.9,1.0,-0.8667372555641761
2024-08-13,19,CENTRO,0.6700001,8.6,30.0,10.0199995,42.0,17.1,114.0,2024-08-13,19,992.9374877689994,842.4713663467902,7.418884661406867,17.1,1.0,-0.8714757002540499
2024-08-13,19,NORTE,0.97952795,6.8176403,29.0,10.607656,32.0,19.1,123.0,2024-08-13,19,1456.1460848430504,1221.4078861249177,8.879913126811195,19.1,1.0,-0.7871057053495625
2024-08-13,19,SURESTE,0.62999994,8.7,28.0,7.6799994,28.000002,18.2,155.0,2024-08-13,19,843.3233722882627,692.7156626381193,8.548958335653762,18.2,1.0,-0.9568230056141886
2024-08-13,20,CENTRO,0.70000005,9.800001,26.0,10.75,42.0,14.1,125.0,2024-08-13,20,1175.794009954345,972.5990465137352,7.291892408546199,14.1,1.0,-0.775281708499501
2024-08-13,20,NORTE,1.0345049,7.859318,25.0,10.310691,22.0,17.5,131.0,2024-08-13,20,1608.5372914873324,1334.4503649957076,8.902107611205084,17.5,1.0,-0.7471879134883609
2024-08-13,20,SURESTE,0.60999995,8.3,27.0,7.29,19.0,14.699999,159.0,2024-08-13,20,1005.0855965242405,795.9849183114204,8.569385251731639,14.699998999999998,1.0,-0.8809429026679976
2024-08-13,21,CENTRO,0.68000007,9.5,23.0,11.24,40.0,13.599999,123.0,2024-08-13,21,1209.092175802968,996.028967884014,7.297451852170677,13.599999,1.0,-0.7577647861999651
2024-08-13,21,NORTE,1.078164,8.38192,18.0,10.443521,26.999998,14.8,141.0,2024-08-13,21,1909.0394157353817,1541.3077000202088,8.905076364531634,14.800000000000002,1.0,-0.6684735210130607
2024-08-13,21,SURESTE,0.6399999,8.900001,24.0,8.809999,18.0,17.5,136.0,2024-08-13,21,1093.6104808393745,896.9372542710692,8.562586795607148,17.5,1.0,-0.8394172784571624
2024-08-13,22,CENTRO,0.70000005,10.000001,21.0,11.63,38.0,9.3,86.0,2024-08-13,22,1717.654407601666,1323.6910597328385,7.342610034917036,9.3,1.0,-0.49022917659927323
2024-08-13,22,NORTE,1.0765134,6.0063114,20.0,10.785086,28.999996,17.9,110.0,2024-08-13,22,1532.8433866242078,1269.3685151525253,8.986439137471546,17.9,1.0,-0.7670153930787077
2024-08-13,22,SURESTE,0.6399999,8.3,20.0,9.559999,38.0,16.4,120.0,2024-08-13,22,1345.1422622325556,1095.029348048084,8.603641644368059,16.4,1.0,-0.7214276949403672
2024-08-13,23,CENTRO,0.6700001,7.3,21.0,11.429999,43.0,11.9,121.0,2024-08-13,23,1393.6730213045953,1121.6321356591548,7.383219035255798,11.9,1.0,-0.660663692303878
2024-08-13,23,NORTE,1.0423522,4.785515,19.0,10.634201,22.0,17.8,101.0,2024-08-13,23,1526.7956424876927,1261.8756855749964,9.018597447971187,17.8,1.0,-0.7685995566074781
2024-08-13,23,SURESTE,0.60999995,6.1000004,20.0,8.389999,27.0,20.0,120.0,2024-08-13,23,1111.4589856554303,932.1929603510117,8.668626811975304,20.0,1.0,-0.8310448269205034
2024-08-14,0,CENTRO,0.6500001,6.4000006,20.0,10.57,41.0,11.0,117.0,2024-08-14,0,1532.9438863590954,1209.7785047949108,7.523550334208142,11.0,1.0,-0.5873984880629154
2024-08-14,0,NORTE,1.032395,4.2238636,17.0,10.3651905,23.999996,14.9,95.0,2024-08-14,0,1780.0256334178773,1426.068292686472,9.07150475526369,14.9,1.0,-0.7022677629721635
2024-08-14,0,SURESTE,0.60999995,5.6000004,18.0,8.419999,34.0,20.5,96.0,2024-08-14,0,1254.698889434042,1062.7748658315554,8.719825589810146,20.5,1.0,-0.7638532517795243
2024-08-14,1,CENTRO,0.6500001,6.000001,18.0,10.48,40.0,9.0,90.0,2024-08-14,1,1884.716647329001,1421.2786808515514,7.724969611835769,9.0,1.0,-0.4023439673720159
2024-08-14,1,NORTE,1.0190413,4.031521,16.0,10.174559,25.0,12.9,100.0,2024-08-14,1,2139.0759827004085,1670.3759752031694,9.167163434478669,12.9,1.0,-0.6082170796948314
2024-08-14,1,SURESTE,0.5999999,5.299999,18.0,8.7699995,31.0,19.8,98.0,2024-08-14,1,1299.1857125653662,1093.744992879514,8.785336351463364,19.8,1.0,-0.7429851861053687
2024-08-14,2,CENTRO,0.6500001,6.500001,15.000001,11.08,42.0,8.099999,52.999996,2024-08-14,2,2203.620906620541,1616.953307433616,7.912865521335703,8.099999,1.0,-0.23458033869659656
2024-08-14,2,NORTE,1.0151659,4.308798,16.0,10.840805,20.999996,11.3,117.0,2024-08-14,2,2551.9150332903764,1942.8346794690017,9.209620555472718,11.300000000000002,1.0,-0.5000768289775188
2024-08-14,2,SURESTE,0.59,5.800001,15.000001,9.0199995,19.0,12.599999,117.0,2024-08-14,2,1837.0873080801387,1425.108475615329,8.849941218690057,12.599999,1.0,-0.49066404848896644
2024-08-14,3,CENTRO,0.6500001,10.500001,11.0,11.93,39.0,8.4,31.0,2024-08-14,3,2293.8470392015106,1684.1450720054238,7.975980788960827,8.4,1.0,-0.18711573776351495
2024-08-14,3,NORTE,1.023178,4.6582355,16.0,11.2141075,17.999996,7.7000003,120.0,2024-08-14,3,3764.331265266677,2629.686625566756,9.285479963826347,7.7000003,1.0,-0.18249302697939807
2024-08-14,3,SURESTE,0.5799999,5.5,16.000002,8.98,26.000002,13.599999,109.0,2024-08-14,3,1799.5969574591732,1421.6927384369858,8.925432250135511,13.599999,1.0,-0.5082501794787192
2024-08-14,4,CENTRO,0.6700001,6.000001,14.000002,11.21,40.0,6.8999996,38.0,2024-08-14,4,2705.5351722202768,1896.7010115819155,7.903414043092335,6.8999996,1.0,0.02945802400207188
2024-08-14,4,NORTE,1.0195347,5.3331013,15.0,12.029438,23.999996,4.9,109.0,2024-08-14,4,5720.93985507155,3519.295167178662,9.229135839391594,4.9,1.0,0.33002666599726244
2024-08-14,4,SURESTE,0.5799999,5.6000004,16.000002,9.13,28.000002,11.9,101.0,2024-08-14,4,2137.887502167102,1651.514623882939,8.885610417921823,11.9,1.0,-0.3495634312011101
2024-08-14,5,CENTRO,0.62,11.900001,11.0,11.849999,39.0,6.6,41.0,2024-08-14,5,2779.1723486627284,1935.3433669435137,7.692664757975312,6.599999999999999,1.0,0.06819579424334099
2024-08-14,5,NORTE,1.0456858,5.3764,14.000001,12.612446,19.999996,4.9,29.000008,2024-08-14,5,4263.534289130359,2543.667736044549,9.145113431384598,4.9,1.0,-0.051730348201037876
2024-08-14,5,SURESTE,0.5799999,6.0,15.000001,9.169999,23.0,9.4,117.0,2024-08-14,5,2452.3541509749634,1788.568270227458,8.825255133621294,9.4,1.0,-0.20205209598433596
2024-08-14,6,CENTRO,0.6500001,26.6,7.000002,14.96,43.0,6.5,47.999996,2024-08-14,6,2530.3433491393903,1800.9667338106958,7.262574471127623,6.5,1.0,-0.06270385561535498
2024-08-14,6,NORTE,1.1469506,7.807644,12.000001,13.385468,20.999996,4.3,59.0,2024-08-14,6,4979.681635759535,2878.825900654943,8.958235124670601,4.3,1.0,0.13585935171796298
2024-08-14,6,SURESTE,0.60999995,10.200001,11.000002,9.92,25.0,10.7,75.0,2024-08-14,6,2617.928519870044,1993.3919105559885,8.62301614880858,10.7,1.0,-0.12438377622457938
2024-08-14,7,CENTRO,0.75,39.100002,4.000002,17.669998,48.0,4.3999996,21.0,2024-08-14,7,4028.198728031813,2583.952596968009,7.1945926292165465,4.3999996,1.0,0.7252619562939314
2024-08-14,7,NORTE,1.2102842,12.085264,8.0,13.950905,25.0,3.4,269.0,2024-08-14,7,7453.802950748489,3936.2519312463787,8.91789907926542,3.4,1.0,0.7839378194055692
2024-08-14,7,SURESTE,0.68,17.0,6.000002,11.169999,29.0,8.299999,70.0,2024-08-14,7,3375.5876558302616,2437.475831171203,8.55478082928575,8.299999,1.0,0.23102215063085096
2024-08-14,8,CENTRO,0.83000004,33.9,6.000002,18.8,65.0,5.0,19.999992,2024-08-14,8,3567.7257082793562,2377.4003419743544,7.296064643417378,5.0,1.0,0.48302428636623623
2024-08-14,8,NORTE,1.219359,14.278945,5.0,15.560285,36.0,6.7,261.0,2024-08-14,8,3839.453495385234,2531.3124277495185,8.897819305293874,6.7,1.0,-0.162815293519215
2024-08-14,8,SURESTE,0.7899999,21.300001,8.000002,11.939999,30.0,5.5999994,77.0,2024-08-14,8,4958.758618969882,3230.5858824867073,8.598476936729929,5.5999994,1.0,0.9736626294685341
2024-08-14,9,CENTRO,0.97,31.800001,8.0,20.789999,65.0,6.1,21.0,2024-08-14,9,2892.0276008010496,2036.0409033515398,7.29491476336891,6.099999999999999,1.0,0.1275647304120352
2024-08-14,9,NORTE,1.175958,13.504044,12.000001,16.742971,32.0,7.9,270.0,2024-08-14,9,3197.8689717969305,2198.0038078783805,8.93369548469628,7.900000000000001,1.0,-0.3308737926801775
2024-08-14,9,SURESTE,0.85999995,26.8,9.000002,15.499999,38.0,7.0999994,59.0,2024-08-14,9,4043.987743837504,2810.290772007052,8.61089729295571,7.099999399999999,1.0,0.5445580687154424
2024-08-14,10,CENTRO,1.0,42.0,12.000002,24.48,73.0,7.7999997,47.999996,2024-08-14,10,2098.014359395061,1565.6690348067775,7.336843602158908,7.7999997,1.0,-0.29013600174665277
2024-08-14,10,NORTE,1.172932,14.376975,21.0,19.018585,41.0,6.5,275.0,2024-08-14,10,3812.9877879761516,2480.1956995190485,8.891241071108475,6.5,1.0,-0.16974779719235167
2024-08-14,10,SURESTE,0.86999995,27.2,14.000001,17.76,44.0,6.3999996,71.0,2024-08-14,10,4434.433956377778,2987.7035718042084,8.588272933778262,6.399999600000001,1.0,0.7277102165202761
2024-08-14,11,CENTRO,1.0,38.9,18.0,25.75,78.0,8.2,62.999996,2024-08-14,11,1977.357756365885,1488.5136281422303,7.378284521462859,8.2,1.0,-0.35360893745717664
2024-08-14,11,NORTE,1.139307,13.439346,33.0,19.649178,46.0,2.8000002,259.0,2024-08-14,11,9199.091425900393,4537.193612114755,8.912689518942365,2.8000002,1.0,1.2411037125236013
2024-08-14,11,SURESTE,0.86999995,25.1,23.0,20.84,52.0,9.0,97.0,2024-08-14,11,2820.3637537531495,2062.253858318877,8.606464562285922,9.0,1.0,-0.02942460723727557
2024-08-14,12,CENTRO,0.94,31.0,35.0,27.0,75.0,9.799999,55.0,2024-08-14,12,1653.1471175951594,1293.4017038216275,7.377987415453265,9.799999,1.0,-0.5241640543320155
2024-08-14,12,NORTE,1.1313263,12.454673,41.0,21.018698,50.0,5.3,105.0,2024-08-14,12,5107.5151150799065,3235.9924575542814,8.911953053984359,5.3,1.0,0.16934442170835323
2024-08-14,12,SURESTE,0.84,20.4,36.0,26.279999,60.0,10.0,127.0,2024-08-14,12,2082.980799507513,1543.1291865004537,8.576381630308601,10.0,1.0,-0.37531929768924466
2024-08-14,13,CENTRO,0.89,26.1,60.0,25.97,77.0,8.599999,56.0,2024-08-14,13,1880.8848632309464,1434.170334125003,7.370712108082912,8.599999,1.0,-0.40435972597623926
2024-08-14,13,NORTE,1.0270897,10.603227,61.0,20.289206,44.0,5.6000004,63.000004,2024-08-14,13,3903.586594317287,2463.927424445754,8.91373976944017,5.6000004,1.0,-0.14601608475279756
2024-08-14,13,SURESTE,0.83,15.200001,59.0,25.49,61.0,10.7,92.0,2024-08-14,13,2404.781562589793,1829.929185908262,8.549583001811135,10.7,1.0,-0.22436764537253895
2024-08-14,14,CENTRO,0.88000005,16.7,84.0,26.65,71.0,10.4,44.0,2024-08-14,14,1588.5389462882185,1256.1175125107497,7.3453267537824996,10.4,1.0,-0.5581520019518266
2024-08-14,14,NORTE,0.9761563,8.77109,73.0,18.655098,43.0,6.0,84.0,2024-08-14,14,4022.377901465111,2609.579223286802,8.873845050940114,6.0,1.0,-0.11489954740090415
2024-08-14,14,SURESTE,0.80999994,12.400001,64.0,18.74,73.0,16.1,104.0,2024-08-14,14,1516.0052879007637,1238.912356827182,8.56012571250192,16.1,1.0,-0.6412785498687221
2024-08-14,15,CENTRO,0.82000005,12.1,75.0,25.55,70.0,12.9,61.0,2024-08-14,15,1250.9189061033305,1025.6461018772757,7.395402188759283,12.9,1.0,-0.735761304445267
2024-08-14,15,NORTE,0.97651154,7.754759,84.0,16.991455,40.0,7.3,91.0,2024-08-14,15,3462.7454443465076,2387.9696859670553,8.907877811789028,7.3,1.0,-0.26149128608421673
2024-08-14,15,SURESTE,0.79999995,12.5,52.0,9.78,68.0,18.599998,109.0,2024-08-14,15,1266.4345629680213,1056.679734174839,8.511115358954644,18.599998,1.0,-0.7583482327918887
2024-08-14,16,CENTRO,0.72,9.1,56.0,15.679999,59.0,13.7,117.0,2024-08-14,16,1254.124568088666,1023.9592664619296,7.441268843298241,13.699999999999998,1.0,-0.7340749253164293
2024-08-14,16,NORTE,0.9576212,6.253126,62.0,14.216116,41.0,10.400001,100.0,2024-08-14,16,2553.019253334737,1919.7959326249475,8.858269959111837,10.400001,1.0,-0.4997875863967271
2024-08-14,16,SURESTE,0.68,9.800001,35.0,9.19,55.0,15.299999,123.0,2024-08-14,16,1401.2872776655997,1128.0217341668776,8.548286621993734,15.299999000000001,1.0,-0.6950909555001379
2024-08-14,17,CENTRO,0.71000004,8.000001,39.0,10.759999,42.0,14.7,126.0,2024-08-14,17,1187.1410693440944,974.3893818798956,7.480462611390892,14.699999999999998,1.0,-0.7693124440492587
2024-08-14,17,NORTE,0.92580676,6.9311924,41.0,12.240031,33.0,15.0,108.0,2024-08-14,17,1796.612691094242,1448.6615395216893,8.878689057004651,15.0,1.0,-0.6979229012803704
2024-08-14,17,SURESTE,0.6599999,9.200001,32.0,10.459999,47.0,12.2,142.0,2024-08-14,17,1462.7723856143596,1125.6791792837016,8.526858320290359,12.200000000000001,1.0,-0.6662492630540475
2024-08-14,18,CENTRO,0.71000004,8.700001,37.0,12.139999,42.0,14.5,132.0,2024-08-14,18,1230.397873814463,1003.9960471364022,7.547436035312105,14.5,1.0,-0.7465566536469175
2024-08-14,18,NORTE,0.9443175,8.070852,32.0,12.203745,30.999998,15.6,116.0,2024-08-14,18,1771.170452346605,1437.250217359371,8.901705914362015,15.6,1.0,-0.7045873146226824
2024-08-14,18,SURESTE,0.6599999,10.3,31.0,10.03,34.0,12.2,151.0,2024-08-14,18,1320.564256642779,1011.9578184764524,8.564646285455005,12.200000000000001,1.0,-0.7329568489389157
2024-08-14,19,CENTRO,0.73,10.000001,34.0,14.12,42.0,12.799999,133.0,2024-08-14,19,1391.5233519191409,1107.4586892221078,7.456427746859783,12.799999,1.0,-0.6617945531376513
2024-08-14,19,NORTE,0.9975291,9.750427,28.0,12.747996,34.0,13.4,128.0,2024-08-14,19,2088.586443245063,1655.9208498949579,8.894269493363941,13.4,1.0,-0.6214424551710616
2024-08-14,19,SURESTE,0.60999995,9.1,30.0,10.589999,32.0,13.9,175.0,2024-08-14,19,959.3980379649889,748.2637416661127,8.542837548059433,13.9,1.0,-0.9023742143553223
2024-08-14,20,CENTRO,0.71000004,10.3,27.0,14.53,47.0,12.2,130.0,2024-08-14,20,1399.3793006610165,1117.6655139452268,7.3483417946667595,12.199999999999998,1.0,-0.6576618317040994
2024-08-14,20,NORTE,1.0492959,10.447531,25.0,13.305456,27.999998,12.9,152.0,2024-08-14,20,2163.328960648826,1700.613482287629,8.905426388905722,12.9,1.0,-0.601864184753727
2024-08-14,20,SURESTE,0.5999999,8.800001,27.0,10.889999,31.0,16.8,177.0,2024-08-14,20,790.8707555025746,637.4645226878827,8.592574494948133,16.8,1.0,-0.981427699202532
2024-08-14,21,CENTRO,0.73,10.000001,25.0,15.15,48.0,12.4,114.0,2024-08-14,21,1305.6578461944737,1064.8764486525042,7.262903746551623,12.4,1.0,-0.7069651910288534
2024-08-14,21,NORTE,1.0796264,10.353013,19.0,13.782797,34.0,11.7,145.0,2024-08-14,21,2427.0989685875006,1874.5767161457643,8.937219024868345,11.699999999999998,1.0,-0.5327715086867869
2024-08-14,21,SURESTE,0.60999995,8.400001,25.0,11.66,32.0,19.599998,153.0,2024-08-14,21,803.2412218822403,667.3955171981618,8.577448850942295,19.599998,1.0,-0.9756249089230656
2024-08-14,22,CENTRO,0.6700001,7.2,25.0,16.21,45.0,13.7,126.0,2024-08-14,22,1209.532784405982,988.5819731013779,7.300096150908394,13.699999999999998,1.0,-0.7575329984583042
2024-08-14,22,NORTE,1.1062853,11.184201,13.0,14.297646,41.0,9.8,144.0,2024-08-14,22,2916.318202829677,2169.4481080957557,8.972494065478537,9.8,1.0,-0.4046240125352535
2024-08-14,22,SURESTE,0.62999994,9.1,24.0,13.25,35.0,14.699999,135.0,2024-08-14,22,1315.4738440413237,1047.3195941092415,8.585710536300422,14.699998999999998,1.0,-0.7353446810428655
2024-08-14,23,CENTRO,0.6500001,8.200001,23.0,16.64,46.0,10.3,100.0,2024-08-14,23,1572.5563789157663,1233.701505490815,7.369382562839734,10.3,1.0,-0.5665598341454403
2024-08-14,23,NORTE,1.0847397,6.2222424,17.0,13.866322,37.0,15.9,104.0,2024-08-14,23,1714.6943856458001,1393.5608682825978,8.997047954390863,15.9,1.0,-0.7193808182988124
2024-08-14,23,SURESTE,0.5999999,7.000001,21.0,12.869999,44.0,22.5,115.0,2024-08-14,23,1018.4868933265532,869.089250727842,8.614570887348433,22.5,1.0,-0.8746565661282099
2024-08-15,0,CENTRO,0.64,7.5,21.0,16.74,51.0,10.3,78.0,2024-08-15,0,1571.3193655269429,1229.5489041191408,7.455337007701217,10.3,1.0,-0.5672105807215134
2024-08-15,0,NORTE,1.0708752,5.0671825,18.0,13.577927,33.0,14.200001,102.0,2024-08-15,0,1920.566425996466,1530.1929124115773,9.04418194730628,14.200001,1.0,-0.6654541027243273
2024-08-15,0,SURESTE,0.60999995,6.1000004,19.0,12.639999,55.0,18.9,94.0,2024-08-15,0,1371.630229143354,1148.9150858206572,8.670003593674146,18.9,1.0,-0.7090026082705978
2024-08-15,1,CENTRO,0.65999997,6.1000004,21.0,16.55,52.0,9.0,57.999996,2024-08-15,1,1859.6997915564223,1414.5022690814194,7.524614648172968,9.0,1.0,-0.4155044015154201
2024-08-15,1,NORTE,1.0644763,5.0843906,17.0,13.768568,35.0,12.6,117.0,2024-08-15,1,2249.3688530118006,1752.2263395351038,9.145000972334152,12.6,1.0,-0.5793266473804427
2024-08-15,1,SURESTE,0.5999999,6.6000004,17.000002,11.98,38.0,13.4,97.0,2024-08-15,1,1924.2306902770435,1522.7470247069261,8.758073389017792,13.4,1.0,-0.44978646508893705
2024-08-15,2,CENTRO,0.6500001,7.800001,17.000002,16.619999,46.0,6.7999997,38.0,2024-08-15,2,2690.432531919818,1889.9280890011007,7.71080252279561,6.7999997,1.0,0.021513088600414714
2024-08-15,2,NORTE,1.0799991,5.1558247,16.0,13.860328,25.0,10.5,139.0,2024-08-15,2,2800.7605728272456,2106.610814065697,9.21749120016165,10.5,1.0,-0.4348935111761968
2024-08-15,2,SURESTE,0.59,6.6000004,16.000002,11.58,43.0,12.9,107.0,2024-08-15,2,1919.1823009839072,1502.7439868982233,8.87124159270973,12.9,1.0,-0.4521545847230786
2024-08-15,3,CENTRO,0.6500001,14.1,11.0,19.64,46.0,6.5,24.0,2024-08-15,3,2962.0243434165786,2055.0664146404756,7.84562491871911,6.5,1.0,0.16438740428515278
2024-08-15,3,NORTE,1.1058546,5.8615856,14.000001,14.128407,23.999996,7.4,152.0,2024-08-15,3,3919.2085318342056,2710.634135466191,9.252476534667593,7.400000000000001,1.0,-0.14192402941705456
2024-08-15,3,SURESTE,0.5799999,5.700001,16.000002,11.0,39.0,11.9,97.0,2024-08-15,3,2196.557126002505,1698.4661626893355,8.8785892580365,11.9,1.0,-0.3220424378575075
2024-08-15,4,CENTRO,0.65999997,20.7,6.000002,21.43,49.0,7.5,9.999992,2024-08-15,4,2744.9111107391536,1956.7247023871075,7.862377590458385,7.5,1.0,0.05017223566892822
2024-08-15,4,NORTE,1.1129177,7.4294186,10.0,13.968315,25.0,6.0,249.0,2024-08-15,4,4493.039826175204,2862.9938469851613,9.28608900330043,6.0,1.0,0.008386993609466117
2024-08-15,4,SURESTE,0.57,5.700001,15.000001,10.51,30.0,11.099999,94.0,2024-08-15,4,2392.0471917052505,1824.0110346890303,8.903604781444727,11.099999,1.0,-0.2303411375042028
2024-08-15,5,CENTRO,0.74,21.5,4.000002,17.279999,57.0,5.5,358.0,2024-08-15,5,3848.0145237736106,2547.84995540817,7.605841901795093,5.5,1.0,0.6304737712646608
2024-08-15,5,NORTE,1.0652702,9.467192,8.0,14.98247,30.999998,6.4,266.0,2024-08-15,5,4086.149500715848,2647.0243161008634,9.14583444600218,6.400000000000001,1.0,-0.09819503090285595
2024-08-15,5,SURESTE,0.5799999,6.200001,14.000001,10.929999,29.0,7.1999993,85.0,2024-08-15,5,3812.1356772288646,2638.108081624604,8.793051583015897,7.1999993,1.0,0.435799928391616
2024-08-15,6,CENTRO,0.73,16.5,6.000002,17.32,63.0,2.8999996,346.0,2024-08-15,6,7208.569212572571,3971.6873631037015,7.296205996023147,2.8999996,1.0,2.3983361704924664
2024-08-15,6,NORTE,1.0913316,12.342078,4.000002,16.619633,25.999998,4.9,250.0,2024-08-15,6,5286.654044404174,3189.3007928452466,8.981776320420822,4.9,1.0,0.21626858913552238
2024-08-15,6,SURESTE,0.60999995,11.000001,9.000002,12.159999,27.0,3.1999993,23.0,2024-08-15,6,8079.598726785086,4325.260471385809,8.590391230044517,3.1999992999999995,1.0,2.4375994031998585
2024-08-15,7,CENTRO,0.77,21.400002,5.000002,21.039999,60.0,3.6999998,333.0,2024-08-15,7,5520.3767445641815,3339.897381572819,7.197853030155646,3.6999998,1.0,1.5102411197559882
2024-08-15,7,NORTE,1.1843406,17.66079,4.000002,19.078564,27.999998,6.8,267.0,2024-08-15,7,3747.5757248704617,2477.301159762307,8.906995717054004,6.8,1.0,-0.18688202152039748
2024-08-15,7,SURESTE,0.76,24.6,5.000002,15.059999,27.0,3.2999992,295.0,2024-08-15,7,6704.913394655248,3571.3313157247303,8.578294805756155,3.2999991999999994,1.0,1.792756239022896
2024-08-15,8,CENTRO,0.82000005,25.900002,7.000002,21.119999,55.0,5.3999996,349.0,2024-08-15,8,3773.721406096335,2552.922566225634,7.2636270568254115,5.3999996,1.0,0.5913909348207754
2024-08-15,8,NORTE,1.2399157,19.347729,7.0,20.547894,33.0,7.2000003,271.0,2024-08-15,8,3471.995067000886,2329.9666506303033,8.8803702150254,7.2000003,1.0,-0.25906841326863495
2024-08-15,8,SURESTE,0.85999995,32.0,6.000002,16.029999,42.0,4.899999,347.0,2024-08-15,8,4671.375326108384,2877.0887621361762,8.580882986179917,4.899999,1.0,0.8388556685087585
2024-08-15,9,CENTRO,0.82000005,23.1,11.0,25.14,66.0,4.6,4.9999924,2024-08-15,9,4120.482789718744,2659.973440587541,7.349911416099823,4.6,1.0,0.7738091569236739
2024-08-15,9,NORTE,1.2768829,20.540266,11.0,20.789232,35.0,5.3,276.0,2024-08-15,9,4681.637551961962,2860.0202890413907,8.903674548219227,5.3,1.0,0.05778882544235471
2024-08-15,9,SURESTE,0.9499999,37.4,8.000002,18.63,53.0,6.5999994,100.0,2024-08-15,9,3750.3112871233684,2543.6473043078067,8.523627962680216,6.599999399999999,1.0,0.4067990840477167
2024-08-15,10,CENTRO,1.02,39.100002,13.0,30.05,69.0,5.6,0.9999924,2024-08-15,10,3468.974299901401,2366.904394518112,7.328300088196984,5.599999999999999,1.0,0.4310748560165192
2024-08-15,10,NORTE,1.2724009,17.156433,12.000001,22.154306,47.0,5.3,269.0,2024-08-15,10,4766.72852533049,2928.262380625378,8.900443104857585,5.3,1.0,0.08007780023944079
2024-08-15,10,SURESTE,0.92999995,35.0,13.000001,21.72,67.0,7.4999995,89.0,2024-08-15,10,3496.5279893946663,2453.2232076469595,8.551569351845044,7.4999995,1.0,0.28775334980023454
2024-08-15,11,CENTRO,1.11,41.2,21.0,30.48,83.0,6.3999996,24.0,2024-08-15,11,2737.238875369097,1948.1176405744484,7.335768829666392,6.3999996,1.0,0.04613615898374381
2024-08-15,11,NORTE,1.2517302,16.926373,25.0,22.982975,61.0,2.4,212.0,2024-08-15,11,11531.70382721914,5479.787011061532,8.906890249316008,2.4,1.0,1.8521149275344992
2024-08-15,11,SURESTE,0.92999995,31.8,25.0,22.009998,73.0,6.5999994,66.0,2024-08-15,11,4331.309732422509,2947.8861707531896,8.554250734644487,6.599999399999999,1.0,0.6793362728079501
2024-08-15,12,CENTRO,1.0400001,36.7,39.0,31.289999,95.0,8.5,88.0,2024-08-15,12,1911.2526819357513,1443.8095870756313,7.314773635850827,8.5,1.0,-0.38838434994271354
2024-08-15,12,NORTE,1.1976075,15.087987,43.0,23.304346,66.0,2.9,203.0,2024-08-15,12,9677.539720513798,4970.143901213547,8.919489547622279,2.9,1.0,1.3664298377068316
2024-08-15,12,SURESTE,0.92999995,31.0,37.0,26.99,88.0,9.2,73.0,2024-08-15,12,3049.6569627604854,2251.071819314097,8.538290792463496,9.2,1.0,0.07813321342521698
2024-08-15,13,CENTRO,1.03,36.0,53.0,30.34,99.0,8.5,43.0,2024-08-15,13,1961.5972266711046,1488.876612113793,7.415991417407323,8.5,1.0,-0.36189996391545265
2024-08-15,13,NORTE,1.0375979,7.5999985,59.0,22.012493,95.0,7.5,122.0,2024-08-15,13,3714.9688256767763,2597.2474802113575,8.892503425250915,7.5,1.0,-0.19542316666856185
2024-08-15,13,SURESTE,0.90999997,21.1,55.0,26.68,82.0,13.2,84.0,2024-08-15,13,2029.0004211912888,1608.9534769495344,8.517483779694238,13.200000000000001,1.0,-0.40064064006726596
2024-08-15,14,CENTRO,0.90000004,18.900002,67.0,26.65,90.0,11.1,43.0,2024-08-15,14,1501.2802843485467,1200.4682993501606,7.405320585423729,11.1,1.0,-0.6040555273323964
2024-08-15,14,NORTE,1.0300776,11.799999,57.0,19.55135,116.0,9.2,107.0,2024-08-15,14,2929.2765482109576,2146.082206207535,8.866929215451483,9.2,1.0,-0.4012296662000154
2024-08-15,14,SURESTE,0.85999995,14.8,58.0,25.01,87.0,14.2,103.0,2024-08-15,14,1711.5547618366797,1370.3042636729726,8.47214324153088,14.200000000000001,1.0,-0.5495493820521076
2024-08-15,15,CENTRO,0.87,15.9,74.0,23.699999,82.0,10.3,36.0,2024-08-15,15,1625.1249154549648,1280.9523081942382,7.319542143747299,10.3,1.0,-0.5389054890339504
2024-08-15,15,NORTE,0.9655768,7.0,56.0,15.807648,59.0,8.0,107.0,2024-08-15,15,3371.429676151604,2389.605202574487,8.893945187494543,8.0,1.0,-0.2854108015780373
2024-08-15,15,SURESTE,0.7899999,10.900001,46.0,17.55,89.0,16.3,104.0,2024-08-15,15,1496.5183693271495,1225.1676263060424,8.543405891694666,16.3,1.0,-0.6504195554060399
2024-08-15,16,CENTRO,0.86,13.200001,70.0,21.84,71.0,12.799999,73.0,2024-08-15,16,1261.227006548936,1030.142179306209,7.342147927989119,12.799999,1.0,-0.7303385975195356
2024-08-15,16,NORTE,0.9699395,6.0,53.0,13.972696,35.0,10.200001,104.0,2024-08-15,16,2638.8849985778575,1976.2005879233625,8.889004302644253,10.200001,1.0,-0.47729566562191084
2024-08-15,16,SURESTE,0.7199999,10.3,42.0,13.549999,73.0,16.599998,117.0,2024-08-15,16,1346.4339097456316,1100.4050433104603,8.547075186015817,16.599998,1.0,-0.720821803504803
2024-08-15,17,CENTRO,0.78999996,10.500001,50.0,17.279999,59.0,13.5,106.0,2024-08-15,17,1234.2486258592676,1009.5290620570372,7.410536813431706,13.5,1.0,-0.7445309167138302
2024-08-15,17,NORTE,0.95251334,5.699999,46.0,13.356403,33.0,14.9,104.0,2024-08-15,17,1793.4715664717708,1444.792908942272,8.853147475424617,14.9,1.0,-0.6987456965167295
2024-08-15,17,SURESTE,0.68,9.1,37.0,12.57,49.0,15.5,126.0,2024-08-15,17,1358.9808932760134,1095.5299147647388,8.583895731851056,15.5,1.0,-0.7149362118195609
2024-08-15,18,CENTRO,0.7800001,10.900001,48.0,17.529999,56.0,13.0,117.0,2024-08-15,18,1320.7993356614634,1072.1627621941852,7.466370037779038,13.0,1.0,-0.6989998185306121
2024-08-15,18,NORTE,0.95999193,5.8999977,39.0,13.4340725,40.0,16.1,109.0,2024-08-15,18,1671.6563463831187,1363.146970121667,8.859800838394465,16.1,1.0,-0.730654326339287
2024-08-15,18,SURESTE,0.68,10.000001,36.0,10.869999,41.0,13.4,152.0,2024-08-15,18,1191.0579806219441,928.73053851987,8.596044437025514,13.4,1.0,-0.79370619634096
2024-08-15,19,CENTRO,0.78999996,12.1,51.0,18.169998,55.0,13.799999,127.0,2024-08-15,19,1240.8768683629569,1014.574267373878,7.381035402954649,13.799999,1.0,-0.7410440457117625
2024-08-15,19,NORTE,1.0263864,7.007866,33.0,13.986353,34.0,15.2,113.0,2024-08-15,19,1788.728849808272,1445.5553106762275,8.902456325216061,15.199999999999998,1.0,-0.6999880173881174
2024-08-15,19,SURESTE,0.66999996,9.900001,32.0,9.339999,35.0,14.099999,149.0,2024-08-15,19,1167.6289882359613,920.4343427481433,8.544606176581684,14.099999,1.0,-0.8046963664042776
2024-08-15,20,CENTRO,0.77,11.400002,32.0,15.91,56.0,12.6,117.0,2024-08-15,20,1306.7757524140957,1064.9364854316545,7.272054687722963,12.6,1.0,-0.7063771022891819
2024-08-15,20,NORTE,1.0779911,9.099998,27.0,13.388413,28.999996,10.9,131.0,2024-08-15,20,2571.9855619287014,1964.2741939291157,8.883595169248215,10.9,1.0,-0.4948194968625559
2024-08-15,20,SURESTE,0.6599999,9.3,28.0,9.379999,35.0,14.299999,151.0,2024-08-15,20,1120.9122565605282,885.5722648811065,8.530944311289536,14.299999000000001,1.0,-0.8266104469356519
2024-08-15,21,CENTRO,0.73,10.900001,24.0,13.82,47.0,12.5,116.0,2024-08-15,21,1314.7701316945008,1067.6727684478462,7.271132319211852,12.5,1.0,-0.7021715577158112
2024-08-15,21,NORTE,1.1238372,9.799997,20.0,13.368082,30.999998,11.4,122.0,2024-08-15,21,2430.776835545762,1868.2570148560137,8.899928278821362,11.4,1.0,-0.5318081176160949
2024-08-15,21,SURESTE,0.7199999,11.200001,23.0,8.15,24.0,11.9,122.0,2024-08-15,21,1816.0634413067153,1397.0609307026077,8.534988279272033,11.9,1.0,-0.5005260121373345
2024-08-15,22,CENTRO,0.74,10.8,20.0,10.599999,45.0,9.2,106.0,2024-08-15,22,1746.928751593326,1340.2529913852427,7.27357992923773,9.2,1.0,-0.4748290368016934
2024-08-15,22,NORTE,1.1023312,6.799999,20.0,11.483656,27.999998,14.6,95.0,2024-08-15,22,1782.8119074946885,1426.9739204545542,8.935048673615002,14.6,1.0,-0.7015379183104172
2024-08-15,22,SURESTE,0.6599999,8.800001,20.0,7.7799997,31.0,21.4,111.0,2024-08-15,22,1096.316317796972,930.9229167521155,8.571929103138041,21.4,1.0,-0.8381480131026098
2024-08-15,23,CENTRO,0.69000006,7.3,21.0,9.94,46.0,12.0,106.0,2024-08-15,23,1337.288669980343,1077.9389360271894,7.305766125278504,12.0,1.0,-0.690325395160028
2024-08-15,23,NORTE,1.0981838,4.386198,18.0,10.802786,29.999998,15.1,95.0,2024-08-15,23,1724.899659627296,1388.2898896083575,8.952401766601133,15.1,1.0,-0.7167076194204101
2024-08-15,23,SURESTE,0.6599999,8.1,19.0,8.429999,42.0,18.7,99.0,2024-08-15,23,1343.0340114861124,1123.5324923630392,8.586663434039634,18.7,1.0,-0.7224166420473452
2024-08-16,0,CENTRO,0.69000006,8.000001,19.0,10.33,41.0,8.7,61.0,2024-08-16,0,1884.6957051660706,1431.0055755878645,7.4146555339218665,8.7,1.0,-0.4023549842623306
2024-08-16,0,NORTE,1.0928477,5.5999985,18.0,10.520793,23.999996,13.4,105.0,2024-08-16,0,2043.6677664390054,1610.7531502580512,9.048561193198498,13.4,1.0,-0.6332085828296622
2024-08-16,0,SURESTE,0.62999994,6.4000015,21.0,8.78,28.000002,17.4,108.0,2024-08-16,0,1386.5989130772439,1144.0405105951672,8.655197963518765,17.4,1.0,-0.7019810351979153
2024-08-16,1,CENTRO,0.68000007,6.700001,20.0,11.03,48.0,8.8,57.999996,2024-08-16,1,1886.5895464560601,1428.5348447368772,7.510622866707847,8.8,1.0,-0.40135870504157073
2024-08-16,1,NORTE,1.0773511,5.0999985,19.0,10.634142,20.999996,14.0,109.0,2024-08-16,1,1979.7295975463956,1571.7590079743982,9.117678179619716,14.0,1.0,-0.6499567310597576
2024-08-16,1,SURESTE,0.62,6.5,20.0,8.45,28.000002,14.4,114.0,2024-08-16,1,1625.4670889908869,1294.0124924382803,8.73977639241824,14.4,1.0,-0.5899317488796523
2024-08-16,2,CENTRO,0.69000006,15.000001,14.000002,12.94,47.0,9.9,47.999996,2024-08-16,2,1759.2334924121712,1357.1147145206426,7.633702632487536,9.9,1.0,-0.46835597189416933
2024-08-16,2,NORTE,1.0742878,4.7999973,19.0,10.525823,20.999996,7.1,120.0,2024-08-16,2,4041.75630052903,2771.165559754845,9.171315196392523,7.099999999999999,1.0,-0.1098235137013846
2024-08-16,2,SURESTE,0.60999995,6.1000004,19.0,7.339999,19.0,13.4,104.0,2024-08-16,2,1870.7412615828996,1477.0055434011333,8.833279511018894,13.4,1.0,-0.4748775107580648
2024-08-16,3,CENTRO,0.6700001,7.9000006,16.0,10.2699995,41.0,8.599999,47.0,2024-08-16,3,2093.0856103795936,1559.6008928288275,7.790684592567031,8.599999,1.0,-0.2927288326530262
2024-08-16,3,NORTE,1.0538776,4.699999,17.0,10.658907,19.999996,8.8,138.0,2024-08-16,3,3322.9991329528893,2406.2324299562383,9.218131212919086,8.8,1.0,-0.29809683764076017
2024-08-16,3,SURESTE,0.5999999,5.800001,18.0,6.8999996,26.000002,13.599999,103.0,2024-08-16,3,1853.2359878178916,1468.371978455038,8.878223260629055,13.599999,1.0,-0.48308895803300056
2024-08-16,4,CENTRO,0.6700001,19.1,8.0,11.45,40.0,7.6,37.0,2024-08-16,4,2426.185130505866,1747.7208422456672,7.74211352135786,7.599999999999999,1.0,-0.11749760704767176
2024-08-16,4,NORTE,1.0903889,4.8999996,16.0,11.097614,11.999996,7.7000003,134.0,2024-08-16,4,3831.4292293419808,2686.4071860216254,9.29257798497337,7.7000003,1.0,-0.16491719289259008
2024-08-16,4,SURESTE,0.59,5.6000004,17.000002,7.299999,18.0,11.099999,109.0,2024-08-16,4,2199.2920018267046,1669.9503939776596,8.866568922980347,11.099999,1.0,-0.32075955082955354
2024-08-16,5,CENTRO,0.6700001,19.0,7.000002,12.46,45.0,8.099999,47.999996,2024-08-16,5,2177.1809340408618,1603.858876088957,7.656617212910187,8.099999,1.0,-0.24848942147868172
2024-08-16,5,NORTE,1.1059009,5.3999977,13.0,12.349485,15.999996,6.1000004,30.0,2024-08-16,5,3427.0197922890297,2183.1903789716084,9.128293933375364,6.1000004,1.0,-0.2708493663457961
2024-08-16,5,SURESTE,0.5999999,6.700001,16.000002,7.909999,23.0,10.4,97.0,2024-08-16,5,2475.601076176798,1864.2813047374564,8.765029546009206,10.4,1.0,-0.1911473307597658
2024-08-16,6,CENTRO,0.69000006,15.5,8.0,15.099999,49.0,8.5,38.0,2024-08-16,6,2003.480891026273,1508.136489553725,7.251750253037014,8.5,1.0,-0.33986653127941274
2024-08-16,6,NORTE,1.1238952,6.299999,12.000001,13.387674,19.999996,5.0,9.0,2024-08-16,6,3983.862692777141,2367.2717208791423,8.978256441227593,5.0,1.0,-0.1249883321658013
2024-08-16,6,SURESTE,0.62999994,9.7,12.000001,9.69,26.000002,10.599999,82.0,2024-08-16,6,2578.300123183816,1957.901589849169,8.580151425117943,10.599999,1.0,-0.14297283083449175
2024-08-16,7,CENTRO,0.76,18.2,7.000002,13.74,51.0,4.8999996,55.0,2024-08-16,7,3255.098108963187,2168.01130100642,7.216697131234562,4.8999996,1.0,0.3185625742464917
2024-08-16,7,NORTE,1.1918751,9.199999,10.0,14.146923,14.999996,3.3000002,104.0,2024-08-16,7,8211.775073175202,4453.442101952216,8.906775563066942,3.3000002,1.0,0.9824832216363487
2024-08-16,7,SURESTE,0.68999994,12.6,10.000002,9.429999,25.0,8.5,90.0,2024-08-16,7,3056.9339486160993,2213.770595260523,8.562735299460252,8.5,1.0,0.0815467324867282
2024-08-16,8,CENTRO,0.80999994,35.9,6.000002,17.25,47.0,4.7,32.0,2024-08-16,8,3576.866222816258,2346.648239313465,7.254958785364281,4.7,1.0,0.4878327699220146
2024-08-16,8,NORTE,1.2913387,11.699999,9.0,16.134249,22.0,3.9,203.0,2024-08-16,8,7186.166216574605,4110.685283595849,8.885223759887394,3.9,1.0,0.7138322819246391
2024-08-16,8,SURESTE,0.7099999,12.5,13.000001,10.429999,33.0,6.0999994,93.0,2024-08-16,8,4215.582062356706,2800.559307276637,8.58042500669347,6.099999399999999,1.0,0.6250502517063503
2024-08-16,9,CENTRO,1.01,25.400002,13.0,19.929998,56.0,4.7,356.0,2024-08-16,9,4215.79694829187,2745.686251116645,7.272346130711055,4.7,1.0,0.8239503784360328
2024-08-16,9,NORTE,1.1733077,10.099998,14.000001,17.030415,25.999998,4.4,296.0,2024-08-16,9,5408.479853206419,3079.406569305621,8.91886276505991,4.4,1.0,0.24817999259623533
2024-08-16,9,SURESTE,0.85999995,22.0,14.000001,11.389999,33.0,6.1999993,55.0,2024-08-16,9,4599.9170553203485,3078.3152757679613,8.560465160756983,6.1999993,1.0,0.805335722987714
2024-08-16,10,CENTRO,1.0500001,32.800003,20.0,24.619999,58.0,5.2,53.999996,2024-08-16,10,3108.09522994772,2100.285555757524,7.27307817703593,5.2,1.0,0.24122984603472203
2024-08-16,10,NORTE,1.1811574,9.699999,24.0,18.871788,51.0,5.0,254.0,2024-08-16,10,5088.647964189767,3095.231641253845,8.882354345981613,5.0,1.0,0.16440230582889515
2024-08-16,10,SURESTE,0.86999995,22.5,22.0,13.98,69.0,6.1999993,56.0,2024-08-16,10,4614.353560546445,3087.5659254057855,8.557032575796804,6.1999993,1.0,0.8121076594389673
2024-08-16,11,CENTRO,1.07,41.6,30.0,29.3,69.0,8.9,50.999996,2024-08-16,11,1844.5051633724509,1414.2006290993388,7.345492000636921,8.9,1.0,-0.4234977283094234
2024-08-16,11,NORTE,1.1623578,9.999999,40.0,17.837105,29.999998,2.3000002,179.0,2024-08-16,11,12192.946167098713,5745.913660173151,8.895604765969656,2.3000002,1.0,2.0253226517487963
2024-08-16,11,SURESTE,0.9,17.400002,37.0,13.58,67.0,9.0,51.0,2024-08-16,11,3137.4507401256305,2301.5544820825035,8.546768343021208,9.0,1.0,0.11931588692001274
2024-08-16,12,CENTRO,0.90000004,23.7,50.0,19.599998,73.0,11.4,66.0,2024-08-16,12,1413.218748893913,1134.189595635199,7.2996666058492545,11.4,1.0,-0.6503814145043598
2024-08-16,12,NORTE,1.0512737,9.9,64.0,16.183548,36.0,5.1,145.0,2024-08-16,12,5528.821320533397,3486.2534929132903,8.888059534062656,5.1,1.0,0.2797025833730317
2024-08-16,12,SURESTE,0.73999995,10.900001,33.0,14.949999,49.0,16.9,83.0,2024-08-16,12,1607.5317612800704,1327.7043452938613,8.5627874110976,16.9,1.0,-0.5983449276641198
2024-08-16,13,CENTRO,0.78999996,12.3,42.0,16.97,64.0,11.1,38.999992,2024-08-16,13,1512.2991788044944,1208.1799588775389,7.351871525329518,11.1,1.0,-0.5982588982060626
2024-08-16,13,NORTE,0.997793,6.699999,62.0,14.5744505,34.0,5.1,51.000004,2024-08-16,13,3996.9998815315525,2442.6757333341,8.83721857050863,5.1,1.0,-0.12154713908197717
2024-08-16,13,SURESTE,0.72999996,9.900001,32.0,14.009999,70.0,19.4,104.0,2024-08-16,13,1254.6149785545792,1054.6103910687564,8.542966603281883,19.4,1.0,-0.7638926130469774
2024-08-16,14,CENTRO,0.78999996,11.2,37.0,12.37,56.0,13.1,86.0,2024-08-16,14,1233.4812077312358,1009.6262850465364,7.349239098605993,13.1,1.0,-0.744934626749425
2024-08-16,14,NORTE,0.9741705,5.199999,45.0,12.55381,20.999996,8.3,82.0,2024-08-16,14,2871.5012929496183,2023.8980442028155,8.84830255807679,8.3,1.0,-0.41636348307196464
2024-08-16,14,SURESTE,0.72999996,9.000001,33.0,15.91,43.0,20.2,105.0,2024-08-16,14,1193.9994469000058,1009.7528463656429,8.524327003727562,20.2,1.0,-0.7923264009959945
2024-08-16,15,CENTRO,0.76,8.8,37.0,9.879999,46.0,14.7,115.0,2024-08-16,15,1137.6929491290628,947.4703477271381,7.337529531224607,14.699999999999998,1.0,-0.7953252545927149
2024-08-16,15,NORTE,0.9515399,5.0999985,43.0,11.609447,18.999996,12.2,91.0,2024-08-16,15,2061.4067744417152,1594.5826323293884,8.849707215100125,12.199999999999998,1.0,-0.6285619759494552
2024-08-16,15,SURESTE,0.72999996,9.900001,34.0,11.699999,42.0,18.4,99.0,2024-08-16,15,1347.598498797747,1125.6773959931884,8.51300245370377,18.4,1.0,-0.7202755131852806
2024-08-16,16,CENTRO,0.73,8.300001,37.0,9.2,40.0,14.5,118.0,2024-08-16,16,1162.5713565777664,965.3646710030624,7.346332134401047,14.5,1.0,-0.7822376529453359
2024-08-16,16,NORTE,0.9400404,4.7401543,44.0,10.618737,15.999996,11.7,111.0,2024-08-16,16,2317.378506109283,1785.379671035538,8.842864933849924,11.699999999999998,1.0,-0.5615120028436694
2024-08-16,16,SURESTE,0.7199999,9.7,32.0,7.99,46.0,14.799999,130.0,2024-08-16,16,1362.8091255862341,1091.157528474237,8.550198168857879,14.799999000000001,1.0,-0.7131404485431007
2024-08-16,17,CENTRO,0.73,8.000001,36.0,9.209999,36.0,14.7,138.0,2024-08-16,17,1205.5360329433338,986.234629082218,7.394576983953136,14.699999999999998,1.0,-0.7596355402361319
2024-08-16,17,NORTE,0.9455679,5.299999,38.0,10.927259,20.999996,15.6,123.0,2024-08-16,17,1774.6958423368208,1442.8248180802339,8.84524758239076,15.6,1.0,-0.7036638638084404
2024-08-16,17,SURESTE,0.6599999,12.1,29.0,7.8899994,31.0,13.9,144.0,2024-08-16,17,1245.7325108295784,981.9699828913508,8.498314415442476,13.9,1.0,-0.7680592382808519
2024-08-16,18,CENTRO,0.73,8.8,36.0,9.629999,37.0,13.0,133.0,2024-08-16,18,1332.9261679616118,1079.0937171592338,7.36175623749098,13.0,1.0,-0.6926203446548765
2024-08-16,18,NORTE,0.9424289,5.0999985,33.0,11.440411,26.999998,18.199999,122.0,2024-08-16,18,1505.7758474180316,1254.948443100081,8.818840443417693,18.199999,1.0,-0.7741055423072595
2024-08-16,18,SURESTE,0.68,10.000001,30.0,7.41,26.000002,14.9,131.0,2024-08-16,18,1348.9724542773697,1079.0002075956322,8.563443176904055,14.9,1.0,-0.7196310123833803
2024-08-16,19,CENTRO,0.73,9.0,30.0,9.749999,42.0,13.9,134.0,2024-08-16,19,1217.89304049398,1001.6950677420632,7.256922552357639,13.9,1.0,-0.7531349797517052
2024-08-16,19,NORTE,1.0416323,7.086483,29.0,11.979686,22.999996,15.9,125.0,2024-08-16,19,1746.0337863434222,1424.1946080005077,8.850746601141031,15.9,1.0,-0.7111716853596487
2024-08-16,19,SURESTE,0.6599999,9.400001,27.0,6.59,28.000002,14.6,157.0,2024-08-16,19,1022.3195846405687,808.914761802793,8.562893098646057,14.6,1.0,-0.8728587112035383
2024-08-16,20,CENTRO,0.75,9.800001,25.0,11.11,39.0,14.7,136.0,2024-08-16,20,1149.4817580606777,948.2023454313668,7.245296120769175,14.699999999999998,1.0,-0.7891236021954638
2024-08-16,20,NORTE,1.0888433,8.699999,21.0,12.542552,18.999996,12.1,156.0,2024-08-16,20,2277.4654974477057,1769.3388583910908,8.830999812195946,12.1,1.0,-0.5719669313621252
2024-08-16,20,SURESTE,0.6399999,9.200001,24.0,6.24,18.0,13.799999,150.0,2024-08-16,20,1164.3653201645448,915.6126064307479,8.488823713007688,13.799999000000001,1.0,-0.806227301518523
2024-08-16,21,CENTRO,0.71000004,8.000001,25.0,11.19,43.0,12.4,132.0,2024-08-16,21,1324.0970968640647,1076.0562286134564,7.176941661338582,12.4,1.0,-0.6972649894408958
2024-08-16,21,NORTE,1.1220628,9.599998,18.0,13.413403,17.999996,11.2,157.0,2024-08-16,21,2460.7328297431472,1880.5471936711288,8.818188084036182,11.199999999999998,1.0,-0.523961358162593
2024-08-16,21,SURESTE,0.73999995,11.800001,21.0,8.089999,17.000004,12.0,103.0,2024-08-16,21,2018.4915804184284,1570.1043896157894,8.468408252515639,12.0,1.0,-0.4055701711951671
2024-08-16,22,CENTRO,0.71000004,6.6000004,25.0,11.809999,42.0,12.0,134.0,2024-08-16,22,1373.0976588143935,1108.4989491250135,7.207783832986435,12.0,1.0,-0.6714876225967399
2024-08-16,22,NORTE,1.1512604,10.999999,12.000001,13.748756,22.999996,8.6,128.0,2024-08-16,22,3242.303072306755,2348.3075796053936,8.862564658209417,8.6,1.0,-0.3192345963331654
2024-08-16,22,SURESTE,0.76,11.900001,21.0,9.19,29.0,12.599999,93.0,2024-08-16,22,2023.4463684647499,1589.125810186042,8.508978610716058,12.599999,1.0,-0.4032459584266596
2024-08-16,23,CENTRO,0.70000005,6.4000006,23.0,10.57,40.0,11.2,124.0,2024-08-16,23,1475.2782749905218,1169.1304827849613,7.288287640104262,11.199999999999998,1.0,-0.6177342140092231
2024-08-16,23,NORTE,1.1315883,10.199998,13.0,13.469982,28.999996,9.3,141.0,2024-08-16,23,3062.5941536864884,2253.8933276560006,8.942052545532011,9.3,1.0,-0.3663080683992428
2024-08-16,23,SURESTE,0.72999996,10.700001,20.0,9.179999,27.0,10.2,105.0,2024-08-16,23,2380.4145547389426,1786.2814673336761,8.565512770249068,10.2,1.0,-0.23579782366630364
2024-08-17,0,CENTRO,0.70000005,6.1000004,22.0,9.809999,35.0,11.7,118.0,2024-08-17,0,1383.0641352502073,1112.7249045113365,7.287599206075371,11.699999999999998,1.0,-0.6662446313124759
2024-08-17,0,NORTE,1.0802991,8.1,15.0,12.463009,27.999998,6.4,149.0,2024-08-17,0,4395.131735299743,2948.8489452481963,8.915329143111384,6.400000000000001,1.0,-0.01725933388643162
2024-08-17,0,SURESTE,0.6599999,7.800001,19.0,6.8199997,24.0,12.7,107.0,2024-08-17,0,1894.446111000454,1481.6165892120152,8.560178274711197,12.700000000000001,1.0,-0.4637579405208008
2024-08-17,1,CENTRO,0.70000005,6.6000004,20.0,9.369999,34.0,10.0,66.0,2024-08-17,1,1612.3362180385839,1259.493551572184,7.259319686332401,10.0,1.0,-0.5456331454452203
2024-08-17,1,NORTE,1.0691204,6.0,15.0,12.173509,18.999996,8.4,159.0,2024-08-17,1,3334.0640899511427,2383.968357933618,8.965206810208821,8.4,1.0,-0.29519845091533425
2024-08-17,1,SURESTE,0.6599999,8.200001,17.000002,6.6499996,15.0,11.2,104.0,2024-08-17,1,2189.757627392681,1673.4634257083737,8.605259946888685,11.2,1.0,-0.32523197519808744
2024-08-17,2,CENTRO,0.72,19.900002,11.0,10.96,33.0,8.4,26.999992,2024-08-17,2,2125.7073694744827,1589.6204846682,7.349181853002256,8.4,1.0,-0.2755677427017916
2024-08-17,2,NORTE,1.0893923,5.5999985,14.000001,12.438406,22.0,10.200001,143.0,2024-08-17,2,2822.5974143155972,2114.8637273711283,9.064561797450008,10.200001,1.0,-0.42917350598276865
2024-08-17,2,SURESTE,0.6599999,8.000001,15.000001,7.95,12.0,12.299999,97.0,2024-08-17,2,2066.6311073090037,1611.2800359955083,8.599456565715947,12.299999000000001,1.0,-0.3829886799138092
2024-08-17,3,CENTRO,0.73,17.7,10.000002,11.41,36.0,8.0,47.999996,2024-08-17,3,2120.1736531738043,1570.5894857923427,7.436912887911554,8.0,1.0,-0.27847882431833854
2024-08-17,3,NORTE,1.0824078,5.799999,13.0,13.555042,20.999996,7.2000003,170.0,2024-08-17,3,3962.7980788862656,2717.6973202791955,9.056559161665506,7.2000003,1.0,-0.13050605783677982
2024-08-17,3,SURESTE,0.65,9.800001,12.000001,9.059999,15.0,11.099999,66.0,2024-08-17,3,2641.2339237028536,2016.9499958839842,8.72893438817779,11.099999,1.0,-0.11345157959839801
2024-08-17,4,CENTRO,0.71000004,16.7,8.0,13.37,46.0,5.7,47.0,2024-08-17,4,3061.1159198844894,2071.8060671709236,7.529570190739737,5.7,1.0,0.21651578437124935
2024-08-17,4,NORTE,1.0866191,6.8999977,10.0,13.74448,17.0,2.3000002,277.0,2024-08-17,4,10969.630241511039,4892.400048644146,9.098326978912718,2.3000002,1.0,1.7048837525930993
2024-08-17,4,SURESTE,0.6399999,8.800001,12.000001,8.83,21.000002,10.299999,74.0,2024-08-17,4,2777.2393505038867,2092.210981614985,8.72544683128566,10.299999,1.0,-0.04965358327604179
2024-08-17,5,CENTRO,0.71000004,15.6,7.000002,15.08,40.0,5.3,65.0,2024-08-17,5,3167.144132814592,2104.8600555418543,7.579366494428482,5.3,1.0,0.27229327001110926
2024-08-17,5,NORTE,1.142038,4.706135,12.000001,14.428042,20.999996,2.0000005,147.0,2024-08-17,5,14409.438678951528,6407.663037153148,9.105824285230375,2.0000005,1.0,2.605917088254445
2024-08-17,5,SURESTE,0.6399999,7.9000006,13.000001,9.7699995,24.0,9.299999,90.0,2024-08-17,5,2863.0445736696693,2105.6353912544364,8.730053139849733,9.299999,1.0,-0.009403709129637743
2024-08-17,6,CENTRO,0.70000005,23.400002,5.000002,17.119999,38.0,4.7999997,61.0,2024-08-17,6,3380.5197060676255,2210.8275268193433,7.411901314667079,4.7999997,1.0,0.38454219550100555
2024-08-17,6,NORTE,1.1750997,5.5999985,13.0,15.690345,19.999996,4.3,120.0,2024-08-17,6,6550.434905040066,3891.9760693133626,8.975343172900947,4.3,1.0,0.5473069899980484
2024-08-17,6,SURESTE,0.65,9.400001,12.000001,11.24,21.000002,7.4999995,102.0,2024-08-17,6,3329.194515564436,2323.003289489809,8.669432396757738,7.4999995,1.0,0.2092598617157795
2024-08-17,7,CENTRO,0.7800001,27.6,4.000002,17.93,47.0,3.8999999,55.0,2024-08-17,7,4107.701860543286,2546.8151996309853,7.205732226254378,3.8999999,1.0,0.7670855870940272
2024-08-17,7,NORTE,1.2078127,6.199999,12.000001,17.087788,22.0,1.7000003,120.0,2024-08-17,7,16474.53886284276,6846.542876453589,8.921596948169798,1.7000003,1.0,3.1468553820598157
2024-08-17,7,SURESTE,0.7099999,15.0,8.000002,11.59,27.0,6.7,75.0,2024-08-17,7,4204.804866597104,2867.5064299483424,8.569462866669669,6.7,1.0,0.6199948394951723
2024-08-17,8,CENTRO,0.7800001,25.2,7.000002,18.419998,57.0,5.7,66.0,2024-08-17,8,2775.5250028474106,1917.9339408940027,7.164741434488549,5.7,1.0,0.06627706173606386
2024-08-17,8,NORTE,1.2262583,8.199999,11.0,18.15013,22.0,1.3999996,133.0,2024-08-17,8,20263.799832373228,7782.474610250154,8.9040799232625,1.3999996,1.0,4.139425321102082
2024-08-17,8,SURESTE,0.78,20.4,7.000002,12.629999,29.0,8.2,65.0,2024-08-17,8,3495.753388041822,2506.5702934366172,8.503405845402463,8.2,1.0,0.28738999654718855
2024-08-17,9,CENTRO,0.85,32.9,9.000002,21.63,50.0,5.8999996,65.0,2024-08-17,9,2668.0048618359356,1867.3324232922268,7.137343557811501,5.8999996,1.0,0.009714728414301481
2024-08-17,9,NORTE,1.2549783,8.5,13.0,18.63683,27.999998,2.6000004,129.0,2024-08-17,9,10831.789948413338,5410.340192733306,8.880416388867603,2.6000004,1.0,1.66877746896215
2024-08-17,9,SURESTE,0.77,15.900001,14.000001,13.449999,39.0,8.099999,82.0,2024-08-17,9,3339.375387138781,2393.6992492654363,8.501651155260143,8.099999,1.0,0.21403554767578642
2024-08-17,10,CENTRO,0.96000004,31.900002,14.000002,24.5,50.0,7.2999997,21.0,2024-08-17,10,2404.9913302717696,1768.9925996508791,7.105228219988037,7.2999997,1.0,-0.12864687435627636
2024-08-17,10,NORTE,1.2314159,8.5,19.0,19.513624,29.999998,4.0,82.0,2024-08-17,10,5931.677818724233,3385.8359563871045,8.841037627844802,4.0,1.0,0.38522797554511173
2024-08-17,10,SURESTE,0.79999995,15.400001,23.0,16.88,41.0,5.8999996,100.0,2024-08-17,10,4192.661058197499,2757.9463322013034,8.490524119464316,5.899999600000001,1.0,0.6142983708921159
2024-08-17,11,CENTRO,1.01,23.6,30.0,27.91,66.0,6.6,4.0,2024-08-17,11,2844.7774143582296,2028.5842625361706,7.1442488655559355,6.599999999999999,1.0,0.1027081707949029
2024-08-17,11,NORTE,1.0409353,7.0999985,39.0,18.1441,22.0,1.0,333.0,2024-08-17,11,19431.298693121098,5705.385360269718,8.861025701841335,1.0,1.0,3.921357573410771
2024-08-17,11,SURESTE,0.78,14.700001,40.0,16.72,51.0,6.1999993,38.0,2024-08-17,11,4370.340225610076,2901.8875187258004,8.469624930215684,6.1999993,1.0,0.6976448603357328
2024-08-17,12,CENTRO,0.92,26.6,51.0,25.849998,65.0,8.9,32.999992,2024-08-17,12,1894.840274291748,1451.4158627744305,7.179041571500394,8.9,1.0,-0.39701830506070096
2024-08-17,12,NORTE,1.0217127,6.799999,60.0,17.381254,28.999996,2.9,145.0,2024-08-17,12,9628.567321024811,5032.464172408716,8.815132384278073,2.9,1.0,1.3536018662458
2024-08-17,12,SURESTE,0.76,12.400001,52.0,16.439999,52.0,9.5,79.0,2024-08-17,12,2894.4450777491493,2151.888581471059,8.53295832152252,9.5,1.0,0.005325771089658777
2024-08-17,13,CENTRO,0.85,16.900002,66.0,20.24,70.0,10.3,52.999996,2024-08-17,13,1561.3971836781973,1235.1368473306325,7.243740040484409,10.3,1.0,-0.5724302702766824
2024-08-17,13,NORTE,0.9752096,6.299999,70.0,16.253508,25.0,4.2,86.0,2024-08-17,13,5775.720072394647,3373.9547836511297,8.771915490542444,4.2,1.0,0.3443759539999429
2024-08-17,13,SURESTE,0.81999993,11.600001,44.0,20.64,54.0,14.6,80.0,2024-08-17,13,1860.53516023837,1503.822903568457,8.47653551416776,14.6,1.0,-0.4796650316045414
2024-08-17,14,CENTRO,0.82000005,10.400001,45.0,14.26,59.0,14.1,61.0,2024-08-17,14,1123.4202200657594,937.5605119204024,7.187151665071045,14.1,1.0,-0.8028336046664337
2024-08-17,14,NORTE,0.9408757,6.0,62.0,15.394033,27.999998,9.6,118.0,2024-08-17,14,2847.603253316503,2110.6493289637906,8.7785623162854,9.6,1.0,-0.42262340444782337
2024-08-17,14,SURESTE,0.78,10.200001,33.0,19.98,69.0,18.8,98.0,2024-08-17,14,1324.274483125777,1110.5989031589259,8.484557921900324,18.8,1.0,-0.7312164403310761
2024-08-17,15,CENTRO,0.78999996,9.600001,37.0,12.389999,53.0,17.2,77.0,2024-08-17,15,917.0521590791831,784.409394231295,7.122905833753918,17.2,1.0,-0.9113961394871679
2024-08-17,15,NORTE,0.9179306,4.3999977,48.0,13.328263,41.0,13.200001,104.0,2024-08-17,15,2012.5576067578243,1586.979874672573,8.75766668408549,13.200001,1.0,-0.6413576677163048
2024-08-17,15,SURESTE,0.79999995,10.400001,32.0,20.93,54.0,18.7,113.0,2024-08-17,15,1212.4548245454473,1011.6217185225354,8.450267941385375,18.7,1.0,-0.7836692750059113
2024-08-17,16,CENTRO,0.75,8.700001,36.0,15.13,46.0,15.2,86.0,2024-08-17,16,1028.9394714240595,867.8418148525201,7.109950340231921,15.199999999999998,1.0,-0.852536400318377
2024-08-17,16,NORTE,1.0931048,77.3,42.0,16.858448,29.999998,14.1,113.0,2024-08-17,16,1900.7696373516935,1519.174415159264,8.721928580210292,14.1,1.0,-0.670639730596458
2024-08-17,16,SURESTE,0.77,12.6,30.0,18.449999,65.0,15.799999,132.0,2024-08-17,16,1239.5874682178267,1003.6134763016458,8.387734680726624,15.799999000000001,1.0,-0.7709417806555674
2024-08-17,17,CENTRO,0.74,8.6,29.0,16.63,46.0,12.799999,97.0,2024-08-17,17,1225.089838796301,1003.991858418482,7.10928256634011,12.799999,1.0,-0.7493490127636045
2024-08-17,17,NORTE,1.1522633,85.1,37.0,17.32046,25.0,14.6,114.0,2024-08-17,17,1847.7220226354361,1483.8736809598272,8.749004415523533,14.6,1.0,-0.6845351756789269
2024-08-17,17,SURESTE,0.73999995,9.7,25.0,12.759999,46.0,15.4,135.0,2024-08-17,17,1235.2457408600017,993.6407845459621,8.41705292690321,15.4,1.0,-0.7729784163437332
2024-08-17,18,CENTRO,0.73,7.7,29.0,13.9,42.0,14.5,100.0,2024-08-17,18,1085.6025757776972,908.6763633925005,7.113541236763777,14.5,1.0,-0.822728055897082
2024-08-17,18,NORTE,0.9541008,6.4656754,28.0,12.274245,23.999996,14.8,109.0,2024-08-17,18,1802.7199486490965,1451.3232272058626,8.769670149023115,14.800000000000002,1.0,-0.6963231486352819
2024-08-17,18,SURESTE,0.7199999,9.7,25.0,12.98,31.0,13.5,131.0,2024-08-17,18,1472.003507469996,1159.0043933812908,8.419446232842123,13.5,1.0,-0.6619190896775199
2024-08-17,19,CENTRO,0.72,7.9000006,31.0,13.33,43.0,12.7,118.0,2024-08-17,19,1261.5160217048735,1035.3597001861394,7.110082388684533,12.699999999999998,1.0,-0.7301865574326143
2024-08-17,19,NORTE,1.0163578,7.2904263,26.0,12.939074,20.999996,15.799999,128.0,2024-08-17,19,1752.454112381681,1430.2338605658763,8.7899740503564,15.799999,1.0,-0.7094899266537512
2024-08-17,19,SURESTE,0.7099999,9.5,27.0,12.769999,29.0,12.0,142.0,2024-08-17,19,1474.2317984471247,1131.7550854991675,8.436471238842074,12.0,1.0,-0.6608738335954081
2024-08-17,20,CENTRO,0.76,8.200001,30.0,14.63,37.0,10.6,127.0,2024-08-17,20,1548.1300333897082,1215.0022522832264,7.1980179456672975,10.6,1.0,-0.5794096228871607
2024-08-17,20,NORTE,1.1115652,9.181225,21.0,14.036521,17.999996,13.1,117.0,2024-08-17,20,2075.0738587817477,1637.575846322464,8.791764129417437,13.1,1.0,-0.6249819804887697
2024-08-17,20,SURESTE,0.72999996,10.600001,22.0,11.65,30.0,9.599999,149.0,2024-08-17,20,1689.5419294409846,1236.4688452097757,8.422826959616454,9.599999,1.0,-0.5598752538445596
2024-08-17,21,CENTRO,0.77,11.0,25.0,16.42,40.0,7.5,127.0,2024-08-17,21,2134.038730454605,1581.3018134141307,7.106179912547477,7.5,1.0,-0.27118492463302346
2024-08-17,21,NORTE,1.2210766,11.79412,14.000001,15.862095,22.999996,8.5,79.0,2024-08-17,21,2745.818173839402,1946.6381199806997,8.793602585961656,8.5,1.0,-0.4492852815115499
2024-08-17,21,SURESTE,0.76,11.5,20.0,11.299999,23.0,8.5,131.0,2024-08-17,21,2331.995325830493,1668.4879220351,8.436944935982192,8.5,1.0,-0.2585105187439174
2024-08-17,22,CENTRO,0.8000001,9.900001,25.0,16.529999,36.0,7.2999997,107.0,2024-08-17,22,2127.3980001218847,1574.6856891859943,7.121903143550987,7.2999997,1.0,-0.2746783650158738
2024-08-17,22,NORTE,1.2884088,12.5233345,10.0,17.272675,25.0,10.0,47.0,2024-08-17,22,2004.3293311328162,1464.802590397419,8.852431836949444,10.0,1.0,-0.6435130059474821
2024-08-17,22,SURESTE,0.87999994,15.6,15.000001,15.339999,26.000002,10.5,103.0,2024-08-17,22,2315.2169830610505,1750.9013151232691,8.495583879992557,10.5,1.0,-0.2663809741770384
2024-08-17,23,CENTRO,0.84000003,12.3,19.0,17.38,41.0,7.8999996,96.0,2024-08-17,23,1979.4442329908857,1487.6076390843066,7.19211555953583,7.8999996,1.0,-0.3525113199761992
2024-08-17,23,NORTE,1.2578012,8.95982,13.0,16.106846,28.999996,11.2,79.0,2024-08-17,23,2081.8725788131915,1570.9936428196327,8.835106275175324,11.199999999999998,1.0,-0.6232011041697624
2024-08-17,23,SURESTE,0.81999993,12.0,16.000002,15.199999,39.0,14.5,101.0,2024-08-17,23,1695.5730196067707,1364.3901529423015,8.504879642543784,14.5,1.0,-0.5570461647613754
2024-08-18,0,CENTRO,0.82000005,13.3,13.0,16.0,51.0,7.5,53.999996,2024-08-18,0,2174.9423848124015,1601.8223260374843,7.31166412859176,7.5,1.0,-0.24966703868068882
2024-08-18,0,NORTE,1.2096341,6.522314,17.0,13.953032,29.999998,12.3,101.0,2024-08-18,0,2183.6506714613915,1696.3045324321233,8.900205211429622,12.300000000000002,1.0,-0.5965410572561343
2024-08-18,0,SURESTE,0.7099999,9.3,16.000002,15.199999,44.0,16.699999,98.0,2024-08-18,0,1507.2741093750728,1240.4780335464468,8.566761421437132,16.699999,1.0,-0.6453742077301307
2024-08-18,1,CENTRO,0.83000004,14.000001,11.0,13.91,48.0,7.2,42.0,2024-08-18,1,2374.7363203121754,1720.073642357968,7.3348505170544485,7.2,1.0,-0.14456290591919227
2024-08-18,1,NORTE,1.192374,6.372242,17.0,11.978199,22.0,9.5,146.0,2024-08-18,1,2983.9116165170226,2204.938156842552,8.946188792332906,9.5,1.0,-0.3869183989491771
2024-08-18,1,SURESTE,0.68,8.400001,15.000001,9.509999,36.0,16.3,101.0,2024-08-18,1,1526.3577967763422,1248.9566498057643,8.596887452346664,16.3,1.0,-0.6364223515632124
2024-08-18,2,CENTRO,0.8000001,18.2,9.000002,11.54,43.0,7.8999996,25.0,2024-08-18,2,2251.8610000298013,1667.9730599381312,7.275992865167227,7.8999996,1.0,-0.20920302596970639
2024-08-18,2,NORTE,1.1958324,6.799959,14.000001,11.312239,18.999996,9.6,171.0,2024-08-18,2,2933.866804701247,2160.5520295192573,8.999991152761217,9.6,1.0,-0.4000272811857894
2024-08-18,2,SURESTE,0.68999994,9.7,13.000001,8.719999,25.0,12.4,101.0,2024-08-18,2,2009.2959407868454,1569.3790074168796,8.6029448927559,12.4,1.0,-0.40988370042114197
2024-08-18,3,CENTRO,0.78999996,19.900002,6.000002,12.23,40.0,7.5,356.0,2024-08-18,3,2766.09298408361,1994.895043057125,7.3633086585718726,7.5,1.0,0.06131522868602852
2024-08-18,3,NORTE,1.1756126,6.9182568,13.0,11.390118,35.0,5.8,187.0,2024-08-18,3,4900.995629866069,3184.705228087015,8.991791134792068,5.8,1.0,0.11524811256046709
2024-08-18,3,SURESTE,0.7,10.200001,12.000001,8.089999,28.000002,10.0,91.0,2024-08-18,3,2613.839201475423,1955.0313597926022,8.636861190468837,10.0,1.0,-0.12630201085710355
2024-08-18,4,CENTRO,0.78999996,23.2,5.000002,13.11,48.0,7.2999997,38.0,2024-08-18,4,2397.74908178966,1731.312494961625,7.522873438021895,7.2999997,1.0,-0.13245675098767315
2024-08-18,4,NORTE,1.1781716,8.413523,8.0,11.661375,19.999996,5.3,260.0,2024-08-18,4,4902.384800785351,3014.18046192486,9.024919771142901,5.3,1.0,0.11561199599466666
2024-08-18,4,SURESTE,0.6599999,8.800001,12.000001,8.66,27.0,10.4,91.0,2024-08-18,4,2529.9270987402083,1907.2363180533193,8.704426665871111,10.4,1.0,-0.16566385212785015
2024-08-18,5,CENTRO,0.7800001,18.1,8.0,14.889999,58.0,6.2999997,65.0,2024-08-18,5,2645.875578924686,1848.2308158914273,7.561738448480811,6.2999997,1.0,-0.001926661416689215
2024-08-18,5,NORTE,1.152923,8.134832,8.0,12.638475,20.999996,6.9,262.0,2024-08-18,5,3754.448489929226,2494.96174956184,9.047410521661039,6.900000000000001,1.0,-0.18508174963353538
2024-08-18,5,SURESTE,0.6599999,8.1,12.000001,8.029999,23.0,7.8999996,114.0,2024-08-18,5,2949.6996597445786,2067.6693470641594,8.73598851993568,7.899999600000001,1.0,0.031244822276452717
2024-08-18,6,CENTRO,0.80999994,19.400002,5.000002,14.599999,52.0,3.6999998,16.0,2024-08-18,6,5176.455482205377,3062.9741825143587,7.480849395041337,3.6999998,1.0,1.3293169794509279
2024-08-18,6,NORTE,1.1819268,10.208775,7.0,13.706951,19.999996,3.9,274.0,2024-08-18,6,6489.060312170297,3571.4528431928293,9.041434975795163,3.9,1.0,0.5312303522596244
2024-08-18,6,SURESTE,0.6599999,9.400001,9.000002,9.309999,28.000002,6.4999995,71.0,2024-08-18,6,4460.564544077508,3003.5946992455415,8.717469030751998,6.4999995,1.0,0.7399676622500501
2024-08-18,7,CENTRO,0.78999996,19.900002,5.000002,19.99,52.0,3.6,84.0,2024-08-18,7,4422.85005094774,2651.854159173429,7.394193824690407,3.6,1.0,0.9328732881118722
2024-08-18,7,NORTE,1.2162364,11.704334,5.0,14.742276,18.999996,3.3000002,255.0,2024-08-18,7,7867.2550046385195,4118.773698251407,9.007480149524325,3.3000002,1.0,0.8922386419739811
2024-08-18,7,SURESTE,0.68,10.700001,8.000002,9.489999,25.0,4.6,77.0,2024-08-18,7,6131.245467238396,3746.233749066574,8.632763813029579,4.6,1.0,1.523657680351882
2024-08-18,8,CENTRO,0.95000005,16.2,9.000002,21.48,62.0,3.8,359.0,2024-08-18,8,5337.057787200749,3194.5512213821753,7.350940203390084,3.7999999999999994,1.0,1.4138038581132435
2024-08-18,8,NORTE,1.1788286,12.335761,7.0,15.763903,22.999996,6.3,285.0,2024-08-18,8,3910.1872175929852,2494.075503959637,8.990088396794935,6.3,1.0,-0.14428709846890683
2024-08-18,8,SURESTE,0.7,14.400001,9.000002,16.849998,33.0,4.2999997,281.0,2024-08-18,8,4668.939707481448,2713.4488175933593,8.625102972052401,4.2999997,1.0,0.8377131583026676
2024-08-18,9,CENTRO,1.1,17.1,15.000001,19.64,51.0,4.7999997,0.9999924,2024-08-18,9,4129.429091882936,2672.165139714084,7.185088576007802,4.7999997,1.0,0.7785154725985594
2024-08-18,9,NORTE,1.1788898,11.674933,14.000001,16.23669,22.999996,5.1,307.0,2024-08-18,9,4464.698462588985,2660.0060315822684,8.978617744984362,5.1,1.0,0.000963175151632704
2024-08-18,9,SURESTE,0.77,23.0,10.000002,18.64,40.0,3.3999996,356.0,2024-08-18,9,6827.475310725013,3718.3762547377,8.575711565968739,3.3999996,1.0,1.8502480969185278
2024-08-18,10,CENTRO,1.01,20.800001,23.0,22.369999,48.0,5.1,25.0,2024-08-18,10,3457.9429118712987,2304.422021008963,7.180200897904732,5.1,1.0,0.4252716544871075
2024-08-18,10,NORTE,1.2415669,12.086506,25.0,16.752686,22.999996,1.5,205.0,2024-08-18,10,18503.5042343368,7199.938622741573,8.907254576342627,1.5,1.0,3.678328418965018
2024-08-18,10,SURESTE,0.84999996,27.6,15.000001,19.93,50.0,6.4999995,83.0,2024-08-18,10,4172.449049954621,2824.093396460155,8.538288762163715,6.4999995,1.0,0.6048172372500517
2024-08-18,11,CENTRO,1.01,35.9,23.0,25.14,47.0,7.2,83.0,2024-08-18,11,2164.0228751633385,1592.7263543066176,7.189861873330474,7.2,1.0,-0.2554113851693582
2024-08-18,11,NORTE,1.2604661,12.380357,37.0,16.936459,27.999998,1.8000002,163.0,2024-08-18,11,15425.604501589476,6555.383488720001,8.898872964439528,1.8000002,1.0,2.872094492435071
2024-08-18,11,SURESTE,0.86999995,25.2,26.0,17.99,43.0,6.9999995,80.0,2024-08-18,11,3910.0467940711355,2704.6083609750654,8.49733987916586,6.9999995,1.0,0.4817284859436559
2024-08-18,12,CENTRO,0.91,20.0,39.0,19.75,68.0,10.1,76.0,2024-08-18,12,1576.1767625973043,1235.695222248148,7.208630980552257,10.1,1.0,-0.5646552854104645
2024-08-18,12,NORTE,1.1586401,10.874084,39.0,15.798548,28.999996,8.0,80.0,2024-08-18,12,2942.4472844794986,2057.6369370256566,8.85914503768674,8.0,1.0,-0.39777968558365595
2024-08-18,12,SURESTE,0.92999995,22.7,40.0,19.199999,44.0,13.099999,84.0,2024-08-18,12,2054.537338573009,1625.4386875399057,8.52572372191429,13.099999,1.0,-0.3886616757014784
2024-08-18,13,CENTRO,0.84000003,11.1,60.0,17.81,51.0,11.799999,61.0,2024-08-18,13,1354.1269030282706,1096.4631265867615,7.1716216957859125,11.799999,1.0,-0.6814674291896825
2024-08-18,13,NORTE,1.0424451,7.584177,47.0,14.449001,20.999996,7.5,102.0,2024-08-18,13,3548.2160635593295,2478.8378022403335,8.848112372183671,7.5,1.0,-0.23910286576053352
2024-08-18,13,SURESTE,0.79999995,11.900001,50.0,25.22,57.0,16.3,84.0,2024-08-18,13,1633.3651953299627,1342.3382614912148,8.469446822260627,16.3,1.0,-0.5862268720153556
2024-08-18,14,CENTRO,0.77,8.500001,46.0,13.83,46.0,14.7,47.999996,2024-08-18,14,1114.6473069229746,932.6402898362095,7.185830648794871,14.699999999999998,1.0,-0.8074487068483784
2024-08-18,14,NORTE,0.96371657,5.879854,53.0,13.495216,17.0,9.5,127.0,2024-08-18,14,2917.4554371495437,2161.8529864856364,8.819575310060856,9.5,1.0,-0.40432612209998825
2024-08-18,14,SURESTE,0.74999994,9.200001,30.0,20.699999,62.0,17.3,108.0,2024-08-18,14,1366.8471795122377,1128.8379276494684,8.44594514509583,17.3,1.0,-0.7112462612626362
2024-08-18,15,CENTRO,0.75,7.1000004,35.0,9.74,40.0,15.999999,62.0,2024-08-18,15,986.248810381307,838.2463359087104,7.160014643117985,15.999999000000003,1.0,-0.8749943637930421
2024-08-18,15,NORTE,0.959675,5.6865425,48.0,11.291696,19.999996,10.200001,118.0,2024-08-18,15,2702.2793779581275,2026.2973070858668,8.83917335420796,10.200001,1.0,-0.4606899591838837
2024-08-18,15,SURESTE,0.68,8.6,28.0,18.31,45.0,14.299999,129.0,2024-08-18,15,1418.0840648909832,1128.2487742421622,8.470631495710522,14.299999000000001,1.0,-0.6872118480642259
2024-08-18,16,CENTRO,0.74,7.3,31.0,8.829999,33.0,12.6,90.0,2024-08-18,16,1245.2740845282465,1022.3034112276373,7.167003744249875,12.6,1.0,-0.7387308344000102
2024-08-18,16,NORTE,0.96155304,5.6839447,42.0,9.722522,20.999996,12.2,121.0,2024-08-18,16,2250.636804238581,1751.5042568780314,8.792551406665936,12.199999999999998,1.0,-0.5789945165818532
2024-08-18,16,SURESTE,0.6599999,8.7,27.0,11.59,27.0,14.099999,145.0,2024-08-18,16,1213.1180999240771,959.5300679948648,8.460498204083121,14.099999,1.0,-0.7833581430080063
2024-08-18,17,CENTRO,0.75,6.300001,29.0,8.599999,34.0,10.6,101.0,2024-08-18,17,1503.0336012209082,1190.384517323043,7.192700797480686,10.6,1.0,-0.6031331727631014
2024-08-18,17,NORTE,0.9857931,6.1753845,32.0,9.749822,17.999996,12.0,116.0,2024-08-18,17,2275.259324651351,1763.5996242330018,8.826992808131138,12.0,1.0,-0.5725448226226117
2024-08-18,17,SURESTE,0.6599999,8.200001,25.0,8.029999,15.0,14.699999,147.0,2024-08-18,17,1143.4914723821223,909.2527880860702,8.496757702088628,14.699998999999998,1.0,-0.8160188936290688
2024-08-18,18,CENTRO,0.73,7.7,25.0,9.2,32.0,10.799999,104.0,2024-08-18,18,1451.730178346494,1157.4731484156644,7.1771530404120165,10.799999,1.0,-0.630121988792093
2024-08-18,18,NORTE,1.0035342,6.3837414,31.0,10.36024,19.999996,13.299999,116.0,2024-08-18,18,2057.3323569908234,1626.613805959456,8.856791776497888,13.299999,1.0,-0.6296292405990487
2024-08-18,18,SURESTE,0.68,8.800001,23.0,8.32,16.0,13.299999,138.0,2024-08-18,18,1397.294806893905,1093.6870549217545,8.486194305190722,13.299999000000001,1.0,-0.696963760443299
2024-08-18,19,CENTRO,0.72,5.8999996,27.0,10.639999,32.0,10.6,136.0,2024-08-18,19,1584.2134806830095,1237.8689054924182,7.2448287988824935,10.6,1.0,-0.5604274679717934
2024-08-18,19,NORTE,1.0971314,9.114042,25.0,11.517773,23.999996,11.2,132.0,2024-08-18,19,2509.4392427712296,1924.9795226715612,8.869998508800498,11.199999999999998,1.0,-0.5112030599617062
2024-08-18,19,SURESTE,0.65,8.800001,21.0,8.66,20.0,9.9,195.0,2024-08-18,19,1221.8262038894386,878.2187039867302,8.511924707030724,9.9,1.0,-0.7792733090581848
2024-08-18,20,CENTRO,0.7800001,9.600001,22.0,12.91,37.0,10.3,126.0,2024-08-18,20,1580.9786210068612,1240.9630266307367,7.235419602553391,10.3,1.0,-0.5621292069160522
2024-08-18,20,NORTE,1.1619012,10.577941,22.0,12.068293,18.999996,10.0,149.0,2024-08-18,20,2784.659446265793,2084.2815876517457,8.877412223092236,10.0,1.0,-0.43911108667129206
2024-08-18,20,SURESTE,0.65,9.800001,19.0,7.3099995,15.0,6.4999995,177.0,2024-08-18,20,2027.796980583478,1332.9521443877038,8.529520065169098,6.4999995,1.0,-0.40120515503756643
2024-08-18,21,CENTRO,0.75,8.200001,23.0,13.03,36.0,10.0,129.0,2024-08-18,21,1636.0339360117146,1275.0126111980273,7.2439341803184325,10.0,1.0,-0.5331666604652734
2024-08-18,21,NORTE,1.2365482,12.94097,13.0,12.594442,15.999996,8.8,141.0,2024-08-18,21,3193.23150619747,2327.3224143730185,8.870736161599401,8.8,1.0,-0.33208854378451685
2024-08-18,21,SURESTE,0.68,10.200001,19.0,7.2,16.0,8.5,142.0,2024-08-18,21,2096.6854620683644,1491.0135753827851,8.49290118412461,8.5,1.0,-0.3688906570664303
2024-08-18,22,CENTRO,0.74,8.000001,22.0,11.3,40.0,9.0,110.0,2024-08-18,22,1809.1560494601304,1381.3053185647645,7.3281086950020295,9.0,1.0,-0.4420935778398312
2024-08-18,22,NORTE,1.2353734,11.838319,13.0,12.734877,20.999996,11.1,85.0,2024-08-18,22,2204.604808433135,1662.2137011457003,8.90658074541961,11.1,1.0,-0.5910522702277486
2024-08-18,22,SURESTE,0.80999994,14.500001,15.000001,7.3099995,21.000002,11.7,106.0,2024-08-18,22,2052.4170773699507,1584.552493618848,8.559626861098668,11.700000000000001,1.0,-0.3896562567238448
2024-08-18,23,CENTRO,0.7800001,10.900001,16.0,12.4,30.0,13.4,70.0,2024-08-18,23,1209.4366242129136,993.8862109820626,7.404530421004374,13.4,1.0,-0.757583584746989
2024-08-18,23,NORTE,1.1390668,6.095381,16.0,10.774769,19.999996,14.4,77.0,2024-08-18,23,1617.4223064292448,1278.0966933269663,8.924074888255653,14.4,1.0,-0.7448605470677852
2024-08-18,23,SURESTE,0.68999994,8.7,16.000002,11.179998,51.0,15.9,119.0,2024-08-18,23,1389.8727757972529,1127.490579013297,8.612700992511801,15.9,1.0,-0.7004453179351285
2024-08-19,0,CENTRO,0.73,7.1000004,17.000002,7.870001,40.0,11.7,82.0,2024-08-19,0,1394.4600810815032,1114.6315939398269,7.572036654661126,11.699999999999998,1.0,-0.6602496495298747
2024-08-19,0,NORTE,1.0837337,5.8212814,15.0,8.6594095,19.999996,13.7,93.0,2024-08-19,0,1895.3295885048956,1496.6106721426395,9.007490237075904,13.699999999999998,1.0,-0.672064712669657
2024-08-19,0,SURESTE,0.66999996,7.000001,15.000001,6.669999,29.0,17.099998,89.0,2024-08-19,0,1550.7414547147591,1280.7184278034365,8.660590306222804,17.099998,1.0,-0.6249843629765033
2024-08-19,1,CENTRO,0.73,7.6000013,14.000002,7.879999,39.0,10.799999,56.999996,2024-08-19,1,1578.9411944567528,1241.3240394021482,7.664756378878651,10.799999,1.0,-0.5632010209832746
2024-08-19,1,NORTE,1.0648212,6.3561554,13.0,8.358377,13.0,8.7,119.0,2024-08-19,1,3254.2685887684156,2346.057836007883,9.092398195790576,8.7,1.0,-0.31610031446647435
2024-08-19,1,SURESTE,0.6399999,6.299999,14.000001,5.75,25.0,16.599998,97.0,2024-08-19,1,1546.0753576464256,1269.649172006464,8.752280125547822,16.599998,1.0,-0.6271731553696245
2024-08-19,2,CENTRO,0.73,7.800001,12.000002,7.6799984,33.0,8.099999,50.0,2024-08-19,2,2186.0534504741718,1608.9750425940365,7.832956177184004,8.099999,1.0,-0.24382192172298353
2024-08-19,2,NORTE,1.0614986,6.4823933,13.0,8.943249,14.0,7.1,147.0,2024-08-19,2,4091.8817358977053,2808.4864183502586,9.174398960580206,7.099999999999999,1.0,-0.09669351269896796
2024-08-19,2,SURESTE,0.65,7.1000004,12.000001,6.959999,18.0,11.7,102.0,2024-08-19,2,2159.6693219998924,1663.0304981202803,8.85041838975626,11.700000000000001,1.0,-0.33934592375106154
2024-08-19,3,CENTRO,0.74,18.800001,6.000002,10.33,26.0,7.7999997,4.9999924,2024-08-19,3,2694.4940364862064,1937.7528551155128,7.929864804889635,7.7999997,1.0,0.023649694569406233
2024-08-19,3,NORTE,1.0681096,8.283514,13.0,9.811281,11.999996,3.3000002,251.00002,2024-08-19,3,8051.4592684746285,4198.257957919274,9.247469302682363,3.3000002,1.0,0.9404896377215207
2024-08-19,3,SURESTE,0.65,6.700001,12.000001,6.59,18.0,9.799999,85.0,2024-08-19,3,2831.9219369703246,2106.8610197482176,8.907078120889151,9.799999,1.0,-0.024002846152247608
2024-08-19,4,CENTRO,0.75,22.5,6.000002,11.69,42.0,7.0,56.999996,2024-08-19,4,2507.565758603905,1781.3561137861448,7.82501907980504,7.0,1.0,-0.07468629589133298
2024-08-19,4,NORTE,1.0722693,9.705816,10.0,11.264578,17.999996,4.5,262.0,2024-08-19,4,5958.86078392992,3450.651284519055,9.253211986732452,4.5,1.0,0.3923483597926345
2024-08-19,4,SURESTE,0.62,6.299999,12.000001,5.66,16.0,6.9999995,93.0,2024-08-19,4,3785.6785189992256,2596.3057107520617,8.890211059359588,6.9999995,1.0,0.4233892935872872
2024-08-19,5,CENTRO,0.76,15.700001,6.000002,10.04,53.0,5.0,85.0,2024-08-19,5,3247.4988431437782,2144.5417708288446,7.567836634368969,5.0,1.0,0.31456488411853517
2024-08-19,5,NORTE,1.0692431,11.647919,8.0,12.186304,15.999996,5.3,237.0,2024-08-19,5,5009.445295328748,3076.427182737444,9.137549270795919,5.3,1.0,0.14365573048465138
2024-08-19,5,SURESTE,0.65,9.1,9.000002,6.75,16.0,5.9999995,65.0,2024-08-19,5,4898.760807814458,3230.116379659943,8.788573680760537,5.9999995,1.0,0.9455186044433935
2024-08-19,6,CENTRO,0.8000001,23.300001,4.000002,12.61,50.0,3.8999999,51.999996,2024-08-19,6,4207.244804736833,2590.9161623816526,7.307680174660869,3.8999999,1.0,0.8194514148946448
2024-08-19,6,NORTE,1.107512,14.005909,5.0,13.159872,14.999996,4.5,246.00002,2024-08-19,6,5795.772176634097,3394.8560515627205,8.996476732911422,4.5,1.0,0.3496284599747654
2024-08-19,6,SURESTE,0.6599999,12.3,6.000002,7.239999,16.0,4.0999994,49.999992,2024-08-19,6,6868.245720559068,4050.154813960833,8.572720610508167,4.0999994,1.0,1.8693728518480441
2024-08-19,7,CENTRO,0.89,27.900002,4.000002,13.37,53.0,2.2000003,49.0,2024-08-19,7,7345.4404901012,3721.474398843369,7.172718115066959,2.2000003,1.0,2.470339041293422
2024-08-19,7,NORTE,1.1708813,16.980537,4.000002,13.748535,15.999996,4.7,228.0,2024-08-19,7,5691.492586717582,3393.199685938375,8.924992954568822,4.7,1.0,0.32231316365733753
2024-08-19,7,SURESTE,0.76,20.2,4.0,7.3899994,23.0,1.8000002,239.0,2024-08-19,7,8542.227957372248,3381.4448236431303,8.552015233162434,1.8000002,1.0,2.6546114640111704
2024-08-19,8,CENTRO,1.0400001,32.9,7.000002,13.44,57.0,2.4,226.0,2024-08-19,8,8210.78862576018,4193.929092339541,7.233978894416844,2.4,1.0,2.9255663989592304
2024-08-19,8,NORTE,1.2513256,23.67659,5.0,15.558245,22.0,4.7,258.0,2024-08-19,8,5435.093554836293,3230.667878187273,8.891335084085446,4.7,1.0,0.2551512623020869
2024-08-19,8,SURESTE,1.1999999,32.4,5.000002,13.469999,22.0,3.4999995,295.0,2024-08-19,8,6306.184716369626,3437.3155954002345,8.598551490022965,3.4999995,1.0,1.6057189174305866
2024-08-19,9,CENTRO,1.2,34.4,12.000002,14.509999,57.0,4.3999996,21.0,2024-08-19,9,4041.7317691871995,2593.867243047893,7.255484250014417,4.3999996,1.0,0.7323811841659112
2024-08-19,9,NORTE,1.2411923,24.03523,8.0,15.946962,32.0,5.0,301.0,2024-08-19,9,4669.666496595408,2776.597310588992,8.917543885026841,5.0,1.0,0.054653092698952514
2024-08-19,9,SURESTE,1.04,39.0,10.000002,12.15,95.0,3.8999996,336.0,2024-08-19,9,5819.030939453763,3313.3975125349257,8.586967057286811,3.8999996,1.0,1.3772027795152422
2024-08-19,10,CENTRO,1.44,59.600002,15.000001,20.92,57.0,8.5,26.999992,2024-08-19,10,2048.0113636017886,1551.008745225942,7.246983405097641,8.5,1.0,-0.31644071162276716
2024-08-19,10,NORTE,1.3053951,21.191977,15.0,14.588258,42.0,6.2000003,294.0,2024-08-19,10,3869.5608379812074,2458.203361867274,8.93721437867599,6.2000003,1.0,-0.15492888942999944
2024-08-19,10,SURESTE,0.96999997,38.9,20.0,11.4,55.0,7.7,66.0,2024-08-19,10,3725.8978610358567,2635.279612201736,8.576697274643546,7.7,1.0,0.3953471316927144
2024-08-19,11,CENTRO,1.07,52.9,20.0,19.56,85.0,9.1,37.0,2024-08-19,11,1853.0110473697507,1422.819772625679,7.251162761127736,9.1,1.0,-0.41902310019486233
2024-08-19,11,NORTE,1.2405975,19.0225,29.0,14.10076,48.0,2.0000005,213.0,2024-08-19,11,13896.028403444136,6094.1330624623115,8.914609670318988,2.0000005,1.0,2.4714329210351074
2024-08-19,11,SURESTE,0.92999995,33.8,24.0,14.209999,52.0,9.5,51.0,2024-08-19,11,2976.885665982113,2209.6679925445605,8.561546154323677,9.5,1.0,0.04399734816278449
2024-08-19,12,CENTRO,0.96000004,34.2,32.0,15.65,80.0,9.3,47.999996,2024-08-19,12,1760.6364015290983,1362.9413553494144,7.357775422851209,9.3,1.0,-0.4676179537670977
2024-08-19,12,NORTE,1.1251352,15.574706,36.0,12.998163,38.0,4.9,73.0,2024-08-19,12,4667.870986706594,2834.246744450103,8.904067444405305,4.9,1.0,0.05418277166400123
2024-08-19,12,SURESTE,0.79999995,15.900001,46.0,14.809999,69.0,12.799999,93.0,2024-08-19,12,2006.9727606045797,1579.5645528934713,8.568463818990839,12.799999000000001,1.0,-0.41097346752978237
2024-08-19,13,CENTRO,0.85,12.900001,51.0,12.24,63.0,13.799999,62.999996,2024-08-19,13,1164.5783932026982,966.810437092973,7.314048568624817,13.799999,1.0,-0.7811818258835368
2024-08-19,13,NORTE,1.0072355,11.490599,45.0,11.798126,28.999996,6.0,103.0,2024-08-19,13,4492.540884709751,2951.554058739329,8.902796983957304,6.0,1.0,0.008256299444051466
2024-08-19,13,SURESTE,0.90999997,11.800001,43.0,22.5,61.0,15.799999,106.0,2024-08-19,13,1521.1213724011516,1239.7632761379455,8.532315662746445,15.799999000000001,1.0,-0.6388786754826942
2024-08-19,14,CENTRO,0.82000005,11.0,39.0,12.46,55.0,16.2,67.0,2024-08-19,14,994.4087520428915,841.8756907599151,7.350634536105748,16.2,1.0,-0.8707017230300484
2024-08-19,14,NORTE,0.930095,8.36451,52.0,12.275179,30.999998,10.5,113.0,2024-08-19,14,2584.9323961733426,1949.301535365392,8.861518195697016,10.5,1.0,-0.4914281657876243
2024-08-19,14,SURESTE,0.7199999,9.400001,31.0,11.049999,226.99998,13.9,117.0,2024-08-19,14,1621.198813364512,1284.678204020585,8.543488328952611,13.9,1.0,-0.5919339295214043
2024-08-19,15,CENTRO,0.82000005,10.1,38.0,13.34,51.0,16.099998,68.0,2024-08-19,15,997.9154499974602,846.5707812156863,7.257711206897291,16.099998,1.0,-0.868856980113055
2024-08-19,15,NORTE,0.9661929,9.355207,40.0,10.579368,25.999998,9.2,101.0,2024-08-19,15,2909.224232982651,2129.5839021993306,8.896495252726988,9.2,1.0,-0.406482227441867
2024-08-19,15,SURESTE,0.76,10.000001,34.0,14.929999,63.0,14.5,119.0,2024-08-19,15,1515.0067043296976,1210.6465847314853,8.507548520507456,14.5,1.0,-0.6417469696405864
2024-08-19,16,CENTRO,0.78999996,10.3,30.0,10.69,50.0,13.5,117.0,2024-08-19,16,1236.5960762906157,1017.2675356582928,7.329515444977053,13.5,1.0,-0.7432960106533921
2024-08-19,16,NORTE,0.96425134,9.243141,39.0,9.07256,22.999996,12.3,126.0,2024-08-19,16,2273.3638933494854,1771.4700142636382,8.893418756153704,12.300000000000002,1.0,-0.5730413173604721
2024-08-19,16,SURESTE,0.6599999,8.800001,27.0,7.239999,47.0,13.299999,163.0,2024-08-19,16,1084.9698005923879,842.3379860982542,8.552896612564805,13.299999000000001,1.0,-0.8434704850062391
2024-08-19,17,CENTRO,0.80999994,12.000001,23.0,9.129999,53.0,9.7,135.0,2024-08-19,17,1810.6883376211417,1375.5279148504476,7.382700296249085,9.7,1.0,-0.4412874982263487
2024-08-19,17,NORTE,0.97749084,10.40076,28.0,8.6971035,25.0,12.6,155.0,2024-08-19,17,2207.393476596657,1726.0701900360618,8.877577886729945,12.6,1.0,-0.5903217984520296
2024-08-19,17,SURESTE,0.6599999,9.3,24.0,6.7,25.0,11.5,168.0,2024-08-19,17,1211.8271578686745,913.3606774371607,8.583096261579207,11.5,1.0,-0.7839637035245248
2024-08-19,18,CENTRO,0.78999996,10.500001,23.0,9.73,52.0,10.3,131.0,2024-08-19,18,1696.6395636918633,1312.0463062115437,7.427155480148946,10.3,1.0,-0.5012843016646711
2024-08-19,18,NORTE,1.0073551,11.8808975,23.0,8.45435,22.0,11.2,148.0,2024-08-19,18,2493.9472934789687,1911.247362179386,8.883080530976846,11.199999999999998,1.0,-0.5152610658072552
2024-08-19,18,SURESTE,0.65,9.200001,30.0,6.1799994,20.0,12.799999,165.0,2024-08-19,18,1117.5518700790835,859.2994206362129,8.606799612128116,12.799999000000001,1.0,-0.828186751127532
2024-08-19,19,CENTRO,0.78999996,10.700001,22.0,8.259999,47.0,10.2,133.0,2024-08-19,19,1649.291280336961,1287.1765436784196,7.289957070599605,10.2,1.0,-0.526192466406079
2024-08-19,19,NORTE,1.0424548,12.647883,25.0,8.427448,14.0,10.8,129.0,2024-08-19,19,2611.320034254559,1985.8488240231989,8.913178989015998,10.800000000000002,1.0,-0.48451611181922544
2024-08-19,19,SURESTE,0.68999994,11.1,28.0,5.799999,17.000004,10.299999,154.0,2024-08-19,19,1491.9176910933531,1104.866622533807,8.546724025433033,10.299999,1.0,-0.6525776608577397
2024-08-19,20,CENTRO,0.7800001,9.700001,23.0,8.15,39.0,10.3,137.0,2024-08-19,20,1632.6925315802666,1273.8386218148391,7.249719910936119,10.3,1.0,-0.5349244486288343
2024-08-19,20,NORTE,1.0738962,13.675097,20.0,8.977714,22.999996,11.7,131.0,2024-08-19,20,2407.123868654771,1862.457472298388,8.909221410756526,11.699999999999998,1.0,-0.5380038439315799
2024-08-19,20,SURESTE,0.6599999,10.400001,26.0,6.3500004,15.0,11.4,164.0,2024-08-19,20,1255.7788283328864,944.8302579665528,8.581857793660598,11.4,1.0,-0.7633466695091151
2024-08-19,21,CENTRO,0.76,9.600001,23.0,8.2699995,32.0,8.3,138.0,2024-08-19,21,2029.8579047779774,1507.7218064206552,7.244686151816659,8.3,1.0,-0.3259905687869771
2024-08-19,21,NORTE,1.1324742,16.15281,12.000001,9.745271,22.999996,9.6,144.0,2024-08-19,21,2967.793054126512,2200.622472872458,8.971022905588516,9.6,1.0,-0.39114054163558615
2024-08-19,21,SURESTE,0.6599999,9.1,27.0,6.37,14.0,10.2,151.0,2024-08-19,21,1576.6817316065974,1164.314044100882,8.589847849442357,10.2,1.0,-0.6128161890390952
2024-08-19,22,CENTRO,0.76,9.700001,22.0,8.37,34.0,8.0,135.0,2024-08-19,22,2114.747944420523,1553.3400108702658,7.313382571293098,8.0,1.0,-0.28133308719525535
2024-08-19,22,NORTE,1.1517217,15.989265,12.000001,10.478859,25.0,9.3,151.0,2024-08-19,22,3013.807030194393,2216.8017733375377,8.947799204812691,9.3,1.0,-0.37908750813168146
2024-08-19,22,SURESTE,0.65,8.1,29.0,6.329999,17.000004,9.7,154.0,2024-08-19,22,1609.7141960853085,1174.9158221718267,8.60270294193064,9.7,1.0,-0.5973211819875445
2024-08-19,23,CENTRO,0.76,10.500001,22.0,9.2699995,37.0,8.7,113.0,2024-08-19,23,1894.3460652095675,1435.5876018814859,7.440541014351168,8.7,1.0,-0.39727829001397547
2024-08-19,23,NORTE,1.1632718,14.602377,9.0,11.105801,25.0,8.4,100.0,2024-08-19,23,3234.367058466833,2310.7490712147187,9.028636416554782,8.4,1.0,-0.3213133786700563
2024-08-19,23,SURESTE,0.7199999,11.400001,22.0,8.87,9.0,14.4,114.0,2024-08-19,23,1604.0855126828492,1278.5282766120254,8.681821756940584,14.4,1.0,-0.599961508417571
2024-08-20,0,CENTRO,0.78999996,11.3,20.0,10.759999,36.0,8.099999,101.0,2024-08-20,0,2042.5847346223286,1516.6572911866272,7.566161979574194,8.099999,1.0,-0.3192954585963318
2024-08-20,0,NORTE,1.0678047,6.950739,20.0,10.625859,29.999998,14.8,82.0,2024-08-20,0,1652.0779374063102,1311.1691644899986,9.068765437464542,14.800000000000002,1.0,-0.7357827512118191
2024-08-20,0,SURESTE,0.6599999,5.8999996,27.0,7.3899994,40.0,18.8,119.0,2024-08-20,0,1194.4063328929378,992.4375194514121,8.729927001014248,18.8,1.0,-0.7921355372070173
2024-08-20,1,CENTRO,0.72,5.6000004,27.0,8.030001,33.0,8.0,124.0,2024-08-20,1,2182.701602603396,1594.508019553827,7.730894722509486,8.0,1.0,-0.24558520379020493
2024-08-20,1,NORTE,1.0306362,5.805748,25.0,10.608775,17.0,12.3,104.0,2024-08-20,1,2269.6265146873975,1756.0400733461313,9.217995894149107,12.300000000000002,1.0,-0.5740202970983777
2024-08-20,1,SURESTE,0.6599999,5.800001,26.0,7.0199995,27.0,14.699999,92.0,2024-08-20,1,1807.953250655893,1454.1439936606066,8.83503023632118,14.699998999999998,1.0,-0.504330374400553
2024-08-20,2,CENTRO,0.74,6.6000004,24.0,8.639999,34.0,7.7999997,89.0,2024-08-20,2,2241.02340787966,1625.8019588021132,7.95336124725307,7.7999997,1.0,-0.21490427871951606
2024-08-20,2,NORTE,1.0279754,6.0410175,24.0,10.398401,14.0,8.6,79.0,2024-08-20,2,2840.054537606618,2005.736688369271,9.251592901174607,8.6,1.0,-0.42460073679633575
2024-08-20,2,SURESTE,0.66999996,6.6000004,22.0,7.8199997,23.0,12.2,93.0,2024-08-20,2,2185.8135707486863,1698.5023863335825,8.948628364644303,12.200000000000001,1.0,-0.3270820698390672
2024-08-20,3,CENTRO,0.75,8.1,21.0,9.339999,30.0,10.0,67.0,2024-08-20,3,1791.8670988321755,1367.2214527813087,8.07235099766845,10.0,1.0,-0.45118864950735726
2024-08-20,3,NORTE,1.0380586,7.247484,24.0,10.225601,10.999996,5.4,174.0,2024-08-20,3,5425.459949560296,3415.0024641940718,9.329152166997723,5.400000000000001,1.0,0.25262780797195705
2024-08-20,3,SURESTE,0.68,8.6,19.0,8.299999,22.0,10.299999,88.0,2024-08-20,3,2661.936989147424,1999.8953270710122,8.978121150428532,10.299999,1.0,-0.10374009878354451
2024-08-20,4,CENTRO,0.77,17.0,12.000002,11.5199995,30.0,6.0,36.0,2024-08-20,4,3163.1675603288586,2128.2365461833815,7.92603229162074,6.0,1.0,0.2702013436399171
2024-08-20,4,NORTE,1.0535274,9.577644,16.0,10.713594,9.0,5.7,233.0,2024-08-20,4,4780.270922302468,3000.493248984096,9.259415846983263,5.7,1.0,0.08362513473158786
2024-08-20,4,SURESTE,0.66999996,9.7,17.000002,8.95,26.000002,7.9999995,89.0,2024-08-20,4,3401.1050041880244,2413.844813633633,8.934284552446833,7.9999995,1.0,0.2429919354767632
2024-08-20,5,CENTRO,0.78999996,23.400002,9.000002,13.36,44.0,5.8999996,26.0,2024-08-20,5,3188.689962492856,2163.525853095289,7.57267229430331,5.8999996,1.0,0.2836277268718552
2024-08-20,5,NORTE,1.0572553,11.015362,13.0,11.452331,13.0,4.0,267.0,2024-08-20,5,6538.069497842979,3643.020940183278,9.150533372107459,4.0,1.0,0.5440679595996312
2024-08-20,5,SURESTE,0.66999996,10.1,14.000001,8.529999,25.0,6.7,64.0,2024-08-20,5,4438.213371248788,3011.2423700507584,8.827698998034261,6.7,1.0,0.7294830803074991
2024-08-20,6,CENTRO,0.94,19.0,8.0,13.86,54.0,3.3999999,36.0,2024-08-20,6,4952.826444455967,2909.7497690299456,7.254748894151973,3.3999999,1.0,1.211674088969068
2024-08-20,6,NORTE,1.1014632,15.295197,7.0,13.379369,17.0,4.0,276.0,2024-08-20,6,6234.071658600751,3465.822395288384,8.9583760564815,4.0,1.0,0.4644378894640743
2024-08-20,6,SURESTE,0.72999996,17.9,8.000002,9.69,27.0,1.999999,307.0,2024-08-20,6,11224.982669719588,4922.051375074448,8.592428093833297,1.9999989999999999,1.0,3.913049302102049
2024-08-20,7,CENTRO,1.01,27.400002,7.000002,14.059999,55.0,3.2999997,329.0,2024-08-20,7,6286.269148495628,3641.4668273146517,7.189132955479941,3.2999996999999994,1.0,1.9131485288446068
2024-08-20,7,NORTE,1.2197821,21.380945,4.000002,16.762497,34.0,4.6000004,243.0,2024-08-20,7,5618.8024653760785,3315.98176958965,8.952370274581764,4.6000004,1.0,0.30327250377957493
2024-08-20,7,SURESTE,0.9,33.9,4.0,10.619999,28.000002,2.1999998,322.0,2024-08-20,7,10261.342909956786,4662.567183163866,8.59109109017142,2.1999998,1.0,3.461021119878394
2024-08-20,8,CENTRO,1.07,36.600002,9.000002,15.24,56.0,4.3999996,16.0,2024-08-20,8,4116.840384005256,2638.1521227027483,7.2422316954260015,4.3999996,1.0,0.771893023219595
2024-08-20,8,NORTE,1.2565721,23.961124,6.0,16.785177,35.0,4.6000004,243.0,2024-08-20,8,5610.088312886751,3315.0351142150353,8.918379140917635,4.6000004,1.0,0.30098989356225625
2024-08-20,8,SURESTE,1.0899999,38.6,7.000002,12.389999,39.0,3.0,306.0,2024-08-20,8,7548.229965689339,3893.6257792528154,8.605510079897675,3.0,1.0,2.1883427149664154
2024-08-20,9,CENTRO,1.1600001,33.2,16.0,14.929999,58.0,4.3,33.999992,2024-08-20,9,3916.50991278288,2496.512346244342,7.243397866288904,4.3,1.0,0.6665066390390119
2024-08-20,9,NORTE,1.2258663,22.8722,13.0,16.99787,40.0,2.4,270.0,2024-08-20,9,10569.342929057377,4853.581619214284,8.931159043511053,2.4,1.0,1.6000313403374307
2024-08-20,9,SURESTE,1.3299999,46.0,13.000001,16.92,58.0,3.1999993,289.0,2024-08-20,9,6666.368478492475,3522.625016279148,8.582867035808766,3.1999992999999995,1.0,1.7746754280035268
2024-08-20,10,CENTRO,1.02,27.300001,27.0,14.53,57.0,4.0999994,14.0,2024-08-20,10,4475.3911342163765,2800.219146276903,7.2913481445771176,4.0999994,1.0,0.9605131910823299
2024-08-20,10,NORTE,1.1807623,18.65496,26.0,15.379411,35.0,4.3,296.0,2024-08-20,10,5532.647467670925,3129.380474253424,8.939543146372614,4.3,1.0,0.28070481538122555
2024-08-20,10,SURESTE,1.28,37.4,28.0,15.42,140.0,4.2999997,9.0,2024-08-20,10,5664.114510703709,3341.676822851135,8.587266345352926,4.2999997,1.0,1.3045339310425472
2024-08-20,11,CENTRO,1.24,46.9,34.0,21.33,55.0,9.2,39.999992,2024-08-20,11,1828.027661573327,1408.1094354307122,7.2629496134677565,9.2,1.0,-0.4321659270329772
2024-08-20,11,NORTE,1.1613468,16.48384,41.0,14.656728,28.999996,2.9,312.0,2024-08-20,11,7621.015209631572,3712.779691263425,8.940887049089417,2.9,1.0,0.8277378804046055
2024-08-20,11,SURESTE,1.0,29.3,38.0,14.469999,68.0,11.299999,74.0,2024-08-20,11,2487.7890919525935,1915.4369288503224,8.569507618433828,11.299999,1.0,-0.18543012517517868
2024-08-20,12,CENTRO,0.94,22.7,50.0,14.01,73.0,12.3,56.0,2024-08-20,12,1318.5912516250548,1074.1711207674252,7.298180216884185,12.300000000000002,1.0,-0.7001614091321021
2024-08-20,12,NORTE,1.0527815,12.933026,49.0,12.991299,41.0,6.2000003,85.0,2024-08-20,12,3937.312660429218,2575.6949779577935,8.908485187178986,6.2000003,1.0,-0.13718178179661913
2024-08-20,12,SURESTE,0.84,18.0,45.0,17.31,81.0,13.799999,100.0,2024-08-20,12,1802.305707261397,1436.9928896517652,8.587648467129624,13.799999000000001,1.0,-0.506979547754786
2024-08-20,13,CENTRO,0.80999994,11.6,63.0,11.57,59.0,12.5,53.999996,2024-08-20,13,1297.7250970276448,1060.1795986831812,7.307745944907993,12.5,1.0,-0.7111383142996295
2024-08-20,13,NORTE,0.9516862,9.707069,61.0,11.990952,32.0,9.4,96.0,2024-08-20,13,2777.675758815662,2039.2169305068348,8.896124066201525,9.4,1.0,-0.4409404138890281
2024-08-20,13,SURESTE,0.76,10.900001,59.999996,14.469999,70.0,14.5,110.0,2024-08-20,13,1624.5825133020553,1301.7022307352756,8.572974229360277,14.5,1.0,-0.5903466893557076
2024-08-20,14,CENTRO,0.7800001,10.3,64.0,13.33,50.0,14.6,73.0,2024-08-20,14,1100.6669506911617,918.5278653052969,7.343246448206745,14.6,1.0,-0.8148032504873827
2024-08-20,14,NORTE,0.8922227,7.845909,70.0,11.882032,22.999996,10.9,69.0,2024-08-20,14,2044.7681745665052,1533.5097059157297,8.847073467933292,10.9,1.0,-0.632920338753359
2024-08-20,14,SURESTE,0.7199999,8.800001,50.0,12.599999,62.0,15.799999,108.0,2024-08-20,14,1504.0036030349647,1223.2851652376783,8.553525054576829,15.799999000000001,1.0,-0.6469083505681492
2024-08-20,15,CENTRO,0.75,8.000001,53.0,11.7,50.0,13.4,117.0,2024-08-20,15,1225.0538146877257,1011.9104042172999,7.259067261795421,13.4,1.0,-0.749367963702635
2024-08-20,15,NORTE,0.8214639,9.299999,59.0,12.435534,25.999998,14.5,66.0,2024-08-20,15,1521.2980583777262,1203.895637111084,8.866402897113117,14.5,1.0,-0.7700396096333286
2024-08-20,15,SURESTE,0.76,9.3,40.0,22.91,44.0,15.9,113.0,2024-08-20,15,1447.8188271148756,1175.6134722862344,8.570134774886792,15.9,1.0,-0.6732637410244882
2024-08-20,16,CENTRO,0.75,7.3,47.0,9.379999,44.0,13.299999,112.0,2024-08-20,16,1231.6950034684057,1014.5558975838031,7.279443854846462,13.299999,1.0,-0.7458742821474231
2024-08-20,16,NORTE,0.8075974,8.599998,51.0,11.498262,19.999996,14.6,58.000004,2024-08-20,16,1447.5106387856463,1145.8200690404617,8.872343843768302,14.6,1.0,-0.7893676989772705
2024-08-20,16,SURESTE,0.7099999,8.200001,40.0,8.469999,54.0,16.5,118.0,2024-08-20,16,1343.929860442001,1096.9501564313998,8.572140484803857,16.5,1.0,-0.7219964134598729
2024-08-20,17,CENTRO,0.75,8.000001,45.0,8.919999,34.0,13.299999,102.0,2024-08-20,17,1227.4188898670996,1007.5922813883404,7.37755875444572,13.299999,1.0,-0.748123785920051
2024-08-20,17,NORTE,0.8011566,7.999998,49.0,10.843782,22.0,15.4,59.0,2024-08-20,17,1375.2169904276182,1099.3214985706977,8.880750612748487,15.4,1.0,-0.8083045055791032
2024-08-20,17,SURESTE,0.65,9.3,37.0,8.889999,40.0,15.5,118.0,2024-08-20,17,1435.6870699507251,1160.1281565810011,8.592144478428072,15.5,1.0,-0.6789545565834473
2024-08-20,18,CENTRO,0.75,10.700001,42.0,9.2699995,32.0,14.6,91.0,2024-08-20,18,1129.028614236792,937.5197333193536,7.458009213623192,14.6,1.0,-0.7998832378094193
2024-08-20,18,NORTE,0.8107223,8.399998,47.0,10.388061,27.999998,16.9,58.000004,2024-08-20,18,1253.5788629648946,1017.128105856579,8.911257983234218,16.9,1.0,-0.8401667472488425
2024-08-20,18,SURESTE,0.66999996,10.200001,38.0,10.089999,35.0,14.6,125.0,2024-08-20,18,1446.0373554183254,1156.083410477047,8.573635358392139,14.6,1.0,-0.6740994012434819
2024-08-20,19,CENTRO,0.75,11.900001,38.0,8.5199995,49.0,12.799999,95.0,2024-08-20,19,1261.4527248880459,1031.6882739218036,7.39827930139667,12.799999,1.0,-0.7302198555255849
2024-08-20,19,NORTE,0.85589397,9.599998,42.0,10.00462,17.999996,15.9,62.0,2024-08-20,19,1350.7282221135224,1087.5062511772476,8.900319939799207,15.9,1.0,-0.8147191641281432
2024-08-20,19,SURESTE,0.68999994,11.600001,35.0,7.5999994,32.0,13.099999,139.0,2024-08-20,19,1403.0415941371439,1094.8569584369,8.569282023934914,13.099999,1.0,-0.6942680333680413
2024-08-20,20,CENTRO,0.77,11.900001,35.0,8.78,42.0,10.7,118.0,2024-08-20,20,1540.851764526692,1219.4979098377482,7.333782444905493,10.699999999999998,1.0,-0.5832384484966006
2024-08-20,20,NORTE,0.9333071,12.599998,34.0,10.114659,20.999996,15.0,63.000004,2024-08-20,20,1445.668651464953,1151.1064705175156,8.90025069472912,15.0,1.0,-0.7898501944446766
2024-08-20,20,SURESTE,0.68,11.400001,33.0,7.5099993,33.0,12.9,148.0,2024-08-20,20,1287.5466165862524,999.7122149863834,8.557979140789142,12.9,1.0,-0.7484449020883004
2024-08-20,21,CENTRO,0.73,10.6,37.0,8.66,37.0,11.0,125.0,2024-08-20,21,1498.763695875149,1185.7270656104333,7.268321743365489,11.0,1.0,-0.6053794106041904
2024-08-20,21,NORTE,1.0108464,15.699999,29.0,10.776127,22.0,12.5,71.0,2024-08-20,21,1821.8951132892257,1402.8502503082807,8.918365698280049,12.5,1.0,-0.6913003507464532
2024-08-20,21,SURESTE,0.62,9.5,36.0,6.419999,20.0,12.0,167.0,2024-08-20,21,1174.4134258368172,891.9650951187301,8.603239757357919,12.0,1.0,-0.8015138939449847
2024-08-20,22,CENTRO,0.73,12.1,35.0,8.82,36.0,10.0,125.0,2024-08-20,22,1654.5699956910487,1286.453838681816,7.334884273031217,10.0,1.0,-0.5234155312703936
2024-08-20,22,NORTE,1.142899,27.099998,20.0,12.719162,23.999996,8.3,80.0,2024-08-20,22,2861.7877747816797,2015.608040084926,8.934857251835094,8.3,1.0,-0.4189078700153193
2024-08-20,22,SURESTE,0.60999995,7.5,39.0,6.6400003,18.0,12.2,161.0,2024-08-20,22,1197.4272425714405,915.5279165983155,8.59047818957358,12.200000000000001,1.0,-0.7907184762184053
2024-08-20,23,CENTRO,0.72,10.500001,35.0,8.53,37.0,7.8999996,125.0,2024-08-20,23,2106.54962299854,1554.2613177483192,7.379300958637941,7.8999996,1.0,-0.28564591811778584
2024-08-20,23,NORTE,1.2185731,31.8,13.0,14.170252,29.999998,6.3,85.0,2024-08-20,23,3930.614260799409,2578.743423831775,9.016865769181624,6.3,1.0,-0.13893637990049798
2024-08-20,23,SURESTE,0.62999994,7.9000006,36.0,7.0,13.000004,11.5,139.0,2024-08-20,23,1626.9216590245205,1234.9360127640666,8.648070813771533,11.5,1.0,-0.5892494330644743
2024-08-21,0,CENTRO,0.72,9.800001,34.0,8.699999,33.0,7.0,120.0,2024-08-21,0,2376.5665451892737,1721.340287462077,7.497102538626864,7.0,1.0,-0.14360009291896408
2024-08-21,0,NORTE,1.0354936,13.4,29.0,11.815264,29.999998,12.7,57.000004,2024-08-21,0,1698.9721969224868,1305.1990768276962,9.065991305383312,12.699999999999998,1.0,-0.7234991337244834
2024-08-21,0,SURESTE,0.6599999,7.200001,31.0,8.129999,21.000002,16.9,99.0,2024-08-21,0,1502.9191200390626,1236.3742783339876,8.699841920085797,16.9,1.0,-0.6474170644026747
2024-08-21,1,CENTRO,0.77,11.400002,28.0,9.419999,31.0,6.6,63.999996,2024-08-21,1,2545.1161705508666,1796.9823116369198,7.6344236726873715,6.599999999999999,1.0,-0.05493242562169812
2024-08-21,1,NORTE,1.0074586,9.099998,30.0,10.513634,25.999998,10.400001,86.0,2024-08-21,1,2425.525559966431,1798.67497832712,9.104610169410533,10.400001,1.0,-0.5331836518755674
2024-08-21,1,SURESTE,0.68999994,8.1,25.0,9.24,25.0,13.9,90.0,2024-08-21,1,1915.6145271757619,1527.1956949743458,8.765026127242109,13.9,1.0,-0.4538281710324253
2024-08-21,2,CENTRO,0.8000001,23.6,16.0,13.36,37.0,6.7,27.999992,2024-08-21,2,2812.2580794014907,1971.343135768333,7.777848875683196,6.7,1.0,0.08560096236007764
2024-08-21,2,NORTE,1.0511005,11.099999,24.0,10.481459,18.999996,3.2000003,161.0,2024-08-21,2,9017.702684778533,4778.181410141724,9.241579040824359,3.2000003,1.0,1.1935902229101931
2024-08-21,2,SURESTE,0.68,8.000001,23.0,9.48,30.0,10.299999,88.0,2024-08-21,2,2635.244484353233,1982.3881136997115,8.847357280483193,10.299999,1.0,-0.11626113094195638
2024-08-21,3,CENTRO,0.99,21.5,11.0,15.94,56.0,6.6,6.0,2024-08-21,3,3186.6945493863022,2199.1048857918827,7.9547905576979945,6.599999999999999,1.0,0.28257801450926207
2024-08-21,3,NORTE,1.0771147,20.0,9.0,12.335116,27.999998,7.4,239.0,2024-08-21,3,3650.2985788773362,2459.392617608408,9.300544587835848,7.400000000000001,1.0,-0.2123630774954275
2024-08-21,3,SURESTE,0.68,9.800001,20.0,10.089999,29.0,3.0999994,33.0,2024-08-21,3,9088.396098360556,4746.331830839531,8.938259942256414,3.0999994000000006,1.0,2.91081030746714
2024-08-21,4,CENTRO,1.13,23.7,9.000002,16.029999,58.0,6.3999996,18.0,2024-08-21,4,3155.600935017972,2169.9057778725473,7.856424513451449,6.3999996,1.0,0.2662208244652857
2024-08-21,4,NORTE,1.0663979,19.0,9.0,13.891844,26.999998,4.8,219.0,2024-08-21,4,5998.215689684426,3597.1245636456492,9.314079240180801,4.8,1.0,0.4026570972271545
2024-08-21,4,SURESTE,0.7,12.700001,15.000001,9.259999,26.000002,1.8000002,336.0,2024-08-21,4,13184.750010273983,5458.72827044006,8.914356539153156,1.8000002,1.0,4.832345189965941
2024-08-21,5,CENTRO,1.33,29.900002,5.000002,16.119999,59.0,3.6999998,14.999992,2024-08-21,5,5308.634297892729,3126.5893829660067,7.585577991376267,3.6999998,1.0,1.3988513212091467
2024-08-21,5,NORTE,1.0774777,22.199999,6.0,14.793493,25.0,5.4,204.0,2024-08-21,5,5306.321123682483,3348.130622785529,9.123601107648554,5.400000000000001,1.0,0.22142024056237813
2024-08-21,5,SURESTE,0.77,19.1,8.000002,9.409999,26.000002,1.8000002,232.0,2024-08-21,5,8411.584083937898,3330.779617079839,8.8106627324761,1.8000002,1.0,2.593328487640703
2024-08-21,6,CENTRO,1.12,27.6,5.000002,14.929999,57.0,1.7999997,270.0,2024-08-21,6,11379.94577313637,5109.3122654441595,7.297558471039055,1.7999997,1.0,4.592741694979412
2024-08-21,6,NORTE,1.1019491,27.5,4.000002,15.713312,29.999998,7.0,247.0,2024-08-21,6,3714.8470112635973,2490.4573792640854,8.984598316090885,7.0,1.0,-0.19545507508702015
2024-08-21,6,SURESTE,0.87999994,33.3,3.000002,11.789999,30.0,1.8000002,278.0,2024-08-21,6,10891.356086507758,4491.854011180434,8.582553091353548,1.8000002,1.0,3.7565503444543764
2024-08-21,7,CENTRO,1.1800001,35.6,5.000002,16.16,58.0,2.1,230.0,2024-08-21,7,9456.750755730809,4548.314032089575,7.255779780952206,2.1,1.0,3.5810205737651426
2024-08-21,7,NORTE,1.1251168,22.699999,7.0,15.760905,34.0,5.2,282.0,2024-08-21,7,4742.084289018229,2863.9835763973806,8.916293322645176,5.2,1.0,0.07362241795490136
2024-08-21,7,SURESTE,1.3199999,52.2,3.000002,14.17,40.0,2.3999996,267.0,2024-08-21,7,7687.618506503086,3546.9289418748162,8.583859610265277,2.3999996,1.0,2.253727676606391
2024-08-21,8,CENTRO,1.0799999,55.9,8.0,24.55,64.0,4.2,244.0,2024-08-21,8,4783.090246667017,2917.466828821125,7.246826126088473,4.2,1.0,1.1223822102029997
2024-08-21,8,NORTE,1.4061836,41.0,7.0,19.943054,35.0,4.8,298.0,2024-08-21,8,4901.110172569073,2881.9331063453005,8.899420130010075,4.8,1.0,0.11527811620620508
2024-08-21,8,SURESTE,1.29,49.0,7.000002,15.209999,65.0,4.799999,278.0,2024-08-21,8,4124.072801447943,2465.279283775472,8.605709904083517,4.799999,1.0,0.5821247035996592
2024-08-21,9,CENTRO,1.21,58.6,15.000001,22.099998,93.0,3.2999997,4.9999924,2024-08-21,9,5746.136248300685,3342.0944535472786,7.296881287336793,3.2999996999999994,1.0,1.6290047688804528
2024-08-21,9,NORTE,1.4844604,45.3,11.0,21.650621,58.0,3.0,300.0,2024-08-21,9,7765.061829203637,3854.307154444754,8.886831901097668,3.0,1.0,0.8654698670789371
2024-08-21,9,SURESTE,1.17,53.699997,17.000002,17.01,61.0,4.7,283.0,2024-08-21,9,4331.861973515598,2600.31658703229,8.57278602035463,4.7,1.0,0.6795953203772613
2024-08-21,10,CENTRO,1.4100001,47.300003,29.0,20.38,85.0,5.3,16.999992,2024-08-21,10,3435.6280114134433,2319.486276338136,7.276393114274117,5.3,1.0,0.4135326181924615
2024-08-21,10,NORTE,1.3957272,38.1,26.0,22.134384,85.0,2.2000003,352.0,2024-08-21,10,8639.823865762899,3746.1349290250473,8.925357402692017,2.2000003,1.0,1.0946075560071566
2024-08-21,10,SURESTE,1.16,58.9,27.0,18.66,74.0,3.7999997,42.0,2024-08-21,10,7297.270651326932,4156.437096497756,8.584595748158998,3.7999996999999994,1.0,2.070621666686655
2024-08-21,11,CENTRO,1.2900001,44.0,46.0,21.25,85.0,7.3999996,58.999996,2024-08-21,11,2187.20023444423,1611.6300721958996,7.333040206076225,7.3999996,1.0,-0.24321864147658248
2024-08-21,11,NORTE,1.1776811,22.599998,50.0,18.804478,76.0,4.5,61.000004,2024-08-21,11,4788.1710007393185,2822.1594661430145,8.94869136808426,4.5,1.0,0.08569450404543215
2024-08-21,11,SURESTE,1.1199999,36.2,52.0,17.949999,92.0,10.599999,75.0,2024-08-21,11,2646.0788719430857,2010.6112690274797,8.605659958369728,10.599999,1.0,-0.11117889094705088
2024-08-21,12,CENTRO,1.07,21.2,79.0,18.41,167.0,10.7,62.0,2024-08-21,12,1505.107810577575,1195.445414963898,7.325927264153262,10.699999999999998,1.0,-0.6020420086341557
2024-08-21,12,NORTE,0.9593939,16.399998,71.0,17.159012,49.0,9.7,68.0,2024-08-21,12,2296.330776814633,1679.7435062743186,8.874198337308561,9.7,1.0,-0.5670253057148512
2024-08-21,12,SURESTE,0.91999996,15.700001,61.0,24.0,81.0,17.599998,96.0,2024-08-21,12,1443.7827490726681,1198.0457639336253,8.566476441991735,17.599998,1.0,-0.6751570014490901
2024-08-21,13,CENTRO,0.93,13.700001,75.0,14.49,102.0,14.4,58.999996,2024-08-21,13,1119.7121649306985,934.7591551577979,7.308977940293718,14.4,1.0,-0.8047842740810358
2024-08-21,13,NORTE,0.8582747,12.199999,75.0,15.341581,37.0,10.8,53.0,2024-08-21,13,1918.818010947824,1429.8974255987832,8.891406183830433,10.800000000000002,1.0,-0.6659120876011161
2024-08-21,13,SURESTE,0.83,11.800001,63.0,15.91,83.0,17.4,108.0,2024-08-21,13,1361.9801947063997,1125.4027614120514,8.515699439923555,17.4,1.0,-0.7135292869186497
2024-08-21,14,CENTRO,0.87,11.700001,72.0,13.21,69.0,14.799999,86.0,2024-08-21,14,1074.923029701732,900.517396368483,7.276917364513384,14.799999,1.0,-0.8283461665058598
2024-08-21,14,NORTE,0.81829345,10.199998,83.0,14.190201,33.0,13.4,54.000004,2024-08-21,14,1560.8562290302548,1212.7413398632123,8.908711915386412,13.4,1.0,-0.7596776284056094
2024-08-21,14,SURESTE,0.80999994,11.000001,69.0,16.17,60.0,17.3,107.0,2024-08-21,14,1387.7948571549293,1145.1225666563207,8.53518577878153,17.3,1.0,-0.7014200367314237
2024-08-21,15,CENTRO,0.78999996,8.6,65.0,11.57,51.0,14.799999,114.0,2024-08-21,15,1107.3825549550254,928.9522494436827,7.274639018105,14.799999,1.0,-0.8112704217238008
2024-08-21,15,NORTE,0.77710724,8.1,72.0,12.752796,32.0,14.8,54.000004,2024-08-21,15,1409.9985211185167,1116.3100315375143,8.91388645635297,14.800000000000002,1.0,-0.7991937311892516
2024-08-21,15,SURESTE,0.72999996,10.200001,59.0,13.179999,58.0,16.0,122.0,2024-08-21,15,1346.746364366053,1093.5648993884543,8.53524243490979,16.0,1.0,-0.7206752359803048
2024-08-21,16,CENTRO,0.76,8.900001,58.0,10.79,39.0,12.9,125.0,2024-08-21,16,1291.1087509979202,1053.7119986539235,7.313358569194998,12.9,1.0,-0.7146189270107443
2024-08-21,16,NORTE,0.7440536,8.1,66.0,11.980647,32.0,15.2,60.000004,2024-08-21,16,1397.0511575871835,1115.8624771135223,8.880219132923138,15.199999999999998,1.0,-0.8025852009070648
2024-08-21,16,SURESTE,0.68999994,9.600001,53.0,12.2699995,42.0,16.4,125.0,2024-08-21,16,1293.0756557964057,1052.7376464436215,8.549166684713928,16.4,1.0,-0.745851317174137
2024-08-21,17,CENTRO,0.74,9.1,54.0,10.589999,44.0,14.0,127.0,2024-08-21,17,1234.0050911652313,1007.6593508018852,7.443473740146815,14.0,1.0,-0.7446590312271661
2024-08-21,17,NORTE,0.73671067,7.019148,60.0,11.051289,30.999998,14.9,70.0,2024-08-21,17,1517.8117176164903,1208.516723038736,8.90143411143141,14.9,1.0,-0.7709528317799914
2024-08-21,17,SURESTE,0.66999996,9.600001,48.0,9.37,39.0,15.799999,134.0,2024-08-21,17,1238.5797614807254,1000.3829446160197,8.598935203003025,15.799999000000001,1.0,-0.7714144799604389
2024-08-21,18,CENTRO,0.73,9.1,49.0,10.139999,44.0,14.0,117.0,2024-08-21,18,1206.454005513377,996.7760502574633,7.388248072215047,14.0,1.0,-0.7591526291275845
2024-08-21,18,NORTE,0.75364184,8.699999,51.0,10.451348,26.999998,15.1,65.0,2024-08-21,18,1449.0804656302541,1156.0284338020358,8.861577361047337,15.1,1.0,-0.7889564940093391
2024-08-21,18,SURESTE,0.68,10.000001,43.0,8.9,31.0,13.799999,136.0,2024-08-21,18,1388.847096768675,1093.6398931894005,8.598492963645494,13.799999000000001,1.0,-0.7009264477579029
2024-08-21,19,CENTRO,0.75,9.800001,45.0,10.36,37.0,12.9,111.0,2024-08-21,19,1279.0296258523965,1045.7706292352752,7.33340538645282,12.9,1.0,-0.7209733039329572
2024-08-21,19,NORTE,0.7999568,9.999999,44.0,10.353052,19.999996,14.3,61.000004,2024-08-21,19,1496.9604187438858,1183.590925930611,8.892082259638338,14.300000000000002,1.0,-0.7764146811003083
2024-08-21,19,SURESTE,0.68,10.1,41.0,9.179999,29.0,13.0,141.0,2024-08-21,19,1387.656321130221,1081.4704075411375,8.595724036689724,13.0,1.0,-0.7014850217912316
2024-08-21,20,CENTRO,0.78999996,12.400001,40.0,11.54,35.0,9.7,133.0,2024-08-21,20,1732.0301563430105,1333.10686748052,7.268520810830105,9.7,1.0,-0.4826666317178351
2024-08-21,20,NORTE,0.85961854,11.4,40.0,11.106859,25.0,14.8,64.0,2024-08-21,20,1481.264459711749,1176.2513739282863,8.904566957815867,14.800000000000002,1.0,-0.7805261258450784
2024-08-21,20,SURESTE,0.7,11.3,39.0,8.98,29.0,9.799999,159.0,2024-08-21,20,1502.6149444272448,1098.5188604470377,8.584759803914292,9.799999,1.0,-0.6475597483750759
2024-08-21,21,CENTRO,0.7800001,11.700001,38.0,11.8,40.0,8.099999,134.0,2024-08-21,21,2044.3451770541533,1528.9782918002481,7.251878813590358,8.099999,1.0,-0.31836935553614315
2024-08-21,21,NORTE,0.95615935,15.4,33.0,12.139793,25.0,12.0,81.0,2024-08-21,21,1982.5394563924394,1516.0589328388937,8.934973260857193,12.0,1.0,-0.6492207085355871
2024-08-21,21,SURESTE,0.68,11.3,38.0,9.639999,26.000002,9.9,169.0,2024-08-21,21,1387.0544995002645,1011.7957600254869,8.55630377472106,9.9,1.0,-0.7017673268068311
2024-08-21,22,CENTRO,0.76,10.700001,36.0,12.04,37.0,7.1,129.0,2024-08-21,22,2360.529189714732,1699.18978047383,7.364402232053068,7.099999999999999,1.0,-0.15203674708828663
2024-08-21,22,NORTE,1.0617267,20.3,26.0,13.090002,23.999996,9.0,93.0,2024-08-21,22,2869.746521239784,2080.8065428536133,8.97708463233485,9.0,1.0,-0.41682313303090607
2024-08-21,22,SURESTE,0.65,8.5,40.0,8.99,28.000002,11.799999,155.0,2024-08-21,22,1309.0983024100308,995.0302422795471,8.59292913301893,11.799999000000001,1.0,-0.7383353468649089
2024-08-21,23,CENTRO,0.75,10.500001,35.0,13.26,51.0,7.7,131.0,2024-08-21,23,2182.748524976022,1598.3485543453094,7.37591798233946,7.7,1.0,-0.2455605196812022
2024-08-21,23,NORTE,1.0713687,21.3,24.0,13.603876,26.999998,10.1,79.0,2024-08-21,23,2359.94812504988,1737.6296207979362,9.043142445673347,10.1,1.0,-0.5503611941723531
2024-08-21,23,SURESTE,0.6399999,6.800001,40.0,8.34,23.0,12.299999,151.0,2024-08-21,23,1319.0251947166923,1011.889792318498,8.651877021682905,12.299999000000001,1.0,-0.7336787985655581
2024-08-22,0,CENTRO,0.71000004,5.5,41.0,9.999999,48.0,11.2,137.0,2024-08-22,0,1568.2823152774681,1220.388049282404,7.50382197520203,11.199999999999998,1.0,-0.5688082595090385
2024-08-22,0,NORTE,1.0400368,19.9,24.0,13.57868,25.0,8.8,81.0,2024-08-22,0,2753.101174078296,1962.2927572376113,9.077324451083928,8.8,1.0,-0.4473775514393032
2024-08-22,0,SURESTE,0.6399999,7.5,38.0,8.36,14.0,7.8999996,127.0,2024-08-22,0,2672.7679492594516,1869.1141458500774,8.677237454447459,7.899999600000001,1.0,-0.09865946656431986
2024-08-22,1,CENTRO,0.71000004,6.000001,40.0,12.67,43.0,10.5,115.0,2024-08-22,1,1615.2198915018262,1262.3196219932343,7.691562789758961,10.5,1.0,-0.5441161524606071
2024-08-22,1,NORTE,1.0116643,14.899999,28.0,12.904095,22.0,8.0,70.0,2024-08-22,1,2906.6386693686413,2015.8403589794982,9.14283538326426,8.0,1.0,-0.40715949742653773
2024-08-22,1,SURESTE,0.68999994,12.200001,31.0,9.119999,23.0,5.9999995,356.0,2024-08-22,1,3951.6759899314075,2565.1705515143503,8.778876569285394,5.9999995,1.0,0.501256083826067
2024-08-22,2,CENTRO,0.71000004,7.5,36.0,10.349999,46.0,6.7,112.0,2024-08-22,2,2571.212081934922,1820.4996843899028,7.7883931581829415,6.7,1.0,-0.04120434059358618
2024-08-22,2,NORTE,1.1287929,24.9,14.000001,15.456881,18.999996,1.3000002,149.0,2024-08-22,2,22411.83385076932,8160.004970031593,9.255039535757502,1.3000002,1.0,4.702087542533696
2024-08-22,2,SURESTE,0.74999994,15.800001,24.0,9.469999,26.000002,4.6,349.0,2024-08-22,2,5165.105964115203,3086.029190854464,8.86189472033232,4.6,1.0,1.0704569080230804
2024-08-22,3,CENTRO,0.7800001,13.500001,27.0,11.559999,34.0,4.0999994,4.9999924,2024-08-22,3,5134.2977743201645,3083.0997559321618,7.880914830628078,4.0999994,1.0,1.3071393827415785
2024-08-22,3,NORTE,1.1426013,29.5,5.0,17.38124,45.0,5.6000004,262.0,2024-08-22,3,4808.218618873019,2984.3014709164563,9.297593846181284,5.6000004,1.0,0.0909458349167856
2024-08-22,3,SURESTE,0.77,20.9,16.000002,10.799999,26.000002,4.2999997,59.0,2024-08-22,3,6947.6987570734,4135.5069475134,8.922116733211709,4.2999997,1.0,1.9066430156243537
2024-08-22,4,CENTRO,1.35,43.100002,6.000002,22.56,47.0,6.2,11.0,2024-08-22,4,3372.9407495956343,2281.48101616869,7.9340744628427196,6.2,1.0,0.38055518936274035
2024-08-22,4,NORTE,1.1344234,25.3,6.0,17.063093,46.0,6.2000003,218.0,2024-08-22,4,4628.110745974064,3005.109133477635,9.30458493829267,6.2000003,1.0,0.04376785961715884
2024-08-22,4,SURESTE,0.7099999,17.2,17.000002,12.509999,30.0,3.7999997,10.0,2024-08-22,4,6680.56311877117,3750.0593026742713,8.909957938213248,3.7999996999999994,1.0,1.7813339094303167
2024-08-22,5,CENTRO,1.5400001,44.5,6.000002,21.96,73.0,3.5,0.9999924,2024-08-22,5,6052.7773551055125,3465.824055892245,7.706528981369903,3.5,1.0,1.790317210717724
2024-08-22,5,NORTE,1.1395544,26.0,5.0,16.960632,38.0,5.2,219.0,2024-08-22,5,5405.243155691725,3340.622851846063,9.134345301373664,5.2,1.0,0.24733216272104583
2024-08-22,5,SURESTE,0.84,29.400002,6.000002,12.83,40.0,1.8000002,258.0,2024-08-22,5,9734.281086240195,3914.15918450694,8.788838154772861,1.8000002,1.0,3.213784747903934
2024-08-22,6,CENTRO,1.21,38.300003,6.000002,19.22,71.0,3.6,45.999992,2024-08-22,6,4636.887956560391,2773.801369093515,7.298447170529178,3.6,1.0,1.0454706419366093
2024-08-22,6,NORTE,1.1786841,30.3,5.0,17.536644,33.0,5.7,224.0,2024-08-22,6,4795.481954202159,3043.6436806784063,8.99797300470031,5.7,1.0,0.08760955626572073
2024-08-22,6,SURESTE,0.8899999,41.9,3.000002,13.49,45.0,2.1999998,288.0,2024-08-22,6,9595.229250572844,4372.932367336109,8.58717100945898,2.1999998,1.0,3.148557729326943
2024-08-22,7,CENTRO,1.1,30.5,7.000002,16.619999,61.0,4.2,6.0,2024-08-22,7,4489.6083025219505,2821.889085565991,7.2906963741445425,4.2,1.0,0.9679923127150447
2024-08-22,7,NORTE,1.3644375,51.1,4.000002,19.961903,40.0,1.8000002,228.0,2024-08-22,7,14937.913043864779,6126.986138394362,8.949236803480845,1.8000002,1.0,2.7443471864675915
2024-08-22,7,SURESTE,1.05,52.8,3.000002,14.779999,47.0,2.6999998,313.0,2024-08-22,7,8414.168222074308,4160.751108065789,8.568106496652659,2.6999998,1.0,2.5945406660015293
2024-08-22,8,CENTRO,1.0500001,35.7,12.000002,15.34,56.0,4.7,335.0,2024-08-22,8,4414.2706355809705,2860.5489252316056,7.290072193273354,4.7,1.0,0.9283599778881694
2024-08-22,8,NORTE,1.4779923,48.2,8.0,21.59114,53.0,4.2,235.0,2024-08-22,8,6198.654756578108,3554.993326557862,8.899462280057602,4.2,1.0,0.45516068407644
2024-08-22,8,SURESTE,1.14,49.1,8.000002,13.969999,63.0,4.9999995,281.0,2024-08-22,8,4041.912414167229,2461.332430154584,8.570661736672982,4.9999995,1.0,0.54358456436502
2024-08-22,9,CENTRO,1.1600001,43.100002,21.0,19.91,57.0,3.8999999,194.0,2024-08-22,9,4914.792598610584,2965.533736801923,7.281156668887115,3.8999999,1.0,1.1916659021681828
2024-08-22,9,NORTE,1.5351334,40.199997,18.0,21.824568,57.0,1.5,217.0,2024-08-22,9,18430.230355775846,7078.219670109117,8.916505114599389,1.5,1.0,3.6591348480387986
2024-08-22,9,SURESTE,1.3499999,63.699997,13.000001,18.33,62.0,4.2,287.0,2024-08-22,9,4981.549891471981,2897.800285227217,8.557675324820254,4.2,1.0,0.9843536552126603
2024-08-22,10,CENTRO,1.2,53.9,29.0,22.099998,83.0,6.3999996,24.0,2024-08-22,10,2747.1477704980716,1953.1022664148134,7.256052669721025,6.3999996,1.0,0.05134885889152789
2024-08-22,10,NORTE,1.4985368,36.7,32.0,21.121197,57.0,2.3000002,217.0,2024-08-22,10,12024.933670816014,5579.7359893857765,8.92233537260211,2.3000002,1.0,1.9813129742590134
2024-08-22,10,SURESTE,1.1999999,50.2,32.0,17.67,68.0,8.099999,39.999992,2024-08-22,10,3414.8340338010935,2421.541432398382,8.599785360100748,8.099999,1.0,0.24943200629868315
2024-08-22,11,CENTRO,1.13,31.600002,58.0,20.57,84.0,9.6,55.0,2024-08-22,11,1695.9437434765907,1319.273236881897,7.329131935652605,9.6,1.0,-0.501650346710539
2024-08-22,11,NORTE,1.139737,21.0,57.0,15.812807,39.0,6.9,80.0,2024-08-22,11,3433.67260302771,2308.042247445085,8.916057817535698,6.900000000000001,1.0,-0.26910670992744706
2024-08-22,11,SURESTE,0.93999994,25.2,55.0,16.099998,76.48828,15.299999,89.0,2024-08-22,11,1720.2313016081735,1396.6670222360854,8.588600792075416,15.299999000000001,1.0,-0.5454793543667981
2024-08-22,12,CENTRO,0.89,17.900002,73.0,17.519999,70.0,12.6,53.999996,2024-08-22,12,1289.0269558482744,1054.1104228476495,7.333602099102964,12.6,1.0,-0.7157140817422595
2024-08-22,12,NORTE,0.9466846,13.099999,68.0,14.018976,38.0,10.9,48.000004,2024-08-22,12,1868.537430275325,1390.14509364161,8.893479469199056,10.9,1.0,-0.6790827278115463
2024-08-22,12,SURESTE,0.80999994,12.6,59.999996,16.93,92.0,17.099998,109.0,2024-08-22,12,1393.7363818733563,1146.4409381142752,8.57300753671867,17.099998,1.0,-0.6986329613841294
2024-08-22,13,CENTRO,0.76,11.8,68.0,13.98,58.0,14.299999,71.0,2024-08-22,13,1117.2247010097828,931.1990479639597,7.364722095622434,14.299999,1.0,-0.8060928360127549
2024-08-22,13,NORTE,0.89754874,8.9,77.0,13.848065,27.999998,13.1,56.0,2024-08-22,13,1600.5813235728383,1240.2599923019834,8.878276107049114,13.1,1.0,-0.749271922653053
2024-08-22,13,SURESTE,0.76,9.600001,58.0,14.579999,68.0,16.2,116.0,2024-08-22,13,1383.8454076121316,1127.7689982407055,8.555298528596158,16.2,1.0,-0.7032726610960041
2024-08-22,14,CENTRO,0.74,8.500001,64.0,12.58,51.0,12.5,108.0,2024-08-22,14,1317.8863530952292,1070.85314564623,7.382873249338068,12.5,1.0,-0.7005322299404357
2024-08-22,14,NORTE,0.8775232,8.399998,71.0,13.106691,28.999996,11.7,57.000004,2024-08-22,14,1802.712056749704,1366.8332811930063,8.871620125419257,11.699999999999998,1.0,-0.6963252158621532
2024-08-22,14,SURESTE,0.73999995,8.900001,52.0,14.589999,49.0,16.599998,113.0,2024-08-22,14,1374.2826724980848,1125.0452950387373,8.496696928660114,16.599998,1.0,-0.707758389011333
2024-08-22,15,CENTRO,0.73,8.700001,58.0,11.15,46.0,12.2,96.0,2024-08-22,15,1306.3639740618005,1064.3271242295864,7.303981485449822,12.199999999999998,1.0,-0.7065937235119417
2024-08-22,15,NORTE,0.8565554,7.199999,66.0,12.072514,23.999996,12.2,55.000004,2024-08-22,15,1715.0105745764527,1308.864629861107,8.9182987741616,12.199999999999998,1.0,-0.719297994859058
2024-08-22,15,SURESTE,0.74999994,8.6,51.0,13.83,39.0,15.2,111.0,2024-08-22,15,1526.0001597825008,1232.91271174543,8.518030026523135,15.200000000000001,1.0,-0.6365901134250329
2024-08-22,16,CENTRO,0.72,8.500001,55.0,10.209999,38.0,13.1,106.0,2024-08-22,16,1239.1442478700967,1016.564904739427,7.34501399050149,13.1,1.0,-0.7419555126882317
2024-08-22,16,NORTE,0.84442246,6.8999977,63.0,11.414991,22.999996,12.9,63.000004,2024-08-22,16,1694.647154415714,1310.4920992218272,8.926649874453203,12.9,1.0,-0.724632047823518
2024-08-22,16,SURESTE,0.7,8.5,50.0,10.75,42.0,14.9,129.0,2024-08-22,16,1378.5992647745154,1102.782452258398,8.56470074833713,14.9,1.0,-0.705733543792622
2024-08-22,17,CENTRO,0.72,8.400001,51.0,9.599999,33.0,13.7,117.0,2024-08-22,17,1248.8555286586643,1023.489185571404,7.481886130622701,13.699999999999998,1.0,-0.7368467703095776
2024-08-22,17,NORTE,0.83523226,7.5999985,58.0,11.775246,25.999998,15.799999,70.0,2024-08-22,17,1426.82054394173,1147.2643230360488,8.910640549272683,15.799999,1.0,-0.7947873220497215
2024-08-22,17,SURESTE,0.68999994,8.7,47.0,10.359999,27.0,15.699999,123.0,2024-08-22,17,1362.022750982202,1101.8912293671415,8.600513611326893,15.699998999999998,1.0,-0.7135093244422178
2024-08-22,18,CENTRO,0.72,9.400002,49.0,9.339999,36.0,13.799999,110.0,2024-08-22,18,1238.855353931026,1012.6810991286982,7.512027655353774,13.799999,1.0,-0.7421074890074835
2024-08-22,18,NORTE,0.8503826,7.799999,52.0,12.304583,25.999998,16.5,69.0,2024-08-22,18,1357.0819174092424,1099.5110308591707,8.872164410827452,16.5,1.0,-0.8130548588709765
2024-08-22,18,SURESTE,0.7,9.800001,45.0,9.11,35.0,16.2,124.0,2024-08-22,18,1310.9256283630177,1065.810518577899,8.595758285153405,16.2,1.0,-0.7374781771388879
2024-08-22,19,CENTRO,0.75,9.600001,45.0,10.48,35.0,13.4,117.0,2024-08-22,19,1241.0798083282061,1021.7208948120791,7.355321506090446,13.4,1.0,-0.7409372865701659
2024-08-22,19,NORTE,0.8846836,8.299999,47.0,12.964609,28.999996,15.5,80.0,2024-08-22,19,1523.5868778383121,1222.1176483695742,8.897803525766525,15.5,1.0,-0.769440069667425
2024-08-22,19,SURESTE,0.73999995,11.600001,40.0,10.369999,35.0,13.0,136.0,2024-08-22,19,1469.5977049914834,1144.7357374249875,8.590006416831933,13.0,1.0,-0.6630476135995911
2024-08-22,20,CENTRO,0.75,9.900001,43.0,9.98,37.0,11.2,116.0,2024-08-22,20,1455.2433797304852,1166.5707793351503,7.2652427083323605,11.199999999999998,1.0,-0.6282738246636013
2024-08-22,20,NORTE,0.9661837,11.999999,40.0,13.31571,20.999996,14.6,71.0,2024-08-22,20,1551.1781216560141,1230.807259539574,8.89528187064097,14.6,1.0,-0.7622127397436086
2024-08-22,20,SURESTE,0.72999996,12.200001,39.0,9.289999,36.0,11.299999,145.0,2024-08-22,20,1528.851368821971,1156.3995763806975,8.582105513143851,11.299999,1.0,-0.6352526563242916
2024-08-22,21,CENTRO,0.77,10.200001,41.0,10.799999,36.0,9.4,132.0,2024-08-22,21,1754.6568479824355,1354.8309508095306,7.222005305094906,9.4,1.0,-0.47076357371922906
2024-08-22,21,NORTE,1.0300292,14.199999,36.0,13.500309,27.999998,13.8,69.0,2024-08-22,21,1639.9513842368324,1286.7232270075774,8.935151515783673,13.800000000000002,1.0,-0.7389592154978651
2024-08-22,21,SURESTE,0.7099999,10.900001,39.0,8.909999,26.000002,13.299999,144.0,2024-08-22,21,1319.204648301139,1029.639013968483,8.562295616262613,13.299999000000001,1.0,-0.7335946197251262
2024-08-22,22,CENTRO,0.77,9.2,40.0,11.49,37.0,8.0,133.0,2024-08-22,22,2070.9269260016895,1544.0135407094629,7.252459156431273,8.0,1.0,-0.30438568949830297
2024-08-22,22,NORTE,1.0517029,12.899999,34.0,13.035653,22.999996,14.4,61.000004,2024-08-22,22,1511.241291382552,1192.804984072646,8.968776358372851,14.4,1.0,-0.7726739081637355
2024-08-22,22,SURESTE,0.7,9.200001,37.0,9.32,26.000002,14.0,133.0,2024-08-22,22,1411.2714163680228,1115.796787453639,8.563846107538149,14.0,1.0,-0.6904075538212409
2024-08-22,23,CENTRO,0.76,8.400001,38.0,11.0199995,38.0,10.6,132.0,2024-08-22,23,1587.1922552262708,1239.4865500746928,7.348611380097736,10.6,1.0,-0.5588604458583426
2024-08-22,23,NORTE,1.012531,8.599998,35.0,12.028174,27.999998,17.2,59.0,2024-08-22,23,1241.9505153872187,1009.55598080503,8.99912611745139,17.2,1.0,-0.843212710126339
2024-08-22,23,SURESTE,0.68,7.000001,35.0,8.69,29.0,17.7,116.0,2024-08-22,23,1284.0274350094162,1058.852714265235,8.611278807851436,17.7,1.0,-0.7500956945498773
2024-08-23,0,CENTRO,0.75,6.8,35.0,10.059999,34.0,11.9,115.0,2024-08-23,0,1380.904161187414,1113.378556800353,7.4458930113250945,11.9,1.0,-0.6673809130524063
2024-08-23,0,NORTE,1.022783,10.699999,30.0,11.433908,28.999996,12.2,53.0,2024-08-23,0,1735.7026223915482,1319.9143323112235,9.03057228198233,12.199999999999998,1.0,-0.713877860219708
2024-08-23,0,SURESTE,0.68,7.1000004,31.0,8.349999,28.000002,16.0,98.0,2024-08-23,0,1593.5003515677806,1300.513476145998,8.668883115237687,16.0,1.0,-0.6049268402118576
2024-08-23,1,CENTRO,0.75,6.700001,34.0,9.98,36.0,9.7,94.0,2024-08-23,1,1685.3686190258818,1305.2520790745548,7.5223253317115075,9.7,1.0,-0.5072135249994911
2024-08-23,1,NORTE,1.0190918,10.599998,29.0,11.355656,22.0,8.4,71.0,2024-08-23,1,2773.5340176809796,1946.1009935583788,9.127739730725343,8.4,1.0,-0.4420253134983812
2024-08-23,1,SURESTE,0.68999994,8.7,29.0,7.67,26.000002,6.4999995,87.0,2024-08-23,1,4163.129923817505,2807.1297106465518,8.768866694781734,6.4999995,1.0,0.600445782455876
2024-08-23,2,CENTRO,0.74,8.500001,31.0,10.719999,39.0,8.9,85.0,2024-08-23,2,1856.6913161466478,1407.807096768541,7.616901621471687,8.9,1.0,-0.41708704814624836
2024-08-23,2,NORTE,1.0265787,10.599998,27.0,11.3715515,22.999996,8.5,72.0,2024-08-23,2,2762.6470521622664,1942.6801199864854,9.198454046052008,8.5,1.0,-0.4448770766226834
2024-08-23,2,SURESTE,0.68,8.5,26.0,7.339999,27.0,11.9,72.0,2024-08-23,2,2441.7367608157206,1891.3734922194465,8.819772135839738,11.9,1.0,-0.20703254591390638
2024-08-23,3,CENTRO,0.8000001,27.5,13.0,12.47,49.0,7.7999997,23.0,2024-08-23,3,2499.5201014395743,1809.7672598281902,7.8802800689121995,7.7999997,1.0,-0.07891881584564495
2024-08-23,3,NORTE,1.0669596,10.699999,25.0,11.221737,19.999996,6.4,129.0,2024-08-23,3,4563.774239799204,3048.1142143960965,9.23633781561546,6.400000000000001,1.0,0.02691536977133911
2024-08-23,3,SURESTE,0.6599999,7.200001,25.0,7.039999,23.0,9.5,92.0,2024-08-23,3,2783.357121316548,2057.1087141039616,8.836556999046504,9.5,1.0,-0.04678383367128406
2024-08-23,4,CENTRO,0.78999996,17.0,16.0,12.21,50.0,6.8999996,26.999992,2024-08-23,4,2791.655387249477,1961.5253104140986,7.838468883893132,6.8999996,1.0,0.07476265495213356
2024-08-23,4,NORTE,1.0923555,15.2,15.0,12.50186,19.999996,4.5,251.00002,2024-08-23,4,5932.624884590753,3461.465820428168,9.257960777286097,4.5,1.0,0.3854760527076403
2024-08-23,4,SURESTE,0.6399999,7.7,23.0,6.99,22.0,6.9999995,74.0,2024-08-23,4,4150.18728067141,2851.0502511950835,8.841539997461753,6.9999995,1.0,0.5943745930977917
2024-08-23,5,CENTRO,0.93,21.2,11.0,13.71,48.0,6.7,55.0,2024-08-23,5,2619.1297175769864,1839.4916703910853,7.632268681448356,6.7,1.0,-0.01599666086325595
2024-08-23,5,NORTE,1.1455208,19.599998,10.0,13.838295,25.0,4.9,239.0,2024-08-23,5,5397.587717720003,3234.068770560279,9.127310886434529,4.9,1.0,0.24532687523569321
2024-08-23,5,SURESTE,0.6599999,11.3,18.0,7.709999,21.000002,5.9999995,53.0,2024-08-23,5,4863.880431698685,3202.235982972795,8.808991655234323,5.9999995,1.0,0.9291567712467527
2024-08-23,6,CENTRO,0.94,19.6,10.000002,12.429999,55.0,2.7999997,195.0,2024-08-23,6,6742.778316246587,3642.6888165297173,7.266451761230793,2.7999996999999994,1.0,2.1533009641731127
2024-08-23,6,NORTE,1.2184114,30.8,4.000002,16.360527,27.999998,5.9,229.0,2024-08-23,6,4542.1890313707645,2901.5081432880884,8.972889809786205,5.900000000000001,1.0,0.02126127806683299
2024-08-23,6,SURESTE,0.72999996,20.6,9.000002,8.84,25.0,3.1999993,269.0,2024-08-23,6,5798.629479896768,3010.0035303618,8.60844700250959,3.1999992999999995,1.0,1.3676327772557593
2024-08-23,7,CENTRO,0.96000004,25.1,8.0,13.05,49.0,2.6,219.0,2024-08-23,7,7429.19840445433,3923.9767866023813,7.237014935611315,2.6,1.0,2.5144009540235377
2024-08-23,7,NORTE,1.2504791,27.0,6.0,17.274225,33.0,6.5,244.0,2024-08-23,7,3973.6496257343106,2606.7761652556796,8.91490005275935,6.5,1.0,-0.1276635723811494
2024-08-23,7,SURESTE,1.02,46.199997,3.000002,11.11,29.0,4.7,275.0,2024-08-23,7,4147.214991286466,2456.509274715672,8.586724721410228,4.7,1.0,0.5929803391205071
2024-08-23,8,CENTRO,1.0799999,33.5,11.0,13.41,48.0,4.5,334.0,2024-08-23,8,4564.01898340836,2927.7523161584877,7.2310566359735935,4.5,1.0,1.0071369947755642
2024-08-23,8,NORTE,1.342361,31.699999,9.0,18.808466,37.0,6.6000004,287.0,2024-08-23,8,3675.6286751429047,2382.9971028784075,8.909379465164331,6.6000004,1.0,-0.20572803907806417
2024-08-23,8,SURESTE,1.0999999,44.800003,8.000002,11.99,44.0,3.8999996,283.0,2024-08-23,8,5262.407323439542,2961.1814900445556,8.56073315099507,3.8999996,1.0,1.1160994379598879
2024-08-23,9,CENTRO,1.1600001,37.5,19.0,15.7,53.0,6.0,16.999992,2024-08-23,9,3013.850804077952,2106.348276954802,7.234424697752738,6.0,1.0,0.19165137097305876
2024-08-23,9,NORTE,1.4573623,34.0,15.0,20.53222,57.0,3.5,311.0,2024-08-23,9,6335.641078425535,3319.822951121661,8.909650098344866,3.5,1.0,0.49104327601693987
2024-08-23,9,SURESTE,1.06,49.3,15.000001,13.749999,46.0,4.7,358.0,2024-08-23,9,4977.855091327666,3022.82081295325,8.572200149231293,4.7,1.0,0.9826204828565035
2024-08-23,10,CENTRO,1.4100001,54.7,21.0,22.4,73.0,7.5,51.999996,2024-08-23,10,2164.6363489773494,1603.0696484346054,7.224145327236917,7.5,1.0,-0.2550886594918635
2024-08-23,10,NORTE,1.4338061,31.099998,28.0,20.138405,67.0,2.6000004,197.0,2024-08-23,10,10756.911097625729,5331.463729104509,8.865594439781917,2.6000004,1.0,1.6491634869853369
2024-08-23,10,SURESTE,1.0999999,45.5,27.0,15.83,63.0,8.2,49.999992,2024-08-23,10,3456.651427993871,2476.650432663176,8.565174618169236,8.2,1.0,0.2690478850446412
2024-08-23,11,CENTRO,1.1,40.0,41.0,20.59,94.0,9.3,47.999996,2024-08-23,11,1768.2451009372235,1368.4129169975115,7.281400561430633,9.3,1.0,-0.4636153009801976
2024-08-23,11,NORTE,1.1942548,17.199999,47.0,16.82351,51.0,5.4,59.0,2024-08-23,11,3943.1833541964133,2456.1431530379764,8.901028296407368,5.400000000000001,1.0,-0.13564399535184885
2024-08-23,11,SURESTE,0.92999995,29.7,43.0,14.959999,81.0,12.9,84.0,2024-08-23,11,2093.301306661977,1651.109498283675,8.583041111882842,12.9,1.0,-0.37047811088536386
2024-08-23,12,CENTRO,0.98,21.400002,64.0,15.88,73.0,13.5,50.0,2024-08-23,12,1219.0165259231198,1007.5801208620283,7.357495351499543,13.5,1.0,-0.7525439559981336
2024-08-23,12,NORTE,1.0726838,16.899998,55.0,15.252636,39.0,9.1,58.000004,2024-08-23,12,2349.803729714589,1682.71709421053,8.964836446327814,9.1,1.0,-0.5530184463227159
2024-08-23,12,SURESTE,0.85999995,17.800001,56.0,19.48,78.0,16.599998,91.0,2024-08-23,12,1578.8033022178358,1297.6245657869451,8.61346454581255,16.599998,1.0,-0.611820993794045
2024-08-23,13,CENTRO,0.89,15.700001,77.0,16.4,70.0,13.9,50.0,2024-08-23,13,1195.1474800545975,990.7430356184731,7.392652510277839,13.9,1.0,-0.7651005701895501
2024-08-23,13,NORTE,0.9527392,11.199999,66.0,14.781069,34.0,11.1,42.000004,2024-08-23,13,1828.208437207184,1363.5165090151079,9.01717163599366,11.1,1.0,-0.6896466204843281
2024-08-23,13,SURESTE,0.7899999,12.400001,59.999996,22.38,80.0,17.599998,103.0,2024-08-23,13,1414.5964560607,1170.9469825340882,8.661842399398457,17.599998,1.0,-0.6888478302493612
2024-08-23,14,CENTRO,0.82000005,12.500001,60.0,13.46,78.0,15.0,61.0,2024-08-23,14,1080.6047449632674,906.3183526391309,7.377577144592102,15.0,1.0,-0.8253572281596201
2024-08-23,14,NORTE,0.93915737,10.199998,76.0,15.540225,33.0,12.8,52.000004,2024-08-23,14,1617.9292305070517,1245.7740562176023,8.937587818856114,12.800000000000002,1.0,-0.7447277619138848
2024-08-23,14,SURESTE,0.77,9.7,43.0,12.459999,86.0,17.7,104.0,2024-08-23,14,1387.2902534213413,1149.7187621712083,8.622656351500568,17.7,1.0,-0.7016567383682399
2024-08-23,15,CENTRO,0.76,9.900001,47.0,9.299999,60.0,16.2,87.0,2024-08-23,15,984.8740248921881,836.1272742235803,7.330280790605913,16.2,1.0,-0.8757175871291533
2024-08-23,15,NORTE,0.8628257,8.799999,67.0,14.300957,34.0,14.8,52.000004,2024-08-23,15,1392.9893729417734,1102.6173388414418,8.891412628869256,14.800000000000002,1.0,-0.8036491564831825
2024-08-23,15,SURESTE,0.73999995,10.5,40.0,14.329999,57.0,16.0,110.0,2024-08-23,15,1466.9480438565083,1194.24073895352,8.571995507467395,16.0,1.0,-0.6642905277635378
2024-08-23,16,CENTRO,0.75,10.6,44.0,9.2699995,43.0,16.4,79.0,2024-08-23,16,978.101931636175,830.107373305839,7.326240840456194,16.4,1.0,-0.879280132643224
2024-08-23,16,NORTE,0.8230282,7.999998,59.0,12.547429,26.999998,15.9,53.0,2024-08-23,16,1303.2473557943817,1044.2733805739242,8.82885002510123,15.9,1.0,-0.8271564390920534
2024-08-23,16,SURESTE,0.7199999,9.5,40.0,14.279999,53.0,16.599998,106.0,2024-08-23,16,1446.0126147443987,1188.2478978359568,8.551747111284906,16.599998,1.0,-0.6741110067026266
2024-08-23,17,CENTRO,0.74,9.900001,43.0,8.87,42.0,14.5,94.0,2024-08-23,17,1131.0718604131216,939.2034230591296,7.402665100870748,14.5,1.0,-0.7988083622540418
2024-08-23,17,NORTE,0.82137764,7.799999,53.0,11.514494,28.999996,16.0,60.000004,2024-08-23,17,1322.4868062143807,1066.3375023008155,8.864431359768089,16.0,1.0,-0.8221168020007734
2024-08-23,17,SURESTE,0.7099999,9.3,40.0,8.58,65.0,17.599998,110.0,2024-08-23,17,1326.4328216176566,1098.4825172716803,8.562565632125871,17.599998,1.0,-0.7302039978542859
2024-08-23,18,CENTRO,0.74,10.6,41.0,8.849999,40.0,14.1,102.0,2024-08-23,18,1192.1353835266686,980.0619224890241,7.473559065108642,14.1,1.0,-0.7666851217554921
2024-08-23,18,NORTE,0.8241656,7.999998,48.0,11.123159,23.999996,16.4,63.000004,2024-08-23,18,1319.1849798535216,1067.7765021794187,8.845490770828736,16.4,1.0,-0.8229816919136296
2024-08-23,18,SURESTE,0.68999994,10.800001,38.0,8.129999,37.0,15.799999,118.0,2024-08-23,18,1394.4270075698112,1130.689691155702,8.552999059182184,15.799999000000001,1.0,-0.6983089997843691
2024-08-23,19,CENTRO,0.75,11.5,38.0,8.889999,32.0,12.7,97.0,2024-08-23,19,1288.2115203019498,1047.5210897233087,7.381448899184549,12.699999999999998,1.0,-0.716143051949513
2024-08-23,19,NORTE,0.8791487,8.9,43.0,11.273059,25.0,16.1,69.0,2024-08-23,19,1391.6192222990942,1123.5208725139812,8.890843239270167,16.1,1.0,-0.8040080576913121
2024-08-23,19,SURESTE,0.68,12.0,35.0,7.9299994,28.000002,12.299999,144.0,2024-08-23,19,1417.7636393506348,1092.4456587624386,8.560108826656323,12.299999000000001,1.0,-0.6873621546212917
2024-08-23,20,CENTRO,0.75,11.8,35.0,9.7,31.0,10.2,127.0,2024-08-23,20,1613.847951532201,1267.7145669600395,7.245816791915121,10.2,1.0,-0.544837878875113
2024-08-23,20,NORTE,1.0137688,14.099999,34.0,12.255498,23.999996,12.4,68.0,2024-08-23,20,1792.4069440613744,1379.05171864596,8.854421921291607,12.4,1.0,-0.6990245667791598
2024-08-23,20,SURESTE,0.6599999,11.900001,35.0,7.2299995,25.0,10.299999,166.0,2024-08-23,20,1347.9321341347818,994.3632566400769,8.546284397006055,10.299999,1.0,-0.7201190101213529
2024-08-23,21,CENTRO,0.7800001,14.1,34.0,11.9,32.0,9.0,129.0,2024-08-23,21,1822.1421634675692,1395.3591497171105,7.223938836239047,9.0,1.0,-0.43526206792798344
2024-08-23,21,NORTE,1.0806142,14.699999,32.0,13.565594,19.999996,12.8,62.0,2024-08-23,21,1676.3024723667672,1296.8729816937137,8.866329877344238,12.800000000000002,1.0,-0.7294373067089542
2024-08-23,21,SURESTE,0.68999994,11.800001,34.0,7.7299995,18.0,12.0,145.0,2024-08-23,21,1440.7005827117887,1102.3914725936972,8.552727156242776,12.0,1.0,-0.6766027969793225
2024-08-23,22,CENTRO,0.69000006,8.700001,35.0,10.12,32.0,12.4,125.0,2024-08-23,22,1351.3410858793522,1086.766941855766,7.355466428632948,12.4,1.0,-0.6829329436195211
2024-08-23,22,NORTE,1.0511162,11.799999,30.0,13.912357,22.999996,17.8,63.000004,2024-08-23,22,1232.170000838025,1008.6629463283031,8.928909875411058,17.8,1.0,-0.8457746462948839
2024-08-23,22,SURESTE,0.6399999,7.6000004,29.0,8.5199995,22.0,19.199999,133.0,2024-08-23,22,1024.26603023613,853.3554887323953,8.55468002540577,19.199999,1.0,-0.8719456643357176
2024-08-23,23,CENTRO,0.75,7.2,27.0,11.91,41.0,11.9,132.0,2024-08-23,23,1435.640713168834,1138.9096519435252,7.34428152732149,11.9,1.0,-0.6385860559313891
2024-08-23,23,NORTE,1.0505352,7.699999,22.0,13.540529,43.0,20.2,57.000004,2024-08-23,23,1054.7034674772824,879.6430703151984,8.971033296060257,20.2,1.0,-0.8922607415035074
2024-08-23,23,SURESTE,0.6599999,6.8999996,23.0,8.87,43.0,18.1,119.0,2024-08-23,23,1217.3805384454604,1007.8643464359009,8.56683012071717,18.1,1.0,-0.7813587004599578
2024-08-24,0,CENTRO,0.77,8.000001,24.0,11.48,46.0,8.8,107.0,2024-08-24,0,1846.0929378238886,1400.3348476950437,7.333369444834427,8.8,1.0,-0.42266245942940567
2024-08-24,0,NORTE,1.0447147,8.799999,18.0,12.937479,37.0,15.3,42.000004,2024-08-24,0,1329.2226969486587,1055.737194951056,8.985256481572547,15.300000000000002,1.0,-0.8203523833689402
2024-08-24,0,SURESTE,0.68999994,7.4000006,20.0,9.16,34.0,17.4,92.0,2024-08-24,0,1490.6501791288429,1233.641350213015,8.610091508138986,17.4,1.0,-0.653172230688903
2024-08-24,1,CENTRO,0.78999996,10.400001,21.0,12.47,44.0,9.9,61.0,2024-08-24,1,1643.5093252640413,1283.2053687258424,7.345506102603537,9.9,1.0,-0.52923413717594
2024-08-24,1,NORTE,1.0214887,8.5,18.0,12.420254,22.999996,12.1,47.0,2024-08-24,1,1690.284419797662,1283.0885009828407,9.010291201990766,12.1,1.0,-0.7257748351028102
2024-08-24,1,SURESTE,0.68,7.6000004,23.0,10.21,40.0,17.4,100.0,2024-08-24,1,1447.0929433780325,1196.6047571800882,8.632881122764179,17.4,1.0,-0.6736042416137868
2024-08-24,2,CENTRO,0.7800001,8.6,22.0,12.88,45.0,10.6,52.999996,2024-08-24,2,1596.9640711445163,1254.3998518394699,7.460568877006506,10.6,1.0,-0.5537198582072558
2024-08-24,2,NORTE,1.0246757,8.9,16.0,12.287555,22.999996,6.4,93.0,2024-08-24,2,4065.141992197247,2702.781874897354,9.043837432508335,6.400000000000001,1.0,-0.10369779822804265
2024-08-24,2,SURESTE,0.6399999,6.299999,23.0,9.83,36.0,14.799999,99.0,2024-08-24,2,1709.9581814469116,1377.2745205826875,8.647224497129587,14.799999000000001,1.0,-0.550298312681058
2024-08-24,3,CENTRO,0.78999996,24.400002,9.000002,15.49,42.0,8.099999,32.999992,2024-08-24,3,2207.8829438833586,1630.3927237894266,7.509023024609576,8.099999,1.0,-0.23233823996029065
2024-08-24,3,NORTE,1.0849094,9.499998,16.0,12.692377,25.0,7.8,114.0,2024-08-24,3,3617.063537721601,2538.5845037245645,9.139595612039018,7.8,1.0,-0.22106875995944186
2024-08-24,3,SURESTE,0.62999994,6.299999,19.0,10.61,32.0,10.9,110.0,2024-08-24,3,2198.5117396104124,1664.2695277080443,8.744907465671039,10.9,1.0,-0.3211255595041802
2024-08-24,4,CENTRO,0.83000004,24.2,6.000002,15.15,54.0,6.7999997,50.0,2024-08-24,4,2563.834480843936,1815.5237722003724,7.634442687517,6.7999997,1.0,-0.045085421180885744
2024-08-24,4,NORTE,1.0516249,9.799997,14.000001,12.565487,17.0,1.3000002,337.0,2024-08-24,4,15294.676370553543,5098.807679790983,9.124242357876707,1.3000002,1.0,2.837798800455493
2024-08-24,4,SURESTE,0.62999994,6.200001,18.0,10.589999,25.0,9.4,110.0,2024-08-24,4,2553.5036410501866,1871.5707655231643,8.784939160746674,9.4,1.0,-0.15460446872702216
2024-08-24,5,CENTRO,0.82000005,26.800001,4.000002,16.75,53.0,5.3999996,12.999992,2024-08-24,5,3636.897812595987,2406.36302061182,7.581913091495327,5.3999996,1.0,0.5194131488074362
2024-08-24,5,NORTE,1.1380874,10.699999,12.000001,14.027367,14.0,4.8,122.0,2024-08-24,5,5943.344382078834,3652.835162594329,9.14730847161682,4.8,1.0,0.38828394877335437
2024-08-24,5,SURESTE,0.6399999,7.6000004,15.000001,9.82,22.0,7.7,88.0,2024-08-24,5,3501.495421534072,2463.6008376433556,8.791869212359206,7.7,1.0,0.29008349371298436
2024-08-24,6,CENTRO,1.01,22.2,5.000002,18.519999,59.0,5.2,7.9999924,2024-08-24,6,3767.165205466452,2474.7752777994865,7.436351145265468,5.2,1.0,0.5879419623597718
2024-08-24,6,NORTE,1.13825,14.699999,10.0,15.481953,22.0,3.5,178.0,2024-08-24,6,8108.768446426446,4472.094455891581,9.030448180619397,3.5,1.0,0.9555013689597748
2024-08-24,6,SURESTE,0.66999996,13.8,9.000002,9.98,22.0,5.4999995,34.999992,2024-08-24,6,5013.151561177644,3190.889798080417,8.671781719204015,5.4999995,1.0,0.9991774990480365
2024-08-24,7,CENTRO,0.95000005,22.5,5.000002,20.06,61.0,3.1999998,359.0,2024-08-24,7,6208.044974359452,3546.1825328787854,7.285987095125528,3.1999998,1.0,1.8719977103124978
2024-08-24,7,NORTE,1.1500869,16.199999,9.0,17.502441,25.0,4.4,182.0,2024-08-24,7,6476.090084837593,3863.2551394452016,8.977028263012116,4.4,1.0,0.5278328935317866
2024-08-24,7,SURESTE,0.74999994,21.4,5.000002,10.769999,33.0,1.8000002,312.0,2024-08-24,7,12486.664250306289,5240.462350219417,8.634269886722775,1.8000002,1.0,4.504884192308383
2024-08-24,8,CENTRO,1.03,18.7,10.000002,21.46,63.0,4.0999994,341.0,2024-08-24,8,5032.479634317779,3121.028446887687,7.253786724282457,4.0999994,1.0,1.2535766593407396
2024-08-24,8,NORTE,1.2273556,28.699999,7.0,21.35643,44.0,7.6,266.0,2024-08-24,8,3367.038005786515,2294.0751720027356,8.918841240832418,7.599999999999999,1.0,-0.28656116837030127
2024-08-24,8,SURESTE,0.81999993,25.4,8.000002,14.029999,31.0,2.1999998,296.0,2024-08-24,8,9845.773773451834,4522.990060623486,8.532871910540015,2.1999998,1.0,3.2660842054770765
2024-08-24,9,CENTRO,0.97,23.7,15.000001,24.98,58.0,6.0,336.0,2024-08-24,9,3430.7011918079015,2376.331430153207,7.219674612981918,6.0,1.0,0.4109408022766406
2024-08-24,9,NORTE,1.213091,20.099998,15.0,22.359964,38.0,4.9,285.0,2024-08-24,9,4968.359562849727,2943.007944414295,8.91155983590831,4.9,1.0,0.13289361530965402
2024-08-24,9,SURESTE,0.97999996,34.7,13.000001,19.98,46.0,5.3999996,346.0,2024-08-24,9,4244.8028204795855,2688.5045378541877,8.55538823553874,5.3999996,1.0,0.6387572475454735
2024-08-24,10,CENTRO,0.92,22.0,27.0,23.75,64.0,5.0,55.0,2024-08-24,10,3230.0092014690026,2157.6131410784465,7.208218409567311,5.0,1.0,0.3053642363814636
2024-08-24,10,NORTE,1.3081388,22.5,24.0,22.72728,62.0,2.9,292.0,2024-08-24,10,8263.496371138255,4039.56787325435,8.909143913216463,2.9,1.0,0.9960312474860267
2024-08-24,10,SURESTE,1.02,35.7,24.0,21.66,58.0,6.1999993,58.0,2024-08-24,10,4629.256409395336,3102.9435571024273,8.552425369546068,6.1999993,1.0,0.8190983503137154
2024-08-24,11,CENTRO,1.2,52.5,26.0,30.65,68.0,9.0,39.999992,2024-08-24,11,1855.4925682507749,1425.1085811067944,7.184161343254347,9.0,1.0,-0.4177176646746241
2024-08-24,11,NORTE,1.3009701,18.9,39.0,20.364672,64.0,2.6999998,256.0,2024-08-24,11,9434.265998748717,4591.811172766811,8.864967520815215,2.6999998,1.0,1.3027060179106795
2024-08-24,11,SURESTE,0.9499999,29.2,39.0,22.0,61.0,11.5,62.0,2024-08-24,11,2483.3896789674463,1921.5762930398923,8.52771156587861,11.5,1.0,-0.1874938202794744
2024-08-24,12,CENTRO,0.99,31.5,44.0,28.439999,92.0,10.3,47.999996,2024-08-24,12,1601.1846976589159,1263.0860796779377,7.217942667197592,10.3,1.0,-0.5514995441201616
2024-08-24,12,NORTE,1.1032172,11.599999,48.0,17.510695,50.0,8.2,47.0,2024-08-24,12,2453.621379758335,1708.492409194212,8.871258155460536,8.2,1.0,-0.5258241518668761
2024-08-24,12,SURESTE,0.85999995,21.7,48.0,22.689999,87.0,14.0,78.0,2024-08-24,12,1969.4002200105633,1579.4413125899055,8.508862687483411,14.0,1.0,-0.42859815253698696
2024-08-24,13,CENTRO,0.85,13.000001,55.0,20.31,73.0,14.0,62.0,2024-08-24,13,1157.550858439952,960.4575228076359,7.315435203660605,14.0,1.0,-0.7848787496407174
2024-08-24,13,NORTE,0.98666537,9.999999,59.0,15.960379,30.999998,11.7,41.0,2024-08-24,13,1700.1501237351035,1285.8847060187502,8.849043742225458,11.699999999999998,1.0,-0.7231905841803911
2024-08-24,13,SURESTE,0.7899999,13.3,58.0,23.56,80.0,15.5,109.0,2024-08-24,13,1517.5300280287627,1231.8546286982923,8.477613081028341,15.5,1.0,-0.6405633183712252
2024-08-24,14,CENTRO,0.78999996,9.900001,58.0,23.0,63.0,16.2,68.0,2024-08-24,14,986.3162216614563,838.1954629563402,7.278775956210931,16.2,1.0,-0.8749589012344778
2024-08-24,14,NORTE,0.92607087,8.199999,58.0,15.661541,28.999996,10.5,50.0,2024-08-24,14,1945.7802786409472,1437.639817699885,8.839017655094827,10.5,1.0,-0.6588495134960866
2024-08-24,14,SURESTE,0.73999995,10.5,43.0,20.97,79.0,15.299999,126.0,2024-08-24,14,1361.9676391109153,1096.6992405741794,8.48220506109277,15.299999000000001,1.0,-0.7135351765500665
2024-08-24,15,CENTRO,0.75,8.6,50.0,19.539999,60.0,13.599999,68.0,2024-08-24,15,1173.822625932175,969.6470897316291,7.282218541075759,13.599999,1.0,-0.7763187800576128
2024-08-24,15,NORTE,0.9007596,8.5,65.0,15.433899,27.999998,12.1,57.000004,2024-08-24,15,1720.535788891337,1316.0694710654868,8.793639882154448,12.1,1.0,-0.717850704297701
2024-08-24,15,SURESTE,0.68999994,9.1,36.0,17.09,47.0,14.2,134.0,2024-08-24,15,1350.3025825119046,1073.9206467236065,8.424764506376448,14.200000000000001,1.0,-0.7190070702495178
2024-08-24,16,CENTRO,0.73,8.700001,46.0,15.32,47.0,13.9,81.0,2024-08-24,16,1125.2044348138602,937.0498834258256,7.190594347200936,13.9,1.0,-0.801894995877882
2024-08-24,16,NORTE,0.8866869,8.1,63.0,14.444317,37.0,11.7,68.0,2024-08-24,16,1890.5647071676392,1438.7276562814964,8.812042533347944,11.699999999999998,1.0,-0.6733128394195678
2024-08-24,16,SURESTE,0.6599999,9.000001,39.0,12.91,40.0,14.099999,152.0,2024-08-24,16,1109.2054662851583,874.7925546360447,8.402652278812191,14.099999,1.0,-0.8321019172431365
2024-08-24,17,CENTRO,0.73,9.3,49.0,19.59,40.0,14.0,78.0,2024-08-24,17,1115.2259895922248,928.7236879542522,7.206492445179261,14.0,1.0,-0.807144283493668
2024-08-24,17,NORTE,0.88548094,7.999998,60.0,13.856546,38.0,11.6,63.000004,2024-08-24,17,1856.0008807829229,1410.0354987346504,8.800625227008547,11.6,1.0,-0.6823665877160322
2024-08-24,17,SURESTE,0.6399999,8.800001,42.0,13.009999,37.0,13.9,161.0,2024-08-24,17,1032.0323474770403,810.4130248806192,8.416719648333581,13.9,1.0,-0.8683026076546142
2024-08-24,18,CENTRO,0.71000004,9.400002,50.0,18.34,42.0,13.299999,87.0,2024-08-24,18,1182.2973960948766,974.8301983510426,7.189472848008817,13.299999,1.0,-0.771860519770204
2024-08-24,18,NORTE,0.9033807,8.599998,55.0,13.587713,22.999996,12.7,63.000004,2024-08-24,18,1701.6031522408662,1316.0029177123308,8.837895497529834,12.699999999999998,1.0,-0.7228099737059507
2024-08-24,18,SURESTE,0.65,10.400001,44.0,13.259999,35.0,11.799999,162.0,2024-08-24,18,1215.1933930705713,922.5604443618981,8.447046432833181,11.799999000000001,1.0,-0.7823846557903121
2024-08-24,19,CENTRO,0.6700001,9.0,48.0,15.79,38.0,12.099999,93.0,2024-08-24,19,1307.2517968474292,1063.2838945692376,7.246105240096455,12.099999,1.0,-0.7061266730797252
2024-08-24,19,NORTE,0.9463654,9.599998,48.0,14.431124,19.999996,14.0,62.0,2024-08-24,19,1537.4659955865225,1209.8072383052781,8.83471425488249,14.0,1.0,-0.7658045335647191
2024-08-24,19,SURESTE,0.62999994,11.400001,40.0,12.099999,38.0,11.0,161.0,2024-08-24,19,1310.8500616040617,982.7895904089316,8.47513184563052,11.0,1.0,-0.7375136243112792
2024-08-24,20,CENTRO,0.69000006,11.0,38.0,13.849999,38.0,9.1,112.0,2024-08-24,20,1774.73410752515,1368.9724151560868,7.237957632715522,9.1,1.0,-0.46020167679685287
2024-08-24,20,NORTE,0.9819501,9.099998,46.0,16.041992,19.999996,13.5,63.000004,2024-08-24,20,1591.992848981093,1245.628676499343,8.813049147083648,13.5,1.0,-0.7515216124396742
2024-08-24,20,SURESTE,0.68999994,13.3,35.0,11.61,31.0,9.4,147.0,2024-08-24,20,1764.4158985947768,1285.4361817161944,8.470345058836429,9.4,1.0,-0.5247530582008373
2024-08-24,21,CENTRO,0.72,10.700001,35.0,14.74,34.0,7.5,117.0,2024-08-24,21,2147.7086838739465,1596.9555716915493,7.2121844613983495,7.5,1.0,-0.2639936723288133
2024-08-24,21,NORTE,1.0665079,12.399999,34.0,17.879433,22.0,12.9,50.0,2024-08-24,21,1583.372695928505,1221.5439963852484,8.84516297549336,12.9,1.0,-0.753779600173626
2024-08-24,21,SURESTE,0.76,15.1,32.0,13.67,23.0,9.9,115.0,2024-08-24,21,2275.3277323350644,1688.5678161607013,8.483004112011585,9.9,1.0,-0.28509239129454034
2024-08-24,22,CENTRO,0.83000004,18.1,18.0,19.21,47.0,16.3,68.0,2024-08-24,22,977.9878417465919,830.8021529986969,7.274785925213683,16.3,1.0,-0.8793401510760731
2024-08-24,22,NORTE,1.0193472,8.199999,23.0,17.10768,32.0,19.300001,29.000008,2024-08-24,22,1046.05569425019,863.5700989794971,8.878072098450614,19.300001,1.0,-0.8945259641455706
2024-08-24,22,SURESTE,0.77,13.8,19.0,15.15,36.0,18.0,102.0,2024-08-24,22,1354.6896971574504,1128.4162079703194,8.548995183839486,18.0,1.0,-0.7169491441019697
2024-08-24,23,CENTRO,0.77,7.3,21.0,14.59,69.0,15.5,86.0,2024-08-24,23,1014.9491332784701,855.2653419362061,7.242031429659662,15.5,1.0,-0.8598961950696743
2024-08-24,23,NORTE,1.0462214,6.3999996,20.0,15.923681,46.0,23.6,59.0,2024-08-24,23,899.87066624824,767.1333452698793,8.873840941304003,23.600000000000005,1.0,-0.9328180916869383
2024-08-24,23,SURESTE,0.68,8.200001,19.0,11.74,60.0,15.4,132.0,2024-08-24,23,1293.6518129568228,1040.8858488163357,8.571395298217013,15.4,1.0,-0.7455810509556047
2024-08-25,0,CENTRO,0.80999994,8.500001,17.000002,14.059999,61.0,10.6,61.0,2024-08-25,0,1523.774747597196,1205.2353277228005,7.3696886144451765,10.6,1.0,-0.5922220297551524
2024-08-25,0,NORTE,1.0539827,6.199999,18.0,13.527779,37.0,17.8,62.0,2024-08-25,0,1215.4969024518248,995.2044531633552,8.921615295371552,17.8,1.0,-0.8501420457381813
2024-08-25,0,SURESTE,0.66999996,7.200001,17.000002,11.74,40.0,16.699999,111.0,2024-08-25,0,1396.9065099043164,1144.91188432831,8.599982850725338,16.699999,1.0,-0.6971459044245828
2024-08-25,1,CENTRO,0.78999996,7.2,16.0,12.98,45.0,10.6,70.0,2024-08-25,1,1513.8442343317413,1199.4238582862909,7.374250529316524,10.6,1.0,-0.597446102157707
2024-08-25,1,NORTE,1.0676289,5.699999,18.0,12.5426,22.999996,14.1,64.0,2024-08-25,1,1566.4948698326657,1232.3779770521962,8.962483708873318,14.1,1.0,-0.7582006265832134
2024-08-25,1,SURESTE,0.6399999,6.200001,17.000002,11.369999,36.0,18.4,97.0,2024-08-25,1,1380.4413450194588,1152.3868941366507,8.620574310005384,18.4,1.0,-0.7048694530614167
2024-08-25,2,CENTRO,0.78999996,7.1000004,16.0,12.45,40.0,6.7,60.0,2024-08-25,2,2454.1826860816836,1753.948762226008,7.446188351954867,6.7,1.0,-0.10276913798339696
2024-08-25,2,NORTE,1.0886543,6.0999985,18.0,12.148918,14.999996,12.5,52.000004,2024-08-25,2,1676.2416304081985,1282.270062500675,8.982858877540856,12.5,1.0,-0.7294532438269288
2024-08-25,2,SURESTE,0.6399999,7.000001,17.000002,9.83,28.000002,16.1,100.0,2024-08-25,2,1561.549680194688,1275.5149378012093,8.669835095572891,16.1,1.0,-0.6199143952139047
2024-08-25,3,CENTRO,0.78999996,7.800001,16.0,12.73,42.0,7.6,43.0,2024-08-25,3,2304.7006719554074,1682.134406833124,7.501957048941285,7.599999999999999,1.0,-0.18140604665073645
2024-08-25,3,NORTE,1.0828043,6.299999,19.0,13.157805,22.999996,10.8,54.000004,2024-08-25,3,1957.5150571123684,1452.5668201996737,9.038747159021465,10.800000000000002,1.0,-0.6557756718035477
2024-08-25,3,SURESTE,0.62999994,6.299999,18.0,9.049999,33.0,11.299999,103.0,2024-08-25,3,2188.2352093985146,1677.5967036524949,8.684773718826447,11.299999,1.0,-0.325946117419302
2024-08-25,4,CENTRO,0.77,7.4000006,14.258657,13.11,45.0,7.6,50.0,2024-08-25,4,2270.645919880453,1655.8653315816246,7.701101140417562,7.599999999999999,1.0,-0.19932098072665033
2024-08-25,4,NORTE,1.0889689,6.0999985,18.0,13.8992,22.999996,8.2,77.0,2024-08-25,4,2895.1693797034914,2023.7047421178427,9.10514647249003,8.2,1.0,-0.41016379621602084
2024-08-25,4,SURESTE,0.62,5.800001,18.0,8.73,27.0,11.799999,100.0,2024-08-25,4,2147.272013998393,1658.6158063834955,8.789036965462207,11.799999000000001,1.0,-0.3451613050111332
2024-08-25,5,CENTRO,0.77,6.4000006,13.701482,14.13,46.0,6.7,60.0,2024-08-25,5,2502.1350027545427,1776.910697722408,7.644007514460341,6.7,1.0,-0.07754321385713032
2024-08-25,5,NORTE,1.1205456,7.699999,14.000001,14.799264,19.999996,6.5,88.0,2024-08-25,5,3904.1280888774318,2588.481535070485,9.090485833434023,6.5,1.0,-0.1458742441071212
2024-08-25,5,SURESTE,0.62,5.800001,18.0,8.889999,27.0,9.4,108.0,2024-08-25,5,2584.415361810407,1896.7958552907307,8.76274818537933,9.4,1.0,-0.14010426903820167
2024-08-25,6,CENTRO,0.78999996,14.8,9.000002,16.3,49.0,5.6,65.0,2024-08-25,6,2937.622705242996,1993.6153434288128,7.558573298002493,5.599999999999999,1.0,0.1515506131594424
2024-08-25,6,NORTE,1.1463724,8.199999,14.000001,15.832453,27.999998,5.0,101.0,2024-08-25,6,5460.32503703008,3391.013108887507,9.047770124544146,5.0,1.0,0.2617604694652812
2024-08-25,6,SURESTE,0.62,6.200001,17.000002,9.53,25.0,8.099999,109.0,2024-08-25,6,2982.597967199996,2110.3248332639723,8.705240721309822,8.099999,1.0,0.04667689838855483
2024-08-25,7,CENTRO,0.83000004,20.0,6.000002,18.82,54.0,6.0,79.0,2024-08-25,7,2680.9178164108775,1864.7755014166146,7.503683412205433,6.0,1.0,0.01650775187916742
2024-08-25,7,NORTE,1.1749351,8.599998,13.0,16.750114,27.999998,3.8000002,111.0,2024-08-25,7,7290.734389219665,4141.998950997501,9.050808162147131,3.8000002,1.0,0.7412231704336799
2024-08-25,7,SURESTE,0.65,8.5,14.000001,10.459999,26.000002,6.9999995,121.0,2024-08-25,7,3143.8391935922255,2135.8718305974608,8.643362591267163,6.9999995,1.0,0.12231260947994128
2024-08-25,8,CENTRO,0.85,23.300001,6.000002,22.46,58.0,5.3999996,80.0,2024-08-25,8,2958.0207914350794,2007.147289817737,7.434371631140377,5.3999996,1.0,0.16228128500816644
2024-08-25,8,NORTE,1.1729153,7.199999,18.0,17.33591,29.999998,4.2,65.0,2024-08-25,8,5327.856473033319,3058.4017749676104,8.994523299799567,4.2,1.0,0.22706127203640256
2024-08-25,8,SURESTE,0.66999996,9.7,14.000001,12.0199995,37.0,6.799999,127.0,2024-08-25,8,3101.7052884472864,2087.125864895859,8.632171862288216,6.799999,1.0,0.10254826044837081
2024-08-25,9,CENTRO,0.84000003,16.5,15.000001,23.82,60.0,7.5,70.0,2024-08-25,9,2133.6901082509376,1574.836561573254,7.35278858288597,7.5,1.0,-0.27136832176310244
2024-08-25,9,NORTE,1.1275531,7.199999,21.0,17.616287,25.999998,4.5,53.0,2024-08-25,9,4642.721386468377,2715.748809161351,8.942235228915306,4.5,1.0,0.04759501289623364
2024-08-25,9,SURESTE,0.68999994,10.5,18.0,14.469999,42.0,9.0,97.0,2024-08-25,9,2825.235731371039,2064.9221963111536,8.585108300465832,9.0,1.0,-0.02713923953203368
2024-08-25,10,CENTRO,0.82000005,13.3,23.0,23.55,54.0,8.2,62.999996,2024-08-25,10,1950.216328497409,1472.6685714984005,7.301315125350859,8.2,1.0,-0.3678870296869987
2024-08-25,10,NORTE,1.0787795,7.699999,25.0,18.230299,28.999996,6.3,65.0,2024-08-25,10,3502.4887356144427,2289.5951601770466,8.918639596177178,6.3,1.0,-0.2510808138289787
2024-08-25,10,SURESTE,0.68,9.900001,25.0,17.05,47.0,10.9,81.0,2024-08-25,10,2521.809549019597,1926.7315108395221,8.564297904186766,10.9,1.0,-0.16947166641440606
2024-08-25,11,CENTRO,0.80999994,18.800001,29.0,28.13,54.0,9.6,16.999992,2024-08-25,11,1911.8532225875783,1476.1587994723373,7.249107640991058,9.6,1.0,-0.3880684279191525
2024-08-25,11,NORTE,1.0543063,7.799999,33.0,18.820864,32.0,5.5,48.000004,2024-08-25,11,3729.537829472218,2317.4353667050827,8.941821511870303,5.5,1.0,-0.19160691982638667
2024-08-25,11,SURESTE,0.7,11.400001,32.0,17.43,51.0,11.099999,69.0,2024-08-25,11,2560.55697534806,1962.3006332727314,8.534597580656573,11.099999,1.0,-0.15129586107672321
2024-08-25,12,CENTRO,0.83000004,18.7,40.0,29.8,68.0,10.6,38.0,2024-08-25,12,1599.6274936908337,1262.9953287172377,7.2496959389192615,10.6,1.0,-0.5523187310098367
2024-08-25,12,NORTE,1.0466515,7.2999973,45.0,19.160967,36.0,7.1,43.000004,2024-08-25,12,2824.8901875867987,1898.6847971404125,8.908685737992002,7.099999999999999,1.0,-0.4285729303443174
2024-08-25,12,SURESTE,0.77,10.400001,39.0,19.01,50.0,15.2,81.0,2024-08-25,12,1797.7145955996625,1461.044416840299,8.504267307887696,15.200000000000001,1.0,-0.509133165678719
2024-08-25,13,CENTRO,0.80999994,9.2,46.0,25.769999,64.0,14.0,57.999996,2024-08-25,13,1145.6489794210297,953.9589587570036,7.21567790503291,14.0,1.0,-0.7911398839909013
2024-08-25,13,NORTE,1.0070143,7.199999,48.0,18.95163,30.999998,8.5,37.0,2024-08-25,13,2363.370069066722,1664.8746107471854,8.849950192869946,8.5,1.0,-0.5494648402945088
2024-08-25,13,SURESTE,0.7899999,10.5,40.0,23.0,60.0,18.8,93.0,2024-08-25,13,1356.8273644706894,1137.1963139543536,8.503735247205809,18.8,1.0,-0.7159463981483987
2024-08-25,14,CENTRO,0.77,7.7,39.0,24.75,61.0,15.099999,69.0,2024-08-25,14,1050.278095721062,884.6110257679078,7.230167047755012,15.099999,1.0,-0.841310946475398
2024-08-25,14,NORTE,0.9610089,7.0,50.0,18.838318,37.0,12.1,57.000004,2024-08-25,14,1740.5058199584983,1328.2012614606322,8.868123349422964,12.1,1.0,-0.7126196968061634
2024-08-25,14,SURESTE,0.76,9.1,30.0,29.77,77.0,16.4,118.0,2024-08-25,14,1352.2701852770142,1102.4044290687602,8.476820783388872,16.4,1.0,-0.7180840988878239
2024-08-25,15,CENTRO,0.73,7.3,34.0,17.289999,50.0,13.0,83.0,2024-08-25,15,1193.682688974961,984.6731945863172,7.189176709346176,13.0,1.0,-0.765871142107646
2024-08-25,15,NORTE,0.9578982,7.0,43.0,18.053883,42.0,11.9,58.000004,2024-08-25,15,1774.0845990317573,1349.5268295775945,8.826224374179043,11.9,1.0,-0.7038239746413771
2024-08-25,15,SURESTE,0.72999996,8.900001,30.0,27.65,60.0,14.099999,124.0,2024-08-25,15,1499.1062744281544,1191.0300766965122,8.464125355543958,14.099999,1.0,-0.6492056100216542
2024-08-25,16,CENTRO,0.72,6.300001,36.0,17.57,46.0,11.299999,96.0,2024-08-25,16,1388.720673612942,1119.588994273202,7.188611432041807,11.299999,1.0,-0.6632689375930435
2024-08-25,16,NORTE,0.94332,6.3999996,45.0,17.598866,27.999998,11.7,69.0,2024-08-25,16,1911.580174735154,1453.2839439547008,8.837378283684666,11.699999999999998,1.0,-0.6678079872781705
2024-08-25,16,SURESTE,0.6599999,8.3,32.0,23.41,53.0,13.2,152.0,2024-08-25,16,1188.5576139362022,926.4319764070949,8.43560926418774,13.200000000000001,1.0,-0.7948790788381773
2024-08-25,17,CENTRO,0.71000004,6.700001,38.0,18.769999,41.0,10.1,99.0,2024-08-25,17,1552.0501452672977,1228.6148497322945,7.136397129012545,10.1,1.0,-0.5773473983346914
2024-08-25,17,NORTE,0.94536453,7.0999985,45.0,18.086407,38.0,11.0,74.0,2024-08-25,17,2069.0867063224478,1554.8358871484706,8.826736470493179,11.0,1.0,-0.6265502724589849
2024-08-25,17,SURESTE,0.6599999,8.5,33.0,16.39,47.0,13.099999,146.0,2024-08-25,17,1303.2582730263885,1014.5613955877245,8.49131214687776,13.099999,1.0,-0.7410748123546582
2024-08-25,18,CENTRO,0.73,7.6000013,36.0,17.98,44.0,13.2,72.0,2024-08-25,18,1181.8225208211045,976.7999949891255,7.215700572449388,13.199999999999998,1.0,-0.7721103339284509
2024-08-25,18,NORTE,0.9920585,8.1,38.0,18.126282,67.0,10.6,35.000008,2024-08-25,18,1873.8717917177155,1395.484234138834,8.832390619173788,10.6,1.0,-0.67768542980165
2024-08-25,18,SURESTE,0.7099999,9.7,32.0,14.9,42.0,12.2,138.0,2024-08-25,18,1525.2224700192671,1173.7536995163719,8.493515675288378,12.200000000000001,1.0,-0.6369549154025841
2024-08-25,19,CENTRO,0.74,7.6000013,33.0,19.48,43.0,13.1,87.0,2024-08-25,19,1200.7112021609535,989.9536008489614,7.309224528950733,13.1,1.0,-0.7621737036385122
2024-08-25,19,NORTE,0.9947617,8.5,32.0,16.757437,68.0,11.2,357.0,2024-08-25,19,1699.6472345705113,1254.6612973097,8.848907717848595,11.199999999999998,1.0,-0.7233223124174953
2024-08-25,19,SURESTE,0.7899999,11.700001,28.0,13.179999,40.0,11.4,130.0,2024-08-25,19,1774.1354333098861,1352.3891541745538,8.539865839797699,11.4,1.0,-0.5201937780706649
2024-08-25,20,CENTRO,0.78999996,8.000001,30.0,20.22,48.0,14.0,118.0,2024-08-25,20,1157.0097061777528,962.9937229235547,7.254682259391138,14.0,1.0,-0.7851634296489873
2024-08-25,20,NORTE,1.0786915,7.499998,30.0,17.155384,35.0,14.700001,50.0,2024-08-25,20,1391.1969587670576,1099.2187492528349,8.871994196453624,14.700001,1.0,-0.804118666617861
2024-08-25,20,SURESTE,0.68999994,8.000001,27.0,15.219999,44.0,18.9,148.0,2024-08-25,20,870.5396862935282,721.0269836859803,8.499224194095431,18.9,1.0,-0.9440562628329895
2024-08-25,21,CENTRO,0.78999996,7.1000004,26.0,16.67,53.0,12.5,126.0,2024-08-25,21,1295.2219119581277,1056.3683833970704,7.246755734169357,12.5,1.0,-0.7124551465408834
2024-08-25,21,NORTE,1.1116012,9.299999,25.0,16.256527,26.999998,15.0,92.0,2024-08-25,21,1689.0240625117938,1359.0098560645629,8.877351560193668,15.0,1.0,-0.7261049767226312
2024-08-25,21,SURESTE,0.62999994,6.200001,27.0,13.679999,45.0,20.3,153.0,2024-08-25,21,771.6979301733585,644.0174934773099,8.528428065621346,20.3,1.0,-0.9904213685627404
2024-08-25,22,CENTRO,0.76,5.700001,28.0,15.2699995,54.0,13.7,121.0,2024-08-25,22,1182.8631228508168,979.5035413214617,7.300405202247855,13.699999999999998,1.0,-0.7715629120379456
2024-08-25,22,NORTE,1.1167823,10.099998,23.0,15.63231,27.536366,13.900001,88.0,2024-08-25,22,1792.8171060580119,1416.6185254504353,8.912131910788904,13.900001,1.0,-0.6989171277636701
2024-08-25,22,SURESTE,0.6399999,6.700001,26.0,11.249999,37.0,15.0,137.0,2024-08-25,22,1269.3218077709994,1013.1245889760503,8.599043607630625,15.0,1.0,-0.7569938718839846
2024-08-25,23,CENTRO,0.7800001,6.1000004,24.0,14.67,43.0,10.5,119.0,2024-08-25,23,1560.255316328005,1234.5793363342907,7.38394679820949,10.5,1.0,-0.57303096407287
2024-08-25,23,NORTE,1.0980058,8.999998,22.0,14.35388,22.0,13.7,70.0,2024-08-25,23,1652.069584187161,1294.47233086246,8.933707291873892,13.699999999999998,1.0,-0.7357849392781172
2024-08-25,23,SURESTE,0.65,6.6000004,24.0,10.799999,37.0,14.9,119.0,2024-08-25,23,1486.8172724030715,1191.727379573186,8.615880750713325,14.9,1.0,-0.6549701866598249
2024-08-26,0,CENTRO,0.76,5.4000015,24.0,13.98,39.0,8.8,116.0,2024-08-26,0,1880.8617128478343,1433.1672071764594,7.471842821306924,8.8,1.0,-0.40437190452877647
2024-08-26,0,NORTE,1.0133588,5.3999977,23.0,12.659508,25.999998,16.5,63.000004,2024-08-26,0,1338.8645638190492,1081.4066058543012,9.013160254296245,16.5,1.0,-0.817826764972965
2024-08-26,0,SURESTE,0.62999994,5.8999996,21.0,10.94,36.0,15.0,113.0,2024-08-26,0,1550.849326775012,1245.6168445427134,8.686622594855663,15.0,1.0,-0.6249337618978171
2024-08-26,1,CENTRO,0.75,5.4000015,22.0,13.9,42.0,7.6,78.0,2024-08-26,1,2158.7516614753977,1584.4953306120474,7.626362066943978,7.599999999999999,1.0,-0.2581843739584608
2024-08-26,1,NORTE,1.0030417,6.0,20.0,12.038434,22.0,13.7,59.0,2024-08-26,1,1595.532400362551,1243.5782903458064,9.102433675702088,13.699999999999998,1.0,-0.7505944521497968
2024-08-26,1,SURESTE,0.60999995,5.200001,20.0,10.74,30.0,15.699999,115.0,2024-08-26,1,1477.487645017167,1193.9513178112672,8.787358916989929,15.699998999999998,1.0,-0.6593465674238486
2024-08-26,2,CENTRO,0.75,5.300001,20.0,14.0,45.0,10.799999,62.999996,2024-08-26,2,1586.1880711625834,1245.539907166311,7.804911401538663,10.799999,1.0,-0.5593887096161128
2024-08-26,2,NORTE,0.97361827,6.499998,19.0,12.280584,22.999996,10.5,61.000004,2024-08-26,2,2117.6421830441323,1564.2135992582043,9.238939423841229,10.5,1.0,-0.6138315109491956
2024-08-26,2,SURESTE,0.62,5.800001,19.0,10.759999,29.0,12.2,111.0,2024-08-26,2,1968.7184710210834,1523.4363751468306,8.893461488909734,12.200000000000001,1.0,-0.4289179502137903
2024-08-26,3,CENTRO,0.76,5.8999996,18.0,14.04,44.0,9.2,55.0,2024-08-26,3,1943.6059393774324,1466.2355097896784,7.926473630706751,9.2,1.0,-0.3713645086902188
2024-08-26,3,NORTE,0.94771266,5.799999,18.0,13.041233,23.999996,5.9,38.0,2024-08-26,3,3575.18627622076,2254.522092202253,9.303717179942154,5.900000000000001,1.0,-0.2320382105276082
2024-08-26,3,SURESTE,0.6399999,6.0,18.0,11.0199995,30.0,11.2,95.0,2024-08-26,3,2361.304662663137,1805.3262031566908,8.921030583241203,11.2,1.0,-0.24476197203191577
2024-08-26,4,CENTRO,0.77,11.1,14.000002,15.099999,45.0,6.7,61.0,2024-08-26,4,2641.493073960082,1849.9854971999791,7.913976128999794,6.7,1.0,-0.004232133714812156
2024-08-26,4,NORTE,0.9930637,8.399998,17.0,14.09724,19.999996,5.2,135.0,2024-08-26,4,5687.469078250688,3578.352172546238,9.264828558292258,5.2,1.0,0.32125923425373254
2024-08-26,4,SURESTE,0.62,6.200001,16.000002,10.809999,33.0,8.299999,101.0,2024-08-26,4,3084.1746380256277,2204.581107830384,8.91696782785085,8.299999,1.0,0.09432490938484546
2024-08-26,5,CENTRO,0.78999996,19.900002,6.000002,18.64,52.0,5.8999996,38.0,2024-08-26,5,3044.3799889289926,2070.4429183879847,7.57470088713707,5.8999996,1.0,0.20771163571361523
2024-08-26,5,NORTE,1.038606,9.499998,14.000001,15.148966,26.999998,4.6000004,153.0,2024-08-26,5,6207.304767264673,3754.6012818345603,9.10524681848293,4.6000004,1.0,0.45742649280508557
2024-08-26,5,SURESTE,0.62999994,7.800001,14.000001,10.99,26.000002,7.1999993,71.0,2024-08-26,5,4026.385278007355,2785.8869813061197,8.747535145966992,7.1999993,1.0,0.5363010301787441
2024-08-26,6,CENTRO,0.83000004,20.900002,6.000002,17.31,59.0,4.8999996,82.0,2024-08-26,6,3164.870157084852,2111.486788638918,7.263233345345192,4.8999996,1.0,0.27109701624896604
2024-08-26,6,NORTE,1.1196733,15.799999,9.0,16.56176,46.0,3.9,154.0,2024-08-26,6,7217.319578792569,4147.579519663579,8.968147587144118,3.9,1.0,0.7219926834082767
2024-08-26,6,SURESTE,0.6399999,11.700001,11.000002,10.709999,25.0,2.7999997,63.0,2024-08-26,6,10193.754393279552,5280.0728401052465,8.554439947382507,2.7999997,1.0,3.429316414854264
2024-08-26,7,CENTRO,0.93,26.2,5.000002,17.22,54.0,3.0,92.0,2024-08-26,7,5242.104133823325,3011.413377475611,7.230912990435142,3.0,1.0,1.3638522849295764
2024-08-26,7,NORTE,1.2764567,28.3,5.0,18.270157,37.0,4.2,165.0,2024-08-26,7,6650.551946721797,3916.616096280628,8.882210626073777,4.2,1.0,0.5735319364343562
2024-08-26,7,SURESTE,0.8899999,26.3,4.0,11.0,29.0,1.8000002,222.0,2024-08-26,7,7780.127424242917,3089.403143446425,8.533061588159665,1.8000002,1.0,2.297122147934252
2024-08-26,8,CENTRO,1.23,34.7,7.000002,18.539999,54.0,4.5,27.999992,2024-08-26,8,3820.4937778130443,2471.7648334809705,7.257831226487362,4.5,1.0,0.6159961339434916
2024-08-26,8,NORTE,1.4107877,33.899998,6.0,20.09195,61.0,4.4,161.0,2024-08-26,8,6316.565277679633,3773.8251791729017,8.89341061915837,4.4,1.0,0.48604650579293274
2024-08-26,8,SURESTE,0.97999996,37.6,6.000002,11.91,38.0,2.3999996,24.0,2024-08-26,8,10817.835217172578,5211.716039436906,8.559716465324666,2.3999996,1.0,3.722062866551571
2024-08-26,9,CENTRO,1.2900001,29.5,12.000002,20.349998,62.0,4.2,341.0,2024-08-26,9,4896.255215832493,3074.501101672701,7.243229512268921,4.2,1.0,1.1819140769404282
2024-08-26,9,NORTE,1.3619006,33.399998,10.0,19.781126,57.0,4.0,203.0,2024-08-26,9,6983.110350354652,4033.0736182021988,8.906368637055245,4.0,1.0,0.6606432431181916
2024-08-26,9,SURESTE,0.96999997,36.4,13.000001,14.25,48.0,3.8999996,356.0,2024-08-26,9,5938.89315953122,3405.7165893828314,8.566311622496535,3.8999996,1.0,1.4334282526860889
2024-08-26,10,CENTRO,1.23,34.5,17.000002,29.41,62.0,5.0,9.999992,2024-08-26,10,3729.561366188397,2467.501627350891,7.2490302381084115,5.0,1.0,0.5681599859652625
2024-08-26,10,NORTE,1.2770116,26.0,21.0,19.031633,50.0,3.7000003,309.0,2024-08-26,10,6060.030502053505,3239.0906511079597,8.92816262284014,3.7000003,1.0,0.41884904732994416
2024-08-26,10,SURESTE,0.90999997,28.8,27.0,15.08,55.0,5.799999,67.0,2024-08-26,10,4945.567756795351,3242.739019445099,8.576469791806655,5.799999,1.0,0.9674750044869913
2024-08-26,11,CENTRO,1.09,31.3,34.0,25.539999,78.0,7.7,23.0,2024-08-26,11,2315.8716292464433,1713.1549536771608,7.276724164939001,7.7,1.0,-0.17552942294214863
2024-08-26,11,NORTE,1.1870112,22.4,34.0,18.758587,49.0,2.2000003,311.0,2024-08-26,11,10170.298397517125,4397.795245164464,8.947590743275963,2.2000003,1.0,1.4955044656959258
2024-08-26,11,SURESTE,1.03,18.1,39.0,21.18,52.0,8.599999,78.0,2024-08-26,11,3235.407999096586,2349.108485751544,8.577725770211243,8.599999,1.0,0.16526608901540182
2024-08-26,12,CENTRO,0.92,16.300001,58.0,20.369999,78.070114,10.0,68.0,2024-08-26,12,1590.056036355573,1250.1651525046432,7.2567100522913535,10.0,1.0,-0.557353917488194
2024-08-26,12,NORTE,1.0453277,13.699999,54.0,17.425386,50.0,7.0,72.0,2024-08-26,12,3260.1766507666753,2195.9963006540493,8.909115378311563,7.0,1.0,-0.31455273967956354
2024-08-26,12,SURESTE,0.76,12.3,48.0,21.48,88.0,13.9,79.0,2024-08-26,12,2001.449151573677,1601.1125957447557,8.5818891899055,13.9,1.0,-0.4135645052326763
2024-08-26,13,CENTRO,0.85,13.1,62.0,21.619999,292.0,12.9,53.999996,2024-08-26,13,1246.9772791648102,1026.2611998515627,7.271808440167475,12.9,1.0,-0.7378348472683073
2024-08-26,13,NORTE,0.9218992,9.599998,55.0,16.222784,37.0,7.8,48.000004,2024-08-26,13,2610.7110174341237,1793.9434664852618,8.904649193282673,7.8,1.0,-0.484675639440362
2024-08-26,13,SURESTE,0.77,11.400001,51.0,23.57,75.0,15.099999,101.0,2024-08-26,13,1630.1581658946677,1320.2151250157995,8.510568321940758,15.099999,1.0,-0.5877312388404967
2024-08-26,14,CENTRO,0.8000001,10.000001,48.0,21.07,64.0,14.4,61.0,2024-08-26,14,1105.7970226028392,925.3487312487049,7.285715873090256,14.4,1.0,-0.8121045111190819
2024-08-26,14,NORTE,0.89221853,8.999998,64.0,15.627571,38.0,8.5,57.000004,2024-08-26,14,2486.1357409451703,1753.0853528932846,8.885239407149758,8.5,1.0,-0.5173072463909215
2024-08-26,14,SURESTE,0.74999994,9.600001,36.0,22.949999,68.0,15.4,108.0,2024-08-26,14,1543.275607331287,1250.605687084493,8.523709211548123,15.4,1.0,-0.6284864739960204
2024-08-26,15,CENTRO,0.7800001,9.0,39.0,15.179999,56.0,14.4,75.0,2024-08-26,15,1095.5095460835732,916.7792511773853,7.26774634648246,14.4,1.0,-0.8175163685668918
2024-08-26,15,NORTE,0.896971,8.5,66.0,14.855429,40.0,9.9,52.000004,2024-08-26,15,2104.795068582493,1533.7681738417734,8.910175381957206,9.9,1.0,-0.6171967211367744
2024-08-26,15,SURESTE,0.68999994,8.400001,35.0,16.279999,66.0,14.4,135.0,2024-08-26,15,1331.9770320054672,1059.0533233727724,8.553145195081452,14.4,1.0,-0.7276032963804443
2024-08-26,16,CENTRO,0.77,9.900001,41.0,14.17,49.0,13.599999,70.0,2024-08-26,16,1170.6064471947604,969.5528621102037,7.2834410306319874,13.599999,1.0,-0.7780106916572134
2024-08-26,16,NORTE,0.870536,7.699999,60.0,13.437586,43.0,9.6,61.000004,2024-08-26,16,2243.772359628933,1632.0115814457934,8.911449633060032,9.6,1.0,-0.5807926089862943
2024-08-26,16,SURESTE,0.6599999,7.9000006,39.0,11.68,50.0,13.9,117.0,2024-08-26,16,1609.3864549946702,1276.463931479616,8.570841920261762,13.9,1.0,-0.5974749201536385
2024-08-26,17,CENTRO,0.77,10.200001,44.0,15.65,43.0,11.9,91.0,2024-08-26,17,1349.2228775304184,1093.9826065849913,7.357934233986982,11.9,1.0,-0.6840472539761691
2024-08-26,17,NORTE,0.8602532,8.995157,56.0,11.476243,28.999996,9.7,65.0,2024-08-26,17,2265.5945939567086,1655.1473404263925,8.915739352434668,9.7,1.0,-0.5750764300346053
2024-08-26,17,SURESTE,0.7,10.1,42.0,12.41,45.0,11.4,136.0,2024-08-26,17,1660.7077602585946,1263.7088396938675,8.54449692937954,11.4,1.0,-0.5734009069212378
2024-08-26,18,CENTRO,0.7800001,11.400002,39.0,14.34,46.0,10.9,116.0,2024-08-26,18,1551.2996585949627,1227.464739718343,7.43346641201952,10.9,1.0,-0.5777422013633595
2024-08-26,18,NORTE,0.89606047,8.1,49.0,10.30687,26.999998,11.3,63.000004,2024-08-26,18,1926.4671306074847,1451.8186893185507,8.889734230147642,11.300000000000002,1.0,-0.6639084551526344
2024-08-26,18,SURESTE,0.6599999,10.400001,39.0,11.16,48.0,9.9,175.0,2024-08-26,18,1355.5070431331696,987.8025039470939,8.580728297617883,9.9,1.0,-0.7165657400218567
2024-08-26,19,CENTRO,0.80999994,10.6,32.0,13.2699995,45.0,9.5,136.0,2024-08-26,19,1772.5235311452063,1362.1370463329354,7.276293460967799,9.5,1.0,-0.46136457852725743
2024-08-26,19,NORTE,0.98565775,12.399999,37.0,9.939667,17.999996,11.3,92.0,2024-08-26,19,2244.7308976731156,1712.4518160486996,8.902962012234456,11.300000000000002,1.0,-0.5805415267684859
2024-08-26,19,SURESTE,0.66999996,11.5,36.0,10.03,39.0,9.099999,167.0,2024-08-26,19,1533.074049167869,1100.1628118846422,8.557500163021277,9.099999,1.0,-0.6332718637080367
2024-08-26,20,CENTRO,0.84000003,13.6,27.0,13.23,39.0,8.2,124.0,2024-08-26,20,1990.917319021527,1498.0781429232372,7.2470018410300305,8.2,1.0,-0.34647575761374727
2024-08-26,20,NORTE,1.050317,15.299999,28.0,10.510974,20.999996,9.7,105.0,2024-08-26,20,2785.831776026133,2063.607748886308,8.899329019316797,9.7,1.0,-0.43880400323520397
2024-08-26,20,SURESTE,0.77,18.7,26.0,8.75,30.0,5.7,192.0,2024-08-26,20,2178.777665757057,1349.5519727876585,8.549610207970241,5.7,1.0,-0.33038250167725464
2024-08-26,21,CENTRO,0.82000005,12.400001,27.0,13.469999,40.0,8.5,114.0,2024-08-26,21,1919.665348073596,1457.181975521444,7.315237461677185,8.5,1.0,-0.38395876026493686
2024-08-26,21,NORTE,1.074457,16.399998,24.0,11.472774,6.999996,9.3,81.0,2024-08-26,21,2554.2958284882834,1850.434302346277,8.928088569441583,9.3,1.0,-0.4994531966219064
2024-08-26,21,SURESTE,0.68,13.400001,28.0,8.74,25.0,7.5999994,177.0,2024-08-26,21,1750.9631241365141,1195.6930881722296,8.600003768266445,7.599999399999999,1.0,-0.5310635420954932
2024-08-26,22,CENTRO,0.8000001,11.8,27.0,13.36,38.0,12.3,83.0,2024-08-26,22,1296.6553647593003,1051.2316805043804,7.401659559358694,12.300000000000002,1.0,-0.711701060521481
2024-08-26,22,NORTE,1.0389799,12.299999,27.0,12.598564,34.0,16.7,28.0,2024-08-26,22,1228.2245364889825,989.407085071897,9.000288473431365,16.7,1.0,-0.846808132597335
2024-08-26,22,SURESTE,0.7199999,14.000001,23.0,10.689999,32.0,15.699999,92.0,2024-08-26,22,1646.332108076574,1342.0916787590684,8.599526004076209,15.699998999999998,1.0,-0.5801442981712188
2024-08-26,23,CENTRO,0.78999996,8.8,22.0,11.72,60.0,13.7,74.0,2024-08-26,23,1184.1564724333414,973.643595118862,7.530148708750171,13.699999999999998,1.0,-0.7708825290929445
2024-08-26,23,NORTE,0.9959891,9.799997,21.0,11.659727,34.0,17.300001,39.000004,2024-08-26,23,1180.0709176715463,956.8220002409084,9.054159852134473,17.300001,1.0,-0.8594216302895273
2024-08-26,23,SURESTE,0.65,7.6000004,22.0,8.87,64.0,15.299999,122.0,2024-08-26,23,1433.488370894114,1152.541868733046,8.66329623197329,15.299999000000001,1.0,-0.6799859315633063
2024-08-27,0,CENTRO,0.78999996,8.000001,19.0,9.719999,51.0,14.1,73.0,2024-08-27,0,1178.7457732764274,969.2041627096384,7.659395773783195,14.1,1.0,-0.7737288959814002
2024-08-27,0,NORTE,0.9962246,9.299999,18.0,11.644575,11.999996,16.2,33.0,2024-08-27,0,1282.3339238180197,1026.5241732789734,9.117198395914635,16.2,1.0,-0.8326345637366366
2024-08-27,0,SURESTE,0.66999996,8.200001,18.0,7.239999,32.0,15.699999,88.0,2024-08-27,0,1713.9173744468922,1395.1543845028264,8.717620935877344,15.699998999999998,1.0,-0.548441117814696
2024-08-27,1,CENTRO,0.78999996,7.7,17.000002,10.4,44.0,9.4,56.0,2024-08-27,1,1868.17393023063,1422.0068414005461,7.852792959699795,9.4,1.0,-0.4110464734305395
2024-08-27,1,NORTE,0.99516255,7.0,18.0,12.025747,20.999996,13.4,64.0,2024-08-27,1,1698.3748802740931,1317.612685315368,9.224807865518148,13.4,1.0,-0.7236555965688355
2024-08-27,1,SURESTE,0.6399999,6.8999996,18.0,7.96,24.0,13.099999,100.0,2024-08-27,1,1949.5407623417384,1534.889871100018,8.855113028376289,13.099999,1.0,-0.437913910276369
2024-08-27,2,CENTRO,0.78999996,6.9000006,18.0,11.349999,40.0,7.2999997,49.0,2024-08-27,2,2497.703089296444,1783.9934122246336,7.961969021631172,7.2999997,1.0,-0.07987467811965795
2024-08-27,2,NORTE,0.98293257,6.5999985,20.0,12.779198,19.999996,9.2,56.0,2024-08-27,2,2391.396107365671,1704.7925147751664,9.299843652123746,9.2,1.0,-0.5421236190511931
2024-08-27,2,SURESTE,0.62,6.200001,20.0,9.53,28.000002,14.299999,104.0,2024-08-27,2,1759.622033286214,1405.6913488159387,8.923405011930893,14.299999000000001,1.0,-0.5270017846562381
2024-08-27,3,CENTRO,0.7800001,5.8999996,20.0,12.42,39.0,8.3,62.999996,2024-08-27,3,2149.7204724223843,1581.8450124048743,8.016748016251368,8.3,1.0,-0.2629353454574088
2024-08-27,3,NORTE,0.9753814,5.699999,21.0,13.401803,19.999996,9.5,60.000004,2024-08-27,3,2379.0182440598815,1710.1253974381052,9.335407886219082,9.5,1.0,-0.5453659122386226
2024-08-27,3,SURESTE,0.60999995,5.8999996,21.0,9.889999,26.000002,12.299999,104.0,2024-08-27,3,2046.7801745945355,1589.698263831527,8.92806983931677,12.299999000000001,1.0,-0.39230043873182835
2024-08-27,4,CENTRO,0.76,6.500001,19.0,12.66,32.0,5.5,53.999996,2024-08-27,4,3292.587546133225,2175.9471172761846,7.973989728040482,5.5,1.0,0.33828436796168637
2024-08-27,4,NORTE,0.98788,5.1179924,20.0,14.281973,41.0,7.5,63.000004,2024-08-27,4,3041.8806102264703,2069.09284180171,9.26667205499748,7.5,1.0,-0.37173383366977447
2024-08-27,4,SURESTE,0.60999995,5.8999996,19.0,9.389999,26.000002,7.9999995,124.0,2024-08-27,4,2755.118869749315,1930.8530106127625,8.933013161608287,7.9999995,1.0,-0.06002995121239981
2024-08-27,5,CENTRO,0.76,7.1000004,16.0,12.15,33.0,2.3000002,9.0,2024-08-27,5,8749.713735857811,4299.123425514515,7.587090769236619,2.3000002,1.0,3.209074785630304
2024-08-27,5,NORTE,1.0301595,6.999094,19.0,14.763575,19.999996,4.0,97.0,2024-08-27,5,6759.815249886411,3889.8899369603946,9.116501574084172,4.0,1.0,0.6021526809630962
2024-08-27,5,SURESTE,0.60999995,6.1000004,18.0,9.19,19.0,5.9999995,106.0,2024-08-27,5,4129.382324288259,2707.8478564720813,8.812861793539653,5.9999995,1.0,0.5846153168539047
2024-08-27,6,CENTRO,0.83000004,17.800001,7.000002,16.869999,36.0,3.2999997,26.999992,2024-08-27,6,5260.086937376571,3070.9553840050944,7.23160409998221,3.2999996999999994,1.0,1.373312366725134
2024-08-27,6,NORTE,1.0717918,9.399998,15.0,15.545439,15.999996,3.2000003,143.0,2024-08-27,6,8916.471508698576,4813.278589555645,8.944284594981635,3.2000003,1.0,1.1670734368986693
2024-08-27,6,SURESTE,0.66999996,14.000001,10.000002,9.4,22.0,3.1999993,147.0,2024-08-27,6,5241.149586748751,2768.376218537299,8.559442347840847,3.1999992999999995,1.0,1.1061277696292946
2024-08-27,7,CENTRO,0.91,21.2,7.000002,15.36,58.0,1.8999996,222.0,2024-08-27,7,10433.009827532767,4837.210826514371,7.232206112691345,1.8999996,1.0,4.094594035520214
2024-08-27,7,NORTE,1.0955468,12.599998,9.0,17.483889,25.0,4.0,251.00002,2024-08-27,7,6391.114728957065,3617.994225300555,8.859513939131391,4.0,1.0,0.5055742039127179
2024-08-27,7,SURESTE,0.79999995,24.1,4.0,9.259999,27.0,1.8000002,299.0,2024-08-27,7,12276.560327643045,5156.425647326424,8.551764717907275,1.8000002,1.0,4.406327762608033
2024-08-27,8,CENTRO,0.97,26.6,7.000002,15.59,60.0,3.8999999,29.0,2024-08-27,8,4393.568431009023,2717.3431151714403,7.299024485950295,3.8999999,1.0,0.9174693207100985
2024-08-27,8,NORTE,1.1932809,25.099998,6.0,18.095785,27.999998,7.0,248.0,2024-08-27,8,3683.4912819307488,2471.734411087566,8.906009837337377,7.0,1.0,-0.20366848519595435
2024-08-27,8,SURESTE,0.8899999,24.8,7.000002,11.73,34.0,2.3999996,285.0,2024-08-27,8,8591.016093854725,4062.2654900187413,8.533949632933028,2.3999996,1.0,2.677497207801653
2024-08-27,9,CENTRO,1.07,28.2,11.0,18.449999,51.0,3.1,14.999992,2024-08-27,9,5865.198320981899,3359.664991279971,7.293172448311316,3.1,1.0,1.691638881685941
2024-08-27,9,NORTE,1.0768063,17.3,14.000001,18.580458,30.999998,7.2000003,269.0,2024-08-27,9,3530.809678388716,2367.682566795023,8.94783626243177,7.2000003,1.0,-0.2436623444574793
2024-08-27,9,SURESTE,1.0,28.7,10.000002,20.31,41.0,3.0999994,306.0,2024-08-27,9,7168.084067654979,3770.2557274959318,8.560262848001505,3.0999994000000006,1.0,2.0100222819131464
2024-08-27,10,CENTRO,1.0400001,25.5,16.0,23.33,57.0,4.3999996,353.0,2024-08-27,10,4599.8014145821235,2936.0508626651954,7.299799161019852,4.3999996,1.0,1.0259607963449595
2024-08-27,10,NORTE,1.041471,15.099999,22.0,18.319923,41.0,4.4,311.0,2024-08-27,10,5052.040457571292,2867.795248433701,8.933132286070045,4.4,1.0,0.15481323004209566
2024-08-27,10,SURESTE,0.9499999,26.8,20.0,20.539999,93.0,5.799999,34.0,2024-08-27,10,4678.418320092485,3037.6097297239176,8.575317506189407,5.799999,1.0,0.8421594256812823
2024-08-27,11,CENTRO,1.2,42.6,23.0,34.05,61.0,7.0,49.0,2024-08-27,11,2350.7137763805285,1709.5299151999347,7.321489056810564,7.0,1.0,-0.15720026971276724
2024-08-27,11,NORTE,1.1143975,15.4,34.0,19.810923,34.0,3.1,108.0,2024-08-27,11,8734.388796644955,4640.723910834266,8.91878812431797,3.1,1.0,1.1193781665393652
2024-08-27,11,SURESTE,1.06,23.1,37.0,24.289999,71.0,8.799999,59.0,2024-08-27,11,3286.2758977306885,2397.8401474183715,8.600806490524908,8.799999,1.0,0.18912741636325883
2024-08-27,12,CENTRO,1.0500001,20.2,58.0,26.449999,73.0,9.799999,62.999996,2024-08-27,12,1638.445563913787,1282.9851879086195,7.325217836749678,9.799999,1.0,-0.5318979930327173
2024-08-27,12,NORTE,1.0016685,13.999999,52.0,19.414799,41.0,6.0,65.0,2024-08-27,12,3664.826548209277,2365.438070690963,8.862502487183404,6.0,1.0,-0.20855757933888347
2024-08-27,12,SURESTE,0.93999994,17.2,47.0,26.689999,110.0,14.9,83.0,2024-08-27,12,1824.6741547988247,1477.3916529997794,8.550152329608222,14.9,1.0,-0.4964868625193849
2024-08-27,13,CENTRO,0.91,13.3,61.0,22.99,75.0,12.6,63.999996,2024-08-27,13,1267.0206474318381,1037.7904531687875,7.296794657135217,12.6,1.0,-0.7272907792811804
2024-08-27,13,NORTE,0.9233521,10.299999,56.0,19.345903,53.784206,12.0,55.000004,2024-08-27,13,1737.9067675080348,1322.4005251495614,8.854371270483002,12.0,1.0,-0.7133005000955298
2024-08-27,13,SURESTE,0.78,10.900001,48.0,25.98,107.0,17.3,110.0,2024-08-27,13,1353.1797477376801,1116.4517426824627,8.508824098413616,17.3,1.0,-0.7176574375119847
2024-08-27,14,CENTRO,0.84000003,11.700001,44.0,21.88,62.0,14.7,72.0,2024-08-27,14,1076.1781094532175,902.7424578400025,7.2747037557372485,14.699999999999998,1.0,-0.8276859158906626
2024-08-27,14,NORTE,0.8694622,8.299999,56.0,17.815212,119.0,13.7,66.0,2024-08-27,14,1602.4136763903716,1256.7157770762813,8.872320886582653,13.699999999999998,1.0,-0.7487919508751714
2024-08-27,14,SURESTE,0.72999996,9.200001,35.0,16.21,80.0,16.699999,119.0,2024-08-27,14,1320.0018593814877,1079.162807939618,8.54967910144196,16.699999,1.0,-0.7332206606062255
2024-08-27,15,CENTRO,0.8000001,9.5,38.0,14.17,53.0,12.4,97.0,2024-08-27,15,1281.1577535103393,1047.0510783141242,7.3086488567001044,12.4,1.0,-0.7198537753980478
2024-08-27,15,NORTE,0.90283847,7.0,45.0,14.228035,49.0,13.1,56.0,2024-08-27,15,1609.4699340184313,1246.5765556785761,8.908335207557636,13.1,1.0,-0.7469436144158809
2024-08-27,15,SURESTE,0.68999994,8.6,34.0,11.83,45.0,15.5,128.0,2024-08-27,15,1331.5935533955978,1073.7277710342755,8.513026304400455,15.5,1.0,-0.7277831801359501
2024-08-27,16,CENTRO,0.84000003,12.500001,34.0,14.2699995,41.0,14.5,44.0,2024-08-27,16,1183.5150307894269,984.8397140329599,7.635207238495775,14.5,1.0,-0.7712199676019368
2024-08-27,16,NORTE,0.85748345,9.599998,35.0,14.037241,40.0,16.6,342.0,2024-08-27,16,1157.3466202016727,920.0341803029855,8.93593386965995,16.6,1.0,-0.8653740982604113
2024-08-27,16,SURESTE,0.68999994,9.000001,33.0,11.99,42.0,14.9,135.0,2024-08-27,16,1302.494300932976,1040.3388217432528,8.694835856566367,14.9,1.0,-0.7414331795900863
2024-08-27,17,CENTRO,0.88000005,11.0,28.0,16.33,66.0,18.4,24.0,2024-08-27,17,988.0528867887763,849.5442681509859,7.7238250939756385,18.4,1.0,-0.8740453065267731
2024-08-27,17,NORTE,0.8997603,10.199998,32.0,13.937416,49.0,9.3,18.0,2024-08-27,17,2199.522013222979,1568.5807786708879,8.938313256606541,9.3,1.0,-0.5923836722537575
2024-08-27,17,SURESTE,0.73999995,10.700001,28.0,14.7699995,45.0,16.8,138.0,2024-08-27,17,1122.392863943934,913.7439966680831,8.685430002215629,16.8,1.0,-0.8259159174111826
2024-08-27,18,CENTRO,0.90000004,12.700001,26.0,10.25,58.0,5.8999996,179.0,2024-08-27,18,3490.5577459922993,2281.225184656774,7.764905155292677,5.8999996,1.0,0.44242910146803305
2024-08-27,18,NORTE,0.9886879,11.599999,31.0,14.526129,35.0,11.9,92.0,2024-08-27,18,2139.131398161963,1647.3918291124835,8.895689667331775,11.9,1.0,-0.6082025640091241
2024-08-27,18,SURESTE,0.9599999,23.9,20.0,10.33,55.0,7.4999995,242.0,2024-08-27,18,2079.001766227124,1383.865716592891,8.613972078030555,7.4999995,1.0,-0.3771857993175964
2024-08-27,19,CENTRO,1.1400001,23.800001,12.000002,10.37,41.0,2.3000002,273.0,2024-08-27,19,9584.790503062513,4661.11218295689,7.669615437411423,2.3000002,1.0,3.648377506139675
2024-08-27,19,NORTE,1.0228988,12.899999,29.0,15.065957,20.999996,8.1,61.000004,2024-08-27,19,2654.2524838225136,1854.6246820195572,8.918575288747975,8.1,1.0,-0.47327026224769797
2024-08-27,19,SURESTE,0.97999996,25.7,13.000001,8.129999,29.0,5.7,294.0,2024-08-27,19,3822.564455075584,2451.646045173324,8.58035912905349,5.7,1.0,0.44069190326615565
2024-08-27,20,CENTRO,0.97,16.1,17.000002,10.719999,29.0,7.0,121.0,2024-08-27,20,2405.236143779544,1734.6998220454152,7.4045221962046,7.0,1.0,-0.12851808710676071
2024-08-27,20,NORTE,1.1946863,21.8,16.0,15.32361,17.999996,8.5,82.0,2024-08-27,20,2820.7333789112377,2001.1816767418816,8.917024254161944,8.5,1.0,-0.42966177678875306
2024-08-27,20,SURESTE,1.06,31.0,6.000002,7.7299995,30.0,4.2,308.0,2024-08-27,20,5370.115341326645,3127.102677745965,8.58930992156184,4.2,1.0,1.166623566964698
2024-08-27,21,CENTRO,0.97,16.900002,16.0,11.17,36.0,7.7,93.0,2024-08-27,21,2042.2859603235702,1527.9791100419832,7.290141590476603,7.7,1.0,-0.3194526326040607
2024-08-27,21,NORTE,1.5170355,44.1,4.000002,18.931808,27.999998,6.4,97.0,2024-08-27,21,4140.878643257591,2763.27431015987,8.952711710562777,6.400000000000001,1.0,-0.08385912157560144
2024-08-27,21,SURESTE,1.26,40.6,4.0,11.559999,36.0,7.9999995,112.0,2024-08-27,21,2903.2031877050676,2052.3833058672503,8.595085060203925,7.9999995,1.0,0.009434062059370491
2024-08-27,22,CENTRO,1.01,31.2,6.000002,15.969999,44.0,5.0,21.0,2024-08-27,22,3647.6593978422807,2407.3498755060896,7.370718175669128,5.0,1.0,0.5250744171618598
2024-08-27,22,NORTE,1.3368334,31.099998,8.0,17.04145,39.0,9.2,114.0,2024-08-27,22,3007.910236333588,2201.143498577143,8.967393860653111,9.2,1.0,-0.3806321313101926
2024-08-27,22,SURESTE,0.84,19.3,13.000001,12.0199995,50.0,8.5,61.0,2024-08-27,22,3404.960965834194,2463.2661511271403,8.63488458489751,8.5,1.0,0.24480070614649077
2024-08-27,23,CENTRO,1.0799999,33.7,6.000002,17.13,54.0,4.7,26.999992,2024-08-27,23,3849.315980349147,2480.4814322751486,7.491639001049789,4.7,1.0,0.6311584189961165
2024-08-27,23,NORTE,1.1429414,12.299999,19.0,15.237403,37.0,11.2,69.0,2024-08-27,23,2044.7562003363446,1537.180534931736,9.03912145166723,11.199999999999998,1.0,-0.6329234753177171
2024-08-27,23,SURESTE,0.73999995,14.3,18.0,11.09,35.0,7.799999,84.0,2024-08-27,23,3501.453776143134,2477.451171548688,8.699233779606526,7.799999,1.0,0.2900639585182468
2024-08-28,0,CENTRO,0.91,19.2,7.000002,10.349999,47.0,2.3000002,319.0,2024-08-28,0,9603.580544033493,4738.305096114646,7.620650651767257,2.3000002,1.0,3.658262245413005
2024-08-28,0,NORTE,1.0759498,13.999999,18.0,14.759496,25.0,6.9,83.0,2024-08-28,0,3562.963869680765,2390.428723467978,9.089692445114936,6.900000000000001,1.0,-0.2352397829217777
2024-08-28,0,SURESTE,0.7199999,15.0,16.000002,10.7,30.0,6.3999996,31.0,2024-08-28,0,4271.548012007724,2835.888169715505,8.735405358461486,6.399999600000001,1.0,0.6513029942181342
2024-08-28,1,CENTRO,0.89,15.8,11.0,10.66,39.0,4.7,9.0,2024-08-28,1,4267.390534960041,2706.4649427358013,7.649393293878289,4.7,1.0,0.8510918388074332
2024-08-28,1,NORTE,1.134386,15.599999,15.0,14.929022,20.999996,5.4,89.0,2024-08-28,1,4796.757033126764,3013.101460097653,9.16435844727285,5.400000000000001,1.0,0.0879435541140206
2024-08-28,1,SURESTE,0.7899999,20.8,9.000002,12.78,34.0,6.9999995,32.0,2024-08-28,1,3973.7976066314213,2694.4525780487124,8.875899213883027,6.9999995,1.0,0.5116329846164798
2024-08-28,2,CENTRO,0.88000005,18.7,10.000002,12.36,40.0,3.6,35.0,2024-08-28,2,5207.703706922209,3001.040914154007,7.842302044393903,3.6,1.0,1.345755504228887
2024-08-28,2,NORTE,1.1885006,23.5,8.0,15.918808,26.999998,3.5,187.0,2024-08-28,2,8372.835988530365,4595.397714568319,9.265681124970879,3.5,1.0,1.0246719819834553
2024-08-28,2,SURESTE,0.77,20.4,9.000002,12.33,40.0,7.8999996,56.0,2024-08-28,2,3762.4769420291686,2661.5042896025607,8.931149573138676,7.899999600000001,1.0,0.41250580050157365
2024-08-28,3,CENTRO,0.89,17.300001,12.000002,16.8,52.0,6.1,47.999996,2024-08-28,3,3011.3242613383945,2051.295873234363,7.981258236718537,6.099999999999999,1.0,0.19032225113335097
2024-08-28,3,NORTE,1.0451211,12.226951,12.24565,14.585308,21.68863,4.823257,140.14455,2024-08-28,3,6147.742297787176,3777.3974111556213,9.305621009436608,4.823257,1.0,0.4418245278905889
2024-08-28,3,SURESTE,0.7099999,15.1,12.000001,13.91,43.0,6.5999994,123.0,2024-08-28,3,3371.105516394508,2247.3931641675485,8.947970003115346,6.599999399999999,1.0,0.22891964985596036
2024-08-28,4,CENTRO,0.84000003,18.900002,10.000002,16.14,47.0,4.7999997,14.0,2024-08-28,4,4314.848526881256,2722.8263813687245,7.954131942001763,4.7999997,1.0,0.8760577171310374
2024-08-28,4,NORTE,1.1066502,19.8,9.0,15.690596,25.999998,2.8000002,239.0,2024-08-28,4,9614.747025236225,4689.008002540737,9.303320777252136,2.8000002,1.0,1.3499817381367238
2024-08-28,4,SURESTE,0.65,9.800001,17.000002,8.61,34.0,5.2999997,99.0,2024-08-28,4,4879.806869732852,3092.3989408847383,8.901078726253765,5.2999997,1.0,0.9366276116318091
2024-08-28,5,CENTRO,0.8000001,12.900001,12.000002,12.74,51.0,2.8999996,47.0,2024-08-28,5,6146.527847822875,3323.496294115006,7.616100354551788,2.8999996,1.0,1.8396358459824693
2024-08-28,5,NORTE,1.093746,11.099999,14.000001,16.070646,30.999998,4.5,107.0,2024-08-28,5,6147.318448496608,3690.9358734570437,9.111704134903766,4.5,1.0,0.44171350358588013
2024-08-28,5,SURESTE,0.62999994,8.800001,17.000002,7.799999,25.0,5.1999993,104.0,2024-08-28,5,4789.317476680133,3018.624796975958,8.782904894763464,5.1999993,1.0,0.894180467418695
2024-08-28,6,CENTRO,0.78999996,12.8,12.000002,11.61,42.0,3.1999998,12.0,2024-08-28,6,5832.311499185722,3340.281399283374,7.261682736696821,3.1999998,1.0,1.674338352140223
2024-08-28,6,NORTE,1.0877289,8.799999,14.000001,16.310879,22.999996,5.5,91.0,2024-08-28,6,4622.630385046973,2944.5411239862715,8.926346608078136,5.5,1.0,0.04233231808146816
2024-08-28,6,SURESTE,0.7,18.5,9.000002,11.719999,25.0,2.1999998,298.0,2024-08-28,6,9964.957547125716,4571.795700012676,8.530983392694974,2.1999998,1.0,3.3219914301619746
2024-08-28,7,CENTRO,0.86,21.7,6.000002,14.7699995,45.0,1.8999996,255.0,2024-08-28,7,10721.713639126163,4916.848996801687,7.241438302140519,1.8999996,1.0,4.246470335802095
2024-08-28,7,NORTE,1.1722748,12.999999,11.0,16.938585,25.999998,2.8000002,121.0,2024-08-28,7,9859.942515992514,5071.196738991294,8.863381921765734,2.8000002,1.0,1.414208951640988
2024-08-28,7,SURESTE,0.90999997,35.1,4.0,14.11,33.0,2.2999992,283.0,2024-08-28,7,8899.731979777913,4111.30502532078,8.524349278761392,2.2999992,1.0,2.8223109510326023
2024-08-28,8,CENTRO,0.97,26.400002,9.000002,15.54,47.0,3.5,32.999992,2024-08-28,8,4814.743519406571,2876.29473351489,7.282608544923501,3.5,1.0,1.1390338156285194
2024-08-28,8,NORTE,1.2131675,18.3,9.0,17.067823,32.0,4.1000004,252.0,2024-08-28,8,6261.465123454644,3565.447074326494,8.872764965097616,4.1000004,1.0,0.47161341259610967
2024-08-28,8,SURESTE,1.13,41.5,5.000002,15.119999,48.0,2.8999991,314.0,2024-08-28,8,7712.462127097343,3932.4681558797834,8.551496074672686,2.8999991,1.0,2.265381426405839
2024-08-28,9,CENTRO,1.0400001,28.0,13.0,20.33,44.0,3.8999999,277.0,2024-08-28,9,5397.68365587019,3232.6559553502634,7.2908288937088335,3.8999999,1.0,1.4456968649428787
2024-08-28,9,NORTE,1.2303635,16.8,16.0,18.52775,36.0,3.9,267.0,2024-08-28,9,6550.988737246057,3636.2596506945383,8.917498556500263,3.9,1.0,0.547452062402235
2024-08-28,9,SURESTE,0.9599999,35.1,12.000001,14.589999,47.0,5.1999993,289.0,2024-08-28,9,4043.6952966537415,2522.13155426824,8.560365906172452,5.1999993,1.0,0.5444208863632893
2024-08-28,10,CENTRO,1.09,30.2,22.0,25.33,65.0,4.5,12.0,2024-08-28,10,4115.499106755599,2646.2410459174193,7.307155863404893,4.5,1.0,0.771187427317671
2024-08-28,10,NORTE,1.1418197,12.999999,28.0,18.657898,38.0,2.6000004,211.0,2024-08-28,10,10668.613517294378,5231.910683897599,8.93347628093818,2.6000004,1.0,1.6260345643189393
2024-08-28,10,SURESTE,1.02,40.9,21.0,17.189999,48.0,4.9999995,26.0,2024-08-28,10,5231.804921154823,3255.5717874657735,8.536908856315675,4.9999995,1.0,1.1017443346795464
2024-08-28,11,CENTRO,1.13,30.800001,37.0,26.349998,62.0,6.0,0.9999924,2024-08-28,11,3247.1237282282727,2252.1612659185994,7.270248266314883,6.0,1.0,0.3143675501615185
2024-08-28,11,NORTE,1.0836847,14.499999,39.0,17.691086,28.999996,1.3000002,350.0,2024-08-28,11,14685.316501107767,4959.472021876029,8.940672295307529,1.3000002,1.0,2.678181320072361
2024-08-28,11,SURESTE,0.9499999,30.300001,34.0,18.74,71.0,7.9999995,57.0,2024-08-28,11,3580.089212889994,2558.104785381901,8.548207372532783,7.9999995,1.0,0.32695059916474306
2024-08-28,12,CENTRO,1.0500001,21.900002,52.0,21.38,70.0,9.7,63.999996,2024-08-28,12,1651.9472687042944,1290.8484167482084,7.276771506319468,9.7,1.0,-0.5247952500527653
2024-08-28,12,NORTE,0.98827165,17.3,61.0,17.258648,44.0,6.4,77.0,2024-08-28,12,3629.613240333832,2386.055992738462,8.882075854131234,6.400000000000001,1.0,-0.2177814546888407
2024-08-28,12,SURESTE,0.79999995,11.200001,34.0,13.839999,61.0,15.299999,89.0,2024-08-28,12,1714.7823586206448,1393.2957577405593,8.541430459188835,15.299999000000001,1.0,-0.5480353674087456
2024-08-28,13,CENTRO,0.88000005,11.3,45.0,11.309999,53.0,11.9,52.999996,2024-08-28,13,1360.6897386394899,1103.0385379207203,7.308776102792341,11.9,1.0,-0.6780149663126286
2024-08-28,13,NORTE,0.89523935,9.9,59.0,14.652606,36.0,10.400001,68.0,2024-08-28,13,2139.7993001586933,1588.3184624401342,8.847974476071341,10.400001,1.0,-0.608027611835201
2024-08-28,13,SURESTE,0.79999995,10.3,32.0,15.0199995,50.0,16.2,102.0,2024-08-28,13,1511.8628529928221,1239.3417729243317,8.532605973965605,16.2,1.0,-0.6432217006182072
2024-08-28,14,CENTRO,0.85,10.8,37.0,9.379999,36.0,14.7,67.0,2024-08-28,14,1078.3296789931178,904.7554744889857,7.3129381857870985,14.699999999999998,1.0,-0.8265540554565529
2024-08-28,14,NORTE,0.8723365,8.399998,56.0,13.090408,26.999998,9.4,61.000004,2024-08-28,14,2279.809923415537,1651.3275522191063,8.858761537504583,9.4,1.0,-0.5713528256674553
2024-08-28,14,SURESTE,0.76,10.200001,29.0,11.57,40.0,15.4,121.0,2024-08-28,14,1411.1844595765654,1138.6727967530142,8.529897540347973,15.4,1.0,-0.6904483438778738
2024-08-28,15,CENTRO,0.8000001,9.600001,36.0,8.679999,31.0,10.4,86.0,2024-08-28,15,1517.3830336876213,1203.8613183955345,7.309016821797998,10.4,1.0,-0.5955844718915715
2024-08-28,15,NORTE,0.86539125,8.599998,43.0,11.508045,25.0,11.5,74.0,2024-08-28,15,1991.3327485205152,1508.3381297037972,8.896453644478635,11.5,1.0,-0.6469173682532136
2024-08-28,15,SURESTE,0.72999996,8.900001,33.0,9.089999,26.000002,12.799999,130.0,2024-08-28,15,1599.2944229037023,1244.2038980701718,8.559087644426755,12.799999000000001,1.0,-0.6022089329159864
2024-08-28,16,CENTRO,0.78999996,7.9000006,40.0,9.129999,28.0,10.2,121.0,2024-08-28,16,1650.7086060541658,1294.2659652906611,7.3722373222679405,10.2,1.0,-0.5254468642436573
2024-08-28,16,NORTE,0.8531553,8.599998,48.0,11.336716,25.999998,12.1,72.0,2024-08-28,16,1870.7865516648233,1432.6665549050017,8.87388917056885,12.1,1.0,-0.6784935864727936
2024-08-28,16,SURESTE,0.72999996,9.1,35.0,11.269999,28.000002,13.099999,130.0,2024-08-28,16,1551.646913523285,1213.3780187371735,8.547941366423553,13.099999,1.0,-0.6245596265590301
2024-08-28,17,CENTRO,0.80999994,9.1,40.0,9.209999,34.0,9.6,119.0,2024-08-28,17,1760.553437197158,1362.176402638188,7.435018153894737,9.6,1.0,-0.4676615982057385
2024-08-28,17,NORTE,0.87135035,8.5,44.0,11.086229,25.0,13.6,62.0,2024-08-28,17,1571.9220913787512,1231.1632383486487,8.858465352110954,13.6,1.0,-0.7567790045301316
2024-08-28,17,SURESTE,0.72999996,9.200001,33.0,7.17,28.000002,12.9,146.0,2024-08-28,17,1327.8576975161945,1030.3292092413235,8.55579195763518,12.9,1.0,-0.729535611088604
2024-08-28,18,CENTRO,0.82000005,10.000001,37.0,9.78,40.0,12.5,131.0,2024-08-28,18,1382.1893351515453,1110.733008607745,7.476216379328691,12.5,1.0,-0.6667048309951117
2024-08-28,18,NORTE,0.9063574,9.799997,39.0,11.060295,29.999998,13.0,75.0,2024-08-28,18,1758.2231014912093,1366.7826334908484,8.865610780937395,13.0,1.0,-0.7079787810201238
2024-08-28,18,SURESTE,0.73999995,10.200001,27.0,6.3999987,24.0,10.599999,164.0,2024-08-28,18,1343.3846186824467,997.0736331701883,8.525485995778517,10.599999,1.0,-0.7222521777524384
2024-08-28,19,CENTRO,0.86,12.900001,27.0,8.389999,42.0,17.3,95.0,2024-08-28,19,931.3875649701922,796.3562164978716,7.370752424733819,17.3,1.0,-0.9038548174736163
2024-08-28,19,NORTE,0.9229044,10.399999,30.0,11.210136,35.0,19.9,58.000004,2024-08-28,19,1065.889824000225,887.3526590186424,8.921737067161127,19.9,1.0,-0.8893305550367099
2024-08-28,19,SURESTE,0.77,9.400001,27.0,6.9699993,26.000002,23.0,128.0,2024-08-28,19,901.3386502143655,769.9894402659713,8.581304920807087,23.0,1.0,-0.9296089555955473
2024-08-28,20,CENTRO,0.83000004,9.400002,23.0,5.74,45.0,15.0,107.0,2024-08-28,20,1057.5826725159257,889.4872870774235,7.222673803612886,15.0,1.0,-0.8374682812448772
2024-08-28,20,NORTE,0.95073116,8.799999,27.0,10.74859,54.0,24.000002,66.0,2024-08-28,20,924.6573072978713,790.3230728138633,8.920098268158155,24.000002,1.0,-0.9263254074950803
2024-08-28,20,SURESTE,0.79999995,9.000001,24.0,4.3199997,49.0,18.1,118.0,2024-08-28,20,1217.721990345244,1009.5676601697446,8.506844323858692,18.1,1.0,-0.7811985307699754
2024-08-28,21,CENTRO,0.8000001,8.200001,23.0,5.379999,35.0,11.4,129.0,2024-08-28,21,1444.5401907371559,1149.9112055464907,7.256495166253492,11.4,1.0,-0.6339043729288041
2024-08-28,21,NORTE,0.9616331,10.599998,24.0,10.0160675,27.999998,16.7,73.0,2024-08-28,21,1374.675679754668,1114.873449038342,8.924473809232786,16.7,1.0,-0.8084462980568379
2024-08-28,21,SURESTE,0.76,10.000001,23.0,3.83,21.000002,11.799999,156.0,2024-08-28,21,1285.40067549399,976.8910654155812,8.574751217003394,11.799999000000001,1.0,-0.749451529140855
2024-08-28,22,CENTRO,0.85,9.700001,21.0,5.539999,32.0,11.0,79.0,2024-08-28,22,1440.686584751087,1148.603363842389,7.341404979878233,11.0,1.0,-0.6359316112138758
2024-08-28,22,NORTE,1.0240598,14.399999,18.0,10.532307,14.999996,7.7000003,79.0,2024-08-28,22,3081.4856315677894,2128.102230137083,8.975494315629552,7.7000003,1.0,-0.36135958023760933
2024-08-28,22,SURESTE,0.91999996,20.300001,13.000001,5.7599993,14.0,10.099999,34.999992,2024-08-28,22,2726.916433556168,2028.6558525396301,8.661546829760224,10.099999,1.0,-0.0732592683275474
2024-08-28,23,CENTRO,0.92,20.800001,13.0,7.8399982,30.0,7.7999997,37.0,2024-08-28,23,2220.343122998745,1634.970949391246,7.391302142980387,7.7999997,1.0,-0.22578340476622102
2024-08-28,23,NORTE,1.1770667,19.3,13.0,11.950036,30.999998,2.8000002,220.0,2024-08-28,23,9850.954404827711,4917.905104785797,9.031644092617075,2.8000002,1.0,1.411854579898664
2024-08-28,23,SURESTE,0.9599999,22.2,8.000002,7.1099997,24.0,10.7,83.0,2024-08-28,23,2554.3996219065357,1941.1834689159755,8.628904283801884,10.7,1.0,-0.15418417826712835
2024-08-29,0,CENTRO,0.91,19.900002,11.0,8.059999,36.0,8.9,49.0,2024-08-29,0,1914.321693115199,1451.8682052082363,7.375914819266195,8.9,1.0,-0.3867698577027749
2024-08-29,0,NORTE,1.0507286,9.999999,23.0,10.552792,17.999996,6.6000004,73.0,2024-08-29,0,3537.6760910759526,2336.424047149497,9.075531267342333,6.6000004,1.0,-0.2418637365291227
2024-08-29,0,SURESTE,0.79999995,11.3,16.000002,5.54,36.0,11.5,96.0,2024-08-29,0,2244.1936939746015,1726.2539060705076,8.689815765226694,11.5,1.0,-0.29969687665619227
2024-08-29,1,CENTRO,0.85,11.2,18.0,7.1399994,33.0,8.2,73.0,2024-08-29,1,2020.0933878313572,1502.572262869172,7.579940451133429,8.2,1.0,-0.331127316721504
2024-08-29,1,NORTE,0.99287313,7.8999996,25.0,10.891121,11.999996,6.3,55.000004,2024-08-29,1,3413.272117689472,2206.472703729654,9.136115643930733,6.3,1.0,-0.2744504718513234
2024-08-29,1,SURESTE,0.79999995,13.3,13.000001,5.1499987,16.0,6.0999994,194.0,2024-08-29,1,2055.7973632516905,1292.889651781192,8.769402086591231,6.099999399999999,1.0,-0.3880706180377706
2024-08-29,2,CENTRO,0.75,5.1000004,29.0,4.619999,28.0,9.3,115.0,2024-08-29,2,1866.9734658638206,1416.9930815293844,7.782773527366177,9.3,1.0,-0.41167799293021284
2024-08-29,2,NORTE,0.9731753,7.199999,27.0,11.804908,10.999996,6.1000004,57.000004,2024-08-29,2,3621.028685587876,2315.8257475448336,9.233660165776953,6.1000004,1.0,-0.22003011769975864
2024-08-29,2,SURESTE,0.73999995,11.700001,16.000002,4.5,17.000004,4.7,303.0,2024-08-29,2,4917.334705114948,2939.5471973793224,8.905821503118613,4.7,1.0,0.9542313261306099
2024-08-29,3,CENTRO,0.74,5.1000004,28.0,4.459999,29.0,5.5,74.0,2024-08-29,3,3112.1256806581905,2081.5072942652564,7.862246790296434,5.5,1.0,0.24335011572910648
2024-08-29,3,NORTE,1.0319031,10.199998,21.0,12.857986,11.999996,1.7000003,143.0,2024-08-29,3,17268.89090726423,7141.464479610116,9.268293456280059,1.7000003,1.0,3.354930245905157
2024-08-29,3,SURESTE,0.7099999,10.800001,15.000001,4.379999,13.000004,2.4999995,282.0,2024-08-29,3,8458.672683412271,3973.3531944087968,8.896335517890337,2.4999995,1.0,2.6154170054796704
2024-08-29,4,CENTRO,0.74,5.800001,25.0,4.779999,26.0,4.7,123.0,2024-08-29,4,3735.0161120457924,2377.4781085530794,7.847734429260271,4.7,1.0,0.5710295241789314
2024-08-29,4,NORTE,1.0732633,16.099998,12.000001,14.365215,17.0,4.9,275.0,2024-08-29,4,5318.156606696756,3142.7247990132864,9.294410764388259,4.9,1.0,0.2245204610931031
2024-08-29,4,SURESTE,0.7199999,12.200001,14.000001,4.5,16.0,3.5999994,207.0,2024-08-29,4,3543.777418637904,1850.3129185033288,8.92128518817692,3.5999994000000006,1.0,0.3099173103420693
2024-08-29,5,CENTRO,0.77,8.300001,19.0,5.539999,25.0,3.1,171.0,2024-08-29,5,6111.550058668926,3386.2908281636523,7.670851721699963,3.1,1.0,1.8212353365488663
2024-08-29,5,NORTE,1.0616244,9.799997,20.0,14.127769,20.999996,2.3000002,201.0,2024-08-29,5,12479.979625587484,5818.493423296164,9.095489401023215,2.3000002,1.0,2.100509023098298
2024-08-29,5,SURESTE,0.7,9.600001,16.000002,4.4399986,17.000004,4.7,118.0,2024-08-29,5,4838.4278002476685,2919.7649833901646,8.794036609964719,4.7,1.0,0.9172173440790279
2024-08-29,6,CENTRO,0.7800001,10.1,17.000002,5.8599987,26.0,3.1,90.0,2024-08-29,6,5054.95552592179,2936.8287850341617,7.272654664760542,3.1,1.0,1.26540038706887
2024-08-29,6,NORTE,1.2067801,19.0,12.000001,15.379677,18.999996,2.2000003,151.0,2024-08-29,6,12892.495794624669,5980.201878363042,8.972293347775002,2.2000003,1.0,2.2085646972911275
2024-08-29,6,SURESTE,0.76,15.5,13.000001,4.749999,14.0,3.9999995,159.0,2024-08-29,6,3701.717601732034,2103.969340095382,8.554076770393522,3.9999995,1.0,0.3840045541910408
2024-08-29,7,CENTRO,0.86,16.6,10.000002,6.370001,31.0,2.6999998,103.0,2024-08-29,7,5886.758086792143,3239.9231794658053,7.252850853746512,2.6999998,1.0,1.7029806698255978
2024-08-29,7,NORTE,1.3749678,38.4,4.000002,17.358654,28.999996,5.3,220.0,2024-08-29,7,5146.302278614724,3216.601763449445,8.873735736862493,5.3,1.0,0.17950444310960992
2024-08-29,7,SURESTE,0.93999994,13.400001,15.000001,10.669999,16.0,3.0999994,110.0,2024-08-29,7,7521.444335801547,3998.2986126865917,8.519126541019036,3.0999994000000006,1.0,2.175777999298317
2024-08-29,8,CENTRO,0.92,28.6,9.000002,8.339999,31.0,2.4,360.0,2024-08-29,8,8112.310300397695,4219.461199516914,7.34450802733569,2.4,1.0,2.873760627391953
2024-08-29,8,NORTE,1.4368868,36.7,5.0,17.739681,39.0,4.2,192.0,2024-08-29,8,6747.200287279363,3972.590490367699,8.906732650523985,4.2,1.0,0.5988482813013728
2024-08-29,8,SURESTE,0.91999996,17.9,14.000001,5.8899994,46.0,3.2999992,69.0,2024-08-29,8,8571.053919059663,4701.720618389343,8.528890101244734,3.2999991999999994,1.0,2.6681332670816644
2024-08-29,9,CENTRO,1.03,34.1,12.000002,9.5199995,39.0,4.7,18.0,2024-08-29,9,3845.5180053316576,2515.0929737314573,7.337324619044574,4.7,1.0,0.6291604460873566
2024-08-29,9,NORTE,1.515754,36.5,7.0,18.94876,34.0,4.5,229.0,2024-08-29,9,5904.687518511677,3472.502771743567,8.930119044821176,4.5,1.0,0.3781580585211522
2024-08-29,9,SURESTE,1.02,26.0,14.000001,9.809999,33.0,4.4999995,79.0,2024-08-29,9,6156.372844739528,3751.3178611115536,8.525867824553197,4.4999995,1.0,1.5354445360319344
2024-08-29,10,CENTRO,1.0600001,35.5,15.000001,16.449999,47.0,6.1,11.0,2024-08-29,10,3034.340733460917,2120.0106292514815,7.2920479418109325,6.099999999999999,1.0,0.20243035809673582
2024-08-29,10,NORTE,1.4438764,28.4,13.0,18.85548,54.0,2.6000004,286.0,2024-08-29,10,9392.674457294006,4396.812803201392,8.9217222551396,2.6000004,1.0,1.291811409674844
2024-08-29,10,SURESTE,0.9,22.7,18.0,14.61,40.0,4.6,118.0,2024-08-29,10,4849.091437735279,2918.023104541498,8.556576865150523,4.6,1.0,0.9222194878994564
2024-08-29,11,CENTRO,1.11,35.300003,23.0,27.4,61.0,7.3999996,21.0,2024-08-29,11,2430.758440711615,1783.016434947278,7.3329000470869525,7.3999996,1.0,-0.11509175923341153
2024-08-29,11,NORTE,1.2893505,23.199999,21.0,19.27295,39.0,3.2000003,352.0,2024-08-29,11,5979.133540051513,3020.6426572974406,8.945340277383062,3.2000003,1.0,0.3976586639573859
2024-08-29,11,SURESTE,0.8899999,20.5,30.0,17.4,39.0,6.8999996,106.0,2024-08-29,11,3502.2556228415488,2396.4702955589123,8.562142653674806,6.899999600000001,1.0,0.29044009213232236
2024-08-29,12,CENTRO,1.13,25.5,37.0,25.13,76.0,7.2999997,358.0,2024-08-29,12,2721.5290089076375,1981.2546951139025,7.3045947001643245,7.2999997,1.0,0.03787178456166584
2024-08-29,12,NORTE,1.1520227,16.899998,36.0,18.030016,42.0,2.3000002,183.0,2024-08-29,12,12217.949932217633,5776.489540414808,8.898694591429658,2.3000002,1.0,2.031872210045117
2024-08-29,12,SURESTE,0.84,15.0,46.0,19.26,43.0,7.0999994,68.0,2024-08-29,12,3989.1085651200015,2770.3828888900553,8.541024192296842,7.099999399999999,1.0,0.5188151132735604
2024-08-29,13,CENTRO,1.07,21.1,60.0,27.009998,67.0,6.5,21.999992,2024-08-29,13,2734.5088037504397,1951.0789057562076,7.344681796807871,6.5,1.0,0.04469997019684202
2024-08-29,13,NORTE,1.0078347,12.099998,61.0,16.999037,43.0,4.9,117.0,2024-08-29,13,5637.243264871159,3495.78856418015,8.874976558601293,4.9,1.0,0.30810293994586274
2024-08-29,13,SURESTE,0.84,15.200001,58.0,14.549999,45.0,7.0999994,37.0,2024-08-29,13,3821.0072257489983,2629.106408357755,8.515666373783,7.099999399999999,1.0,0.43996143159905127
2024-08-29,14,CENTRO,0.96000004,16.400002,78.0,21.38,64.0,7.8999996,60.0,2024-08-29,14,2034.1861249113274,1525.085925812024,7.35152524738907,7.8999996,1.0,-0.3237136537125598
2024-08-29,14,NORTE,0.9276229,8.9,70.0,15.327438,52.0,5.1,63.000004,2024-08-29,14,4231.797362547336,2603.9961288917475,8.847844857561498,5.1,1.0,-0.06004361021629658
2024-08-29,14,SURESTE,0.83,13.200001,75.0,17.74,42.0,8.299999,70.0,2024-08-29,14,3396.7625659581645,2447.823158458729,8.518214711253117,8.299999,1.0,0.24095496632976035
2024-08-29,15,CENTRO,0.93,14.400001,92.0,23.75,62.0,9.4,63.999996,2024-08-29,15,1699.947689483661,1321.035602736868,7.308443054715674,9.4,1.0,-0.4995440201514055
2024-08-29,15,NORTE,0.8794131,7.999998,69.0,14.473911,33.0,6.4,47.0,2024-08-29,15,3168.992268107216,2061.58676959979,8.90189277093767,6.400000000000001,1.0,-0.3384378396675754
2024-08-29,15,SURESTE,0.84,12.400001,79.0,22.849998,49.0,10.799999,81.0,2024-08-29,15,2523.3165162017367,1926.2046394922263,8.548239483212667,10.799999,1.0,-0.16876477192493314
2024-08-29,16,CENTRO,0.89,12.700001,85.0,26.939999,63.0,10.7,83.0,2024-08-29,16,1476.4480600868653,1175.8114301189478,7.332157436635,10.699999999999998,1.0,-0.6171188337287309
2024-08-29,16,NORTE,0.87121737,10.399999,80.0,15.80359,36.0,9.2,68.0,2024-08-29,16,2434.311570134152,1756.0301146655336,8.898867603537571,9.2,1.0,-0.5308822190508758
2024-08-29,16,SURESTE,0.81999993,11.3,68.0,22.16,63.0,11.799999,121.0,2024-08-29,16,1837.5756153148777,1411.179659049422,8.553509976648874,11.799999000000001,1.0,-0.4904349912822151
2024-08-29,17,CENTRO,0.90000004,11.700001,74.0,26.14,65.0,10.7,142.0,2024-08-29,17,1649.7044002184257,1279.1059026437042,7.421510698688133,10.699999999999998,1.0,-0.5259751394548917
2024-08-29,17,NORTE,0.88371253,10.499999,61.0,16.033245,40.0,11.3,69.0,2024-08-29,17,1987.742467921959,1501.3256211752296,8.88846554081175,11.300000000000002,1.0,-0.6478578167004198
2024-08-29,17,SURESTE,0.80999994,10.5,59.0,22.369999,58.0,11.2,132.0,2024-08-29,17,1770.6265027473985,1342.938415786415,8.548053121422274,11.2,1.0,-0.521839761943415
2024-08-29,18,CENTRO,0.88000005,11.0,63.0,27.09,57.0,11.9,130.0,2024-08-29,18,1461.4485347358718,1163.3891570700155,7.4505295415691615,11.9,1.0,-0.6250095242039282
2024-08-29,18,NORTE,0.92363685,12.299999,65.0,16.038843,18.999996,11.1,79.0,2024-08-29,18,2107.8325103387547,1588.7301503504227,8.909703944797654,11.1,1.0,-0.6164010848892053
2024-08-29,18,SURESTE,0.80999994,10.5,50.0,19.199999,53.0,11.2,121.0,2024-08-29,18,1941.6683634461895,1476.4564690392149,8.56320647056691,11.2,1.0,-0.4416067281851801
2024-08-29,19,CENTRO,0.87,11.700001,56.0,26.919998,58.0,10.5,127.0,2024-08-29,19,1585.3717125962808,1248.52849041507,7.3381828047227815,10.5,1.0,-0.5598181653897277
2024-08-29,19,NORTE,0.9847987,14.299999,53.0,15.589982,29.999998,10.6,84.0,2024-08-29,19,2278.045870845338,1702.4266169394145,8.88201246826845,10.6,1.0,-0.5718149066817082
2024-08-29,19,SURESTE,0.84,11.000001,47.0,15.28,40.0,10.2,112.0,2024-08-29,19,2271.7791681999965,1698.254998653781,8.588063277259293,10.2,1.0,-0.2867569666498304
2024-08-29,20,CENTRO,0.90000004,12.6,51.0,25.72,55.0,8.599999,108.0,2024-08-29,20,1869.0515568266578,1425.6128792945115,7.269807237248879,8.599999,1.0,-0.4105847868331301
2024-08-29,20,NORTE,1.0857189,17.4,38.0,15.317574,23.999996,8.6,69.0,2024-08-29,20,2606.1986121183822,1853.040026137098,8.87295617858721,8.6,1.0,-0.4858576318935592
2024-08-29,20,SURESTE,0.84,13.1,37.0,8.469999,35.0,9.2,127.0,2024-08-29,20,2258.7747081118778,1642.5431182573109,8.554574874235437,9.2,1.0,-0.2928571533584811
2024-08-29,21,CENTRO,0.88000005,12.000001,47.0,22.14,52.0,7.2,100.0,2024-08-29,21,2208.2896956686222,1623.147622115214,7.258186283225309,7.2,1.0,-0.2321242630268448
2024-08-29,21,NORTE,1.0968487,14.799998,35.0,15.005254,29.999998,9.4,66.0,2024-08-29,21,2373.4028381543912,1717.2914667349708,8.940265826698138,9.4,1.0,-0.546836827845156
2024-08-29,21,SURESTE,0.87999994,17.800001,31.0,8.409999,23.0,6.2999997,169.0,2024-08-29,21,2182.57437143687,1423.5998417843718,8.5756859514862,6.2999997,1.0,-0.3286015270448811
2024-08-29,22,CENTRO,0.86,12.400001,42.0,19.23,45.0,5.0,88.0,2024-08-29,22,3187.9899772317794,2124.358822227931,7.326993880717957,5.0,1.0,0.2832594907508376
2024-08-29,22,NORTE,1.2535877,26.0,24.0,16.631752,23.999996,6.7,92.0,2024-08-29,22,3818.188880598989,2574.3576434876563,8.944871935554039,6.7,1.0,-0.16838540800113097
2024-08-29,22,SURESTE,1.06,29.0,20.0,12.49,28.000002,7.2999997,206.0,2024-08-29,22,1689.5428203493775,1113.7402317312722,8.627937626973855,7.2999997,1.0,-0.5598748359335122
2024-08-29,23,CENTRO,0.94,21.300001,26.0,16.15,42.0,8.9,53.999996,2024-08-29,23,1841.2823369964065,1405.519975158503,7.3368743667733165,8.9,1.0,-0.4251931369836041
2024-08-29,23,NORTE,1.1294172,15.599999,27.0,13.756191,33.0,13.5,33.0,2024-08-29,23,1513.3988718954938,1175.7816198577427,8.989937647808796,13.5,1.0,-0.7721087453060095
2024-08-29,23,SURESTE,0.90999997,17.3,22.0,11.339999,45.0,14.5,91.0,2024-08-29,23,1808.439276928963,1453.4447495558666,8.639533504112404,14.5,1.0,-0.5041023871568729
2024-08-30,0,CENTRO,0.90000004,14.700001,23.0,14.53,47.0,9.5,45.999992,2024-08-30,0,1796.818657140975,1382.3124319571605,7.485273773168609,9.5,1.0,-0.44858381948304993
2024-08-30,0,NORTE,1.0527577,10.999999,27.0,11.90015,23.999996,11.6,58.000004,2024-08-30,0,1860.9301580609952,1404.6643563509733,9.025465258942384,11.6,1.0,-0.6810753986195933
2024-08-30,0,SURESTE,0.7899999,9.400001,28.0,10.969999,50.0,18.7,95.0,2024-08-30,0,1380.168060767079,1154.4053474145699,8.666569345115983,18.7,1.0,-0.7049976463853037
2024-08-30,1,CENTRO,0.86,10.200001,26.0,9.959999,43.0,5.7,42.0,2024-08-30,1,3076.7977940726632,2086.1701423628247,7.502812336814165,5.7,1.0,0.22476543310307875
2024-08-30,1,NORTE,1.0760075,10.499999,26.0,11.310141,19.999996,4.0,126.0,2024-08-30,1,7182.630165956685,4161.394582931326,9.147963478021092,4.0,1.0,0.7129060386348524
2024-08-30,1,SURESTE,0.78,9.5,25.0,8.289999,34.0,9.799999,89.0,2024-08-30,1,2727.6028281269264,2031.9638264749738,8.737835668387644,9.799999,1.0,-0.07293729148198386
2024-08-30,2,CENTRO,0.88000005,19.300001,15.000001,12.11,36.0,6.2999997,21.0,2024-08-30,2,3056.1688889992524,2110.6079067481573,7.665225985174894,6.2999997,1.0,0.2139133360555058
2024-08-30,2,NORTE,1.0615803,11.099999,23.0,11.035595,17.999996,4.3,288.0,2024-08-30,2,5800.990550013697,3259.173957217484,9.188221091375388,4.3,1.0,0.35099537573721584
2024-08-30,2,SURESTE,0.76,11.000001,21.0,7.2599993,28.000002,9.5,61.0,2024-08-30,2,3107.7627696785594,2298.377283563391,8.83436215910492,9.5,1.0,0.10538972916329829
2024-08-30,3,CENTRO,0.87,21.2,11.0,11.86,45.0,4.3,47.0,2024-08-30,3,4234.445480752348,2605.051251731877,7.844883920970808,4.3,1.0,0.8337606753633657
2024-08-30,3,NORTE,1.1220474,15.099999,15.0,12.1937065,22.0,5.6000004,236.0,2024-08-30,3,4825.708621419194,3008.1590331043594,9.259479175224078,5.6000004,1.0,0.09552721659007185
2024-08-30,3,SURESTE,0.76,12.0,18.0,6.6799994,26.000002,5.9999995,39.999992,2024-08-30,3,4746.2974181987765,3091.535729035525,8.893555719102977,5.9999995,1.0,0.8740004378615193
2024-08-30,4,CENTRO,0.96000004,21.0,9.000002,11.179999,47.0,2.6,352.0,2024-08-30,4,8589.036633056536,4400.748115492918,7.755757134270809,2.6,1.0,3.124548558633905
2024-08-30,4,NORTE,1.0824354,14.599998,14.000001,13.315306,19.999996,1.9000001,232.0,2024-08-30,4,14365.474504707629,5950.085183519791,9.24357857131633,1.9000001,1.0,2.594400985747861
2024-08-30,4,SURESTE,0.77,13.700001,14.000001,6.799999,24.0,2.6,51.0,2024-08-30,4,11283.10571977454,5595.293563078388,8.869793849043019,2.6,1.0,3.9403139063231354
2024-08-30,5,CENTRO,1.03,18.1,10.000002,10.209999,50.0,1.8999996,320.0,2024-08-30,5,11870.675200261965,5364.8579573207635,7.581044184698363,1.8999996,1.0,4.850896131597135
2024-08-30,5,NORTE,1.1473944,29.199999,4.000002,17.430784,37.0,5.9,228.0,2024-08-30,5,4610.946717408967,2941.292224456136,9.098732728762084,5.900000000000001,1.0,0.03927186450793587
2024-08-30,5,SURESTE,0.79999995,17.7,9.000002,7.1399994,27.0,2.1999998,304.0,2024-08-30,5,10360.196877997241,4714.846417659749,8.771430488553,2.1999998,1.0,3.5073919540269576
2024-08-30,6,CENTRO,1.01,21.300001,7.000002,10.2699995,45.0,2.0,312.0,2024-08-30,6,10583.374758210788,5007.517932534853,7.247701777121707,2.0,1.0,4.173695413633235
2024-08-30,6,NORTE,1.1670914,26.4,4.000002,17.632479,42.0,6.1000004,274.0,2024-08-30,6,4103.858498898069,2618.5257068631718,8.941537214225944,6.1000004,1.0,-0.0935562848815163
2024-08-30,6,SURESTE,0.86999995,26.4,5.000002,8.039999,30.0,2.1999998,296.0,2024-08-30,6,9874.893326569565,4538.8982828223,8.504104791403568,2.1999998,1.0,3.2797437276476984
2024-08-30,7,CENTRO,0.99,31.5,5.000002,11.45,42.0,1.8999996,314.0,2024-08-30,7,11115.951055648646,5198.2888280538755,7.221920776090627,1.8999996,1.0,4.45386392691425
2024-08-30,7,NORTE,1.2308725,25.599998,5.0,17.76516,23.999996,5.1,281.0,2024-08-30,7,4835.848317152879,2905.804702649157,8.8766040917578,5.1,1.0,0.09818323771324554
2024-08-30,7,SURESTE,1.23,51.9,3.000002,10.15,38.0,2.4999995,291.0,2024-08-30,7,8559.973512681972,4141.02799317546,8.478856476264863,2.4999995,1.0,2.6629356235613932
2024-08-30,8,CENTRO,1.1,36.4,8.0,12.23,50.0,3.5,329.0,2024-08-30,8,5920.9012802959505,3508.1924482510053,7.257352186784019,3.5,1.0,1.720942129636422
2024-08-30,8,NORTE,1.3778491,32.9,7.0,20.819908,36.0,5.8,277.0,2024-08-30,8,4257.711964076983,2674.0329247395734,8.872186788693643,5.8,1.0,-0.05325546480551111
2024-08-30,8,SURESTE,1.25,61.9,5.000002,11.92,58.0,4.899999,287.0,2024-08-30,8,4249.998805856729,2602.786191477917,8.54340794722652,4.899999,1.0,0.6411946021700573
2024-08-30,9,CENTRO,1.22,40.800003,14.000002,15.889999,54.0,5.3999996,359.0,2024-08-30,9,3633.690888966034,2456.694361104465,7.282531762807767,5.3999996,1.0,0.5177261059744521
2024-08-30,9,NORTE,1.3731319,30.199999,15.0,23.56071,79.0,5.8,302.0,2024-08-30,9,3987.002665216167,2484.974115974763,8.8976371521007,5.8,1.0,-0.12416583873569469
2024-08-30,9,SURESTE,1.21,52.1,12.000001,13.539999,66.0,6.8999996,275.0,2024-08-30,9,2767.137767513667,1852.0238751527415,8.544237466753001,6.899999600000001,1.0,-0.054392076214289216
2024-08-30,10,CENTRO,1.1400001,28.7,32.0,19.21,84.0,5.3999996,6.0,2024-08-30,10,3488.3251647392535,2359.8171272742065,7.23593171492219,5.3999996,1.0,0.4412546237951549
2024-08-30,10,NORTE,1.3691089,32.1,27.0,23.970564,113.0,5.5,268.0,2024-08-30,10,4600.574100352935,2858.405028792768,8.884893037818783,5.5,1.0,0.03655483130230519
2024-08-30,10,SURESTE,1.1899999,58.699997,19.0,18.96,78.0,6.0999994,302.0,2024-08-30,10,3623.585675892475,2371.9128902178113,8.564971913587094,6.099999399999999,1.0,0.34735410255382043
2024-08-30,11,CENTRO,1.2900001,27.800001,45.0,23.31,102.0,5.5,7.0,2024-08-30,11,3437.408273474452,2330.0339425235843,7.273177037765162,5.5,1.0,0.4144691476198561
2024-08-30,11,NORTE,1.0285777,10.499999,49.0,16.413914,69.0,5.9,239.0,2024-08-30,11,4346.219563848365,2775.253190273609,8.882913902036583,5.900000000000001,1.0,-0.03007152904171398
2024-08-30,11,SURESTE,1.13,29.6,46.0,16.48,142.0,6.2999997,14.0,2024-08-30,11,3964.101195648253,2634.3559081919097,8.565474414859914,6.2999997,1.0,0.5070845514635203
2024-08-30,12,CENTRO,1.12,18.1,69.0,20.269999,100.0,5.7,91.0,2024-08-30,12,2786.4045330082668,1940.0518427862764,7.288262916987673,5.7,1.0,0.07200037650810119
2024-08-30,12,NORTE,0.9521067,9.699999,60.0,12.69067,41.0,4.4,303.0,2024-08-30,12,5210.515061669073,2974.503034190642,8.882572911985012,4.4,1.0,0.19632452456467175
2024-08-30,12,SURESTE,0.86999995,16.0,62.0,12.69,84.0,7.0999994,41.0,2024-08-30,12,3882.462184650534,2671.048008420922,8.539969966238049,7.099999399999999,1.0,0.4687889816035555
2024-08-30,13,CENTRO,1.03,16.800001,73.0,16.769999,80.0,9.1,41.0,2024-08-30,13,1837.5901284702022,1415.3939341365538,7.32780138238054,9.1,1.0,-0.42713547008871355
2024-08-30,13,NORTE,0.89551145,8.1,68.0,11.998572,40.0,6.5,14.0,2024-08-30,13,3066.495544928011,1993.8449604513066,8.844707891751323,6.5,1.0,-0.3652861267335945
2024-08-30,13,SURESTE,0.87999994,15.300001,75.0,14.419999,51.0,8.2,98.0,2024-08-30,13,3046.0805648015244,2185.2568235774584,8.512602433090223,8.2,1.0,0.07645558166301626
2024-08-30,14,CENTRO,0.92,14.6,75.0,12.88,64.0,9.1,50.999996,2024-08-30,14,1785.220669287157,1378.1393480701095,7.391425507722606,9.1,1.0,-0.45468508803309193
2024-08-30,14,NORTE,0.86566865,7.8999996,70.0,11.805094,35.0,6.2000003,35.000008,2024-08-30,14,3221.3395844893453,2093.414686237309,8.826177302681181,6.2000003,1.0,-0.3247258327490141
2024-08-30,14,SURESTE,0.81999993,11.400001,76.0,11.039999,54.0,9.799999,95.0,2024-08-30,14,2572.9678229986193,1922.7893675427363,8.487544161998471,9.799999,1.0,-0.14547412858125416
2024-08-30,15,CENTRO,0.87,12.900001,77.0,11.309999,52.0,10.1,61.0,2024-08-30,15,1577.7235451994814,1244.1261606877085,7.374979355367196,10.1,1.0,-0.563841580812446
2024-08-30,15,NORTE,0.8362209,7.699999,64.0,11.72288,33.0,9.1,13.0,2024-08-30,15,2178.463914868768,1547.0006342465517,8.823831166130448,9.1,1.0,-0.5978996912262843
2024-08-30,15,SURESTE,0.84,12.6,62.0,16.63,44.0,13.099999,83.0,2024-08-30,15,2048.9479612439372,1623.701607359373,8.494732510340102,13.099999,1.0,-0.3912835642736605
2024-08-30,16,CENTRO,0.86,11.900001,64.0,10.24,48.0,12.9,68.0,2024-08-30,16,1239.9438110942406,1018.6880279120954,7.39645654665877,12.9,1.0,-0.741534892317291
2024-08-30,16,NORTE,0.82990783,7.799999,71.0,11.468151,27.999998,7.3,59.0,2024-08-30,16,2907.307056354539,1975.312379027143,8.862901699440318,7.3,1.0,-0.40698441821315456
2024-08-30,16,SURESTE,0.84999996,10.700001,51.0,10.309999,49.0,13.4,111.0,2024-08-30,16,1722.9382511551526,1362.2164735639528,8.485846812588317,13.4,1.0,-0.5442095671141495
2024-08-30,17,CENTRO,0.88000005,12.1,54.0,9.2,46.0,12.2,77.0,2024-08-30,17,1317.6614947527378,1069.72792749534,7.469094363397011,12.199999999999998,1.0,-0.7006505195222622
2024-08-30,17,NORTE,0.8357302,8.9,65.0,10.832418,26.999998,8.1,43.000004,2024-08-30,17,2471.8318313609952,1719.2383648899481,8.839029145568086,8.1,1.0,-0.5210540536913936
2024-08-30,17,SURESTE,0.78,10.3,41.0,7.46,40.0,15.5,143.0,2024-08-30,17,1127.4165997244427,906.101811088331,8.501490285753263,15.5,1.0,-0.8235593623501977
2024-08-30,18,CENTRO,0.89,12.000001,40.0,9.61,44.0,11.4,140.0,2024-08-30,18,1573.9335855479271,1229.99913276555,7.504627563857779,11.4,1.0,-0.5658353371363366
2024-08-30,18,NORTE,0.89616984,10.499999,48.0,10.707246,29.999998,8.9,78.0,2024-08-30,18,2603.2770362430592,1867.3063720064986,8.85248111961952,8.9,1.0,-0.48662291789834866
2024-08-30,18,SURESTE,0.80999994,11.700001,37.0,7.5299997,33.0,12.5,151.0,2024-08-30,18,1275.1116714770815,983.6307741482749,8.569209643823264,12.5,1.0,-0.7542779383207749
2024-08-30,19,CENTRO,0.94,15.6,31.0,8.829999,42.0,11.0,314.0,2024-08-30,19,2002.993235237849,1563.080970671049,7.628424681269494,11.0,1.0,-0.34012306878942383
2024-08-30,19,NORTE,0.8836977,10.999999,36.0,8.381756,41.0,13.4,104.0,2024-08-30,19,2002.3286494330932,1583.985913287402,8.881969150189185,13.4,1.0,-0.6440370702778897
2024-08-30,19,SURESTE,0.85999995,13.000001,33.0,7.9699993,23.0,12.7,106.0,2024-08-30,19,1905.5760271136721,1496.1363430715003,8.690375735154175,12.700000000000001,1.0,-0.458537072766031
2024-08-30,20,CENTRO,0.91,11.6,34.0,8.349999,46.0,10.9,159.0,2024-08-30,20,1689.482171928085,1317.9789644574628,7.440583916380109,10.9,1.0,-0.5050495383435744
2024-08-30,20,NORTE,1.1639807,20.599998,22.0,12.5084915,10.999996,9.9,82.0,2024-08-30,20,2393.9494189794104,1762.5794801832171,8.87089936701006,9.9,1.0,-0.5414547972484237
2024-08-30,20,SURESTE,0.92999995,15.900001,25.0,8.05,52.0,9.099999,253.0,2024-08-30,20,1808.8288242386252,1281.7467846334607,8.604894415944425,9.099999,1.0,-0.5039196566702022
2024-08-30,21,CENTRO,0.97,16.6,26.0,6.2700005,33.0,5.3999996,9.999992,2024-08-30,21,3485.262945700854,2348.993134621963,7.320086398641087,5.3999996,1.0,0.43964370464712543
2024-08-30,21,NORTE,1.1998465,15.099999,29.0,12.413143,14.0,11.5,69.0,2024-08-30,21,1948.0658825306077,1475.6829074706136,8.848594854261842,11.5,1.0,-0.6582508158260985
2024-08-30,21,SURESTE,0.93999994,13.500001,28.0,6.709999,24.0,13.0,117.0,2024-08-30,21,1725.7460073886284,1351.708791932492,8.608736984098847,13.0,1.0,-0.5428924930379848
2024-08-30,22,CENTRO,1.07,19.300001,19.0,8.589999,34.0,5.3,62.0,2024-08-30,22,3015.74744382429,2046.9925656531475,7.2638080202742294,5.3,1.0,0.1926491223572595
2024-08-30,22,NORTE,1.1762266,12.699999,27.0,12.8605585,14.999996,9.6,83.0,2024-08-30,22,2507.7721608971024,1831.0868606588706,8.88083233748202,9.6,1.0,-0.5116397401923597
2024-08-30,22,SURESTE,0.8899999,12.1,29.0,6.5,17.000004,10.099999,93.0,2024-08-30,22,2538.7197050417008,1905.580175810166,8.539356861845585,10.099999,1.0,-0.1615393794675998
2024-08-30,23,CENTRO,0.96000004,19.900002,18.0,8.879999,15.0,6.8999996,24.0,2024-08-30,23,2588.795305364931,1862.081362965386,7.325314999817317,6.8999996,1.0,-0.03195446298774247
2024-08-30,23,NORTE,1.2606852,20.199999,21.0,14.834016,14.999996,5.9,118.0,2024-08-30,23,4734.142473096702,3097.3183254939795,8.940006608037711,5.900000000000001,1.0,0.0715421158040331
2024-08-30,23,SURESTE,0.92999995,16.4,20.0,6.6899986,20.0,4.2999997,174.0,2024-08-30,23,3146.3782772624972,1824.232948725905,8.606739297911385,4.2999997,1.0,0.12350365350272968
2024-08-31,0,CENTRO,0.98,23.800001,12.000002,11.36,31.0,4.2,127.0,2024-08-31,0,3911.6011641996774,2471.8141378465707,7.328481854702736,4.2,1.0,0.6639243296135975
2024-08-31,0,NORTE,1.2066555,15.4,18.0,15.063207,17.0,6.0,110.0,2024-08-31,0,4565.324918816353,2997.077032806852,8.97399840949193,6.0,1.0,0.027321559102161552
2024-08-31,0,SURESTE,0.90999997,16.4,17.000002,5.8342648,24.0,4.2,194.0,2024-08-31,0,2945.401393936522,1650.6223817212492,8.671332565388393,4.2,1.0,0.029228573714429624
2024-08-31,1,CENTRO,0.95000005,13.200001,15.000001,8.879999,31.0,2.4,87.0,2024-08-31,1,6587.838111093469,3464.056716557209,7.383540175075191,2.4,1.0,2.071792704917039
2024-08-31,1,NORTE,1.1842202,12.399999,18.0,16.07979,19.999996,2.5,113.0,2024-08-31,1,11095.710059323366,5411.852186748721,9.026221746538294,2.5,1.0,1.7379094634340049
2024-08-31,1,SURESTE,0.9,16.1,14.000001,7.2599993,23.0,3.0999994,232.0,2024-08-31,1,4802.450102013838,2398.7703004442087,8.669786202438143,3.0999994000000006,1.0,0.9003407744185639
2024-08-31,2,CENTRO,0.94,13.000001,15.000001,8.889999,30.0,2.6,131.0,2024-08-31,2,6472.000971013536,3451.7365066407947,7.398395504467149,2.6,1.0,2.0108551087922204
2024-08-31,2,NORTE,1.2086284,13.499999,15.0,17.007296,20.999996,0.5,145.0,2024-08-31,2,57695.603121109234,12637.87823531699,9.061128243990632,0.5,1.0,13.944419753340034
2024-08-31,2,SURESTE,0.9599999,17.0,11.000002,6.6799994,23.0,3.3999996,174.0,2024-08-31,2,4016.9507706034906,2144.267332872968,8.699040844012686,3.3999996,1.0,0.5318754518557884
2024-08-31,3,CENTRO,0.95000005,14.5,14.000002,9.589999,33.0,2.8999996,75.0,2024-08-31,3,5607.0565555268295,3102.7437722140235,7.56089640170846,2.8999996,1.0,1.5558401332414096
2024-08-31,3,NORTE,1.2005857,13.999999,14.000001,17.094442,23.999996,2.5,120.0,2024-08-31,3,11409.5366981068,5561.120301600353,9.118230908473246,2.5,1.0,1.8201141176480717
2024-08-31,3,SURESTE,0.9,17.400002,12.000001,6.799999,24.0,5.0999994,88.0,2024-08-31,3,5293.008777410978,3326.4748737793275,8.7691697017908,5.0999994,1.0,1.1304540964014553
2024-08-31,4,CENTRO,0.93,21.300001,9.000002,15.54,36.0,3.8999999,32.999992,2024-08-31,4,4638.360378107612,2789.552418245944,7.618224082615774,3.8999999,1.0,1.0462452279589172
2024-08-31,4,NORTE,1.1827972,15.4,12.000001,16.999746,25.0,2.2000003,133.0,2024-08-31,4,13194.292770356944,6139.4922684212725,9.155620741569379,2.2000003,1.0,2.2876182668959792
2024-08-31,4,SURESTE,0.85999995,16.5,13.000001,7.1399994,25.0,3.9999995,36.0,2024-08-31,4,7002.5837266034005,4019.53750695235,8.776788676094972,3.9999995,1.0,1.9323886874448624
2024-08-31,5,CENTRO,0.91,18.800001,9.000002,14.69,51.0,1.8999996,226.0,2024-08-31,5,10788.22685681049,4906.710746392743,7.594574138915183,1.8999996,1.0,4.281460457220949
2024-08-31,5,NORTE,1.1485288,18.3,9.0,18.50556,25.999998,3.1,223.0,2024-08-31,5,9014.413365271315,4643.224384173201,9.18427107101644,3.1,1.0,1.1927286090786249
2024-08-31,5,SURESTE,0.8899999,18.0,9.000002,8.039999,34.0,3.6999993,257.0,2024-08-31,5,4682.420211149587,2527.584593556734,8.77727376048028,3.6999992999999995,1.0,0.8440366495314522
2024-08-31,6,CENTRO,0.96000004,23.0,6.000002,17.65,47.0,2.4,252.0,2024-08-31,6,8654.866477404725,4285.065409228493,7.41362835207251,2.4,1.0,3.159179182845462
2024-08-31,6,NORTE,1.139929,21.3,6.0,19.44463,28.999996,5.1,271.0,2024-08-31,6,4978.273142800656,3010.7902822787105,9.039581329607403,5.1,1.0,0.13549040701302514
2024-08-31,6,SURESTE,0.86999995,20.6,8.000002,10.15,32.0,3.2999992,310.0,2024-08-31,6,6918.748696319375,3683.147788163802,8.710457877643105,3.2999991999999994,1.0,1.8930629996429382
2024-08-31,7,CENTRO,0.97,24.300001,5.000002,15.53,47.0,4.0999994,301.0,2024-08-31,7,5209.055415828128,3142.6816683070606,7.282476227403923,4.0999994,1.0,1.3464665878358406
2024-08-31,7,NORTE,1.1309437,16.099998,10.0,19.36916,29.999998,4.5,276.0,2024-08-31,7,5557.9747310074445,3215.215428244294,8.990699398950579,4.5,1.0,0.28733911173298926
2024-08-31,7,SURESTE,0.96999997,29.1,5.000002,11.92,30.0,3.9999995,280.0,2024-08-31,7,4962.561805597368,2821.8703026315766,8.606574607359626,3.9999995,1.0,0.9754466442110381
2024-08-31,8,CENTRO,1.02,28.2,7.000002,18.199999,48.0,2.8999996,331.0,2024-08-31,8,7138.771251363786,3951.1711131504794,7.196224271781099,2.8999996,1.0,2.361618068098521
2024-08-31,8,NORTE,1.2311379,21.5,9.0,21.10199,36.0,3.9,259.0,2024-08-31,8,6581.1728019977745,3667.7058931088386,8.905796557608694,3.9,1.0,0.5553585633140401
2024-08-31,8,SURESTE,1.0899999,37.6,6.000002,13.539999,39.0,3.3999996,283.0,2024-08-31,8,5944.17510300204,3207.1328810252635,8.567748093536558,3.3999996,1.0,1.43590592889396
2024-08-31,9,CENTRO,1.07,27.400002,12.000002,24.72,53.0,2.8999996,41.0,2024-08-31,9,5745.087960489945,3214.5783316961683,7.203479485436252,2.8999996,1.0,1.6284533037873972
2024-08-31,9,NORTE,1.2620536,20.599998,13.0,21.546288,55.0,4.3,250.0,2024-08-31,9,5982.557408149009,3465.526238674582,8.9059975281909,4.3,1.0,0.39855552183446197
2024-08-31,9,SURESTE,1.0799999,40.3,11.000002,18.96,51.0,5.8999996,308.0,2024-08-31,9,3761.2995023800054,2440.830836435159,8.521901176771012,5.899999600000001,1.0,0.4119534821700632
2024-08-31,10,CENTRO,1.0500001,22.300001,19.0,25.83,79.0,3.8999999,14.0,2024-08-31,10,4705.4219071005,2899.056329780379,7.256595413572127,3.8999999,1.0,1.0815237954931427
2024-08-31,10,NORTE,1.2774959,22.599998,17.0,21.774456,71.0,2.0000005,263.0,2024-08-31,10,12774.59509633165,5472.193544620699,8.886916045162419,2.0000005,1.0,2.177681448589404
2024-08-31,10,SURESTE,0.93999994,23.6,19.0,16.48,67.0,5.9999995,347.0,2024-08-31,10,3801.226276629549,2489.3315998425087,8.518100064477034,5.9999995,1.0,0.43068250097945515
2024-08-31,11,CENTRO,1.0500001,19.900002,30.0,18.0,76.0,4.6,357.0,2024-08-31,11,4337.90703142431,2796.5132214984224,7.30332014812108,4.6,1.0,0.8881879357821311
2024-08-31,11,NORTE,1.2122818,19.9,28.0,20.482904,75.0,1.8000002,252.0,2024-08-31,11,14210.128314232375,5845.359768035446,8.884154061108235,1.8000002,1.0,2.553709156905685
2024-08-31,11,SURESTE,0.9499999,20.7,28.0,12.69,43.0,6.7,27.0,2024-08-31,11,3918.897568350004,2652.9110998191513,8.532861273154325,6.7,1.0,0.4858802442828236
2024-08-31,12,CENTRO,1.09,20.0,39.0,18.32,67.0,8.099999,33.999992,2024-08-31,12,2101.023899450813,1574.4143232803524,7.287672189556913,8.099999,1.0,-0.2885527950453104
2024-08-31,12,NORTE,1.0703764,14.399999,39.0,17.508495,62.0,2.2000003,336.0,2024-08-31,12,8778.485401387137,3791.55618632349,8.861304429590596,2.2000003,1.0,1.1309289582723354
2024-08-31,12,SURESTE,0.90999997,15.800001,41.0,14.419999,46.0,7.8999996,29.0,2024-08-31,12,3346.1728353999806,2361.9198358327703,8.505205476141377,7.899999600000001,1.0,0.21722412323022977
2024-08-31,13,CENTRO,0.93,13.6,46.0,15.009999,66.0,6.7,44.0,2024-08-31,13,2493.4805025294563,1792.942779023882,7.434149240608243,6.7,1.0,-0.08209602342247828
2024-08-31,13,NORTE,0.9460828,8.199999,45.0,14.945274,34.0,5.0,356.0,2024-08-31,13,3792.199752474833,2252.7094367728364,8.84830213322276,5.0,1.0,-0.17519307512286825
2024-08-31,13,SURESTE,0.84,9.900001,49.0,11.039999,59.0,7.4999995,105.0,2024-08-31,13,3209.6278617032594,2251.1607233094646,8.511735991524345,7.4999995,1.0,0.15317303398594767
2024-08-31,14,CENTRO,0.99,23.6,26.0,13.62,52.0,12.3,18.0,2024-08-31,14,1491.737070202905,1209.4154059564507,7.438707021939643,12.300000000000002,1.0,-0.6090758561227869
2024-08-31,14,NORTE,0.8818499,9.799997,40.0,10.518276,33.0,17.5,357.0,2024-08-31,14,1080.751816820072,869.4285922689629,8.817052262106646,17.5,1.0,-0.885437561805085
2024-08-31,14,SURESTE,0.93999994,16.2,33.0,16.63,45.0,15.2,79.0,2024-08-31,14,1798.577707008661,1464.319549307792,8.498759788690942,15.200000000000001,1.0,-0.5087282937571183
2024-08-31,15,CENTRO,1.0,29.800001,19.0,10.08,54.0,5.3999996,314.0,2024-08-31,15,3956.751275267514,2634.6481181295635,7.29037416276724,5.3999996,1.0,0.6876761179549186
2024-08-31,15,NORTE,1.1346203,16.199999,32.0,13.409464,27.999998,6.1000004,77.0,2024-08-31,15,3778.2471975408366,2452.5614316278493,8.832971167754017,6.1000004,1.0,-0.17884784757366537
2024-08-31,15,SURESTE,0.9499999,15.300001,34.0,10.309999,35.0,7.9999995,78.0,2024-08-31,15,3404.1489109889044,2441.9555724430334,8.452416288587763,7.9999995,1.0,0.24441978405204273
2024-08-31,16,CENTRO,1.07,21.900002,25.0,9.679999,41.0,5.3,226.0,2024-08-31,16,3708.816184323427,2439.199468291288,7.1900900700660815,5.3,1.0,0.55724672003733
2024-08-31,16,NORTE,1.1525005,17.7,36.0,13.602129,22.0,6.4,90.0,2024-08-31,16,3901.111494788054,2597.8232720605165,8.824874320018756,6.400000000000001,1.0,-0.14666441945674347
2024-08-31,16,SURESTE,0.84,13.8,33.0,7.46,29.0,9.599999,249.0,2024-08-31,16,1630.8659476854018,1171.1630493135342,8.442562077853124,9.599999,1.0,-0.5873992295880399
2024-08-31,17,CENTRO,0.99,14.5,30.0,8.58,29.0,6.5,108.0,2024-08-31,17,2440.7016090216616,1754.1397855830546,7.180244267189242,6.5,1.0,-0.10986102948420841
2024-08-31,17,NORTE,1.1240556,17.099998,34.0,13.554185,17.999996,5.8,96.0,2024-08-31,17,4465.354499803658,2909.2872190796647,8.821208889018495,5.8,1.0,0.0011350194303489977
2024-08-31,17,SURESTE,0.86999995,15.300001,30.0,7.5299997,23.0,6.4999995,245.0,2024-08-31,17,2366.29219215452,1526.7794322431996,8.452047943484756,6.4999995,1.0,-0.24242240076896626
2024-08-31,18,CENTRO,0.93,12.900001,32.0,8.499999,31.0,6.0,75.0,2024-08-31,18,2606.275679694723,1836.137256798371,7.204492383220477,6.0,1.0,-0.022758690454991314
2024-08-31,18,NORTE,1.1144556,16.3,36.0,13.676519,17.0,6.3,90.0,2024-08-31,18,3965.5164192021,2629.8930322290157,8.83395726454464,6.3,1.0,-0.12979400794016938
2024-08-31,18,SURESTE,1.06,23.0,22.0,7.9699993,18.0,4.4999995,278.0,2024-08-31,18,4279.0882293169725,2529.100113465949,8.443233962882239,4.4999995,1.0,0.6548399909945127
2024-08-31,19,CENTRO,1.0,13.700001,28.0,11.4,33.0,7.2,121.0,2024-08-31,19,2257.103905151516,1658.5436998377181,7.265889743392615,7.2,1.0,-0.2064449292607638
2024-08-31,19,NORTE,1.2127826,21.4,31.0,15.859592,15.999996,5.9,94.0,2024-08-31,19,4348.952026415209,2842.5527904738965,8.853494220341597,5.900000000000001,1.0,-0.02935577992197385
2024-08-31,19,SURESTE,1.4499999,34.0,18.0,8.05,31.0,6.4999995,149.0,2024-08-31,19,2514.3259432838177,1665.5489845775246,8.493597593338416,6.4999995,1.0,-0.17298210759634267
2024-08-31,20,CENTRO,1.09,19.900002,16.0,11.67,35.0,4.6,102.0,2024-08-31,20,3418.6421374413208,2242.644944193833,7.214328664335426,4.6,1.0,0.40459698384214837
2024-08-31,20,NORTE,1.5115137,37.7,9.0,19.035414,25.0,6.0,102.0,2024-08-31,20,4456.660532434342,2932.7592695173407,8.826709992614504,6.0,1.0,-0.0011423034384600772
2024-08-31,20,SURESTE,1.1999999,30.6,12.000001,6.709999,52.0,3.7999997,282.0,2024-08-31,20,5269.362100312684,2955.4181916855,8.495582819146101,3.7999996999999994,1.0,1.119361813879818
2024-08-31,21,CENTRO,1.12,21.5,10.000002,12.21,43.0,1.8999996,308.0,2024-08-31,21,10987.200287114245,5090.725207758347,7.1979300099389825,1.8999996,1.0,4.386132952821698
2024-08-31,21,NORTE,1.5667548,40.1,8.0,20.321619,29.999998,3.8000002,77.0,2024-08-31,21,6038.172346080935,3381.489666537232,8.821302537812022,3.8000002,1.0,0.41312345895909136
2024-08-31,21,SURESTE,1.25,31.8,7.000002,6.5,42.0,3.6999993,217.0,2024-08-31,21,3570.933848763544,1909.8752721716717,8.518523504092883,3.6999992999999995,1.0,0.3226559625417238
2024-08-31,22,CENTRO,1.11,17.900002,13.0,12.0199995,47.0,3.1999998,75.0,2024-08-31,22,4899.66871336043,2855.502741708634,7.258358939000845,3.1999998,1.0,1.1837097905913947
2024-08-31,22,NORTE,1.409713,24.199999,16.0,18.409334,25.999998,4.7,81.0,2024-08-31,22,5041.139547059362,3031.9247271357776,8.854241241942843,4.7,1.0,0.15195781412608061
2024-08-31,22,SURESTE,1.54,45.5,4.0,6.6899986,42.0,4.2999997,159.0,2024-08-31,22,3412.340114697461,1993.6001362888396,8.50269505989749,4.2999997,1.0,0.2482621482603377
2024-08-31,23,CENTRO,1.1500001,20.1,12.000002,13.86,36.0,3.8,86.0,2024-08-31,23,4157.379167387243,2562.1115201145853,7.351705362679949,3.7999999999999994,1.0,0.7932189641692626
2024-08-31,23,NORTE,1.6055288,33.8,8.0,19.567015,29.999998,5.7,87.0,2024-08-31,23,4362.753028932434,2793.5095578422543,8.91675047014667,5.7,1.0,-0.02574070554800118
2024-08-31,23,SURESTE,1.74,50.7,3.000002,6.8499994,58.0,8.5,76.0,2024-08-31,23,3295.6241794844536,2387.92561524683,8.575570833718668,8.5,1.0,0.1935125475964379
