date,CO,NO,NO2,PM2.5,NOX,PM10,SO2,WSR,WDR,Zona
2024-07-01 00:00:00,,,,,,,,,,CENTRO
2024-07-01 00:00:00,0.31,2.0,9.7,8.0,11.7,19.0,2.1,4.2,148.0,NORTE
2024-07-01 00:00:00,,,,,,,,,,SURESTE
2024-07-01 01:00:00,0.41,1.8,5.8,6.52,7.9,27.0,2.3,7.5,35.0,CENTRO
2024-07-01 01:00:00,0.27,1.8,8.8,8.0,10.7,24.0,2.2,4.8,110.0,NORTE
2024-07-01 01:00:00,0.67,2.1,2.8,4.1,4.9,11.0,1.7,14.7,101.0,SURESTE
2024-07-01 02:00:00,0.42,2.5,6.3,,9.0,26.0,2.4,5.8,32.0,CENTRO
2024-07-01 02:00:00,0.23,2.1,6.5,7.0,8.6,35.0,2.2,3.6,98.0,NORTE
2024-07-01 02:00:00,0.66,2.1,2.1,4.1,4.1,9.0,1.6,12.2,83.0,SURESTE
2024-07-01 03:00:00,0.37,3.8,8.0,,12.1,31.0,2.4,6.0,16.0,CENTRO
2024-07-01 03:00:00,0.21,2.8,10.5,9.0,13.3,30.0,2.2,4.8,48.0,NORTE
2024-07-01 03:00:00,0.65,,2.5,3.58,4.5,7.0,1.8,6.2,100.0,SURESTE
2024-07-01 04:00:00,0.42,4.5,12.8,,17.5,33.0,2.4,5.2,354.0,CENTRO
2024-07-01 04:00:00,0.21,2.4,9.9,7.0,12.3,32.0,2.2,4.8,62.0,NORTE
2024-07-01 04:00:00,0.64,,2.3,3.56,4.4,13.0,1.6,5.4,142.0,SURESTE
2024-07-01 05:00:00,0.38,2.6,11.5,,14.4,38.0,2.4,6.1,5.0,CENTRO
2024-07-01 05:00:00,0.31,4.4,11.3,9.0,15.7,25.0,2.2,1.8,92.0,NORTE
2024-07-01 05:00:00,0.66,2.3,3.6,3.77,5.8,11.0,1.7,4.8,59.0,SURESTE
2024-07-01 06:00:00,0.43,2.8,10.1,,13.1,40.0,2.4,6.0,48.0,CENTRO
2024-07-01 06:00:00,0.33,8.4,10.9,12.0,19.2,30.0,2.3,1.3,68.0,NORTE
2024-07-01 06:00:00,0.67,2.4,7.0,3.78,9.4,15.0,1.6,7.2,75.0,SURESTE
2024-07-01 07:00:00,0.43,5.3,12.2,,17.8,34.0,2.4,5.7,58.0,CENTRO
2024-07-01 07:00:00,0.38,9.0,10.4,11.0,19.4,35.0,2.8,3.8,109.0,NORTE
2024-07-01 07:00:00,0.74,3.5,8.9,4.27,12.4,18.0,1.6,3.6,113.0,SURESTE
2024-07-01 08:00:00,0.59,15.7,13.4,,29.4,34.0,2.4,6.4,52.0,CENTRO
2024-07-01 08:00:00,0.38,8.4,10.7,8.0,19.1,30.0,2.8,7.1,105.0,NORTE
2024-07-01 08:00:00,0.81,6.0,9.4,4.27,15.3,11.0,1.6,3.3,71.0,SURESTE
2024-07-01 09:00:00,0.57,23.9,16.0,,40.2,48.0,2.5,7.1,42.0,CENTRO
2024-07-01 09:00:00,0.32,6.1,8.2,8.0,14.3,31.0,2.5,8.4,122.0,NORTE
2024-07-01 09:00:00,0.93,10.9,12.2,4.55,22.9,18.0,1.8,5.5,76.0,SURESTE
2024-07-01 10:00:00,0.64,11.6,15.0,,26.9,54.0,2.4,9.6,49.0,CENTRO
2024-07-01 10:00:00,0.33,3.5,5.5,15.0,9.0,33.0,2.6,9.8,143.0,NORTE
2024-07-01 10:00:00,0.85,6.9,10.2,4.55,17.0,35.0,2.0,16.0,61.0,SURESTE
2024-07-01 11:00:00,0.59,7.3,13.6,,21.1,46.0,2.3,12.6,53.0,CENTRO
2024-07-01 11:00:00,0.32,3.3,5.6,18.0,8.8,50.0,3.1,12.0,125.0,NORTE
2024-07-01 11:00:00,0.88,5.8,9.0,4.77,14.7,28.0,2.1,17.1,79.0,SURESTE
2024-07-01 12:00:00,0.55,6.2,10.2,,16.6,52.0,2.4,13.5,54.0,CENTRO
2024-07-01 12:00:00,0.26,3.3,4.3,12.0,7.6,60.0,2.8,12.2,135.0,NORTE
2024-07-01 12:00:00,0.88,5.1,5.7,4.77,10.7,33.0,1.9,14.8,104.0,SURESTE
2024-07-01 13:00:00,0.45,5.0,6.5,,11.7,50.0,2.4,15.6,63.0,CENTRO
2024-07-01 13:00:00,0.29,3.6,4.4,12.0,8.0,52.0,2.6,13.9,123.0,NORTE
2024-07-01 13:00:00,0.79,4.0,4.3,4.96,8.3,46.0,1.8,16.4,112.0,SURESTE
2024-07-01 14:00:00,0.44,4.5,5.7,,10.5,55.0,2.3,15.3,71.0,CENTRO
2024-07-01 14:00:00,0.3,4.4,5.2,8.0,9.6,46.0,2.5,8.6,111.0,NORTE
2024-07-01 14:00:00,0.8,4.5,4.7,4.96,9.3,48.0,1.8,13.7,123.0,SURESTE
2024-07-01 15:00:00,0.48,4.5,7.0,,11.8,52.0,2.4,18.1,60.0,CENTRO
2024-07-01 15:00:00,0.38,5.8,8.3,11.0,14.2,31.0,2.4,7.8,110.0,NORTE
2024-07-01 15:00:00,0.9,5.1,7.4,4.79,12.5,50.0,2.0,15.6,102.0,SURESTE
2024-07-01 16:00:00,0.5,6.2,8.6,,15.1,53.0,2.6,15.7,56.0,CENTRO
2024-07-01 16:00:00,0.35,3.7,5.1,10.0,8.7,53.0,2.3,11.7,108.0,NORTE
2024-07-01 16:00:00,0.88,5.4,7.4,4.79,12.7,50.0,2.2,13.3,111.0,SURESTE
2024-07-01 17:00:00,0.51,5.7,9.4,,15.3,52.0,2.5,16.1,68.0,CENTRO
2024-07-01 17:00:00,0.37,4.3,7.1,10.0,11.3,39.0,2.1,11.8,132.0,NORTE
2024-07-01 17:00:00,0.84,4.4,7.0,6.01,11.3,44.0,2.2,13.4,117.0,SURESTE
2024-07-01 18:00:00,0.5,5.8,11.0,,17.1,54.0,2.5,14.7,58.0,CENTRO
2024-07-01 18:00:00,0.39,3.8,11.0,11.0,14.8,49.0,2.2,10.6,152.0,NORTE
2024-07-01 18:00:00,0.83,4.4,7.2,6.07,11.6,51.0,2.0,13.4,106.0,SURESTE
2024-07-01 19:00:00,0.51,3.9,9.8,,14.0,57.0,2.4,12.3,99.0,CENTRO
2024-07-01 19:00:00,0.58,5.0,14.1,10.0,19.0,50.0,2.2,7.9,178.0,NORTE
2024-07-01 19:00:00,0.81,4.2,7.8,10.51,11.9,36.0,1.8,11.1,124.0,SURESTE
2024-07-01 20:00:00,0.47,3.0,8.5,,11.7,52.0,2.4,10.3,118.0,CENTRO
2024-07-01 20:00:00,0.65,7.2,14.1,10.0,21.4,46.0,2.5,7.0,173.0,NORTE
2024-07-01 20:00:00,0.81,3.8,8.4,10.56,12.2,43.0,2.4,11.5,130.0,SURESTE
2024-07-01 21:00:00,0.49,2.3,7.4,,9.9,46.0,2.5,9.3,102.0,CENTRO
2024-07-01 21:00:00,0.32,2.4,8.7,7.0,11.1,48.0,2.4,6.7,149.0,NORTE
2024-07-01 21:00:00,0.75,3.4,5.5,8.9,8.7,46.0,2.1,11.3,127.0,SURESTE
2024-07-01 22:00:00,0.43,2.3,8.3,,10.8,39.0,2.5,7.8,72.0,CENTRO
2024-07-01 22:00:00,0.37,2.8,10.7,8.0,13.6,36.0,2.2,5.8,134.0,NORTE
2024-07-01 22:00:00,0.71,3.1,4.0,8.87,7.1,34.0,1.8,13.5,130.0,SURESTE
2024-07-01 23:00:00,0.44,1.9,4.6,,6.8,36.0,2.4,9.1,116.0,CENTRO
2024-07-01 23:00:00,0.35,10.5,13.8,11.0,24.4,32.0,2.3,4.8,84.0,NORTE
2024-07-01 23:00:00,0.79,3.4,9.2,11.21,12.6,23.0,1.8,6.7,337.0,SURESTE
2024-07-02 00:00:00,0.41,1.9,6.1,,8.3,36.0,2.4,5.6,43.0,CENTRO
2024-07-02 00:00:00,0.31,13.7,14.4,13.0,28.1,75.0,2.2,4.5,45.0,NORTE
2024-07-02 00:00:00,0.83,4.1,10.9,11.24,15.0,28.0,1.8,6.2,310.0,SURESTE
2024-07-02 01:00:00,0.42,2.0,6.9,6.37,9.2,41.0,2.3,8.0,66.0,CENTRO
2024-07-02 01:00:00,0.3,20.2,14.6,14.0,34.7,64.0,2.2,2.7,6.0,NORTE
2024-07-02 01:00:00,0.8,2.9,11.3,5.89,14.1,26.0,1.8,8.3,74.0,SURESTE
2024-07-02 02:00:00,0.48,4.1,11.9,6.6,16.3,36.0,2.3,6.8,34.0,CENTRO
2024-07-02 02:00:00,0.27,14.2,13.1,15.0,27.2,68.0,2.2,2.4,27.0,NORTE
2024-07-02 02:00:00,0.78,2.3,9.6,,11.8,27.0,1.7,4.6,82.0,SURESTE
2024-07-02 03:00:00,0.52,8.7,17.9,7.23,26.9,57.0,2.5,4.1,359.0,CENTRO
2024-07-02 03:00:00,0.23,7.3,11.5,16.0,18.9,71.0,2.1,2.3,35.0,NORTE
2024-07-02 03:00:00,0.82,4.3,11.2,,15.4,30.0,1.7,1.8,299.0,SURESTE
2024-07-02 04:00:00,0.55,8.1,15.4,12.31,23.8,50.0,2.5,1.7,250.0,CENTRO
2024-07-02 04:00:00,0.23,4.6,13.0,20.0,17.6,61.0,2.2,2.4,46.0,NORTE
2024-07-02 04:00:00,0.83,7.2,10.5,,17.6,38.0,1.7,1.9,261.0,SURESTE
2024-07-02 05:00:00,0.55,10.2,14.3,12.02,24.7,51.0,2.5,1.7,206.0,CENTRO
2024-07-02 05:00:00,0.22,5.9,12.2,21.0,18.2,73.0,2.2,3.2,28.0,NORTE
2024-07-02 05:00:00,0.88,10.7,15.7,,26.3,36.0,1.7,2.5,272.0,SURESTE
2024-07-02 06:00:00,0.56,11.8,11.8,10.74,23.8,50.0,2.4,1.7,29.0,CENTRO
2024-07-02 06:00:00,0.27,9.3,10.9,20.0,20.1,70.0,2.2,2.2,27.0,NORTE
2024-07-02 06:00:00,0.91,18.9,15.1,,34.0,57.0,1.8,1.8,338.0,SURESTE
2024-07-02 07:00:00,0.61,14.6,14.6,11.67,29.6,54.0,2.5,2.0,28.0,CENTRO
2024-07-02 07:00:00,0.36,7.1,7.8,18.0,14.9,75.0,2.2,5.1,80.0,NORTE
2024-07-02 07:00:00,1.03,24.0,15.9,,39.8,58.0,1.9,1.9,316.0,SURESTE
2024-07-02 08:00:00,0.67,15.6,16.9,13.79,32.8,64.0,2.6,4.8,339.0,CENTRO
2024-07-02 08:00:00,0.36,8.6,8.9,19.0,17.5,70.0,2.2,2.1,75.0,NORTE
2024-07-02 08:00:00,1.18,21.0,17.7,,38.6,68.0,1.9,3.4,12.0,SURESTE
2024-07-02 09:00:00,0.85,17.9,16.4,27.05,34.6,66.0,2.5,5.5,349.0,CENTRO
2024-07-02 09:00:00,0.34,7.0,9.1,20.0,16.1,64.0,2.4,4.1,72.0,NORTE
2024-07-02 09:00:00,0.98,17.2,16.2,,33.5,79.0,2.0,5.6,39.0,SURESTE
2024-07-02 10:00:00,0.82,16.3,17.5,21.61,34.0,80.0,2.5,6.6,15.0,CENTRO
2024-07-02 10:00:00,0.33,2.8,7.6,16.0,10.4,78.0,2.5,7.2,107.0,NORTE
2024-07-02 10:00:00,0.96,12.5,17.0,,29.5,76.0,2.0,4.1,56.0,SURESTE
2024-07-02 11:00:00,0.85,11.6,21.4,19.26,33.2,80.0,2.5,7.0,348.0,CENTRO
2024-07-02 11:00:00,0.29,2.7,5.2,12.0,7.9,63.0,2.2,10.5,137.0,NORTE
2024-07-02 11:00:00,0.92,7.8,15.8,,23.5,69.0,1.9,8.3,67.0,SURESTE
2024-07-02 12:00:00,0.67,5.9,17.6,26.32,23.8,82.0,2.4,9.1,56.0,CENTRO
2024-07-02 12:00:00,0.24,2.7,3.4,10.0,6.0,40.0,2.0,12.4,141.0,NORTE
2024-07-02 12:00:00,0.85,3.7,9.3,,12.9,61.0,1.9,11.2,90.0,SURESTE
2024-07-02 13:00:00,0.52,2.8,9.4,19.25,12.4,74.0,2.4,10.8,53.0,CENTRO
2024-07-02 13:00:00,0.24,2.8,3.6,10.0,6.4,47.0,2.0,12.7,142.0,NORTE
2024-07-02 13:00:00,0.78,3.9,5.2,,9.1,62.0,1.9,19.3,105.0,SURESTE
2024-07-02 14:00:00,0.42,2.9,4.8,17.41,8.0,58.0,2.4,12.6,122.0,CENTRO
2024-07-02 14:00:00,0.23,2.8,2.8,,5.7,42.0,2.0,13.2,147.0,NORTE
2024-07-02 14:00:00,0.75,4.1,4.4,,8.5,53.0,1.7,17.4,116.0,SURESTE
2024-07-02 15:00:00,0.42,3.0,4.1,20.03,7.4,45.0,2.4,12.7,107.0,CENTRO
2024-07-02 15:00:00,0.23,2.9,3.0,,5.9,33.0,2.0,14.4,142.0,NORTE
2024-07-02 15:00:00,0.72,4.1,4.4,,8.5,48.0,1.8,18.3,123.0,SURESTE
2024-07-02 16:00:00,0.41,3.0,4.6,19.32,7.8,45.0,2.4,13.5,107.0,CENTRO
2024-07-02 16:00:00,0.23,3.1,3.1,,6.2,41.0,2.2,15.5,142.0,NORTE
2024-07-02 16:00:00,0.72,4.0,4.5,,,46.0,1.8,17.5,126.0,SURESTE
2024-07-02 17:00:00,0.41,3.2,4.5,17.19,8.0,44.0,2.4,15.2,101.0,CENTRO
2024-07-02 17:00:00,0.2,2.6,3.4,,6.1,40.0,2.2,15.2,149.0,NORTE
2024-07-02 17:00:00,0.71,3.9,4.4,,8.3,44.0,1.8,17.3,125.0,SURESTE
2024-07-02 18:00:00,0.4,3.2,4.7,19.64,8.2,44.0,2.3,17.4,103.0,CENTRO
2024-07-02 18:00:00,0.28,2.5,5.6,,8.1,40.0,2.1,13.6,148.0,NORTE
2024-07-02 18:00:00,0.71,3.9,4.6,,8.5,37.0,1.7,16.7,130.0,SURESTE
2024-07-02 19:00:00,0.4,2.9,5.9,17.84,9.1,43.0,2.3,15.9,103.0,CENTRO
2024-07-02 19:00:00,0.33,3.0,10.3,14.0,13.4,39.0,2.2,13.8,128.0,NORTE
2024-07-02 19:00:00,0.69,3.5,4.9,,8.5,45.0,1.7,15.9,138.0,SURESTE
2024-07-02 20:00:00,0.43,2.2,7.1,20.81,9.6,42.0,2.4,13.4,117.0,CENTRO
2024-07-02 20:00:00,0.27,2.4,6.1,13.0,8.5,53.0,2.0,17.3,131.0,NORTE
2024-07-02 20:00:00,0.73,3.4,6.7,,10.1,34.0,1.7,12.8,130.0,SURESTE
2024-07-02 21:00:00,0.42,2.2,7.5,12.79,9.9,49.0,2.5,11.2,119.0,CENTRO
2024-07-02 21:00:00,0.25,2.2,4.0,14.0,6.3,45.0,2.1,17.9,129.0,NORTE
2024-07-02 21:00:00,0.84,3.8,9.9,,13.6,42.0,1.7,14.4,99.0,SURESTE
2024-07-02 22:00:00,0.43,2.6,7.5,,10.4,57.0,2.3,12.4,69.0,CENTRO
2024-07-02 22:00:00,0.24,2.1,4.8,13.0,7.0,72.0,2.0,13.8,125.0,NORTE
2024-07-02 22:00:00,0.7,3.1,4.1,,7.3,53.0,1.7,18.5,119.0,SURESTE
2024-07-02 23:00:00,0.41,2.2,5.6,11.55,8.0,68.0,2.4,11.2,82.0,CENTRO
2024-07-02 23:00:00,0.25,2.0,5.1,14.0,7.1,58.0,2.0,11.4,127.0,NORTE
2024-07-02 23:00:00,0.69,2.7,3.8,,6.5,54.0,1.7,18.0,114.0,SURESTE
2024-07-03 00:00:00,0.4,2.2,5.2,12.14,7.7,71.0,2.3,10.3,70.0,CENTRO
2024-07-03 00:00:00,0.21,1.8,4.2,13.0,6.1,73.0,2.0,10.1,125.0,NORTE
2024-07-03 00:00:00,0.67,2.4,3.1,,5.5,56.0,1.7,19.3,101.0,SURESTE
2024-07-03 01:00:00,0.38,1.9,4.4,13.15,6.5,73.0,2.3,9.8,68.0,CENTRO
2024-07-03 01:00:00,0.21,1.7,3.9,12.0,5.6,51.0,2.0,9.3,125.0,NORTE
2024-07-03 01:00:00,0.66,2.1,3.0,7.74,5.1,47.0,1.7,18.2,93.0,SURESTE
2024-07-03 02:00:00,0.38,1.8,4.5,14.39,6.5,71.0,2.4,9.2,37.0,CENTRO
2024-07-03 02:00:00,0.2,1.7,3.5,12.0,5.2,49.0,1.9,8.4,117.0,NORTE
2024-07-03 02:00:00,0.63,2.1,2.5,7.71,4.5,51.0,,15.6,103.0,SURESTE
2024-07-03 03:00:00,0.36,1.8,3.9,18.64,5.9,63.0,2.4,7.5,44.0,CENTRO
2024-07-03 03:00:00,0.19,1.8,4.6,11.0,6.4,44.0,1.9,7.6,111.0,NORTE
2024-07-03 03:00:00,0.62,,2.2,7.92,4.2,47.0,1.6,12.9,106.0,SURESTE
2024-07-03 04:00:00,0.35,,3.6,16.76,5.6,51.0,2.4,5.8,41.0,CENTRO
2024-07-03 04:00:00,0.21,2.5,6.1,12.0,8.6,53.0,2.1,6.5,108.0,NORTE
2024-07-03 04:00:00,0.61,,2.0,7.96,4.1,43.0,1.7,12.2,97.0,SURESTE
2024-07-03 05:00:00,0.38,,3.2,16.91,5.2,50.0,2.4,6.0,33.0,CENTRO
2024-07-03 05:00:00,0.26,4.6,7.5,14.0,12.1,60.0,2.2,6.0,90.0,NORTE
2024-07-03 05:00:00,0.62,,2.4,8.01,4.4,37.0,1.6,10.1,110.0,SURESTE
2024-07-03 06:00:00,0.36,8.3,11.0,16.61,19.6,57.0,2.3,5.3,38.0,CENTRO
2024-07-03 06:00:00,0.32,7.4,8.0,16.0,15.4,56.0,2.3,5.7,79.0,NORTE
2024-07-03 06:00:00,0.64,2.2,4.1,8.01,6.3,40.0,1.6,8.5,86.0,SURESTE
2024-07-03 07:00:00,0.45,11.6,12.3,21.66,24.2,69.0,2.4,2.8,50.0,CENTRO
2024-07-03 07:00:00,0.38,8.6,8.8,18.0,17.4,72.0,2.3,5.4,85.0,NORTE
2024-07-03 07:00:00,0.74,7.0,9.6,8.34,16.5,46.0,1.7,6.5,73.0,SURESTE
2024-07-03 08:00:00,0.56,17.7,12.7,36.28,30.7,70.0,2.4,3.9,43.0,CENTRO
2024-07-03 08:00:00,0.35,7.7,9.0,21.0,16.7,87.0,2.1,4.4,102.0,NORTE
2024-07-03 08:00:00,0.8,11.1,10.0,8.34,21.0,54.0,1.8,5.0,59.0,SURESTE
2024-07-03 09:00:00,0.7,18.9,13.7,42.21,32.9,73.0,2.4,6.8,43.0,CENTRO
2024-07-03 09:00:00,0.38,5.7,8.4,20.0,14.1,82.0,2.0,5.5,136.0,NORTE
2024-07-03 09:00:00,0.85,11.4,11.6,8.63,22.9,57.0,1.8,7.5,74.0,SURESTE
2024-07-03 10:00:00,0.72,19.6,17.9,43.66,37.8,85.0,2.6,8.8,46.0,CENTRO
2024-07-03 10:00:00,0.36,3.6,8.0,19.0,11.6,66.0,1.8,5.6,128.0,NORTE
2024-07-03 10:00:00,0.87,10.0,12.8,8.63,22.7,63.0,1.9,8.7,97.0,SURESTE
2024-07-03 11:00:00,0.69,12.9,17.9,,31.0,97.0,2.4,11.0,59.0,CENTRO
2024-07-03 11:00:00,0.33,3.1,8.5,20.0,11.6,72.0,2.4,6.2,100.0,NORTE
2024-07-03 11:00:00,0.84,6.9,12.7,15.65,19.4,65.0,1.9,10.6,80.0,SURESTE
2024-07-03 12:00:00,0.6,8.3,17.1,38.09,25.7,87.0,2.4,10.1,47.0,CENTRO
2024-07-03 12:00:00,0.31,2.2,7.5,22.0,9.7,63.0,3.4,6.9,98.0,NORTE
2024-07-03 12:00:00,0.84,3.8,9.7,15.64,13.4,72.0,2.1,12.3,76.0,SURESTE
2024-07-03 13:00:00,0.56,4.5,14.8,38.35,19.5,92.0,2.4,10.4,34.0,CENTRO
2024-07-03 13:00:00,0.26,2.5,5.1,13.0,7.5,59.0,3.3,11.7,123.0,NORTE
2024-07-03 13:00:00,0.78,2.7,9.1,15.63,11.7,72.0,2.7,11.4,77.0,SURESTE
2024-07-03 14:00:00,0.54,2.8,11.0,37.17,14.0,88.0,2.4,12.2,54.0,CENTRO
2024-07-03 14:00:00,0.25,2.6,3.8,9.0,6.4,49.0,2.7,13.2,131.0,NORTE
2024-07-03 14:00:00,0.77,2.9,6.4,15.56,9.2,65.0,2.5,16.5,90.0,SURESTE
2024-07-03 15:00:00,0.45,2.7,6.4,26.78,9.3,66.0,2.4,13.4,80.0,CENTRO
2024-07-03 15:00:00,0.25,2.6,3.6,7.0,6.2,41.0,2.6,13.4,140.0,NORTE
2024-07-03 15:00:00,0.74,3.4,5.1,18.66,8.5,55.0,2.3,17.2,112.0,SURESTE
2024-07-03 16:00:00,0.41,2.8,5.2,17.0,8.2,48.0,2.3,13.3,102.0,CENTRO
2024-07-03 16:00:00,0.22,2.7,3.8,7.0,6.4,25.0,2.6,14.1,138.0,NORTE
2024-07-03 16:00:00,0.73,3.5,4.8,18.85,8.3,43.0,2.2,16.3,116.0,SURESTE
2024-07-03 17:00:00,0.45,3.3,6.8,13.87,10.4,43.0,2.4,13.0,99.0,CENTRO
2024-07-03 17:00:00,0.22,2.8,5.1,,7.8,33.0,2.4,14.9,148.0,NORTE
2024-07-03 17:00:00,0.7,3.5,4.8,26.78,8.3,32.0,2.0,15.8,124.0,SURESTE
2024-07-03 18:00:00,0.43,3.1,7.8,11.53,11.2,38.0,2.5,13.2,101.0,CENTRO
2024-07-03 18:00:00,0.24,2.4,4.9,,7.4,29.0,2.3,12.8,151.0,NORTE
2024-07-03 18:00:00,0.69,3.2,5.0,26.85,,28.0,2.2,15.3,136.0,SURESTE
2024-07-03 19:00:00,0.41,2.5,9.1,10.72,11.9,39.0,2.4,15.2,109.0,CENTRO
2024-07-03 19:00:00,0.29,2.3,8.0,12.0,10.3,30.0,2.2,17.3,130.0,NORTE
2024-07-03 19:00:00,0.7,3.1,6.5,22.69,9.6,27.0,2.2,14.8,140.0,SURESTE
2024-07-03 20:00:00,0.42,2.0,6.3,10.94,8.5,34.0,2.5,14.1,126.0,CENTRO
2024-07-03 20:00:00,0.28,2.2,7.0,13.0,9.2,43.0,2.2,16.3,133.0,NORTE
2024-07-03 20:00:00,0.69,2.6,6.6,22.71,9.1,29.0,2.2,12.2,130.0,SURESTE
2024-07-03 21:00:00,0.45,2.2,9.3,13.24,11.8,42.0,2.4,11.8,119.0,CENTRO
2024-07-03 21:00:00,0.26,2.1,5.6,13.0,7.8,36.0,2.1,12.8,126.0,NORTE
2024-07-03 21:00:00,0.76,3.0,8.3,20.43,11.2,21.0,2.1,16.0,110.0,SURESTE
2024-07-03 22:00:00,0.42,2.1,6.9,17.99,9.2,43.0,2.4,13.7,73.0,CENTRO
2024-07-03 22:00:00,0.26,2.1,5.6,21.0,7.8,32.0,2.3,12.5,116.0,NORTE
2024-07-03 22:00:00,0.69,2.7,4.3,20.43,7.1,36.0,2.2,16.4,123.0,SURESTE
2024-07-03 23:00:00,0.41,2.0,6.5,21.06,8.7,46.0,2.4,10.5,82.0,CENTRO
2024-07-03 23:00:00,0.27,,6.1,14.0,8.2,58.0,2.4,9.5,119.0,NORTE
2024-07-03 23:00:00,0.68,2.3,3.8,11.23,6.1,35.0,2.1,18.2,97.0,SURESTE
2024-07-04 00:00:00,0.4,1.8,6.0,20.75,8.0,39.0,2.4,7.9,78.0,CENTRO
2024-07-04 00:00:00,0.24,1.8,5.2,12.0,7.0,52.0,2.2,8.5,118.0,NORTE
2024-07-04 00:00:00,0.65,2.1,2.7,13.46,4.7,32.0,2.0,20.8,94.0,SURESTE
2024-07-04 01:00:00,0.44,2.0,7.0,23.69,9.2,49.0,2.3,7.6,37.0,CENTRO
2024-07-04 01:00:00,0.22,1.8,5.3,11.0,7.1,45.0,2.2,9.3,98.0,NORTE
2024-07-04 01:00:00,0.65,1.9,2.7,12.75,4.6,31.0,2.0,15.0,107.0,SURESTE
2024-07-04 02:00:00,0.39,2.1,7.1,24.55,9.4,47.0,2.4,7.4,40.0,CENTRO
2024-07-04 02:00:00,0.22,2.2,7.8,12.0,10.0,28.0,2.3,7.3,74.0,NORTE
2024-07-04 02:00:00,0.64,1.9,2.7,12.37,4.6,23.0,1.9,12.0,114.0,SURESTE
2024-07-04 03:00:00,0.37,1.8,4.0,21.87,5.9,41.0,2.3,7.0,42.0,CENTRO
2024-07-04 03:00:00,0.22,2.0,6.1,12.0,8.1,47.0,2.1,6.3,100.0,NORTE
2024-07-04 03:00:00,0.63,1.9,2.5,11.69,4.3,30.0,1.9,11.2,102.0,SURESTE
2024-07-04 04:00:00,0.41,2.1,5.9,20.97,8.3,48.0,2.3,6.3,51.0,CENTRO
2024-07-04 04:00:00,0.23,2.3,7.6,13.0,9.9,46.0,2.0,6.2,81.0,NORTE
2024-07-04 04:00:00,0.63,1.9,2.7,11.85,4.6,28.0,1.7,8.7,105.0,SURESTE
2024-07-04 05:00:00,0.38,2.4,7.8,22.21,10.4,49.0,2.4,6.1,60.0,CENTRO
2024-07-04 05:00:00,0.28,3.2,8.2,14.0,11.4,56.0,1.9,6.4,89.0,NORTE
2024-07-04 05:00:00,0.65,2.0,5.7,12.9,7.7,30.0,1.6,8.5,61.0,SURESTE
2024-07-04 06:00:00,0.41,3.7,12.0,25.36,15.9,54.0,2.4,6.8,69.0,CENTRO
2024-07-04 06:00:00,0.36,6.7,9.9,14.0,16.6,60.0,1.9,6.6,99.0,NORTE
2024-07-04 06:00:00,0.66,2.1,7.2,13.3,9.2,38.0,1.7,9.1,81.0,SURESTE
2024-07-04 07:00:00,0.46,6.6,13.0,27.73,19.8,60.0,2.3,5.4,62.0,CENTRO
2024-07-04 07:00:00,0.37,9.0,10.2,,19.2,67.0,1.8,4.9,115.0,NORTE
2024-07-04 07:00:00,0.73,3.3,9.8,13.85,13.1,36.0,1.7,8.9,84.0,SURESTE
2024-07-04 08:00:00,0.59,13.0,13.4,27.72,26.7,61.0,2.5,7.1,71.0,CENTRO
2024-07-04 08:00:00,0.4,9.7,10.4,15.0,20.1,60.0,2.4,3.3,117.0,NORTE
2024-07-04 08:00:00,0.78,6.6,8.9,14.38,15.4,43.0,1.7,8.7,106.0,SURESTE
2024-07-04 09:00:00,0.7,23.0,15.1,29.0,38.4,72.0,2.5,5.9,53.0,CENTRO
2024-07-04 09:00:00,0.48,9.5,11.6,20.0,21.1,54.0,2.2,3.4,128.0,NORTE
2024-07-04 09:00:00,0.8,7.8,7.6,21.27,15.4,45.0,2.0,9.3,92.0,SURESTE
2024-07-04 10:00:00,0.74,22.1,19.1,36.0,41.5,76.0,2.5,7.0,36.0,CENTRO
2024-07-04 10:00:00,0.52,4.9,12.2,25.0,17.2,73.0,2.5,4.4,131.0,NORTE
2024-07-04 10:00:00,0.8,5.9,7.6,22.16,13.4,63.0,1.9,9.4,109.0,SURESTE
2024-07-04 11:00:00,0.76,15.3,23.0,40.0,38.5,98.0,2.5,6.5,45.0,CENTRO
2024-07-04 11:00:00,0.39,2.7,9.6,24.0,12.3,79.0,2.5,6.3,144.0,NORTE
2024-07-04 11:00:00,0.86,4.8,11.4,22.37,16.1,61.0,2.1,8.0,111.0,SURESTE
2024-07-04 12:00:00,0.76,10.0,25.7,40.0,35.9,103.0,2.5,7.7,32.0,CENTRO
2024-07-04 12:00:00,0.33,2.5,8.4,22.0,10.9,68.0,2.6,8.8,129.0,NORTE
2024-07-04 12:00:00,0.86,3.7,10.1,24.72,13.7,58.0,1.8,10.4,126.0,SURESTE
2024-07-04 13:00:00,0.62,3.4,15.8,,19.4,110.0,2.4,11.5,55.0,CENTRO
2024-07-04 13:00:00,0.33,2.4,8.2,22.0,10.6,60.0,2.5,7.9,118.0,NORTE
2024-07-04 13:00:00,0.84,2.7,8.7,25.79,11.4,63.0,1.7,14.1,122.0,SURESTE
2024-07-04 14:00:00,0.57,2.6,12.2,,15.0,89.0,2.5,12.3,49.0,CENTRO
2024-07-04 14:00:00,0.35,2.0,7.9,32.0,9.9,54.0,4.1,9.1,115.0,NORTE
2024-07-04 14:00:00,0.81,2.8,7.1,23.77,9.8,71.0,1.7,16.7,107.0,SURESTE
2024-07-04 15:00:00,0.55,2.4,9.3,,11.9,72.0,2.4,12.3,52.0,CENTRO
2024-07-04 15:00:00,0.3,2.2,5.5,18.0,7.7,74.0,3.3,10.8,121.0,NORTE
2024-07-04 15:00:00,0.85,2.8,7.2,23.89,9.9,63.0,1.8,17.8,102.0,SURESTE
2024-07-04 16:00:00,0.53,2.6,9.6,,12.4,63.0,2.3,12.3,54.0,CENTRO
2024-07-04 16:00:00,0.3,2.6,5.2,13.0,7.8,41.0,2.7,11.9,143.0,NORTE
2024-07-04 16:00:00,0.79,2.7,5.9,17.98,8.7,67.0,1.9,18.1,110.0,SURESTE
2024-07-04 17:00:00,0.52,2.7,8.8,34.78,11.8,57.0,2.3,12.7,60.0,CENTRO
2024-07-04 17:00:00,0.29,2.4,5.4,11.0,7.8,32.0,2.5,12.2,142.0,NORTE
2024-07-04 17:00:00,0.78,3.2,5.9,13.67,9.1,43.0,1.9,18.1,114.0,SURESTE
2024-07-04 18:00:00,0.45,2.4,6.5,25.35,9.1,53.0,2.3,13.5,109.0,CENTRO
2024-07-04 18:00:00,0.31,2.2,6.2,10.0,8.4,27.0,2.3,12.5,139.0,NORTE
2024-07-04 18:00:00,0.75,3.0,5.8,12.14,8.8,33.0,1.9,17.2,120.0,SURESTE
2024-07-04 19:00:00,0.44,2.2,6.9,20.56,9.3,44.0,2.4,13.3,112.0,CENTRO
2024-07-04 19:00:00,0.35,2.5,8.1,10.0,10.6,26.0,2.4,12.6,142.0,NORTE
2024-07-04 19:00:00,0.73,2.8,5.7,9.8,8.5,31.0,1.9,16.2,125.0,SURESTE
2024-07-04 20:00:00,0.45,2.2,7.1,19.58,9.5,43.0,2.4,12.4,114.0,CENTRO
2024-07-04 20:00:00,0.35,2.5,8.2,11.0,10.7,21.0,2.0,10.5,146.0,NORTE
2024-07-04 20:00:00,0.73,2.9,6.3,9.42,9.3,23.0,1.8,14.4,125.0,SURESTE
2024-07-04 21:00:00,0.46,1.9,8.3,15.52,10.4,40.0,2.3,8.7,122.0,CENTRO
2024-07-04 21:00:00,0.37,2.7,12.1,14.0,14.8,37.0,2.2,11.5,125.0,NORTE
2024-07-04 21:00:00,0.67,2.7,4.9,9.15,7.6,27.0,1.8,15.7,127.0,SURESTE
2024-07-04 22:00:00,0.42,1.8,5.9,15.09,8.0,37.0,2.4,10.1,120.0,CENTRO
2024-07-04 22:00:00,0.3,2.5,11.1,15.0,13.6,55.0,2.1,8.2,144.0,NORTE
2024-07-04 22:00:00,0.63,2.6,3.8,10.09,6.4,26.0,1.8,16.3,139.0,SURESTE
2024-07-04 23:00:00,0.42,1.8,5.8,16.14,7.8,37.0,2.5,10.1,111.0,CENTRO
2024-07-04 23:00:00,0.26,1.8,6.4,17.0,8.2,51.0,2.2,7.7,141.0,NORTE
2024-07-04 23:00:00,0.72,2.5,6.9,12.25,9.4,43.0,1.7,19.0,104.0,SURESTE
2024-07-05 00:00:00,0.47,2.1,10.4,16.14,12.7,43.0,2.5,9.2,38.0,CENTRO
2024-07-05 00:00:00,0.27,1.9,7.2,19.0,9.1,55.0,2.2,7.0,102.0,NORTE
2024-07-05 00:00:00,0.66,2.1,4.5,,6.6,43.0,1.8,17.2,100.0,SURESTE
2024-07-05 01:00:00,0.43,1.8,8.1,18.24,10.1,58.0,2.5,7.9,36.0,CENTRO
2024-07-05 01:00:00,0.26,2.0,9.4,20.0,11.5,59.0,2.1,7.8,82.0,NORTE
2024-07-05 01:00:00,0.67,2.0,4.9,12.91,6.9,39.0,1.7,11.4,103.0,SURESTE
2024-07-05 02:00:00,0.42,2.8,10.6,22.0,13.6,58.0,2.3,7.2,30.0,CENTRO
2024-07-05 02:00:00,0.22,1.7,6.6,21.0,8.3,66.0,2.1,8.8,121.0,NORTE
2024-07-05 02:00:00,0.65,1.9,3.4,14.85,5.3,41.0,1.7,11.5,103.0,SURESTE
2024-07-05 03:00:00,0.4,1.8,5.0,23.47,7.0,66.0,2.3,8.3,45.0,CENTRO
2024-07-05 03:00:00,0.21,1.8,5.3,22.0,7.2,69.0,2.3,6.6,112.0,NORTE
2024-07-05 03:00:00,0.63,1.9,2.7,16.86,4.6,40.0,2.0,12.6,109.0,SURESTE
2024-07-05 04:00:00,0.39,2.9,8.2,28.99,11.3,62.0,2.4,7.9,49.0,CENTRO
2024-07-05 04:00:00,0.24,2.0,6.5,23.0,8.6,66.0,2.2,5.8,104.0,NORTE
2024-07-05 04:00:00,0.63,2.0,2.9,19.99,4.9,56.0,1.9,11.4,107.0,SURESTE
2024-07-05 05:00:00,0.38,2.5,6.3,33.38,9.0,66.0,2.4,7.1,62.0,CENTRO
2024-07-05 05:00:00,0.26,3.0,9.1,23.0,12.1,53.0,2.2,5.8,74.0,NORTE
2024-07-05 05:00:00,0.63,1.9,3.9,23.55,5.8,58.0,2.1,12.1,95.0,SURESTE
2024-07-05 06:00:00,0.38,2.5,9.0,38.02,11.7,62.0,2.3,4.0,48.0,CENTRO
2024-07-05 06:00:00,0.3,3.9,8.2,22.0,12.1,60.0,2.1,6.0,79.0,NORTE
2024-07-05 06:00:00,0.65,2.1,5.5,23.98,7.6,65.0,2.1,8.9,93.0,SURESTE
2024-07-05 07:00:00,0.45,9.3,14.0,40.65,23.6,67.0,2.5,5.7,57.0,CENTRO
2024-07-05 07:00:00,0.34,6.4,8.4,25.0,14.8,59.0,2.2,5.8,85.0,NORTE
2024-07-05 07:00:00,0.73,4.2,12.0,24.26,16.1,59.0,2.0,8.8,69.0,SURESTE
2024-07-05 08:00:00,0.53,9.8,14.2,43.01,24.3,68.0,2.5,6.2,62.0,CENTRO
2024-07-05 08:00:00,0.34,7.1,9.0,27.0,16.2,98.0,2.2,6.3,73.0,NORTE
2024-07-05 08:00:00,0.77,4.8,10.6,24.54,15.3,64.0,1.9,8.4,71.0,SURESTE
2024-07-05 09:00:00,0.65,19.8,16.1,45.51,36.2,84.0,2.5,5.1,48.0,CENTRO
2024-07-05 09:00:00,0.34,5.2,8.8,27.0,14.0,88.0,2.2,4.6,106.0,NORTE
2024-07-05 09:00:00,0.82,7.3,10.5,24.12,17.7,68.0,2.0,6.1,84.0,SURESTE
2024-07-05 10:00:00,0.7,19.4,17.8,44.2,37.5,91.0,2.5,7.8,51.0,CENTRO
2024-07-05 10:00:00,0.33,3.2,7.0,26.0,10.2,80.0,2.3,4.6,118.0,NORTE
2024-07-05 10:00:00,0.81,8.1,10.6,24.49,18.6,65.0,2.0,9.3,74.0,SURESTE
2024-07-05 11:00:00,0.67,13.4,20.1,45.55,33.7,93.0,2.4,8.7,45.0,CENTRO
2024-07-05 11:00:00,0.29,2.3,6.3,25.0,8.6,78.0,2.3,5.5,101.0,NORTE
2024-07-05 11:00:00,0.85,7.8,12.3,25.05,20.0,71.0,1.9,10.3,90.0,SURESTE
2024-07-05 12:00:00,0.63,8.2,20.0,48.02,28.5,89.0,2.4,8.9,39.0,CENTRO
2024-07-05 12:00:00,0.34,2.3,5.6,22.0,8.0,82.0,2.4,6.8,128.0,NORTE
2024-07-05 12:00:00,0.93,5.1,12.6,25.66,17.5,74.0,2.0,9.8,110.0,SURESTE
2024-07-05 13:00:00,0.61,4.4,18.0,48.89,22.6,91.0,2.4,9.7,53.0,CENTRO
2024-07-05 13:00:00,0.32,2.4,5.8,20.0,8.2,54.0,2.4,8.7,135.0,NORTE
2024-07-05 13:00:00,0.9,3.4,11.4,30.09,14.8,79.0,1.9,12.4,96.0,SURESTE
2024-07-05 14:00:00,0.58,2.6,11.6,48.04,14.4,90.0,2.4,11.5,72.0,CENTRO
2024-07-05 14:00:00,0.31,2.4,5.7,18.0,8.1,61.0,2.4,8.9,138.0,NORTE
2024-07-05 14:00:00,0.84,2.8,9.5,28.82,12.2,74.0,1.9,12.6,122.0,SURESTE
2024-07-05 15:00:00,0.53,2.5,9.2,47.09,11.9,80.0,2.3,12.4,62.0,CENTRO
2024-07-05 15:00:00,0.31,2.7,5.9,17.0,8.6,47.0,2.3,9.4,121.0,NORTE
2024-07-05 15:00:00,0.82,2.7,7.6,26.42,10.2,72.0,1.8,14.4,118.0,SURESTE
2024-07-05 16:00:00,0.52,2.4,8.1,42.1,10.8,72.0,2.3,11.9,56.0,CENTRO
2024-07-05 16:00:00,0.36,2.9,6.7,17.0,9.6,52.0,2.2,10.0,103.0,NORTE
2024-07-05 16:00:00,0.75,2.7,7.0,31.31,9.6,75.0,2.0,13.4,125.0,SURESTE
2024-07-05 17:00:00,0.52,2.4,9.3,39.48,11.9,59.0,2.4,13.0,68.0,CENTRO
2024-07-05 17:00:00,0.35,2.6,9.2,24.0,11.8,44.0,2.9,10.0,117.0,NORTE
2024-07-05 17:00:00,0.7,2.5,7.5,,9.9,64.0,2.2,13.5,126.0,SURESTE
2024-07-05 18:00:00,0.53,2.3,11.1,37.98,13.7,66.0,2.4,12.0,69.0,CENTRO
2024-07-05 18:00:00,0.43,2.2,8.8,24.0,11.0,52.0,2.4,9.0,143.0,NORTE
2024-07-05 18:00:00,0.72,2.4,7.0,25.3,9.4,65.0,2.3,14.1,117.0,SURESTE
2024-07-05 19:00:00,0.53,2.0,10.0,39.73,12.2,67.0,2.4,10.6,96.0,CENTRO
2024-07-05 19:00:00,0.44,2.2,9.5,18.0,11.7,52.0,2.3,9.2,136.0,NORTE
2024-07-05 19:00:00,0.72,2.3,8.2,23.18,10.4,62.0,2.4,13.2,129.0,SURESTE
2024-07-05 20:00:00,0.5,1.8,8.9,41.83,10.9,72.0,2.3,10.7,111.0,CENTRO
2024-07-05 20:00:00,0.66,5.9,19.8,23.0,25.7,80.0,2.3,8.8,110.0,NORTE
2024-07-05 20:00:00,0.72,2.2,8.3,26.96,10.5,64.0,2.7,11.3,140.0,SURESTE
2024-07-05 21:00:00,0.5,1.8,9.7,42.9,11.8,65.0,2.3,9.3,108.0,CENTRO
2024-07-05 21:00:00,0.38,2.5,8.8,20.0,11.3,84.0,2.3,13.6,134.0,NORTE
2024-07-05 21:00:00,0.73,2.3,8.2,23.8,10.4,55.0,2.5,9.0,114.0,SURESTE
2024-07-05 22:00:00,0.52,1.8,10.2,47.51,12.1,68.0,2.5,6.8,133.0,CENTRO
2024-07-05 22:00:00,0.31,2.0,5.0,16.0,7.1,67.0,1.8,11.9,127.0,NORTE
2024-07-05 22:00:00,0.7,2.4,7.6,18.07,10.0,53.0,2.2,11.8,114.0,SURESTE
2024-07-05 23:00:00,0.49,1.9,8.7,36.79,10.8,53.0,2.4,8.1,67.0,CENTRO
2024-07-05 23:00:00,0.31,2.0,5.3,15.0,7.3,52.0,2.1,9.7,116.0,NORTE
2024-07-05 23:00:00,0.68,2.4,4.4,17.15,6.7,49.0,2.0,17.2,102.0,SURESTE
2024-07-06 00:00:00,0.45,1.9,6.9,34.1,9.1,61.0,2.4,10.1,72.0,CENTRO
2024-07-06 00:00:00,0.28,1.9,5.8,15.0,7.7,61.0,2.2,8.3,89.0,NORTE
2024-07-06 00:00:00,0.67,2.1,3.4,17.37,5.4,46.0,1.8,17.7,101.0,SURESTE
2024-07-06 01:00:00,0.44,1.8,6.3,31.46,8.3,73.0,2.4,8.1,57.0,CENTRO
2024-07-06 01:00:00,0.25,1.9,6.6,,8.5,53.0,1.8,6.1,76.0,NORTE
2024-07-06 01:00:00,0.67,2.0,3.2,16.48,5.2,53.0,1.9,14.1,103.0,SURESTE
2024-07-06 02:00:00,0.45,2.1,7.3,30.31,9.6,73.0,2.5,8.2,50.0,CENTRO
2024-07-06 02:00:00,0.22,1.7,6.2,16.0,7.9,76.0,1.8,6.3,93.0,NORTE
2024-07-06 02:00:00,0.67,1.9,4.0,16.46,5.9,50.0,1.8,10.1,71.0,SURESTE
2024-07-06 03:00:00,0.45,4.0,12.1,29.0,16.3,74.0,2.4,7.2,44.0,CENTRO
2024-07-06 03:00:00,0.21,1.8,6.1,16.0,7.9,67.0,1.9,6.4,93.0,NORTE
2024-07-06 03:00:00,0.66,2.1,7.9,16.5,9.9,49.0,1.8,8.4,53.0,SURESTE
2024-07-06 04:00:00,0.51,4.7,13.3,28.87,18.2,85.0,2.5,8.0,46.0,CENTRO
2024-07-06 04:00:00,0.22,3.6,8.8,17.0,12.4,48.0,2.1,5.6,57.0,NORTE
2024-07-06 04:00:00,0.66,2.1,9.4,,11.3,57.0,2.0,9.4,75.0,SURESTE
2024-07-06 05:00:00,0.43,12.2,14.1,30.88,26.5,92.0,2.5,4.9,52.0,CENTRO
2024-07-06 05:00:00,0.28,8.7,11.8,18.0,20.5,70.0,2.2,4.0,48.0,NORTE
2024-07-06 05:00:00,0.67,2.0,5.6,,7.7,61.0,1.9,7.5,66.0,SURESTE
2024-07-06 06:00:00,0.45,9.0,15.1,35.83,24.3,88.0,2.6,4.1,42.0,CENTRO
2024-07-06 06:00:00,0.28,10.2,10.4,21.0,20.6,81.0,2.3,3.9,5.0,NORTE
2024-07-06 06:00:00,0.66,2.1,7.3,,9.4,61.0,2.0,4.6,53.0,SURESTE
2024-07-06 07:00:00,0.41,11.9,13.8,32.71,25.9,45.0,2.5,3.0,64.0,CENTRO
2024-07-06 07:00:00,0.3,6.0,7.1,22.0,13.0,91.0,2.4,3.8,10.0,NORTE
2024-07-06 07:00:00,0.73,5.3,12.4,,17.6,60.0,2.1,2.5,40.0,SURESTE
2024-07-06 08:00:00,0.27,11.8,12.8,39.99,24.9,,2.5,2.2,33.0,CENTRO
2024-07-06 08:00:00,0.36,7.8,9.1,27.0,16.9,84.0,2.3,1.6,101.0,NORTE
2024-07-06 08:00:00,0.84,10.2,12.3,,22.4,62.0,2.2,4.0,296.0,SURESTE
2024-07-06 09:00:00,0.35,11.6,14.2,,26.1,,2.5,4.5,23.0,CENTRO
2024-07-06 09:00:00,0.36,4.5,9.5,28.0,14.0,121.0,2.7,4.3,97.0,NORTE
2024-07-06 09:00:00,0.97,14.9,17.5,,32.4,69.0,2.2,4.6,327.0,SURESTE
2024-07-06 10:00:00,0.51,11.2,19.5,,30.9,79.0,2.4,5.8,1.0,CENTRO
2024-07-06 10:00:00,0.33,3.0,5.8,21.0,8.8,107.0,3.0,6.9,122.0,NORTE
2024-07-06 10:00:00,1.07,9.6,19.6,,29.3,88.0,2.2,7.1,81.0,SURESTE
2024-07-06 11:00:00,0.51,8.5,22.7,,31.4,96.0,2.4,8.0,38.0,CENTRO
2024-07-06 11:00:00,0.28,2.8,5.6,20.0,8.5,72.0,2.8,9.6,115.0,NORTE
2024-07-06 11:00:00,0.99,7.0,19.2,,26.3,92.0,2.2,10.3,71.0,SURESTE
2024-07-06 12:00:00,0.31,4.2,12.7,,17.1,111.0,2.5,11.8,58.0,CENTRO
2024-07-06 12:00:00,0.21,3.2,5.0,17.0,8.2,72.0,2.9,12.3,127.0,NORTE
2024-07-06 12:00:00,0.9,4.3,11.5,,15.7,102.0,2.4,14.2,83.0,SURESTE
2024-07-06 13:00:00,0.25,3.0,10.2,,13.4,83.0,2.4,16.1,56.0,CENTRO
2024-07-06 13:00:00,0.25,3.4,5.0,16.0,8.4,64.0,2.6,12.6,122.0,NORTE
2024-07-06 13:00:00,0.82,3.4,7.7,,11.1,96.0,3.4,14.5,100.0,SURESTE
2024-07-06 14:00:00,0.23,2.8,12.2,,15.2,81.0,2.4,17.0,71.0,CENTRO
2024-07-06 14:00:00,0.25,2.9,5.2,16.0,8.1,64.0,4.2,11.5,130.0,NORTE
2024-07-06 14:00:00,0.79,3.1,9.4,,12.5,99.0,10.3,16.1,120.0,SURESTE
2024-07-06 15:00:00,0.19,2.8,16.0,,19.0,94.0,2.5,15.7,96.0,CENTRO
2024-07-06 15:00:00,0.23,3.0,5.2,,8.3,63.0,6.3,12.9,126.0,NORTE
2024-07-06 15:00:00,0.76,3.7,5.4,,9.0,116.0,5.9,16.1,119.0,SURESTE
2024-07-06 16:00:00,0.17,2.9,5.2,,8.3,72.0,2.6,13.9,94.0,CENTRO
2024-07-06 16:00:00,0.19,2.9,4.7,,7.6,64.0,4.2,12.7,127.0,NORTE
2024-07-06 16:00:00,0.69,4.1,5.3,,9.4,72.0,2.8,14.6,127.0,SURESTE
2024-07-06 17:00:00,0.18,3.2,5.3,,8.8,60.0,2.8,15.3,79.0,CENTRO
2024-07-06 17:00:00,0.21,2.8,5.7,,8.6,57.0,3.7,11.8,130.0,NORTE
2024-07-06 17:00:00,0.72,4.3,5.8,,10.1,65.0,2.5,14.5,111.0,SURESTE
2024-07-06 18:00:00,0.19,3.2,5.8,,9.2,60.0,2.9,15.8,71.0,CENTRO
2024-07-06 18:00:00,0.25,2.3,6.6,,8.9,53.0,3.3,12.9,134.0,NORTE
2024-07-06 18:00:00,0.71,3.8,5.1,,9.0,68.0,2.4,14.3,118.0,SURESTE
2024-07-06 19:00:00,0.15,2.7,6.2,,9.2,67.0,2.8,13.8,78.0,CENTRO
2024-07-06 19:00:00,0.35,2.2,9.1,17.0,11.3,52.0,2.6,11.3,133.0,NORTE
2024-07-06 19:00:00,0.67,3.4,5.7,,9.2,65.0,2.1,13.9,148.0,SURESTE
2024-07-06 20:00:00,0.14,2.3,6.7,,9.2,66.0,2.9,12.4,87.0,CENTRO
2024-07-06 20:00:00,0.46,3.2,12.1,21.0,15.3,58.0,2.4,7.1,152.0,NORTE
2024-07-06 20:00:00,0.71,3.3,7.5,,10.8,63.0,2.1,11.1,139.0,SURESTE
2024-07-06 21:00:00,0.16,2.0,7.7,,9.9,66.0,2.8,11.2,115.0,CENTRO
2024-07-06 21:00:00,0.46,3.2,14.5,20.0,17.6,64.0,2.8,5.7,147.0,NORTE
2024-07-06 21:00:00,0.71,3.4,7.3,,10.7,61.0,2.6,11.6,140.0,SURESTE
2024-07-06 22:00:00,0.17,2.0,8.1,,10.3,64.0,2.8,10.0,116.0,CENTRO
2024-07-06 22:00:00,0.51,9.8,15.4,20.0,25.2,65.0,2.9,3.0,101.0,NORTE
2024-07-06 22:00:00,0.66,3.1,6.2,,9.3,62.0,2.2,10.6,148.0,SURESTE
2024-07-06 23:00:00,0.18,1.8,8.2,,10.3,65.0,2.7,7.7,111.0,CENTRO
2024-07-06 23:00:00,0.73,36.1,21.0,31.0,57.1,81.0,2.9,3.7,11.0,NORTE
2024-07-06 23:00:00,0.68,3.4,9.4,,12.7,64.0,1.9,6.5,158.0,SURESTE
2024-07-07 00:00:00,0.19,1.9,9.2,,11.3,68.0,2.7,5.8,106.0,CENTRO
2024-07-07 00:00:00,0.52,28.4,19.8,32.0,48.2,150.0,2.7,3.4,3.0,NORTE
2024-07-07 01:00:00,0.2,1.9,9.7,,11.8,66.0,2.6,3.4,175.0,CENTRO
2024-07-07 01:00:00,0.45,21.7,17.3,28.0,39.0,157.0,2.9,4.7,19.0,NORTE
2024-07-07 01:00:00,0.92,9.1,17.3,,26.4,71.0,2.0,1.8,285.0,SURESTE
2024-07-07 02:00:00,0.21,1.9,10.3,,12.4,62.0,2.7,3.5,243.0,CENTRO
2024-07-07 02:00:00,0.28,13.7,15.0,19.0,28.6,124.0,2.7,4.0,335.0,NORTE
2024-07-07 02:00:00,0.89,11.0,16.4,,27.3,71.0,2.0,2.1,280.0,SURESTE
2024-07-07 03:00:00,0.3,5.9,14.3,,20.4,64.0,2.6,2.8,287.0,CENTRO
2024-07-07 03:00:00,0.3,9.8,11.9,15.0,21.7,81.0,2.6,4.1,331.0,NORTE
2024-07-07 03:00:00,0.91,6.6,18.0,,24.6,71.0,2.0,3.7,54.0,SURESTE
2024-07-07 04:00:00,0.86,27.9,21.2,,49.4,81.0,2.9,5.0,7.0,CENTRO
2024-07-07 04:00:00,0.34,20.2,13.1,17.0,33.3,62.0,3.0,6.2,355.0,NORTE
2024-07-07 04:00:00,0.85,7.1,17.1,,24.2,72.0,2.4,3.1,102.0,SURESTE
2024-07-07 05:00:00,0.9,20.1,18.8,,39.1,102.0,3.2,2.9,215.0,CENTRO
2024-07-07 05:00:00,0.46,29.3,13.5,23.0,42.8,100.0,4.9,5.7,9.0,NORTE
2024-07-07 05:00:00,0.87,8.7,16.5,,25.2,64.0,2.6,4.5,294.0,SURESTE
2024-07-07 06:00:00,0.54,13.8,17.8,,31.9,95.0,3.3,3.0,252.0,CENTRO
2024-07-07 06:00:00,0.38,18.1,13.8,22.0,31.9,116.0,8.1,3.3,25.0,NORTE
2024-07-07 06:00:00,0.85,8.4,15.4,,23.7,62.0,2.3,5.5,297.0,SURESTE
2024-07-07 07:00:00,0.44,12.0,16.0,,28.3,94.0,3.1,3.9,221.0,CENTRO
2024-07-07 07:00:00,0.38,11.3,13.0,22.0,24.3,100.0,6.5,3.8,18.0,NORTE
2024-07-07 07:00:00,0.92,16.2,17.4,,33.6,69.0,2.4,7.1,282.0,SURESTE
2024-07-07 08:00:00,0.32,8.6,14.1,,22.9,80.0,3.4,2.9,218.0,CENTRO
2024-07-07 08:00:00,0.34,5.6,9.0,20.0,14.5,86.0,5.3,3.5,27.0,NORTE
2024-07-07 08:00:00,0.87,13.2,16.4,,29.6,86.0,2.8,5.1,280.0,SURESTE
2024-07-07 09:00:00,0.29,7.7,13.3,,21.2,78.0,3.5,3.6,255.0,CENTRO
2024-07-07 09:00:00,0.25,3.0,6.2,17.0,9.2,88.0,4.5,3.9,65.0,NORTE
2024-07-07 09:00:00,0.92,16.3,20.2,,36.5,80.0,3.9,6.7,264.0,SURESTE
2024-07-07 10:00:00,0.34,8.4,14.8,,23.3,71.0,3.6,4.4,3.0,CENTRO
2024-07-07 10:00:00,0.18,2.4,4.0,14.0,6.3,74.0,3.6,6.3,53.0,NORTE
2024-07-07 10:00:00,0.93,15.8,22.2,,38.0,93.0,5.6,5.7,290.0,SURESTE
2024-07-07 11:00:00,0.41,5.2,13.3,,18.7,82.0,4.0,4.7,346.0,CENTRO
2024-07-07 11:00:00,0.15,2.2,3.0,11.0,5.2,59.0,3.2,4.3,41.0,NORTE
2024-07-07 11:00:00,0.85,7.8,19.9,,27.8,99.0,5.4,3.9,179.0,SURESTE
2024-07-07 12:00:00,0.47,3.3,9.1,,12.6,83.0,4.4,5.8,339.0,CENTRO
2024-07-07 12:00:00,0.16,2.2,3.0,9.0,5.1,43.0,2.9,5.1,72.0,NORTE
2024-07-07 12:00:00,0.76,3.1,8.9,,12.0,85.0,4.2,5.0,270.0,SURESTE
2024-07-07 13:00:00,0.4,2.5,7.7,,10.5,65.0,4.4,6.6,360.0,CENTRO
2024-07-07 13:00:00,0.19,,2.6,8.0,4.8,35.0,2.6,8.9,54.0,NORTE
2024-07-07 13:00:00,0.66,2.6,6.1,,8.7,70.0,3.0,7.6,36.0,SURESTE
2024-07-07 14:00:00,0.31,2.2,4.5,,6.9,62.0,3.7,7.2,355.0,CENTRO
2024-07-07 14:00:00,0.18,,3.1,8.0,5.3,31.0,2.7,9.0,69.0,NORTE
2024-07-07 14:00:00,0.64,2.4,5.2,,7.7,54.0,2.4,6.1,308.0,SURESTE
2024-07-07 15:00:00,0.27,2.3,4.0,,6.5,47.0,3.7,8.4,2.0,CENTRO
2024-07-07 15:00:00,0.22,,3.7,9.0,5.8,28.0,2.5,8.4,69.0,NORTE
2024-07-07 15:00:00,0.65,2.5,5.6,,8.1,39.0,2.4,8.3,19.0,SURESTE
2024-07-07 16:00:00,0.25,2.5,5.7,,8.4,41.0,3.2,9.5,29.0,CENTRO
2024-07-07 16:00:00,0.24,,4.2,9.0,6.3,34.0,2.6,5.9,77.0,NORTE
2024-07-07 16:00:00,0.67,2.8,6.4,,9.1,36.0,2.7,10.3,31.0,SURESTE
2024-07-07 17:00:00,0.27,2.6,7.7,,10.6,44.0,3.1,9.3,46.0,CENTRO
2024-07-07 17:00:00,0.21,1.9,4.8,8.0,6.7,38.0,2.4,3.3,26.0,NORTE
2024-07-07 17:00:00,0.68,3.0,7.2,,10.2,30.0,2.3,10.0,56.0,SURESTE
2024-07-07 18:00:00,0.29,2.8,9.0,,12.0,44.0,3.1,8.2,53.0,CENTRO
2024-07-07 18:00:00,0.32,1.9,8.7,11.0,10.6,32.0,2.7,4.2,62.0,NORTE
2024-07-07 18:00:00,0.75,3.2,7.5,,10.7,25.0,2.2,8.4,105.0,SURESTE
2024-07-07 19:00:00,0.27,2.3,7.7,,10.2,53.0,2.9,7.6,60.0,CENTRO
2024-07-07 19:00:00,0.51,2.1,13.7,15.0,15.8,41.0,2.6,5.8,146.0,NORTE
2024-07-07 19:00:00,0.75,2.5,9.4,,11.9,34.0,2.1,6.7,149.0,SURESTE
2024-07-07 20:00:00,0.26,1.9,7.9,,9.9,46.0,2.9,5.7,84.0,CENTRO
2024-07-07 20:00:00,0.59,2.2,23.3,14.0,25.6,54.0,2.9,5.5,188.0,NORTE
2024-07-07 21:00:00,0.37,1.8,11.1,,13.1,42.0,2.7,6.0,121.0,CENTRO
2024-07-07 21:00:00,0.44,2.1,18.5,13.0,20.6,63.0,3.5,6.0,193.0,NORTE
2024-07-07 22:00:00,0.37,1.8,10.0,,12.0,43.0,2.6,6.3,121.0,CENTRO
2024-07-07 22:00:00,0.82,7.4,26.7,21.0,34.1,52.0,3.1,3.8,8.0,NORTE
2024-07-07 23:00:00,0.36,1.8,9.4,,11.4,51.0,2.6,4.2,170.0,CENTRO
2024-07-07 23:00:00,0.56,3.6,25.5,19.0,29.1,141.0,2.8,3.2,26.0,NORTE
2024-07-08 00:00:00,0.46,2.0,15.9,,18.0,47.0,2.6,2.8,185.0,CENTRO
2024-07-08 00:00:00,0.45,16.1,23.2,18.0,39.3,95.0,2.7,4.1,356.0,NORTE
2024-07-08 00:00:00,1.14,10.9,27.9,,38.8,41.0,2.0,2.6,304.0,SURESTE
2024-07-08 01:00:00,0.47,1.8,17.5,,19.5,44.0,2.6,2.0,184.0,CENTRO
2024-07-08 01:00:00,0.35,9.3,18.4,16.0,27.8,93.0,2.6,5.1,338.0,NORTE
2024-07-08 01:00:00,1.19,4.0,33.4,,37.4,47.0,2.1,2.8,17.0,SURESTE
2024-07-08 02:00:00,0.46,1.9,14.1,,16.2,49.0,2.5,2.0,203.0,CENTRO
2024-07-08 02:00:00,0.3,3.4,17.3,14.0,20.7,82.0,2.6,3.5,332.0,NORTE
2024-07-08 02:00:00,1.07,3.7,27.2,,30.9,67.0,2.1,2.5,265.0,SURESTE
2024-07-08 03:00:00,0.38,1.8,12.9,,15.0,50.0,2.5,2.5,237.0,CENTRO
2024-07-08 03:00:00,0.31,5.0,19.2,13.0,24.3,62.0,2.7,4.0,322.0,NORTE
2024-07-08 03:00:00,0.78,2.3,13.3,6.11,15.5,51.0,2.0,3.1,305.0,SURESTE
2024-07-08 04:00:00,0.55,3.8,20.4,,24.3,43.0,2.5,3.0,347.0,CENTRO
2024-07-08 04:00:00,0.53,25.4,20.2,22.0,45.7,56.0,2.9,5.0,344.0,NORTE
2024-07-08 04:00:00,0.72,2.1,9.9,15.73,12.0,36.0,1.9,4.7,278.0,SURESTE
2024-07-08 05:00:00,0.69,4.8,24.3,,29.3,74.0,2.5,2.2,250.0,CENTRO
2024-07-08 05:00:00,0.65,38.1,21.8,21.0,59.9,118.0,3.4,3.9,355.0,NORTE
2024-07-08 05:00:00,0.69,2.6,9.6,16.94,12.2,35.0,1.9,5.7,293.0,SURESTE
2024-07-08 06:00:00,0.51,2.3,18.2,,20.6,79.0,2.6,2.1,253.0,CENTRO
2024-07-08 06:00:00,0.49,20.6,18.2,16.0,38.9,95.0,3.9,2.8,12.0,NORTE
2024-07-08 06:00:00,0.79,6.7,17.2,18.95,23.9,34.0,1.9,6.1,292.0,SURESTE
2024-07-08 07:00:00,0.59,7.7,20.1,,28.0,57.0,2.6,2.3,253.0,CENTRO
2024-07-08 07:00:00,0.49,9.2,16.9,15.0,26.1,81.0,4.5,5.9,15.0,NORTE
2024-07-08 07:00:00,0.95,17.3,23.1,21.34,40.4,46.0,2.1,6.2,295.0,SURESTE
2024-07-08 08:00:00,0.52,8.6,20.5,,29.4,68.0,3.2,4.0,169.0,CENTRO
2024-07-08 08:00:00,0.34,6.1,11.5,14.0,17.6,67.0,5.0,3.2,18.0,NORTE
2024-07-08 08:00:00,1.08,19.4,26.8,22.22,46.1,46.0,2.7,6.8,288.0,SURESTE
2024-07-08 09:00:00,0.6,8.9,23.3,,32.4,66.0,3.5,3.9,58.0,CENTRO
2024-07-08 09:00:00,0.33,2.8,9.2,14.0,12.0,74.0,4.2,4.4,122.0,NORTE
2024-07-08 09:00:00,1.07,11.4,27.9,26.01,39.2,59.0,4.2,6.5,273.0,SURESTE
2024-07-08 10:00:00,0.68,8.6,26.8,17.0,35.6,74.0,3.6,5.3,348.0,CENTRO
2024-07-08 10:00:00,0.33,2.3,7.5,13.0,9.8,70.0,4.0,6.8,108.0,NORTE
2024-07-08 10:00:00,1.25,11.9,36.2,,48.0,89.0,6.0,6.3,106.0,SURESTE
2024-07-08 11:00:00,0.9,9.4,35.5,33.35,45.2,85.0,3.5,7.4,85.0,CENTRO
2024-07-08 11:00:00,0.28,2.1,5.9,11.0,8.0,54.0,3.8,9.2,87.0,NORTE
2024-07-08 11:00:00,1.11,5.1,25.9,21.15,31.0,98.0,4.4,9.5,61.0,SURESTE
2024-07-08 12:00:00,0.66,3.1,19.0,29.47,22.3,98.0,3.5,10.8,69.0,CENTRO
2024-07-08 12:00:00,0.23,2.1,3.8,9.0,5.8,49.0,3.2,10.0,110.0,NORTE
2024-07-08 12:00:00,0.99,3.1,18.1,20.76,21.1,108.0,4.0,14.1,70.0,SURESTE
2024-07-08 13:00:00,0.51,2.6,14.7,30.0,17.5,92.0,3.0,12.6,41.0,CENTRO
2024-07-08 13:00:00,0.24,2.2,3.6,10.0,5.8,38.0,3.1,12.7,82.0,NORTE
2024-07-08 13:00:00,0.83,2.6,10.7,17.52,13.2,102.0,3.5,15.1,95.0,SURESTE
2024-07-08 14:00:00,0.37,2.8,10.6,23.0,13.6,72.0,3.0,15.2,50.0,CENTRO
2024-07-08 14:00:00,0.24,2.1,3.3,8.0,5.4,56.0,2.7,9.9,106.0,NORTE
2024-07-08 14:00:00,0.74,2.5,6.6,15.6,9.1,74.0,3.9,15.7,89.0,SURESTE
2024-07-08 15:00:00,0.35,2.4,7.0,21.05,9.6,65.0,3.2,14.7,69.0,CENTRO
2024-07-08 15:00:00,0.26,2.1,4.1,8.0,6.2,33.0,2.6,9.0,109.0,NORTE
2024-07-08 15:00:00,0.73,2.7,5.9,12.46,8.6,63.0,4.2,14.0,113.0,SURESTE
2024-07-08 16:00:00,0.38,2.6,7.3,21.36,10.1,53.0,2.9,14.7,73.0,CENTRO
2024-07-08 16:00:00,0.25,2.4,4.8,,7.2,33.0,2.7,10.8,124.0,NORTE
2024-07-08 16:00:00,0.76,2.8,6.2,13.47,9.0,41.0,2.8,13.7,99.0,SURESTE
2024-07-08 17:00:00,0.37,2.7,7.1,18.3,10.0,60.0,2.6,14.9,87.0,CENTRO
2024-07-08 17:00:00,0.31,2.3,6.8,9.0,9.1,37.0,2.9,12.9,146.0,NORTE
2024-07-08 17:00:00,0.74,2.7,7.7,11.68,10.4,46.0,3.0,11.1,147.0,SURESTE
2024-07-08 18:00:00,0.39,2.8,7.4,17.59,10.4,53.0,2.7,12.9,131.0,CENTRO
2024-07-08 18:00:00,0.27,2.0,7.6,9.0,9.5,56.0,2.5,6.6,41.0,NORTE
2024-07-08 18:00:00,0.68,2.8,6.8,10.35,9.6,39.0,5.0,12.3,153.0,SURESTE
2024-07-08 19:00:00,0.39,2.4,8.2,16.04,10.8,45.0,2.4,11.9,128.0,CENTRO
2024-07-08 19:00:00,0.42,1.8,12.6,8.0,14.4,67.0,2.3,3.3,178.0,NORTE
2024-07-08 19:00:00,0.74,2.6,7.9,9.2,10.5,32.0,3.9,14.9,130.0,SURESTE
2024-07-08 20:00:00,0.44,2.3,13.0,15.65,15.5,43.0,2.5,12.4,59.0,CENTRO
2024-07-08 20:00:00,0.34,2.3,8.0,9.0,10.3,25.0,2.3,10.7,147.0,NORTE
2024-07-08 20:00:00,0.76,2.4,8.1,9.65,10.4,45.0,3.7,12.0,129.0,SURESTE
2024-07-08 21:00:00,0.54,2.0,14.3,15.69,16.5,53.0,2.5,7.3,330.0,CENTRO
2024-07-08 21:00:00,0.3,1.9,6.4,9.0,8.4,30.0,2.3,8.6,130.0,NORTE
2024-07-08 21:00:00,0.77,2.5,8.9,11.06,11.4,36.0,2.5,14.4,109.0,SURESTE
2024-07-08 22:00:00,0.37,1.9,8.6,16.67,10.7,52.0,2.4,14.4,121.0,CENTRO
2024-07-08 22:00:00,0.29,2.6,15.3,10.0,18.0,35.0,2.4,5.2,44.0,NORTE
2024-07-08 22:00:00,0.74,2.5,7.4,11.11,9.9,40.0,2.1,18.3,104.0,SURESTE
2024-07-08 23:00:00,0.33,1.9,4.9,16.99,7.1,49.0,2.4,11.2,100.0,CENTRO
2024-07-08 23:00:00,0.28,2.5,18.6,11.0,21.1,56.0,2.4,4.8,29.0,NORTE
2024-07-08 23:00:00,0.71,2.2,8.5,9.24,10.7,34.0,2.0,10.7,90.0,SURESTE
2024-07-09 00:00:00,0.42,3.7,18.0,13.67,22.0,37.0,2.5,7.0,25.0,CENTRO
2024-07-09 00:00:00,0.29,2.6,19.5,13.0,22.1,56.0,2.4,4.6,38.0,NORTE
2024-07-09 00:00:00,0.72,2.0,11.7,,13.7,31.0,2.0,8.8,59.0,SURESTE
2024-07-09 01:00:00,0.45,3.5,25.5,20.62,29.2,53.0,2.4,4.2,38.0,CENTRO
2024-07-09 01:00:00,0.27,3.4,19.0,13.0,22.4,77.0,2.5,4.8,29.0,NORTE
2024-07-09 01:00:00,0.76,2.1,16.9,9.98,18.8,44.0,2.4,6.6,67.0,SURESTE
2024-07-09 02:00:00,0.57,3.1,23.9,19.96,27.3,60.0,2.5,5.8,17.0,CENTRO
2024-07-09 02:00:00,0.27,2.0,17.1,11.0,19.0,71.0,2.6,1.2,354.0,NORTE
2024-07-09 02:00:00,0.76,2.0,11.7,10.18,13.6,26.0,3.0,5.5,58.0,SURESTE
2024-07-09 03:00:00,0.94,7.5,27.1,21.98,34.7,59.0,2.5,5.3,15.0,CENTRO
2024-07-09 03:00:00,0.27,1.8,17.0,10.0,18.8,55.0,2.5,1.7,336.0,NORTE
2024-07-09 03:00:00,0.74,2.1,16.4,10.23,18.4,37.0,2.7,1.9,5.0,SURESTE
2024-07-09 04:00:00,0.78,6.9,27.3,24.35,34.4,63.0,2.6,4.0,52.0,CENTRO
2024-07-09 04:00:00,0.29,5.5,18.7,11.0,24.2,49.0,2.5,1.9,54.0,NORTE
2024-07-09 04:00:00,0.76,2.2,21.4,10.54,23.6,40.0,2.4,1.8,303.0,SURESTE
2024-07-09 05:00:00,0.82,6.8,26.9,25.74,34.0,72.0,2.6,3.3,12.0,CENTRO
2024-07-09 05:00:00,0.44,29.9,21.6,15.0,51.5,46.0,2.6,4.1,319.0,NORTE
2024-07-09 05:00:00,0.77,2.4,19.7,11.17,22.1,40.0,2.4,2.5,96.0,SURESTE
2024-07-09 06:00:00,0.89,8.2,26.9,27.5,35.3,75.0,2.5,3.2,49.0,CENTRO
2024-07-09 06:00:00,0.39,10.5,16.3,13.0,26.9,73.0,2.7,1.6,307.0,NORTE
2024-07-09 06:00:00,0.97,12.8,22.1,10.74,34.8,43.0,2.2,1.9,183.0,SURESTE
2024-07-09 07:00:00,0.79,14.0,25.8,26.55,40.0,77.0,2.6,2.3,8.0,CENTRO
2024-07-09 07:00:00,0.39,7.2,12.8,10.0,20.0,61.0,2.8,4.6,12.0,NORTE
2024-07-09 07:00:00,0.82,9.8,23.9,11.93,33.6,50.0,2.2,3.1,40.0,SURESTE
2024-07-09 08:00:00,0.89,15.4,24.8,26.91,40.3,73.0,2.6,3.0,349.0,CENTRO
2024-07-09 08:00:00,0.31,7.5,10.2,12.0,17.7,49.0,3.2,3.8,65.0,NORTE
2024-07-09 08:00:00,0.93,16.6,24.5,11.79,41.1,49.0,2.3,4.2,324.0,SURESTE
2024-07-09 09:00:00,1.0,14.0,25.0,26.5,39.2,70.0,2.5,5.1,5.0,CENTRO
2024-07-09 09:00:00,0.3,4.6,11.4,14.0,15.9,53.0,3.3,4.7,40.0,NORTE
2024-07-09 09:00:00,1.05,14.9,28.8,12.37,43.6,58.0,2.6,5.1,10.0,SURESTE
2024-07-09 10:00:00,1.01,8.5,22.9,25.69,31.6,65.0,2.6,4.9,49.0,CENTRO
2024-07-09 10:00:00,0.31,3.3,8.5,13.0,11.8,70.0,3.2,6.9,103.0,NORTE
2024-07-09 10:00:00,1.13,8.9,25.5,14.85,34.3,73.0,2.6,5.1,65.0,SURESTE
2024-07-09 11:00:00,1.01,15.4,36.1,32.02,51.8,66.0,2.6,8.1,34.0,CENTRO
2024-07-09 11:00:00,0.3,4.7,11.0,8.0,15.7,72.0,3.6,9.1,131.0,NORTE
2024-07-09 11:00:00,0.97,6.0,22.8,15.89,28.8,60.0,2.6,8.6,69.0,SURESTE
2024-07-09 12:00:00,0.6,7.3,24.0,30.67,31.4,94.0,2.7,11.3,46.0,CENTRO
2024-07-09 12:00:00,0.27,3.5,7.6,7.0,11.1,37.0,3.0,10.6,125.0,NORTE
2024-07-09 12:00:00,0.84,4.5,15.5,15.82,20.0,72.0,2.8,14.5,67.0,SURESTE
2024-07-09 13:00:00,0.47,3.3,12.1,20.76,15.6,81.0,2.7,12.6,66.0,CENTRO
2024-07-09 13:00:00,0.27,2.5,5.1,7.0,7.5,32.0,2.7,10.6,136.0,NORTE
2024-07-09 13:00:00,0.79,3.9,9.8,14.26,13.6,62.0,4.8,17.2,99.0,SURESTE
2024-07-09 14:00:00,0.42,2.6,9.1,21.12,11.9,59.0,3.9,14.4,62.0,CENTRO
2024-07-09 14:00:00,0.24,2.4,4.7,,7.1,28.0,2.7,10.8,127.0,NORTE
2024-07-09 14:00:00,0.76,3.5,8.7,13.04,12.2,58.0,14.4,18.5,97.0,SURESTE
2024-07-09 15:00:00,0.37,2.8,7.9,19.67,10.9,56.0,6.3,15.0,66.0,CENTRO
2024-07-09 15:00:00,0.26,2.2,4.7,8.0,7.0,32.0,3.1,11.0,131.0,NORTE
2024-07-09 15:00:00,0.73,3.1,6.1,16.66,9.2,76.0,10.6,18.7,102.0,SURESTE
2024-07-09 16:00:00,0.36,2.7,6.6,14.31,9.6,57.0,4.6,14.5,70.0,CENTRO
2024-07-09 16:00:00,0.29,2.5,5.5,9.0,8.0,25.0,3.5,13.6,127.0,NORTE
2024-07-09 16:00:00,0.7,2.8,5.0,14.08,7.8,56.0,4.0,16.7,116.0,SURESTE
2024-07-09 17:00:00,0.37,2.9,6.5,13.1,9.7,47.0,3.5,14.5,87.0,CENTRO
2024-07-09 17:00:00,0.27,2.4,6.0,10.0,8.4,40.0,3.6,13.3,129.0,NORTE
2024-07-09 17:00:00,0.69,2.8,5.2,10.73,8.1,34.0,2.8,15.7,117.0,SURESTE
2024-07-09 18:00:00,0.39,2.7,7.9,12.83,10.8,40.0,3.0,12.8,98.0,CENTRO
2024-07-09 18:00:00,0.29,2.0,6.0,9.0,7.9,43.0,3.6,13.4,134.0,NORTE
2024-07-09 18:00:00,0.74,3.1,6.5,7.9,9.6,31.0,2.3,15.6,131.0,SURESTE
2024-07-09 19:00:00,0.39,2.7,8.4,13.53,11.3,35.0,2.8,14.1,91.0,CENTRO
2024-07-09 19:00:00,0.3,2.1,7.0,8.0,9.1,24.0,3.1,12.6,133.0,NORTE
2024-07-09 19:00:00,0.73,2.8,7.8,7.98,10.6,34.0,2.1,14.3,143.0,SURESTE
2024-07-09 20:00:00,0.38,2.2,8.2,14.16,10.6,37.0,2.7,14.5,79.0,CENTRO
2024-07-09 20:00:00,0.36,2.5,11.7,12.0,14.2,19.0,2.7,10.3,120.0,NORTE
2024-07-09 20:00:00,0.74,2.6,8.9,9.49,11.5,33.0,2.1,11.7,137.0,SURESTE
2024-07-09 21:00:00,0.4,1.9,8.9,13.11,11.0,41.0,2.7,10.2,114.0,CENTRO
2024-07-09 21:00:00,0.3,2.1,9.5,11.0,11.5,38.0,2.6,13.4,131.0,NORTE
2024-07-09 21:00:00,0.73,2.5,7.6,9.36,10.1,26.0,2.0,11.2,135.0,SURESTE
2024-07-09 22:00:00,0.35,1.9,6.7,14.76,8.8,34.0,2.6,10.9,101.0,CENTRO
2024-07-09 22:00:00,0.28,1.8,7.3,10.0,9.1,20.0,3.1,10.9,122.0,NORTE
2024-07-09 22:00:00,0.69,2.5,7.8,7.86,10.3,23.0,2.3,11.3,127.0,SURESTE
2024-07-09 23:00:00,0.34,2.0,7.0,17.32,9.2,37.0,2.6,10.4,91.0,CENTRO
2024-07-09 23:00:00,0.25,1.9,6.2,9.0,8.1,38.0,3.1,11.0,126.0,NORTE
2024-07-09 23:00:00,0.67,,5.8,10.01,8.3,24.0,2.2,16.1,115.0,SURESTE
2024-07-10 00:00:00,0.39,1.9,9.4,17.51,11.6,43.0,2.6,8.8,62.0,CENTRO
2024-07-10 00:00:00,0.23,1.7,5.1,8.0,6.8,20.0,2.5,7.8,133.0,NORTE
2024-07-10 00:00:00,0.66,2.1,5.8,10.71,7.9,39.0,2.0,17.8,97.0,SURESTE
2024-07-10 01:00:00,0.38,1.9,8.7,16.96,10.8,37.0,2.5,8.6,61.0,CENTRO
2024-07-10 01:00:00,0.21,1.6,3.9,8.0,5.6,33.0,2.6,6.8,133.0,NORTE
2024-07-10 01:00:00,0.62,2.0,4.2,10.41,6.1,32.0,1.8,18.6,99.0,SURESTE
2024-07-10 02:00:00,0.35,1.8,6.9,14.56,9.0,40.0,2.5,8.5,43.0,CENTRO
2024-07-10 02:00:00,0.25,1.7,7.7,9.0,9.4,25.0,2.4,6.6,89.0,NORTE
2024-07-10 02:00:00,0.6,1.9,3.6,9.16,5.5,23.0,1.9,16.9,98.0,SURESTE
2024-07-10 03:00:00,0.33,1.8,5.0,14.78,7.1,37.0,2.5,6.4,30.0,CENTRO
2024-07-10 03:00:00,0.22,3.4,10.3,10.0,13.7,34.0,2.3,6.6,62.0,NORTE
2024-07-10 03:00:00,0.6,2.0,4.0,8.58,5.9,25.0,1.7,7.4,60.0,SURESTE
2024-07-10 04:00:00,0.34,3.9,11.7,16.28,15.9,36.0,2.5,7.9,38.0,CENTRO
2024-07-10 04:00:00,0.22,3.1,10.1,10.0,13.1,44.0,2.3,6.8,53.0,NORTE
2024-07-10 04:00:00,0.61,2.0,4.0,8.59,5.9,24.0,1.7,10.7,87.0,SURESTE
2024-07-10 05:00:00,0.37,4.3,17.4,17.98,22.0,49.0,2.5,6.0,16.0,CENTRO
2024-07-10 05:00:00,0.25,5.6,9.9,,15.4,53.0,2.3,6.0,39.0,NORTE
2024-07-10 05:00:00,0.62,,5.0,8.59,7.0,21.0,1.8,7.3,49.0,SURESTE
2024-07-10 06:00:00,0.46,2.1,13.0,21.3,15.3,63.0,2.5,6.0,11.0,CENTRO
2024-07-10 06:00:00,0.25,4.4,6.0,,10.4,57.0,2.3,6.4,45.0,NORTE
2024-07-10 06:00:00,0.65,2.9,10.1,8.61,12.8,23.0,1.8,2.5,9.0,SURESTE
2024-07-10 07:00:00,0.87,5.5,15.7,24.78,21.4,56.0,2.5,5.2,7.0,CENTRO
2024-07-10 07:00:00,0.27,5.2,5.8,13.0,11.0,53.0,2.5,5.9,88.0,NORTE
2024-07-10 07:00:00,0.58,5.0,12.3,,17.2,28.0,1.8,1.8,273.0,SURESTE
2024-07-10 08:00:00,0.63,8.0,12.8,26.26,21.0,64.0,2.5,5.1,359.0,CENTRO
2024-07-10 08:00:00,0.34,6.3,7.3,14.0,13.6,45.0,2.7,8.1,108.0,NORTE
2024-07-10 08:00:00,0.67,10.2,12.6,11.22,22.6,30.0,2.0,7.7,36.0,SURESTE
2024-07-10 09:00:00,0.63,12.0,15.8,26.54,28.0,61.0,,6.9,25.0,CENTRO
2024-07-10 09:00:00,0.32,6.2,8.1,14.0,14.2,53.0,3.2,8.8,142.0,NORTE
2024-07-10 09:00:00,0.65,10.6,11.3,11.47,21.8,39.0,2.1,11.0,78.0,SURESTE
2024-07-10 10:00:00,0.55,9.5,12.5,22.12,22.3,57.0,2.4,10.9,68.0,CENTRO
2024-07-10 10:00:00,0.27,2.8,4.6,12.0,7.4,48.0,3.4,10.1,146.0,NORTE
2024-07-10 10:00:00,0.6,5.9,7.4,10.92,13.2,39.0,2.2,14.8,101.0,SURESTE
2024-07-10 11:00:00,0.43,4.6,8.7,29.44,13.6,52.0,2.4,14.0,62.0,CENTRO
2024-07-10 11:00:00,0.26,3.1,5.1,10.0,8.2,38.0,3.0,10.4,117.0,NORTE
2024-07-10 11:00:00,0.62,4.8,7.2,12.33,12.0,45.0,3.5,16.7,99.0,SURESTE
2024-07-10 12:00:00,0.44,3.8,7.6,27.41,11.7,60.0,2.5,12.8,63.0,CENTRO
2024-07-10 12:00:00,0.23,3.5,5.6,11.0,9.1,38.0,2.7,10.9,41.0,NORTE
2024-07-10 12:00:00,0.64,3.7,4.2,18.04,7.9,50.0,3.0,17.9,102.0,SURESTE
2024-07-10 13:00:00,0.4,2.9,6.1,16.7,9.3,52.0,2.6,13.7,63.0,CENTRO
2024-07-10 13:00:00,0.26,2.9,5.9,10.0,8.8,61.0,2.6,11.1,56.0,NORTE
2024-07-10 13:00:00,0.64,3.2,3.7,14.03,6.9,26.0,2.2,16.9,109.0,SURESTE
2024-07-10 14:00:00,0.42,3.4,5.8,14.01,9.5,40.0,2.5,14.2,67.0,CENTRO
2024-07-10 14:00:00,0.35,2.3,6.1,9.0,8.4,50.0,2.4,4.9,152.0,NORTE
2024-07-10 14:00:00,0.61,3.3,4.1,13.58,7.4,30.0,2.1,15.8,119.0,SURESTE
2024-07-10 15:00:00,0.38,2.8,5.8,15.72,8.9,40.0,2.5,12.8,84.0,CENTRO
2024-07-10 15:00:00,0.33,2.8,10.0,8.0,12.8,42.0,2.4,11.3,132.0,NORTE
2024-07-10 15:00:00,0.62,3.8,5.0,10.81,8.8,34.0,2.6,16.8,131.0,SURESTE
2024-07-10 16:00:00,0.5,4.5,9.5,15.22,14.3,39.0,2.5,10.0,317.0,CENTRO
2024-07-10 16:00:00,0.36,3.7,12.0,5.0,15.7,35.0,2.3,5.6,341.0,NORTE
2024-07-10 16:00:00,0.6,3.3,4.7,10.59,8.0,30.0,5.2,20.2,113.0,SURESTE
2024-07-10 17:00:00,0.46,4.4,10.2,12.38,14.9,41.0,2.5,15.5,58.0,CENTRO
2024-07-10 17:00:00,0.44,5.2,13.6,6.0,18.8,23.0,2.5,3.8,357.0,NORTE
2024-07-10 17:00:00,0.66,4.2,8.6,9.0,12.8,63.0,2.8,19.3,69.0,SURESTE
2024-07-10 18:00:00,0.68,12.7,20.3,14.2,33.2,52.0,2.6,8.1,357.0,CENTRO
2024-07-10 18:00:00,0.42,8.7,20.8,6.0,29.5,19.0,2.4,4.7,80.0,NORTE
2024-07-10 18:00:00,0.77,4.4,14.0,6.16,18.4,25.0,2.3,4.1,28.0,SURESTE
2024-07-10 19:00:00,1.0,15.8,24.9,14.99,40.9,48.0,2.6,8.5,11.0,CENTRO
2024-07-10 19:00:00,0.36,7.0,20.8,,27.8,21.0,2.5,4.3,47.0,NORTE
2024-07-10 19:00:00,1.01,12.4,24.3,6.72,36.6,25.0,2.2,9.9,44.0,SURESTE
2024-07-10 20:00:00,0.85,25.2,28.7,17.49,54.1,52.0,2.7,8.8,27.0,CENTRO
2024-07-10 20:00:00,0.33,6.1,19.2,8.0,25.3,27.0,2.4,4.7,49.0,NORTE
2024-07-10 20:00:00,0.98,13.1,29.6,8.14,42.7,32.0,2.1,14.4,83.0,SURESTE
2024-07-10 21:00:00,0.71,27.7,27.5,15.9,55.3,56.0,2.7,7.3,35.0,CENTRO
2024-07-10 21:00:00,0.38,4.7,17.3,7.0,22.0,28.0,2.4,1.4,131.0,NORTE
2024-07-10 21:00:00,0.83,5.1,21.6,8.33,26.8,34.0,2.1,14.2,68.0,SURESTE
2024-07-10 22:00:00,0.75,30.3,25.5,19.77,56.0,59.0,2.8,8.3,38.0,CENTRO
2024-07-10 22:00:00,0.36,2.9,13.9,7.0,16.8,30.0,2.4,3.7,102.0,NORTE
2024-07-10 22:00:00,0.95,12.9,23.6,9.56,36.5,36.0,2.1,15.3,51.0,SURESTE
2024-07-10 23:00:00,0.61,10.8,22.0,18.39,33.0,58.0,2.6,8.4,43.0,CENTRO
2024-07-10 23:00:00,0.35,11.6,14.6,8.0,26.2,36.0,2.3,2.5,72.0,NORTE
2024-07-10 23:00:00,0.77,5.0,14.5,9.26,19.4,38.0,2.2,13.0,76.0,SURESTE
2024-07-11 00:00:00,0.57,9.1,21.6,17.06,31.0,52.0,2.5,8.4,36.0,CENTRO
2024-07-11 00:00:00,0.3,12.5,15.4,10.0,27.9,47.0,2.4,4.0,84.0,NORTE
2024-07-11 00:00:00,0.66,2.1,7.4,8.33,9.5,32.0,2.2,10.5,98.0,SURESTE
2024-07-11 01:00:00,0.44,2.2,11.5,12.64,14.0,54.0,2.5,7.3,45.0,CENTRO
2024-07-11 01:00:00,0.3,3.2,12.8,8.0,16.0,45.0,2.4,2.3,133.0,NORTE
2024-07-11 01:00:00,0.67,2.1,6.7,7.89,8.9,25.0,2.0,10.9,91.0,SURESTE
2024-07-11 02:00:00,0.4,2.0,9.2,11.3,11.4,42.0,2.5,6.8,43.0,CENTRO
2024-07-11 02:00:00,0.28,4.2,11.3,8.0,15.5,36.0,2.5,1.9,95.0,NORTE
2024-07-11 02:00:00,0.61,2.1,4.4,6.93,6.4,18.0,1.9,7.7,124.0,SURESTE
2024-07-11 03:00:00,0.4,1.9,6.4,9.66,8.6,33.0,2.5,6.1,80.0,CENTRO
2024-07-11 03:00:00,0.23,1.8,7.2,6.0,9.0,45.0,2.5,4.1,114.0,NORTE
2024-07-11 03:00:00,0.59,2.1,4.5,5.43,6.6,16.0,1.8,6.7,133.0,SURESTE
2024-07-11 04:00:00,0.32,1.9,3.5,8.16,5.6,34.0,2.5,6.8,87.0,CENTRO
2024-07-11 04:00:00,0.23,2.2,7.8,7.0,10.0,35.0,2.4,5.2,123.0,NORTE
2024-07-11 04:00:00,0.59,2.1,4.0,5.36,6.0,17.0,1.8,7.5,120.0,SURESTE
2024-07-11 05:00:00,0.35,,3.4,8.89,5.5,24.0,2.6,5.9,78.0,CENTRO
2024-07-11 05:00:00,0.3,5.7,11.3,11.0,17.0,43.0,2.4,5.9,96.0,NORTE
2024-07-11 05:00:00,0.58,2.1,3.8,6.52,5.8,20.0,1.7,6.9,92.0,SURESTE
2024-07-11 06:00:00,0.33,2.0,5.7,9.38,7.9,31.0,2.6,5.9,62.0,CENTRO
2024-07-11 06:00:00,0.33,7.5,9.9,13.0,17.5,50.0,2.4,6.7,74.0,NORTE
2024-07-11 06:00:00,0.61,2.5,6.0,,8.5,16.0,1.7,6.6,113.0,SURESTE
2024-07-11 07:00:00,0.41,3.5,8.3,10.31,12.0,33.0,2.5,5.1,79.0,CENTRO
2024-07-11 07:00:00,0.31,8.1,8.5,14.0,16.7,60.0,2.4,6.9,82.0,NORTE
2024-07-11 07:00:00,0.68,3.4,9.2,,12.6,13.0,1.8,8.0,89.0,SURESTE
2024-07-11 08:00:00,0.47,9.2,11.1,12.29,20.5,37.0,2.5,6.3,45.0,CENTRO
2024-07-11 08:00:00,0.32,5.7,7.8,13.0,13.5,47.0,2.4,8.0,92.0,NORTE
2024-07-11 08:00:00,0.72,5.4,8.7,,14.0,20.0,1.7,9.9,84.0,SURESTE
2024-07-11 09:00:00,0.52,14.3,13.4,16.13,28.0,40.0,2.6,9.1,50.0,CENTRO
2024-07-11 09:00:00,0.35,4.9,6.7,11.0,11.7,37.0,2.4,9.0,103.0,NORTE
2024-07-11 09:00:00,0.76,7.1,10.1,,17.1,28.0,1.7,12.8,79.0,SURESTE
2024-07-11 10:00:00,0.5,8.9,10.7,15.51,19.9,55.0,2.5,11.3,53.0,CENTRO
2024-07-11 10:00:00,0.29,4.1,6.6,11.0,10.7,47.0,2.5,9.5,110.0,NORTE
2024-07-11 10:00:00,0.67,4.2,5.9,,10.0,36.0,1.8,16.2,97.0,SURESTE
2024-07-11 11:00:00,0.45,4.8,8.2,11.49,13.3,47.0,2.5,13.8,48.0,CENTRO
2024-07-11 11:00:00,0.25,2.9,5.1,9.0,8.0,38.0,2.7,10.1,103.0,NORTE
2024-07-11 11:00:00,0.72,4.2,5.4,,9.7,24.0,1.9,18.0,94.0,SURESTE
2024-07-11 12:00:00,0.42,4.3,8.0,13.3,12.6,40.0,2.5,14.5,48.0,CENTRO
2024-07-11 12:00:00,0.22,2.2,4.5,10.0,6.7,38.0,2.6,6.1,111.0,NORTE
2024-07-11 12:00:00,0.7,3.3,5.3,,8.7,31.0,2.0,17.7,91.0,SURESTE
2024-07-11 13:00:00,0.44,3.6,8.1,12.21,11.9,45.0,2.4,14.3,58.0,CENTRO
2024-07-11 13:00:00,0.72,2.9,6.2,10.0,9.1,52.0,3.1,10.4,130.0,NORTE
2024-07-11 13:00:00,0.66,3.2,5.0,,8.3,34.0,1.9,14.0,118.0,SURESTE
2024-07-11 14:00:00,0.42,3.0,7.1,12.11,10.3,44.0,2.5,13.2,76.0,CENTRO
2024-07-11 14:00:00,0.71,3.0,5.3,8.0,8.3,35.0,2.9,9.2,153.0,NORTE
2024-07-11 14:00:00,0.68,3.4,5.2,11.03,8.7,41.0,1.8,14.2,125.0,SURESTE
2024-07-11 15:00:00,0.46,3.1,9.0,13.88,12.3,48.0,2.3,11.6,74.0,CENTRO
2024-07-11 15:00:00,0.7,2.4,5.2,9.0,7.7,31.0,3.4,10.8,137.0,NORTE
2024-07-11 15:00:00,0.72,3.8,7.6,10.61,11.3,39.0,1.9,11.8,122.0,SURESTE
2024-07-11 16:00:00,0.4,3.3,6.4,12.48,10.0,49.0,2.5,9.1,136.0,CENTRO
2024-07-11 16:00:00,0.81,3.3,8.6,9.0,11.9,40.0,3.1,8.7,154.0,NORTE
2024-07-11 16:00:00,0.67,3.4,5.4,11.45,8.8,48.0,2.0,10.1,147.0,SURESTE
2024-07-11 17:00:00,0.43,3.9,6.4,14.74,10.5,37.0,2.4,9.6,124.0,CENTRO
2024-07-11 17:00:00,,,,,,,,,,NORTE
2024-07-11 17:00:00,0.68,3.4,5.7,8.82,9.1,37.0,1.9,9.1,139.0,SURESTE
2024-07-11 18:00:00,0.41,3.6,6.3,13.66,10.1,42.0,2.5,8.9,118.0,CENTRO
2024-07-11 18:00:00,,,,,,,,,,NORTE
2024-07-11 18:00:00,0.67,3.7,6.1,10.17,9.8,45.0,1.8,11.9,140.0,SURESTE
2024-07-11 19:00:00,0.42,3.1,6.2,10.83,9.5,43.0,2.6,15.1,116.0,CENTRO
2024-07-11 19:00:00,,,,,,,,,,NORTE
2024-07-11 19:00:00,0.68,3.4,5.6,9.62,9.1,43.0,2.4,19.1,136.0,SURESTE
2024-07-11 20:00:00,0.46,2.7,8.1,8.12,11.0,38.0,2.6,12.7,93.0,CENTRO
2024-07-11 20:00:00,,,,,,,,,,NORTE
2024-07-11 20:00:00,0.7,2.7,5.8,7.83,8.4,29.0,2.0,14.8,113.0,SURESTE
2024-07-11 21:00:00,0.41,2.1,7.9,5.99,10.2,32.0,2.5,11.0,100.0,CENTRO
2024-07-11 21:00:00,,,,,,,,,,NORTE
2024-07-11 21:00:00,0.79,3.2,9.8,4.29,13.0,10.0,1.8,11.3,75.0,SURESTE
2024-07-11 22:00:00,0.42,2.0,6.8,5.4,9.0,26.0,2.5,9.0,72.0,CENTRO
2024-07-11 22:00:00,0.76,2.0,10.4,4.0,12.4,25.0,2.3,4.8,175.0,NORTE
2024-07-11 22:00:00,0.74,2.6,8.7,4.41,11.3,14.0,1.8,8.6,103.0,SURESTE
2024-07-11 23:00:00,0.42,1.9,8.3,4.87,10.4,31.0,2.5,5.7,114.0,CENTRO
2024-07-11 23:00:00,0.7,1.8,7.3,5.0,9.1,25.0,2.4,4.8,116.0,NORTE
2024-07-11 23:00:00,0.77,2.2,10.8,5.05,12.9,13.0,1.8,3.3,89.0,SURESTE
2024-07-12 00:00:00,0.4,1.8,6.0,3.82,8.1,23.0,2.5,8.6,96.0,CENTRO
2024-07-12 00:00:00,0.65,1.8,5.5,4.0,7.2,23.0,2.3,5.8,107.0,NORTE
2024-07-12 00:00:00,0.76,2.5,11.0,4.17,13.4,10.0,1.7,4.9,299.0,SURESTE
2024-07-12 01:00:00,0.34,1.9,4.1,3.02,6.2,23.0,2.5,5.4,115.0,CENTRO
2024-07-12 01:00:00,0.62,1.6,3.5,4.0,5.2,24.0,2.4,5.6,134.0,NORTE
2024-07-12 01:00:00,0.68,2.3,10.2,4.2,12.5,7.0,1.7,4.8,274.0,SURESTE
2024-07-12 02:00:00,0.37,1.8,3.9,3.84,6.0,21.0,2.5,5.2,84.0,CENTRO
2024-07-12 02:00:00,0.62,1.6,3.6,5.0,5.2,30.0,2.4,4.7,129.0,NORTE
2024-07-12 02:00:00,0.66,2.4,13.7,3.33,16.0,14.0,1.7,2.9,240.0,SURESTE
2024-07-12 03:00:00,0.4,1.8,6.3,5.04,8.4,19.0,2.4,3.8,12.0,CENTRO
2024-07-12 03:00:00,0.62,1.8,5.0,7.0,6.8,24.0,2.4,4.6,117.0,NORTE
2024-07-12 03:00:00,0.67,2.7,18.9,3.73,21.6,10.0,1.7,2.0,189.0,SURESTE
2024-07-12 04:00:00,0.44,1.9,10.5,8.47,12.7,21.0,2.5,4.6,6.0,CENTRO
2024-07-12 04:00:00,0.64,2.2,7.3,10.0,9.4,28.0,2.3,3.3,79.0,NORTE
2024-07-12 04:00:00,0.64,2.1,7.9,5.54,10.0,12.0,1.7,4.4,87.0,SURESTE
2024-07-12 05:00:00,0.45,3.3,15.0,12.76,18.5,27.0,2.5,4.1,24.0,CENTRO
2024-07-12 05:00:00,0.7,3.9,9.1,10.0,13.0,26.0,2.5,7.4,93.0,NORTE
2024-07-12 05:00:00,0.6,2.0,3.5,4.71,5.5,13.0,1.8,7.5,95.0,SURESTE
2024-07-12 06:00:00,0.4,2.0,7.4,10.27,9.7,45.0,2.4,5.7,54.0,CENTRO
2024-07-12 06:00:00,0.77,6.2,10.2,11.0,16.3,35.0,2.4,6.6,97.0,NORTE
2024-07-12 06:00:00,0.63,2.5,6.6,4.61,9.0,16.0,1.7,7.3,116.0,SURESTE
2024-07-12 07:00:00,0.42,3.9,10.4,12.77,14.6,36.0,2.5,5.8,48.0,CENTRO
2024-07-12 07:00:00,0.78,7.5,8.3,12.0,15.7,,2.3,7.5,88.0,NORTE
2024-07-12 07:00:00,0.71,3.8,9.5,6.82,13.3,17.0,1.7,8.4,108.0,SURESTE
2024-07-12 08:00:00,0.51,7.9,11.6,22.1,19.8,41.0,2.5,7.7,58.0,CENTRO
2024-07-12 08:00:00,0.74,5.5,7.3,14.0,12.7,64.0,2.3,6.8,74.0,NORTE
2024-07-12 08:00:00,0.73,5.0,8.9,8.46,13.8,31.0,1.7,8.7,90.0,SURESTE
2024-07-12 09:00:00,0.6,11.3,11.6,28.22,23.2,54.0,2.5,7.5,57.0,CENTRO
2024-07-12 09:00:00,0.72,4.8,6.3,15.0,11.1,54.0,2.4,7.1,91.0,NORTE
2024-07-12 09:00:00,0.72,4.3,7.6,15.41,11.9,42.0,1.9,9.6,85.0,SURESTE
2024-07-12 10:00:00,0.56,14.7,13.4,30.12,28.3,60.0,2.6,6.4,37.0,CENTRO
2024-07-12 10:00:00,0.77,4.3,7.1,14.0,11.4,49.0,2.4,7.7,122.0,NORTE
2024-07-12 10:00:00,0.74,6.4,9.4,15.44,15.7,47.0,1.9,8.1,69.0,SURESTE
2024-07-12 11:00:00,0.57,8.9,15.3,32.34,24.5,64.0,2.6,7.4,21.0,CENTRO
2024-07-12 11:00:00,0.79,3.5,6.8,13.0,10.3,49.0,2.4,8.9,131.0,NORTE
2024-07-12 11:00:00,0.8,7.0,9.8,17.97,16.7,50.0,2.1,9.9,97.0,SURESTE
2024-07-12 12:00:00,0.58,6.0,12.9,29.42,19.1,70.0,2.4,7.9,67.0,CENTRO
2024-07-12 12:00:00,0.77,3.8,6.8,13.0,10.6,46.0,2.2,7.8,133.0,NORTE
2024-07-12 12:00:00,0.85,5.1,7.6,18.92,12.6,56.0,2.1,11.2,114.0,SURESTE
2024-07-12 13:00:00,0.55,4.6,10.8,26.64,15.7,64.0,2.5,8.9,64.0,CENTRO
2024-07-12 13:00:00,0.78,3.8,6.3,15.0,10.1,51.0,2.4,10.4,134.0,NORTE
2024-07-12 13:00:00,0.86,4.2,7.7,18.63,11.8,52.0,2.0,11.2,102.0,SURESTE
2024-07-12 14:00:00,0.57,5.2,11.4,28.44,16.9,60.0,2.5,10.2,57.0,CENTRO
2024-07-12 14:00:00,0.79,3.2,7.2,14.0,10.4,54.0,2.3,10.7,131.0,NORTE
2024-07-12 14:00:00,0.87,4.7,8.3,21.99,12.9,53.0,2.3,12.4,96.0,SURESTE
2024-07-12 15:00:00,0.49,4.0,8.2,24.73,12.6,62.0,2.5,12.4,60.0,CENTRO
2024-07-12 15:00:00,0.85,3.3,7.7,9.0,10.9,49.0,2.6,10.4,132.0,NORTE
2024-07-12 15:00:00,0.78,4.2,5.7,24.38,9.9,59.0,2.1,13.8,108.0,SURESTE
2024-07-12 16:00:00,0.51,4.6,8.4,18.15,13.3,54.0,2.5,12.5,61.0,CENTRO
2024-07-12 16:00:00,0.78,3.3,7.7,11.0,11.0,39.0,2.9,9.7,129.0,NORTE
2024-07-12 16:00:00,0.82,4.6,6.8,15.24,11.4,43.0,1.8,14.7,107.0,SURESTE
2024-07-12 17:00:00,0.53,5.1,9.5,15.67,14.8,52.0,2.5,11.9,62.0,CENTRO
2024-07-12 17:00:00,0.81,3.7,9.7,13.0,13.4,45.0,2.6,10.6,129.0,NORTE
2024-07-12 17:00:00,0.74,4.0,6.5,14.58,10.5,42.0,1.8,12.9,115.0,SURESTE
2024-07-12 18:00:00,0.44,3.2,6.7,12.5,10.1,43.0,2.5,12.5,124.0,CENTRO
2024-07-12 18:00:00,0.88,3.8,12.0,13.0,15.8,,2.6,7.9,125.0,NORTE
2024-07-12 18:00:00,0.78,3.9,6.3,9.98,10.2,32.0,1.7,12.3,94.0,SURESTE
2024-07-12 19:00:00,0.47,2.7,8.6,11.05,11.6,39.0,2.5,11.7,124.0,CENTRO
2024-07-12 19:00:00,0.92,3.8,12.0,12.0,15.8,,2.4,9.7,141.0,NORTE
2024-07-12 19:00:00,0.82,3.6,8.4,11.16,12.0,37.0,1.7,12.0,102.0,SURESTE
2024-07-12 20:00:00,0.47,2.1,9.1,10.77,11.4,38.0,2.5,9.8,117.0,CENTRO
2024-07-12 20:00:00,0.86,2.6,10.1,11.0,12.7,70.0,2.4,8.0,129.0,NORTE
2024-07-12 20:00:00,0.85,3.7,10.4,10.01,14.0,32.0,1.8,11.6,96.0,SURESTE
2024-07-12 21:00:00,0.56,2.3,11.9,13.42,14.4,46.0,,8.8,102.0,CENTRO
2024-07-12 21:00:00,0.8,2.6,8.9,10.0,11.5,41.0,2.3,9.8,114.0,NORTE
2024-07-12 21:00:00,0.68,3.0,5.6,7.96,8.7,35.0,1.7,16.9,131.0,SURESTE
2024-07-12 22:00:00,0.4,2.1,5.2,12.21,7.5,44.0,2.4,11.2,137.0,CENTRO
2024-07-12 22:00:00,0.75,2.4,8.3,10.0,10.7,36.0,2.5,7.8,134.0,NORTE
2024-07-12 22:00:00,0.7,2.9,6.9,8.09,9.8,25.0,1.6,13.3,111.0,SURESTE
2024-07-12 23:00:00,0.49,2.2,9.6,13.46,12.0,37.0,2.5,8.7,67.0,CENTRO
2024-07-12 23:00:00,0.75,1.9,8.7,11.0,10.7,44.0,2.4,6.6,139.0,NORTE
2024-07-12 23:00:00,0.75,2.7,9.0,9.57,11.7,30.0,1.7,17.4,98.0,SURESTE
2024-07-13 00:00:00,0.52,2.0,9.9,11.46,12.2,37.0,2.4,7.8,62.0,CENTRO
2024-07-13 00:00:00,0.7,1.9,7.0,10.0,8.9,53.0,2.4,7.7,125.0,NORTE
2024-07-13 00:00:00,0.63,2.1,4.3,8.29,6.4,19.0,1.7,16.4,86.0,SURESTE
2024-07-13 01:00:00,0.43,1.9,7.4,9.37,9.5,35.0,2.4,8.3,44.0,CENTRO
2024-07-13 01:00:00,0.65,1.8,4.7,8.0,6.5,45.0,2.3,8.9,136.0,NORTE
2024-07-13 01:00:00,0.62,2.0,3.7,5.47,5.7,17.0,1.6,14.3,85.0,SURESTE
2024-07-13 02:00:00,0.44,1.9,6.2,9.38,8.3,37.0,2.5,6.6,37.0,CENTRO
2024-07-13 02:00:00,0.62,1.7,3.6,8.0,5.3,34.0,2.3,8.6,144.0,NORTE
2024-07-13 02:00:00,0.62,2.0,4.1,5.44,6.0,13.0,1.7,14.9,85.0,SURESTE
2024-07-13 03:00:00,0.43,,6.4,10.31,8.4,32.0,2.5,5.2,11.0,CENTRO
2024-07-13 03:00:00,0.62,1.8,3.5,,5.3,30.0,2.3,7.0,149.0,NORTE
2024-07-13 03:00:00,0.61,2.0,3.3,5.17,5.2,17.0,1.6,13.3,102.0,SURESTE
2024-07-13 04:00:00,0.42,2.6,10.6,14.55,13.4,37.0,2.4,6.9,28.0,CENTRO
2024-07-13 04:00:00,0.63,1.8,5.5,9.0,7.3,33.0,2.5,6.3,143.0,NORTE
2024-07-13 04:00:00,0.59,2.1,3.4,5.17,5.4,24.0,1.7,6.7,153.0,SURESTE
2024-07-13 05:00:00,0.39,2.2,7.5,13.93,10.0,44.0,2.4,3.7,2.0,CENTRO
2024-07-13 05:00:00,0.65,2.2,5.8,9.0,8.0,33.0,2.3,4.4,161.0,NORTE
2024-07-13 05:00:00,0.59,2.0,3.5,5.21,5.5,25.0,1.6,7.0,28.0,SURESTE
2024-07-13 06:00:00,0.45,2.3,11.0,14.59,13.5,39.0,2.4,3.3,19.0,CENTRO
2024-07-13 06:00:00,0.72,4.5,6.7,10.0,11.2,37.0,2.4,5.4,133.0,NORTE
2024-07-13 06:00:00,0.61,2.2,4.7,5.21,6.9,30.0,1.6,6.6,58.0,SURESTE
2024-07-13 07:00:00,0.45,8.3,13.7,16.33,22.2,43.0,2.5,3.2,21.0,CENTRO
2024-07-13 07:00:00,0.75,5.0,6.2,12.0,11.2,37.0,2.4,6.1,107.0,NORTE
2024-07-13 07:00:00,0.68,4.1,8.1,6.38,12.1,33.0,1.7,4.0,124.0,SURESTE
2024-07-13 08:00:00,0.54,17.1,14.9,23.15,32.3,46.0,2.5,3.7,10.0,CENTRO
2024-07-13 08:00:00,0.75,4.0,4.8,12.0,8.8,49.0,2.2,7.0,105.0,NORTE
2024-07-13 08:00:00,0.69,4.9,6.8,6.42,11.8,40.0,1.8,6.3,80.0,SURESTE
2024-07-13 09:00:00,0.59,10.1,11.8,21.05,22.2,52.0,2.4,6.4,23.0,CENTRO
2024-07-13 09:00:00,,,,,,,,,,NORTE
2024-07-13 09:00:00,0.69,5.5,7.4,7.6,12.8,40.0,1.7,6.3,66.0,SURESTE
2024-07-13 10:00:00,0.62,10.3,13.0,24.87,23.6,55.0,2.4,7.9,14.0,CENTRO
2024-07-13 10:00:00,,,,,,,,,,NORTE
2024-07-13 10:00:00,0.68,5.2,8.3,7.61,13.5,37.0,1.7,6.9,73.0,SURESTE
2024-07-13 11:00:00,0.6,6.7,12.3,28.49,19.2,66.0,2.4,8.7,15.0,CENTRO
2024-07-13 11:00:00,,,,,,,,,,NORTE
2024-07-13 11:00:00,0.72,4.1,7.2,8.12,11.4,39.0,1.7,9.0,99.0,SURESTE
2024-07-13 12:00:00,0.59,6.1,13.9,30.1,20.3,74.0,2.3,9.2,15.0,CENTRO
2024-07-13 12:00:00,,,,,,,,,,NORTE
2024-07-13 12:00:00,0.74,3.4,5.0,8.78,8.5,54.0,1.7,12.8,95.0,SURESTE
2024-07-13 13:00:00,0.45,3.3,8.3,26.67,11.9,74.0,2.4,9.5,56.0,CENTRO
2024-07-13 13:00:00,,,,,,,,,,NORTE
2024-07-13 13:00:00,0.73,3.8,4.9,9.51,8.7,73.0,1.7,16.3,111.0,SURESTE
2024-07-13 14:00:00,0.48,2.7,7.7,24.85,10.7,69.0,2.5,9.2,96.0,CENTRO
2024-07-13 14:00:00,,,,,,,,,,NORTE
2024-07-13 14:00:00,0.74,3.5,5.5,10.27,9.0,76.0,1.7,14.3,124.0,SURESTE
2024-07-13 15:00:00,0.44,2.6,5.4,22.25,8.3,63.0,2.4,9.0,134.0,CENTRO
2024-07-13 15:00:00,,,,,,,,,,NORTE
2024-07-13 15:00:00,0.77,4.1,5.7,10.62,9.8,80.0,1.7,13.4,117.0,SURESTE
2024-07-13 16:00:00,0.42,2.6,6.1,29.12,9.0,64.0,2.4,9.0,136.0,CENTRO
2024-07-13 16:00:00,,,,,,,,,,NORTE
2024-07-13 16:00:00,0.86,3.9,7.3,12.06,11.2,96.0,1.8,11.2,114.0,SURESTE
2024-07-13 17:00:00,0.44,2.7,5.9,30.96,8.8,75.0,2.4,8.9,130.0,CENTRO
2024-07-13 17:00:00,,,,,,,,,,NORTE
2024-07-13 17:00:00,0.77,4.3,6.9,14.33,11.2,106.0,1.7,10.3,135.0,SURESTE
2024-07-13 18:00:00,0.42,2.9,6.3,31.2,9.4,76.0,2.4,11.0,105.0,CENTRO
2024-07-13 18:00:00,,,,,,,,,,NORTE
2024-07-13 18:00:00,0.7,4.1,6.9,19.61,11.0,89.0,1.7,9.8,157.0,SURESTE
2024-07-13 19:00:00,0.44,2.3,6.1,28.16,8.6,73.0,2.4,11.5,127.0,CENTRO
2024-07-13 19:00:00,,,,,,,,,,NORTE
2024-07-13 19:00:00,0.66,3.4,6.1,22.06,9.5,88.0,1.7,9.5,163.0,SURESTE
2024-07-13 20:00:00,0.47,2.0,7.4,27.84,9.6,67.0,2.5,8.9,127.0,CENTRO
2024-07-13 20:00:00,,,,,,,,,,NORTE
2024-07-13 20:00:00,0.77,3.2,9.1,23.19,12.2,83.0,1.7,7.8,103.0,SURESTE
2024-07-13 21:00:00,0.47,1.9,7.5,32.11,9.6,67.0,2.5,6.9,116.0,CENTRO
2024-07-13 21:00:00,,,,,,,,,,NORTE
2024-07-13 21:00:00,0.73,3.2,7.5,29.37,10.7,96.0,1.7,10.3,111.0,SURESTE
2024-07-13 22:00:00,0.52,2.1,9.0,35.18,11.4,70.0,2.5,9.4,98.0,CENTRO
2024-07-13 22:00:00,,,,,,,,,,NORTE
2024-07-13 22:00:00,0.72,3.4,6.9,36.86,10.2,110.0,1.7,15.5,99.0,SURESTE
2024-07-13 23:00:00,0.42,1.9,5.5,33.96,7.7,81.0,2.4,10.5,119.0,CENTRO
2024-07-13 23:00:00,,,,,,,,,,NORTE
2024-07-13 23:00:00,0.67,2.8,5.0,24.1,7.8,92.0,1.7,16.3,118.0,SURESTE
2024-07-14 00:00:00,0.43,1.9,3.6,33.17,5.7,81.0,2.4,13.5,122.0,CENTRO
2024-07-14 00:00:00,,,,,,,,,,NORTE
2024-07-14 00:00:00,0.69,4.3,4.8,21.71,9.2,90.0,1.7,17.4,111.0,SURESTE
2024-07-14 01:00:00,0.42,,5.9,33.1,8.0,87.0,2.4,7.4,89.0,CENTRO
2024-07-14 01:00:00,,,,,,,,,,NORTE
2024-07-14 01:00:00,0.64,2.5,3.7,21.51,6.1,91.0,,17.2,99.0,SURESTE
2024-07-14 02:00:00,0.47,3.3,7.1,33.53,10.7,87.0,2.5,6.9,30.0,CENTRO
2024-07-14 02:00:00,,,,,,,,,,NORTE
2024-07-14 02:00:00,0.64,2.4,4.3,20.51,6.7,87.0,,10.8,115.0,SURESTE
2024-07-14 03:00:00,0.42,3.9,8.5,34.48,12.6,94.0,2.4,5.8,40.0,CENTRO
2024-07-14 03:00:00,,,,,,,,,,NORTE
2024-07-14 03:00:00,0.61,2.1,3.4,19.9,5.5,83.0,,10.9,101.0,SURESTE
2024-07-14 04:00:00,0.43,13.0,11.6,35.27,24.9,92.0,2.6,2.3,29.0,CENTRO
2024-07-14 04:00:00,,,,,,,,,,NORTE
2024-07-14 04:00:00,0.61,2.0,3.2,19.9,5.2,83.0,,8.2,91.0,SURESTE
2024-07-14 05:00:00,0.48,2.6,7.7,32.56,10.6,93.0,2.5,3.3,45.0,CENTRO
2024-07-14 05:00:00,,,,,,,,,,NORTE
2024-07-14 05:00:00,0.63,2.1,3.9,19.17,6.0,79.0,1.8,5.6,98.0,SURESTE
2024-07-14 06:00:00,0.46,2.3,8.9,32.7,11.4,88.0,2.5,4.2,56.0,CENTRO
2024-07-14 06:00:00,,,,,,,,,,NORTE
2024-07-14 06:00:00,0.62,2.1,4.4,19.02,6.6,79.0,1.7,8.0,96.0,SURESTE
2024-07-14 07:00:00,0.46,6.7,9.2,34.69,16.1,86.0,2.5,4.3,57.0,CENTRO
2024-07-14 07:00:00,,,,,,,,,,NORTE
2024-07-14 07:00:00,0.68,3.5,7.5,19.33,10.9,77.0,1.7,8.0,74.0,SURESTE
2024-07-14 08:00:00,0.49,9.5,10.0,38.31,19.8,90.0,2.4,4.8,65.0,CENTRO
2024-07-14 08:00:00,,,,,,,,,,NORTE
2024-07-14 08:00:00,0.67,5.3,6.7,19.88,11.9,79.0,1.7,6.5,55.0,SURESTE
2024-07-14 09:00:00,0.54,8.5,10.0,43.15,18.7,91.0,2.5,4.5,347.0,CENTRO
2024-07-14 09:00:00,,,,,,,,,,NORTE
2024-07-14 09:00:00,0.67,7.6,7.5,23.63,15.1,89.0,1.9,4.2,13.0,SURESTE
2024-07-14 10:00:00,0.49,5.8,7.8,40.02,13.9,89.0,2.5,5.8,350.0,CENTRO
2024-07-14 10:00:00,,,,,,,,,,NORTE
2024-07-14 10:00:00,0.75,8.9,11.5,26.63,20.3,92.0,2.1,5.0,297.0,SURESTE
2024-07-14 11:00:00,0.54,4.0,8.3,42.34,12.6,89.0,2.4,6.9,24.0,CENTRO
2024-07-14 11:00:00,0.92,11.9,1.7,24.0,13.5,,4.9,6.5,108.0,NORTE
2024-07-14 11:00:00,0.83,6.6,11.9,28.44,18.4,90.0,2.2,6.3,22.0,SURESTE
2024-07-14 12:00:00,0.59,4.5,11.6,47.91,16.3,91.0,2.5,8.6,61.0,CENTRO
2024-07-14 12:00:00,0.91,2.6,6.4,23.0,9.0,,2.8,9.7,121.0,NORTE
2024-07-14 12:00:00,0.77,3.2,8.5,29.27,11.6,97.0,2.2,8.0,60.0,SURESTE
2024-07-14 13:00:00,0.55,4.1,14.4,50.64,18.8,100.0,2.5,8.9,46.0,CENTRO
2024-07-14 13:00:00,0.84,2.3,3.9,19.0,6.2,84.0,3.0,11.2,134.0,NORTE
2024-07-14 13:00:00,0.79,2.9,9.5,30.48,12.3,95.0,2.1,12.4,71.0,SURESTE
2024-07-14 14:00:00,0.52,2.2,8.0,44.53,10.5,103.0,2.5,11.3,58.0,CENTRO
2024-07-14 14:00:00,0.82,2.5,3.5,17.0,6.0,62.0,2.8,12.2,142.0,NORTE
2024-07-14 14:00:00,0.85,3.0,8.5,29.47,11.5,99.0,2.1,16.0,104.0,SURESTE
2024-07-14 15:00:00,0.47,2.3,6.0,38.7,8.6,89.0,2.6,13.6,64.0,CENTRO
2024-07-14 15:00:00,0.79,2.4,4.3,14.0,6.7,67.0,3.2,13.1,125.0,NORTE
2024-07-14 15:00:00,0.74,3.8,6.2,38.27,10.0,111.0,2.2,18.3,115.0,SURESTE
2024-07-14 16:00:00,0.44,2.6,5.2,34.36,8.0,79.0,2.5,13.3,84.0,CENTRO
2024-07-14 16:00:00,0.77,2.2,4.4,10.0,6.6,57.0,2.7,11.7,144.0,NORTE
2024-07-14 16:00:00,0.68,3.3,4.7,31.51,8.0,92.0,2.0,17.7,129.0,SURESTE
2024-07-14 17:00:00,0.4,2.0,3.8,29.95,6.0,79.0,2.5,12.1,125.0,CENTRO
2024-07-14 17:00:00,0.79,2.3,5.0,9.0,7.3,29.0,2.6,12.2,139.0,NORTE
2024-07-14 17:00:00,0.65,3.2,4.8,21.63,8.1,71.0,1.9,16.8,134.0,SURESTE
2024-07-14 18:00:00,0.39,2.0,3.6,18.27,5.8,65.0,2.5,13.9,123.0,CENTRO
2024-07-14 18:00:00,0.82,2.3,5.7,11.0,8.0,24.0,2.4,11.3,150.0,NORTE
2024-07-14 18:00:00,0.63,2.9,4.7,15.55,7.6,54.0,1.8,13.0,146.0,SURESTE
2024-07-14 19:00:00,0.42,,5.1,16.5,7.3,44.0,2.7,12.9,121.0,CENTRO
2024-07-14 19:00:00,0.84,2.1,6.8,12.0,8.8,33.0,2.4,10.5,146.0,NORTE
2024-07-14 19:00:00,0.67,2.8,5.0,10.83,7.8,42.0,1.9,13.4,144.0,SURESTE
2024-07-14 20:00:00,0.44,1.8,6.5,16.32,8.6,45.0,2.6,9.9,126.0,CENTRO
2024-07-14 20:00:00,0.85,2.1,7.4,12.0,9.4,42.0,2.6,14.2,139.0,NORTE
2024-07-14 20:00:00,0.62,2.6,4.4,9.25,7.0,23.0,1.8,12.3,145.0,SURESTE
2024-07-14 21:00:00,0.47,1.9,7.7,16.84,9.8,45.0,2.5,11.3,120.0,CENTRO
2024-07-14 21:00:00,0.78,2.0,5.4,,7.4,50.0,2.4,11.3,145.0,NORTE
2024-07-14 21:00:00,0.62,2.6,4.8,9.66,7.4,29.0,1.9,10.8,145.0,SURESTE
2024-07-14 22:00:00,0.46,1.9,7.2,17.26,9.3,40.0,2.5,10.7,103.0,CENTRO
2024-07-14 22:00:00,0.78,1.8,4.7,11.0,6.5,50.0,2.5,10.3,148.0,NORTE
2024-07-14 22:00:00,0.67,2.7,5.6,10.41,8.3,28.0,1.7,16.9,115.0,SURESTE
2024-07-14 23:00:00,0.44,,6.0,18.76,8.1,45.0,2.5,8.6,94.0,CENTRO
2024-07-14 23:00:00,0.72,1.6,4.3,10.0,5.9,49.0,2.3,8.4,156.0,NORTE
2024-07-14 23:00:00,0.65,2.6,4.4,13.25,7.0,43.0,1.8,17.9,98.0,SURESTE
2024-07-15 00:00:00,0.44,,6.2,19.01,8.4,48.0,2.5,6.2,64.0,CENTRO
2024-07-15 00:00:00,0.71,1.7,4.1,9.0,5.8,39.0,2.4,6.9,141.0,NORTE
2024-07-15 00:00:00,0.64,2.2,4.2,13.44,6.4,49.0,1.7,15.0,96.0,SURESTE
2024-07-15 01:00:00,0.41,1.8,5.1,18.1,7.1,50.0,2.5,8.0,53.0,CENTRO
2024-07-15 01:00:00,0.7,1.6,4.6,9.0,6.2,40.0,2.5,6.4,114.0,NORTE
2024-07-15 01:00:00,0.65,2.1,5.1,12.75,7.2,38.0,1.8,10.8,102.0,SURESTE
2024-07-15 02:00:00,0.45,2.1,8.9,19.38,11.2,52.0,2.5,4.0,17.0,CENTRO
2024-07-15 02:00:00,0.7,1.7,5.9,10.0,7.6,39.0,2.5,7.4,91.0,NORTE
2024-07-15 02:00:00,0.61,2.0,4.1,11.7,6.1,40.0,1.7,7.8,78.0,SURESTE
2024-07-15 03:00:00,0.45,3.7,14.4,22.79,18.4,51.0,2.4,5.8,15.0,CENTRO
2024-07-15 03:00:00,0.69,2.2,7.6,11.0,9.7,39.0,2.6,6.8,72.0,NORTE
2024-07-15 03:00:00,0.58,2.0,3.0,11.31,5.0,37.0,1.8,10.0,61.0,SURESTE
2024-07-15 04:00:00,0.44,6.5,14.9,24.84,21.7,60.0,2.5,3.1,21.0,CENTRO
2024-07-15 04:00:00,0.68,2.8,10.2,13.0,13.0,48.0,2.6,5.0,50.0,NORTE
2024-07-15 04:00:00,0.58,2.0,3.1,10.6,5.0,32.0,1.8,8.7,98.0,SURESTE
2024-07-15 05:00:00,0.46,2.7,12.9,24.19,15.7,61.0,2.5,2.0,29.0,CENTRO
2024-07-15 05:00:00,0.7,5.9,10.7,14.0,16.6,56.0,2.5,6.4,35.0,NORTE
2024-07-15 05:00:00,0.6,2.1,4.4,10.41,6.5,29.0,1.7,5.1,52.0,SURESTE
2024-07-15 06:00:00,0.48,2.7,13.1,24.22,16.0,58.0,2.5,1.8,27.0,CENTRO
2024-07-15 06:00:00,0.74,5.6,9.6,16.0,15.2,59.0,2.6,4.8,40.0,NORTE
2024-07-15 06:00:00,0.63,3.1,8.1,10.22,11.1,29.0,1.8,2.1,276.0,SURESTE
2024-07-15 07:00:00,0.65,5.3,13.0,27.45,18.5,59.0,2.5,2.8,15.0,CENTRO
2024-07-15 07:00:00,0.78,8.5,9.0,19.0,17.5,62.0,2.7,4.6,37.0,NORTE
2024-07-15 07:00:00,0.71,7.9,12.7,11.48,20.6,34.0,1.8,1.9,343.0,SURESTE
2024-07-15 08:00:00,0.54,7.9,10.9,30.29,19.0,56.0,2.5,6.0,342.0,CENTRO
2024-07-15 08:00:00,0.76,7.3,8.0,23.0,15.3,72.0,2.8,5.9,44.0,NORTE
2024-07-15 08:00:00,0.83,16.1,14.3,13.82,30.3,35.0,1.9,5.0,332.0,SURESTE
2024-07-15 09:00:00,0.6,8.5,9.5,28.78,18.3,57.0,2.4,5.7,14.0,CENTRO
2024-07-15 09:00:00,0.77,5.0,6.6,23.0,11.6,76.0,2.7,5.9,56.0,NORTE
2024-07-15 09:00:00,0.9,18.6,14.1,15.93,32.7,53.0,2.0,6.7,315.0,SURESTE
2024-07-15 10:00:00,0.67,10.3,13.3,30.4,23.9,58.0,2.6,6.2,11.0,CENTRO
2024-07-15 10:00:00,0.74,3.7,6.9,22.0,10.5,79.0,2.7,5.3,71.0,NORTE
2024-07-15 10:00:00,0.92,14.5,16.1,19.29,30.6,66.0,2.2,7.9,9.0,SURESTE
2024-07-15 11:00:00,0.87,10.0,18.6,,28.9,67.0,2.5,6.8,23.0,CENTRO
2024-07-15 11:00:00,0.76,3.4,7.8,19.0,11.2,85.0,2.7,5.2,54.0,NORTE
2024-07-15 11:00:00,0.9,9.3,17.4,20.93,26.7,75.0,2.3,9.2,39.0,SURESTE
2024-07-15 12:00:00,0.72,10.5,21.0,,31.7,82.0,2.5,10.4,49.0,CENTRO
2024-07-15 12:00:00,0.77,2.4,6.7,17.0,9.0,86.0,2.7,8.3,105.0,NORTE
2024-07-15 12:00:00,0.86,4.8,16.3,22.26,21.1,81.0,2.8,11.1,51.0,SURESTE
2024-07-15 13:00:00,0.64,6.1,19.0,,25.4,101.0,2.5,9.1,29.0,CENTRO
2024-07-15 13:00:00,0.79,2.2,7.1,20.0,9.4,64.0,5.4,10.5,115.0,NORTE
2024-07-15 13:00:00,0.8,3.3,14.1,24.09,17.4,78.0,3.0,12.8,73.0,SURESTE
2024-07-15 14:00:00,0.6,3.2,15.4,,18.8,96.0,2.5,11.5,47.0,CENTRO
2024-07-15 14:00:00,0.76,2.1,6.0,17.0,8.1,76.0,7.5,11.3,121.0,NORTE
2024-07-15 14:00:00,0.81,2.8,10.7,26.41,13.4,80.0,2.4,15.0,98.0,SURESTE
2024-07-15 15:00:00,0.57,2.4,11.2,,13.9,81.0,2.4,12.9,65.0,CENTRO
2024-07-15 15:00:00,0.8,2.5,7.0,13.0,9.6,53.0,4.8,11.0,120.0,NORTE
2024-07-15 15:00:00,0.73,2.6,8.2,29.75,10.8,74.0,4.8,16.3,121.0,SURESTE
2024-07-15 16:00:00,0.55,2.2,10.1,,12.5,83.0,2.6,9.3,130.0,CENTRO
2024-07-15 16:00:00,0.82,2.9,6.8,13.0,9.7,46.0,3.6,9.3,154.0,NORTE
2024-07-15 16:00:00,0.73,3.0,6.3,20.93,9.3,78.0,4.5,16.7,118.0,SURESTE
2024-07-15 17:00:00,0.55,2.2,8.7,,11.2,60.0,2.5,10.6,134.0,CENTRO
2024-07-15 17:00:00,0.79,2.8,6.8,10.0,9.7,45.0,3.1,10.0,145.0,NORTE
2024-07-15 17:00:00,0.66,2.9,6.4,13.43,9.3,53.0,3.1,14.7,150.0,SURESTE
2024-07-15 18:00:00,0.53,,9.0,,11.4,55.0,2.5,11.1,133.0,CENTRO
2024-07-15 18:00:00,0.82,2.3,8.0,11.0,10.3,38.0,2.9,10.5,139.0,NORTE
2024-07-15 18:00:00,0.65,2.8,5.9,11.19,8.8,37.0,2.5,14.6,150.0,SURESTE
2024-07-15 19:00:00,0.6,2.4,9.6,,12.2,63.0,2.5,10.0,126.0,CENTRO
2024-07-15 19:00:00,0.9,2.1,11.2,13.0,13.3,38.0,2.8,8.8,140.0,NORTE
2024-07-15 19:00:00,0.69,2.7,7.2,13.69,9.8,34.0,2.2,12.1,131.0,SURESTE
2024-07-15 20:00:00,0.81,2.6,11.2,,14.0,62.0,2.5,8.5,109.0,CENTRO
2024-07-15 20:00:00,0.92,2.5,13.9,17.0,16.4,53.0,2.8,10.4,123.0,NORTE
2024-07-15 20:00:00,0.7,2.7,8.1,11.45,10.7,34.0,2.1,10.3,132.0,SURESTE
2024-07-15 21:00:00,0.77,2.0,11.0,,13.3,67.0,2.6,8.7,108.0,CENTRO
2024-07-15 21:00:00,0.73,1.9,5.9,14.0,7.9,71.0,2.8,12.0,134.0,NORTE
2024-07-15 21:00:00,0.7,2.6,8.4,10.7,10.9,36.0,2.0,9.4,123.0,SURESTE
2024-07-15 22:00:00,0.59,1.9,9.1,,11.2,56.0,2.5,7.8,117.0,CENTRO
2024-07-15 22:00:00,0.74,1.9,6.6,15.0,8.5,72.0,2.9,5.9,130.0,NORTE
2024-07-15 22:00:00,0.71,3.0,8.4,12.49,11.3,35.0,1.9,15.1,95.0,SURESTE
2024-07-15 23:00:00,0.62,2.3,9.8,,12.3,46.0,2.5,9.5,64.0,CENTRO
2024-07-15 23:00:00,0.73,1.8,7.1,14.0,8.9,65.0,2.7,4.4,120.0,NORTE
2024-07-15 23:00:00,0.62,2.5,3.9,13.32,6.4,46.0,1.9,20.2,97.0,SURESTE
2024-07-16 00:00:00,0.57,2.2,9.2,23.0,11.7,56.0,2.4,8.5,56.0,CENTRO
2024-07-16 00:00:00,0.7,1.8,7.6,15.0,9.4,62.0,2.8,7.4,100.0,NORTE
2024-07-16 00:00:00,0.62,2.1,3.7,,5.7,47.0,1.8,14.6,93.0,SURESTE
2024-07-16 01:00:00,0.49,2.0,8.8,22.0,11.0,62.0,2.5,6.2,33.0,CENTRO
2024-07-16 01:00:00,0.68,1.7,6.2,15.0,7.9,59.0,2.8,7.9,97.0,NORTE
2024-07-16 01:00:00,0.64,2.1,4.9,13.46,7.0,49.0,1.8,11.0,91.0,SURESTE
2024-07-16 02:00:00,0.47,2.4,9.0,24.0,11.7,61.0,2.5,6.0,31.0,CENTRO
2024-07-16 02:00:00,0.67,1.7,7.2,16.0,9.0,57.0,2.8,6.9,81.0,NORTE
2024-07-16 02:00:00,0.61,2.0,3.6,13.95,5.6,52.0,1.7,12.2,92.0,SURESTE
2024-07-16 03:00:00,0.46,6.7,16.9,29.0,23.9,56.0,2.5,5.4,13.0,CENTRO
2024-07-16 03:00:00,0.64,1.8,6.7,17.0,8.4,60.0,2.8,6.6,88.0,NORTE
2024-07-16 03:00:00,0.61,2.0,3.3,14.32,5.2,49.0,1.7,9.0,91.0,SURESTE
2024-07-16 04:00:00,0.49,3.1,15.5,34.0,18.8,74.0,2.5,3.0,23.0,CENTRO
2024-07-16 04:00:00,0.66,2.7,7.4,18.0,10.1,60.0,2.7,4.2,76.0,NORTE
2024-07-16 04:00:00,0.6,2.0,4.2,15.86,6.2,47.0,1.7,5.3,70.0,SURESTE
2024-07-16 05:00:00,0.54,3.8,15.7,41.0,19.7,77.0,2.6,3.5,40.0,CENTRO
2024-07-16 05:00:00,0.7,8.6,10.8,19.0,19.4,74.0,2.8,5.4,40.0,NORTE
2024-07-16 05:00:00,0.6,2.1,8.0,20.27,10.0,61.0,1.9,7.1,77.0,SURESTE
2024-07-16 06:00:00,0.52,7.3,16.0,46.0,23.5,86.0,2.6,4.0,16.0,CENTRO
2024-07-16 06:00:00,0.72,9.7,9.9,21.0,19.7,94.0,2.6,3.5,42.0,NORTE
2024-07-16 06:00:00,0.63,3.0,10.0,18.11,12.9,55.0,2.3,4.5,25.0,SURESTE
2024-07-16 07:00:00,0.56,7.6,15.1,40.0,23.0,83.0,2.7,4.6,352.0,CENTRO
2024-07-16 07:00:00,0.76,9.4,8.8,25.0,18.2,93.0,2.8,5.1,48.0,NORTE
2024-07-16 07:00:00,0.73,9.5,14.4,19.14,23.8,62.0,2.2,3.2,345.0,SURESTE
2024-07-16 08:00:00,0.58,11.8,14.0,39.0,26.1,77.0,2.6,6.0,347.0,CENTRO
2024-07-16 08:00:00,0.77,6.7,7.7,27.0,14.4,111.0,3.0,6.1,45.0,NORTE
2024-07-16 08:00:00,0.8,13.7,14.0,19.9,27.7,72.0,2.3,4.9,320.0,SURESTE
2024-07-16 09:00:00,0.58,11.5,12.7,43.0,24.6,83.0,2.6,5.7,350.0,CENTRO
2024-07-16 09:00:00,0.74,4.6,7.4,27.0,11.9,106.0,3.2,4.4,70.0,NORTE
2024-07-16 09:00:00,0.92,16.2,15.5,23.15,31.6,84.0,2.5,5.8,299.0,SURESTE
2024-07-16 10:00:00,0.64,11.6,15.3,,27.2,87.0,2.5,6.3,6.0,CENTRO
2024-07-16 10:00:00,0.74,3.5,8.6,29.0,12.1,116.0,3.5,3.6,65.0,NORTE
2024-07-16 10:00:00,0.94,14.5,18.9,24.63,33.3,94.0,2.9,5.9,2.0,SURESTE
2024-07-16 11:00:00,0.79,10.3,21.4,,31.9,94.0,2.6,6.8,17.0,CENTRO
2024-07-16 11:00:00,0.74,2.6,7.8,25.0,10.4,130.0,4.0,5.6,80.0,NORTE
2024-07-16 11:00:00,0.93,10.4,20.7,28.64,31.1,108.0,3.2,7.1,20.0,SURESTE
2024-07-16 12:00:00,0.8,7.1,22.8,,30.2,112.0,2.6,7.9,23.0,CENTRO
2024-07-16 12:00:00,0.75,2.5,5.5,20.0,8.0,111.0,4.1,8.4,86.0,NORTE
2024-07-16 12:00:00,0.87,5.1,16.9,31.52,22.0,119.0,3.4,8.3,77.0,SURESTE
2024-07-16 13:00:00,0.69,5.2,22.0,,27.4,119.0,2.7,8.8,36.0,CENTRO
2024-07-16 13:00:00,0.76,2.5,5.8,19.0,8.3,88.0,3.9,10.3,113.0,NORTE
2024-07-16 13:00:00,0.81,2.8,12.0,30.22,14.8,111.0,3.8,10.4,63.0,SURESTE
2024-07-16 14:00:00,0.62,3.4,17.4,,21.0,112.0,3.0,10.9,40.0,CENTRO
2024-07-16 14:00:00,0.75,3.4,5.9,15.0,9.3,69.0,3.2,12.0,121.0,NORTE
2024-07-16 14:00:00,0.78,3.6,15.1,26.45,18.7,105.0,6.8,15.0,68.0,SURESTE
2024-07-16 15:00:00,0.55,3.2,14.5,,17.9,108.0,3.2,13.1,62.0,CENTRO
2024-07-16 15:00:00,0.74,3.1,6.3,13.0,9.4,65.0,3.0,11.4,132.0,NORTE
2024-07-16 15:00:00,0.72,2.7,10.1,29.95,12.7,99.0,5.3,16.9,83.0,SURESTE
2024-07-16 16:00:00,0.52,2.7,11.5,,14.4,87.0,2.9,13.5,54.0,CENTRO
2024-07-16 16:00:00,0.77,2.3,7.8,21.0,10.0,50.0,4.8,12.8,129.0,NORTE
2024-07-16 16:00:00,0.73,2.7,9.8,30.26,12.4,94.0,14.7,16.5,107.0,SURESTE
2024-07-16 17:00:00,0.57,2.8,12.6,,15.6,92.0,3.0,11.6,93.0,CENTRO
2024-07-16 17:00:00,0.9,2.0,8.4,27.0,10.3,63.0,5.6,10.3,134.0,NORTE
2024-07-16 17:00:00,0.7,2.8,7.5,31.88,10.3,96.0,11.7,14.4,123.0,SURESTE
2024-07-16 18:00:00,0.53,2.5,10.8,,13.5,83.0,3.3,12.6,75.0,CENTRO
2024-07-16 18:00:00,0.87,1.9,8.1,24.0,9.9,73.0,4.1,8.1,140.0,NORTE
2024-07-16 18:00:00,0.76,3.0,9.0,24.68,11.9,63.0,6.0,12.4,132.0,SURESTE
2024-07-16 19:00:00,0.55,1.9,10.3,,12.4,76.0,3.1,10.2,107.0,CENTRO
2024-07-16 19:00:00,0.91,1.9,10.1,23.0,12.0,70.0,3.4,7.0,136.0,NORTE
2024-07-16 19:00:00,0.79,2.4,9.3,24.83,11.6,70.0,5.4,11.3,121.0,SURESTE
2024-07-16 20:00:00,0.57,1.8,11.8,,13.8,95.0,2.6,9.0,107.0,CENTRO
2024-07-16 20:00:00,0.91,2.2,11.8,22.0,13.9,63.0,3.4,9.5,134.0,NORTE
2024-07-16 20:00:00,0.74,2.2,9.2,30.24,11.3,82.0,5.5,10.4,132.0,SURESTE
2024-07-16 21:00:00,0.52,1.8,9.0,,11.0,88.0,2.6,6.4,114.0,CENTRO
2024-07-16 21:00:00,0.74,1.9,3.5,12.0,5.3,75.0,3.0,14.6,149.0,NORTE
2024-07-16 21:00:00,0.76,2.2,8.6,27.13,10.7,63.0,4.4,8.0,85.0,SURESTE
2024-07-16 22:00:00,0.56,,11.8,,13.8,85.0,2.7,8.0,88.0,CENTRO
2024-07-16 22:00:00,0.72,1.8,3.6,10.0,5.4,45.0,2.8,12.1,140.0,NORTE
2024-07-16 22:00:00,0.7,2.4,7.7,25.03,10.1,65.0,4.1,15.5,115.0,SURESTE
2024-07-16 23:00:00,0.46,,6.3,,8.3,72.0,2.7,10.6,118.0,CENTRO
2024-07-16 23:00:00,0.71,1.7,4.1,11.0,5.8,38.0,2.7,11.2,131.0,NORTE
2024-07-16 23:00:00,0.6,2.4,3.2,23.08,5.6,67.0,2.8,17.5,118.0,SURESTE
2024-07-17 00:00:00,0.44,1.8,5.6,21.0,7.7,58.0,2.7,7.0,119.0,CENTRO
2024-07-17 00:00:00,0.7,1.7,4.9,11.0,6.6,44.0,2.7,8.5,115.0,NORTE
2024-07-17 00:00:00,0.61,2.2,3.5,11.15,5.6,35.0,2.2,15.5,104.0,SURESTE
2024-07-17 01:00:00,0.44,1.8,6.0,20.0,8.0,55.0,2.7,8.7,49.0,CENTRO
2024-07-17 01:00:00,0.68,1.6,4.3,,6.0,55.0,2.6,7.7,109.0,NORTE
2024-07-17 01:00:00,0.59,2.1,2.8,10.94,4.9,34.0,2.0,16.5,104.0,SURESTE
2024-07-17 02:00:00,0.43,1.8,5.2,20.0,7.3,51.0,2.5,8.5,46.0,CENTRO
2024-07-17 02:00:00,0.68,1.7,4.2,,5.8,34.0,2.5,7.4,91.0,NORTE
2024-07-17 02:00:00,0.61,2.0,3.4,11.02,5.4,32.0,1.9,11.6,108.0,SURESTE
2024-07-17 03:00:00,0.42,2.7,6.5,,9.3,48.0,2.5,7.1,32.0,CENTRO
2024-07-17 03:00:00,0.68,3.0,8.8,13.0,11.8,37.0,2.7,6.4,52.0,NORTE
2024-07-17 03:00:00,0.59,2.0,3.0,11.79,4.9,31.0,1.9,10.8,110.0,SURESTE
2024-07-17 04:00:00,0.41,6.1,14.1,23.0,20.4,50.0,2.5,6.7,35.0,CENTRO
2024-07-17 04:00:00,0.69,3.1,9.2,14.0,12.2,58.0,2.6,6.9,56.0,NORTE
2024-07-17 04:00:00,0.57,2.0,2.5,11.61,4.5,33.0,1.8,9.7,109.0,SURESTE
2024-07-17 05:00:00,0.43,3.0,13.4,23.0,16.6,53.0,2.6,5.3,9.0,CENTRO
2024-07-17 05:00:00,0.72,4.2,8.9,13.0,13.1,47.0,2.6,8.1,67.0,NORTE
2024-07-17 05:00:00,0.58,2.0,2.9,10.46,4.8,23.0,1.8,4.2,89.0,SURESTE
2024-07-17 06:00:00,0.57,2.1,10.7,27.0,13.1,62.0,2.5,5.9,28.0,CENTRO
2024-07-17 06:00:00,0.76,6.2,8.2,14.0,14.4,51.0,2.6,5.6,50.0,NORTE
2024-07-17 06:00:00,0.59,2.2,6.1,11.6,8.2,27.0,1.7,6.6,67.0,SURESTE
2024-07-17 07:00:00,0.52,6.0,13.4,30.0,19.7,67.0,2.5,7.0,25.0,CENTRO
2024-07-17 07:00:00,0.77,6.2,8.1,13.0,14.3,80.0,2.6,6.0,63.0,NORTE
2024-07-17 07:00:00,0.67,5.2,12.9,13.14,18.1,34.0,1.8,8.4,56.0,SURESTE
2024-07-17 08:00:00,0.65,11.6,13.0,29.0,24.9,76.0,2.5,5.6,358.0,CENTRO
2024-07-17 08:00:00,0.76,5.5,6.9,13.0,12.3,71.0,2.4,3.9,49.0,NORTE
2024-07-17 08:00:00,0.69,6.0,10.7,13.93,16.6,44.0,1.9,7.2,61.0,SURESTE
2024-07-17 09:00:00,0.7,11.7,12.9,27.0,24.9,67.0,2.5,5.8,4.0,CENTRO
2024-07-17 09:00:00,0.78,7.8,6.9,17.0,14.7,49.0,2.4,3.6,49.0,NORTE
2024-07-17 09:00:00,0.7,6.5,11.0,14.13,17.5,43.0,1.9,6.6,70.0,SURESTE
2024-07-17 10:00:00,0.71,13.0,12.3,30.0,25.6,65.0,2.5,6.0,10.0,CENTRO
2024-07-17 10:00:00,0.78,7.2,7.3,19.0,14.4,59.0,2.5,6.8,61.0,NORTE
2024-07-17 10:00:00,0.75,9.7,12.1,14.49,21.7,52.0,2.0,4.8,65.0,SURESTE
2024-07-17 11:00:00,0.79,12.4,12.6,35.0,25.3,64.0,2.5,5.4,15.0,CENTRO
2024-07-17 11:00:00,0.75,3.3,6.3,19.0,9.5,66.0,2.5,5.6,52.0,NORTE
2024-07-17 11:00:00,0.81,11.0,12.2,16.12,23.1,54.0,2.1,5.6,48.0,SURESTE
2024-07-17 12:00:00,0.71,7.4,14.3,37.0,21.9,73.0,2.5,5.8,20.0,CENTRO
2024-07-17 12:00:00,0.76,2.7,5.5,,8.2,60.0,2.5,4.6,42.0,NORTE
2024-07-17 12:00:00,0.82,6.3,12.4,19.97,18.6,61.0,2.3,9.3,80.0,SURESTE
2024-07-17 13:00:00,0.7,6.2,18.2,39.0,24.6,76.0,2.6,8.2,90.0,CENTRO
2024-07-17 13:00:00,0.75,2.4,5.1,,7.5,64.0,2.7,7.6,39.0,NORTE
2024-07-17 13:00:00,0.83,5.4,12.4,25.16,17.7,66.0,2.4,9.8,102.0,SURESTE
2024-07-17 14:00:00,0.61,7.5,19.7,40.0,27.4,73.0,2.6,8.6,54.0,CENTRO
2024-07-17 14:00:00,0.77,2.4,6.9,21.0,9.3,71.0,2.7,7.0,52.0,NORTE
2024-07-17 14:00:00,0.79,4.0,10.7,25.4,14.5,68.0,2.4,10.3,110.0,SURESTE
2024-07-17 15:00:00,0.58,3.6,16.3,39.0,20.1,85.0,2.4,9.0,57.0,CENTRO
2024-07-17 15:00:00,0.82,3.0,10.1,21.0,13.1,61.0,2.7,7.4,68.0,NORTE
2024-07-17 15:00:00,0.77,2.9,11.6,25.5,14.4,72.0,3.0,10.7,95.0,SURESTE
2024-07-17 16:00:00,0.59,2.3,11.1,40.0,13.7,83.0,2.5,9.0,86.0,CENTRO
2024-07-17 16:00:00,0.9,2.9,9.5,19.0,12.4,69.0,2.9,7.2,115.0,NORTE
2024-07-17 16:00:00,0.73,2.4,10.0,27.17,12.3,84.0,3.0,8.6,136.0,SURESTE
2024-07-17 17:00:00,0.62,2.2,10.6,42.0,13.0,79.0,2.6,6.9,125.0,CENTRO
2024-07-17 17:00:00,0.93,2.2,10.6,24.0,12.7,59.0,2.9,6.4,141.0,NORTE
2024-07-17 17:00:00,0.75,2.4,8.5,24.75,10.8,65.0,2.9,9.2,111.0,SURESTE
2024-07-17 18:00:00,0.62,2.3,10.9,42.92,13.4,77.0,2.6,8.0,127.0,CENTRO
2024-07-17 18:00:00,0.95,1.9,11.7,27.0,13.6,71.0,3.8,8.3,126.0,NORTE
2024-07-17 18:00:00,0.76,2.3,8.2,29.25,10.5,67.0,2.5,8.6,93.0,SURESTE
2024-07-17 19:00:00,0.61,2.1,11.0,41.13,13.4,60.0,2.6,7.7,128.0,CENTRO
2024-07-17 19:00:00,0.99,2.0,13.4,22.0,15.4,71.0,3.0,7.4,122.0,NORTE
2024-07-17 19:00:00,0.79,2.4,9.4,24.13,11.8,56.0,2.4,9.9,93.0,SURESTE
2024-07-17 20:00:00,0.65,1.8,10.7,33.38,12.8,49.0,2.6,7.4,123.0,CENTRO
2024-07-17 20:00:00,1.13,15.2,36.2,37.0,51.4,53.0,2.9,5.7,65.0,NORTE
2024-07-17 20:00:00,0.84,2.5,11.2,22.13,13.7,52.0,2.4,8.9,108.0,SURESTE
2024-07-17 21:00:00,0.58,1.8,11.3,34.19,13.3,57.0,2.5,8.7,100.0,CENTRO
2024-07-17 21:00:00,1.02,16.2,21.5,29.0,37.7,191.0,2.8,3.6,354.0,NORTE
2024-07-17 21:00:00,0.8,2.5,11.7,20.17,14.2,46.0,2.4,11.1,86.0,SURESTE
2024-07-17 22:00:00,0.59,,11.8,31.62,13.8,52.0,2.5,7.0,65.0,CENTRO
2024-07-17 22:00:00,0.83,4.8,12.6,24.0,17.4,145.0,2.5,8.5,131.0,NORTE
2024-07-17 22:00:00,0.75,2.5,11.2,20.16,13.6,53.0,2.9,12.0,80.0,SURESTE
2024-07-17 23:00:00,0.61,2.0,15.5,31.45,17.6,50.0,2.5,6.9,49.0,CENTRO
2024-07-17 23:00:00,0.73,1.7,5.0,11.0,6.7,79.0,2.5,7.4,110.0,NORTE
2024-07-17 23:00:00,0.73,2.2,8.6,23.02,10.8,49.0,2.9,13.2,86.0,SURESTE
2024-07-18 00:00:00,0.52,2.2,10.1,37.4,12.6,57.0,2.5,10.5,67.0,CENTRO
2024-07-18 00:00:00,0.67,1.6,6.2,6.0,7.9,39.0,2.6,3.5,59.0,NORTE
2024-07-18 00:00:00,0.73,2.0,6.8,20.83,8.8,56.0,2.2,9.5,98.0,SURESTE
2024-07-18 01:00:00,0.54,2.4,10.3,30.0,12.9,54.0,2.5,10.1,43.0,CENTRO
2024-07-18 01:00:00,0.68,1.6,11.7,8.0,13.4,34.0,2.5,3.8,11.0,NORTE
2024-07-18 01:00:00,0.7,2.3,5.6,20.63,7.8,42.0,2.1,14.7,85.0,SURESTE
2024-07-18 02:00:00,0.47,6.6,21.0,30.03,27.9,59.0,2.6,8.8,28.0,CENTRO
2024-07-18 02:00:00,0.66,1.7,10.0,7.0,11.6,27.0,2.6,4.7,329.0,NORTE
2024-07-18 02:00:00,0.81,2.8,8.7,,11.3,33.0,2.0,9.4,39.0,SURESTE
2024-07-18 03:00:00,0.64,1.9,13.7,20.65,15.8,42.0,2.6,10.9,2.0,CENTRO
2024-07-18 03:00:00,0.67,1.6,8.4,10.0,10.0,21.0,2.8,4.3,356.0,NORTE
2024-07-18 03:00:00,0.8,4.9,11.5,12.53,16.4,34.0,2.0,13.8,45.0,SURESTE
2024-07-18 04:00:00,0.56,2.2,14.5,21.94,16.9,38.0,2.6,9.0,10.0,CENTRO
2024-07-18 04:00:00,0.69,1.7,11.8,8.0,13.5,27.0,2.6,2.0,333.0,NORTE
2024-07-18 04:00:00,0.78,3.5,12.7,12.41,16.2,27.0,1.9,10.9,63.0,SURESTE
2024-07-18 05:00:00,0.5,2.8,19.6,23.64,22.7,50.0,2.6,5.2,24.0,CENTRO
2024-07-18 05:00:00,0.83,4.4,15.4,9.0,19.9,31.0,2.6,1.4,4.0,NORTE
2024-07-18 05:00:00,0.76,2.0,4.8,9.88,6.9,16.0,1.8,9.3,68.0,SURESTE
2024-07-18 06:00:00,0.51,2.3,16.8,24.32,19.2,52.0,2.6,4.9,354.0,CENTRO
2024-07-18 06:00:00,0.88,6.9,14.2,13.0,21.1,41.0,2.7,2.7,63.0,NORTE
2024-07-18 06:00:00,0.8,5.3,15.1,8.37,20.3,17.0,2.0,5.8,40.0,SURESTE
2024-07-18 07:00:00,0.6,3.5,16.0,28.22,19.7,47.0,2.5,1.9,258.0,CENTRO
2024-07-18 07:00:00,0.92,12.3,16.0,18.0,28.4,39.0,2.7,4.5,83.0,NORTE
2024-07-18 07:00:00,0.89,5.5,16.8,10.56,22.3,24.0,2.0,2.5,66.0,SURESTE
2024-07-18 08:00:00,0.63,10.0,16.8,30.41,27.1,54.0,2.5,2.8,335.0,CENTRO
2024-07-18 08:00:00,0.97,10.7,15.6,19.0,26.3,58.0,2.7,6.0,49.0,NORTE
2024-07-18 08:00:00,1.05,11.9,20.4,12.86,32.2,29.0,2.0,4.3,43.0,SURESTE
2024-07-18 09:00:00,0.95,18.5,21.7,32.95,40.5,52.0,2.6,5.5,349.0,CENTRO
2024-07-18 09:00:00,0.77,4.8,9.3,20.0,14.1,55.0,2.6,7.7,44.0,NORTE
2024-07-18 09:00:00,1.0,8.4,16.4,12.47,24.7,32.0,2.0,4.6,83.0,SURESTE
2024-07-18 10:00:00,0.99,25.6,25.6,41.8,51.3,62.0,2.7,6.3,21.0,CENTRO
2024-07-18 10:00:00,0.86,3.3,6.0,26.0,9.3,47.0,2.6,6.8,65.0,NORTE
2024-07-18 10:00:00,1.02,11.2,19.7,12.56,30.9,38.0,2.2,6.1,29.0,SURESTE
2024-07-18 11:00:00,0.94,11.5,24.0,39.26,35.8,77.0,2.7,7.8,20.0,CENTRO
2024-07-18 11:00:00,0.91,2.9,5.7,22.0,8.6,70.0,2.6,8.1,98.0,NORTE
2024-07-18 11:00:00,0.96,8.1,19.3,15.43,27.4,45.0,2.2,6.7,7.0,SURESTE
2024-07-18 12:00:00,0.67,6.0,16.2,37.64,22.4,75.0,2.6,8.9,23.0,CENTRO
2024-07-18 12:00:00,0.78,2.6,4.7,18.0,7.3,66.0,2.7,7.9,134.0,NORTE
2024-07-18 12:00:00,0.87,4.5,14.5,20.73,18.9,53.0,2.2,5.8,39.0,SURESTE
2024-07-18 13:00:00,0.59,5.7,15.2,37.84,21.1,65.0,2.6,7.6,44.0,CENTRO
2024-07-18 13:00:00,0.78,3.3,7.2,19.0,10.5,48.0,3.5,8.1,132.0,NORTE
2024-07-18 13:00:00,0.91,5.4,12.6,20.83,17.8,54.0,2.5,11.2,79.0,SURESTE
2024-07-18 14:00:00,0.55,5.1,12.2,36.31,17.6,69.0,2.6,10.3,65.0,CENTRO
2024-07-18 14:00:00,0.79,3.3,7.8,19.0,11.1,63.0,3.8,7.0,120.0,NORTE
2024-07-18 14:00:00,0.9,4.3,9.9,23.48,14.2,58.0,3.3,11.5,118.0,SURESTE
2024-07-18 15:00:00,0.56,3.3,10.1,38.24,13.7,65.0,2.6,9.5,64.0,CENTRO
2024-07-18 15:00:00,0.8,2.5,6.4,,8.9,60.0,3.8,5.8,129.0,NORTE
2024-07-18 15:00:00,0.92,3.1,8.2,26.77,11.3,56.0,3.7,11.5,113.0,SURESTE
2024-07-18 16:00:00,0.56,2.7,9.4,40.74,12.4,63.0,2.6,8.9,56.0,CENTRO
2024-07-18 16:00:00,0.82,3.0,8.6,17.0,11.6,54.0,3.2,10.6,90.0,NORTE
2024-07-18 16:00:00,0.88,2.6,7.2,26.03,9.9,65.0,3.3,10.6,114.0,SURESTE
2024-07-18 17:00:00,0.59,2.6,9.1,36.49,11.9,63.0,2.5,7.9,64.0,CENTRO
2024-07-18 17:00:00,0.89,2.6,9.0,14.0,11.7,46.0,2.7,7.0,106.0,NORTE
2024-07-18 17:00:00,0.86,3.0,7.0,24.05,9.9,56.0,2.7,10.8,116.0,SURESTE
2024-07-18 18:00:00,0.56,2.4,9.5,32.47,12.1,58.0,2.5,10.7,68.0,CENTRO
2024-07-18 18:00:00,0.93,2.2,10.0,12.0,12.2,38.0,2.6,2.0,86.0,NORTE
2024-07-18 18:00:00,0.83,2.9,6.6,27.15,9.4,52.0,2.5,12.0,121.0,SURESTE
2024-07-18 19:00:00,0.59,3.7,13.6,25.93,17.5,57.0,2.6,12.5,63.0,CENTRO
2024-07-18 19:00:00,1.1,3.3,16.5,12.0,19.8,42.0,2.6,4.6,176.0,NORTE
2024-07-18 19:00:00,0.83,2.8,7.6,31.02,10.4,49.0,2.3,9.8,161.0,SURESTE
2024-07-18 20:00:00,0.55,2.1,9.5,14.32,11.8,55.0,2.5,9.0,102.0,CENTRO
2024-07-18 20:00:00,1.23,19.2,20.5,13.0,39.7,72.0,2.8,0.4,222.0,NORTE
2024-07-18 20:00:00,0.96,4.0,14.0,,18.0,37.0,2.1,8.2,90.0,SURESTE
2024-07-18 21:00:00,0.74,3.3,18.1,17.53,21.6,40.0,2.6,5.5,45.0,CENTRO
2024-07-18 21:00:00,1.13,24.6,21.7,16.0,46.3,84.0,2.8,4.5,66.0,NORTE
2024-07-18 21:00:00,1.11,7.3,19.0,,26.2,31.0,2.0,5.3,137.0,SURESTE
2024-07-18 22:00:00,0.74,5.3,21.5,18.83,27.0,47.0,2.7,4.5,19.0,CENTRO
2024-07-18 22:00:00,1.0,30.7,18.7,15.0,49.4,86.0,2.9,1.3,10.0,NORTE
2024-07-18 22:00:00,1.13,8.9,19.1,,27.9,29.0,2.0,6.3,132.0,SURESTE
2024-07-18 23:00:00,0.68,3.1,17.4,18.46,20.7,46.0,2.7,4.2,53.0,CENTRO
2024-07-18 23:00:00,0.89,29.1,20.3,15.0,49.4,97.0,2.8,4.1,23.0,NORTE
2024-07-18 23:00:00,0.95,3.6,14.7,,18.2,38.0,1.9,4.7,335.0,SURESTE
2024-07-19 00:00:00,0.79,6.1,19.5,18.46,25.8,47.0,2.6,5.5,52.0,CENTRO
2024-07-19 00:00:00,0.82,11.9,18.9,13.0,30.9,88.0,2.7,3.3,357.0,NORTE
2024-07-19 00:00:00,0.98,4.5,15.7,20.89,20.2,37.0,1.9,3.7,275.0,SURESTE
2024-07-19 01:00:00,0.58,3.9,14.0,20.74,18.2,49.0,2.5,7.9,56.0,CENTRO
2024-07-19 01:00:00,0.78,15.5,18.1,13.0,33.6,59.0,2.7,3.7,336.0,NORTE
2024-07-19 01:00:00,0.94,3.4,15.6,21.43,18.9,40.0,1.9,4.7,142.0,SURESTE
2024-07-19 02:00:00,0.65,11.5,23.1,20.0,34.9,58.0,2.7,6.1,30.0,CENTRO
2024-07-19 02:00:00,0.77,11.9,17.7,,29.6,64.0,2.7,2.1,348.0,NORTE
2024-07-19 02:00:00,0.83,2.2,10.3,20.82,12.5,35.0,1.8,5.5,76.0,SURESTE
2024-07-19 03:00:00,0.66,7.9,23.3,30.26,31.5,66.0,2.7,5.0,358.0,CENTRO
2024-07-19 03:00:00,0.74,10.7,16.9,12.0,27.6,64.0,2.6,2.2,354.0,NORTE
2024-07-19 03:00:00,0.86,2.5,16.3,21.99,18.7,33.0,1.8,3.7,15.0,SURESTE
2024-07-19 04:00:00,0.79,12.7,23.4,28.48,36.4,76.0,2.7,3.3,11.0,CENTRO
2024-07-19 04:00:00,0.76,10.2,16.8,12.0,27.0,62.0,2.8,1.7,339.0,NORTE
2024-07-19 04:00:00,0.86,2.5,15.9,19.43,18.3,43.0,1.8,2.2,83.0,SURESTE
2024-07-19 05:00:00,0.75,14.1,21.3,31.48,35.7,72.0,2.7,1.8,338.0,CENTRO
2024-07-19 05:00:00,0.87,20.5,17.5,13.0,38.1,68.0,2.9,1.4,354.0,NORTE
2024-07-19 05:00:00,0.88,4.8,14.1,16.53,18.9,41.0,1.9,2.0,236.0,SURESTE
2024-07-19 06:00:00,1.16,14.1,22.0,26.77,36.3,59.0,2.7,2.3,6.0,CENTRO
2024-07-19 06:00:00,0.84,12.3,15.5,12.0,27.7,64.0,2.7,2.8,4.0,NORTE
2024-07-19 06:00:00,0.85,6.3,19.2,17.0,25.6,35.0,2.0,2.7,315.0,SURESTE
2024-07-19 07:00:00,0.75,15.4,21.0,30.35,36.7,69.0,2.6,4.0,341.0,CENTRO
2024-07-19 07:00:00,0.82,9.0,11.6,13.0,20.5,55.0,2.9,5.4,37.0,NORTE
2024-07-19 07:00:00,0.93,14.8,19.5,17.52,34.4,53.0,2.0,2.3,300.0,SURESTE
2024-07-19 08:00:00,0.69,13.9,18.3,26.13,32.5,62.0,2.6,3.3,342.0,CENTRO
2024-07-19 08:00:00,0.77,6.0,9.0,21.0,15.0,56.0,3.0,4.9,39.0,NORTE
2024-07-19 08:00:00,1.13,24.7,22.8,18.53,47.3,41.0,2.1,2.8,299.0,SURESTE
2024-07-19 09:00:00,0.74,13.1,17.7,27.23,31.1,50.0,2.6,5.7,14.0,CENTRO
2024-07-19 09:00:00,0.75,4.5,8.2,17.0,12.7,76.0,2.9,3.7,30.0,NORTE
2024-07-19 09:00:00,1.17,22.4,27.0,21.65,49.3,60.0,2.4,5.2,309.0,SURESTE
2024-07-19 10:00:00,1.07,11.4,19.5,26.14,31.2,59.0,2.7,7.1,28.0,CENTRO
2024-07-19 10:00:00,0.76,3.3,6.4,17.0,9.6,82.0,3.3,4.2,73.0,NORTE
2024-07-19 10:00:00,1.03,11.3,20.3,23.71,31.6,67.0,2.5,7.3,24.0,SURESTE
2024-07-19 11:00:00,0.79,8.4,17.6,27.64,26.2,61.0,2.6,7.6,35.0,CENTRO
2024-07-19 11:00:00,0.76,2.2,4.4,19.0,6.6,85.0,4.4,6.0,99.0,NORTE
2024-07-19 11:00:00,0.85,6.9,15.8,28.57,22.6,67.0,3.3,5.3,54.0,SURESTE
2024-07-19 12:00:00,0.7,5.8,17.0,36.67,23.1,72.0,2.6,7.7,11.0,CENTRO
2024-07-19 12:00:00,0.76,2.2,5.2,20.0,7.4,80.0,4.8,6.9,111.0,NORTE
2024-07-19 12:00:00,0.84,3.8,11.8,30.13,15.5,72.0,4.1,8.3,83.0,SURESTE
2024-07-19 13:00:00,0.57,4.7,13.8,42.46,18.7,83.0,2.6,8.8,57.0,CENTRO
2024-07-19 13:00:00,0.77,2.9,5.9,18.0,8.8,77.0,3.6,8.7,127.0,NORTE
2024-07-19 13:00:00,0.83,4.9,13.1,29.52,18.0,70.0,2.7,11.2,76.0,SURESTE
2024-07-19 14:00:00,0.58,3.5,12.4,35.78,16.2,75.0,2.6,10.1,75.0,CENTRO
2024-07-19 14:00:00,0.76,2.7,4.8,16.0,7.5,83.0,3.3,9.7,110.0,NORTE
2024-07-19 14:00:00,0.86,2.9,8.8,29.66,11.7,78.0,3.6,14.1,80.0,SURESTE
2024-07-19 15:00:00,0.57,3.0,11.0,36.06,14.2,74.0,2.5,13.5,54.0,CENTRO
2024-07-19 15:00:00,0.75,3.6,6.9,17.0,10.5,62.0,4.1,9.8,122.0,NORTE
2024-07-19 15:00:00,0.85,2.8,7.6,24.91,10.3,92.0,11.1,14.9,105.0,SURESTE
2024-07-19 16:00:00,0.54,2.8,9.6,50.0,12.6,86.0,2.6,14.5,65.0,CENTRO
2024-07-19 16:00:00,0.78,3.4,7.7,17.0,11.1,64.0,3.7,9.9,129.0,NORTE
2024-07-19 16:00:00,0.75,3.0,5.5,28.46,8.5,98.0,9.0,13.7,133.0,SURESTE
2024-07-19 17:00:00,0.53,3.2,9.7,48.09,13.1,80.0,2.6,14.3,78.0,CENTRO
2024-07-19 17:00:00,0.79,3.0,7.7,,10.7,59.0,3.4,9.6,130.0,NORTE
2024-07-19 17:00:00,0.8,3.3,5.2,22.92,8.5,70.0,3.9,13.7,130.0,SURESTE
2024-07-19 18:00:00,0.51,2.8,9.7,31.39,12.8,69.0,2.5,12.9,88.0,CENTRO
2024-07-19 18:00:00,0.86,2.5,8.9,19.0,11.4,66.0,3.2,10.0,120.0,NORTE
2024-07-19 18:00:00,0.74,3.0,5.8,23.11,8.8,56.0,2.8,12.1,150.0,SURESTE
2024-07-19 19:00:00,0.53,2.7,10.4,27.86,13.3,65.0,2.6,11.2,91.0,CENTRO
2024-07-19 19:00:00,0.97,2.7,12.2,22.0,14.9,74.0,3.0,8.6,127.0,NORTE
2024-07-19 19:00:00,0.79,3.1,8.0,18.18,11.1,53.0,2.6,11.9,152.0,SURESTE
2024-07-19 20:00:00,0.54,2.2,12.3,28.78,14.7,65.0,2.5,9.3,108.0,CENTRO
2024-07-19 20:00:00,0.98,3.6,13.1,23.0,16.7,92.0,2.9,7.5,143.0,NORTE
2024-07-19 20:00:00,0.81,2.9,8.0,15.28,10.9,64.0,2.5,9.7,144.0,SURESTE
2024-07-19 21:00:00,0.57,2.1,13.6,31.45,15.9,63.0,2.6,8.3,122.0,CENTRO
2024-07-19 21:00:00,0.99,2.9,13.5,24.0,16.5,97.0,2.8,6.4,141.0,NORTE
2024-07-19 21:00:00,0.77,2.8,7.4,12.91,10.2,73.0,2.4,9.8,139.0,SURESTE
2024-07-19 22:00:00,0.56,2.1,14.3,33.81,16.6,71.0,2.6,9.9,109.0,CENTRO
2024-07-19 22:00:00,1.05,16.5,16.7,28.0,33.3,99.0,2.8,6.6,110.0,NORTE
2024-07-19 22:00:00,0.73,2.7,6.0,11.7,8.7,70.0,2.3,9.1,134.0,SURESTE
2024-07-19 23:00:00,0.55,2.1,12.9,35.78,15.2,76.0,2.6,9.0,105.0,CENTRO
2024-07-19 23:00:00,0.81,2.9,12.0,19.0,14.9,155.0,2.8,8.0,135.0,NORTE
2024-07-19 23:00:00,0.69,2.5,4.8,12.26,7.4,70.0,2.5,10.3,140.0,SURESTE
2024-07-20 00:00:00,0.5,1.9,9.5,35.05,11.7,78.0,2.6,8.8,84.0,CENTRO
2024-07-20 00:00:00,0.81,10.4,9.9,20.0,20.3,91.0,2.8,4.7,58.0,NORTE
2024-07-20 00:00:00,0.73,2.2,6.3,20.54,8.6,78.0,2.2,14.0,120.0,SURESTE
2024-07-20 01:00:00,0.53,1.9,9.2,35.16,11.4,75.0,2.6,6.5,76.0,CENTRO
2024-07-20 01:00:00,,,,,,,,,,NORTE
2024-07-20 01:00:00,0.74,2.1,5.3,21.43,7.4,81.0,2.2,12.5,100.0,SURESTE
2024-07-20 02:00:00,0.54,1.8,6.7,33.85,8.8,76.0,2.6,5.3,104.0,CENTRO
2024-07-20 02:00:00,0.7,8.4,8.2,17.0,16.6,114.0,2.7,4.9,34.0,NORTE
2024-07-20 02:00:00,0.81,2.4,10.3,20.82,12.6,73.0,2.3,6.9,20.0,SURESTE
2024-07-20 03:00:00,0.53,3.9,11.8,36.35,15.9,75.0,2.6,7.1,42.0,CENTRO
2024-07-20 03:00:00,0.69,5.0,8.8,17.0,13.8,84.0,2.6,5.1,55.0,NORTE
2024-07-20 03:00:00,0.75,2.2,7.7,21.99,9.9,89.0,2.1,9.3,65.0,SURESTE
2024-07-20 04:00:00,0.5,6.5,13.3,33.39,20.0,87.0,2.6,5.3,54.0,CENTRO
2024-07-20 04:00:00,0.75,10.6,9.5,,20.2,74.0,2.8,6.8,62.0,NORTE
2024-07-20 04:00:00,0.71,2.1,6.0,19.43,8.0,67.0,1.8,5.8,91.0,SURESTE
2024-07-20 05:00:00,0.6,5.7,15.5,33.62,21.5,80.0,,4.2,43.0,CENTRO
2024-07-20 05:00:00,0.76,13.6,8.9,18.0,22.5,86.0,2.7,6.1,42.0,NORTE
2024-07-20 05:00:00,0.72,2.5,9.4,16.53,11.9,57.0,1.9,6.7,39.0,SURESTE
2024-07-20 06:00:00,0.53,7.3,13.5,35.63,21.0,83.0,,4.6,43.0,CENTRO
2024-07-20 06:00:00,0.74,8.5,7.5,19.0,16.1,95.0,2.8,5.7,42.0,NORTE
2024-07-20 06:00:00,0.74,3.4,10.0,17.0,13.4,59.0,2.1,5.7,44.0,SURESTE
2024-07-20 07:00:00,0.59,7.6,12.4,37.15,20.2,80.0,,6.2,6.0,CENTRO
2024-07-20 07:00:00,0.77,6.9,6.4,22.0,13.4,84.0,2.7,5.7,5.0,NORTE
2024-07-20 07:00:00,0.8,8.8,11.7,17.52,20.3,59.0,2.2,2.2,342.0,SURESTE
2024-07-20 08:00:00,0.79,12.7,11.5,36.66,24.5,75.0,2.7,5.5,7.0,CENTRO
2024-07-20 08:00:00,0.75,6.0,6.6,23.0,12.6,78.0,2.7,4.6,348.0,NORTE
2024-07-20 08:00:00,0.85,11.5,12.1,18.53,23.5,62.0,2.2,3.1,334.0,SURESTE
2024-07-20 09:00:00,1.59,12.7,12.6,53.35,25.6,91.0,3.8,5.2,341.0,CENTRO
2024-07-20 09:00:00,0.8,4.4,7.8,24.0,12.2,78.0,2.9,2.6,42.0,NORTE
2024-07-20 09:00:00,0.93,13.0,13.2,21.65,26.2,83.0,2.2,4.9,325.0,SURESTE
2024-07-20 10:00:00,0.85,9.5,13.3,49.61,23.1,117.0,2.9,5.2,347.0,CENTRO
2024-07-20 10:00:00,0.82,4.1,9.3,26.0,13.4,101.0,3.2,5.3,117.0,NORTE
2024-07-20 10:00:00,1.07,17.2,20.4,23.71,37.6,90.0,2.4,5.3,316.0,SURESTE
2024-07-20 11:00:00,0.73,7.8,17.9,46.27,25.9,118.0,2.6,6.5,7.0,CENTRO
2024-07-20 11:00:00,0.81,3.7,7.8,19.0,11.5,124.0,3.3,8.8,125.0,NORTE
2024-07-20 11:00:00,1.07,9.9,22.3,28.57,32.2,105.0,2.9,5.8,53.0,SURESTE
2024-07-20 12:00:00,0.82,8.2,25.3,50.9,33.6,103.0,2.6,9.1,46.0,CENTRO
2024-07-20 12:00:00,0.77,2.5,5.5,19.0,8.0,88.0,9.6,10.6,121.0,NORTE
2024-07-20 12:00:00,0.95,4.2,14.0,30.13,18.1,113.0,3.0,12.4,74.0,SURESTE
2024-07-20 13:00:00,0.64,2.8,13.1,40.06,16.1,107.0,2.5,12.1,53.0,CENTRO
2024-07-20 13:00:00,0.76,2.1,5.4,23.0,7.6,99.0,15.3,10.8,130.0,NORTE
2024-07-20 13:00:00,0.89,3.4,8.8,29.52,12.2,113.0,2.6,15.9,110.0,SURESTE
2024-07-20 14:00:00,0.54,2.9,8.0,31.44,11.2,92.0,2.6,14.7,75.0,CENTRO
2024-07-20 14:00:00,0.8,2.7,4.8,16.0,7.4,90.0,8.3,11.0,128.0,NORTE
2024-07-20 14:00:00,0.83,3.6,6.1,29.66,9.6,96.0,2.3,16.1,116.0,SURESTE
2024-07-20 15:00:00,0.52,2.7,6.3,30.46,9.3,78.0,2.6,13.7,67.0,CENTRO
2024-07-20 15:00:00,0.77,2.6,4.7,14.0,7.3,66.0,4.8,12.6,97.0,NORTE
2024-07-20 15:00:00,0.85,3.9,5.8,24.91,9.7,81.0,2.4,13.5,117.0,SURESTE
2024-07-20 16:00:00,0.49,2.8,5.5,25.97,8.5,67.0,2.6,15.2,74.0,CENTRO
2024-07-20 16:00:00,0.76,2.8,4.6,13.0,7.4,58.0,3.8,14.1,98.0,NORTE
2024-07-20 16:00:00,0.82,3.5,5.5,28.46,9.0,81.0,2.2,14.4,123.0,SURESTE
2024-07-20 17:00:00,0.5,2.8,6.8,25.82,9.8,64.0,2.6,14.1,80.0,CENTRO
2024-07-20 17:00:00,0.74,2.8,6.3,12.0,9.0,56.0,3.3,12.3,120.0,NORTE
2024-07-20 17:00:00,0.83,3.4,5.9,22.92,9.4,68.0,3.1,16.1,112.0,SURESTE
2024-07-20 18:00:00,0.5,,7.5,25.23,10.5,66.0,2.6,16.0,73.0,CENTRO
2024-07-20 18:00:00,0.8,2.2,7.5,12.0,9.7,47.0,4.2,11.7,132.0,NORTE
2024-07-20 18:00:00,0.91,4.7,9.4,23.11,14.1,72.0,3.3,15.7,74.0,SURESTE
2024-07-20 19:00:00,0.48,2.4,6.8,22.42,9.4,63.0,2.6,10.5,109.0,CENTRO
2024-07-20 19:00:00,0.97,2.5,9.6,16.0,12.1,48.0,3.5,9.7,145.0,NORTE
2024-07-20 19:00:00,0.85,3.3,8.8,18.18,12.0,61.0,3.8,10.4,123.0,SURESTE
2024-07-20 20:00:00,0.49,2.0,6.6,21.53,8.9,53.0,2.7,9.4,122.0,CENTRO
2024-07-20 20:00:00,0.95,2.3,6.4,14.0,8.7,60.0,3.1,10.2,152.0,NORTE
2024-07-20 20:00:00,0.77,2.9,7.5,15.28,10.4,52.0,3.1,10.1,141.0,SURESTE
2024-07-20 21:00:00,0.5,2.0,7.9,20.83,10.1,46.0,2.7,8.8,113.0,CENTRO
2024-07-20 21:00:00,0.82,2.0,4.7,12.0,6.8,47.0,2.8,13.0,149.0,NORTE
2024-07-20 21:00:00,0.72,2.7,5.4,12.91,8.1,45.0,2.5,13.6,137.0,SURESTE
2024-07-20 22:00:00,0.47,1.9,5.9,19.61,8.1,46.0,2.6,11.0,128.0,CENTRO
2024-07-20 22:00:00,0.79,2.1,4.4,9.0,6.4,41.0,2.7,12.8,138.0,NORTE
2024-07-20 22:00:00,0.86,5.0,8.9,11.7,13.8,34.0,2.1,13.1,118.0,SURESTE
2024-07-20 23:00:00,0.47,1.9,6.2,16.95,8.3,45.0,2.7,8.5,114.0,CENTRO
2024-07-20 23:00:00,0.78,1.9,6.2,9.0,8.1,32.0,2.7,8.5,132.0,NORTE
2024-07-20 23:00:00,0.7,2.6,3.7,12.26,6.3,44.0,2.1,18.5,120.0,SURESTE
2024-07-21 00:00:00,0.45,,4.8,15.39,6.9,41.0,2.6,8.7,115.0,CENTRO
2024-07-21 00:00:00,0.74,1.8,5.8,8.0,7.6,40.0,2.7,6.4,137.0,NORTE
2024-07-21 00:00:00,0.7,2.2,3.6,7.52,5.8,26.0,1.9,18.3,105.0,SURESTE
2024-07-21 01:00:00,0.48,2.0,5.0,14.48,7.1,38.0,2.7,8.6,87.0,CENTRO
2024-07-21 01:00:00,0.74,4.8,8.0,9.0,12.9,37.0,2.7,5.6,63.0,NORTE
2024-07-21 01:00:00,0.71,2.3,4.6,6.93,6.8,18.0,1.8,13.2,98.0,SURESTE
2024-07-21 02:00:00,0.52,1.9,9.3,15.75,11.5,43.0,2.6,6.3,38.0,CENTRO
2024-07-21 02:00:00,0.69,3.5,8.6,9.0,12.0,54.0,2.8,6.5,65.0,NORTE
2024-07-21 02:00:00,0.74,2.5,5.4,7.2,7.8,25.0,1.9,10.2,89.0,SURESTE
2024-07-21 03:00:00,0.53,9.6,18.1,24.08,28.1,43.0,2.7,5.4,15.0,CENTRO
2024-07-21 03:00:00,0.67,2.3,6.1,,8.3,39.0,2.6,5.4,94.0,NORTE
2024-07-21 03:00:00,0.76,2.0,6.3,5.84,8.3,32.0,1.8,7.0,81.0,SURESTE
2024-07-21 04:00:00,0.6,3.5,14.7,21.48,18.4,63.0,2.8,5.7,59.0,CENTRO
2024-07-21 04:00:00,0.67,2.3,6.9,,9.3,41.0,2.7,4.8,45.0,NORTE
2024-07-21 04:00:00,0.75,2.2,8.6,5.15,10.8,31.0,1.8,7.1,52.0,SURESTE
2024-07-21 05:00:00,0.58,3.7,14.5,21.66,18.4,62.0,2.6,5.4,39.0,CENTRO
2024-07-21 05:00:00,0.7,6.0,8.3,11.0,14.3,31.0,2.8,5.9,41.0,NORTE
2024-07-21 05:00:00,0.72,2.1,7.1,4.98,9.1,32.0,2.0,4.5,45.0,SURESTE
2024-07-21 06:00:00,0.61,3.4,14.5,26.47,18.1,49.0,2.6,3.1,8.0,CENTRO
2024-07-21 06:00:00,0.71,5.3,7.0,13.0,12.3,45.0,2.7,3.5,29.0,NORTE
2024-07-21 06:00:00,0.74,2.1,7.8,6.14,9.8,29.0,2.2,3.1,55.0,SURESTE
2024-07-21 07:00:00,0.64,5.6,13.6,25.39,19.4,52.0,2.8,4.5,14.0,CENTRO
2024-07-21 07:00:00,0.74,6.1,6.8,17.0,12.8,44.0,2.8,4.0,45.0,NORTE
2024-07-21 07:00:00,0.74,2.8,8.5,7.94,11.2,29.0,2.3,2.4,211.0,SURESTE
2024-07-21 08:00:00,0.62,6.0,9.3,29.59,15.5,55.0,2.6,5.1,2.0,CENTRO
2024-07-21 08:00:00,0.77,6.2,7.3,18.0,13.5,47.0,2.6,4.1,13.0,NORTE
2024-07-21 08:00:00,0.76,5.2,8.8,10.37,13.9,40.0,2.2,2.4,86.0,SURESTE
2024-07-21 09:00:00,0.63,6.5,9.9,33.03,16.7,50.0,2.6,5.7,6.0,CENTRO
2024-07-21 09:00:00,0.77,5.3,7.5,20.0,12.7,53.0,3.0,4.3,54.0,NORTE
2024-07-21 09:00:00,0.79,6.5,8.7,15.82,15.1,42.0,2.2,5.3,47.0,SURESTE
2024-07-21 10:00:00,0.58,5.5,9.1,34.01,14.9,54.0,2.6,5.1,19.0,CENTRO
2024-07-21 10:00:00,0.75,3.4,6.3,18.0,9.8,72.0,3.4,4.9,99.0,NORTE
2024-07-21 10:00:00,0.86,7.8,11.0,18.64,18.6,43.0,2.6,5.9,356.0,SURESTE
2024-07-21 11:00:00,0.59,3.6,9.4,31.76,13.3,55.0,2.5,5.8,350.0,CENTRO
2024-07-21 11:00:00,0.75,2.3,3.8,14.0,6.1,62.0,3.9,9.4,118.0,NORTE
2024-07-21 11:00:00,0.89,5.2,11.5,17.43,16.6,50.0,2.8,7.2,39.0,SURESTE
2024-07-21 12:00:00,0.73,5.9,15.7,37.09,21.8,56.0,2.7,9.0,53.0,CENTRO
2024-07-21 12:00:00,0.76,2.2,4.1,17.0,6.3,50.0,4.7,11.2,122.0,NORTE
2024-07-21 12:00:00,0.86,4.2,10.4,18.16,14.5,54.0,2.8,12.5,77.0,SURESTE
2024-07-21 13:00:00,0.55,3.0,9.1,30.51,12.3,64.0,2.7,13.1,51.0,CENTRO
2024-07-21 13:00:00,0.76,2.3,3.8,13.0,6.1,46.0,4.1,9.2,131.0,NORTE
2024-07-21 13:00:00,0.84,3.2,7.5,18.19,10.7,57.0,4.7,16.8,94.0,SURESTE
2024-07-21 14:00:00,0.51,2.2,6.5,43.36,9.0,62.0,3.2,14.3,61.0,CENTRO
2024-07-21 14:00:00,0.74,2.1,2.9,10.0,5.0,39.0,3.4,9.0,148.0,NORTE
2024-07-21 14:00:00,0.82,3.3,7.2,,10.5,72.0,7.9,17.3,116.0,SURESTE
2024-07-21 15:00:00,0.46,2.0,5.4,44.81,7.7,69.0,3.1,8.9,130.0,CENTRO
2024-07-21 15:00:00,0.74,2.2,3.2,11.0,5.4,40.0,3.1,10.2,134.0,NORTE
2024-07-21 15:00:00,0.78,3.2,5.8,,9.0,72.0,6.1,12.6,127.0,SURESTE
2024-07-21 16:00:00,0.44,2.1,3.8,29.63,6.1,59.0,3.0,9.9,138.0,CENTRO
2024-07-21 16:00:00,0.74,2.2,4.0,12.0,6.2,32.0,4.5,11.3,130.0,NORTE
2024-07-21 16:00:00,0.8,3.5,4.8,,8.3,45.0,3.5,14.2,118.0,SURESTE
2024-07-21 17:00:00,0.45,2.1,3.6,19.43,6.0,47.0,3.0,10.1,112.0,CENTRO
2024-07-21 17:00:00,0.75,2.4,5.1,11.0,7.4,29.0,5.6,11.2,124.0,NORTE
2024-07-21 17:00:00,0.78,3.3,4.8,,8.1,40.0,2.9,15.1,130.0,SURESTE
2024-07-21 18:00:00,0.46,,4.5,17.5,6.8,40.0,2.7,11.2,109.0,CENTRO
2024-07-21 18:00:00,0.8,2.1,6.5,11.0,8.6,28.0,4.1,10.6,120.0,NORTE
2024-07-21 18:00:00,0.73,3.1,4.9,,8.0,32.0,2.6,13.7,141.0,SURESTE
2024-07-21 19:00:00,0.46,2.0,4.0,16.5,6.2,39.0,2.7,10.4,121.0,CENTRO
2024-07-21 19:00:00,0.82,2.2,6.1,,8.2,26.0,3.4,13.3,141.0,NORTE
2024-07-21 19:00:00,0.74,3.0,5.6,,8.6,26.0,2.5,11.5,147.0,SURESTE
2024-07-21 20:00:00,0.45,1.9,5.4,15.06,7.5,37.0,2.7,10.2,120.0,CENTRO
2024-07-21 20:00:00,0.88,2.3,11.0,9.0,13.3,46.0,3.2,8.8,170.0,NORTE
2024-07-21 20:00:00,0.75,2.7,5.6,,8.3,22.0,2.4,11.9,140.0,SURESTE
2024-07-21 21:00:00,0.48,1.9,6.5,13.33,8.6,36.0,2.7,11.2,112.0,CENTRO
2024-07-21 21:00:00,0.9,2.2,11.8,10.0,14.0,32.0,3.2,8.2,91.0,NORTE
2024-07-21 21:00:00,0.71,2.6,4.5,,7.1,21.0,2.3,14.5,148.0,SURESTE
2024-07-21 22:00:00,0.47,1.8,5.2,12.23,7.2,36.0,2.6,11.4,122.0,CENTRO
2024-07-21 22:00:00,0.79,2.0,8.0,7.0,10.0,49.0,2.9,7.4,112.0,NORTE
2024-07-21 22:00:00,0.83,2.5,11.1,,13.6,30.0,2.1,7.7,351.0,SURESTE
2024-07-21 23:00:00,0.45,1.9,5.6,10.8,7.7,32.0,2.7,7.9,59.0,CENTRO
2024-07-21 23:00:00,0.74,1.8,6.6,6.0,8.4,34.0,2.8,8.0,112.0,NORTE
2024-07-21 23:00:00,0.79,2.4,10.4,,12.7,50.0,2.0,6.7,296.0,SURESTE
2024-07-22 00:00:00,0.47,1.8,6.8,10.8,8.9,32.0,2.7,6.9,68.0,CENTRO
2024-07-22 00:00:00,0.72,1.7,6.5,6.0,8.2,29.0,2.7,6.8,102.0,NORTE
2024-07-22 00:00:00,0.78,2.1,8.3,7.52,10.3,23.0,2.0,6.9,112.0,SURESTE
2024-07-22 01:00:00,0.55,2.9,16.4,11.0,19.5,28.0,2.8,7.3,25.0,CENTRO
2024-07-22 01:00:00,0.7,1.9,8.8,,10.7,35.0,2.8,5.8,76.0,NORTE
2024-07-22 01:00:00,0.75,2.0,5.7,6.93,7.7,24.0,2.0,11.1,87.0,SURESTE
2024-07-22 02:00:00,0.48,3.3,14.5,10.6,17.9,49.0,2.9,7.5,44.0,CENTRO
2024-07-22 02:00:00,0.66,2.5,9.5,7.0,12.0,42.0,2.7,5.7,70.0,NORTE
2024-07-22 02:00:00,0.68,2.0,3.7,7.2,5.6,17.0,2.0,9.9,113.0,SURESTE
2024-07-22 03:00:00,0.5,3.5,14.8,13.92,18.5,50.0,3.0,6.6,55.0,CENTRO
2024-07-22 03:00:00,0.67,2.0,11.2,7.0,13.1,41.0,2.6,7.3,51.0,NORTE
2024-07-22 03:00:00,0.68,1.9,3.0,5.84,4.9,13.0,2.0,9.0,92.0,SURESTE
2024-07-22 04:00:00,0.51,2.5,15.0,12.69,17.7,46.0,3.0,4.9,74.0,CENTRO
2024-07-22 04:00:00,0.67,1.9,7.3,8.0,9.2,45.0,2.8,7.1,79.0,NORTE
2024-07-22 04:00:00,0.66,1.9,3.3,5.15,5.2,14.0,1.9,6.7,69.0,SURESTE
2024-07-22 05:00:00,0.55,2.0,13.3,12.68,15.4,41.0,2.9,4.8,23.0,CENTRO
2024-07-22 05:00:00,0.72,2.5,8.6,9.0,11.1,46.0,2.7,6.3,108.0,NORTE
2024-07-22 05:00:00,0.68,2.0,7.0,4.98,8.9,15.0,2.0,5.5,46.0,SURESTE
2024-07-22 06:00:00,0.61,2.3,15.0,15.44,17.5,48.0,2.9,5.2,20.0,CENTRO
2024-07-22 06:00:00,0.78,3.8,8.8,12.0,12.6,48.0,2.7,6.4,108.0,NORTE
2024-07-22 06:00:00,0.68,2.0,8.8,6.14,10.7,16.0,1.9,7.1,85.0,SURESTE
2024-07-22 07:00:00,0.56,6.1,17.7,18.59,24.0,55.0,2.9,6.3,59.0,CENTRO
2024-07-22 07:00:00,0.79,5.2,8.0,14.0,13.1,50.0,2.8,6.7,85.0,NORTE
2024-07-22 07:00:00,0.75,2.9,12.2,7.94,15.0,23.0,2.5,8.3,88.0,SURESTE
2024-07-22 08:00:00,0.63,12.7,18.1,23.98,31.0,49.0,2.9,7.9,71.0,CENTRO
2024-07-22 08:00:00,0.79,4.9,6.7,16.0,11.6,58.0,3.2,5.9,72.0,NORTE
2024-07-22 08:00:00,0.81,4.1,10.4,10.37,14.5,29.0,2.8,10.1,96.0,SURESTE
2024-07-22 09:00:00,0.7,14.9,18.7,22.98,33.9,50.0,3.2,6.8,57.0,CENTRO
2024-07-22 09:00:00,0.79,3.6,6.8,18.0,10.4,51.0,3.3,5.4,63.0,NORTE
2024-07-22 09:00:00,0.8,5.7,8.2,15.82,13.9,46.0,2.5,10.0,91.0,SURESTE
2024-07-22 10:00:00,0.76,11.7,18.3,28.16,30.3,68.0,3.4,7.7,13.0,CENTRO
2024-07-22 10:00:00,0.8,3.2,7.7,20.0,10.9,56.0,4.4,7.0,96.0,NORTE
2024-07-22 10:00:00,0.79,5.0,9.2,18.64,14.2,41.0,2.2,7.5,74.0,SURESTE
2024-07-22 11:00:00,0.86,9.2,17.6,34.43,27.0,74.0,3.6,8.9,22.0,CENTRO
2024-07-22 11:00:00,0.78,2.5,5.9,17.0,8.4,59.0,5.4,7.0,135.0,NORTE
2024-07-22 11:00:00,0.81,4.2,10.9,17.43,15.0,40.0,2.1,7.5,57.0,SURESTE
2024-07-22 12:00:00,0.65,8.3,21.2,41.47,29.8,98.0,3.3,10.7,27.0,CENTRO
2024-07-22 12:00:00,0.72,2.4,3.6,10.0,6.0,51.0,3.8,11.9,141.0,NORTE
2024-07-22 12:00:00,0.83,3.1,8.3,18.16,11.4,40.0,2.2,11.0,76.0,SURESTE
2024-07-22 13:00:00,0.56,3.1,9.7,45.0,13.1,83.0,3.2,10.9,47.0,CENTRO
2024-07-22 13:00:00,0.68,2.4,3.1,12.0,5.4,47.0,3.3,13.8,138.0,NORTE
2024-07-22 13:00:00,0.77,3.2,4.9,18.19,8.2,47.0,2.1,16.3,115.0,SURESTE
2024-07-22 14:00:00,0.5,3.0,6.3,15.88,9.5,55.0,3.0,12.3,100.0,CENTRO
2024-07-22 14:00:00,0.69,2.5,2.9,13.0,5.4,69.0,3.1,14.6,133.0,NORTE
2024-07-22 14:00:00,0.76,3.3,4.7,13.35,8.0,38.0,2.1,18.7,110.0,SURESTE
2024-07-22 15:00:00,0.49,3.1,5.6,17.47,8.9,37.0,2.9,14.0,83.0,CENTRO
2024-07-22 15:00:00,0.7,2.6,3.4,13.0,6.0,65.0,3.5,14.3,133.0,NORTE
2024-07-22 15:00:00,0.71,3.4,4.4,12.22,7.8,35.0,2.1,18.4,131.0,SURESTE
2024-07-22 16:00:00,0.45,3.0,4.8,20.32,8.1,44.0,2.9,14.4,113.0,CENTRO
2024-07-22 16:00:00,0.69,2.6,3.6,,6.3,70.0,3.7,14.2,139.0,NORTE
2024-07-22 16:00:00,0.7,3.5,4.4,14.64,7.9,54.0,2.2,18.1,132.0,SURESTE
2024-07-22 17:00:00,0.44,3.5,5.0,22.96,8.7,55.0,2.9,15.2,111.0,CENTRO
2024-07-22 17:00:00,0.72,3.0,5.1,12.0,8.1,60.0,4.4,15.0,136.0,NORTE
2024-07-22 17:00:00,0.69,3.3,4.1,15.06,7.4,60.0,2.1,15.6,133.0,SURESTE
2024-07-22 18:00:00,0.42,3.2,5.2,24.96,8.7,65.0,2.9,15.6,110.0,CENTRO
2024-07-22 18:00:00,0.77,2.3,5.7,10.0,8.0,60.0,4.3,13.9,143.0,NORTE
2024-07-22 18:00:00,0.69,3.9,5.3,15.49,9.2,61.0,2.1,14.4,144.0,SURESTE
2024-07-22 19:00:00,0.47,3.1,6.7,21.98,10.0,65.0,2.8,13.9,103.0,CENTRO
2024-07-22 19:00:00,0.8,2.3,7.5,9.0,9.9,35.0,3.2,10.8,151.0,NORTE
2024-07-22 19:00:00,0.72,3.3,5.2,15.08,8.6,61.0,2.0,15.6,133.0,SURESTE
2024-07-22 20:00:00,0.46,2.2,6.5,19.21,9.0,60.0,2.9,12.1,111.0,CENTRO
2024-07-22 20:00:00,0.78,,7.1,8.0,9.4,31.0,2.8,9.9,142.0,NORTE
2024-07-22 20:00:00,0.73,3.1,5.8,12.01,8.9,44.0,1.9,13.8,134.0,SURESTE
2024-07-22 21:00:00,0.47,2.1,5.6,16.85,8.0,56.0,2.8,10.9,121.0,CENTRO
2024-07-22 21:00:00,0.79,2.1,9.2,7.0,11.3,39.0,2.8,9.7,131.0,NORTE
2024-07-22 21:00:00,0.67,2.7,4.2,10.36,6.9,35.0,2.0,14.6,141.0,SURESTE
2024-07-22 22:00:00,0.46,1.9,5.3,13.37,7.4,41.0,2.6,10.4,123.0,CENTRO
2024-07-22 22:00:00,0.79,2.0,8.4,7.0,10.4,34.0,2.8,10.1,115.0,NORTE
2024-07-22 22:00:00,0.73,2.7,7.1,7.85,9.8,31.0,2.0,11.3,112.0,SURESTE
2024-07-22 23:00:00,0.46,1.9,5.7,10.73,7.8,38.0,2.6,9.6,128.0,CENTRO
2024-07-22 23:00:00,0.74,1.9,7.7,,9.6,42.0,2.8,8.0,126.0,NORTE
2024-07-22 23:00:00,0.75,2.3,7.2,7.51,9.5,29.0,2.0,10.4,97.0,SURESTE
2024-07-23 00:00:00,0.45,,5.1,9.69,7.2,37.0,2.6,9.0,101.0,CENTRO
2024-07-23 00:00:00,0.72,1.7,7.1,,8.8,30.0,2.7,5.9,107.0,NORTE
2024-07-23 00:00:00,0.72,2.1,6.9,7.77,8.9,22.0,2.0,11.1,104.0,SURESTE
2024-07-23 01:00:00,0.52,2.0,9.9,12.8,12.1,35.0,2.6,8.1,54.0,CENTRO
2024-07-23 01:00:00,0.68,1.7,6.7,6.0,8.4,35.0,2.8,6.4,104.0,NORTE
2024-07-23 01:00:00,0.68,2.0,4.5,7.89,6.5,29.0,2.0,14.6,94.0,SURESTE
2024-07-23 02:00:00,0.5,1.9,7.6,10.94,9.7,34.0,2.7,5.0,27.0,CENTRO
2024-07-23 02:00:00,0.69,1.7,6.5,6.0,8.2,25.0,2.7,7.6,103.0,NORTE
2024-07-23 02:00:00,0.67,1.9,4.1,6.99,6.0,23.0,2.1,12.3,100.0,SURESTE
2024-07-23 03:00:00,0.48,2.2,7.2,11.41,9.7,27.0,2.6,7.5,38.0,CENTRO
2024-07-23 03:00:00,0.7,1.9,7.3,8.0,9.3,26.0,2.6,5.7,74.0,NORTE
2024-07-23 03:00:00,0.68,1.9,3.8,6.87,5.7,27.0,1.9,10.6,87.0,SURESTE
2024-07-23 04:00:00,0.48,4.6,15.0,15.67,19.8,31.0,2.7,7.3,28.0,CENTRO
2024-07-23 04:00:00,0.69,7.6,12.1,12.0,19.7,37.0,2.8,7.3,45.0,NORTE
2024-07-23 04:00:00,0.66,1.9,3.3,8.24,5.2,27.0,1.9,10.2,84.0,SURESTE
2024-07-23 05:00:00,0.49,7.7,17.1,19.97,25.1,46.0,3.1,6.0,21.0,CENTRO
2024-07-23 05:00:00,0.74,9.2,11.7,15.0,20.9,66.0,2.8,5.0,42.0,NORTE
2024-07-23 05:00:00,0.66,1.9,3.7,7.88,5.6,17.0,1.9,9.2,84.0,SURESTE
2024-07-23 06:00:00,0.49,7.7,15.9,23.14,23.8,55.0,3.2,5.8,43.0,CENTRO
2024-07-23 06:00:00,0.75,8.9,9.0,16.0,18.0,86.0,2.8,6.2,56.0,NORTE
2024-07-23 06:00:00,0.66,2.0,4.9,8.36,6.9,26.0,2.1,5.8,88.0,SURESTE
2024-07-23 07:00:00,0.55,4.5,14.5,26.67,19.2,56.0,3.0,3.5,353.0,CENTRO
2024-07-23 07:00:00,0.79,8.2,8.7,16.0,16.9,71.0,2.9,6.8,62.0,NORTE
2024-07-23 07:00:00,0.72,5.4,9.2,8.78,14.5,30.0,2.2,3.2,294.0,SURESTE
2024-07-23 08:00:00,0.73,11.0,14.8,25.44,26.0,52.0,3.1,2.1,17.0,CENTRO
2024-07-23 08:00:00,0.82,9.1,9.1,18.0,18.2,61.0,2.9,7.5,93.0,NORTE
2024-07-23 08:00:00,0.81,8.4,12.2,8.59,20.5,36.0,2.0,5.6,31.0,SURESTE
2024-07-23 09:00:00,0.83,16.5,17.8,30.8,34.6,56.0,3.2,5.5,15.0,CENTRO
2024-07-23 09:00:00,0.77,4.3,6.0,13.0,10.3,63.0,3.0,7.2,97.0,NORTE
2024-07-23 09:00:00,0.82,7.9,12.9,11.58,20.7,33.0,1.9,7.5,65.0,SURESTE
2024-07-23 10:00:00,0.75,11.1,18.2,30.11,29.6,75.0,3.2,6.7,28.0,CENTRO
2024-07-23 10:00:00,0.77,3.3,6.4,14.0,9.8,50.0,3.2,8.8,110.0,NORTE
2024-07-23 10:00:00,0.79,6.4,10.8,15.06,17.1,41.0,1.9,7.9,56.0,SURESTE
2024-07-23 11:00:00,0.71,10.0,19.7,32.62,30.0,71.0,3.1,6.4,35.0,CENTRO
2024-07-23 11:00:00,0.73,2.6,6.0,16.0,8.6,56.0,6.4,7.9,110.0,NORTE
2024-07-23 11:00:00,0.76,4.0,8.0,14.99,12.1,50.0,2.0,11.6,82.0,SURESTE
2024-07-23 12:00:00,0.59,3.5,13.1,24.7,16.8,67.0,3.1,7.4,70.0,CENTRO
2024-07-23 12:00:00,0.74,2.2,5.4,14.0,7.5,58.0,8.1,5.2,108.0,NORTE
2024-07-23 12:00:00,0.8,3.5,6.7,13.27,10.2,38.0,2.0,12.8,98.0,SURESTE
2024-07-23 13:00:00,0.53,2.9,7.2,14.68,10.3,58.0,3.0,9.0,63.0,CENTRO
2024-07-23 13:00:00,0.72,2.1,5.4,15.0,7.5,56.0,12.2,5.8,131.0,NORTE
2024-07-23 13:00:00,0.73,3.3,5.1,13.54,8.5,37.0,2.1,12.6,127.0,SURESTE
2024-07-23 14:00:00,0.56,2.6,8.1,20.16,11.0,44.0,2.9,9.6,83.0,CENTRO
2024-07-23 14:00:00,0.73,2.0,5.8,16.0,7.8,60.0,12.8,6.2,118.0,NORTE
2024-07-23 14:00:00,0.7,3.1,4.4,12.72,7.5,40.0,2.1,11.9,137.0,SURESTE
2024-07-23 15:00:00,0.54,2.4,6.9,17.7,9.5,45.0,2.7,8.8,114.0,CENTRO
2024-07-23 15:00:00,0.73,2.5,7.2,15.0,9.8,52.0,10.3,8.9,111.0,NORTE
2024-07-23 15:00:00,0.69,2.8,4.1,10.87,6.9,30.0,2.1,10.9,141.0,SURESTE
2024-07-23 16:00:00,0.51,2.3,5.9,14.25,8.4,43.0,2.6,6.7,123.0,CENTRO
2024-07-23 16:00:00,0.72,2.6,6.2,12.0,8.8,44.0,8.9,7.0,122.0,NORTE
2024-07-23 16:00:00,0.67,2.6,4.3,9.11,6.9,22.0,2.0,12.1,160.0,SURESTE
2024-07-23 17:00:00,0.5,2.4,5.7,12.37,8.3,37.0,2.7,9.7,97.0,CENTRO
2024-07-23 17:00:00,0.77,3.1,9.3,8.0,12.4,34.0,5.9,8.6,123.0,NORTE
2024-07-23 17:00:00,0.67,2.9,4.4,6.97,7.4,22.0,2.0,13.1,157.0,SURESTE
2024-07-23 18:00:00,0.51,2.6,6.6,12.41,9.5,36.0,2.6,8.8,120.0,CENTRO
2024-07-23 18:00:00,0.81,2.5,9.0,6.0,11.5,30.0,3.9,8.9,123.0,NORTE
2024-07-23 18:00:00,0.68,2.8,4.1,5.81,6.8,27.0,2.1,10.7,147.0,SURESTE
2024-07-23 19:00:00,0.54,2.8,7.9,8.91,11.0,38.0,2.7,8.2,136.0,CENTRO
2024-07-23 19:00:00,0.82,2.3,8.0,7.0,10.3,28.0,3.9,10.8,120.0,NORTE
2024-07-23 19:00:00,0.7,2.7,6.8,5.4,9.5,16.0,2.4,8.9,164.0,SURESTE
2024-07-23 20:00:00,0.52,2.0,8.4,8.22,10.7,34.0,2.6,8.4,128.0,CENTRO
2024-07-23 20:00:00,0.79,2.3,10.9,6.0,13.2,40.0,3.0,12.7,137.0,NORTE
2024-07-23 20:00:00,0.78,2.9,10.2,5.69,13.0,21.0,3.6,7.9,166.0,SURESTE
2024-07-23 21:00:00,0.52,2.2,9.1,8.44,11.5,32.0,2.6,8.7,117.0,CENTRO
2024-07-23 21:00:00,0.75,1.8,5.5,5.0,7.3,32.0,2.9,10.3,157.0,NORTE
2024-07-23 21:00:00,0.75,2.8,8.9,6.26,11.7,18.0,2.5,9.7,133.0,SURESTE
2024-07-23 22:00:00,0.54,2.1,10.4,11.51,12.8,32.0,2.6,12.4,75.0,CENTRO
2024-07-23 22:00:00,0.74,1.8,4.6,5.0,6.4,30.0,2.8,10.2,156.0,NORTE
2024-07-23 22:00:00,0.78,3.4,7.5,5.33,10.9,25.0,2.2,15.0,118.0,SURESTE
2024-07-23 23:00:00,0.52,2.0,7.3,8.7,9.4,40.0,2.6,10.4,106.0,CENTRO
2024-07-23 23:00:00,0.72,1.6,4.1,5.0,5.8,33.0,2.6,8.2,137.0,NORTE
2024-07-23 23:00:00,0.72,2.4,5.1,6.35,7.6,22.0,2.1,9.4,128.0,SURESTE
2024-07-24 00:00:00,0.52,1.9,5.7,7.98,7.8,32.0,2.6,7.9,89.0,CENTRO
2024-07-24 00:00:00,0.72,2.8,7.6,6.0,10.4,26.0,2.7,5.8,83.0,NORTE
2024-07-24 00:00:00,0.73,2.6,7.2,5.16,9.8,14.0,2.0,5.0,185.0,SURESTE
2024-07-24 01:00:00,0.48,1.8,3.9,6.64,6.0,30.0,2.6,9.0,85.0,CENTRO
2024-07-24 01:00:00,0.69,2.4,10.0,7.0,12.4,34.0,2.5,6.2,50.0,NORTE
2024-07-24 01:00:00,0.71,2.3,6.3,5.35,8.6,14.0,2.0,8.3,126.0,SURESTE
2024-07-24 02:00:00,0.49,2.5,8.5,8.21,11.2,29.0,2.5,6.9,52.0,CENTRO
2024-07-24 02:00:00,0.68,1.7,9.5,7.0,11.2,31.0,2.4,3.9,39.0,NORTE
2024-07-24 02:00:00,0.69,2.1,5.6,4.92,7.7,11.0,1.8,4.9,125.0,SURESTE
2024-07-24 03:00:00,0.52,2.3,14.4,13.74,16.9,39.0,2.6,5.0,31.0,CENTRO
2024-07-24 03:00:00,0.7,4.7,12.8,9.0,17.5,32.0,2.6,4.0,8.0,NORTE
2024-07-24 03:00:00,0.68,2.0,6.3,4.86,8.3,17.0,1.9,7.1,77.0,SURESTE
2024-07-24 04:00:00,0.53,2.2,14.3,16.69,16.7,54.0,2.7,4.0,79.0,CENTRO
2024-07-24 04:00:00,0.76,3.3,11.5,10.0,14.8,58.0,2.6,2.5,24.0,NORTE
2024-07-24 04:00:00,0.66,2.1,5.7,6.03,7.7,22.0,2.0,2.6,239.0,SURESTE
2024-07-24 05:00:00,0.53,2.0,12.6,14.09,14.8,50.0,2.6,2.4,31.0,CENTRO
2024-07-24 05:00:00,0.74,10.8,13.2,13.0,24.0,60.0,2.6,4.2,49.0,NORTE
2024-07-24 05:00:00,0.69,2.6,7.9,6.06,10.4,23.0,2.0,2.7,197.0,SURESTE
2024-07-24 06:00:00,0.58,4.0,15.9,17.35,20.1,42.0,2.6,2.7,79.0,CENTRO
2024-07-24 06:00:00,0.73,7.2,9.1,10.0,16.2,84.0,2.7,4.7,73.0,NORTE
2024-07-24 06:00:00,0.69,2.3,12.7,6.89,15.0,23.0,2.0,6.2,74.0,SURESTE
2024-07-24 07:00:00,0.76,13.9,19.2,19.25,33.4,44.0,2.6,6.6,9.0,CENTRO
2024-07-24 07:00:00,0.74,4.6,5.7,10.0,10.3,57.0,2.7,7.9,47.0,NORTE
2024-07-24 07:00:00,0.74,4.1,15.4,7.16,19.4,22.0,1.9,7.0,77.0,SURESTE
2024-07-24 08:00:00,0.89,11.6,17.4,22.88,29.4,53.0,2.5,8.2,16.0,CENTRO
2024-07-24 08:00:00,0.74,3.0,3.8,11.0,6.7,52.0,2.7,5.3,54.0,NORTE
2024-07-24 08:00:00,0.8,7.1,13.4,6.81,20.4,28.0,2.2,8.3,82.0,SURESTE
2024-07-24 09:00:00,0.74,9.2,12.7,19.19,22.2,61.0,2.5,9.5,27.0,CENTRO
2024-07-24 09:00:00,0.69,2.2,2.6,11.0,4.9,58.0,2.8,5.6,52.0,NORTE
2024-07-24 09:00:00,0.79,7.4,12.3,7.66,19.7,27.0,2.4,6.4,67.0,SURESTE
2024-07-24 10:00:00,1.0,6.9,12.0,28.4,19.2,53.0,2.7,7.9,19.0,CENTRO
2024-07-24 10:00:00,0.72,2.1,3.5,12.0,5.6,51.0,2.7,3.4,48.0,NORTE
2024-07-24 10:00:00,0.72,5.9,9.3,9.8,15.1,38.0,3.0,7.6,11.0,SURESTE
2024-07-24 11:00:00,0.86,8.2,12.6,29.77,21.0,108.0,2.8,6.9,179.0,CENTRO
2024-07-24 11:00:00,0.81,3.3,6.5,11.0,9.8,61.0,2.5,6.9,328.0,NORTE
2024-07-24 11:00:00,0.77,4.8,9.9,8.44,14.7,32.0,2.7,6.3,265.0,SURESTE
2024-07-24 12:00:00,0.73,5.6,12.3,21.77,18.1,64.0,2.6,7.7,105.0,CENTRO
2024-07-24 12:00:00,0.75,2.8,3.9,7.0,6.7,31.0,2.5,13.5,28.0,NORTE
2024-07-24 12:00:00,0.8,5.1,10.6,9.75,15.7,30.0,2.3,6.4,250.0,SURESTE
2024-07-24 13:00:00,0.67,4.8,12.5,20.37,17.5,50.0,2.4,11.5,34.0,CENTRO
2024-07-24 13:00:00,0.72,2.7,4.5,5.0,7.2,35.0,2.6,11.6,23.0,NORTE
2024-07-24 13:00:00,0.8,3.0,9.3,10.19,12.4,27.0,2.1,8.6,97.0,SURESTE
2024-07-24 14:00:00,0.75,3.6,10.4,15.58,14.2,49.0,2.5,9.7,329.0,CENTRO
2024-07-24 14:00:00,0.93,4.3,11.0,6.0,15.3,26.0,2.6,3.5,352.0,NORTE
2024-07-24 14:00:00,0.76,3.2,8.7,12.85,11.8,35.0,1.9,11.6,143.0,SURESTE
2024-07-24 15:00:00,0.71,3.9,14.0,12.48,18.1,41.0,2.6,7.6,122.0,CENTRO
2024-07-24 15:00:00,1.1,6.0,17.8,9.0,23.8,29.0,2.7,3.0,37.0,NORTE
2024-07-24 15:00:00,0.8,3.3,8.7,6.58,11.9,16.0,1.9,8.2,142.0,SURESTE
2024-07-24 16:00:00,0.57,4.1,9.9,6.04,14.3,35.0,2.5,9.4,183.0,CENTRO
2024-07-24 16:00:00,1.18,7.0,17.3,9.0,24.3,49.0,2.9,4.0,337.0,NORTE
2024-07-24 16:00:00,0.74,4.2,,5.44,12.9,12.0,1.8,10.0,234.0,SURESTE
2024-07-24 17:00:00,0.7,5.5,11.7,5.93,17.5,27.0,2.6,7.4,211.0,CENTRO
2024-07-24 17:00:00,0.99,4.0,14.3,6.0,18.2,39.0,2.7,3.0,325.0,NORTE
2024-07-24 17:00:00,0.83,6.3,11.0,4.12,17.3,10.0,2.0,7.1,246.0,SURESTE
2024-07-24 18:00:00,0.75,6.6,17.6,8.62,24.5,32.0,2.6,3.7,303.0,CENTRO
2024-07-24 18:00:00,1.26,5.1,20.1,8.0,25.2,33.0,2.8,0.4,7.0,NORTE
2024-07-24 18:00:00,1.06,13.6,19.4,4.42,33.0,19.0,1.9,6.2,278.0,SURESTE
2024-07-24 19:00:00,0.83,6.4,20.4,9.47,27.2,33.0,2.6,3.7,316.0,CENTRO
2024-07-24 19:00:00,1.35,15.0,23.5,11.0,38.6,53.0,2.8,5.8,41.0,NORTE
2024-07-24 19:00:00,1.04,10.2,20.2,5.33,30.4,22.0,1.9,7.6,270.0,SURESTE
2024-07-24 20:00:00,0.9,8.0,23.4,10.01,31.6,33.0,2.6,2.3,187.0,CENTRO
2024-07-24 20:00:00,0.7,1.9,5.6,4.0,7.5,66.0,2.7,7.7,357.0,NORTE
2024-07-24 20:00:00,0.98,7.4,23.6,5.02,31.0,22.0,1.8,5.9,254.0,SURESTE
2024-07-24 21:00:00,0.93,6.3,24.2,11.92,30.8,42.0,2.6,3.2,120.0,CENTRO
2024-07-24 21:00:00,0.69,1.6,5.5,2.0,7.1,24.0,2.7,5.0,307.0,NORTE
2024-07-24 21:00:00,1.06,11.2,20.6,6.22,31.8,23.0,1.9,2.9,219.0,SURESTE
2024-07-24 22:00:00,0.75,8.2,17.4,10.13,25.8,44.0,2.6,6.8,24.0,CENTRO
2024-07-24 22:00:00,0.76,1.7,8.0,3.0,9.6,22.0,2.8,2.4,233.0,NORTE
2024-07-24 22:00:00,0.98,9.4,18.6,6.02,28.0,38.0,1.9,6.6,335.0,SURESTE
2024-07-24 23:00:00,0.54,1.9,8.4,4.09,10.5,32.0,2.5,5.3,283.0,CENTRO
2024-07-24 23:00:00,0.85,3.1,14.6,5.0,17.7,18.0,2.7,0.4,97.0,NORTE
2024-07-24 23:00:00,0.72,2.5,13.8,6.97,16.3,30.0,2.0,4.9,272.0,SURESTE
2024-07-25 00:00:00,0.76,2.0,16.5,7.1,18.7,30.0,2.5,3.4,145.0,CENTRO
2024-07-25 00:00:00,0.87,7.4,17.8,7.0,25.2,37.0,2.8,4.6,346.0,NORTE
2024-07-25 00:00:00,0.76,2.3,13.6,4.02,15.7,21.0,2.2,3.2,253.0,SURESTE
2024-07-25 01:00:00,0.68,2.1,15.2,8.37,17.5,36.0,2.6,2.4,49.0,CENTRO
2024-07-25 01:00:00,0.73,3.8,14.7,8.0,18.5,53.0,2.7,6.9,356.0,NORTE
2024-07-25 01:00:00,0.72,2.1,9.1,4.01,11.1,20.0,2.1,3.0,128.0,SURESTE
2024-07-25 02:00:00,0.71,2.4,18.9,10.04,21.4,35.0,2.6,3.4,226.0,CENTRO
2024-07-25 02:00:00,0.66,1.8,6.5,6.0,8.3,58.0,2.7,5.4,25.0,NORTE
2024-07-25 02:00:00,0.75,2.5,11.6,3.94,14.0,16.0,1.8,5.9,296.0,SURESTE
2024-07-25 03:00:00,0.63,2.0,12.9,9.04,15.0,34.0,2.6,2.6,266.0,CENTRO
2024-07-25 03:00:00,0.66,1.8,7.5,6.0,9.3,41.0,2.7,3.1,313.0,NORTE
2024-07-25 03:00:00,0.75,2.3,14.3,4.86,16.5,18.0,1.8,8.4,279.0,SURESTE
2024-07-25 04:00:00,0.6,2.1,17.3,17.11,19.6,33.0,2.6,4.0,2.0,CENTRO
2024-07-25 04:00:00,0.7,4.0,10.4,,14.3,29.0,2.7,1.3,156.0,NORTE
2024-07-25 04:00:00,0.76,2.2,13.4,5.41,15.5,20.0,1.8,4.8,294.0,SURESTE
2024-07-25 05:00:00,0.74,3.0,21.0,17.99,24.2,46.0,2.5,3.0,97.0,CENTRO
2024-07-25 05:00:00,0.84,9.0,14.5,8.0,23.5,34.0,2.7,4.0,166.0,NORTE
2024-07-25 05:00:00,0.74,2.6,15.8,6.02,18.4,27.0,1.8,2.9,234.0,SURESTE
2024-07-25 06:00:00,0.71,5.6,22.3,15.75,28.1,50.0,2.6,5.7,99.0,CENTRO
2024-07-25 06:00:00,0.83,10.2,14.4,8.0,24.6,49.0,2.6,2.5,70.0,NORTE
2024-07-25 06:00:00,0.77,3.0,15.6,7.39,18.5,31.0,2.0,5.7,111.0,SURESTE
2024-07-25 07:00:00,0.63,5.1,18.2,12.59,23.5,51.0,2.7,5.2,130.0,CENTRO
2024-07-25 07:00:00,0.79,10.9,13.3,,24.2,48.0,2.7,4.9,40.0,NORTE
2024-07-25 07:00:00,0.99,27.1,17.9,7.47,44.9,32.0,2.3,2.9,286.0,SURESTE
2024-07-25 08:00:00,0.7,9.5,17.1,13.21,26.8,46.0,2.6,6.2,104.0,CENTRO
2024-07-25 08:00:00,0.8,9.2,12.2,10.0,21.4,47.0,2.6,3.3,39.0,NORTE
2024-07-25 08:00:00,0.93,16.0,17.0,8.26,33.0,42.0,2.1,3.2,294.0,SURESTE
2024-07-25 09:00:00,0.92,14.3,20.2,13.29,34.7,50.0,2.7,7.0,56.0,CENTRO
2024-07-25 09:00:00,0.83,8.4,13.2,11.0,21.6,55.0,2.7,3.3,59.0,NORTE
2024-07-25 09:00:00,0.94,13.4,19.6,7.44,33.0,34.0,2.1,5.9,5.0,SURESTE
2024-07-25 10:00:00,0.83,13.6,19.8,15.36,33.7,52.0,2.6,6.6,18.0,CENTRO
2024-07-25 10:00:00,0.85,6.9,12.9,12.0,19.8,63.0,2.6,2.9,85.0,NORTE
2024-07-25 10:00:00,1.1,15.0,24.3,7.64,39.2,45.0,2.2,6.6,77.0,SURESTE
2024-07-25 11:00:00,0.78,20.2,26.5,22.22,46.9,63.0,2.7,5.0,47.0,CENTRO
2024-07-25 11:00:00,0.95,5.7,15.7,16.0,21.4,70.0,2.7,2.1,99.0,NORTE
2024-07-25 11:00:00,1.12,14.6,27.6,11.61,42.2,56.0,2.1,5.8,94.0,SURESTE
2024-07-25 12:00:00,0.85,13.8,31.4,26.89,45.4,65.0,2.6,5.3,45.0,CENTRO
2024-07-25 12:00:00,0.96,4.2,14.2,14.0,18.4,83.0,2.6,3.3,134.0,NORTE
2024-07-25 12:00:00,1.09,9.4,25.0,14.6,34.3,65.0,2.1,6.4,90.0,SURESTE
2024-07-25 13:00:00,0.93,10.9,33.1,33.53,44.3,76.0,2.6,6.0,71.0,CENTRO
2024-07-25 13:00:00,0.91,3.1,11.8,11.0,14.9,59.0,2.6,4.8,126.0,NORTE
2024-07-25 13:00:00,1.04,5.4,20.6,19.09,26.1,70.0,2.0,6.7,93.0,SURESTE
2024-07-25 14:00:00,0.9,7.8,33.6,32.89,41.7,82.0,2.7,5.4,27.0,CENTRO
2024-07-25 14:00:00,0.88,2.7,10.2,12.0,12.9,55.0,2.6,8.3,123.0,NORTE
2024-07-25 14:00:00,0.97,4.0,16.8,18.89,20.8,63.0,2.0,8.7,80.0,SURESTE
2024-07-25 15:00:00,0.85,4.4,25.4,26.95,30.0,84.0,2.6,6.1,69.0,CENTRO
2024-07-25 15:00:00,0.93,2.5,12.0,17.0,14.5,59.0,2.7,6.8,143.0,NORTE
2024-07-25 15:00:00,0.93,3.8,10.8,15.28,14.6,52.0,2.0,10.5,106.0,SURESTE
2024-07-25 16:00:00,0.79,3.6,19.5,25.67,23.3,70.0,2.5,6.8,58.0,CENTRO
2024-07-25 16:00:00,1.1,2.6,18.9,21.0,21.5,41.0,2.6,6.2,164.0,NORTE
2024-07-25 16:00:00,0.92,3.1,9.4,20.83,12.5,48.0,1.8,10.1,108.0,SURESTE
2024-07-25 17:00:00,0.8,2.9,17.5,22.04,20.6,54.0,2.5,9.1,79.0,CENTRO
2024-07-25 17:00:00,1.15,2.5,19.4,15.0,21.8,67.0,2.6,6.8,157.0,NORTE
2024-07-25 17:00:00,0.98,3.0,11.6,19.85,14.5,41.0,1.9,9.6,109.0,SURESTE
2024-07-25 18:00:00,0.76,2.6,16.3,18.03,19.2,58.0,2.6,6.9,99.0,CENTRO
2024-07-25 18:00:00,1.33,6.0,27.3,10.0,33.3,61.0,2.6,3.9,185.0,NORTE
2024-07-25 18:00:00,1.0,3.7,13.9,15.64,17.5,34.0,2.0,6.1,101.0,SURESTE
2024-07-25 19:00:00,0.88,3.9,19.0,13.83,23.2,49.0,2.6,4.5,94.0,CENTRO
2024-07-25 19:00:00,1.43,9.4,29.6,11.0,39.0,65.0,2.7,4.3,145.0,NORTE
2024-07-25 19:00:00,1.08,4.4,20.7,10.4,25.1,31.0,1.9,3.4,6.0,SURESTE
2024-07-25 20:00:00,0.99,4.3,25.1,14.86,29.7,42.0,2.6,3.5,99.0,CENTRO
2024-07-25 20:00:00,1.34,12.7,28.3,12.0,41.0,61.0,2.8,3.9,151.0,NORTE
2024-07-25 20:00:00,1.18,5.9,24.4,10.19,30.3,32.0,2.1,2.3,225.0,SURESTE
2024-07-25 21:00:00,0.92,5.7,24.8,16.52,30.8,36.0,2.6,5.0,109.0,CENTRO
2024-07-25 21:00:00,1.39,19.0,26.3,14.0,45.2,69.0,2.8,4.8,141.0,NORTE
2024-07-25 21:00:00,1.34,13.9,25.9,10.53,39.7,29.0,1.9,2.3,213.0,SURESTE
2024-07-25 22:00:00,,,,,,,,,,CENTRO
2024-07-25 22:00:00,1.31,20.4,22.1,16.0,42.4,66.0,2.8,5.2,117.0,NORTE
2024-07-25 22:00:00,1.16,9.5,22.3,10.95,31.8,29.0,1.9,2.3,225.0,SURESTE
2024-07-25 23:00:00,0.74,3.0,20.8,14.76,24.0,46.0,2.6,3.4,116.0,CENTRO
2024-07-25 23:00:00,1.05,8.3,18.5,15.0,26.8,65.0,2.8,3.3,69.0,NORTE
2024-07-25 23:00:00,1.1,7.7,21.2,10.38,28.9,41.0,1.9,2.2,192.0,SURESTE
2024-07-26 00:00:00,0.65,2.0,11.8,12.19,14.0,38.0,2.7,3.6,67.0,CENTRO
2024-07-26 00:00:00,0.89,15.3,17.3,19.0,32.6,66.0,2.8,3.6,47.0,NORTE
2024-07-26 00:00:00,1.14,11.8,20.5,10.13,32.3,36.0,1.9,2.7,269.0,SURESTE
2024-07-26 01:00:00,0.58,2.1,9.9,11.13,12.2,38.0,2.7,2.9,50.0,CENTRO
2024-07-26 01:00:00,0.78,1.9,13.2,18.0,15.2,85.0,2.7,4.0,65.0,NORTE
2024-07-26 01:00:00,1.05,5.8,21.0,10.5,26.8,39.0,2.0,2.6,22.0,SURESTE
2024-07-26 02:00:00,0.61,2.1,9.7,11.03,12.1,37.0,2.7,2.0,229.0,CENTRO
2024-07-26 02:00:00,0.77,5.6,14.0,18.0,19.6,74.0,2.7,2.3,48.0,NORTE
2024-07-26 02:00:00,0.91,2.5,20.7,10.32,23.2,37.0,1.9,4.7,45.0,SURESTE
2024-07-26 03:00:00,0.71,2.2,17.9,16.3,20.2,42.0,2.6,4.2,114.0,CENTRO
2024-07-26 03:00:00,0.76,4.4,13.9,15.0,18.4,82.0,2.7,2.1,43.0,NORTE
2024-07-26 03:00:00,0.88,2.4,19.6,12.43,22.0,45.0,1.9,3.2,64.0,SURESTE
2024-07-26 04:00:00,0.78,2.2,19.0,20.44,21.4,48.0,2.6,3.9,86.0,CENTRO
2024-07-26 04:00:00,0.78,16.1,15.3,16.0,31.3,73.0,2.7,2.4,11.0,NORTE
2024-07-26 04:00:00,0.85,2.2,15.0,12.52,17.1,41.0,2.0,4.7,87.0,SURESTE
2024-07-26 05:00:00,0.58,2.1,10.3,12.13,12.6,48.0,2.6,2.7,178.0,CENTRO
2024-07-26 05:00:00,0.78,14.9,14.4,16.0,29.3,80.0,2.7,3.5,21.0,NORTE
2024-07-26 05:00:00,0.72,2.8,9.3,10.67,12.0,30.0,2.0,2.8,279.0,SURESTE
2024-07-26 06:00:00,0.65,2.9,13.8,14.17,16.9,45.0,2.5,1.8,220.0,CENTRO
2024-07-26 06:00:00,0.87,11.7,15.8,,27.5,74.0,2.7,2.7,61.0,NORTE
2024-07-26 06:00:00,0.72,4.4,12.3,8.2,16.6,22.0,1.8,3.7,286.0,SURESTE
2024-07-26 07:00:00,0.74,5.5,18.0,18.01,23.8,43.0,2.6,2.5,204.0,CENTRO
2024-07-26 07:00:00,1.06,17.9,18.2,24.0,36.2,84.0,2.8,2.0,104.0,NORTE
2024-07-26 07:00:00,0.92,9.9,19.1,6.77,29.0,22.0,1.8,3.2,193.0,SURESTE
2024-07-26 08:00:00,0.8,9.5,18.7,19.41,28.5,48.0,2.5,2.1,166.0,CENTRO
2024-07-26 08:00:00,1.26,19.8,23.7,25.0,43.5,105.0,2.8,2.7,120.0,NORTE
2024-07-26 08:00:00,1.12,19.6,21.8,6.74,41.3,22.0,1.9,3.8,116.0,SURESTE
2024-07-26 09:00:00,0.89,15.1,23.3,21.98,38.6,46.0,2.6,4.4,93.0,CENTRO
2024-07-26 09:00:00,1.14,11.5,24.1,22.0,35.6,106.0,2.6,5.3,103.0,NORTE
2024-07-26 09:00:00,1.2,16.4,24.8,7.13,41.1,31.0,1.9,7.9,85.0,SURESTE
2024-07-26 10:00:00,0.86,9.6,23.4,14.7,33.2,54.0,2.5,5.8,107.0,CENTRO
2024-07-26 10:00:00,1.11,11.6,21.1,20.0,32.6,111.0,2.8,4.5,112.0,NORTE
2024-07-26 10:00:00,1.18,11.8,26.0,9.26,37.8,32.0,1.8,6.0,91.0,SURESTE
2024-07-26 11:00:00,0.89,8.6,27.1,13.1,36.0,51.0,2.7,5.3,125.0,CENTRO
2024-07-26 11:00:00,1.14,8.4,22.8,23.0,31.2,90.0,2.7,3.6,124.0,NORTE
2024-07-26 11:00:00,1.16,9.7,22.7,11.28,32.3,39.0,1.8,6.5,81.0,SURESTE
2024-07-26 12:00:00,1.11,15.5,34.8,20.95,50.5,48.0,2.6,4.3,121.0,CENTRO
2024-07-26 12:00:00,1.28,6.7,26.0,25.0,32.7,95.0,2.8,4.3,157.0,NORTE
2024-07-26 12:00:00,0.97,6.5,18.8,16.34,25.3,55.0,1.8,3.7,37.0,SURESTE
2024-07-26 13:00:00,1.23,15.7,43.6,33.38,59.5,59.0,2.7,4.1,79.0,CENTRO
2024-07-26 13:00:00,1.49,4.7,27.9,28.0,32.6,97.0,2.8,5.5,132.0,NORTE
2024-07-26 13:00:00,1.17,8.7,29.3,12.08,37.9,38.0,1.8,5.2,65.0,SURESTE
2024-07-26 14:00:00,1.31,13.7,49.6,40.11,63.5,84.0,2.7,5.6,64.0,CENTRO
2024-07-26 14:00:00,1.21,3.3,21.0,22.0,24.3,116.0,2.8,6.9,139.0,NORTE
2024-07-26 14:00:00,1.18,5.3,22.6,16.63,27.9,64.0,1.9,8.8,87.0,SURESTE
2024-07-26 15:00:00,1.19,12.8,50.5,47.98,63.5,93.0,2.7,4.8,71.0,CENTRO
2024-07-26 15:00:00,1.02,3.2,17.0,15.0,20.3,97.0,2.6,7.9,140.0,NORTE
2024-07-26 15:00:00,1.0,3.1,12.8,25.98,15.8,65.0,2.0,10.3,99.0,SURESTE
2024-07-26 16:00:00,0.92,3.7,22.7,32.67,26.7,94.0,2.6,8.6,63.0,CENTRO
2024-07-26 16:00:00,0.97,3.1,17.4,16.0,20.6,68.0,2.8,6.9,149.0,NORTE
2024-07-26 16:00:00,0.92,3.3,9.5,23.49,12.7,69.0,2.2,11.4,111.0,SURESTE
2024-07-26 17:00:00,0.75,4.6,18.3,22.98,23.2,67.0,2.7,10.4,62.0,CENTRO
2024-07-26 17:00:00,0.91,2.5,13.5,15.0,16.0,65.0,3.2,6.9,162.0,NORTE
2024-07-26 17:00:00,0.92,3.2,9.3,20.9,12.4,46.0,2.1,13.9,105.0,SURESTE
2024-07-26 18:00:00,0.73,5.5,18.3,21.52,24.0,50.0,2.6,10.3,42.0,CENTRO
2024-07-26 18:00:00,0.96,2.0,13.1,13.0,15.1,59.0,4.6,8.3,140.0,NORTE
2024-07-26 18:00:00,0.9,3.1,8.7,19.57,11.8,42.0,1.9,12.8,105.0,SURESTE
2024-07-26 19:00:00,0.76,3.0,16.1,18.9,19.3,55.0,2.7,9.0,76.0,CENTRO
2024-07-26 19:00:00,0.96,2.0,10.5,13.0,12.5,40.0,3.1,7.8,165.0,NORTE
2024-07-26 19:00:00,0.91,2.7,10.2,12.48,12.9,25.0,2.1,11.2,107.0,SURESTE
2024-07-26 20:00:00,0.63,2.0,10.3,13.03,12.6,46.0,2.6,9.2,105.0,CENTRO
2024-07-26 20:00:00,1.03,2.3,16.4,12.0,18.7,47.0,2.8,5.8,146.0,NORTE
2024-07-26 20:00:00,0.94,3.0,12.9,10.54,15.8,33.0,2.0,10.0,95.0,SURESTE
2024-07-26 21:00:00,0.68,2.0,13.7,12.41,15.9,34.0,2.6,8.9,78.0,CENTRO
2024-07-26 21:00:00,0.94,2.2,14.1,12.0,16.4,73.0,2.6,6.4,127.0,NORTE
2024-07-26 21:00:00,0.87,2.6,10.5,9.46,13.0,34.0,2.1,10.5,105.0,SURESTE
2024-07-26 22:00:00,0.68,3.1,13.3,13.04,16.6,44.0,2.7,9.3,68.0,CENTRO
2024-07-26 22:00:00,0.93,2.3,13.2,11.0,15.5,63.0,2.5,6.5,128.0,NORTE
2024-07-26 22:00:00,1.01,3.8,19.4,8.39,23.2,27.0,1.9,4.1,181.0,SURESTE
2024-07-26 23:00:00,0.63,2.0,11.5,12.77,13.8,47.0,2.5,7.9,88.0,CENTRO
2024-07-26 23:00:00,0.85,2.3,11.3,11.0,13.6,62.0,2.5,5.2,108.0,NORTE
2024-07-26 23:00:00,0.9,2.5,13.4,11.56,15.8,39.0,2.0,6.7,123.0,SURESTE
2024-07-27 00:00:00,0.69,2.1,15.6,15.0,17.9,43.0,2.5,7.1,61.0,CENTRO
2024-07-27 00:00:00,0.84,10.5,12.7,14.0,23.2,49.0,2.7,5.9,69.0,NORTE
2024-07-27 00:00:00,0.88,2.4,12.3,10.31,14.7,35.0,1.9,4.8,130.0,SURESTE
2024-07-27 01:00:00,0.61,2.0,9.9,11.0,12.1,48.0,2.6,5.6,57.0,CENTRO
2024-07-27 01:00:00,0.78,2.1,10.1,17.0,12.2,70.0,2.6,3.9,57.0,NORTE
2024-07-27 01:00:00,0.9,3.2,14.4,9.04,17.5,30.0,1.9,6.6,43.0,SURESTE
2024-07-27 02:00:00,0.66,2.4,14.0,15.0,16.6,45.0,2.6,4.4,36.0,CENTRO
2024-07-27 02:00:00,0.76,3.1,10.8,19.0,13.9,64.0,2.7,4.3,75.0,NORTE
2024-07-27 02:00:00,0.81,2.1,8.1,11.01,10.2,41.0,1.9,6.5,85.0,SURESTE
2024-07-27 03:00:00,0.67,3.0,17.9,23.0,21.1,43.0,2.6,3.1,45.0,CENTRO
2024-07-27 03:00:00,0.72,3.2,10.7,22.0,13.9,70.0,2.7,5.2,47.0,NORTE
2024-07-27 03:00:00,0.76,2.1,7.2,11.79,9.2,35.0,2.0,3.6,61.0,SURESTE
2024-07-27 04:00:00,0.63,3.8,18.9,25.0,22.9,64.0,2.6,2.7,22.0,CENTRO
2024-07-27 04:00:00,0.71,6.7,12.0,17.0,18.7,84.0,2.7,5.7,42.0,NORTE
2024-07-27 04:00:00,0.74,,7.2,11.13,9.2,38.0,1.9,4.5,74.0,SURESTE
2024-07-27 05:00:00,0.71,4.6,19.0,27.0,23.9,60.0,2.6,2.3,25.0,CENTRO
2024-07-27 05:00:00,0.73,8.2,11.8,16.0,19.9,70.0,2.8,4.8,79.0,NORTE
2024-07-27 05:00:00,0.73,2.4,9.7,10.51,12.0,30.0,2.1,3.0,41.0,SURESTE
2024-07-27 06:00:00,0.76,10.3,18.7,33.0,29.3,63.0,2.6,2.4,10.0,CENTRO
2024-07-27 06:00:00,0.79,7.7,10.8,16.0,18.5,64.0,2.8,3.2,65.0,NORTE
2024-07-27 06:00:00,0.75,5.4,14.4,16.28,19.7,46.0,2.1,2.7,35.0,SURESTE
2024-07-27 07:00:00,0.76,13.1,17.7,36.0,31.2,73.0,2.7,2.4,29.0,CENTRO
2024-07-27 07:00:00,0.82,15.5,13.7,20.0,29.2,61.0,2.7,4.4,13.0,NORTE
2024-07-27 07:00:00,0.76,8.9,15.0,18.47,23.8,50.0,2.0,4.0,71.0,SURESTE
2024-07-27 08:00:00,0.86,23.0,18.7,40.0,42.0,67.0,2.8,2.5,55.0,CENTRO
2024-07-27 08:00:00,0.79,7.5,8.8,22.0,16.2,89.0,2.7,6.2,354.0,NORTE
2024-07-27 08:00:00,0.82,14.2,15.3,19.04,29.4,58.0,2.2,5.2,86.0,SURESTE
2024-07-27 09:00:00,0.86,24.9,19.2,39.0,44.4,82.0,2.8,3.4,34.0,CENTRO
2024-07-27 09:00:00,0.8,5.2,9.3,19.0,14.5,79.0,2.8,5.5,16.0,NORTE
2024-07-27 09:00:00,0.95,19.5,16.9,18.52,36.5,61.0,2.4,4.0,346.0,SURESTE
2024-07-27 10:00:00,0.94,16.7,19.5,38.0,36.5,83.0,2.7,6.0,23.0,CENTRO
2024-07-27 10:00:00,0.75,3.7,8.3,15.0,12.0,77.0,3.1,4.2,52.0,NORTE
2024-07-27 10:00:00,1.16,26.9,26.1,20.75,52.8,70.0,2.5,6.7,304.0,SURESTE
2024-07-27 11:00:00,0.81,8.6,19.2,41.0,28.1,77.0,2.7,5.7,9.0,CENTRO
2024-07-27 11:00:00,0.77,2.8,6.7,12.0,9.5,80.0,3.3,6.9,122.0,NORTE
2024-07-27 11:00:00,1.23,20.0,30.5,27.23,50.4,98.0,3.0,6.4,328.0,SURESTE
2024-07-27 12:00:00,0.88,5.0,18.8,45.0,24.0,81.0,2.7,6.1,26.0,CENTRO
2024-07-27 12:00:00,0.75,2.6,6.4,9.0,9.1,56.0,3.9,9.6,120.0,NORTE
2024-07-27 12:00:00,1.08,7.2,22.6,27.93,29.8,110.0,2.8,8.4,52.0,SURESTE
2024-07-27 13:00:00,0.75,4.3,18.4,39.0,22.8,87.0,2.7,11.4,69.0,CENTRO
2024-07-27 13:00:00,0.78,2.9,6.7,12.0,9.7,48.0,5.9,10.4,126.0,NORTE
2024-07-27 13:00:00,1.08,4.2,18.9,29.4,23.1,104.0,2.6,13.6,93.0,SURESTE
2024-07-27 14:00:00,0.7,2.9,13.8,28.0,16.9,85.0,2.8,12.7,71.0,CENTRO
2024-07-27 14:00:00,0.77,2.2,5.3,13.0,7.5,48.0,6.8,10.2,122.0,NORTE
2024-07-27 14:00:00,0.94,3.3,12.8,29.2,16.0,97.0,2.4,15.6,118.0,SURESTE
2024-07-27 15:00:00,0.65,2.7,10.6,31.0,13.5,62.0,2.8,13.5,67.0,CENTRO
2024-07-27 15:00:00,0.78,2.0,5.6,14.0,7.7,40.0,10.1,8.2,118.0,NORTE
2024-07-27 15:00:00,0.89,3.0,11.1,22.83,14.1,70.0,3.5,16.5,109.0,SURESTE
2024-07-27 16:00:00,0.62,2.4,9.5,55.0,12.1,64.0,2.8,11.9,59.0,CENTRO
2024-07-27 16:00:00,0.78,2.3,5.8,10.0,8.0,42.0,5.1,9.1,135.0,NORTE
2024-07-27 16:00:00,0.9,3.0,10.2,38.13,13.2,92.0,6.3,16.2,103.0,SURESTE
2024-07-27 17:00:00,0.57,2.3,7.8,54.0,10.3,73.0,3.2,10.5,51.0,CENTRO
2024-07-27 17:00:00,0.8,1.8,6.1,8.0,7.9,35.0,3.7,8.7,138.0,NORTE
2024-07-27 17:00:00,0.85,3.1,8.1,51.39,11.1,105.0,7.7,13.4,110.0,SURESTE
2024-07-27 18:00:00,0.56,2.1,7.5,52.0,9.8,67.0,3.1,10.0,113.0,CENTRO
2024-07-27 18:00:00,0.9,2.0,8.6,14.0,10.6,27.0,3.2,8.5,133.0,NORTE
2024-07-27 18:00:00,0.83,3.0,6.7,24.95,9.7,52.0,4.2,12.0,112.0,SURESTE
2024-07-27 19:00:00,0.59,1.9,8.1,41.0,10.2,61.0,2.8,8.3,129.0,CENTRO
2024-07-27 19:00:00,0.87,1.8,7.1,15.0,8.9,40.0,3.2,10.9,133.0,NORTE
2024-07-27 19:00:00,0.88,3.0,8.9,14.32,11.8,28.0,3.4,9.2,106.0,SURESTE
2024-07-27 20:00:00,0.6,1.8,8.8,37.0,10.9,52.0,2.8,8.8,112.0,CENTRO
2024-07-27 20:00:00,0.97,1.9,9.2,19.0,11.1,33.0,2.9,9.1,139.0,NORTE
2024-07-27 20:00:00,0.88,2.4,12.6,14.89,14.9,35.0,2.9,4.4,187.0,SURESTE
2024-07-27 21:00:00,0.65,1.9,10.9,34.0,13.0,50.0,2.9,8.3,95.0,CENTRO
2024-07-27 21:00:00,0.94,2.0,11.5,15.0,13.5,59.0,2.9,7.5,162.0,NORTE
2024-07-27 21:00:00,0.86,2.6,12.2,16.49,14.8,32.0,2.4,8.1,135.0,SURESTE
2024-07-27 22:00:00,0.62,1.8,8.7,25.0,10.7,53.0,2.7,9.9,111.0,CENTRO
2024-07-27 22:00:00,0.88,2.1,10.7,11.0,12.8,46.0,2.8,10.6,133.0,NORTE
2024-07-27 22:00:00,0.92,2.3,16.2,14.59,18.6,36.0,2.3,5.9,184.0,SURESTE
2024-07-27 23:00:00,0.55,1.8,6.1,15.0,8.2,48.0,2.7,10.2,121.0,CENTRO
2024-07-27 23:00:00,0.74,1.8,6.3,9.0,8.1,40.0,2.7,10.3,141.0,NORTE
2024-07-27 23:00:00,0.76,2.4,9.1,17.63,11.4,44.0,2.2,7.8,142.0,SURESTE
2024-07-28 00:00:00,0.53,1.8,6.2,13.0,8.3,36.0,2.8,9.5,80.0,CENTRO
2024-07-28 00:00:00,0.75,1.7,4.3,8.0,6.0,29.0,2.6,5.3,151.0,NORTE
2024-07-28 00:00:00,0.81,2.4,9.5,10.69,11.8,23.0,2.0,16.0,98.0,SURESTE
2024-07-28 01:00:00,0.53,1.9,6.3,15.0,8.4,40.0,2.7,9.3,72.0,CENTRO
2024-07-28 01:00:00,0.73,1.9,8.2,7.0,10.0,29.0,2.6,7.3,80.0,NORTE
2024-07-28 01:00:00,0.67,2.1,3.7,10.09,5.7,33.0,2.1,14.0,104.0,SURESTE
2024-07-28 02:00:00,0.52,1.8,4.3,11.0,6.3,34.0,2.7,6.3,73.0,CENTRO
2024-07-28 02:00:00,0.7,1.7,7.5,8.0,9.2,30.0,2.6,7.2,70.0,NORTE
2024-07-28 02:00:00,0.72,2.1,6.0,7.22,8.2,18.0,2.0,7.3,17.0,SURESTE
2024-07-28 03:00:00,0.54,1.9,6.6,11.0,8.7,31.0,2.5,5.5,51.0,CENTRO
2024-07-28 03:00:00,0.67,1.8,5.9,9.0,7.7,23.0,2.5,5.2,61.0,NORTE
2024-07-28 03:00:00,0.75,,6.8,7.57,8.8,24.0,2.0,8.5,67.0,SURESTE
2024-07-28 04:00:00,0.59,4.0,13.8,15.0,18.0,34.0,2.6,7.8,48.0,CENTRO
2024-07-28 04:00:00,0.69,1.7,6.2,9.0,7.9,32.0,2.6,5.2,62.0,NORTE
2024-07-28 04:00:00,0.68,2.0,7.1,8.02,9.1,28.0,2.0,9.4,55.0,SURESTE
2024-07-28 05:00:00,0.53,6.0,18.5,23.0,24.8,47.0,2.6,5.3,51.0,CENTRO
2024-07-28 05:00:00,0.69,2.0,5.4,10.0,7.4,25.0,2.7,6.7,80.0,NORTE
2024-07-28 05:00:00,0.67,2.0,4.9,8.62,6.9,25.0,2.1,7.1,66.0,SURESTE
2024-07-28 06:00:00,0.54,3.1,16.1,23.0,19.4,50.0,2.5,4.4,6.0,CENTRO
2024-07-28 06:00:00,0.72,2.3,5.8,11.0,8.1,24.0,2.6,7.8,99.0,NORTE
2024-07-28 06:00:00,0.67,,6.3,10.06,8.3,24.0,2.0,8.0,60.0,SURESTE
2024-07-28 07:00:00,0.59,3.1,14.2,21.0,17.5,47.0,2.6,4.5,47.0,CENTRO
2024-07-28 07:00:00,0.75,2.9,4.5,13.0,7.4,32.0,2.7,7.1,108.0,NORTE
2024-07-28 07:00:00,0.7,2.2,6.4,10.15,8.6,25.0,2.0,9.2,79.0,SURESTE
2024-07-28 08:00:00,0.55,3.1,9.7,21.0,13.0,48.0,2.6,5.8,75.0,CENTRO
2024-07-28 08:00:00,0.75,3.1,4.8,16.0,7.9,42.0,2.5,7.2,99.0,NORTE
2024-07-28 08:00:00,0.71,2.9,6.1,11.26,9.0,20.0,2.0,9.8,87.0,SURESTE
2024-07-28 09:00:00,0.59,10.5,12.4,26.0,23.2,43.0,2.7,6.0,46.0,CENTRO
2024-07-28 09:00:00,0.78,3.1,4.8,15.0,7.9,33.0,2.7,7.0,107.0,NORTE
2024-07-28 09:00:00,0.71,3.2,5.4,13.41,8.7,30.0,2.0,9.5,81.0,SURESTE
2024-07-28 10:00:00,0.59,6.9,11.6,31.0,18.8,51.0,2.6,8.0,63.0,CENTRO
2024-07-28 10:00:00,0.77,2.9,5.0,17.0,,42.0,2.8,6.3,109.0,NORTE
2024-07-28 10:00:00,0.74,3.6,6.5,14.86,10.1,34.0,2.2,9.4,105.0,SURESTE
2024-07-28 11:00:00,0.6,6.7,11.2,30.0,18.2,58.0,2.7,8.6,70.0,CENTRO
2024-07-28 11:00:00,0.79,2.7,5.2,17.0,7.8,44.0,3.2,3.2,151.0,NORTE
2024-07-28 11:00:00,0.83,3.7,7.8,16.65,11.5,40.0,2.3,9.5,104.0,SURESTE
2024-07-28 12:00:00,0.59,8.8,14.7,29.0,23.7,57.0,2.6,7.8,27.0,CENTRO
2024-07-28 12:00:00,0.81,2.0,4.7,,6.6,52.0,3.6,4.7,156.0,NORTE
2024-07-28 12:00:00,0.9,3.3,7.6,21.01,10.9,43.0,2.2,9.8,112.0,SURESTE
2024-07-28 13:00:00,0.62,4.1,11.9,30.0,16.2,57.0,2.7,7.3,26.0,CENTRO
2024-07-28 13:00:00,0.75,2.0,3.2,10.0,5.2,55.0,3.2,8.1,157.0,NORTE
2024-07-28 13:00:00,0.85,3.1,5.6,26.37,8.7,54.0,2.1,11.9,106.0,SURESTE
2024-07-28 14:00:00,0.6,2.0,5.6,29.0,7.9,60.0,2.6,7.5,98.0,CENTRO
2024-07-28 14:00:00,0.8,,3.7,9.0,5.7,33.0,2.8,10.4,148.0,NORTE
2024-07-28 14:00:00,0.79,3.0,5.4,17.31,8.4,39.0,2.0,11.0,115.0,SURESTE
2024-07-28 15:00:00,0.56,2.0,4.6,21.0,6.9,44.0,2.6,8.7,118.0,CENTRO
2024-07-28 15:00:00,0.8,2.2,4.4,11.0,6.6,27.0,2.9,8.7,136.0,NORTE
2024-07-28 15:00:00,0.81,3.2,5.8,16.52,9.0,32.0,2.0,12.1,119.0,SURESTE
2024-07-28 16:00:00,0.53,2.0,4.5,16.0,6.8,39.0,2.6,9.9,124.0,CENTRO
2024-07-28 16:00:00,0.86,2.4,6.0,15.0,8.4,28.0,2.7,9.5,126.0,NORTE
2024-07-28 16:00:00,0.9,3.9,7.4,16.91,11.3,35.0,1.9,13.2,99.0,SURESTE
2024-07-28 17:00:00,0.56,2.0,5.1,15.0,7.3,37.0,2.6,7.7,120.0,CENTRO
2024-07-28 17:00:00,0.86,2.2,4.6,14.0,6.8,28.0,2.6,9.9,150.0,NORTE
2024-07-28 17:00:00,0.84,3.4,6.0,23.94,9.5,44.0,2.0,12.7,107.0,SURESTE
2024-07-28 18:00:00,0.53,1.9,4.6,16.0,6.8,35.0,2.6,8.0,127.0,CENTRO
2024-07-28 18:00:00,0.88,1.9,5.3,13.0,7.3,35.0,2.7,8.8,149.0,NORTE
2024-07-28 18:00:00,0.89,3.5,6.7,14.39,10.2,34.0,2.0,13.4,108.0,SURESTE
2024-07-28 19:00:00,0.56,1.8,4.3,16.0,6.4,31.0,2.5,8.9,133.0,CENTRO
2024-07-28 19:00:00,0.89,2.0,5.2,14.0,7.2,28.0,2.6,9.7,148.0,NORTE
2024-07-28 19:00:00,0.83,3.3,6.7,14.03,10.1,32.0,2.0,11.0,104.0,SURESTE
2024-07-28 20:00:00,0.56,1.9,5.7,18.0,7.8,38.0,2.5,9.7,108.0,CENTRO
2024-07-28 20:00:00,0.86,2.0,5.7,13.0,7.7,38.0,2.6,8.7,142.0,NORTE
2024-07-28 20:00:00,0.83,3.3,7.7,14.31,10.9,28.0,1.9,10.9,105.0,SURESTE
2024-07-28 21:00:00,0.57,1.8,5.9,18.0,7.9,32.0,2.5,10.0,127.0,CENTRO
2024-07-28 21:00:00,0.85,2.1,6.1,12.0,8.1,35.0,2.6,8.1,149.0,NORTE
2024-07-28 21:00:00,0.81,3.2,7.6,12.4,10.8,25.0,2.0,12.0,108.0,SURESTE
2024-07-28 22:00:00,0.54,1.8,5.0,17.0,7.0,36.0,2.5,10.3,113.0,CENTRO
2024-07-28 22:00:00,0.8,1.9,5.4,10.0,7.4,34.0,2.7,8.2,136.0,NORTE
2024-07-28 22:00:00,0.81,2.9,8.1,11.56,11.0,25.0,2.0,9.2,99.0,SURESTE
2024-07-28 23:00:00,0.54,1.8,5.2,15.0,7.3,36.0,2.6,6.6,72.0,CENTRO
2024-07-28 23:00:00,0.76,1.9,5.0,11.0,7.0,30.0,2.6,6.9,133.0,NORTE
2024-07-28 23:00:00,0.74,2.4,6.7,12.45,9.0,31.0,2.1,9.9,96.0,SURESTE
2024-07-29 00:00:00,0.6,2.3,10.9,17.0,13.3,37.0,2.6,8.0,49.0,CENTRO
2024-07-29 00:00:00,0.71,,4.2,12.0,6.1,42.0,2.6,8.0,128.0,NORTE
2024-07-29 00:00:00,0.74,2.2,7.0,10.79,9.2,27.0,2.0,14.8,91.0,SURESTE
2024-07-29 01:00:00,0.63,3.9,10.6,20.0,14.7,43.0,2.6,7.2,31.0,CENTRO
2024-07-29 01:00:00,0.68,1.7,3.6,13.0,5.4,48.0,2.6,5.7,123.0,NORTE
2024-07-29 01:00:00,0.67,2.1,4.3,12.35,6.4,35.0,2.0,13.6,97.0,SURESTE
2024-07-29 02:00:00,0.54,8.1,15.9,25.0,24.2,48.0,2.6,6.2,352.0,CENTRO
2024-07-29 02:00:00,0.68,1.7,3.8,15.0,5.5,59.0,2.6,6.3,106.0,NORTE
2024-07-29 02:00:00,0.65,2.0,3.7,10.39,5.7,30.0,2.1,11.7,104.0,SURESTE
2024-07-29 03:00:00,0.54,6.3,15.3,24.0,21.9,45.0,2.5,4.6,350.0,CENTRO
2024-07-29 03:00:00,0.67,1.9,4.3,14.0,6.2,49.0,2.5,7.1,102.0,NORTE
2024-07-29 03:00:00,0.63,2.0,3.1,11.02,5.1,26.0,1.9,8.0,106.0,SURESTE
2024-07-29 04:00:00,0.58,7.0,14.2,26.0,21.4,55.0,2.5,2.4,333.0,CENTRO
2024-07-29 04:00:00,0.7,2.4,6.3,15.0,8.7,44.0,2.5,8.2,99.0,NORTE
2024-07-29 04:00:00,0.62,2.0,3.5,11.61,5.5,29.0,2.0,5.5,131.0,SURESTE
2024-07-29 05:00:00,0.53,2.0,12.4,27.0,14.6,52.0,2.6,3.8,313.0,CENTRO
2024-07-29 05:00:00,0.74,3.3,7.3,15.0,10.6,61.0,2.6,7.8,118.0,NORTE
2024-07-29 05:00:00,0.66,2.0,3.7,13.33,5.7,23.0,1.9,7.0,74.0,SURESTE
2024-07-29 06:00:00,0.55,4.9,13.7,26.0,18.8,58.0,2.6,5.7,17.0,CENTRO
2024-07-29 06:00:00,0.81,5.5,8.4,,13.9,58.0,2.7,7.4,109.0,NORTE
2024-07-29 06:00:00,0.67,2.4,7.4,15.12,9.8,26.0,1.9,9.3,76.0,SURESTE
2024-07-29 07:00:00,0.6,4.5,11.4,27.0,16.1,52.0,2.6,5.9,71.0,CENTRO
2024-07-29 07:00:00,0.82,5.5,8.1,16.0,13.6,62.0,2.6,7.6,124.0,NORTE
2024-07-29 07:00:00,0.72,2.9,8.6,17.23,11.5,41.0,1.9,9.1,89.0,SURESTE
2024-07-29 08:00:00,0.66,9.8,11.9,29.0,22.0,57.0,2.7,5.4,71.0,CENTRO
2024-07-29 08:00:00,0.83,,7.2,17.0,12.6,63.0,2.5,6.8,125.0,NORTE
2024-07-29 08:00:00,0.82,6.4,10.3,16.83,16.6,39.0,2.0,9.3,78.0,SURESTE
2024-07-29 09:00:00,0.76,14.4,12.0,31.0,26.7,59.0,2.6,6.6,62.0,CENTRO
2024-07-29 09:00:00,0.81,4.2,6.9,16.0,11.1,48.0,2.6,4.8,132.0,NORTE
2024-07-29 09:00:00,0.82,6.6,8.3,16.27,14.9,41.0,2.1,11.3,91.0,SURESTE
2024-07-29 10:00:00,0.76,10.4,13.1,30.9,23.7,53.0,2.7,8.1,61.0,CENTRO
2024-07-29 10:00:00,0.83,3.1,7.0,17.0,10.2,49.0,2.5,1.7,106.0,NORTE
2024-07-29 10:00:00,0.72,4.1,5.1,15.67,9.2,40.0,2.0,12.3,97.0,SURESTE
2024-07-29 11:00:00,0.73,12.9,16.0,32.73,29.2,66.0,2.8,7.2,63.0,CENTRO
2024-07-29 11:00:00,0.83,2.1,6.1,19.0,8.2,60.0,2.7,4.8,88.0,NORTE
2024-07-29 11:00:00,0.79,4.6,6.5,17.72,11.1,41.0,2.0,11.6,82.0,SURESTE
2024-07-29 12:00:00,0.69,6.4,14.7,30.71,21.4,64.0,2.7,8.1,44.0,CENTRO
2024-07-29 12:00:00,0.78,2.1,5.4,15.0,7.5,59.0,2.8,5.0,132.0,NORTE
2024-07-29 12:00:00,0.83,3.0,6.3,18.0,9.3,48.0,2.0,8.5,114.0,SURESTE
2024-07-29 13:00:00,0.67,3.2,10.2,26.5,13.7,58.0,2.6,8.2,53.0,CENTRO
2024-07-29 13:00:00,0.77,,4.3,13.0,6.4,56.0,2.7,6.9,138.0,NORTE
2024-07-29 13:00:00,0.8,2.7,6.4,20.57,9.1,38.0,2.1,9.1,110.0,SURESTE
2024-07-29 14:00:00,0.62,2.5,7.4,27.0,10.2,50.0,2.7,8.1,67.0,CENTRO
2024-07-29 14:00:00,0.73,,3.3,11.0,5.4,45.0,2.6,10.2,148.0,NORTE
2024-07-29 14:00:00,0.75,2.7,5.1,15.88,7.8,43.0,2.1,10.9,120.0,SURESTE
2024-07-29 15:00:00,0.66,2.2,6.7,22.0,9.1,44.0,2.7,8.2,72.0,CENTRO
2024-07-29 15:00:00,0.75,2.4,3.6,13.0,6.0,39.0,2.6,11.2,147.0,NORTE
2024-07-29 15:00:00,0.74,3.1,4.9,14.07,7.9,33.0,2.0,13.7,120.0,SURESTE
2024-07-29 16:00:00,0.57,2.3,5.1,8.0,7.6,38.0,2.7,12.8,106.0,CENTRO
2024-07-29 16:00:00,0.75,2.7,4.1,13.0,6.8,38.0,2.5,11.7,139.0,NORTE
2024-07-29 16:00:00,0.76,3.2,4.5,12.09,7.6,29.0,2.0,16.2,115.0,SURESTE
2024-07-29 17:00:00,0.6,2.9,5.9,12.0,9.1,35.0,2.6,11.8,129.0,CENTRO
2024-07-29 17:00:00,0.74,2.8,4.1,,6.9,46.0,2.6,14.0,146.0,NORTE
2024-07-29 17:00:00,0.73,3.6,5.3,13.84,8.9,28.0,1.9,13.7,126.0,SURESTE
2024-07-29 18:00:00,0.6,2.6,6.5,13.0,9.3,41.0,2.6,12.2,135.0,CENTRO
2024-07-29 18:00:00,0.8,2.2,6.1,14.0,8.3,50.0,2.5,11.9,154.0,NORTE
2024-07-29 18:00:00,0.72,3.3,5.4,13.05,8.7,33.0,1.9,13.0,137.0,SURESTE
2024-07-29 19:00:00,0.59,2.7,7.1,15.0,10.0,50.0,2.7,13.7,121.0,CENTRO
2024-07-29 19:00:00,0.83,2.3,7.6,12.0,9.9,47.0,2.6,9.6,161.0,NORTE
2024-07-29 19:00:00,0.71,3.3,5.3,14.17,8.6,37.0,1.9,15.2,134.0,SURESTE
2024-07-29 20:00:00,0.58,2.1,6.5,16.78,8.9,52.0,2.7,14.8,120.0,CENTRO
2024-07-29 20:00:00,0.84,2.5,9.4,12.0,11.9,46.0,2.6,10.3,136.0,NORTE
2024-07-29 20:00:00,0.7,3.2,4.7,13.51,7.9,43.0,1.9,15.0,145.0,SURESTE
2024-07-29 21:00:00,0.56,2.1,6.5,16.07,8.8,56.0,2.6,14.3,111.0,CENTRO
2024-07-29 21:00:00,0.79,2.4,8.8,11.0,11.2,39.0,2.6,11.5,129.0,NORTE
2024-07-29 21:00:00,0.64,2.9,3.7,11.7,6.6,40.0,1.9,17.5,156.0,SURESTE
2024-07-29 22:00:00,0.56,1.8,6.0,14.28,8.0,52.0,2.6,12.4,108.0,CENTRO
2024-07-29 22:00:00,0.74,1.9,5.3,9.0,7.2,45.0,2.4,10.4,126.0,NORTE
2024-07-29 22:00:00,0.65,2.9,4.9,10.9,7.8,34.0,2.0,17.6,131.0,SURESTE
2024-07-29 23:00:00,0.54,1.9,5.9,13.47,8.0,42.0,2.5,11.5,103.0,CENTRO
2024-07-29 23:00:00,0.72,1.8,5.2,8.0,7.0,47.0,2.5,9.1,130.0,NORTE
2024-07-29 23:00:00,0.64,2.4,3.9,11.39,6.3,32.0,1.9,18.4,117.0,SURESTE
2024-07-30 00:00:00,0.52,1.8,5.0,13.93,7.0,44.0,2.6,10.0,93.0,CENTRO
2024-07-30 00:00:00,0.7,1.7,4.5,8.0,6.1,62.0,2.6,9.8,122.0,NORTE
2024-07-30 00:00:00,0.65,2.1,3.8,,5.9,36.0,1.9,18.4,103.0,SURESTE
2024-07-30 01:00:00,0.51,1.8,4.7,13.48,6.7,46.0,2.6,8.5,106.0,CENTRO
2024-07-30 01:00:00,0.68,1.7,4.5,,6.2,47.0,2.5,8.0,119.0,NORTE
2024-07-30 01:00:00,0.65,2.0,3.4,11.14,5.3,35.0,1.8,13.8,109.0,SURESTE
2024-07-30 02:00:00,0.58,3.8,9.7,14.78,13.7,47.0,2.7,7.2,44.0,CENTRO
2024-07-30 02:00:00,0.68,1.6,4.9,,6.6,33.0,2.6,7.3,121.0,NORTE
2024-07-30 02:00:00,0.63,2.0,3.0,11.45,5.0,31.0,1.8,11.7,111.0,SURESTE
2024-07-30 03:00:00,0.51,1.9,5.6,13.48,7.8,52.0,2.7,7.2,57.0,CENTRO
2024-07-30 03:00:00,0.68,1.8,6.3,9.0,8.1,30.0,2.6,7.0,102.0,NORTE
2024-07-30 03:00:00,0.62,,2.4,9.77,4.3,29.0,1.7,11.0,109.0,SURESTE
2024-07-30 04:00:00,0.51,1.8,5.4,12.94,7.4,40.0,2.7,4.0,48.0,CENTRO
2024-07-30 04:00:00,0.71,2.1,6.9,10.0,9.0,30.0,2.6,6.7,111.0,NORTE
2024-07-30 04:00:00,0.61,,2.1,9.32,4.1,32.0,1.8,9.9,111.0,SURESTE
2024-07-30 05:00:00,0.54,1.8,5.7,12.73,7.8,53.0,2.6,3.5,47.0,CENTRO
2024-07-30 05:00:00,0.75,3.8,8.8,10.0,12.6,34.0,2.6,5.9,95.0,NORTE
2024-07-30 05:00:00,0.63,,3.5,9.13,5.5,19.0,1.8,9.0,98.0,SURESTE
2024-07-30 06:00:00,0.54,2.6,8.9,14.09,11.7,38.0,2.5,3.6,53.0,CENTRO
2024-07-30 06:00:00,0.8,5.7,8.6,13.0,14.3,48.0,2.6,5.9,106.0,NORTE
2024-07-30 06:00:00,0.66,2.3,6.5,9.78,8.8,29.0,1.8,8.8,91.0,SURESTE
2024-07-30 07:00:00,0.6,11.6,12.0,15.55,23.9,56.0,2.7,3.7,51.0,CENTRO
2024-07-30 07:00:00,0.82,6.7,9.0,14.0,15.7,50.0,2.6,5.8,105.0,NORTE
2024-07-30 07:00:00,0.76,4.8,11.5,11.09,16.2,38.0,1.8,8.4,81.0,SURESTE
2024-07-30 08:00:00,0.72,25.5,14.0,21.66,39.8,50.0,2.8,3.7,35.0,CENTRO
2024-07-30 08:00:00,0.84,6.0,8.3,14.0,14.3,70.0,2.6,3.4,108.0,NORTE
2024-07-30 08:00:00,0.81,9.1,11.3,11.4,20.3,42.0,2.0,7.4,49.0,SURESTE
2024-07-30 09:00:00,0.88,30.3,15.2,23.25,45.7,68.0,2.9,7.0,63.0,CENTRO
2024-07-30 09:00:00,0.85,5.7,8.4,17.0,14.1,77.0,2.6,3.1,164.0,NORTE
2024-07-30 09:00:00,0.81,8.9,11.1,13.12,19.9,47.0,2.0,7.6,75.0,SURESTE
2024-07-30 10:00:00,0.86,30.0,16.3,25.91,46.5,80.0,2.9,7.2,43.0,CENTRO
2024-07-30 10:00:00,0.85,4.5,8.0,8.0,12.5,83.0,2.7,2.5,128.0,NORTE
2024-07-30 10:00:00,0.85,9.5,11.3,15.49,20.7,48.0,2.0,7.5,85.0,SURESTE
2024-07-30 11:00:00,0.93,19.2,19.3,27.89,38.8,83.0,2.9,8.3,25.0,CENTRO
2024-07-30 11:00:00,0.87,2.8,8.1,15.0,11.0,82.0,3.0,2.5,152.0,NORTE
2024-07-30 11:00:00,0.91,7.5,13.6,16.27,21.0,57.0,2.0,7.7,53.0,SURESTE
2024-07-30 12:00:00,1.0,19.4,24.2,35.07,43.8,81.0,2.9,8.9,26.0,CENTRO
2024-07-30 12:00:00,0.91,2.1,7.9,16.0,10.0,70.0,2.7,6.1,130.0,NORTE
2024-07-30 12:00:00,0.93,5.0,14.1,20.12,19.0,76.0,2.0,6.5,52.0,SURESTE
2024-07-30 13:00:00,0.9,4.7,16.7,30.21,21.6,85.0,2.7,8.4,71.0,CENTRO
2024-07-30 13:00:00,0.79,2.0,4.4,11.0,6.3,73.0,2.7,10.1,135.0,NORTE
2024-07-30 13:00:00,0.84,2.8,8.1,23.16,10.9,89.0,1.9,10.5,87.0,SURESTE
2024-07-30 14:00:00,0.75,2.4,10.6,23.61,13.2,79.0,2.6,9.6,60.0,CENTRO
2024-07-30 14:00:00,0.77,2.4,3.4,9.0,5.8,48.0,2.5,13.2,146.0,NORTE
2024-07-30 14:00:00,0.79,3.1,5.9,21.51,9.0,58.0,1.9,12.8,101.0,SURESTE
2024-07-30 15:00:00,0.66,2.4,8.6,19.41,11.2,69.0,2.6,11.0,71.0,CENTRO
2024-07-30 15:00:00,0.74,2.2,2.9,8.0,5.0,41.0,2.5,12.7,147.0,NORTE
2024-07-30 15:00:00,0.8,3.4,5.5,19.59,8.8,55.0,1.8,16.0,116.0,SURESTE
2024-07-30 16:00:00,0.6,2.3,5.7,14.32,8.3,51.0,2.7,13.1,120.0,CENTRO
2024-07-30 16:00:00,0.77,2.7,3.4,9.0,6.1,34.0,2.7,13.9,149.0,NORTE
2024-07-30 16:00:00,0.74,3.0,4.5,18.34,7.6,42.0,1.9,15.5,125.0,SURESTE
2024-07-30 17:00:00,0.6,3.3,6.2,12.83,9.8,44.0,2.6,12.8,128.0,CENTRO
2024-07-30 17:00:00,0.76,2.5,3.9,13.0,6.4,44.0,2.5,14.6,145.0,NORTE
2024-07-30 17:00:00,0.71,3.2,4.4,12.35,7.7,37.0,1.8,16.0,128.0,SURESTE
2024-07-30 18:00:00,0.59,2.7,5.6,12.9,8.6,42.0,2.7,15.0,104.0,CENTRO
2024-07-30 18:00:00,0.86,2.5,5.3,13.0,7.8,63.0,2.6,13.1,152.0,NORTE
2024-07-30 18:00:00,0.71,3.4,4.6,9.74,8.1,29.0,1.9,17.0,134.0,SURESTE
2024-07-30 19:00:00,0.59,2.5,6.1,15.81,8.9,41.0,2.7,15.2,103.0,CENTRO
2024-07-30 19:00:00,0.91,2.2,5.8,,8.0,48.0,2.6,13.0,146.0,NORTE
2024-07-30 19:00:00,0.72,3.4,4.9,11.17,8.3,26.0,1.9,19.0,133.0,SURESTE
2024-07-30 20:00:00,0.59,2.1,6.4,18.99,8.8,48.0,2.7,15.4,119.0,CENTRO
2024-07-30 20:00:00,0.84,2.4,6.2,14.0,8.6,40.0,2.6,12.6,146.0,NORTE
2024-07-30 20:00:00,0.69,3.2,4.8,15.2,8.0,44.0,2.0,17.2,140.0,SURESTE
2024-07-30 21:00:00,0.57,2.1,6.3,18.52,8.6,52.0,2.7,15.8,120.0,CENTRO
2024-07-30 21:00:00,0.81,2.0,6.1,14.0,8.2,40.0,2.6,12.9,140.0,NORTE
2024-07-30 21:00:00,0.69,3.2,4.9,,8.1,52.0,2.0,15.8,132.0,SURESTE
2024-07-30 22:00:00,0.57,,6.8,19.02,9.0,54.0,2.6,12.9,113.0,CENTRO
2024-07-30 22:00:00,0.77,2.1,4.9,16.0,7.0,66.0,2.5,9.6,146.0,NORTE
2024-07-30 22:00:00,0.67,2.8,4.5,,7.4,39.0,1.9,19.2,121.0,SURESTE
2024-07-30 23:00:00,0.56,1.9,5.1,19.87,7.1,46.0,2.7,11.1,83.0,CENTRO
2024-07-30 23:00:00,0.72,1.7,2.9,17.0,4.5,57.0,2.6,10.4,167.0,NORTE
2024-07-30 23:00:00,0.69,2.5,4.9,,7.4,46.0,1.9,19.5,97.0,SURESTE
2024-07-31 00:00:00,0.55,1.8,5.6,20.97,7.6,49.0,2.7,9.6,73.0,CENTRO
2024-07-31 00:00:00,0.72,1.7,3.3,18.0,5.0,73.0,2.5,8.2,138.0,NORTE
2024-07-31 00:00:00,0.65,2.2,4.2,,6.4,45.0,1.9,14.8,114.0,SURESTE
2024-07-31 01:00:00,0.55,3.2,8.0,23.65,11.4,59.0,2.7,8.8,39.0,CENTRO
2024-07-31 01:00:00,0.71,1.6,3.6,20.0,5.2,68.0,2.5,9.9,115.0,NORTE
2024-07-31 01:00:00,0.65,2.0,3.6,,5.6,47.0,1.8,12.7,116.0,SURESTE
2024-07-31 02:00:00,0.55,10.5,17.4,28.21,28.1,64.0,2.7,3.8,341.0,CENTRO
2024-07-31 02:00:00,0.71,1.6,3.2,21.0,4.8,88.0,2.7,7.9,121.0,NORTE
2024-07-31 02:00:00,0.66,2.0,3.1,,5.0,52.0,1.8,10.2,100.0,SURESTE
2024-07-31 03:00:00,0.6,1.9,6.5,27.87,8.6,73.0,2.5,7.3,64.0,CENTRO
2024-07-31 03:00:00,0.71,1.7,4.0,22.0,5.7,89.0,2.6,7.0,117.0,NORTE
2024-07-31 03:00:00,0.65,,2.6,,4.5,61.0,1.9,11.5,108.0,SURESTE
2024-07-31 04:00:00,0.54,1.8,4.9,33.88,6.9,72.0,2.6,6.6,43.0,CENTRO
2024-07-31 04:00:00,0.74,2.1,5.7,23.0,7.8,92.0,2.6,7.1,106.0,NORTE
2024-07-31 04:00:00,0.63,,2.4,,4.3,71.0,1.9,10.4,111.0,SURESTE
2024-07-31 05:00:00,0.54,3.1,7.7,34.58,11.0,78.0,2.6,5.3,42.0,CENTRO
2024-07-31 05:00:00,0.76,3.0,8.0,24.0,10.9,100.0,2.7,5.9,107.0,NORTE
2024-07-31 05:00:00,0.65,,2.8,,4.7,70.0,1.9,8.6,105.0,SURESTE
2024-07-31 06:00:00,0.59,7.8,10.5,36.49,18.6,86.0,2.8,6.5,59.0,CENTRO
2024-07-31 06:00:00,0.79,5.2,8.9,27.0,14.0,110.0,2.7,5.8,59.0,NORTE
2024-07-31 06:00:00,0.65,,4.5,,6.5,82.0,2.0,9.5,106.0,SURESTE
2024-07-31 07:00:00,0.59,8.8,13.3,36.83,22.4,94.0,2.6,5.5,64.0,CENTRO
2024-07-31 07:00:00,0.8,6.6,8.8,28.0,15.4,125.0,2.8,5.2,64.0,NORTE
2024-07-31 07:00:00,0.71,3.4,8.9,,12.3,91.0,1.9,7.5,89.0,SURESTE
2024-07-31 08:00:00,0.73,24.0,16.0,44.36,40.2,93.0,2.8,5.1,20.0,CENTRO
2024-07-31 08:00:00,0.81,6.9,8.1,30.0,15.0,131.0,2.6,3.5,66.0,NORTE
2024-07-31 08:00:00,0.79,7.3,12.8,,20.1,90.0,2.1,7.4,68.0,SURESTE
2024-07-31 09:00:00,1.03,16.8,17.1,47.14,34.2,112.0,2.7,6.6,9.0,CENTRO
2024-07-31 09:00:00,0.86,6.5,8.7,29.0,15.2,122.0,2.5,3.6,149.0,NORTE
2024-07-31 09:00:00,0.87,11.1,14.3,,25.3,111.0,2.3,6.0,67.0,SURESTE
2024-07-31 10:00:00,0.99,25.2,18.4,53.69,43.8,122.0,2.8,7.7,50.0,CENTRO
2024-07-31 10:00:00,0.91,3.9,8.8,27.0,12.7,113.0,2.8,3.3,152.0,NORTE
2024-07-31 10:00:00,0.89,11.9,15.0,,26.8,117.0,2.4,4.8,92.0,SURESTE
2024-07-31 11:00:00,0.96,25.7,23.6,53.29,49.5,136.0,2.8,7.3,53.0,CENTRO
2024-07-31 11:00:00,0.88,2.5,8.4,27.0,11.0,115.0,2.9,6.5,116.0,NORTE
2024-07-31 11:00:00,1.02,11.8,17.9,,29.7,118.0,2.3,6.2,112.0,SURESTE
2024-07-31 12:00:00,1.01,14.3,25.6,53.06,40.1,126.0,2.7,8.2,65.0,CENTRO
2024-07-31 12:00:00,0.88,2.2,7.3,25.0,9.5,109.0,3.0,7.6,143.0,NORTE
2024-07-31 12:00:00,0.93,6.8,16.7,,23.5,127.0,2.3,6.5,97.0,SURESTE
2024-07-31 13:00:00,0.84,5.2,18.8,47.22,24.3,114.0,2.7,8.8,57.0,CENTRO
2024-07-31 13:00:00,0.82,2.1,4.8,21.0,6.9,95.0,3.0,10.2,138.0,NORTE
2024-07-31 13:00:00,0.85,3.4,8.8,,12.2,117.0,2.3,10.9,112.0,SURESTE
2024-07-31 14:00:00,0.77,2.5,11.4,40.32,14.1,105.0,2.6,8.3,86.0,CENTRO
2024-07-31 14:00:00,0.77,2.4,3.4,18.0,5.8,82.0,2.9,13.6,137.0,NORTE
2024-07-31 14:00:00,0.82,2.8,6.5,,9.3,98.0,2.1,13.5,108.0,SURESTE
2024-07-31 15:00:00,0.65,2.4,7.2,,9.8,91.0,2.6,12.2,123.0,CENTRO
2024-07-31 15:00:00,0.75,2.4,3.4,20.0,5.7,74.0,2.8,12.9,142.0,NORTE
2024-07-31 15:00:00,0.77,3.1,5.4,,8.5,83.0,2.4,17.8,109.0,SURESTE
2024-07-31 16:00:00,0.61,2.5,5.8,26.59,8.5,69.0,2.5,13.4,112.0,CENTRO
2024-07-31 16:00:00,0.74,2.5,3.1,21.0,5.6,93.0,2.8,15.2,150.0,NORTE
2024-07-31 16:00:00,0.73,3.1,4.7,,7.9,75.0,2.2,16.0,116.0,SURESTE
2024-07-31 17:00:00,0.62,2.7,5.7,26.56,8.7,65.0,2.6,13.9,111.0,CENTRO
2024-07-31 17:00:00,0.75,2.6,4.0,22.0,6.7,98.0,2.7,16.2,153.0,NORTE
2024-07-31 17:00:00,0.72,3.2,4.8,,8.0,63.0,2.2,16.4,121.0,SURESTE
2024-07-31 18:00:00,0.59,2.4,5.2,29.1,7.8,70.0,2.6,14.7,102.0,CENTRO
2024-07-31 18:00:00,0.76,2.3,4.9,20.0,7.2,113.0,2.7,14.9,150.0,NORTE
2024-07-31 18:00:00,0.73,3.2,5.0,,8.2,80.0,2.3,16.7,132.0,SURESTE
2024-07-31 19:00:00,0.6,2.5,6.4,32.42,9.2,77.0,2.7,16.0,111.0,CENTRO
2024-07-31 19:00:00,0.77,2.0,4.9,21.0,6.9,87.0,2.8,16.1,141.0,NORTE
2024-07-31 19:00:00,0.67,,4.3,,7.5,88.0,2.3,20.3,147.0,SURESTE
2024-07-31 20:00:00,0.57,2.3,6.7,31.45,9.2,89.0,2.7,16.3,131.0,CENTRO
2024-07-31 20:00:00,0.79,2.0,5.7,23.0,7.8,82.0,2.8,13.9,149.0,NORTE
2024-07-31 20:00:00,0.66,2.9,4.5,,7.4,94.0,2.2,17.1,147.0,SURESTE
2024-07-31 21:00:00,0.59,1.9,6.0,31.75,8.2,90.0,2.7,15.9,127.0,CENTRO
2024-07-31 21:00:00,0.78,2.2,7.0,24.0,9.2,96.0,2.6,12.2,130.0,NORTE
2024-07-31 21:00:00,0.65,2.7,3.9,,6.6,83.0,2.1,19.8,143.0,SURESTE
2024-07-31 22:00:00,0.57,1.9,5.9,33.73,8.0,85.0,2.7,11.5,118.0,CENTRO
2024-07-31 22:00:00,0.65,2.8,3.9,,6.7,95.0,2.0,21.4,129.0,SURESTE
2024-07-31 23:00:00,0.55,,4.8,34.73,6.9,85.0,2.7,10.5,128.0,CENTRO
2024-07-31 23:00:00,0.68,2.5,4.8,,7.3,103.0,2.0,20.9,108.0,SURESTE
2024-07-31 22:00:00,,,,,,65.0,3.2,16.9,158.0,NORTE
2024-07-31 23:00:00,,,,,,71.0,4.3,12.4,130.0,NORTE
2024-07-07 00:00:00,,,,,,,,,,SURESTE
2024-07-07 20:00:00,,,,,,,,,,SURESTE
2024-07-07 21:00:00,,,,,,,,,,SURESTE
2024-07-07 22:00:00,,,,,,,,,,SURESTE
2024-07-07 23:00:00,,,,,,,,,,SURESTE
