date,CO,NO,NO2,NOX,O3,PM10,PM2.5,PRS,RAINF,RH,SO2,SR,TOUT,WSR,WDR,Zona
2024-07-01 00:00:00,,,,,,,,,,,,0.0,,,,CENTRO
2024-07-01 00:00:00,0.31,2.0,9.7,11.7,7.0,19.0,8.0,719.5,0.0,,2.1,0.0,22.76,4.2,148.0,NORTE
2024-07-01 00:00:00,,,,,,,,,,,,0.0,,,,SURESTE
2024-07-01 01:00:00,0.41,1.8,5.8,7.9,14.0,27.0,6.52,714.6,0.0,87.0,2.3,0.0,21.56,7.5,35.0,CENTRO
2024-07-01 01:00:00,0.27,1.8,8.8,10.7,8.0,24.0,8.0,718.8,0.0,,2.2,0.0,22.7,4.8,110.0,NORTE
2024-07-01 01:00:00,0.67,2.1,2.8,4.9,17.0,11.0,4.1,725.9,0.0,89.0,1.7,0.002,22.45,14.7,101.0,SURESTE
2024-07-01 02:00:00,0.42,2.5,6.3,9.0,13.0,26.0,,714.2,0.0,88.0,2.4,0.0,21.44,5.8,32.0,CENTRO
2024-07-01 02:00:00,0.23,2.1,6.5,8.6,10.0,35.0,7.0,718.5,0.0,,2.2,0.0,22.61,3.6,98.0,NORTE
2024-07-01 02:00:00,0.66,2.1,2.1,4.1,16.0,9.0,4.1,725.3,0.0,90.0,1.6,0.003,22.25,12.2,83.0,SURESTE
2024-07-01 03:00:00,0.37,3.8,8.0,12.1,10.0,31.0,,713.5,0.0,88.0,2.4,0.0,21.37,6.0,16.0,CENTRO
2024-07-01 03:00:00,0.21,2.8,10.5,13.3,6.0,30.0,9.0,718.5,0.0,,2.2,0.0,22.61,4.8,48.0,NORTE
2024-07-01 03:00:00,0.65,,2.5,4.5,14.0,7.0,3.58,724.6,0.0,90.0,1.8,0.002,22.23,6.2,100.0,SURESTE
2024-07-01 04:00:00,0.42,4.5,12.8,17.5,6.0,33.0,,713.3,0.0,87.0,2.4,0.0,21.46,5.2,354.0,CENTRO
2024-07-01 04:00:00,0.21,2.4,9.9,12.3,6.0,32.0,7.0,718.8,0.0,,2.2,0.0,22.49,4.8,62.0,NORTE
2024-07-01 04:00:00,0.64,,2.3,4.4,14.0,13.0,3.56,724.4,0.0,90.0,1.6,0.002,22.17,5.4,142.0,SURESTE
2024-07-01 05:00:00,0.38,2.6,11.5,14.4,8.0,38.0,,713.3,0.0,87.0,2.4,0.0,21.37,6.1,5.0,CENTRO
2024-07-01 05:00:00,0.31,4.4,11.3,15.7,6.0,25.0,9.0,719.1,0.0,,2.2,0.028,22.85,1.8,92.0,NORTE
2024-07-01 05:00:00,0.66,2.3,3.6,5.8,11.0,11.0,3.77,724.5,0.0,90.0,1.7,0.002,22.23,4.8,59.0,SURESTE
2024-07-01 06:00:00,0.43,2.8,10.1,13.1,9.0,40.0,,713.7,0.0,87.0,2.4,0.0,21.46,6.0,48.0,CENTRO
2024-07-01 06:00:00,0.33,8.4,10.9,19.2,9.0,30.0,12.0,719.4,0.0,,2.3,0.146,24.65,1.3,68.0,NORTE
2024-07-01 06:00:00,0.67,2.4,7.0,9.4,10.0,15.0,3.78,724.8,0.0,90.0,1.6,0.003,22.24,7.2,75.0,SURESTE
2024-07-01 07:00:00,0.43,5.3,12.2,17.8,7.0,34.0,,714.0,0.0,86.0,2.4,0.027,21.66,5.7,58.0,CENTRO
2024-07-01 07:00:00,0.38,9.0,10.4,19.4,16.0,35.0,11.0,719.4,0.0,,2.8,0.308,26.53,3.8,109.0,NORTE
2024-07-01 07:00:00,0.74,3.5,8.9,12.4,9.0,18.0,4.27,725.3,0.0,90.0,1.6,0.018,22.29,3.6,113.0,SURESTE
2024-07-01 08:00:00,0.59,15.7,13.4,29.4,8.0,34.0,,714.3,0.0,83.0,2.4,0.217,22.38,6.4,52.0,CENTRO
2024-07-01 08:00:00,0.38,8.4,10.7,19.1,17.0,30.0,8.0,719.4,0.0,,2.8,0.293,26.63,7.1,105.0,NORTE
2024-07-01 08:00:00,0.81,6.0,9.4,15.3,10.0,11.0,4.27,725.7,0.0,88.0,1.6,0.088,22.95,3.3,71.0,SURESTE
2024-07-01 09:00:00,0.57,23.9,16.0,40.2,10.0,48.0,,714.2,0.0,75.0,2.5,0.346,23.99,7.1,42.0,CENTRO
2024-07-01 09:00:00,0.32,6.1,8.2,14.3,17.0,31.0,8.0,719.4,0.0,,2.5,0.251,26.47,8.4,122.0,NORTE
2024-07-01 09:00:00,0.93,10.9,12.2,22.9,13.0,18.0,4.55,725.6,0.0,82.0,1.8,0.234,24.72,5.5,76.0,SURESTE
2024-07-01 10:00:00,0.64,11.6,15.0,26.9,15.0,54.0,,714.3,0.0,73.0,2.4,0.327,24.4,9.6,49.0,CENTRO
2024-07-01 10:00:00,0.33,3.5,5.5,9.0,31.0,33.0,15.0,719.0,0.0,,2.6,0.59,28.16,9.8,143.0,NORTE
2024-07-01 10:00:00,0.85,6.9,10.2,17.0,19.0,35.0,4.55,725.6,0.0,76.0,2.0,0.187,25.23,16.0,61.0,SURESTE
2024-07-01 11:00:00,0.59,7.3,13.6,21.1,22.0,46.0,,714.3,0.0,73.0,2.3,0.386,24.51,12.6,53.0,CENTRO
2024-07-01 11:00:00,0.32,3.3,5.6,8.8,32.0,50.0,18.0,718.5,0.0,,3.1,0.577,29.11,12.0,125.0,NORTE
2024-07-01 11:00:00,0.88,5.8,9.0,14.7,22.0,28.0,4.77,725.6,0.0,77.0,2.1,0.215,25.47,17.1,79.0,SURESTE
2024-07-01 12:00:00,0.55,6.2,10.2,16.6,25.0,52.0,,713.9,0.0,70.0,2.4,0.886,25.9,13.5,54.0,CENTRO
2024-07-01 12:00:00,0.26,3.3,4.3,7.6,26.0,60.0,12.0,718.0,0.0,,2.8,0.404,29.16,12.2,135.0,NORTE
2024-07-01 12:00:00,0.88,5.1,5.7,10.7,19.0,33.0,4.77,725.3,0.0,75.0,1.9,0.308,26.48,14.8,104.0,SURESTE
2024-07-01 13:00:00,0.45,5.0,6.5,11.7,21.0,50.0,,713.5,0.0,67.0,2.4,0.631,26.61,15.6,63.0,CENTRO
2024-07-01 13:00:00,0.29,3.6,4.4,8.0,23.0,52.0,12.0,717.8,0.0,,2.6,0.352,28.81,13.9,123.0,NORTE
2024-07-01 13:00:00,0.79,4.0,4.3,8.3,20.0,46.0,4.96,724.8,0.0,69.0,1.8,0.241,27.62,16.4,112.0,SURESTE
2024-07-01 14:00:00,0.44,4.5,5.7,10.5,20.0,55.0,,713.1,0.0,63.0,2.3,0.627,27.38,15.3,71.0,CENTRO
2024-07-01 14:00:00,0.3,4.4,5.2,9.6,21.0,46.0,8.0,717.8,0.0,,2.5,0.356,27.39,8.6,111.0,NORTE
2024-07-01 14:00:00,0.8,4.5,4.7,9.3,17.0,48.0,4.96,724.5,0.04,72.0,1.8,0.217,27.36,13.7,123.0,SURESTE
2024-07-01 15:00:00,0.48,4.5,7.0,11.8,24.0,52.0,,712.8,0.0,65.0,2.4,0.546,27.02,18.1,60.0,CENTRO
2024-07-01 15:00:00,0.38,5.8,8.3,14.2,21.0,31.0,11.0,717.1,0.0,,2.4,0.353,29.23,7.8,110.0,NORTE
2024-07-01 15:00:00,0.9,5.1,7.4,12.5,22.0,50.0,4.79,724.3,0.0,74.0,2.0,0.172,26.41,15.6,102.0,SURESTE
2024-07-01 16:00:00,0.5,6.2,8.6,15.1,23.0,53.0,,712.6,0.0,64.0,2.6,0.784,27.0,15.7,56.0,CENTRO
2024-07-01 16:00:00,0.35,3.7,5.1,8.7,21.0,53.0,10.0,716.7,0.0,,2.3,0.159,28.15,11.7,108.0,NORTE
2024-07-01 16:00:00,0.88,5.4,7.4,12.7,25.0,50.0,4.79,723.9,0.0,70.0,2.2,0.428,27.45,13.3,111.0,SURESTE
2024-07-01 17:00:00,0.51,5.7,9.4,15.3,24.0,52.0,,712.1,0.0,62.0,2.5,0.598,27.7,16.1,68.0,CENTRO
2024-07-01 17:00:00,0.37,4.3,7.1,11.3,17.0,39.0,10.0,716.9,0.0,,2.1,0.073,27.89,11.8,132.0,NORTE
2024-07-01 17:00:00,0.84,4.4,7.0,11.3,24.0,44.0,6.01,723.4,0.0,67.0,2.2,0.24,28.38,13.4,117.0,SURESTE
2024-07-01 18:00:00,0.5,5.8,11.0,17.1,17.0,54.0,,711.9,0.0,68.0,2.5,0.179,26.68,14.7,58.0,CENTRO
2024-07-01 18:00:00,0.39,3.8,11.0,14.8,12.0,49.0,11.0,717.3,0.0,,2.2,0.006,27.2,10.6,152.0,NORTE
2024-07-01 18:00:00,0.83,4.4,7.2,11.6,18.0,51.0,6.07,723.2,0.0,72.0,2.0,0.072,27.22,13.4,106.0,SURESTE
2024-07-01 19:00:00,0.51,3.9,9.8,14.0,15.0,57.0,,712.1,0.0,67.0,2.4,0.084,26.19,12.3,99.0,CENTRO
2024-07-01 19:00:00,0.58,5.0,14.1,19.0,7.0,50.0,10.0,717.4,0.0,,2.2,0.0,26.43,7.9,178.0,NORTE
2024-07-01 19:00:00,0.81,4.2,7.8,11.9,17.0,36.0,10.51,723.4,0.0,68.0,1.8,0.04,27.42,11.1,124.0,SURESTE
2024-07-01 20:00:00,0.47,3.0,8.5,11.7,15.0,52.0,,712.5,0.0,69.0,2.4,0.008,25.73,10.3,118.0,CENTRO
2024-07-01 20:00:00,0.65,7.2,14.1,21.4,6.0,46.0,10.0,717.5,0.0,,2.5,0.0,25.93,7.0,173.0,NORTE
2024-07-01 20:00:00,0.81,3.8,8.4,12.2,18.0,43.0,10.56,723.6,0.0,69.0,2.4,0.006,27.18,11.5,130.0,SURESTE
2024-07-01 21:00:00,0.49,2.3,7.4,9.9,15.0,46.0,,712.5,0.0,74.0,2.5,0.0,24.19,9.3,102.0,CENTRO
2024-07-01 21:00:00,0.32,2.4,8.7,11.1,11.0,48.0,7.0,717.7,0.0,,2.4,0.0,25.09,6.7,149.0,NORTE
2024-07-01 21:00:00,0.75,3.4,5.5,8.7,16.0,46.0,8.9,723.6,0.0,72.0,2.1,0.0,26.74,11.3,127.0,SURESTE
2024-07-01 22:00:00,0.43,2.3,8.3,10.8,,39.0,,712.6,0.0,74.0,2.5,0.0,24.08,7.8,72.0,CENTRO
2024-07-01 22:00:00,0.37,2.8,10.7,13.6,8.0,36.0,8.0,717.7,0.0,,2.2,0.0,25.04,5.8,134.0,NORTE
2024-07-01 22:00:00,0.71,3.1,4.0,7.1,19.0,34.0,8.87,723.6,0.02,71.0,1.8,0.0,26.14,13.5,130.0,SURESTE
2024-07-01 23:00:00,0.44,1.9,4.6,6.8,17.0,36.0,,712.7,0.0,75.0,2.4,0.0,23.83,9.1,116.0,CENTRO
2024-07-01 23:00:00,0.35,10.5,13.8,24.4,4.0,32.0,11.0,717.6,0.0,,2.3,0.0,24.51,4.8,84.0,NORTE
2024-07-01 23:00:00,0.79,3.4,9.2,12.6,11.0,23.0,11.21,723.8,0.0,80.0,1.8,0.0,24.39,6.7,337.0,SURESTE
2024-07-02 00:00:00,0.41,1.9,6.1,8.3,14.0,36.0,,712.8,0.0,76.0,2.4,0.0,23.84,5.6,43.0,CENTRO
2024-07-02 00:00:00,0.31,13.7,14.4,28.1,2.0,75.0,13.0,717.4,0.0,,2.2,0.0,23.37,4.5,45.0,NORTE
2024-07-02 00:00:00,0.83,4.1,10.9,15.0,8.0,28.0,11.24,723.8,0.0,82.0,1.8,0.0,24.01,6.2,310.0,SURESTE
2024-07-02 01:00:00,0.42,2.0,6.9,9.2,14.0,41.0,6.37,712.5,0.0,75.0,2.3,0.0,23.73,8.0,66.0,CENTRO
2024-07-02 01:00:00,0.3,20.2,14.6,34.7,2.0,64.0,14.0,716.8,0.0,,2.2,0.0,23.06,2.7,6.0,NORTE
2024-07-02 01:00:00,0.8,2.9,11.3,14.1,7.0,26.0,5.89,723.6,0.0,83.0,1.8,0.0,23.81,8.3,74.0,SURESTE
2024-07-02 02:00:00,0.48,4.1,11.9,16.3,9.0,36.0,6.6,712.3,0.0,78.0,2.3,0.0,23.26,6.8,34.0,CENTRO
2024-07-02 02:00:00,0.27,14.2,13.1,27.2,2.0,68.0,15.0,716.4,0.0,,2.2,0.0,22.81,2.4,27.0,NORTE
2024-07-02 02:00:00,0.78,2.3,9.6,11.8,7.0,27.0,,723.4,0.0,86.0,1.7,0.0,23.21,4.6,82.0,SURESTE
2024-07-02 03:00:00,0.52,8.7,17.9,26.9,4.0,57.0,7.23,711.9,0.0,82.0,2.5,0.0,22.52,4.1,359.0,CENTRO
2024-07-02 03:00:00,0.23,7.3,11.5,18.9,3.0,71.0,16.0,716.2,0.0,,2.1,0.0,22.87,2.3,35.0,NORTE
2024-07-02 03:00:00,0.82,4.3,11.2,15.4,4.0,30.0,,723.0,0.0,88.0,1.7,0.001,22.56,1.8,299.0,SURESTE
2024-07-02 04:00:00,0.55,8.1,15.4,23.8,4.0,50.0,12.31,711.6,0.0,84.0,2.5,0.0,21.92,1.7,250.0,CENTRO
2024-07-02 04:00:00,0.23,4.6,13.0,17.6,3.0,61.0,20.0,716.2,0.0,,2.2,0.0,22.93,2.4,46.0,NORTE
2024-07-02 04:00:00,0.83,7.2,10.5,17.6,3.0,38.0,,722.5,0.0,89.0,1.7,0.002,22.28,1.9,261.0,SURESTE
2024-07-02 05:00:00,0.55,10.2,14.3,24.7,4.0,51.0,12.02,711.3,0.0,86.0,2.5,0.0,21.59,1.7,206.0,CENTRO
2024-07-02 05:00:00,0.22,5.9,12.2,18.2,4.0,73.0,21.0,716.4,0.0,,2.2,0.015,22.94,3.2,28.0,NORTE
2024-07-02 05:00:00,0.88,10.7,15.7,26.3,3.0,36.0,,722.2,0.0,88.0,1.7,0.001,22.88,2.5,272.0,SURESTE
2024-07-02 06:00:00,0.56,11.8,11.8,23.8,,50.0,10.74,711.3,0.0,86.0,2.4,0.001,21.43,1.7,29.0,CENTRO
2024-07-02 06:00:00,0.27,9.3,10.9,20.1,5.0,70.0,20.0,716.9,0.0,,2.2,0.061,23.62,2.2,27.0,NORTE
2024-07-02 06:00:00,0.91,18.9,15.1,34.0,2.0,57.0,,722.2,0.0,89.0,1.8,0.002,22.65,1.8,338.0,SURESTE
2024-07-02 07:00:00,0.61,14.6,14.6,29.6,5.0,54.0,11.67,711.5,0.0,83.0,2.5,0.029,22.09,2.0,28.0,CENTRO
2024-07-02 07:00:00,0.36,7.1,7.8,14.9,10.0,75.0,18.0,717.3,0.0,,2.2,0.175,24.54,5.1,80.0,NORTE
2024-07-02 07:00:00,1.03,24.0,15.9,39.8,3.0,58.0,,722.6,0.0,89.0,1.9,0.017,23.05,1.9,316.0,SURESTE
2024-07-02 08:00:00,0.67,15.6,16.9,32.8,8.0,64.0,13.79,711.9,0.0,79.0,2.6,0.164,23.01,4.8,339.0,CENTRO
2024-07-02 08:00:00,0.36,8.6,8.9,17.5,15.0,70.0,19.0,717.0,0.0,,2.2,0.425,27.22,2.1,75.0,NORTE
2024-07-02 08:00:00,1.18,21.0,17.7,38.6,4.0,68.0,,723.0,0.0,85.0,1.9,0.059,23.87,3.4,12.0,SURESTE
2024-07-02 09:00:00,0.85,17.9,16.4,34.6,10.0,66.0,27.05,712.3,0.0,75.0,2.5,0.294,23.78,5.5,349.0,CENTRO
2024-07-02 09:00:00,0.34,7.0,9.1,16.1,25.0,64.0,20.0,716.7,0.0,,2.4,0.658,30.02,4.1,72.0,NORTE
2024-07-02 09:00:00,0.98,17.2,16.2,33.5,9.0,79.0,,723.5,0.0,78.0,2.0,0.18,25.07,5.6,39.0,SURESTE
2024-07-02 10:00:00,0.82,16.3,17.5,34.0,16.0,80.0,21.61,712.1,0.0,68.0,2.5,0.537,25.1,6.6,15.0,CENTRO
2024-07-02 10:00:00,0.33,2.8,7.6,10.4,53.0,78.0,16.0,716.6,0.0,,2.5,0.681,29.88,7.2,107.0,NORTE
2024-07-02 10:00:00,0.96,12.5,17.0,29.5,17.0,76.0,,723.3,0.0,73.0,2.0,0.26,26.18,4.1,56.0,SURESTE
2024-07-02 11:00:00,0.85,11.6,21.4,33.2,24.0,80.0,19.26,711.9,0.0,65.0,2.5,0.648,26.1,7.0,348.0,CENTRO
2024-07-02 11:00:00,0.29,2.7,5.2,7.9,41.0,63.0,12.0,716.4,0.0,,2.2,0.696,30.57,10.5,137.0,NORTE
2024-07-02 11:00:00,0.92,7.8,15.8,23.5,32.0,69.0,,723.2,0.0,69.0,1.9,0.395,27.14,8.3,67.0,SURESTE
2024-07-02 12:00:00,0.67,5.9,17.6,23.8,49.0,82.0,26.32,711.7,0.0,58.0,2.4,1.106,27.78,9.1,56.0,CENTRO
2024-07-02 12:00:00,0.24,2.7,3.4,6.0,32.0,40.0,10.0,715.9,0.0,,2.0,0.734,31.73,12.4,141.0,NORTE
2024-07-02 12:00:00,0.85,3.7,9.3,12.9,44.0,61.0,,723.1,0.0,66.0,1.9,0.482,28.2,11.2,90.0,SURESTE
2024-07-02 13:00:00,0.52,2.8,9.4,12.4,57.0,74.0,19.25,711.5,0.0,56.0,2.4,1.041,28.62,10.8,53.0,CENTRO
2024-07-02 13:00:00,0.24,2.8,3.6,6.4,30.0,47.0,10.0,715.4,0.0,,2.0,0.674,32.52,12.7,142.0,NORTE
2024-07-02 13:00:00,0.78,3.9,5.2,9.1,29.0,62.0,,722.5,0.0,59.0,1.9,0.586,29.75,19.3,105.0,SURESTE
2024-07-02 14:00:00,0.42,2.9,4.8,8.0,32.0,58.0,17.41,711.1,0.0,47.0,2.4,1.216,30.45,12.6,122.0,CENTRO
2024-07-02 14:00:00,0.23,2.8,2.8,5.7,27.0,42.0,,715.0,0.0,,2.0,0.652,33.13,13.2,147.0,NORTE
2024-07-02 14:00:00,0.75,4.1,4.4,8.5,24.0,53.0,,722.2,0.0,55.0,1.7,0.583,30.98,17.4,116.0,SURESTE
2024-07-02 15:00:00,0.42,3.0,4.1,7.4,28.0,45.0,20.03,710.7,0.0,45.0,2.4,1.149,31.3,12.7,107.0,CENTRO
2024-07-02 15:00:00,0.23,2.9,3.0,5.9,26.0,33.0,,714.5,0.0,,2.0,0.507,33.06,14.4,142.0,NORTE
2024-07-02 15:00:00,0.72,4.1,4.4,8.5,23.0,48.0,,721.7,0.0,50.0,1.8,0.517,31.87,18.3,123.0,SURESTE
2024-07-02 16:00:00,0.41,3.0,4.6,7.8,28.0,45.0,19.32,710.3,0.0,44.0,2.4,0.952,31.58,13.5,107.0,CENTRO
2024-07-02 16:00:00,0.23,3.1,3.1,6.2,24.0,41.0,,714.2,0.0,,2.2,0.303,32.7,15.5,142.0,NORTE
2024-07-02 16:00:00,0.72,4.0,4.5,,23.0,46.0,,721.4,0.0,48.0,1.8,0.418,32.16,17.5,126.0,SURESTE
2024-07-02 17:00:00,0.41,3.2,4.5,8.0,26.0,44.0,17.19,709.9,0.0,44.0,2.4,0.728,31.6,15.2,101.0,CENTRO
2024-07-02 17:00:00,0.2,2.6,3.4,6.1,22.0,40.0,,714.1,0.0,,2.2,0.159,32.33,15.2,149.0,NORTE
2024-07-02 17:00:00,0.71,3.9,4.4,8.3,23.0,44.0,,720.9,0.0,47.0,1.8,0.348,32.46,17.3,125.0,SURESTE
2024-07-02 18:00:00,0.4,3.2,4.7,8.2,26.0,44.0,19.64,709.6,0.0,44.0,2.3,0.394,31.25,17.4,103.0,CENTRO
2024-07-02 18:00:00,0.28,2.5,5.6,8.1,20.0,40.0,,714.5,0.0,,2.1,0.018,31.05,13.6,148.0,NORTE
2024-07-02 18:00:00,0.71,3.9,4.6,8.5,22.0,37.0,,720.6,0.0,50.0,1.7,0.217,31.97,16.7,130.0,SURESTE
2024-07-02 19:00:00,0.4,2.9,5.9,9.1,24.0,43.0,17.84,709.6,0.0,44.0,2.3,0.095,30.77,15.9,103.0,CENTRO
2024-07-02 19:00:00,0.33,3.0,10.3,13.4,10.0,39.0,14.0,714.8,0.0,,2.2,0.0,29.65,13.8,128.0,NORTE
2024-07-02 19:00:00,0.69,3.5,4.9,8.5,22.0,45.0,,720.6,0.0,49.0,1.7,0.09,31.5,15.9,138.0,SURESTE
2024-07-02 20:00:00,0.43,2.2,7.1,9.6,21.0,42.0,20.81,710.0,0.0,51.0,2.4,0.012,29.45,13.4,117.0,CENTRO
2024-07-02 20:00:00,0.27,2.4,6.1,8.5,12.0,53.0,13.0,715.3,0.0,,2.0,0.0,28.09,17.3,131.0,NORTE
2024-07-02 20:00:00,0.73,3.4,6.7,10.1,20.0,34.0,,720.8,0.0,50.0,1.7,0.008,30.68,12.8,130.0,SURESTE
2024-07-02 21:00:00,0.42,2.2,7.5,9.9,18.0,49.0,12.79,710.2,0.0,56.0,2.5,0.0,28.48,11.2,119.0,CENTRO
2024-07-02 21:00:00,0.25,2.2,4.0,6.3,12.0,45.0,14.0,715.7,0.0,,2.1,0.0,26.95,17.9,129.0,NORTE
2024-07-02 21:00:00,0.84,3.8,9.9,13.6,16.0,42.0,,721.1,0.0,58.0,1.7,0.0,29.63,14.4,99.0,SURESTE
2024-07-02 22:00:00,0.43,2.6,7.5,10.4,15.0,57.0,,710.4,0.0,63.0,2.3,0.0,27.54,12.4,69.0,CENTRO
2024-07-02 22:00:00,0.24,2.1,4.8,7.0,10.0,72.0,13.0,715.8,0.0,,2.0,0.0,26.34,13.8,125.0,NORTE
2024-07-02 22:00:00,0.7,3.1,4.1,7.3,15.0,53.0,,721.6,0.0,72.0,1.7,0.0,27.86,18.5,119.0,SURESTE
2024-07-02 23:00:00,0.41,2.2,5.6,8.0,12.0,68.0,11.55,710.8,0.0,72.0,2.4,0.0,26.37,11.2,82.0,CENTRO
2024-07-02 23:00:00,0.25,2.0,5.1,7.1,8.0,58.0,14.0,715.6,0.0,,2.0,0.0,25.94,11.4,127.0,NORTE
2024-07-02 23:00:00,0.69,2.7,3.8,6.5,12.0,54.0,,722.0,0.0,79.0,1.7,0.0,26.8,18.0,114.0,SURESTE
2024-07-03 00:00:00,0.4,2.2,5.2,7.7,11.0,71.0,12.14,710.9,0.0,76.0,2.3,0.0,25.64,10.3,70.0,CENTRO
2024-07-03 00:00:00,0.21,1.8,4.2,6.1,9.0,73.0,13.0,715.2,0.0,,2.0,0.0,25.46,10.1,125.0,NORTE
2024-07-03 00:00:00,0.67,2.4,3.1,5.5,11.0,56.0,,721.8,0.0,82.0,1.7,0.0,26.14,19.3,101.0,SURESTE
2024-07-03 01:00:00,0.38,1.9,4.4,6.5,12.0,73.0,13.15,710.8,0.0,75.0,2.3,0.0,25.66,9.8,68.0,CENTRO
2024-07-03 01:00:00,0.21,1.7,3.9,5.6,10.0,51.0,12.0,715.1,0.0,,2.0,0.0,25.15,9.3,125.0,NORTE
2024-07-03 01:00:00,0.66,2.1,3.0,5.1,11.0,47.0,7.74,721.7,0.0,83.0,1.7,0.0,25.78,18.2,93.0,SURESTE
2024-07-03 02:00:00,0.38,1.8,4.5,6.5,10.0,71.0,14.39,710.5,0.0,79.0,2.4,0.0,24.84,9.2,37.0,CENTRO
2024-07-03 02:00:00,0.2,1.7,3.5,5.2,11.0,49.0,12.0,715.0,0.0,,1.9,0.0,24.84,8.4,117.0,NORTE
2024-07-03 02:00:00,0.63,2.1,2.5,4.5,13.0,51.0,7.71,721.4,0.0,82.0,,0.0,25.28,15.6,103.0,SURESTE
2024-07-03 03:00:00,0.36,1.8,3.9,5.9,12.0,63.0,18.64,710.4,0.0,79.0,2.4,0.0,24.34,7.5,44.0,CENTRO
2024-07-03 03:00:00,0.19,1.8,4.6,6.4,9.0,44.0,11.0,715.0,0.0,,1.9,0.0,24.63,7.6,111.0,NORTE
2024-07-03 03:00:00,0.62,,2.2,4.2,14.0,47.0,7.92,721.2,0.0,82.0,1.6,0.0,24.77,12.9,106.0,SURESTE
2024-07-03 04:00:00,0.35,,3.6,5.6,13.0,51.0,16.76,710.3,0.0,80.0,2.4,0.0,23.81,5.8,41.0,CENTRO
2024-07-03 04:00:00,0.21,2.5,6.1,8.6,7.0,53.0,12.0,715.3,0.0,,2.1,0.0,24.46,6.5,108.0,NORTE
2024-07-03 04:00:00,0.61,,2.0,4.1,14.0,43.0,7.96,721.2,0.0,83.0,1.7,0.0,24.47,12.2,97.0,SURESTE
2024-07-03 05:00:00,0.38,,3.2,5.2,12.0,50.0,16.91,710.4,0.0,81.0,2.4,0.0,23.49,6.0,33.0,CENTRO
2024-07-03 05:00:00,0.26,4.6,7.5,12.1,5.0,60.0,14.0,715.7,0.0,,2.2,0.0,24.43,6.0,90.0,NORTE
2024-07-03 05:00:00,0.62,,2.4,4.4,13.0,37.0,8.01,721.2,0.0,83.0,1.6,0.0,24.21,10.1,110.0,SURESTE
2024-07-03 06:00:00,0.36,8.3,11.0,19.6,5.0,57.0,16.61,710.6,0.0,80.0,2.3,0.001,23.48,5.3,38.0,CENTRO
2024-07-03 06:00:00,0.32,7.4,8.0,15.4,5.0,56.0,16.0,716.0,0.0,,2.3,0.0,24.63,5.7,79.0,NORTE
2024-07-03 06:00:00,0.64,2.2,4.1,6.3,11.0,40.0,8.01,721.6,0.0,83.0,1.6,0.001,24.18,8.5,86.0,SURESTE
2024-07-03 07:00:00,0.45,11.6,12.3,24.2,5.0,69.0,21.66,710.9,0.0,80.0,2.4,0.036,23.65,2.8,50.0,CENTRO
2024-07-03 07:00:00,0.38,8.6,8.8,17.4,6.0,72.0,18.0,716.2,0.0,,2.3,0.0,25.09,5.4,85.0,NORTE
2024-07-03 07:00:00,0.74,7.0,9.6,16.5,5.0,46.0,8.34,721.9,0.0,85.0,1.7,0.035,24.22,6.5,73.0,SURESTE
2024-07-03 08:00:00,0.56,17.7,12.7,30.7,6.0,70.0,36.28,711.2,0.0,76.0,2.4,0.176,24.55,3.9,43.0,CENTRO
2024-07-03 08:00:00,0.35,7.7,9.0,16.7,10.0,87.0,21.0,716.3,0.0,,2.1,0.0,26.31,4.4,102.0,NORTE
2024-07-03 08:00:00,0.8,11.1,10.0,21.0,8.0,54.0,8.34,722.2,0.0,82.0,1.8,0.151,25.36,5.0,59.0,SURESTE
2024-07-03 09:00:00,0.7,18.9,13.7,32.9,10.0,73.0,42.21,711.4,0.0,72.0,2.4,0.522,25.66,6.8,43.0,CENTRO
2024-07-03 09:00:00,0.38,5.7,8.4,14.1,20.0,82.0,20.0,716.5,0.0,,2.0,0.0,27.93,5.5,136.0,NORTE
2024-07-03 09:00:00,0.85,11.4,11.6,22.9,13.0,57.0,8.63,722.5,0.0,75.0,1.8,0.264,26.54,7.5,74.0,SURESTE
2024-07-03 10:00:00,0.72,19.6,17.9,37.8,14.0,85.0,43.66,711.5,0.0,68.0,2.6,0.589,26.53,8.8,46.0,CENTRO
2024-07-03 10:00:00,0.36,3.6,8.0,11.6,38.0,66.0,19.0,716.4,0.0,,1.8,0.0,29.86,5.6,128.0,NORTE
2024-07-03 10:00:00,0.87,10.0,12.8,22.7,17.0,63.0,8.63,722.7,0.0,73.0,1.9,0.306,26.97,8.7,97.0,SURESTE
2024-07-03 11:00:00,0.69,12.9,17.9,31.0,21.0,97.0,,711.7,0.0,65.0,2.4,0.684,26.96,11.0,59.0,CENTRO
2024-07-03 11:00:00,0.33,3.1,8.5,11.6,50.0,72.0,20.0,716.0,0.0,,2.4,0.0,30.45,6.2,100.0,NORTE
2024-07-03 11:00:00,0.84,6.9,12.7,19.4,25.0,65.0,15.65,722.9,0.0,70.0,1.9,0.304,27.49,10.6,80.0,SURESTE
2024-07-03 12:00:00,0.6,8.3,17.1,25.7,36.0,87.0,38.09,711.6,0.0,60.0,2.4,1.003,28.41,10.1,47.0,CENTRO
2024-07-03 12:00:00,0.31,2.2,7.5,9.7,67.0,63.0,22.0,715.6,0.0,,3.4,0.0,31.34,6.9,98.0,NORTE
2024-07-03 12:00:00,0.84,3.8,9.7,13.4,48.0,72.0,15.64,722.7,0.0,63.0,2.1,0.565,29.07,12.3,76.0,SURESTE
2024-07-03 13:00:00,0.56,4.5,14.8,19.5,58.0,92.0,38.35,711.3,0.0,57.0,2.4,1.029,29.11,10.4,34.0,CENTRO
2024-07-03 13:00:00,0.26,2.5,5.1,7.5,47.0,59.0,13.0,715.1,0.0,,3.3,0.0,32.22,11.7,123.0,NORTE
2024-07-03 13:00:00,0.78,2.7,9.1,11.7,55.0,72.0,15.63,722.4,0.0,60.0,2.7,0.513,29.89,11.4,77.0,SURESTE
2024-07-03 14:00:00,0.54,2.8,11.0,14.0,71.0,88.0,37.17,710.8,0.0,53.0,2.4,0.918,30.08,12.2,54.0,CENTRO
2024-07-03 14:00:00,0.25,2.6,3.8,6.4,36.0,49.0,9.0,714.6,0.0,,2.7,0.0,33.03,13.2,131.0,NORTE
2024-07-03 14:00:00,0.77,2.9,6.4,9.2,44.0,65.0,15.56,721.9,0.0,57.0,2.5,0.586,31.01,16.5,90.0,SURESTE
2024-07-03 15:00:00,0.45,2.7,6.4,9.3,41.0,66.0,26.78,710.4,0.0,50.0,2.4,0.837,30.92,13.4,80.0,CENTRO
2024-07-03 15:00:00,0.25,2.6,3.6,6.2,33.0,41.0,7.0,714.2,0.0,,2.6,0.0,33.42,13.4,140.0,NORTE
2024-07-03 15:00:00,0.74,3.4,5.1,8.5,32.0,55.0,18.66,721.6,0.0,52.0,2.3,0.534,31.77,17.2,112.0,SURESTE
2024-07-03 16:00:00,0.41,2.8,5.2,8.2,33.0,48.0,17.0,710.0,0.0,45.0,2.3,0.878,31.66,13.3,102.0,CENTRO
2024-07-03 16:00:00,0.22,2.7,3.8,6.4,33.0,25.0,7.0,713.9,0.0,,2.6,0.0,33.47,14.1,138.0,NORTE
2024-07-03 16:00:00,0.73,3.5,4.8,8.3,28.0,43.0,18.85,721.0,0.0,49.0,2.2,0.326,32.35,16.3,116.0,SURESTE
2024-07-03 17:00:00,0.45,3.3,6.8,10.4,29.0,43.0,13.87,709.7,0.0,42.0,2.4,0.731,32.38,13.0,99.0,CENTRO
2024-07-03 17:00:00,0.22,2.8,5.1,7.8,32.0,33.0,,713.9,0.0,,2.4,0.0,32.98,14.9,148.0,NORTE
2024-07-03 17:00:00,0.7,3.5,4.8,8.3,28.0,32.0,26.78,720.7,0.0,44.0,2.0,0.32,33.05,15.8,124.0,SURESTE
2024-07-03 18:00:00,0.43,3.1,7.8,11.2,29.0,38.0,11.53,709.4,0.0,41.0,2.5,0.389,32.26,13.2,101.0,CENTRO
2024-07-03 18:00:00,0.24,2.4,4.9,7.4,30.0,29.0,,714.0,0.0,,2.3,0.0,31.83,12.8,151.0,NORTE
2024-07-03 18:00:00,0.69,3.2,5.0,,29.0,28.0,26.85,720.4,0.0,44.0,2.2,0.215,32.99,15.3,136.0,SURESTE
2024-07-03 19:00:00,0.41,2.5,9.1,11.9,31.0,39.0,10.72,709.5,0.0,41.0,2.4,0.099,31.66,15.2,109.0,CENTRO
2024-07-03 19:00:00,0.29,2.3,8.0,10.3,18.0,30.0,12.0,714.4,0.0,,2.2,0.0,29.79,17.3,130.0,NORTE
2024-07-03 19:00:00,0.7,3.1,6.5,9.6,30.0,27.0,22.69,720.4,0.0,45.0,2.2,0.075,32.26,14.8,140.0,SURESTE
2024-07-03 20:00:00,0.42,2.0,6.3,8.5,30.0,34.0,10.94,709.6,0.0,47.0,2.5,0.012,30.15,14.1,126.0,CENTRO
2024-07-03 20:00:00,0.28,2.2,7.0,9.2,15.0,43.0,13.0,714.9,0.0,,2.2,0.0,28.14,16.3,133.0,NORTE
2024-07-03 20:00:00,0.69,2.6,6.6,9.1,29.0,29.0,22.71,720.5,0.0,48.0,2.2,0.008,31.38,12.2,130.0,SURESTE
2024-07-03 21:00:00,0.45,2.2,9.3,11.8,24.0,42.0,13.24,709.8,0.0,52.0,2.4,0.0,29.13,11.8,119.0,CENTRO
2024-07-03 21:00:00,0.26,2.1,5.6,7.8,15.0,36.0,13.0,715.5,0.0,,2.1,0.0,27.24,12.8,126.0,NORTE
2024-07-03 21:00:00,0.76,3.0,8.3,11.2,24.0,21.0,20.43,720.7,0.0,56.0,2.1,0.0,30.02,16.0,110.0,SURESTE
2024-07-03 22:00:00,0.42,2.1,6.9,9.2,21.0,43.0,17.99,710.1,0.0,64.0,2.4,0.0,27.66,13.7,73.0,CENTRO
2024-07-03 22:00:00,0.26,2.1,5.6,7.8,13.0,32.0,21.0,715.6,0.0,,2.3,0.0,26.66,12.5,116.0,NORTE
2024-07-03 22:00:00,0.69,2.7,4.3,7.1,20.0,36.0,20.43,721.3,0.0,71.0,2.2,0.0,28.01,16.4,123.0,SURESTE
2024-07-03 23:00:00,0.41,2.0,6.5,8.7,19.0,46.0,21.06,710.6,0.0,66.0,2.4,0.0,27.02,10.5,82.0,CENTRO
2024-07-03 23:00:00,0.27,,6.1,8.2,12.0,58.0,14.0,715.5,0.0,,2.4,0.0,26.18,9.5,119.0,NORTE
2024-07-03 23:00:00,0.68,2.3,3.8,6.1,19.0,35.0,11.23,721.6,0.0,74.0,2.1,0.0,27.29,18.2,97.0,SURESTE
2024-07-04 00:00:00,0.4,1.8,6.0,8.0,19.0,39.0,20.75,710.7,0.0,68.0,2.4,0.0,26.4,7.9,78.0,CENTRO
2024-07-04 00:00:00,0.24,1.8,5.2,7.0,13.0,52.0,12.0,715.2,0.0,,2.2,0.0,25.82,8.5,118.0,NORTE
2024-07-04 00:00:00,0.65,2.1,2.7,4.7,18.0,32.0,13.46,721.6,0.0,78.0,2.0,0.0,26.53,20.8,94.0,SURESTE
2024-07-04 01:00:00,0.44,2.0,7.0,9.2,14.0,49.0,23.69,710.6,0.0,74.0,2.3,0.0,25.68,7.6,37.0,CENTRO
2024-07-04 01:00:00,0.22,1.8,5.3,7.1,12.0,45.0,11.0,715.0,0.0,,2.2,0.0,25.32,9.3,98.0,NORTE
2024-07-04 01:00:00,0.65,1.9,2.7,4.6,17.0,31.0,12.75,721.5,0.0,81.0,2.0,0.0,25.97,15.0,107.0,SURESTE
2024-07-04 02:00:00,0.39,2.1,7.1,9.4,13.0,47.0,24.55,710.5,0.0,77.0,2.4,0.0,25.28,7.4,40.0,CENTRO
2024-07-04 02:00:00,0.22,2.2,7.8,10.0,7.0,28.0,12.0,715.0,0.0,,2.3,0.0,24.79,7.3,74.0,NORTE
2024-07-04 02:00:00,0.64,1.9,2.7,4.6,17.0,23.0,12.37,721.4,0.0,82.0,1.9,0.0,25.67,12.0,114.0,SURESTE
2024-07-04 03:00:00,0.37,1.8,4.0,5.9,16.0,41.0,21.87,710.3,0.0,78.0,2.3,0.0,24.79,7.0,42.0,CENTRO
2024-07-04 03:00:00,0.22,2.0,6.1,8.1,9.0,47.0,12.0,715.1,0.0,,2.1,0.0,24.63,6.3,100.0,NORTE
2024-07-04 03:00:00,0.63,1.9,2.5,4.3,17.0,30.0,11.69,721.3,0.0,82.0,1.9,0.0,25.24,11.2,102.0,SURESTE
2024-07-04 04:00:00,0.41,2.1,5.9,8.3,13.0,48.0,20.97,710.4,0.0,80.0,2.3,0.0,24.31,6.3,51.0,CENTRO
2024-07-04 04:00:00,0.23,2.3,7.6,9.9,7.0,46.0,13.0,715.2,0.0,,2.0,0.0,24.36,6.2,81.0,NORTE
2024-07-04 04:00:00,0.63,1.9,2.7,4.6,16.0,28.0,11.85,721.3,0.0,83.0,1.7,0.0,25.03,8.7,105.0,SURESTE
2024-07-04 05:00:00,0.38,2.4,7.8,10.4,11.0,49.0,22.21,710.4,0.0,81.0,2.4,0.0,24.11,6.1,60.0,CENTRO
2024-07-04 05:00:00,0.28,3.2,8.2,11.4,7.0,56.0,14.0,715.5,0.0,,1.9,0.0,24.34,6.4,89.0,NORTE
2024-07-04 05:00:00,0.65,2.0,5.7,7.7,11.0,30.0,12.9,721.4,0.0,85.0,1.6,0.0,24.74,8.5,61.0,SURESTE
2024-07-04 06:00:00,0.41,3.7,12.0,15.9,6.0,54.0,25.36,710.6,0.0,81.0,2.4,0.0,23.98,6.8,69.0,CENTRO
2024-07-04 06:00:00,0.36,6.7,9.9,16.6,5.0,60.0,14.0,715.8,0.0,,1.9,0.0,24.41,6.6,99.0,NORTE
2024-07-04 06:00:00,0.66,2.1,7.2,9.2,10.0,38.0,13.3,721.6,0.0,85.0,1.7,0.001,24.5,9.1,81.0,SURESTE
2024-07-04 07:00:00,0.46,6.6,13.0,19.8,5.0,60.0,27.73,710.8,0.0,81.0,2.3,0.016,24.07,5.4,62.0,CENTRO
2024-07-04 07:00:00,0.37,9.0,10.2,19.2,7.0,67.0,,715.9,0.0,,1.8,0.0,24.89,4.9,115.0,NORTE
2024-07-04 07:00:00,0.73,3.3,9.8,13.1,7.0,36.0,13.85,721.7,0.0,86.0,1.7,0.011,24.39,8.9,84.0,SURESTE
2024-07-04 08:00:00,0.59,13.0,13.4,26.7,6.0,61.0,27.72,711.0,0.0,81.0,2.5,0.081,24.08,7.1,71.0,CENTRO
2024-07-04 08:00:00,0.4,9.7,10.4,20.1,11.0,60.0,15.0,715.9,0.0,,2.4,0.0,26.7,3.3,117.0,NORTE
2024-07-04 08:00:00,0.78,6.6,8.9,15.4,7.0,43.0,14.38,722.1,0.0,85.0,1.7,0.061,24.57,8.7,106.0,SURESTE
2024-07-04 09:00:00,0.7,23.0,15.1,38.4,6.0,72.0,29.0,711.1,0.0,77.0,2.5,0.185,24.67,5.9,53.0,CENTRO
2024-07-04 09:00:00,0.48,9.5,11.6,21.1,20.0,54.0,20.0,715.7,0.0,,2.2,0.0,29.02,3.4,128.0,NORTE
2024-07-04 09:00:00,0.8,7.8,7.6,15.4,11.0,45.0,21.27,722.1,0.0,82.0,2.0,0.209,25.38,9.3,92.0,SURESTE
2024-07-04 10:00:00,0.74,22.1,19.1,41.5,11.0,76.0,36.0,711.1,0.0,71.0,2.5,0.458,26.16,7.0,36.0,CENTRO
2024-07-04 10:00:00,0.52,4.9,12.2,17.2,43.0,73.0,25.0,715.5,0.0,,2.5,0.0,30.91,4.4,131.0,NORTE
2024-07-04 10:00:00,0.8,5.9,7.6,13.4,18.0,63.0,22.16,722.1,0.0,77.0,1.9,0.306,26.45,9.4,109.0,SURESTE
2024-07-04 11:00:00,0.76,15.3,23.0,38.5,19.0,98.0,40.0,711.0,0.0,66.0,2.5,0.547,27.2,6.5,45.0,CENTRO
2024-07-04 11:00:00,0.39,2.7,9.6,12.3,67.0,79.0,24.0,715.4,0.0,,2.5,0.0,31.53,6.3,144.0,NORTE
2024-07-04 11:00:00,0.86,4.8,11.4,16.1,37.0,61.0,22.37,722.1,0.0,70.0,2.1,0.424,28.03,8.0,111.0,SURESTE
2024-07-04 12:00:00,0.76,10.0,25.7,35.9,40.0,103.0,40.0,710.8,0.0,61.0,2.5,0.97,28.57,7.7,32.0,CENTRO
2024-07-04 12:00:00,0.33,2.5,8.4,10.9,74.0,68.0,22.0,715.0,0.0,,2.6,0.0,32.13,8.8,129.0,NORTE
2024-07-04 12:00:00,0.86,3.7,10.1,13.7,46.0,58.0,24.72,722.1,0.0,66.0,1.8,0.522,29.18,10.4,126.0,SURESTE
2024-07-04 13:00:00,0.62,3.4,15.8,19.4,78.0,110.0,,710.7,0.0,58.0,2.4,1.143,29.31,11.5,55.0,CENTRO
2024-07-04 13:00:00,0.33,2.4,8.2,10.6,78.0,60.0,22.0,714.3,0.0,,2.5,0.0,32.43,7.9,118.0,NORTE
2024-07-04 13:00:00,0.84,2.7,8.7,11.4,59.0,63.0,25.79,721.8,0.0,63.0,1.7,0.576,30.02,14.1,122.0,SURESTE
2024-07-04 14:00:00,0.57,2.6,12.2,15.0,83.0,89.0,,710.3,0.0,55.0,2.5,1.13,30.3,12.3,49.0,CENTRO
2024-07-04 14:00:00,0.35,2.0,7.9,9.9,90.0,54.0,32.0,713.7,0.0,,4.1,0.0,33.17,9.1,115.0,NORTE
2024-07-04 14:00:00,0.81,2.8,7.1,9.8,55.0,71.0,23.77,721.4,0.0,62.0,1.7,0.552,30.62,16.7,107.0,SURESTE
2024-07-04 15:00:00,0.55,2.4,9.3,11.9,75.0,72.0,,709.7,0.0,54.0,2.4,1.077,31.13,12.3,52.0,CENTRO
2024-07-04 15:00:00,0.3,2.2,5.5,7.7,58.0,74.0,18.0,713.2,0.0,,3.3,0.0,32.81,10.8,121.0,NORTE
2024-07-04 15:00:00,0.85,2.8,7.2,9.9,58.0,63.0,23.89,720.6,0.0,59.0,1.8,0.509,31.56,17.8,102.0,SURESTE
2024-07-04 16:00:00,0.53,2.6,9.6,12.4,70.0,63.0,,709.1,0.0,52.0,2.3,0.935,31.78,12.3,54.0,CENTRO
2024-07-04 16:00:00,0.3,2.6,5.2,7.8,47.0,41.0,13.0,712.8,0.0,,2.7,0.0,32.67,11.9,143.0,NORTE
2024-07-04 16:00:00,0.79,2.7,5.9,8.7,51.0,67.0,17.98,720.0,0.0,56.0,1.9,0.434,32.15,18.1,110.0,SURESTE
2024-07-04 17:00:00,0.52,2.7,8.8,11.8,52.0,57.0,34.78,708.6,0.0,51.0,2.3,0.444,31.88,12.7,60.0,CENTRO
2024-07-04 17:00:00,0.29,2.4,5.4,7.8,33.0,32.0,11.0,712.8,0.0,,2.5,0.0,31.98,12.2,142.0,NORTE
2024-07-04 17:00:00,0.78,3.2,5.9,9.1,40.0,43.0,13.67,719.5,0.0,54.0,1.9,0.328,32.47,18.1,114.0,SURESTE
2024-07-04 18:00:00,0.45,2.4,6.5,9.1,45.0,53.0,25.35,708.4,0.0,50.0,2.3,0.348,31.79,13.5,109.0,CENTRO
2024-07-04 18:00:00,0.31,2.2,6.2,8.4,28.0,27.0,10.0,713.0,0.0,,2.3,0.0,31.27,12.5,139.0,NORTE
2024-07-04 18:00:00,0.75,3.0,5.8,8.8,39.0,33.0,12.14,719.2,0.0,53.0,1.9,0.202,32.43,17.2,120.0,SURESTE
2024-07-04 19:00:00,0.44,2.2,6.9,9.3,39.0,44.0,20.56,708.4,0.0,50.0,2.4,0.097,31.29,13.3,112.0,CENTRO
2024-07-04 19:00:00,0.35,2.5,8.1,10.6,22.0,26.0,10.0,713.3,0.0,,2.4,0.0,30.84,12.6,142.0,NORTE
2024-07-04 19:00:00,0.73,2.8,5.7,8.5,32.0,31.0,9.8,719.2,0.0,55.0,1.9,0.043,31.76,16.2,125.0,SURESTE
2024-07-04 20:00:00,0.45,2.2,7.1,9.5,28.0,43.0,19.58,708.6,0.0,55.0,2.4,0.012,30.09,12.4,114.0,CENTRO
2024-07-04 20:00:00,0.35,2.5,8.2,10.7,20.0,21.0,11.0,713.6,0.0,,2.0,0.0,30.11,10.5,146.0,NORTE
2024-07-04 20:00:00,0.73,2.9,6.3,9.3,29.0,23.0,9.42,719.5,0.0,57.0,1.8,0.005,31.08,14.4,125.0,SURESTE
2024-07-04 21:00:00,0.46,1.9,8.3,10.4,23.0,40.0,15.52,708.8,0.0,57.0,2.3,0.0,29.46,8.7,122.0,CENTRO
2024-07-04 21:00:00,0.37,2.7,12.1,14.8,12.0,37.0,14.0,714.3,0.0,,2.2,0.0,28.88,11.5,125.0,NORTE
2024-07-04 21:00:00,0.67,2.7,4.9,7.6,28.0,27.0,9.15,719.5,0.0,53.0,1.8,0.0,30.92,15.7,127.0,SURESTE
2024-07-04 22:00:00,0.42,1.8,5.9,8.0,24.0,37.0,15.09,709.1,0.0,58.0,2.4,0.0,28.9,10.1,120.0,CENTRO
2024-07-04 22:00:00,0.3,2.5,11.1,13.6,8.0,55.0,15.0,714.8,0.0,,2.1,0.0,27.37,8.2,144.0,NORTE
2024-07-04 22:00:00,0.63,2.6,3.8,6.4,28.0,26.0,10.09,719.9,0.0,47.0,1.8,0.0,31.3,16.3,139.0,SURESTE
2024-07-04 23:00:00,0.42,1.8,5.8,7.8,23.0,37.0,16.14,709.7,0.0,60.0,2.5,0.0,28.24,10.1,111.0,CENTRO
2024-07-04 23:00:00,0.26,1.8,6.4,8.2,12.0,51.0,17.0,714.7,0.0,,2.2,0.0,26.88,7.7,141.0,NORTE
2024-07-04 23:00:00,0.72,2.5,6.9,9.4,21.0,43.0,12.25,720.4,0.0,60.0,1.7,0.0,29.33,19.0,104.0,SURESTE
2024-07-05 00:00:00,0.47,2.1,10.4,12.7,16.0,43.0,16.14,710.0,0.0,64.0,2.5,0.0,27.13,9.2,38.0,CENTRO
2024-07-05 00:00:00,0.27,1.9,7.2,9.1,10.0,55.0,19.0,714.5,0.0,,2.2,0.0,26.35,7.0,102.0,NORTE
2024-07-05 00:00:00,0.66,2.1,4.5,6.6,20.0,43.0,,720.7,0.0,68.0,1.8,0.0,27.6,17.2,100.0,SURESTE
2024-07-05 01:00:00,0.43,1.8,8.1,10.1,17.0,58.0,18.24,709.9,0.0,68.0,2.5,0.0,26.37,7.9,36.0,CENTRO
2024-07-05 01:00:00,0.26,2.0,9.4,11.5,6.0,59.0,20.0,714.3,0.0,,2.1,0.0,25.53,7.8,82.0,NORTE
2024-07-05 01:00:00,0.67,2.0,4.9,6.9,18.0,39.0,12.91,720.6,0.0,74.0,1.7,0.0,26.69,11.4,103.0,SURESTE
2024-07-05 02:00:00,0.42,2.8,10.6,13.6,12.0,58.0,22.0,709.8,0.0,73.0,2.3,0.0,25.64,7.2,30.0,CENTRO
2024-07-05 02:00:00,0.22,1.7,6.6,8.3,10.0,66.0,21.0,714.1,0.0,,2.1,0.0,25.12,8.8,121.0,NORTE
2024-07-05 02:00:00,0.65,1.9,3.4,5.3,18.0,41.0,14.85,720.6,0.0,77.0,1.7,0.0,26.12,11.5,103.0,SURESTE
2024-07-05 03:00:00,0.4,1.8,5.0,7.0,16.0,66.0,23.47,709.7,0.0,77.0,2.3,0.0,24.96,8.3,45.0,CENTRO
2024-07-05 03:00:00,0.21,1.8,5.3,7.2,12.0,69.0,22.0,714.2,0.0,,2.3,0.0,25.04,6.6,112.0,NORTE
2024-07-05 03:00:00,0.63,1.9,2.7,4.6,16.0,40.0,16.86,720.5,0.0,81.0,2.0,0.0,25.55,12.6,109.0,SURESTE
2024-07-05 04:00:00,0.39,2.9,8.2,11.3,10.0,62.0,28.99,709.5,0.0,80.0,2.4,0.0,24.43,7.9,49.0,CENTRO
2024-07-05 04:00:00,0.24,2.0,6.5,8.6,11.0,66.0,23.0,714.6,0.0,,2.2,0.0,24.91,5.8,104.0,NORTE
2024-07-05 04:00:00,0.63,2.0,2.9,4.9,15.0,56.0,19.99,720.2,0.0,83.0,1.9,0.0,25.03,11.4,107.0,SURESTE
2024-07-05 05:00:00,0.38,2.5,6.3,9.0,11.0,66.0,33.38,709.6,0.0,81.0,2.4,0.0,24.15,7.1,62.0,CENTRO
2024-07-05 05:00:00,0.26,3.0,9.1,12.1,7.0,53.0,23.0,714.8,0.0,,2.2,0.0,24.63,5.8,74.0,NORTE
2024-07-05 05:00:00,0.63,1.9,3.9,5.8,14.0,58.0,23.55,720.4,0.0,85.0,2.1,0.0,24.84,12.1,95.0,SURESTE
2024-07-05 06:00:00,0.38,2.5,9.0,11.7,9.0,62.0,38.02,709.9,0.0,81.0,2.3,0.0,24.16,4.0,48.0,CENTRO
2024-07-05 06:00:00,0.3,3.9,8.2,12.1,8.0,60.0,22.0,715.3,0.0,,2.1,0.0,24.51,6.0,79.0,NORTE
2024-07-05 06:00:00,0.65,2.1,5.5,7.6,12.0,65.0,23.98,720.6,0.0,85.0,2.1,0.0,24.8,8.9,93.0,SURESTE
2024-07-05 07:00:00,0.45,9.3,14.0,23.6,5.0,67.0,40.65,710.1,0.0,81.0,2.5,0.007,24.17,5.7,57.0,CENTRO
2024-07-05 07:00:00,0.34,6.4,8.4,14.8,10.0,59.0,25.0,715.4,0.0,,2.2,0.0,25.31,5.8,85.0,NORTE
2024-07-05 07:00:00,0.73,4.2,12.0,16.1,6.0,59.0,24.26,721.0,0.0,86.0,2.0,0.006,24.78,8.8,69.0,SURESTE
2024-07-05 08:00:00,0.53,9.8,14.2,24.3,6.0,68.0,43.01,710.6,0.0,81.0,2.5,0.034,24.26,6.2,62.0,CENTRO
2024-07-05 08:00:00,0.34,7.1,9.0,16.2,15.0,98.0,27.0,715.5,0.0,,2.2,0.0,27.23,6.3,73.0,NORTE
2024-07-05 08:00:00,0.77,4.8,10.6,15.3,8.0,64.0,24.54,721.5,0.0,85.0,1.9,0.036,24.9,8.4,71.0,SURESTE
2024-07-05 09:00:00,0.65,19.8,16.1,36.2,6.0,84.0,45.51,710.7,0.0,79.0,2.5,0.122,24.78,5.1,48.0,CENTRO
2024-07-05 09:00:00,0.34,5.2,8.8,14.0,21.0,88.0,27.0,715.6,0.0,,2.2,0.0,28.18,4.6,106.0,NORTE
2024-07-05 09:00:00,0.82,7.3,10.5,17.7,12.0,68.0,24.12,721.7,0.0,82.0,2.0,0.139,25.87,6.1,84.0,SURESTE
2024-07-05 10:00:00,0.7,19.4,17.8,37.5,10.0,91.0,44.2,710.8,0.0,72.0,2.5,0.412,26.3,7.8,51.0,CENTRO
2024-07-05 10:00:00,0.33,3.2,7.0,10.2,37.0,80.0,26.0,715.6,0.0,,2.3,0.0,30.41,4.6,118.0,NORTE
2024-07-05 10:00:00,0.81,8.1,10.6,18.6,19.0,65.0,24.49,721.9,0.0,76.0,2.0,0.349,27.25,9.3,74.0,SURESTE
2024-07-05 11:00:00,0.67,13.4,20.1,33.7,18.0,93.0,45.55,710.9,0.0,69.0,2.4,0.432,27.1,8.7,45.0,CENTRO
2024-07-05 11:00:00,0.29,2.3,6.3,8.6,52.0,78.0,25.0,715.4,0.0,,2.3,0.0,31.36,5.5,101.0,NORTE
2024-07-05 11:00:00,0.85,7.8,12.3,20.0,25.0,71.0,25.05,722.1,0.0,72.0,1.9,0.4,28.14,10.3,90.0,SURESTE
2024-07-05 12:00:00,0.63,8.2,20.0,28.5,32.0,89.0,48.02,710.9,0.0,64.0,2.4,0.614,28.19,8.9,39.0,CENTRO
2024-07-05 12:00:00,0.34,2.3,5.6,8.0,53.0,82.0,22.0,714.9,0.0,,2.4,0.0,31.42,6.8,128.0,NORTE
2024-07-05 12:00:00,0.93,5.1,12.6,17.5,42.0,74.0,25.66,722.1,0.0,67.0,2.0,0.495,29.43,9.8,110.0,SURESTE
2024-07-05 13:00:00,0.61,4.4,18.0,22.6,57.0,91.0,48.89,710.8,0.0,59.0,2.4,0.568,29.4,9.7,53.0,CENTRO
2024-07-05 13:00:00,0.32,2.4,5.8,8.2,57.0,54.0,20.0,714.4,0.0,,2.4,0.0,32.33,8.7,135.0,NORTE
2024-07-05 13:00:00,0.9,3.4,11.4,14.8,61.0,79.0,30.09,721.9,0.0,62.0,1.9,0.502,30.51,12.4,96.0,SURESTE
2024-07-05 14:00:00,0.58,2.6,11.6,14.4,73.0,90.0,48.04,710.4,0.0,57.0,2.4,0.654,29.81,11.5,72.0,CENTRO
2024-07-05 14:00:00,0.31,2.4,5.7,8.1,54.0,61.0,18.0,714.0,0.0,,2.4,0.0,32.4,8.9,138.0,NORTE
2024-07-05 14:00:00,0.84,2.8,9.5,12.2,61.0,74.0,28.82,721.5,0.0,62.0,1.9,0.35,30.55,12.6,122.0,SURESTE
2024-07-05 15:00:00,0.53,2.5,9.2,11.9,72.0,80.0,47.09,710.0,0.0,56.0,2.3,0.896,30.44,12.4,62.0,CENTRO
2024-07-05 15:00:00,0.31,2.7,5.9,8.6,46.0,47.0,17.0,713.7,0.0,,2.3,0.0,32.54,9.4,121.0,NORTE
2024-07-05 15:00:00,0.82,2.7,7.6,10.2,60.0,72.0,26.42,721.0,0.0,61.0,1.8,0.457,31.19,14.4,118.0,SURESTE
2024-07-05 16:00:00,0.52,2.4,8.1,10.8,70.0,72.0,42.1,709.6,0.0,54.0,2.3,0.927,31.1,11.9,56.0,CENTRO
2024-07-05 16:00:00,0.36,2.9,6.7,9.6,45.0,52.0,17.0,713.9,0.0,,2.2,0.0,32.56,10.0,103.0,NORTE
2024-07-05 16:00:00,0.75,2.7,7.0,9.6,61.0,75.0,31.31,720.6,0.0,58.0,2.0,0.419,31.85,13.4,125.0,SURESTE
2024-07-05 17:00:00,0.52,2.4,9.3,11.9,67.0,59.0,39.48,709.3,0.0,53.0,2.4,0.479,30.99,13.0,68.0,CENTRO
2024-07-05 17:00:00,0.35,2.6,9.2,11.8,42.0,44.0,24.0,714.0,0.0,,2.9,0.0,31.55,10.0,117.0,NORTE
2024-07-05 17:00:00,0.7,2.5,7.5,9.9,61.0,64.0,,720.2,0.0,58.0,2.2,0.213,31.62,13.5,126.0,SURESTE
2024-07-05 18:00:00,0.53,2.3,11.1,13.7,62.0,66.0,37.98,709.4,0.0,54.0,2.4,0.276,30.73,12.0,69.0,CENTRO
2024-07-05 18:00:00,0.43,2.2,8.8,11.0,42.0,52.0,24.0,714.1,0.0,,2.4,0.0,30.71,9.0,143.0,NORTE
2024-07-05 18:00:00,0.72,2.4,7.0,9.4,56.0,65.0,25.3,720.3,0.0,58.0,2.3,0.155,31.52,14.1,117.0,SURESTE
2024-07-05 19:00:00,0.53,2.0,10.0,12.2,56.0,67.0,39.73,709.5,0.0,56.0,2.4,0.076,30.04,10.6,96.0,CENTRO
2024-07-05 19:00:00,0.44,2.2,9.5,11.7,26.0,52.0,18.0,714.4,0.0,,2.3,0.0,30.39,9.2,136.0,NORTE
2024-07-05 19:00:00,0.72,2.3,8.2,10.4,55.0,62.0,23.18,720.5,0.0,59.0,2.4,0.022,30.73,13.2,129.0,SURESTE
2024-07-05 20:00:00,0.5,1.8,8.9,10.9,50.0,72.0,41.83,709.6,0.0,57.0,2.3,0.004,29.32,10.7,111.0,CENTRO
2024-07-05 20:00:00,0.66,5.9,19.8,25.7,7.0,80.0,23.0,714.8,0.0,,2.3,0.0,29.73,8.8,110.0,NORTE
2024-07-05 20:00:00,0.72,2.2,8.3,10.5,44.0,64.0,26.96,720.6,0.0,59.0,2.7,0.002,30.31,11.3,140.0,SURESTE
2024-07-05 21:00:00,0.5,1.8,9.7,11.8,36.0,65.0,42.9,709.9,0.0,59.0,2.3,0.0,28.83,9.3,108.0,CENTRO
2024-07-05 21:00:00,0.38,2.5,8.8,11.3,13.0,84.0,20.0,715.3,0.0,,2.3,0.0,28.53,13.6,134.0,NORTE
2024-07-05 21:00:00,0.73,2.3,8.2,10.4,40.0,55.0,23.8,720.7,0.0,57.0,2.5,0.0,30.29,9.0,114.0,SURESTE
2024-07-05 22:00:00,0.52,1.8,10.2,12.1,33.0,68.0,47.51,710.3,0.0,59.0,2.5,0.0,28.48,6.8,133.0,CENTRO
2024-07-05 22:00:00,0.31,2.0,5.0,7.1,15.0,67.0,16.0,715.8,0.0,,1.8,0.0,27.24,11.9,127.0,NORTE
2024-07-05 22:00:00,0.7,2.4,7.6,10.0,32.0,53.0,18.07,721.2,0.0,56.0,2.2,0.0,30.21,11.8,114.0,SURESTE
2024-07-05 23:00:00,0.49,1.9,8.7,10.8,25.0,53.0,36.79,710.6,0.0,63.0,2.4,0.0,27.83,8.1,67.0,CENTRO
2024-07-05 23:00:00,0.31,2.0,5.3,7.3,13.0,52.0,15.0,715.7,0.0,,2.1,0.0,26.63,9.7,116.0,NORTE
2024-07-05 23:00:00,0.68,2.4,4.4,6.7,22.0,49.0,17.15,721.7,0.0,71.0,2.0,0.0,28.15,17.2,102.0,SURESTE
2024-07-06 00:00:00,0.45,1.9,6.9,9.1,18.0,61.0,34.1,711.0,0.0,70.0,2.4,0.0,26.69,10.1,72.0,CENTRO
2024-07-06 00:00:00,0.28,1.9,5.8,7.7,12.0,61.0,15.0,715.5,0.0,,2.2,0.0,25.85,8.3,89.0,NORTE
2024-07-06 00:00:00,0.67,2.1,3.4,5.4,19.0,46.0,17.37,722.0,0.0,76.0,1.8,0.0,27.14,17.7,101.0,SURESTE
2024-07-06 01:00:00,0.44,1.8,6.3,8.3,15.0,73.0,31.46,710.9,0.0,75.0,2.4,0.0,25.93,8.1,57.0,CENTRO
2024-07-06 01:00:00,0.25,1.9,6.6,8.5,10.0,53.0,,715.4,0.0,,1.8,0.0,25.55,6.1,76.0,NORTE
2024-07-06 01:00:00,0.67,2.0,3.2,5.2,17.0,53.0,16.48,721.8,0.0,80.0,1.9,0.0,26.37,14.1,103.0,SURESTE
2024-07-06 02:00:00,0.45,2.1,7.3,9.6,12.0,73.0,30.31,710.7,0.0,79.0,2.5,0.0,25.18,8.2,50.0,CENTRO
2024-07-06 02:00:00,0.22,1.7,6.2,7.9,11.0,76.0,16.0,715.3,0.0,,1.8,0.0,25.4,6.3,93.0,NORTE
2024-07-06 02:00:00,0.67,1.9,4.0,5.9,15.0,50.0,16.46,721.7,0.0,82.0,1.8,0.0,25.92,10.1,71.0,SURESTE
2024-07-06 03:00:00,0.45,4.0,12.1,16.3,7.0,74.0,29.0,710.7,0.0,80.0,2.4,0.0,24.92,7.2,44.0,CENTRO
2024-07-06 03:00:00,0.21,1.8,6.1,7.9,11.0,67.0,16.0,715.6,0.0,,1.9,0.0,25.21,6.4,93.0,NORTE
2024-07-06 03:00:00,0.66,2.1,7.9,9.9,11.0,49.0,16.5,721.7,0.0,83.0,1.8,0.0,25.38,8.4,53.0,SURESTE
2024-07-06 04:00:00,0.51,4.7,13.3,18.2,7.0,85.0,28.87,710.6,0.0,79.0,2.5,0.0,24.71,8.0,46.0,CENTRO
2024-07-06 04:00:00,0.22,3.6,8.8,12.4,7.0,48.0,17.0,715.8,0.0,,2.1,0.0,24.79,5.6,57.0,NORTE
2024-07-06 04:00:00,0.66,2.1,9.4,11.3,9.0,57.0,,721.7,0.0,83.0,2.0,0.0,25.01,9.4,75.0,SURESTE
2024-07-06 05:00:00,0.43,12.2,14.1,26.5,5.0,92.0,30.88,710.9,0.0,80.0,2.5,0.0,24.33,4.9,52.0,CENTRO
2024-07-06 05:00:00,0.28,8.7,11.8,20.5,4.0,70.0,18.0,716.1,0.0,,2.2,0.0,24.78,4.0,48.0,NORTE
2024-07-06 05:00:00,0.67,2.0,5.6,7.7,12.0,61.0,,721.8,0.0,84.0,1.9,0.0,24.74,7.5,66.0,SURESTE
2024-07-06 06:00:00,0.45,9.0,15.1,24.3,4.0,88.0,35.83,711.0,0.0,81.0,2.6,0.001,24.15,4.1,42.0,CENTRO
2024-07-06 06:00:00,0.28,10.2,10.4,20.6,8.0,81.0,21.0,716.3,0.0,,2.3,0.0,26.46,3.9,5.0,NORTE
2024-07-06 06:00:00,0.66,2.1,7.3,9.4,10.0,61.0,,722.1,0.0,85.0,2.0,0.0,24.43,4.6,53.0,SURESTE
2024-07-06 07:00:00,0.41,11.9,13.8,25.9,5.0,45.0,32.71,711.3,0.0,80.0,2.5,0.042,24.21,3.0,64.0,CENTRO
2024-07-06 07:00:00,0.3,6.0,7.1,13.0,17.0,91.0,22.0,716.6,0.0,,2.4,0.0,28.55,3.8,10.0,NORTE
2024-07-06 07:00:00,0.73,5.3,12.4,17.6,7.0,60.0,,722.3,0.0,84.0,2.1,0.036,24.94,2.5,40.0,SURESTE
2024-07-06 08:00:00,0.27,11.8,12.8,24.9,9.0,,39.99,711.5,0.0,74.0,2.5,0.248,25.65,2.2,33.0,CENTRO
2024-07-06 08:00:00,0.36,7.8,9.1,16.9,26.0,84.0,27.0,716.5,0.0,,2.3,0.0,30.64,1.6,101.0,NORTE
2024-07-06 08:00:00,0.84,10.2,12.3,22.4,10.0,62.0,,722.6,0.0,77.0,2.2,0.151,26.71,4.0,296.0,SURESTE
2024-07-06 09:00:00,0.35,11.6,14.2,26.1,16.0,,,711.8,0.0,68.0,2.5,0.491,27.01,4.5,23.0,CENTRO
2024-07-06 09:00:00,0.36,4.5,9.5,14.0,37.0,121.0,28.0,716.6,0.0,,2.7,0.0,31.7,4.3,97.0,NORTE
2024-07-06 09:00:00,0.97,14.9,17.5,32.4,14.0,69.0,,723.1,0.0,70.0,2.2,0.265,28.49,4.6,327.0,SURESTE
2024-07-06 10:00:00,0.51,11.2,19.5,30.9,25.0,79.0,,711.7,0.0,62.0,2.4,0.701,28.17,5.8,1.0,CENTRO
2024-07-06 10:00:00,0.33,3.0,5.8,8.8,44.0,107.0,21.0,716.7,0.0,,3.0,0.0,33.04,6.9,122.0,NORTE
2024-07-06 10:00:00,1.07,9.6,19.6,29.3,31.0,88.0,,722.9,0.0,65.0,2.2,0.402,29.31,7.1,81.0,SURESTE
2024-07-06 11:00:00,0.51,8.5,22.7,31.4,41.0,96.0,,711.8,0.0,58.0,2.4,0.807,29.27,8.0,38.0,CENTRO
2024-07-06 11:00:00,0.28,2.8,5.6,8.5,46.0,72.0,20.0,716.5,0.0,,2.8,0.0,33.53,9.6,115.0,NORTE
2024-07-06 11:00:00,0.99,7.0,19.2,26.3,43.0,92.0,,723.1,0.0,61.0,2.2,0.495,30.3,10.3,71.0,SURESTE
2024-07-06 12:00:00,0.31,4.2,12.7,17.1,48.0,111.0,,711.8,0.0,48.0,2.5,1.068,30.59,11.8,58.0,CENTRO
2024-07-06 12:00:00,0.21,3.2,5.0,8.2,38.0,72.0,17.0,715.9,0.0,,2.9,0.0,34.43,12.3,127.0,NORTE
2024-07-06 12:00:00,0.9,4.3,11.5,15.7,48.0,102.0,,723.2,0.0,52.0,2.4,0.558,31.43,14.2,83.0,SURESTE
2024-07-06 13:00:00,0.25,3.0,10.2,13.4,54.0,83.0,,711.7,0.0,41.0,2.4,1.157,31.37,16.1,56.0,CENTRO
2024-07-06 13:00:00,0.25,3.4,5.0,8.4,35.0,64.0,16.0,715.2,0.0,,2.6,0.0,34.57,12.6,122.0,NORTE
2024-07-06 13:00:00,0.82,3.4,7.7,11.1,48.0,96.0,,723.1,0.0,44.0,3.4,0.578,32.52,14.5,100.0,SURESTE
2024-07-06 14:00:00,0.23,2.8,12.2,15.2,59.0,81.0,,711.3,0.0,36.0,2.4,1.152,32.03,17.0,71.0,CENTRO
2024-07-06 14:00:00,0.25,2.9,5.2,8.1,41.0,64.0,16.0,714.4,0.0,,4.2,0.0,34.95,11.5,130.0,NORTE
2024-07-06 14:00:00,0.79,3.1,9.4,12.5,56.0,99.0,,722.5,0.0,41.0,10.3,0.564,32.96,16.1,120.0,SURESTE
2024-07-06 15:00:00,0.19,2.8,16.0,19.0,43.0,94.0,,710.7,0.0,31.0,2.5,1.072,32.41,15.7,96.0,CENTRO
2024-07-06 15:00:00,0.23,3.0,5.2,8.3,39.0,63.0,,713.9,0.0,,6.3,0.0,34.41,12.9,126.0,NORTE
2024-07-06 15:00:00,0.76,3.7,5.4,9.0,30.0,116.0,,721.8,0.0,38.0,5.9,0.522,33.16,16.1,119.0,SURESTE
2024-07-06 16:00:00,0.17,2.9,5.2,8.3,33.0,72.0,,709.9,0.0,28.0,2.6,0.942,32.89,13.9,94.0,CENTRO
2024-07-06 16:00:00,0.19,2.9,4.7,7.6,30.0,64.0,,713.9,0.0,,4.2,0.0,33.8,12.7,127.0,NORTE
2024-07-06 16:00:00,0.69,4.1,5.3,9.4,27.0,72.0,,721.0,0.0,31.0,2.8,0.443,33.8,14.6,127.0,SURESTE
2024-07-06 17:00:00,0.18,3.2,5.3,8.8,31.0,60.0,,709.4,0.0,27.0,2.8,0.722,32.82,15.3,79.0,CENTRO
2024-07-06 17:00:00,0.21,2.8,5.7,8.6,28.0,57.0,,714.1,0.0,,3.7,0.0,32.96,11.8,130.0,NORTE
2024-07-06 17:00:00,0.72,4.3,5.8,10.1,28.0,65.0,,720.5,0.0,31.0,2.5,0.331,33.78,14.5,111.0,SURESTE
2024-07-06 18:00:00,0.19,3.2,5.8,9.2,30.0,60.0,,709.4,0.0,31.0,2.9,0.377,32.12,15.8,71.0,CENTRO
2024-07-06 18:00:00,0.25,2.3,6.6,8.9,24.0,53.0,,714.5,0.0,,3.3,0.0,31.41,12.9,134.0,NORTE
2024-07-06 18:00:00,0.71,3.8,5.1,9.0,26.0,68.0,,720.4,0.0,33.0,2.4,0.202,33.17,14.3,118.0,SURESTE
2024-07-06 19:00:00,0.15,2.7,6.2,9.2,26.0,67.0,,709.6,0.0,34.0,2.8,0.1,31.32,13.8,78.0,CENTRO
2024-07-06 19:00:00,0.35,2.2,9.1,11.3,20.0,52.0,17.0,714.8,0.0,,2.6,0.0,30.78,11.3,133.0,NORTE
2024-07-06 19:00:00,0.67,3.4,5.7,9.2,24.0,65.0,,720.6,0.0,38.0,2.1,0.081,32.06,13.9,148.0,SURESTE
2024-07-06 20:00:00,0.14,2.3,6.7,9.2,24.0,66.0,,710.1,0.0,38.0,2.9,0.013,30.04,12.4,87.0,CENTRO
2024-07-06 20:00:00,0.46,3.2,12.1,15.3,13.0,58.0,21.0,715.0,0.0,,2.4,0.0,30.4,7.1,152.0,NORTE
2024-07-06 20:00:00,0.71,3.3,7.5,10.8,21.0,63.0,,721.1,0.0,41.0,2.1,0.007,30.99,11.1,139.0,SURESTE
2024-07-06 21:00:00,0.16,2.0,7.7,9.9,21.0,66.0,,710.3,0.0,40.0,2.8,0.001,29.3,11.2,115.0,CENTRO
2024-07-06 21:00:00,0.46,3.2,14.5,17.6,9.0,64.0,20.0,715.4,0.0,,2.8,0.0,29.94,5.7,147.0,NORTE
2024-07-06 21:00:00,0.71,3.4,7.3,10.7,21.0,61.0,,721.3,0.0,42.0,2.6,0.0,30.36,11.6,140.0,SURESTE
2024-07-06 22:00:00,0.17,2.0,8.1,10.3,20.0,64.0,,710.4,0.0,41.0,2.8,0.001,28.67,10.0,116.0,CENTRO
2024-07-06 22:00:00,0.51,9.8,15.4,25.2,7.0,65.0,20.0,715.6,0.0,,2.9,0.0,29.47,3.0,101.0,NORTE
2024-07-06 22:00:00,0.66,3.1,6.2,9.3,21.0,62.0,,721.4,0.0,40.0,2.2,0.0,30.1,10.6,148.0,SURESTE
2024-07-06 23:00:00,0.18,1.8,8.2,10.3,19.0,65.0,,710.8,0.0,41.0,2.7,0.001,28.27,7.7,111.0,CENTRO
2024-07-06 23:00:00,0.73,36.1,21.0,57.1,3.0,81.0,31.0,715.2,0.0,,2.9,0.0,27.75,3.7,11.0,NORTE
2024-07-06 23:00:00,0.68,3.4,9.4,12.7,16.0,64.0,,721.8,0.0,40.0,1.9,0.0,29.78,6.5,158.0,SURESTE
2024-07-07 00:00:00,0.19,1.9,9.2,11.3,17.0,68.0,,711.0,0.0,41.0,2.7,0.001,28.09,5.8,106.0,CENTRO
2024-07-07 00:00:00,0.52,28.4,19.8,48.2,3.0,150.0,32.0,714.6,0.0,,2.7,0.0,26.71,3.4,3.0,NORTE
2024-07-07 01:00:00,0.2,1.9,9.7,11.8,14.0,66.0,,710.6,0.0,44.0,2.6,0.001,27.17,3.4,175.0,CENTRO
2024-07-07 01:00:00,0.45,21.7,17.3,39.0,3.0,157.0,28.0,714.1,0.0,,2.9,0.0,25.82,4.7,19.0,NORTE
2024-07-07 01:00:00,0.92,9.1,17.3,26.4,4.0,71.0,,721.5,0.0,56.0,2.0,0.0,26.59,1.8,285.0,SURESTE
2024-07-07 02:00:00,0.21,1.9,10.3,12.4,12.0,62.0,,709.9,0.0,49.0,2.7,0.001,26.19,3.5,243.0,CENTRO
2024-07-07 02:00:00,0.28,13.7,15.0,28.6,,124.0,19.0,714.3,0.0,,2.7,0.0,24.63,4.0,335.0,NORTE
2024-07-07 02:00:00,0.89,11.0,16.4,27.3,4.0,71.0,,720.7,0.0,56.0,2.0,0.0,26.49,2.1,280.0,SURESTE
2024-07-07 03:00:00,0.3,5.9,14.3,20.4,8.0,64.0,,709.5,0.0,52.0,2.6,0.001,25.61,2.8,287.0,CENTRO
2024-07-07 03:00:00,0.3,9.8,11.9,21.7,,81.0,15.0,714.2,0.0,,2.6,0.0,24.17,4.1,331.0,NORTE
2024-07-07 03:00:00,0.91,6.6,18.0,24.6,3.0,71.0,,720.4,0.0,56.0,2.0,0.0,26.4,3.7,54.0,SURESTE
2024-07-07 04:00:00,0.86,27.9,21.2,49.4,5.0,81.0,,709.7,0.0,55.0,2.9,0.001,25.38,5.0,7.0,CENTRO
2024-07-07 04:00:00,0.34,20.2,13.1,33.3,,62.0,17.0,713.9,0.0,,3.0,0.0,24.02,6.2,355.0,NORTE
2024-07-07 04:00:00,0.85,7.1,17.1,24.2,3.0,72.0,,720.6,0.0,64.0,2.4,0.0,25.56,3.1,102.0,SURESTE
2024-07-07 05:00:00,0.9,20.1,18.8,39.1,5.0,102.0,,709.6,0.0,58.0,3.2,0.001,24.48,2.9,215.0,CENTRO
2024-07-07 05:00:00,0.46,29.3,13.5,42.8,,100.0,23.0,714.2,0.0,,4.9,0.0,24.54,5.7,9.0,NORTE
2024-07-07 05:00:00,0.87,8.7,16.5,25.2,3.0,64.0,,720.3,0.0,66.0,2.6,0.0,24.87,4.5,294.0,SURESTE
2024-07-07 06:00:00,0.54,13.8,17.8,31.9,5.0,95.0,,709.4,0.0,59.0,3.3,0.001,24.17,3.0,252.0,CENTRO
2024-07-07 06:00:00,0.38,18.1,13.8,31.9,6.0,116.0,22.0,714.5,0.0,,8.1,0.0,27.31,3.3,25.0,NORTE
2024-07-07 06:00:00,0.85,8.4,15.4,23.7,,62.0,,720.2,0.0,65.0,2.3,0.0,24.5,5.5,297.0,SURESTE
2024-07-07 07:00:00,0.44,12.0,16.0,28.3,6.0,94.0,,709.7,0.0,56.0,3.1,0.052,24.66,3.9,221.0,CENTRO
2024-07-07 07:00:00,0.38,11.3,13.0,24.3,13.0,100.0,22.0,714.4,0.0,,6.5,0.0,29.17,3.8,18.0,NORTE
2024-07-07 07:00:00,0.92,16.2,17.4,33.6,4.0,69.0,,720.4,0.0,59.0,2.4,0.046,25.8,7.1,282.0,SURESTE
2024-07-07 08:00:00,0.32,8.6,14.1,22.9,11.0,80.0,,710.0,0.0,52.0,3.4,0.151,26.0,2.9,218.0,CENTRO
2024-07-07 08:00:00,0.34,5.6,9.0,14.5,26.0,86.0,20.0,714.2,0.0,,5.3,0.0,32.59,3.5,27.0,NORTE
2024-07-07 08:00:00,0.87,13.2,16.4,29.6,8.0,86.0,,720.8,0.0,54.0,2.8,0.108,27.47,5.1,280.0,SURESTE
2024-07-07 09:00:00,0.29,7.7,13.3,21.2,16.0,78.0,,709.9,0.0,47.0,3.5,0.275,27.05,3.6,255.0,CENTRO
2024-07-07 09:00:00,0.25,3.0,6.2,9.2,39.0,88.0,17.0,714.2,0.0,,4.5,0.0,33.73,3.9,65.0,NORTE
2024-07-07 09:00:00,0.92,16.3,20.2,36.5,11.0,80.0,,720.6,0.0,52.0,3.9,0.179,27.94,6.7,264.0,SURESTE
2024-07-07 10:00:00,0.34,8.4,14.8,23.3,28.0,71.0,,709.9,0.0,42.0,3.6,0.743,29.05,4.4,3.0,CENTRO
2024-07-07 10:00:00,0.18,2.4,4.0,6.3,39.0,74.0,14.0,714.0,0.0,,3.6,0.0,33.74,6.3,53.0,NORTE
2024-07-07 10:00:00,0.93,15.8,22.2,38.0,21.0,93.0,,720.9,0.0,45.0,5.6,0.413,30.79,5.7,290.0,SURESTE
2024-07-07 11:00:00,0.41,5.2,13.3,18.7,37.0,82.0,,709.8,0.0,37.0,4.0,0.623,30.56,4.7,346.0,CENTRO
2024-07-07 11:00:00,0.15,2.2,3.0,5.2,36.0,59.0,11.0,713.9,0.0,,3.2,0.0,34.37,4.3,41.0,NORTE
2024-07-07 11:00:00,0.85,7.8,19.9,27.8,32.0,99.0,,720.8,0.0,39.0,5.4,0.278,31.8,3.9,179.0,SURESTE
2024-07-07 12:00:00,0.47,3.3,9.1,12.6,49.0,83.0,,709.7,0.0,35.0,4.4,0.73,31.24,5.8,339.0,CENTRO
2024-07-07 12:00:00,0.16,2.2,3.0,5.1,38.0,43.0,9.0,713.3,0.0,,2.9,0.0,35.01,5.1,72.0,NORTE
2024-07-07 12:00:00,0.76,3.1,8.9,12.0,53.0,85.0,,720.6,0.0,37.0,4.2,0.407,33.06,5.0,270.0,SURESTE
2024-07-07 13:00:00,0.4,2.5,7.7,10.5,58.0,65.0,,709.5,0.0,34.0,4.4,0.62,31.91,6.6,360.0,CENTRO
2024-07-07 13:00:00,0.19,,2.6,4.8,35.0,35.0,8.0,712.6,0.0,,2.6,0.0,34.46,8.9,54.0,NORTE
2024-07-07 13:00:00,0.66,2.6,6.1,8.7,51.0,70.0,,720.5,0.0,36.0,3.0,0.392,33.13,7.6,36.0,SURESTE
2024-07-07 14:00:00,0.31,2.2,4.5,6.9,55.0,62.0,,709.0,0.0,31.0,3.7,1.022,32.65,7.2,355.0,CENTRO
2024-07-07 14:00:00,0.18,,3.1,5.3,39.0,31.0,8.0,712.1,0.0,,2.7,0.0,34.66,9.0,69.0,NORTE
2024-07-07 14:00:00,0.64,2.4,5.2,7.7,53.0,54.0,,719.9,0.0,33.0,2.4,0.526,34.45,6.1,308.0,SURESTE
2024-07-07 15:00:00,0.27,2.3,4.0,6.5,51.0,47.0,,708.3,0.0,29.0,3.7,1.091,33.61,8.4,2.0,CENTRO
2024-07-07 15:00:00,0.22,,3.7,5.8,37.0,28.0,9.0,711.6,0.0,,2.5,0.0,33.06,8.4,69.0,NORTE
2024-07-07 15:00:00,0.65,2.5,5.6,8.1,54.0,39.0,,719.2,0.0,33.0,2.4,0.528,34.89,8.3,19.0,SURESTE
2024-07-07 16:00:00,0.25,2.5,5.7,8.4,49.0,41.0,,707.9,0.0,32.0,3.2,0.613,33.37,9.5,29.0,CENTRO
2024-07-07 16:00:00,0.24,,4.2,6.3,36.0,34.0,9.0,711.5,0.0,,2.6,0.0,33.12,5.9,77.0,NORTE
2024-07-07 16:00:00,0.67,2.8,6.4,9.1,46.0,36.0,,718.7,0.0,35.0,2.7,0.261,34.17,10.3,31.0,SURESTE
2024-07-07 17:00:00,0.27,2.6,7.7,10.6,44.0,44.0,,707.5,0.0,33.0,3.1,0.283,32.62,9.3,46.0,CENTRO
2024-07-07 17:00:00,0.21,1.9,4.8,6.7,34.0,38.0,8.0,711.4,0.0,,2.4,0.0,33.4,3.3,26.0,NORTE
2024-07-07 17:00:00,0.68,3.0,7.2,10.2,41.0,30.0,,718.1,0.0,33.0,2.3,0.128,33.49,10.0,56.0,SURESTE
2024-07-07 18:00:00,0.29,2.8,9.0,12.0,41.0,44.0,,707.4,0.0,37.0,3.1,0.203,31.96,8.2,53.0,CENTRO
2024-07-07 18:00:00,0.32,1.9,8.7,10.6,29.0,32.0,11.0,711.6,0.0,,2.7,0.0,32.3,4.2,62.0,NORTE
2024-07-07 18:00:00,0.75,3.2,7.5,10.7,44.0,25.0,,718.0,0.0,35.0,2.2,0.213,34.06,8.4,105.0,SURESTE
2024-07-07 19:00:00,0.27,2.3,7.7,10.2,42.0,53.0,,707.4,0.0,37.0,2.9,0.118,32.28,7.6,60.0,CENTRO
2024-07-07 19:00:00,0.51,2.1,13.7,15.8,25.0,41.0,15.0,711.9,0.0,,2.6,0.0,31.66,5.8,146.0,NORTE
2024-07-07 19:00:00,0.75,2.5,9.4,11.9,39.0,34.0,,718.0,0.0,37.0,2.1,0.053,33.26,6.7,149.0,SURESTE
2024-07-07 20:00:00,0.26,1.9,7.9,9.9,39.0,46.0,,707.5,0.0,37.0,2.9,0.013,31.34,5.7,84.0,CENTRO
2024-07-07 20:00:00,0.59,2.2,23.3,25.6,22.0,54.0,14.0,712.2,0.0,,2.9,0.0,30.87,5.5,188.0,NORTE
2024-07-07 21:00:00,0.37,1.8,11.1,13.1,41.0,42.0,,707.7,0.0,44.0,2.7,0.001,29.93,6.0,121.0,CENTRO
2024-07-07 21:00:00,0.44,2.1,18.5,20.6,33.0,63.0,13.0,712.4,0.0,,3.5,0.0,30.25,6.0,193.0,NORTE
2024-07-07 22:00:00,0.37,1.8,10.0,12.0,45.0,43.0,,708.0,0.0,46.0,2.6,0.001,29.41,6.3,121.0,CENTRO
2024-07-07 22:00:00,0.82,7.4,26.7,34.1,7.0,52.0,21.0,712.5,0.0,,3.1,0.0,29.49,3.8,8.0,NORTE
2024-07-07 23:00:00,0.36,1.8,9.4,11.4,44.0,51.0,,708.2,0.0,47.0,2.6,0.001,28.91,4.2,170.0,CENTRO
2024-07-07 23:00:00,0.56,3.6,25.5,29.1,4.0,141.0,19.0,712.6,0.0,,2.8,0.0,28.24,3.2,26.0,NORTE
2024-07-08 00:00:00,0.46,2.0,15.9,18.0,30.0,47.0,,708.2,0.0,49.0,2.6,0.001,28.29,2.8,185.0,CENTRO
2024-07-08 00:00:00,0.45,16.1,23.2,39.3,3.0,95.0,18.0,712.5,0.0,,2.7,0.0,27.13,4.1,356.0,NORTE
2024-07-08 00:00:00,1.14,10.9,27.9,38.8,7.0,41.0,,718.8,0.0,57.0,2.0,0.0,28.41,2.6,304.0,SURESTE
2024-07-08 01:00:00,0.47,1.8,17.5,19.5,23.0,44.0,,708.2,0.0,50.0,2.6,0.001,27.89,2.0,184.0,CENTRO
2024-07-08 01:00:00,0.35,9.3,18.4,27.8,3.0,93.0,16.0,712.3,0.0,,2.6,0.0,26.56,5.1,338.0,NORTE
2024-07-08 01:00:00,1.19,4.0,33.4,37.4,9.0,47.0,,718.8,0.0,54.0,2.1,0.0,29.17,2.8,17.0,SURESTE
2024-07-08 02:00:00,0.46,1.9,14.1,16.2,26.0,49.0,,708.1,0.0,52.0,2.5,0.001,27.55,2.0,203.0,CENTRO
2024-07-08 02:00:00,0.3,3.4,17.3,20.7,4.0,82.0,14.0,712.2,0.0,,2.6,0.0,26.52,3.5,332.0,NORTE
2024-07-08 02:00:00,1.07,3.7,27.2,30.9,9.0,67.0,,718.7,0.0,59.0,2.1,0.0,27.7,2.5,265.0,SURESTE
2024-07-08 03:00:00,0.38,1.8,12.9,15.0,21.0,50.0,,708.0,0.0,54.0,2.5,0.001,26.85,2.5,237.0,CENTRO
2024-07-08 03:00:00,0.31,5.0,19.2,24.3,4.0,62.0,13.0,712.3,0.0,,2.7,0.0,26.41,4.0,322.0,NORTE
2024-07-08 03:00:00,0.78,2.3,13.3,15.5,16.0,51.0,6.11,718.7,0.0,64.0,2.0,0.0,26.35,3.1,305.0,SURESTE
2024-07-08 04:00:00,0.55,3.8,20.4,24.3,10.0,43.0,,707.9,0.0,61.0,2.5,0.001,26.5,3.0,347.0,CENTRO
2024-07-08 04:00:00,0.53,25.4,20.2,45.7,3.0,56.0,22.0,712.5,0.0,,2.9,0.0,26.08,5.0,344.0,NORTE
2024-07-08 04:00:00,0.72,2.1,9.9,12.0,17.0,36.0,15.73,718.6,0.0,65.0,1.9,0.0,26.17,4.7,278.0,SURESTE
2024-07-08 05:00:00,0.69,4.8,24.3,29.3,5.0,74.0,,708.0,0.0,66.0,2.5,0.001,25.79,2.2,250.0,CENTRO
2024-07-08 05:00:00,0.65,38.1,21.8,59.9,3.0,118.0,21.0,713.1,0.0,,3.4,0.0,26.88,3.9,355.0,NORTE
2024-07-08 05:00:00,0.69,2.6,9.6,12.2,16.0,35.0,16.94,718.6,0.0,67.0,1.9,0.0,25.85,5.7,293.0,SURESTE
2024-07-08 06:00:00,0.51,2.3,18.2,20.6,10.0,79.0,,708.2,0.0,62.0,2.6,0.001,25.51,2.1,253.0,CENTRO
2024-07-08 06:00:00,0.49,20.6,18.2,38.9,10.0,95.0,16.0,713.5,0.0,,3.9,0.0,30.12,2.8,12.0,NORTE
2024-07-08 06:00:00,0.79,6.7,17.2,23.9,12.0,34.0,18.95,718.8,0.0,65.0,1.9,0.0,26.25,6.1,292.0,SURESTE
2024-07-08 07:00:00,0.59,7.7,20.1,28.0,9.0,57.0,,708.8,0.0,63.0,2.6,0.052,26.06,2.3,253.0,CENTRO
2024-07-08 07:00:00,0.49,9.2,16.9,26.1,24.0,81.0,15.0,713.4,0.0,,4.5,0.0,31.15,5.9,15.0,NORTE
2024-07-08 07:00:00,0.95,17.3,23.1,40.4,6.0,46.0,21.34,719.5,0.0,64.0,2.1,0.043,26.55,6.2,295.0,SURESTE
2024-07-08 08:00:00,0.52,8.6,20.5,29.4,19.0,68.0,,709.1,0.0,51.0,3.2,0.237,28.04,4.0,169.0,CENTRO
2024-07-08 08:00:00,0.34,6.1,11.5,17.6,41.0,67.0,14.0,713.4,0.0,,5.0,0.0,33.0,3.2,18.0,NORTE
2024-07-08 08:00:00,1.08,19.4,26.8,46.1,12.0,46.0,22.22,719.9,0.0,56.0,2.7,0.164,29.12,6.8,288.0,SURESTE
2024-07-08 09:00:00,0.6,8.9,23.3,32.4,31.0,66.0,,709.1,0.0,47.0,3.5,0.492,29.74,3.9,58.0,CENTRO
2024-07-08 09:00:00,0.33,2.8,9.2,12.0,60.0,74.0,14.0,713.4,0.0,,4.2,0.0,35.01,4.4,122.0,NORTE
2024-07-08 09:00:00,1.07,11.4,27.9,39.2,27.0,59.0,26.01,719.9,0.0,50.0,4.2,0.291,31.01,6.5,273.0,SURESTE
2024-07-08 10:00:00,0.68,8.6,26.8,35.6,42.0,74.0,17.0,709.2,0.0,43.0,3.6,0.728,31.16,5.3,348.0,CENTRO
2024-07-08 10:00:00,0.33,2.3,7.5,9.8,74.0,70.0,13.0,713.4,0.0,,4.0,0.0,35.06,6.8,108.0,NORTE
2024-07-08 10:00:00,1.25,11.9,36.2,48.0,39.0,89.0,,720.2,0.0,45.0,6.0,0.399,32.8,6.3,106.0,SURESTE
2024-07-08 11:00:00,0.9,9.4,35.5,45.2,54.0,85.0,33.35,709.0,0.0,40.0,3.5,0.904,32.37,7.4,85.0,CENTRO
2024-07-08 11:00:00,0.28,2.1,5.9,8.0,72.0,54.0,11.0,713.4,0.0,,3.8,0.0,35.4,9.2,87.0,NORTE
2024-07-08 11:00:00,1.11,5.1,25.9,31.0,74.0,98.0,21.15,720.0,0.0,46.0,4.4,0.487,33.19,9.5,61.0,SURESTE
2024-07-08 12:00:00,0.66,3.1,19.0,22.3,100.0,98.0,29.47,709.0,0.0,39.0,3.5,1.066,32.96,10.8,69.0,CENTRO
2024-07-08 12:00:00,0.23,2.1,3.8,5.8,56.0,49.0,9.0,713.2,0.0,,3.2,0.0,35.9,10.0,110.0,NORTE
2024-07-08 12:00:00,0.99,3.1,18.1,21.1,98.0,108.0,20.76,719.9,0.0,44.0,4.0,0.547,33.64,14.1,70.0,SURESTE
2024-07-08 13:00:00,0.51,2.6,14.7,17.5,103.0,92.0,30.0,709.0,0.0,38.0,3.0,1.133,33.48,12.6,41.0,CENTRO
2024-07-08 13:00:00,0.24,2.2,3.6,5.8,47.0,38.0,10.0,712.9,0.0,,3.1,0.0,35.14,12.7,82.0,NORTE
2024-07-08 13:00:00,0.83,2.6,10.7,13.2,83.0,102.0,17.52,719.9,0.0,41.0,3.5,0.586,34.53,15.1,95.0,SURESTE
2024-07-08 14:00:00,0.37,2.8,10.6,13.6,72.0,72.0,23.0,708.9,0.0,37.0,3.0,0.971,33.76,15.2,50.0,CENTRO
2024-07-08 14:00:00,0.24,2.1,3.3,5.4,48.0,56.0,8.0,712.8,0.0,,2.7,0.0,35.53,9.9,106.0,NORTE
2024-07-08 14:00:00,0.74,2.5,6.6,9.1,63.0,74.0,15.6,719.9,0.0,39.0,3.9,0.557,34.84,15.7,89.0,SURESTE
2024-07-08 15:00:00,0.35,2.4,7.0,9.6,61.0,65.0,21.05,708.6,0.0,37.0,3.2,0.823,33.68,14.7,69.0,CENTRO
2024-07-08 15:00:00,0.26,2.1,4.1,6.2,48.0,33.0,8.0,712.6,0.0,,2.6,0.0,35.1,9.0,109.0,NORTE
2024-07-08 15:00:00,0.73,2.7,5.9,8.6,49.0,63.0,12.46,719.5,0.0,40.0,4.2,0.46,34.94,14.0,113.0,SURESTE
2024-07-08 16:00:00,0.38,2.6,7.3,10.1,52.0,53.0,21.36,708.5,0.0,38.0,2.9,0.576,33.61,14.7,73.0,CENTRO
2024-07-08 16:00:00,0.25,2.4,4.8,7.2,44.0,33.0,,712.6,0.0,,2.7,0.0,35.25,10.8,124.0,NORTE
2024-07-08 16:00:00,0.76,2.8,6.2,9.0,43.0,41.0,13.47,719.5,0.0,41.0,2.8,0.295,34.75,13.7,99.0,SURESTE
2024-07-08 17:00:00,0.37,2.7,7.1,10.0,47.0,60.0,18.3,708.4,0.0,39.0,2.6,0.719,33.66,14.9,87.0,CENTRO
2024-07-08 17:00:00,0.31,2.3,6.8,9.1,40.0,37.0,9.0,712.9,0.0,,2.9,0.0,33.57,12.9,146.0,NORTE
2024-07-08 17:00:00,0.74,2.7,7.7,10.4,42.0,46.0,11.68,719.3,0.0,43.0,3.0,0.125,34.03,11.1,147.0,SURESTE
2024-07-08 18:00:00,0.39,2.8,7.4,10.4,42.0,53.0,17.59,708.5,0.0,42.0,2.7,0.454,33.02,12.9,131.0,CENTRO
2024-07-08 18:00:00,0.27,2.0,7.6,9.5,34.0,56.0,9.0,714.2,0.0,,2.5,0.0,27.95,6.6,41.0,NORTE
2024-07-08 18:00:00,0.68,2.8,6.8,9.6,44.0,39.0,10.35,719.4,0.0,42.0,5.0,0.257,34.41,12.3,153.0,SURESTE
2024-07-08 19:00:00,0.39,2.4,8.2,10.8,40.0,45.0,16.04,708.6,0.0,44.0,2.4,0.095,31.84,11.9,128.0,CENTRO
2024-07-08 19:00:00,0.42,1.8,12.6,14.4,23.0,67.0,8.0,714.2,0.0,,2.3,0.0,28.32,3.3,178.0,NORTE
2024-07-08 19:00:00,0.74,2.6,7.9,10.5,39.0,32.0,9.2,719.5,0.0,47.0,3.9,0.076,33.04,14.9,130.0,SURESTE
2024-07-08 20:00:00,0.44,2.3,13.0,15.5,33.0,43.0,15.65,709.4,0.0,49.0,2.5,0.011,30.46,12.4,59.0,CENTRO
2024-07-08 20:00:00,0.34,2.3,8.0,10.3,30.0,25.0,9.0,714.3,0.0,,2.3,0.0,29.52,10.7,147.0,NORTE
2024-07-08 20:00:00,0.76,2.4,8.1,10.4,36.0,45.0,9.65,720.4,0.0,52.0,3.7,0.004,31.55,12.0,129.0,SURESTE
2024-07-08 21:00:00,0.54,2.0,14.3,16.5,29.0,53.0,15.69,709.6,0.0,55.0,2.5,0.001,28.84,7.3,330.0,CENTRO
2024-07-08 21:00:00,0.3,1.9,6.4,8.4,27.0,30.0,9.0,714.9,0.0,,2.3,0.0,28.33,8.6,130.0,NORTE
2024-07-08 21:00:00,0.77,2.5,8.9,11.4,34.0,36.0,11.06,720.5,0.0,56.0,2.5,0.0,30.7,14.4,109.0,SURESTE
2024-07-08 22:00:00,0.37,1.9,8.6,10.7,31.0,52.0,16.67,709.7,0.0,57.0,2.4,0.001,28.34,14.4,121.0,CENTRO
2024-07-08 22:00:00,0.29,2.6,15.3,18.0,13.0,35.0,10.0,715.4,0.0,,2.4,0.0,26.9,5.2,44.0,NORTE
2024-07-08 22:00:00,0.74,2.5,7.4,9.9,31.0,40.0,11.11,720.5,0.0,61.0,2.1,0.0,29.21,18.3,104.0,SURESTE
2024-07-08 23:00:00,0.33,1.9,4.9,7.1,34.0,49.0,16.99,710.0,0.0,60.0,2.4,0.001,27.3,11.2,100.0,CENTRO
2024-07-08 23:00:00,0.28,2.5,18.6,21.1,7.0,56.0,11.0,715.2,0.0,,2.4,0.0,25.95,4.8,29.0,NORTE
2024-07-08 23:00:00,0.71,2.2,8.5,10.7,28.0,34.0,9.24,720.8,0.0,61.0,2.0,0.0,28.9,10.7,90.0,SURESTE
2024-07-09 00:00:00,0.42,3.7,18.0,22.0,17.0,37.0,13.67,710.7,0.0,64.0,2.5,0.001,27.04,7.0,25.0,CENTRO
2024-07-09 00:00:00,0.29,2.6,19.5,22.1,6.0,56.0,13.0,715.1,0.0,,2.4,0.0,25.72,4.6,38.0,NORTE
2024-07-09 00:00:00,0.72,2.0,11.7,13.7,22.0,31.0,,721.7,0.0,70.0,2.0,0.0,27.24,8.8,59.0,SURESTE
2024-07-09 01:00:00,0.45,3.5,25.5,29.2,7.0,53.0,20.62,710.6,0.0,67.0,2.4,0.001,26.39,4.2,38.0,CENTRO
2024-07-09 01:00:00,0.27,3.4,19.0,22.4,5.0,77.0,13.0,715.0,0.0,,2.5,0.0,25.41,4.8,29.0,NORTE
2024-07-09 01:00:00,0.76,2.1,16.9,18.8,15.0,44.0,9.98,721.6,0.0,73.0,2.4,0.0,26.6,6.6,67.0,SURESTE
2024-07-09 02:00:00,0.57,3.1,23.9,27.3,8.0,60.0,19.96,710.5,0.0,68.0,2.5,0.001,26.23,5.8,17.0,CENTRO
2024-07-09 02:00:00,0.27,2.0,17.1,19.0,7.0,71.0,11.0,715.0,0.0,,2.6,0.0,25.29,1.2,354.0,NORTE
2024-07-09 02:00:00,0.76,2.0,11.7,13.6,18.0,26.0,10.18,721.5,0.0,73.0,3.0,0.0,26.34,5.5,58.0,SURESTE
2024-07-09 03:00:00,0.94,7.5,27.1,34.7,5.0,59.0,21.98,710.4,0.0,71.0,2.5,0.001,25.66,5.3,15.0,CENTRO
2024-07-09 03:00:00,0.27,1.8,17.0,18.8,8.0,55.0,10.0,715.1,0.0,,2.5,0.0,25.41,1.7,336.0,NORTE
2024-07-09 03:00:00,0.74,2.1,16.4,18.4,14.0,37.0,10.23,721.4,0.0,75.0,2.7,0.0,25.92,1.9,5.0,SURESTE
2024-07-09 04:00:00,0.78,6.9,27.3,34.4,5.0,63.0,24.35,710.4,0.0,72.0,2.6,0.001,25.44,4.0,52.0,CENTRO
2024-07-09 04:00:00,0.29,5.5,18.7,24.2,6.0,49.0,11.0,715.4,0.0,,2.5,0.0,25.63,1.9,54.0,NORTE
2024-07-09 04:00:00,0.76,2.2,21.4,23.6,8.0,40.0,10.54,721.4,0.0,77.0,2.4,0.0,25.78,1.8,303.0,SURESTE
2024-07-09 05:00:00,0.82,6.8,26.9,34.0,4.0,72.0,25.74,710.5,0.0,73.0,2.6,0.001,25.19,3.3,12.0,CENTRO
2024-07-09 05:00:00,0.44,29.9,21.6,51.5,3.0,46.0,15.0,715.7,0.0,,2.6,0.0,26.14,4.1,319.0,NORTE
2024-07-09 05:00:00,0.77,2.4,19.7,22.1,8.0,40.0,11.17,721.6,0.0,77.0,2.4,0.0,25.87,2.5,96.0,SURESTE
2024-07-09 06:00:00,0.89,8.2,26.9,35.3,4.0,75.0,27.5,710.7,0.0,73.0,2.5,0.002,25.22,3.2,49.0,CENTRO
2024-07-09 06:00:00,0.39,10.5,16.3,26.9,13.0,73.0,13.0,716.0,0.0,,2.7,0.0,29.18,1.6,307.0,NORTE
2024-07-09 06:00:00,0.97,12.8,22.1,34.8,3.0,43.0,10.74,721.7,0.0,77.0,2.2,0.001,25.61,1.9,183.0,SURESTE
2024-07-09 07:00:00,0.79,14.0,25.8,40.0,6.0,77.0,26.55,711.0,0.0,72.0,2.6,0.061,25.54,2.3,8.0,CENTRO
2024-07-09 07:00:00,0.39,7.2,12.8,20.0,22.0,61.0,10.0,716.2,0.0,,2.8,0.0,30.27,4.6,12.0,NORTE
2024-07-09 07:00:00,0.82,9.8,23.9,33.6,7.0,50.0,11.93,722.1,0.0,73.0,2.2,0.051,26.61,3.1,40.0,SURESTE
2024-07-09 08:00:00,0.89,15.4,24.8,40.3,11.0,73.0,26.91,711.3,0.0,66.0,2.6,0.224,27.12,3.0,349.0,CENTRO
2024-07-09 08:00:00,0.31,7.5,10.2,17.7,33.0,49.0,12.0,716.4,0.0,,3.2,0.0,31.48,3.8,65.0,NORTE
2024-07-09 08:00:00,0.93,16.6,24.5,41.1,11.0,49.0,11.79,722.3,0.0,67.0,2.3,0.156,28.27,4.2,324.0,SURESTE
2024-07-09 09:00:00,1.0,14.0,25.0,39.2,20.0,70.0,26.5,711.5,0.0,62.0,2.5,0.476,28.08,5.1,5.0,CENTRO
2024-07-09 09:00:00,0.3,4.6,11.4,15.9,42.0,53.0,14.0,716.2,0.0,,3.3,0.0,32.94,4.7,40.0,NORTE
2024-07-09 09:00:00,1.05,14.9,28.8,43.6,22.0,58.0,12.37,722.8,0.0,62.0,2.6,0.283,29.78,5.1,10.0,SURESTE
2024-07-09 10:00:00,1.01,8.5,22.9,31.6,36.0,65.0,25.69,711.7,0.0,55.0,2.6,0.687,29.71,4.9,49.0,CENTRO
2024-07-09 10:00:00,0.31,3.3,8.5,11.8,51.0,70.0,13.0,716.0,0.0,,3.2,0.0,33.35,6.9,103.0,NORTE
2024-07-09 10:00:00,1.13,8.9,25.5,34.3,38.0,73.0,14.85,722.9,0.0,58.0,2.6,0.375,30.95,5.1,65.0,SURESTE
2024-07-09 11:00:00,1.01,15.4,36.1,51.8,34.0,66.0,32.02,711.5,0.0,51.0,2.6,0.86,30.68,8.1,34.0,CENTRO
2024-07-09 11:00:00,0.3,4.7,11.0,15.7,47.0,72.0,8.0,715.7,0.0,,3.6,0.0,34.37,9.1,131.0,NORTE
2024-07-09 11:00:00,0.97,6.0,22.8,28.8,55.0,60.0,15.89,722.8,0.0,56.0,2.6,0.398,31.18,8.6,69.0,SURESTE
2024-07-09 12:00:00,0.6,7.3,24.0,31.4,63.0,94.0,30.67,711.4,0.0,49.0,2.7,1.049,31.28,11.3,46.0,CENTRO
2024-07-09 12:00:00,0.27,3.5,7.6,11.1,47.0,37.0,7.0,715.1,0.0,,3.0,0.0,34.81,10.6,125.0,NORTE
2024-07-09 12:00:00,0.84,4.5,15.5,20.0,60.0,72.0,15.82,722.6,0.0,53.0,2.8,0.549,31.9,14.5,67.0,SURESTE
2024-07-09 13:00:00,0.47,3.3,12.1,15.6,68.0,81.0,20.76,711.1,0.0,43.0,2.7,1.128,32.02,12.6,66.0,CENTRO
2024-07-09 13:00:00,0.27,2.5,5.1,7.5,52.0,32.0,7.0,714.6,0.0,,2.7,0.0,35.04,10.6,136.0,NORTE
2024-07-09 13:00:00,0.79,3.9,9.8,13.6,60.0,62.0,14.26,722.2,0.0,44.0,4.8,0.574,32.84,17.2,99.0,SURESTE
2024-07-09 14:00:00,0.42,2.6,9.1,11.9,69.0,59.0,21.12,710.6,0.0,38.0,3.9,1.11,32.89,14.4,62.0,CENTRO
2024-07-09 14:00:00,0.24,2.4,4.7,7.1,53.0,28.0,,714.2,0.0,,2.7,0.0,34.9,10.8,127.0,NORTE
2024-07-09 14:00:00,0.76,3.5,8.7,12.2,61.0,58.0,13.04,721.7,0.0,43.0,14.4,0.562,33.31,18.5,97.0,SURESTE
2024-07-09 15:00:00,0.37,2.8,7.9,10.9,56.0,56.0,19.67,710.1,0.0,38.0,6.3,1.042,33.1,15.0,66.0,CENTRO
2024-07-09 15:00:00,0.26,2.2,4.7,7.0,53.0,32.0,8.0,714.0,0.0,,3.1,0.0,34.97,11.0,131.0,NORTE
2024-07-09 15:00:00,0.73,3.1,6.1,9.2,47.0,76.0,16.66,721.2,0.0,43.0,10.6,0.516,33.63,18.7,102.0,SURESTE
2024-07-09 16:00:00,0.36,2.7,6.6,9.6,50.0,57.0,14.31,709.8,0.0,39.0,4.6,0.92,33.19,14.5,70.0,CENTRO
2024-07-09 16:00:00,0.29,2.5,5.5,8.0,47.0,25.0,9.0,714.2,0.0,,3.5,0.0,34.15,13.6,127.0,NORTE
2024-07-09 16:00:00,0.7,2.8,5.0,7.8,42.0,56.0,14.08,720.7,0.0,42.0,4.0,0.438,33.87,16.7,116.0,SURESTE
2024-07-09 17:00:00,0.37,2.9,6.5,9.7,46.0,47.0,13.1,709.6,0.0,40.0,3.5,0.702,33.14,14.5,87.0,CENTRO
2024-07-09 17:00:00,0.27,2.4,6.0,8.4,39.0,40.0,10.0,694.6,0.0,,3.6,0.0,32.36,13.3,129.0,NORTE
2024-07-09 17:00:00,0.69,2.8,5.2,8.1,42.0,34.0,10.73,720.6,0.0,43.0,2.8,0.333,33.91,15.7,117.0,SURESTE
2024-07-09 18:00:00,0.39,2.7,7.9,10.8,41.0,40.0,12.83,709.7,0.0,43.0,3.0,0.196,32.37,12.8,98.0,CENTRO
2024-07-09 18:00:00,0.29,2.0,6.0,7.9,35.0,43.0,9.0,714.9,0.0,,3.6,0.0,32.0,13.4,134.0,NORTE
2024-07-09 18:00:00,0.74,3.1,6.5,9.6,39.0,31.0,7.9,720.8,0.0,44.0,2.3,0.172,33.42,15.6,131.0,SURESTE
2024-07-09 19:00:00,0.39,2.7,8.4,11.3,38.0,35.0,13.53,710.0,0.0,45.0,2.8,0.065,31.35,14.1,91.0,CENTRO
2024-07-09 19:00:00,0.3,2.1,7.0,9.1,29.0,24.0,8.0,715.5,0.0,,3.1,0.0,31.58,12.6,133.0,NORTE
2024-07-09 19:00:00,0.73,2.8,7.8,10.6,35.0,34.0,7.98,721.1,0.0,49.0,2.1,0.041,32.28,14.3,143.0,SURESTE
2024-07-09 20:00:00,0.38,2.2,8.2,10.6,35.0,37.0,14.16,710.4,0.0,48.0,2.7,0.02,30.59,14.5,79.0,CENTRO
2024-07-09 20:00:00,0.36,2.5,11.7,14.2,18.0,19.0,12.0,716.1,0.0,,2.7,0.0,31.05,10.3,120.0,NORTE
2024-07-09 20:00:00,0.74,2.6,8.9,11.5,32.0,33.0,9.49,721.5,0.0,51.0,2.1,0.009,31.7,11.7,137.0,SURESTE
2024-07-09 21:00:00,0.4,1.9,8.9,11.0,32.0,41.0,13.11,710.9,0.0,50.0,2.7,0.001,30.1,10.2,114.0,CENTRO
2024-07-09 21:00:00,0.3,2.1,9.5,11.5,15.0,38.0,11.0,716.6,0.0,,2.6,0.0,29.8,13.4,131.0,NORTE
2024-07-09 21:00:00,0.73,2.5,7.6,10.1,31.0,26.0,9.36,722.1,0.0,51.0,2.0,0.0,31.28,11.2,135.0,SURESTE
2024-07-09 22:00:00,0.35,1.9,6.7,8.8,30.0,34.0,14.76,711.5,0.0,49.0,2.6,0.001,29.8,10.9,101.0,CENTRO
2024-07-09 22:00:00,0.28,1.8,7.3,9.1,17.0,20.0,10.0,716.7,0.0,,3.1,0.0,28.32,10.9,122.0,NORTE
2024-07-09 22:00:00,0.69,2.5,7.8,10.3,25.0,23.0,7.86,722.5,0.0,50.0,2.3,0.0,31.08,11.3,127.0,SURESTE
2024-07-09 23:00:00,0.34,2.0,7.0,9.2,25.0,37.0,17.32,711.7,0.0,50.0,2.6,0.001,29.31,10.4,91.0,CENTRO
2024-07-09 23:00:00,0.25,1.9,6.2,8.1,20.0,38.0,9.0,717.0,0.0,,3.1,0.0,27.52,11.0,126.0,NORTE
2024-07-09 23:00:00,0.67,,5.8,8.3,22.0,24.0,10.01,722.9,0.0,57.0,2.2,0.0,29.72,16.1,115.0,SURESTE
2024-07-10 00:00:00,0.39,1.9,9.4,11.6,20.0,43.0,17.51,711.7,0.0,57.0,2.6,0.001,28.11,8.8,62.0,CENTRO
2024-07-10 00:00:00,0.23,1.7,5.1,6.8,17.0,20.0,8.0,716.6,0.0,,2.5,0.0,26.83,7.8,133.0,NORTE
2024-07-10 00:00:00,0.66,2.1,5.8,7.9,22.0,39.0,10.71,722.8,0.0,62.0,2.0,0.0,28.52,17.8,97.0,SURESTE
2024-07-10 01:00:00,0.38,1.9,8.7,10.8,21.0,37.0,16.96,711.9,0.0,61.0,2.5,0.001,27.13,8.6,61.0,CENTRO
2024-07-10 01:00:00,0.21,1.6,3.9,5.6,18.0,33.0,8.0,716.2,0.0,,2.6,0.0,26.42,6.8,133.0,NORTE
2024-07-10 01:00:00,0.62,2.0,4.2,6.1,25.0,32.0,10.41,723.0,0.0,66.0,1.8,0.0,27.24,18.6,99.0,SURESTE
2024-07-10 02:00:00,0.35,1.8,6.9,9.0,25.0,40.0,14.56,711.7,0.0,63.0,2.5,0.001,26.25,8.5,43.0,CENTRO
2024-07-10 02:00:00,0.25,1.7,7.7,9.4,10.0,25.0,9.0,716.0,0.0,,2.4,0.0,25.65,6.6,89.0,NORTE
2024-07-10 02:00:00,0.6,1.9,3.6,5.5,25.0,23.0,9.16,722.6,0.0,70.0,1.9,0.0,26.38,16.9,98.0,SURESTE
2024-07-10 03:00:00,0.33,1.8,5.0,7.1,25.0,37.0,14.78,711.2,0.0,66.0,2.5,0.001,25.88,6.4,30.0,CENTRO
2024-07-10 03:00:00,0.22,3.4,10.3,13.7,5.0,34.0,10.0,715.9,0.0,,2.3,0.0,24.91,6.6,62.0,NORTE
2024-07-10 03:00:00,0.6,2.0,4.0,5.9,22.0,25.0,8.58,722.2,0.0,72.0,1.7,0.0,26.43,7.4,60.0,SURESTE
2024-07-10 04:00:00,0.34,3.9,11.7,15.9,15.0,36.0,16.28,711.1,0.0,71.0,2.5,0.001,25.26,7.9,38.0,CENTRO
2024-07-10 04:00:00,0.22,3.1,10.1,13.1,4.0,44.0,10.0,716.2,0.0,,2.3,0.0,24.77,6.8,53.0,NORTE
2024-07-10 04:00:00,0.61,2.0,4.0,5.9,19.0,24.0,8.59,722.1,0.0,77.0,1.7,0.0,25.53,10.7,87.0,SURESTE
2024-07-10 05:00:00,0.37,4.3,17.4,22.0,7.0,49.0,17.98,711.0,0.0,77.0,2.5,0.001,24.38,6.0,16.0,CENTRO
2024-07-10 05:00:00,0.25,5.6,9.9,15.4,4.0,53.0,,716.5,0.0,,2.3,0.021,25.03,6.0,39.0,NORTE
2024-07-10 05:00:00,0.62,,5.0,7.0,15.0,21.0,8.59,722.1,0.0,80.0,1.8,0.0,25.14,7.3,49.0,SURESTE
2024-07-10 06:00:00,0.46,2.1,13.0,15.3,9.0,63.0,21.3,711.4,0.0,78.0,2.5,0.001,24.42,6.0,11.0,CENTRO
2024-07-10 06:00:00,0.25,4.4,6.0,10.4,11.0,57.0,,717.2,0.0,,2.3,0.09,25.76,6.4,45.0,NORTE
2024-07-10 06:00:00,0.65,2.9,10.1,12.8,7.0,23.0,8.61,722.3,0.0,84.0,1.8,0.0,24.57,2.5,9.0,SURESTE
2024-07-10 07:00:00,0.87,5.5,15.7,21.4,7.0,56.0,24.78,711.7,0.0,77.0,2.5,0.034,24.68,5.2,7.0,CENTRO
2024-07-10 07:00:00,0.27,5.2,5.8,11.0,16.0,53.0,13.0,717.6,0.0,,2.5,0.357,28.52,5.9,88.0,NORTE
2024-07-10 07:00:00,0.58,5.0,12.3,17.2,7.0,28.0,,722.9,0.0,83.0,1.8,0.025,25.17,1.8,273.0,SURESTE
2024-07-10 08:00:00,0.63,8.0,12.8,21.0,11.0,64.0,26.26,712.3,0.0,75.0,2.5,0.082,25.09,5.1,359.0,CENTRO
2024-07-10 08:00:00,0.34,6.3,7.3,13.6,18.0,45.0,14.0,717.8,0.0,,2.7,0.337,28.85,8.1,108.0,NORTE
2024-07-10 08:00:00,0.67,10.2,12.6,22.6,9.0,30.0,11.22,723.6,0.0,79.0,2.0,0.114,26.15,7.7,36.0,SURESTE
2024-07-10 09:00:00,0.63,12.0,15.8,28.0,9.0,61.0,26.54,712.8,0.0,73.0,,0.192,25.64,6.9,25.0,CENTRO
2024-07-10 09:00:00,0.32,6.2,8.1,14.2,24.0,53.0,14.0,717.6,0.0,,3.2,0.47,29.73,8.8,142.0,NORTE
2024-07-10 09:00:00,0.65,10.6,11.3,21.8,13.0,39.0,11.47,724.1,0.0,74.0,2.1,0.258,27.16,11.0,78.0,SURESTE
2024-07-10 10:00:00,0.55,9.5,12.5,22.3,18.0,57.0,22.12,712.9,0.0,66.0,2.4,0.622,27.26,10.9,68.0,CENTRO
2024-07-10 10:00:00,0.27,2.8,4.6,7.4,35.0,48.0,12.0,717.3,0.0,,3.4,0.578,30.62,10.1,146.0,NORTE
2024-07-10 10:00:00,0.6,5.9,7.4,13.2,20.0,39.0,10.92,724.3,0.0,72.0,2.2,0.383,27.72,14.8,101.0,SURESTE
2024-07-10 11:00:00,0.43,4.6,8.7,13.6,30.0,52.0,29.44,712.8,0.0,62.0,2.4,0.741,27.76,14.0,62.0,CENTRO
2024-07-10 11:00:00,0.26,3.1,5.1,8.2,37.0,38.0,10.0,717.1,0.0,,3.0,0.57,31.42,10.4,117.0,NORTE
2024-07-10 11:00:00,0.62,4.8,7.2,12.0,27.0,45.0,12.33,724.0,0.0,69.0,3.5,0.492,28.27,16.7,99.0,SURESTE
2024-07-10 12:00:00,0.44,3.8,7.6,11.7,31.0,60.0,27.41,712.5,0.0,59.0,2.5,0.823,28.51,12.8,63.0,CENTRO
2024-07-10 12:00:00,0.23,3.5,5.6,9.1,30.0,38.0,11.0,716.6,0.0,,2.7,0.341,29.59,10.9,41.0,NORTE
2024-07-10 12:00:00,0.64,3.7,4.2,7.9,24.0,50.0,18.04,723.7,0.0,62.0,3.0,0.6,29.59,17.9,102.0,SURESTE
2024-07-10 13:00:00,0.4,2.9,6.1,9.3,31.0,52.0,16.7,712.2,0.0,53.0,2.6,0.576,29.16,13.7,63.0,CENTRO
2024-07-10 13:00:00,0.26,2.9,5.9,8.8,34.0,61.0,10.0,716.2,0.0,,2.6,0.214,29.71,11.1,56.0,NORTE
2024-07-10 13:00:00,0.64,3.2,3.7,6.9,26.0,26.0,14.03,723.6,0.0,56.0,2.2,0.514,30.36,16.9,109.0,SURESTE
2024-07-10 14:00:00,0.42,3.4,5.8,9.5,31.0,40.0,14.01,711.7,0.0,51.0,2.5,0.724,29.75,14.2,67.0,CENTRO
2024-07-10 14:00:00,0.35,2.3,6.1,8.4,28.0,50.0,9.0,716.4,0.0,,2.4,0.176,27.21,4.9,152.0,NORTE
2024-07-10 14:00:00,0.61,3.3,4.1,7.4,28.0,30.0,13.58,723.0,0.0,56.0,2.1,0.57,31.08,15.8,119.0,SURESTE
2024-07-10 15:00:00,0.38,2.8,5.8,8.9,29.0,40.0,15.72,711.5,0.23,59.0,2.5,0.266,28.14,12.8,84.0,CENTRO
2024-07-10 15:00:00,0.33,2.8,10.0,12.8,18.0,42.0,8.0,717.4,0.0,,2.4,0.044,23.87,11.3,132.0,NORTE
2024-07-10 15:00:00,0.62,3.8,5.0,8.8,27.0,34.0,10.81,722.7,0.0,54.0,2.6,0.458,31.39,16.8,131.0,SURESTE
2024-07-10 16:00:00,0.5,4.5,9.5,14.3,23.0,39.0,15.22,711.5,0.0,71.0,2.5,0.315,26.01,10.0,317.0,CENTRO
2024-07-10 16:00:00,0.36,3.7,12.0,15.7,13.0,35.0,5.0,716.7,0.0,,2.3,0.03,23.31,5.6,341.0,NORTE
2024-07-10 16:00:00,0.6,3.3,4.7,8.0,27.0,30.0,10.59,722.6,0.0,54.0,5.2,0.152,30.18,20.2,113.0,SURESTE
2024-07-10 17:00:00,0.46,4.4,10.2,14.9,19.0,41.0,12.38,711.9,0.0,70.0,2.5,0.124,25.21,15.5,58.0,CENTRO
2024-07-10 17:00:00,0.44,5.2,13.6,18.8,12.0,23.0,6.0,716.5,0.0,,2.5,0.107,24.07,3.8,357.0,NORTE
2024-07-10 17:00:00,0.66,4.2,8.6,12.8,22.0,63.0,9.0,723.1,0.0,71.0,2.8,0.083,26.18,19.3,69.0,SURESTE
2024-07-10 18:00:00,0.68,12.7,20.3,33.2,9.0,52.0,14.2,711.7,0.0,73.0,2.6,0.096,24.56,8.1,357.0,CENTRO
2024-07-10 18:00:00,0.42,8.7,20.8,29.5,5.0,19.0,6.0,717.2,0.0,,2.4,0.015,24.5,4.7,80.0,NORTE
2024-07-10 18:00:00,0.77,4.4,14.0,18.4,16.0,25.0,6.16,722.8,0.04,76.0,2.3,0.034,25.73,4.1,28.0,SURESTE
2024-07-10 19:00:00,1.0,15.8,24.9,40.9,8.0,48.0,14.99,711.5,0.0,74.0,2.6,0.091,24.56,8.5,11.0,CENTRO
2024-07-10 19:00:00,0.36,7.0,20.8,27.8,2.0,21.0,,717.6,0.0,,2.5,0.0,23.9,4.3,47.0,NORTE
2024-07-10 19:00:00,1.01,12.4,24.3,36.6,8.0,25.0,6.72,722.7,0.0,80.0,2.2,0.045,25.24,9.9,44.0,SURESTE
2024-07-10 20:00:00,0.85,25.2,28.7,54.1,5.0,52.0,17.49,712.2,0.0,78.0,2.7,0.011,23.89,8.8,27.0,CENTRO
2024-07-10 20:00:00,0.33,6.1,19.2,25.3,2.0,27.0,8.0,717.6,0.0,,2.4,0.0,23.58,4.7,49.0,NORTE
2024-07-10 20:00:00,0.98,13.1,29.6,42.7,4.0,32.0,8.14,723.4,0.0,80.0,2.1,0.007,25.03,14.4,83.0,SURESTE
2024-07-10 21:00:00,0.71,27.7,27.5,55.3,4.0,56.0,15.9,712.5,0.0,79.0,2.7,0.001,23.77,7.3,35.0,CENTRO
2024-07-10 21:00:00,0.38,4.7,17.3,22.0,4.0,28.0,7.0,717.8,0.0,,2.4,0.0,23.75,1.4,131.0,NORTE
2024-07-10 21:00:00,0.83,5.1,21.6,26.8,8.0,34.0,8.33,723.6,0.0,76.0,2.1,0.0,25.63,14.2,68.0,SURESTE
2024-07-10 22:00:00,0.75,30.3,25.5,56.0,4.0,59.0,19.77,712.5,0.0,80.0,2.8,0.001,23.62,8.3,38.0,CENTRO
2024-07-10 22:00:00,0.36,2.9,13.9,16.8,6.0,30.0,7.0,718.0,0.0,4.0,2.4,0.0,24.06,3.7,102.0,NORTE
2024-07-10 22:00:00,0.95,12.9,23.6,36.5,3.0,36.0,9.56,723.6,0.0,82.0,2.1,0.0,24.71,15.3,51.0,SURESTE
2024-07-10 23:00:00,0.61,10.8,22.0,33.0,4.0,58.0,18.39,712.7,0.0,81.0,2.6,0.001,23.34,8.4,43.0,CENTRO
2024-07-10 23:00:00,0.35,11.6,14.6,26.2,4.0,36.0,8.0,718.0,0.0,6.0,2.3,0.0,24.18,2.5,72.0,NORTE
2024-07-10 23:00:00,0.77,5.0,14.5,19.4,9.0,38.0,9.26,723.7,0.0,83.0,2.2,0.0,24.46,13.0,76.0,SURESTE
2024-07-11 00:00:00,0.57,9.1,21.6,31.0,,52.0,17.06,712.9,0.0,80.0,2.5,0.001,23.36,8.4,36.0,CENTRO
2024-07-11 00:00:00,0.3,12.5,15.4,27.9,3.0,47.0,10.0,717.4,0.0,8.0,2.4,0.0,23.84,4.0,84.0,NORTE
2024-07-11 00:00:00,0.66,2.1,7.4,9.5,14.0,32.0,8.33,724.0,0.0,81.0,2.2,0.0,24.63,10.5,98.0,SURESTE
2024-07-11 01:00:00,0.44,2.2,11.5,14.0,9.0,54.0,12.64,713.0,0.0,79.0,2.5,0.001,23.52,7.3,45.0,CENTRO
2024-07-11 01:00:00,0.3,3.2,12.8,16.0,5.0,45.0,8.0,717.0,0.0,10.0,2.4,0.0,23.88,2.3,133.0,NORTE
2024-07-11 01:00:00,0.67,2.1,6.7,8.9,14.0,25.0,7.89,724.1,0.0,81.0,2.0,0.0,24.67,10.9,91.0,SURESTE
2024-07-11 02:00:00,0.4,2.0,9.2,11.4,12.0,42.0,11.3,712.5,0.0,78.0,2.5,0.001,23.54,6.8,43.0,CENTRO
2024-07-11 02:00:00,0.28,4.2,11.3,15.5,7.0,36.0,8.0,716.7,0.0,13.0,2.5,0.0,24.01,1.9,95.0,NORTE
2024-07-11 02:00:00,0.61,2.1,4.4,6.4,17.0,18.0,6.93,723.6,0.0,78.0,1.9,0.0,24.92,7.7,124.0,SURESTE
2024-07-11 03:00:00,0.4,1.9,6.4,8.6,14.0,33.0,9.66,712.0,0.0,76.0,2.5,0.001,23.56,6.1,80.0,CENTRO
2024-07-11 03:00:00,0.23,1.8,7.2,9.0,11.0,45.0,6.0,716.8,0.0,17.0,2.5,0.0,24.1,4.1,114.0,NORTE
2024-07-11 03:00:00,0.59,2.1,4.5,6.6,16.0,16.0,5.43,723.2,0.0,77.0,1.8,0.0,24.81,6.7,133.0,SURESTE
2024-07-11 04:00:00,0.32,1.9,3.5,5.6,18.0,34.0,8.16,711.9,0.0,74.0,2.5,0.001,23.53,6.8,87.0,CENTRO
2024-07-11 04:00:00,0.23,2.2,7.8,10.0,10.0,35.0,7.0,717.0,0.0,19.0,2.4,0.0,24.02,5.2,123.0,NORTE
2024-07-11 04:00:00,0.59,2.1,4.0,6.0,15.0,17.0,5.36,723.0,0.0,78.0,1.8,0.0,24.63,7.5,120.0,SURESTE
2024-07-11 05:00:00,0.35,,3.4,5.5,18.0,24.0,8.89,711.9,0.0,73.0,2.6,0.001,23.52,5.9,78.0,CENTRO
2024-07-11 05:00:00,0.3,5.7,11.3,17.0,5.0,43.0,11.0,717.3,0.0,20.0,2.4,0.025,23.88,5.9,96.0,NORTE
2024-07-11 05:00:00,0.58,2.1,3.8,5.8,14.0,20.0,6.52,723.0,0.0,81.0,1.7,0.0,24.25,6.9,92.0,SURESTE
2024-07-11 06:00:00,0.33,2.0,5.7,7.9,15.0,31.0,9.38,712.0,0.0,76.0,2.6,0.001,23.29,5.9,62.0,CENTRO
2024-07-11 06:00:00,0.33,7.5,9.9,17.5,8.0,50.0,13.0,717.7,0.0,25.0,2.4,0.12,24.28,6.7,74.0,NORTE
2024-07-11 06:00:00,0.61,2.5,6.0,8.5,12.0,16.0,,723.2,0.0,82.0,1.7,0.0,24.19,6.6,113.0,SURESTE
2024-07-11 07:00:00,0.41,3.5,8.3,12.0,12.0,33.0,10.31,712.3,0.0,78.0,2.5,0.029,23.21,5.1,79.0,CENTRO
2024-07-11 07:00:00,0.31,8.1,8.5,16.7,12.0,60.0,14.0,718.0,0.0,13.0,2.4,0.221,25.33,6.9,82.0,NORTE
2024-07-11 07:00:00,0.68,3.4,9.2,12.6,10.0,13.0,,723.6,0.0,84.0,1.8,0.019,24.16,8.0,89.0,SURESTE
2024-07-11 08:00:00,0.47,9.2,11.1,20.5,11.0,37.0,12.29,712.7,0.0,77.0,2.5,0.229,23.91,6.3,45.0,CENTRO
2024-07-11 08:00:00,0.32,5.7,7.8,13.5,16.0,47.0,13.0,718.0,0.0,1.0,2.4,0.232,26.04,8.0,92.0,NORTE
2024-07-11 08:00:00,0.72,5.4,8.7,14.0,13.0,20.0,,723.8,0.0,81.0,1.7,0.13,24.91,9.9,84.0,SURESTE
2024-07-11 09:00:00,0.52,14.3,13.4,28.0,11.0,40.0,16.13,713.0,0.0,74.0,2.6,0.297,24.59,9.1,50.0,CENTRO
2024-07-11 09:00:00,0.35,4.9,6.7,11.7,26.0,37.0,11.0,718.0,0.0,,2.4,0.508,27.97,9.0,103.0,NORTE
2024-07-11 09:00:00,0.76,7.1,10.1,17.1,14.0,28.0,,724.3,0.0,79.0,1.7,0.141,25.39,12.8,79.0,SURESTE
2024-07-11 10:00:00,0.5,8.9,10.7,19.9,19.0,55.0,15.51,713.0,0.0,70.0,2.5,0.711,25.63,11.3,53.0,CENTRO
2024-07-11 10:00:00,0.29,4.1,6.6,10.7,32.0,47.0,11.0,717.8,0.0,,2.5,0.631,29.16,9.5,110.0,NORTE
2024-07-11 10:00:00,0.67,4.2,5.9,10.0,22.0,36.0,,724.3,0.0,73.0,1.8,0.325,26.36,16.2,97.0,SURESTE
2024-07-11 11:00:00,0.45,4.8,8.2,13.3,28.0,47.0,11.49,712.9,0.0,61.0,2.5,0.758,26.99,13.8,48.0,CENTRO
2024-07-11 11:00:00,0.25,2.9,5.1,8.0,36.0,38.0,9.0,693.5,0.0,,2.7,0.614,28.91,10.1,103.0,NORTE
2024-07-11 11:00:00,0.72,4.2,5.4,9.7,28.0,24.0,,724.3,0.0,66.0,1.9,0.44,27.58,18.0,94.0,SURESTE
2024-07-11 12:00:00,0.42,4.3,8.0,12.6,33.0,40.0,13.3,712.7,0.0,56.0,2.5,0.853,27.93,14.5,48.0,CENTRO
2024-07-11 12:00:00,0.22,2.2,4.5,6.7,35.0,38.0,10.0,,0.0,,2.6,0.277,21.98,6.1,111.0,NORTE
2024-07-11 12:00:00,0.7,3.3,5.3,8.7,28.0,31.0,,724.1,0.0,59.0,2.0,0.534,28.97,17.7,91.0,SURESTE
2024-07-11 13:00:00,0.44,3.6,8.1,11.9,31.0,45.0,12.21,712.4,0.0,54.0,2.4,0.382,28.06,14.3,58.0,CENTRO
2024-07-11 13:00:00,0.72,2.9,6.2,9.1,33.0,52.0,10.0,716.6,0.0,,3.1,0.209,29.95,10.4,130.0,NORTE
2024-07-11 13:00:00,0.66,3.2,5.0,8.3,26.0,34.0,,723.8,0.0,56.0,1.9,0.308,29.27,14.0,118.0,SURESTE
2024-07-11 14:00:00,0.42,3.0,7.1,10.3,28.0,44.0,12.11,712.1,0.0,52.0,2.5,0.157,28.16,13.2,76.0,CENTRO
2024-07-11 14:00:00,0.71,3.0,5.3,8.3,30.0,35.0,8.0,716.2,0.0,,2.9,0.289,30.18,9.2,153.0,NORTE
2024-07-11 14:00:00,0.68,3.4,5.2,8.7,27.0,41.0,11.03,723.4,0.0,55.0,1.8,0.205,29.7,14.2,125.0,SURESTE
2024-07-11 15:00:00,0.46,3.1,9.0,12.3,26.0,48.0,13.88,711.9,0.0,57.0,2.3,0.093,27.69,11.6,74.0,CENTRO
2024-07-11 15:00:00,0.7,2.4,5.2,7.7,33.0,31.0,9.0,715.9,0.0,,3.4,0.147,30.2,10.8,137.0,NORTE
2024-07-11 15:00:00,0.72,3.8,7.6,11.3,24.0,39.0,10.61,723.1,0.0,59.0,1.9,0.084,29.15,11.8,122.0,SURESTE
2024-07-11 16:00:00,0.4,3.3,6.4,10.0,24.0,49.0,12.48,711.6,0.0,57.0,2.5,0.328,27.89,9.1,136.0,CENTRO
2024-07-11 16:00:00,0.81,3.3,8.6,11.9,26.0,40.0,9.0,715.7,0.0,,3.1,0.07,30.11,8.7,154.0,NORTE
2024-07-11 16:00:00,0.67,3.4,5.4,8.8,24.0,48.0,11.45,722.7,0.0,56.0,2.0,0.123,29.44,10.1,147.0,SURESTE
2024-07-11 17:00:00,0.43,3.9,6.4,10.5,23.0,37.0,14.74,711.5,0.0,55.0,2.4,0.547,28.59,9.6,124.0,CENTRO
2024-07-11 17:00:00,,,,,,,,,,,,0.0,,,,NORTE
2024-07-11 17:00:00,0.68,3.4,5.7,9.1,24.0,37.0,8.82,722.5,0.0,55.0,1.9,0.109,29.93,9.1,139.0,SURESTE
2024-07-11 18:00:00,0.41,3.6,6.3,10.1,24.0,42.0,13.66,711.2,0.0,52.0,2.5,0.318,28.75,8.9,118.0,CENTRO
2024-07-11 18:00:00,,,,,,,,,,,,0.0,,,,NORTE
2024-07-11 18:00:00,0.67,3.7,6.1,9.8,23.0,45.0,10.17,722.2,0.0,56.0,1.8,0.127,29.86,11.9,140.0,SURESTE
2024-07-11 19:00:00,0.42,3.1,6.2,9.5,24.0,43.0,10.83,711.5,0.0,62.0,2.6,0.157,26.79,15.1,116.0,CENTRO
2024-07-11 19:00:00,,,,,,,,,,,,0.0,,,,NORTE
2024-07-11 19:00:00,0.68,3.4,5.6,9.1,22.0,43.0,9.62,722.8,0.12,73.0,2.4,0.041,26.17,19.1,136.0,SURESTE
2024-07-11 20:00:00,0.46,2.7,8.1,11.0,20.0,38.0,8.12,712.4,0.0,76.0,2.6,0.02,23.95,12.7,93.0,CENTRO
2024-07-11 20:00:00,,,,,,,,,,,,0.0,,,,NORTE
2024-07-11 20:00:00,0.7,2.7,5.8,8.4,22.0,29.0,7.83,723.7,0.98,88.0,2.0,0.003,23.01,14.8,113.0,SURESTE
2024-07-11 21:00:00,0.41,2.1,7.9,10.2,21.0,32.0,5.99,713.2,0.65,84.0,2.5,0.001,22.14,11.0,100.0,CENTRO
2024-07-11 21:00:00,,,,,,,,,,,,0.0,,,,NORTE
2024-07-11 21:00:00,0.79,3.2,9.8,13.0,16.0,10.0,4.29,724.4,0.15,90.0,1.8,0.0,23.53,11.3,75.0,SURESTE
2024-07-11 22:00:00,0.42,2.0,6.8,9.0,24.0,26.0,5.4,713.7,0.23,90.0,2.5,0.001,21.01,9.0,72.0,CENTRO
2024-07-11 22:00:00,0.76,2.0,10.4,12.4,13.0,25.0,4.0,718.1,0.0,4.0,2.3,0.003,23.03,4.8,175.0,NORTE
2024-07-11 22:00:00,0.74,2.6,8.7,11.3,19.0,14.0,4.41,724.8,0.26,90.0,1.8,0.0,22.99,8.6,103.0,SURESTE
2024-07-11 23:00:00,0.42,1.9,8.3,10.4,21.0,31.0,4.87,713.6,0.08,91.0,2.5,0.001,20.96,5.7,114.0,CENTRO
2024-07-11 23:00:00,0.7,1.8,7.3,9.1,14.0,25.0,5.0,717.7,0.0,5.0,2.4,0.002,23.26,4.8,116.0,NORTE
2024-07-11 23:00:00,0.77,2.2,10.8,12.9,17.0,13.0,5.05,724.8,0.1,90.0,1.8,0.0,22.54,3.3,89.0,SURESTE
2024-07-12 00:00:00,0.4,1.8,6.0,8.1,23.0,23.0,3.82,713.0,0.05,92.0,2.5,0.001,20.94,8.6,96.0,CENTRO
2024-07-12 00:00:00,0.65,1.8,5.5,7.2,18.0,23.0,4.0,717.4,0.0,7.0,2.3,0.007,23.03,5.8,107.0,NORTE
2024-07-12 00:00:00,0.76,2.5,11.0,13.4,14.0,10.0,4.17,724.2,0.02,90.0,1.7,0.002,22.75,4.9,299.0,SURESTE
2024-07-12 01:00:00,0.34,1.9,4.1,6.2,23.0,23.0,3.02,712.5,0.05,92.0,2.5,0.001,20.85,5.4,115.0,CENTRO
2024-07-12 01:00:00,0.62,1.6,3.5,5.2,19.0,24.0,4.0,716.8,0.0,7.0,2.4,0.003,23.02,5.6,134.0,NORTE
2024-07-12 01:00:00,0.68,2.3,10.2,12.5,14.0,7.0,4.2,723.6,0.02,90.0,1.7,0.002,22.68,4.8,274.0,SURESTE
2024-07-12 02:00:00,0.37,1.8,3.9,6.0,23.0,21.0,3.84,712.2,0.02,92.0,2.5,0.001,20.92,5.2,84.0,CENTRO
2024-07-12 02:00:00,0.62,1.6,3.6,5.2,17.0,30.0,5.0,716.6,0.0,6.0,2.4,0.0,23.19,4.7,129.0,NORTE
2024-07-12 02:00:00,0.66,2.4,13.7,16.0,12.0,14.0,3.33,723.3,0.02,90.0,1.7,0.002,22.55,2.9,240.0,SURESTE
2024-07-12 03:00:00,0.4,1.8,6.3,8.4,19.0,19.0,5.04,711.8,0.0,92.0,2.4,0.001,21.12,3.8,12.0,CENTRO
2024-07-12 03:00:00,0.62,1.8,5.0,6.8,13.0,24.0,7.0,716.9,0.0,4.0,2.4,0.0,23.33,4.6,117.0,NORTE
2024-07-12 03:00:00,0.67,2.7,18.9,21.6,6.0,10.0,3.73,722.7,0.0,90.0,1.7,0.001,22.78,2.0,189.0,SURESTE
2024-07-12 04:00:00,0.44,1.9,10.5,12.7,14.0,21.0,8.47,711.7,0.0,92.0,2.5,0.001,21.37,4.6,6.0,CENTRO
2024-07-12 04:00:00,0.64,2.2,7.3,9.4,9.0,28.0,10.0,717.5,0.0,4.0,2.3,0.0,23.35,3.3,79.0,NORTE
2024-07-12 04:00:00,0.64,2.1,7.9,10.0,14.0,12.0,5.54,722.7,0.0,89.0,1.7,0.0,22.99,4.4,87.0,SURESTE
2024-07-12 05:00:00,0.45,3.3,15.0,18.5,8.0,27.0,12.76,711.9,0.0,91.0,2.5,0.001,21.63,4.1,24.0,CENTRO
2024-07-12 05:00:00,0.7,3.9,9.1,13.0,7.0,26.0,10.0,717.8,0.0,10.0,2.5,0.011,23.23,7.4,93.0,NORTE
2024-07-12 05:00:00,0.6,2.0,3.5,5.5,18.0,13.0,4.71,723.0,0.0,90.0,1.8,0.0,22.93,7.5,95.0,SURESTE
2024-07-12 06:00:00,0.4,2.0,7.4,9.7,13.0,45.0,10.27,712.5,0.0,91.0,2.4,0.001,21.77,5.7,54.0,CENTRO
2024-07-12 06:00:00,0.77,6.2,10.2,16.3,6.0,35.0,11.0,718.3,0.0,18.0,2.4,0.023,23.15,6.6,97.0,NORTE
2024-07-12 06:00:00,0.63,2.5,6.6,9.0,11.0,16.0,4.61,723.6,0.0,89.0,1.7,0.001,23.09,7.3,116.0,SURESTE
2024-07-12 07:00:00,0.42,3.9,10.4,14.6,9.0,36.0,12.77,712.9,0.0,90.0,2.5,0.019,22.01,5.8,48.0,CENTRO
2024-07-12 07:00:00,0.78,7.5,8.3,15.7,9.0,,12.0,718.7,0.0,18.0,2.3,0.138,23.81,7.5,88.0,NORTE
2024-07-12 07:00:00,0.71,3.8,9.5,13.3,9.0,17.0,6.82,724.0,0.0,89.0,1.7,0.016,23.21,8.4,108.0,SURESTE
2024-07-12 08:00:00,0.51,7.9,11.6,19.8,8.0,41.0,22.1,713.2,0.0,87.0,2.5,0.077,22.39,7.7,58.0,CENTRO
2024-07-12 08:00:00,0.74,5.5,7.3,12.7,12.0,64.0,14.0,718.8,0.0,,2.3,0.135,24.62,6.8,74.0,NORTE
2024-07-12 08:00:00,0.73,5.0,8.9,13.8,9.0,31.0,8.46,724.5,0.0,89.0,1.7,0.045,23.35,8.7,90.0,SURESTE
2024-07-12 09:00:00,0.6,11.3,11.6,23.2,9.0,54.0,28.22,713.6,0.0,83.0,2.5,0.229,23.08,7.5,57.0,CENTRO
2024-07-12 09:00:00,0.72,4.8,6.3,11.1,17.0,54.0,15.0,718.9,0.0,,2.4,0.233,25.69,7.1,91.0,NORTE
2024-07-12 09:00:00,0.72,4.3,7.6,11.9,12.0,42.0,15.41,724.8,0.0,87.0,1.9,0.059,23.68,9.6,85.0,SURESTE
2024-07-12 10:00:00,0.56,14.7,13.4,28.3,12.0,60.0,30.12,713.7,0.0,76.0,2.6,0.358,24.36,6.4,37.0,CENTRO
2024-07-12 10:00:00,0.77,4.3,7.1,11.4,21.0,49.0,14.0,719.1,0.0,,2.4,0.212,26.49,7.7,122.0,NORTE
2024-07-12 10:00:00,0.74,6.4,9.4,15.7,13.0,47.0,15.44,725.0,0.0,84.0,1.9,0.118,24.51,8.1,69.0,SURESTE
2024-07-12 11:00:00,0.57,8.9,15.3,24.5,12.0,64.0,32.34,713.9,0.0,75.0,2.6,0.122,24.38,7.4,21.0,CENTRO
2024-07-12 11:00:00,0.79,3.5,6.8,10.3,25.0,49.0,13.0,718.8,0.0,,2.4,0.212,26.49,8.9,131.0,NORTE
2024-07-12 11:00:00,0.8,7.0,9.8,16.7,16.0,50.0,17.97,725.4,0.0,80.0,2.1,0.147,25.2,9.9,97.0,SURESTE
2024-07-12 12:00:00,0.58,6.0,12.9,19.1,20.0,70.0,29.42,714.0,0.0,73.0,2.4,0.271,24.9,7.9,67.0,CENTRO
2024-07-12 12:00:00,0.77,3.8,6.8,10.6,24.0,46.0,13.0,718.5,0.0,,2.2,0.249,27.1,7.8,133.0,NORTE
2024-07-12 12:00:00,0.85,5.1,7.6,12.6,21.0,56.0,18.92,725.5,0.0,77.0,2.1,0.21,25.81,11.2,114.0,SURESTE
2024-07-12 13:00:00,0.55,4.6,10.8,15.7,27.0,64.0,26.64,713.8,0.0,69.0,2.5,0.382,25.64,8.9,64.0,CENTRO
2024-07-12 13:00:00,0.78,3.8,6.3,10.1,28.0,51.0,15.0,718.0,0.0,,2.4,0.317,27.41,10.4,134.0,NORTE
2024-07-12 13:00:00,0.86,4.2,7.7,11.8,24.0,52.0,18.63,725.1,0.0,75.0,2.0,0.149,26.14,11.2,102.0,SURESTE
2024-07-12 14:00:00,0.57,5.2,11.4,16.9,28.0,60.0,28.44,713.5,0.0,69.0,2.5,0.455,25.85,10.2,57.0,CENTRO
2024-07-12 14:00:00,0.79,3.2,7.2,10.4,28.0,54.0,14.0,717.8,0.0,,2.3,0.164,26.93,10.7,131.0,NORTE
2024-07-12 14:00:00,0.87,4.7,8.3,12.9,23.0,53.0,21.99,724.8,0.0,75.0,2.3,0.195,26.24,12.4,96.0,SURESTE
2024-07-12 15:00:00,0.49,4.0,8.2,12.6,30.0,62.0,24.73,713.1,0.0,68.0,2.5,0.463,26.15,12.4,60.0,CENTRO
2024-07-12 15:00:00,0.85,3.3,7.7,10.9,26.0,49.0,9.0,717.6,0.0,,2.6,0.136,26.86,10.4,132.0,NORTE
2024-07-12 15:00:00,0.78,4.2,5.7,9.9,21.0,59.0,24.38,724.5,0.0,74.0,2.1,0.182,26.52,13.8,108.0,SURESTE
2024-07-12 16:00:00,0.51,4.6,8.4,13.3,21.0,54.0,18.15,712.8,0.0,67.0,2.5,0.314,26.12,12.5,61.0,CENTRO
2024-07-12 16:00:00,0.78,3.3,7.7,11.0,25.0,39.0,11.0,717.6,0.0,,2.9,0.102,27.27,9.7,129.0,NORTE
2024-07-12 16:00:00,0.82,4.6,6.8,11.4,20.0,43.0,15.24,724.1,0.01,75.0,1.8,0.12,26.28,14.7,107.0,SURESTE
2024-07-12 17:00:00,0.53,5.1,9.5,14.8,21.0,52.0,15.67,712.6,0.0,69.0,2.5,0.257,25.73,11.9,62.0,CENTRO
2024-07-12 17:00:00,0.81,3.7,9.7,13.4,19.0,45.0,13.0,717.8,0.0,,2.6,0.025,26.93,10.6,129.0,NORTE
2024-07-12 17:00:00,0.74,4.0,6.5,10.5,23.0,42.0,14.58,723.9,0.0,72.0,1.8,0.12,26.53,12.9,115.0,SURESTE
2024-07-12 18:00:00,0.44,3.2,6.7,10.1,26.0,43.0,12.5,712.7,0.0,64.0,2.5,0.221,26.13,12.5,124.0,CENTRO
2024-07-12 18:00:00,0.88,3.8,12.0,15.8,13.0,,13.0,718.2,0.0,,2.6,0.017,26.3,7.9,125.0,NORTE
2024-07-12 18:00:00,0.78,3.9,6.3,10.2,24.0,32.0,9.98,724.0,0.0,68.0,1.7,0.107,27.19,12.3,94.0,SURESTE
2024-07-12 19:00:00,0.47,2.7,8.6,11.6,26.0,39.0,11.05,713.0,0.0,63.0,2.5,0.076,25.98,11.7,124.0,CENTRO
2024-07-12 19:00:00,0.92,3.8,12.0,15.8,12.0,,12.0,718.8,0.0,,2.4,0.017,24.97,9.7,141.0,NORTE
2024-07-12 19:00:00,0.82,3.6,8.4,12.0,24.0,37.0,11.16,724.3,0.0,67.0,1.7,0.042,27.11,12.0,102.0,SURESTE
2024-07-12 20:00:00,0.47,2.1,9.1,11.4,28.0,38.0,10.77,713.2,0.0,64.0,2.5,0.012,25.77,9.8,117.0,CENTRO
2024-07-12 20:00:00,0.86,2.6,10.1,12.7,13.0,70.0,11.0,719.2,0.0,,2.4,0.0,24.16,8.0,129.0,NORTE
2024-07-12 20:00:00,0.85,3.7,10.4,14.0,23.0,32.0,10.01,724.4,0.0,67.0,1.8,0.004,27.04,11.6,96.0,SURESTE
2024-07-12 21:00:00,0.56,2.3,11.9,14.4,20.0,46.0,13.42,713.4,0.0,67.0,,0.001,25.45,8.8,102.0,CENTRO
2024-07-12 21:00:00,0.8,2.6,8.9,11.5,13.0,41.0,10.0,719.7,0.0,,2.3,0.0,24.06,9.8,114.0,NORTE
2024-07-12 21:00:00,0.68,3.0,5.6,8.7,23.0,35.0,7.96,724.8,0.03,77.0,1.7,0.0,25.13,16.9,131.0,SURESTE
2024-07-12 22:00:00,0.4,2.1,5.2,7.5,25.0,44.0,12.21,713.8,0.0,70.0,2.4,0.001,24.6,11.2,137.0,CENTRO
2024-07-12 22:00:00,0.75,2.4,8.3,10.7,12.0,36.0,10.0,719.9,0.0,,2.5,0.0,23.86,7.8,134.0,NORTE
2024-07-12 22:00:00,0.7,2.9,6.9,9.8,20.0,25.0,8.09,725.0,0.0,75.0,1.6,0.0,25.43,13.3,111.0,SURESTE
2024-07-12 23:00:00,0.49,2.2,9.6,12.0,18.0,37.0,13.46,714.3,0.0,76.0,2.5,0.001,23.89,8.7,67.0,CENTRO
2024-07-12 23:00:00,0.75,1.9,8.7,10.7,11.0,44.0,11.0,719.7,0.0,,2.4,0.0,23.66,6.6,139.0,NORTE
2024-07-12 23:00:00,0.75,2.7,9.0,11.7,17.0,30.0,9.57,725.8,0.0,85.0,1.7,0.0,23.63,17.4,98.0,SURESTE
2024-07-13 00:00:00,0.52,2.0,9.9,12.2,17.0,37.0,11.46,714.5,0.0,77.0,2.4,0.001,23.46,7.8,62.0,CENTRO
2024-07-13 00:00:00,0.7,1.9,7.0,8.9,12.0,53.0,10.0,719.4,0.0,,2.4,0.0,23.55,7.7,125.0,NORTE
2024-07-13 00:00:00,0.63,2.1,4.3,6.4,25.0,19.0,8.29,725.9,0.0,84.0,1.7,0.0,23.39,16.4,86.0,SURESTE
2024-07-13 01:00:00,0.43,1.9,7.4,9.5,21.0,35.0,9.37,714.3,0.0,78.0,2.4,0.001,23.01,8.3,44.0,CENTRO
2024-07-13 01:00:00,0.65,1.8,4.7,6.5,14.0,45.0,8.0,718.9,0.0,,2.3,0.0,23.5,8.9,136.0,NORTE
2024-07-13 01:00:00,0.62,2.0,3.7,5.7,24.0,17.0,5.47,725.6,0.0,84.0,1.6,0.0,23.3,14.3,85.0,SURESTE
2024-07-13 02:00:00,0.44,1.9,6.2,8.3,21.0,37.0,9.38,714.1,0.0,82.0,2.5,0.001,22.48,6.6,37.0,CENTRO
2024-07-13 02:00:00,0.62,1.7,3.6,5.3,15.0,34.0,8.0,718.7,0.0,,2.3,0.0,23.46,8.6,144.0,NORTE
2024-07-13 02:00:00,0.62,2.0,4.1,6.0,22.0,13.0,5.44,725.4,0.0,86.0,1.7,0.0,23.09,14.9,85.0,SURESTE
2024-07-13 03:00:00,0.43,,6.4,8.4,18.0,32.0,10.31,713.7,0.0,82.0,2.5,0.001,22.43,5.2,11.0,CENTRO
2024-07-13 03:00:00,0.62,1.8,3.5,5.3,15.0,30.0,,718.9,0.0,,2.3,0.0,23.59,7.0,149.0,NORTE
2024-07-13 03:00:00,0.61,2.0,3.3,5.2,19.0,17.0,5.17,724.8,0.0,88.0,1.6,0.0,22.99,13.3,102.0,SURESTE
2024-07-13 04:00:00,0.42,2.6,10.6,13.4,12.0,37.0,14.55,713.5,0.0,82.0,2.4,0.001,22.48,6.9,28.0,CENTRO
2024-07-13 04:00:00,0.63,1.8,5.5,7.3,13.0,33.0,9.0,719.2,0.0,,2.5,0.0,23.55,6.3,143.0,NORTE
2024-07-13 04:00:00,0.59,2.1,3.4,5.4,16.0,24.0,5.17,724.7,0.0,87.0,1.7,0.0,23.17,6.7,153.0,SURESTE
2024-07-13 05:00:00,0.39,2.2,7.5,10.0,13.0,44.0,13.93,713.7,0.0,80.0,2.4,0.001,22.66,3.7,2.0,CENTRO
2024-07-13 05:00:00,0.65,2.2,5.8,8.0,12.0,33.0,9.0,719.9,0.0,,2.3,0.018,23.68,4.4,161.0,NORTE
2024-07-13 05:00:00,0.59,2.0,3.5,5.5,16.0,25.0,5.21,724.9,0.0,85.0,1.6,0.0,23.37,7.0,28.0,SURESTE
2024-07-13 06:00:00,0.45,2.3,11.0,13.5,9.0,39.0,14.59,714.0,0.0,81.0,2.4,0.001,22.57,3.3,19.0,CENTRO
2024-07-13 06:00:00,0.72,4.5,6.7,11.2,13.0,37.0,10.0,720.3,0.0,,2.4,0.135,24.96,5.4,133.0,NORTE
2024-07-13 06:00:00,0.61,2.2,4.7,6.9,13.0,30.0,5.21,725.3,0.0,87.0,1.6,0.0,23.02,6.6,58.0,SURESTE
2024-07-13 07:00:00,0.45,8.3,13.7,22.2,6.0,43.0,16.33,714.6,0.0,82.0,2.5,0.036,22.65,3.2,21.0,CENTRO
2024-07-13 07:00:00,0.75,5.0,6.2,11.2,19.0,37.0,12.0,720.5,0.0,,2.4,0.347,26.66,6.1,107.0,NORTE
2024-07-13 07:00:00,0.68,4.1,8.1,12.1,9.0,33.0,6.38,726.1,0.0,87.0,1.7,0.028,23.25,4.0,124.0,SURESTE
2024-07-13 08:00:00,0.54,17.1,14.9,32.3,9.0,46.0,23.15,715.1,0.0,76.0,2.5,0.26,24.09,3.7,10.0,CENTRO
2024-07-13 08:00:00,0.75,4.0,4.8,8.8,25.0,49.0,12.0,720.3,0.0,,2.2,0.549,27.86,7.0,105.0,NORTE
2024-07-13 08:00:00,0.69,4.9,6.8,11.8,15.0,40.0,6.42,726.5,0.0,80.0,1.8,0.177,24.95,6.3,80.0,SURESTE
2024-07-13 09:00:00,0.59,10.1,11.8,22.2,16.0,52.0,21.05,715.2,0.0,71.0,2.4,0.509,24.89,6.4,23.0,CENTRO
2024-07-13 09:00:00,,,,,,,,,,,,0.0,,,,NORTE
2024-07-13 09:00:00,0.69,5.5,7.4,12.8,20.0,40.0,7.6,726.6,0.0,73.0,1.7,0.303,26.37,6.3,66.0,SURESTE
2024-07-13 10:00:00,0.62,10.3,13.0,23.6,20.0,55.0,24.87,715.1,0.0,67.0,2.4,0.763,25.81,7.9,14.0,CENTRO
2024-07-13 10:00:00,,,,,,,,,,,,0.0,,,,NORTE
2024-07-13 10:00:00,0.68,5.2,8.3,13.5,25.0,37.0,7.61,726.6,0.0,69.0,1.7,0.34,27.04,6.9,73.0,SURESTE
2024-07-13 11:00:00,0.6,6.7,12.3,19.2,30.0,66.0,28.49,715.1,0.0,62.0,2.4,0.874,26.76,8.7,15.0,CENTRO
2024-07-13 11:00:00,,,,,,,,,,,,0.0,,,,NORTE
2024-07-13 11:00:00,0.72,4.1,7.2,11.4,28.0,39.0,8.12,726.6,0.0,69.0,1.7,0.317,27.12,9.0,99.0,SURESTE
2024-07-13 12:00:00,0.59,6.1,13.9,20.3,38.0,74.0,30.1,715.2,0.0,59.0,2.3,0.799,27.45,9.2,15.0,CENTRO
2024-07-13 12:00:00,,,,,,,,,,,,0.0,,,,NORTE
2024-07-13 12:00:00,0.74,3.4,5.0,8.5,29.0,54.0,8.78,726.7,0.0,63.0,1.7,0.444,28.17,12.8,95.0,SURESTE
2024-07-13 13:00:00,0.45,3.3,8.3,11.9,37.0,74.0,26.67,715.0,0.0,56.0,2.4,0.495,27.93,9.5,56.0,CENTRO
2024-07-13 13:00:00,,,,,,,,,,,,0.0,,,,NORTE
2024-07-13 13:00:00,0.73,3.8,4.9,8.7,28.0,73.0,9.51,726.5,0.0,58.0,1.7,0.568,29.43,16.3,111.0,SURESTE
2024-07-13 14:00:00,0.48,2.7,7.7,10.7,39.0,69.0,24.85,714.6,0.0,54.0,2.5,0.407,28.61,9.2,96.0,CENTRO
2024-07-13 14:00:00,,,,,,,,,,,,0.0,,,,NORTE
2024-07-13 14:00:00,0.74,3.5,5.5,9.0,26.0,76.0,10.27,726.1,0.0,58.0,1.7,0.196,29.46,14.3,124.0,SURESTE
2024-07-13 15:00:00,0.44,2.6,5.4,8.3,31.0,63.0,22.25,714.3,0.0,55.0,2.4,0.452,28.59,9.0,134.0,CENTRO
2024-07-13 15:00:00,,,,,,,,,,,,0.0,,,,NORTE
2024-07-13 15:00:00,0.77,4.1,5.7,9.8,24.0,80.0,10.62,725.8,0.0,57.0,1.7,0.232,29.98,13.4,117.0,SURESTE
2024-07-13 16:00:00,0.42,2.6,6.1,9.0,26.0,64.0,29.12,714.0,0.0,55.0,2.4,0.191,28.54,9.0,136.0,CENTRO
2024-07-13 16:00:00,,,,,,,,,,,,0.0,,,,NORTE
2024-07-13 16:00:00,0.86,3.9,7.3,11.2,22.0,96.0,12.06,725.5,0.0,60.0,1.8,0.098,29.59,11.2,114.0,SURESTE
2024-07-13 17:00:00,0.44,2.7,5.9,8.8,26.0,75.0,30.96,713.8,0.0,56.0,2.4,0.29,28.79,8.9,130.0,CENTRO
2024-07-13 17:00:00,,,,,,,,,,,,0.0,,,,NORTE
2024-07-13 17:00:00,0.77,4.3,6.9,11.2,20.0,106.0,14.33,725.1,0.0,60.0,1.7,0.118,29.73,10.3,135.0,SURESTE
2024-07-13 18:00:00,0.42,2.9,6.3,9.4,25.0,76.0,31.2,713.9,0.0,58.0,2.4,0.243,28.4,11.0,105.0,CENTRO
2024-07-13 18:00:00,,,,,,,,,,,,0.0,,,,NORTE
2024-07-13 18:00:00,0.7,4.1,6.9,11.0,19.0,89.0,19.61,725.3,0.0,65.0,1.7,0.061,28.43,9.8,157.0,SURESTE
2024-07-13 19:00:00,0.44,2.3,6.1,8.6,23.0,73.0,28.16,714.1,0.0,63.0,2.4,0.076,26.8,11.5,127.0,CENTRO
2024-07-13 19:00:00,,,,,,,,,,,,0.0,,,,NORTE
2024-07-13 19:00:00,0.66,3.4,6.1,9.5,21.0,88.0,22.06,725.4,0.01,63.0,1.7,0.042,28.63,9.5,163.0,SURESTE
2024-07-13 20:00:00,0.47,2.0,7.4,9.6,19.0,67.0,27.84,714.3,0.0,67.0,2.5,0.012,25.87,8.9,127.0,CENTRO
2024-07-13 20:00:00,,,,,,,,,,,,0.0,,,,NORTE
2024-07-13 20:00:00,0.77,3.2,9.1,12.2,19.0,83.0,23.19,725.6,0.0,63.0,1.7,0.005,28.41,7.8,103.0,SURESTE
2024-07-13 21:00:00,0.47,1.9,7.5,9.6,18.0,67.0,32.11,714.5,0.0,65.0,2.5,0.001,26.19,6.9,116.0,CENTRO
2024-07-13 21:00:00,,,,,,,,,,,,0.0,,,,NORTE
2024-07-13 21:00:00,0.73,3.2,7.5,10.7,18.0,96.0,29.37,725.9,0.0,60.0,1.7,0.0,28.71,10.3,111.0,SURESTE
2024-07-13 22:00:00,0.52,2.1,9.0,11.4,15.0,70.0,35.18,714.9,0.0,64.0,2.5,0.001,26.42,9.4,98.0,CENTRO
2024-07-13 22:00:00,,,,,,,,,,,,0.0,,,,NORTE
2024-07-13 22:00:00,0.72,3.4,6.9,10.2,15.0,110.0,36.86,726.3,0.0,67.0,1.7,0.0,27.51,15.5,99.0,SURESTE
2024-07-13 23:00:00,0.42,1.9,5.5,7.7,17.0,81.0,33.96,715.4,0.0,68.0,2.4,0.001,25.7,10.5,119.0,CENTRO
2024-07-13 23:00:00,,,,,,,,,,,,0.0,,,,NORTE
2024-07-13 23:00:00,0.67,2.8,5.0,7.8,16.0,92.0,24.1,726.6,0.0,70.0,1.7,0.0,26.91,16.3,118.0,SURESTE
2024-07-14 00:00:00,0.43,1.9,3.6,5.7,17.0,81.0,33.17,715.5,0.0,71.0,2.4,0.001,25.25,13.5,122.0,CENTRO
2024-07-14 00:00:00,,,,,,,,,,,,0.0,,,,NORTE
2024-07-14 00:00:00,0.69,4.3,4.8,9.2,14.0,90.0,21.71,726.9,0.0,74.0,1.7,0.0,26.23,17.4,111.0,SURESTE
2024-07-14 01:00:00,0.42,,5.9,8.0,13.0,87.0,33.1,715.2,0.0,74.0,2.4,0.001,24.78,7.4,89.0,CENTRO
2024-07-14 01:00:00,,,,,,,,,,,,0.0,,,,NORTE
2024-07-14 01:00:00,0.64,2.5,3.7,6.1,13.0,91.0,21.51,726.5,0.0,80.0,,0.0,25.12,17.2,99.0,SURESTE
2024-07-14 02:00:00,0.47,3.3,7.1,10.7,10.0,87.0,33.53,714.6,0.0,77.0,2.5,0.001,24.21,6.9,30.0,CENTRO
2024-07-14 02:00:00,,,,,,,,,,,,0.0,,,,NORTE
2024-07-14 02:00:00,0.64,2.4,4.3,6.7,11.0,87.0,20.51,726.0,0.0,83.0,,0.0,24.64,10.8,115.0,SURESTE
2024-07-14 03:00:00,0.42,3.9,8.5,12.6,8.0,94.0,34.48,714.3,0.0,79.0,2.4,0.001,23.65,5.8,40.0,CENTRO
2024-07-14 03:00:00,,,,,,,,,,,,0.0,,,,NORTE
2024-07-14 03:00:00,0.61,2.1,3.4,5.5,11.0,83.0,19.9,725.6,0.0,85.0,,0.0,24.27,10.9,101.0,SURESTE
2024-07-14 04:00:00,0.43,13.0,11.6,24.9,4.0,92.0,35.27,714.2,0.0,83.0,2.6,0.001,23.05,2.3,29.0,CENTRO
2024-07-14 04:00:00,,,,,,,,,,,,0.0,,,,NORTE
2024-07-14 04:00:00,0.61,2.0,3.2,5.2,11.0,83.0,19.9,725.5,0.0,86.0,,0.0,23.93,8.2,91.0,SURESTE
2024-07-14 05:00:00,0.48,2.6,7.7,10.6,7.0,93.0,32.56,714.2,0.0,83.0,2.5,0.001,22.97,3.3,45.0,CENTRO
2024-07-14 05:00:00,,,,,,,,,,,,0.0,,,,NORTE
2024-07-14 05:00:00,0.63,2.1,3.9,6.0,10.0,79.0,19.17,725.6,0.0,87.0,1.8,0.0,23.68,5.6,98.0,SURESTE
2024-07-14 06:00:00,0.46,2.3,8.9,11.4,6.0,88.0,32.7,714.4,0.0,84.0,2.5,0.001,22.89,4.2,56.0,CENTRO
2024-07-14 06:00:00,,,,,,,,,,,,0.0,,,,NORTE
2024-07-14 06:00:00,0.62,2.1,4.4,6.6,10.0,79.0,19.02,725.9,0.0,87.0,1.7,0.001,23.62,8.0,96.0,SURESTE
2024-07-14 07:00:00,0.46,6.7,9.2,16.1,7.0,86.0,34.69,714.8,0.0,84.0,2.5,0.03,22.85,4.3,57.0,CENTRO
2024-07-14 07:00:00,,,,,,,,,,,,0.0,,,,NORTE
2024-07-14 07:00:00,0.68,3.5,7.5,10.9,7.0,77.0,19.33,726.2,0.0,87.0,1.7,0.02,23.52,8.0,74.0,SURESTE
2024-07-14 08:00:00,0.49,9.5,10.0,19.8,6.0,90.0,38.31,715.0,0.0,82.0,2.4,0.151,23.27,4.8,65.0,CENTRO
2024-07-14 08:00:00,,,,,,,,,,,,0.0,,,,NORTE
2024-07-14 08:00:00,0.67,5.3,6.7,11.9,9.0,79.0,19.88,726.5,0.0,87.0,1.7,0.11,24.01,6.5,55.0,SURESTE
2024-07-14 09:00:00,0.54,8.5,10.0,18.7,11.0,91.0,43.15,715.0,0.0,74.0,2.5,0.266,24.84,4.5,347.0,CENTRO
2024-07-14 09:00:00,,,,,,,,,,,,0.0,,,,NORTE
2024-07-14 09:00:00,0.67,7.6,7.5,15.1,13.0,89.0,23.63,726.6,0.0,75.0,1.9,0.312,27.1,4.2,13.0,SURESTE
2024-07-14 10:00:00,0.49,5.8,7.8,13.9,19.0,89.0,40.02,715.1,0.0,67.0,2.5,0.717,26.05,5.8,350.0,CENTRO
2024-07-14 10:00:00,,,,,,,,,,,,0.0,,,,NORTE
2024-07-14 10:00:00,0.75,8.9,11.5,20.3,15.0,92.0,26.63,726.6,0.0,71.0,2.1,0.281,27.44,5.0,297.0,SURESTE
2024-07-14 11:00:00,0.54,4.0,8.3,12.6,35.0,89.0,42.34,715.1,0.0,61.0,2.4,0.856,27.62,6.9,24.0,CENTRO
2024-07-14 11:00:00,0.92,11.9,1.7,13.5,48.0,,24.0,702.2,0.0,,4.9,1.262,31.1,6.5,108.0,NORTE
2024-07-14 11:00:00,0.83,6.6,11.9,18.4,31.0,90.0,28.44,726.6,0.0,65.0,2.2,0.45,28.62,6.3,22.0,SURESTE
2024-07-14 12:00:00,0.59,4.5,11.6,16.3,45.0,91.0,47.91,714.9,0.0,59.0,2.5,0.964,28.37,8.6,61.0,CENTRO
2024-07-14 12:00:00,0.91,2.6,6.4,9.0,56.0,,23.0,719.5,0.0,,2.8,0.685,31.85,9.7,121.0,NORTE
2024-07-14 12:00:00,0.77,3.2,8.5,11.6,50.0,97.0,29.27,726.6,0.0,61.0,2.2,0.57,29.54,8.0,60.0,SURESTE
2024-07-14 13:00:00,0.55,4.1,14.4,18.8,61.0,100.0,50.64,714.7,0.0,54.0,2.5,1.068,29.33,8.9,46.0,CENTRO
2024-07-14 13:00:00,0.84,2.3,3.9,6.2,40.0,84.0,19.0,719.0,0.0,,3.0,0.726,32.76,11.2,134.0,NORTE
2024-07-14 13:00:00,0.79,2.9,9.5,12.3,63.0,95.0,30.48,726.2,0.0,58.0,2.1,0.532,30.25,12.4,71.0,SURESTE
2024-07-14 14:00:00,0.52,2.2,8.0,10.5,74.0,103.0,44.53,714.5,0.0,52.0,2.5,1.008,29.94,11.3,58.0,CENTRO
2024-07-14 14:00:00,0.82,2.5,3.5,6.0,37.0,62.0,17.0,718.5,0.0,,2.8,0.525,32.77,12.2,142.0,NORTE
2024-07-14 14:00:00,0.85,3.0,8.5,11.5,56.0,99.0,29.47,726.0,0.0,56.0,2.1,0.533,30.72,16.0,104.0,SURESTE
2024-07-14 15:00:00,0.47,2.3,6.0,8.6,56.0,89.0,38.7,714.0,0.0,47.0,2.6,1.083,30.68,13.6,64.0,CENTRO
2024-07-14 15:00:00,0.79,2.4,4.3,6.7,32.0,67.0,14.0,718.2,0.0,,3.2,0.236,32.0,13.1,125.0,NORTE
2024-07-14 15:00:00,0.74,3.8,6.2,10.0,37.0,111.0,38.27,725.4,0.0,51.0,2.2,0.514,31.39,18.3,115.0,SURESTE
2024-07-14 16:00:00,0.44,2.6,5.2,8.0,45.0,79.0,34.36,713.5,0.0,45.0,2.5,0.731,31.03,13.3,84.0,CENTRO
2024-07-14 16:00:00,0.77,2.2,4.4,6.6,29.0,57.0,10.0,718.0,0.0,,2.7,0.115,31.55,11.7,144.0,NORTE
2024-07-14 16:00:00,0.68,3.3,4.7,8.0,32.0,92.0,31.51,725.0,0.0,48.0,2.0,0.458,32.05,17.7,129.0,SURESTE
2024-07-14 17:00:00,0.4,2.0,3.8,6.0,36.0,79.0,29.95,713.3,0.0,46.0,2.5,0.23,30.32,12.1,125.0,CENTRO
2024-07-14 17:00:00,0.79,2.3,5.0,7.3,26.0,29.0,9.0,718.1,0.0,,2.6,0.07,31.23,12.2,139.0,NORTE
2024-07-14 17:00:00,0.65,3.2,4.8,8.1,28.0,71.0,21.63,724.7,0.0,49.0,1.9,0.167,31.43,16.8,134.0,SURESTE
2024-07-14 18:00:00,0.39,2.0,3.6,5.8,31.0,65.0,18.27,713.2,0.0,47.0,2.5,0.176,29.75,13.9,123.0,CENTRO
2024-07-14 18:00:00,0.82,2.3,5.7,8.0,23.0,24.0,11.0,718.3,0.0,,2.4,0.007,30.66,11.3,150.0,NORTE
2024-07-14 18:00:00,0.63,2.9,4.7,7.6,28.0,54.0,15.55,724.7,0.0,47.0,1.8,0.102,31.09,13.0,146.0,SURESTE
2024-07-14 19:00:00,0.42,,5.1,7.3,30.0,44.0,16.5,713.2,0.0,48.0,2.7,0.085,29.41,12.9,121.0,CENTRO
2024-07-14 19:00:00,0.84,2.1,6.8,8.8,19.0,33.0,12.0,718.3,0.0,,2.4,0.0,30.01,10.5,146.0,NORTE
2024-07-14 19:00:00,0.67,2.8,5.0,7.8,27.0,42.0,10.83,724.7,0.0,49.0,1.9,0.047,30.73,13.4,144.0,SURESTE
2024-07-14 20:00:00,0.44,1.8,6.5,8.6,26.0,45.0,16.32,713.4,0.0,52.0,2.6,0.011,28.92,9.9,126.0,CENTRO
2024-07-14 20:00:00,0.85,2.1,7.4,9.4,13.0,42.0,12.0,718.7,0.0,,2.6,0.0,28.64,14.2,139.0,NORTE
2024-07-14 20:00:00,0.62,2.6,4.4,7.0,26.0,23.0,9.25,724.7,0.0,51.0,1.8,0.006,30.28,12.3,145.0,SURESTE
2024-07-14 21:00:00,0.47,1.9,7.7,9.8,22.0,45.0,16.84,713.4,0.0,54.0,2.5,0.001,28.38,11.3,120.0,CENTRO
2024-07-14 21:00:00,0.78,2.0,5.4,7.4,13.0,50.0,,718.9,0.0,,2.4,0.0,27.69,11.3,145.0,NORTE
2024-07-14 21:00:00,0.62,2.6,4.8,7.4,24.0,29.0,9.66,724.7,0.0,53.0,1.9,0.0,29.87,10.8,145.0,SURESTE
2024-07-14 22:00:00,0.46,1.9,7.2,9.3,21.0,40.0,17.26,713.6,0.0,57.0,2.5,0.001,27.88,10.7,103.0,CENTRO
2024-07-14 22:00:00,0.78,1.8,4.7,6.5,15.0,50.0,11.0,719.0,0.0,,2.5,0.0,27.14,10.3,148.0,NORTE
2024-07-14 22:00:00,0.67,2.7,5.6,8.3,18.0,28.0,10.41,725.0,0.0,64.0,1.7,0.0,28.54,16.9,115.0,SURESTE
2024-07-14 23:00:00,0.44,,6.0,8.1,19.0,45.0,18.76,713.7,0.0,59.0,2.5,0.001,27.4,8.6,94.0,CENTRO
2024-07-14 23:00:00,0.72,1.6,4.3,5.9,16.0,49.0,10.0,718.5,0.0,,2.3,0.0,26.42,8.4,156.0,NORTE
2024-07-14 23:00:00,0.65,2.6,4.4,7.0,16.0,43.0,13.25,725.1,0.0,71.0,1.8,0.0,27.34,17.9,98.0,SURESTE
2024-07-15 00:00:00,0.44,,6.2,8.4,17.0,48.0,19.01,713.8,0.0,64.0,2.5,0.001,26.43,6.2,64.0,CENTRO
2024-07-15 00:00:00,0.71,1.7,4.1,5.8,15.0,39.0,9.0,717.9,0.0,,2.4,0.0,25.75,6.9,141.0,NORTE
2024-07-15 00:00:00,0.64,2.2,4.2,6.4,15.0,49.0,13.44,725.1,0.0,74.0,1.7,0.0,26.56,15.0,96.0,SURESTE
2024-07-15 01:00:00,0.41,1.8,5.1,7.1,18.0,50.0,18.1,713.4,0.0,66.0,2.5,0.001,25.82,8.0,53.0,CENTRO
2024-07-15 01:00:00,0.7,1.6,4.6,6.2,13.0,40.0,9.0,717.6,0.0,,2.5,0.0,25.24,6.4,114.0,NORTE
2024-07-15 01:00:00,0.65,2.1,5.1,7.2,14.0,38.0,12.75,724.6,0.0,76.0,1.8,0.0,25.84,10.8,102.0,SURESTE
2024-07-15 02:00:00,0.45,2.1,8.9,11.2,12.0,52.0,19.38,712.9,0.0,72.0,2.5,0.001,24.87,4.0,17.0,CENTRO
2024-07-15 02:00:00,0.7,1.7,5.9,7.6,10.0,39.0,10.0,717.5,0.0,,2.5,0.0,24.55,7.4,91.0,NORTE
2024-07-15 02:00:00,0.61,2.0,4.1,6.1,14.0,40.0,11.7,724.1,0.0,77.0,1.7,0.0,25.42,7.8,78.0,SURESTE
2024-07-15 03:00:00,0.45,3.7,14.4,18.4,7.0,51.0,22.79,712.6,0.0,74.0,2.4,0.001,24.51,5.8,15.0,CENTRO
2024-07-15 03:00:00,0.69,2.2,7.6,9.7,8.0,39.0,11.0,717.6,0.0,,2.6,0.0,24.15,6.8,72.0,NORTE
2024-07-15 03:00:00,0.58,2.0,3.0,5.0,15.0,37.0,11.31,723.6,0.0,81.0,1.8,0.0,24.59,10.0,61.0,SURESTE
2024-07-15 04:00:00,0.44,6.5,14.9,21.7,5.0,60.0,24.84,712.5,0.0,78.0,2.5,0.001,23.79,3.1,21.0,CENTRO
2024-07-15 04:00:00,0.68,2.8,10.2,13.0,4.0,48.0,13.0,717.8,0.0,,2.6,0.0,23.97,5.0,50.0,NORTE
2024-07-15 04:00:00,0.58,2.0,3.1,5.0,14.0,32.0,10.6,723.6,0.0,82.0,1.8,0.0,24.19,8.7,98.0,SURESTE
2024-07-15 05:00:00,0.46,2.7,12.9,15.7,7.0,61.0,24.19,712.7,0.0,80.0,2.5,0.001,23.37,2.0,29.0,CENTRO
2024-07-15 05:00:00,0.7,5.9,10.7,16.6,3.0,56.0,14.0,718.2,0.0,,2.5,0.0,23.7,6.4,35.0,NORTE
2024-07-15 05:00:00,0.6,2.1,4.4,6.5,12.0,29.0,10.41,723.9,0.0,84.0,1.7,0.0,23.85,5.1,52.0,SURESTE
2024-07-15 06:00:00,0.48,2.7,13.1,16.0,6.0,58.0,24.22,712.9,0.0,80.0,2.5,0.001,23.26,1.8,27.0,CENTRO
2024-07-15 06:00:00,0.74,5.6,9.6,15.2,6.0,59.0,16.0,718.7,0.0,,2.6,0.0,23.82,4.8,40.0,NORTE
2024-07-15 06:00:00,0.63,3.1,8.1,11.1,8.0,29.0,10.22,724.1,0.0,85.0,1.8,0.0,23.8,2.1,276.0,SURESTE
2024-07-15 07:00:00,0.65,5.3,13.0,18.5,6.0,59.0,27.45,713.2,0.0,79.0,2.5,0.017,23.62,2.8,15.0,CENTRO
2024-07-15 07:00:00,0.78,8.5,9.0,17.5,9.0,62.0,19.0,718.8,0.0,,2.7,0.0,25.15,4.6,37.0,NORTE
2024-07-15 07:00:00,0.71,7.9,12.7,20.6,5.0,34.0,11.48,724.5,0.0,84.0,1.8,0.015,24.17,1.9,343.0,SURESTE
2024-07-15 08:00:00,0.54,7.9,10.9,19.0,9.0,56.0,30.29,713.7,0.0,75.0,2.5,0.207,24.38,6.0,342.0,CENTRO
2024-07-15 08:00:00,0.76,7.3,8.0,15.3,14.0,72.0,23.0,718.6,0.0,,2.8,0.0,26.75,5.9,44.0,NORTE
2024-07-15 08:00:00,0.83,16.1,14.3,30.3,5.0,35.0,13.82,725.0,0.0,82.0,1.9,0.059,24.91,5.0,332.0,SURESTE
2024-07-15 09:00:00,0.6,8.5,9.5,18.3,16.0,57.0,28.78,713.7,0.0,68.0,2.4,0.519,25.88,5.7,14.0,CENTRO
2024-07-15 09:00:00,0.77,5.0,6.6,11.6,24.0,76.0,23.0,718.4,0.0,,2.7,0.0,28.89,5.9,56.0,NORTE
2024-07-15 09:00:00,0.9,18.6,14.1,32.7,9.0,53.0,15.93,725.1,0.0,77.0,2.0,0.25,26.39,6.7,315.0,SURESTE
2024-07-15 10:00:00,0.67,10.3,13.3,23.9,20.0,58.0,30.4,713.5,0.0,64.0,2.6,0.711,27.1,6.2,11.0,CENTRO
2024-07-15 10:00:00,0.74,3.7,6.9,10.5,35.0,79.0,22.0,718.2,0.0,,2.7,0.0,30.47,5.3,71.0,NORTE
2024-07-15 10:00:00,0.92,14.5,16.1,30.6,18.0,66.0,19.29,725.0,0.0,69.0,2.2,0.429,28.09,7.9,9.0,SURESTE
2024-07-15 11:00:00,0.87,10.0,18.6,28.9,30.0,67.0,,713.4,0.0,61.0,2.5,0.919,28.07,6.8,23.0,CENTRO
2024-07-15 11:00:00,0.76,3.4,7.8,11.2,45.0,85.0,19.0,717.8,0.0,,2.7,0.0,31.81,5.2,54.0,NORTE
2024-07-15 11:00:00,0.9,9.3,17.4,26.7,31.0,75.0,20.93,724.8,0.0,67.0,2.3,0.484,28.49,9.2,39.0,SURESTE
2024-07-15 12:00:00,0.72,10.5,21.0,31.7,33.0,82.0,,713.3,0.0,59.0,2.5,1.039,28.54,10.4,49.0,CENTRO
2024-07-15 12:00:00,0.77,2.4,6.7,9.0,61.0,86.0,17.0,717.4,0.0,,2.7,0.0,32.16,8.3,105.0,NORTE
2024-07-15 12:00:00,0.86,4.8,16.3,21.1,50.0,81.0,22.26,724.7,0.0,63.0,2.8,0.538,29.51,11.1,51.0,SURESTE
2024-07-15 13:00:00,0.64,6.1,19.0,25.4,53.0,101.0,,713.0,0.0,54.0,2.5,1.088,29.6,9.1,29.0,CENTRO
2024-07-15 13:00:00,0.79,2.2,7.1,9.4,68.0,64.0,20.0,716.7,0.0,,5.4,0.0,32.17,10.5,115.0,NORTE
2024-07-15 13:00:00,0.8,3.3,14.1,17.4,66.0,78.0,24.09,724.3,0.0,58.0,3.0,0.524,30.63,12.8,73.0,SURESTE
2024-07-15 14:00:00,0.6,3.2,15.4,18.8,77.0,96.0,,712.5,0.0,50.0,2.5,0.854,30.61,11.5,47.0,CENTRO
2024-07-15 14:00:00,0.76,2.1,6.0,8.1,50.0,76.0,17.0,716.5,0.0,,7.5,0.0,31.46,11.3,121.0,NORTE
2024-07-15 14:00:00,0.81,2.8,10.7,13.4,73.0,80.0,26.41,723.8,0.0,57.0,2.4,0.521,31.26,15.0,98.0,SURESTE
2024-07-15 15:00:00,0.57,2.4,11.2,13.9,80.0,81.0,,712.0,0.0,51.0,2.4,0.805,30.71,12.9,65.0,CENTRO
2024-07-15 15:00:00,0.8,2.5,7.0,9.6,34.0,53.0,13.0,716.1,0.0,,4.8,0.0,30.84,11.0,120.0,NORTE
2024-07-15 15:00:00,0.73,2.6,8.2,10.8,62.0,74.0,29.75,723.2,0.0,56.0,4.8,0.459,31.23,16.3,121.0,SURESTE
2024-07-15 16:00:00,0.55,2.2,10.1,12.5,60.0,83.0,,711.7,0.0,53.0,2.6,0.149,29.14,9.3,130.0,CENTRO
2024-07-15 16:00:00,0.82,2.9,6.8,9.7,34.0,46.0,13.0,715.7,0.0,,3.6,0.0,31.21,9.3,154.0,NORTE
2024-07-15 16:00:00,0.73,3.0,6.3,9.3,41.0,78.0,20.93,722.9,0.0,55.0,4.5,0.228,30.9,16.7,118.0,SURESTE
2024-07-15 17:00:00,0.55,2.2,8.7,11.2,52.0,60.0,,711.5,0.0,57.0,2.5,0.251,28.95,10.6,134.0,CENTRO
2024-07-15 17:00:00,0.79,2.8,6.8,9.7,31.0,45.0,10.0,715.7,0.0,,3.1,0.0,30.6,10.0,145.0,NORTE
2024-07-15 17:00:00,0.66,2.9,6.4,9.3,34.0,53.0,13.43,722.5,0.0,56.0,3.1,0.107,30.3,14.7,150.0,SURESTE
2024-07-15 18:00:00,0.53,,9.0,11.4,55.0,55.0,,711.2,0.0,57.0,2.5,0.186,28.78,11.1,133.0,CENTRO
2024-07-15 18:00:00,0.82,2.3,8.0,10.3,29.0,38.0,11.0,715.9,0.0,,2.9,0.0,30.14,10.5,139.0,NORTE
2024-07-15 18:00:00,0.65,2.8,5.9,8.8,34.0,37.0,11.19,722.1,0.0,52.0,2.5,0.112,30.66,14.6,150.0,SURESTE
2024-07-15 19:00:00,0.6,2.4,9.6,12.2,50.0,63.0,,711.0,0.0,56.0,2.5,0.098,28.87,10.0,126.0,CENTRO
2024-07-15 19:00:00,0.9,2.1,11.2,13.3,23.0,38.0,13.0,716.1,0.0,,2.8,0.0,29.7,8.8,140.0,NORTE
2024-07-15 19:00:00,0.69,2.7,7.2,9.8,39.0,34.0,13.69,722.1,0.0,52.0,2.2,0.045,30.46,12.1,131.0,SURESTE
2024-07-15 20:00:00,0.81,2.6,11.2,14.0,38.0,62.0,,711.2,0.0,57.0,2.5,0.012,28.48,8.5,109.0,CENTRO
2024-07-15 20:00:00,0.92,2.5,13.9,16.4,13.0,53.0,17.0,716.1,0.0,,2.8,0.0,28.7,10.4,123.0,NORTE
2024-07-15 20:00:00,0.7,2.7,8.1,10.7,31.0,34.0,11.45,722.1,0.0,54.0,2.1,0.005,29.91,10.3,132.0,SURESTE
2024-07-15 21:00:00,0.77,2.0,11.0,13.3,34.0,67.0,,711.4,0.0,59.0,2.6,0.001,28.1,8.7,108.0,CENTRO
2024-07-15 21:00:00,0.73,1.9,5.9,7.9,15.0,71.0,14.0,716.4,0.0,,2.8,0.0,27.1,12.0,134.0,NORTE
2024-07-15 21:00:00,0.7,2.6,8.4,10.9,30.0,36.0,10.7,722.5,0.0,55.0,2.0,0.0,29.77,9.4,123.0,SURESTE
2024-07-15 22:00:00,0.59,1.9,9.1,11.2,32.0,56.0,,711.4,0.0,60.0,2.5,0.001,27.55,7.8,117.0,CENTRO
2024-07-15 22:00:00,0.74,1.9,6.6,8.5,12.0,72.0,15.0,716.5,0.0,,2.9,0.0,26.41,5.9,130.0,NORTE
2024-07-15 22:00:00,0.71,3.0,8.4,11.3,25.0,35.0,12.49,722.4,0.0,59.0,1.9,0.0,29.07,15.1,95.0,SURESTE
2024-07-15 23:00:00,0.62,2.3,9.8,12.3,19.0,46.0,,711.5,0.0,64.0,2.5,0.001,26.72,9.5,64.0,CENTRO
2024-07-15 23:00:00,0.73,1.8,7.1,8.9,11.0,65.0,14.0,716.4,0.0,,2.7,0.0,25.82,4.4,120.0,NORTE
2024-07-15 23:00:00,0.62,2.5,3.9,6.4,20.0,46.0,13.32,722.5,0.0,70.0,1.9,0.0,27.19,20.2,97.0,SURESTE
2024-07-16 00:00:00,0.57,2.2,9.2,11.7,16.0,56.0,23.0,711.6,0.0,68.0,2.4,0.001,25.75,8.5,56.0,CENTRO
2024-07-16 00:00:00,0.7,1.8,7.6,9.4,9.0,62.0,15.0,716.3,0.0,,2.8,0.0,24.96,7.4,100.0,NORTE
2024-07-16 00:00:00,0.62,2.1,3.7,5.7,19.0,47.0,,722.5,0.0,73.0,1.8,0.0,26.24,14.6,93.0,SURESTE
2024-07-16 01:00:00,0.49,2.0,8.8,11.0,15.0,62.0,22.0,711.5,0.0,70.0,2.5,0.001,25.15,6.2,33.0,CENTRO
2024-07-16 01:00:00,0.68,1.7,6.2,7.9,10.0,59.0,15.0,716.3,0.0,,2.8,0.0,24.43,7.9,97.0,NORTE
2024-07-16 01:00:00,0.64,2.1,4.9,7.0,16.0,49.0,13.46,722.5,0.0,76.0,1.8,0.0,25.41,11.0,91.0,SURESTE
2024-07-16 02:00:00,0.47,2.4,9.0,11.7,14.0,61.0,24.0,711.4,0.0,74.0,2.5,0.001,24.39,6.0,31.0,CENTRO
2024-07-16 02:00:00,0.67,1.7,7.2,9.0,8.0,57.0,16.0,716.0,0.0,,2.8,0.0,24.16,6.9,81.0,NORTE
2024-07-16 02:00:00,0.61,2.0,3.6,5.6,17.0,52.0,13.95,722.3,0.0,79.0,1.7,0.0,24.8,12.2,92.0,SURESTE
2024-07-16 03:00:00,0.46,6.7,16.9,23.9,6.0,56.0,29.0,711.4,0.0,78.0,2.5,0.001,23.66,5.4,13.0,CENTRO
2024-07-16 03:00:00,0.64,1.8,6.7,8.4,7.0,60.0,17.0,716.1,0.0,,2.8,0.0,23.78,6.6,88.0,NORTE
2024-07-16 03:00:00,0.61,2.0,3.3,5.2,16.0,49.0,14.32,722.3,0.0,82.0,1.7,0.0,24.32,9.0,91.0,SURESTE
2024-07-16 04:00:00,0.49,3.1,15.5,18.8,6.0,74.0,34.0,711.2,0.0,79.0,2.5,0.001,23.44,3.0,23.0,CENTRO
2024-07-16 04:00:00,0.66,2.7,7.4,10.1,7.0,60.0,18.0,716.3,0.0,,2.7,0.0,23.84,4.2,76.0,NORTE
2024-07-16 04:00:00,0.6,2.0,4.2,6.2,14.0,47.0,15.86,722.1,0.0,84.0,1.7,0.0,23.89,5.3,70.0,SURESTE
2024-07-16 05:00:00,0.54,3.8,15.7,19.7,5.0,77.0,41.0,711.3,0.0,79.0,2.6,0.001,23.42,3.5,40.0,CENTRO
2024-07-16 05:00:00,0.7,8.6,10.8,19.4,4.0,74.0,19.0,716.6,0.0,,2.8,0.0,23.67,5.4,40.0,NORTE
2024-07-16 05:00:00,0.6,2.1,8.0,10.0,9.0,61.0,20.27,722.2,0.0,84.0,1.9,0.0,23.75,7.1,77.0,SURESTE
2024-07-16 06:00:00,0.52,7.3,16.0,23.5,5.0,86.0,46.0,711.5,0.0,79.0,2.6,0.001,23.3,4.0,16.0,CENTRO
2024-07-16 06:00:00,0.72,9.7,9.9,19.7,6.0,94.0,21.0,717.0,0.0,,2.6,0.0,24.25,3.5,42.0,NORTE
2024-07-16 06:00:00,0.63,3.0,10.0,12.9,7.0,55.0,18.11,722.5,0.0,84.0,2.3,0.0,23.67,4.5,25.0,SURESTE
2024-07-16 07:00:00,0.56,7.6,15.1,23.0,5.0,83.0,40.0,711.8,0.0,78.0,2.7,0.017,23.47,4.6,352.0,CENTRO
2024-07-16 07:00:00,0.76,9.4,8.8,18.2,11.0,93.0,25.0,717.1,0.0,,2.8,0.0,26.0,5.1,48.0,NORTE
2024-07-16 07:00:00,0.73,9.5,14.4,23.8,3.0,62.0,19.14,722.9,0.0,84.0,2.2,0.01,23.85,3.2,345.0,SURESTE
2024-07-16 08:00:00,0.58,11.8,14.0,26.1,8.0,77.0,39.0,712.1,0.0,75.0,2.6,0.114,23.98,6.0,347.0,CENTRO
2024-07-16 08:00:00,0.77,6.7,7.7,14.4,19.0,111.0,27.0,717.0,0.0,,3.0,0.0,27.96,6.1,45.0,NORTE
2024-07-16 08:00:00,0.8,13.7,14.0,27.7,6.0,72.0,19.9,723.2,0.0,81.0,2.3,0.076,24.65,4.9,320.0,SURESTE
2024-07-16 09:00:00,0.58,11.5,12.7,24.6,13.0,83.0,43.0,712.2,0.0,70.0,2.6,0.402,25.27,5.7,350.0,CENTRO
2024-07-16 09:00:00,0.74,4.6,7.4,11.9,29.0,106.0,27.0,716.8,0.0,,3.2,0.0,29.53,4.4,70.0,NORTE
2024-07-16 09:00:00,0.92,16.2,15.5,31.6,11.0,84.0,23.15,723.5,0.0,75.0,2.5,0.234,26.35,5.8,299.0,SURESTE
2024-07-16 10:00:00,0.64,11.6,15.3,27.2,20.0,87.0,,712.1,0.0,65.0,2.5,0.697,26.53,6.3,6.0,CENTRO
2024-07-16 10:00:00,0.74,3.5,8.6,12.1,45.0,116.0,29.0,716.4,0.0,,3.5,0.0,32.03,3.6,65.0,NORTE
2024-07-16 10:00:00,0.94,14.5,18.9,33.3,19.0,94.0,24.63,723.4,0.0,67.0,2.9,0.374,28.12,5.9,2.0,SURESTE
2024-07-16 11:00:00,0.79,10.3,21.4,31.9,32.0,94.0,,712.0,0.0,60.0,2.6,0.893,28.05,6.8,17.0,CENTRO
2024-07-16 11:00:00,0.74,2.6,7.8,10.4,58.0,130.0,25.0,715.9,0.0,,4.0,0.0,32.82,5.6,80.0,NORTE
2024-07-16 11:00:00,0.93,10.4,20.7,31.1,32.0,108.0,28.64,723.3,0.0,64.0,3.2,0.463,29.08,7.1,20.0,SURESTE
2024-07-16 12:00:00,0.8,7.1,22.8,30.2,50.0,112.0,,711.6,0.0,55.0,2.6,1.051,29.56,7.9,23.0,CENTRO
2024-07-16 12:00:00,0.75,2.5,5.5,8.0,54.0,111.0,20.0,715.5,0.0,,4.1,0.0,33.19,8.4,86.0,NORTE
2024-07-16 12:00:00,0.87,5.1,16.9,22.0,56.0,119.0,31.52,723.0,0.0,60.0,3.4,0.542,30.05,8.3,77.0,SURESTE
2024-07-16 13:00:00,0.69,5.2,22.0,27.4,68.0,119.0,,711.2,0.0,48.0,2.7,1.129,30.67,8.8,36.0,CENTRO
2024-07-16 13:00:00,0.76,2.5,5.8,8.3,55.0,88.0,19.0,715.3,0.0,,3.9,0.0,32.66,10.3,113.0,NORTE
2024-07-16 13:00:00,0.81,2.8,12.0,14.8,79.0,111.0,30.22,722.4,0.0,53.0,3.8,0.563,31.12,10.4,63.0,SURESTE
2024-07-16 14:00:00,0.62,3.4,17.4,21.0,85.0,112.0,,710.8,0.0,46.0,3.0,1.113,31.44,10.9,40.0,CENTRO
2024-07-16 14:00:00,0.75,3.4,5.9,9.3,38.0,69.0,15.0,715.1,0.0,,3.2,0.0,32.53,12.0,121.0,NORTE
2024-07-16 14:00:00,0.78,3.6,15.1,18.7,71.0,105.0,26.45,722.0,0.0,52.0,6.8,0.551,31.81,15.0,68.0,SURESTE
2024-07-16 15:00:00,0.55,3.2,14.5,17.9,75.0,108.0,,710.6,0.0,47.0,3.2,0.939,31.32,13.1,62.0,CENTRO
2024-07-16 15:00:00,0.74,3.1,6.3,9.4,34.0,65.0,13.0,714.9,0.0,,3.0,0.0,31.67,11.4,132.0,NORTE
2024-07-16 15:00:00,0.72,2.7,10.1,12.7,66.0,99.0,29.95,721.7,0.0,55.0,5.3,0.436,31.71,16.9,83.0,SURESTE
2024-07-16 16:00:00,0.52,2.7,11.5,14.4,64.0,87.0,,710.5,0.0,50.0,2.9,0.447,30.57,13.5,54.0,CENTRO
2024-07-16 16:00:00,0.77,2.3,7.8,10.0,40.0,50.0,21.0,714.8,0.0,,4.8,0.0,30.64,12.8,129.0,NORTE
2024-07-16 16:00:00,0.73,2.7,9.8,12.4,60.0,94.0,30.26,721.6,0.0,56.0,14.7,0.18,31.06,16.5,107.0,SURESTE
2024-07-16 17:00:00,0.57,2.8,12.6,15.6,57.0,92.0,,710.2,0.0,52.0,3.0,0.346,30.06,11.6,93.0,CENTRO
2024-07-16 17:00:00,0.9,2.0,8.4,10.3,44.0,63.0,27.0,715.0,0.0,,5.6,0.0,30.31,10.3,134.0,NORTE
2024-07-16 17:00:00,0.7,2.8,7.5,10.3,43.0,96.0,31.88,721.3,0.0,56.0,11.7,0.145,30.62,14.4,123.0,SURESTE
2024-07-16 18:00:00,0.53,2.5,10.8,13.5,45.0,83.0,,710.2,0.0,52.0,3.3,0.152,29.49,12.6,75.0,CENTRO
2024-07-16 18:00:00,0.87,1.9,8.1,9.9,38.0,73.0,24.0,715.5,0.0,,4.1,0.0,30.15,8.1,140.0,NORTE
2024-07-16 18:00:00,0.76,3.0,9.0,11.9,40.0,63.0,24.68,721.1,0.0,56.0,6.0,0.078,30.39,12.4,132.0,SURESTE
2024-07-16 19:00:00,0.55,1.9,10.3,12.4,57.0,76.0,,710.5,0.0,56.0,3.1,0.035,28.94,10.2,107.0,CENTRO
2024-07-16 19:00:00,0.91,1.9,10.1,12.0,26.0,70.0,23.0,715.7,0.0,,3.4,0.0,29.87,7.0,136.0,NORTE
2024-07-16 19:00:00,0.79,2.4,9.3,11.6,55.0,70.0,24.83,721.5,0.0,57.0,5.4,0.023,30.16,11.3,121.0,SURESTE
2024-07-16 20:00:00,0.57,1.8,11.8,13.8,57.0,95.0,,710.8,0.0,59.0,2.6,0.003,28.67,9.0,107.0,CENTRO
2024-07-16 20:00:00,0.91,2.2,11.8,13.9,19.0,63.0,22.0,715.8,0.0,,3.4,0.0,29.65,9.5,134.0,NORTE
2024-07-16 20:00:00,0.74,2.2,9.2,11.3,46.0,82.0,30.24,721.8,0.0,57.0,5.5,0.001,30.13,10.4,132.0,SURESTE
2024-07-16 21:00:00,0.52,1.8,9.0,11.0,50.0,88.0,,711.0,0.0,60.0,2.6,0.0,28.32,6.4,114.0,CENTRO
2024-07-16 21:00:00,0.74,1.9,3.5,5.3,19.0,75.0,12.0,716.4,0.0,,3.0,0.0,27.95,14.6,149.0,NORTE
2024-07-16 21:00:00,0.76,2.2,8.6,10.7,41.0,63.0,27.13,722.0,0.0,57.0,4.4,0.0,30.08,8.0,85.0,SURESTE
2024-07-16 22:00:00,0.56,,11.8,13.8,42.0,85.0,,711.0,0.0,59.0,2.7,0.001,28.29,8.0,88.0,CENTRO
2024-07-16 22:00:00,0.72,1.8,3.6,5.4,14.0,45.0,10.0,716.2,0.0,,2.8,0.0,26.93,12.1,140.0,NORTE
2024-07-16 22:00:00,0.7,2.4,7.7,10.1,34.0,65.0,25.03,722.2,0.0,60.0,4.1,0.0,29.32,15.5,115.0,SURESTE
2024-07-16 23:00:00,0.46,,6.3,8.3,31.0,72.0,,711.5,0.0,60.0,2.7,0.001,27.52,10.6,118.0,CENTRO
2024-07-16 23:00:00,0.71,1.7,4.1,5.8,11.0,38.0,11.0,715.8,0.0,,2.7,0.0,26.21,11.2,131.0,NORTE
2024-07-16 23:00:00,0.6,2.4,3.2,5.6,19.0,67.0,23.08,722.6,0.0,70.0,2.8,0.0,27.63,17.5,118.0,SURESTE
2024-07-17 00:00:00,0.44,1.8,5.6,7.7,19.0,58.0,21.0,711.3,0.0,69.0,2.7,0.001,26.18,7.0,119.0,CENTRO
2024-07-17 00:00:00,0.7,1.7,4.9,6.6,9.0,44.0,11.0,715.5,0.0,,2.7,0.0,25.95,8.5,115.0,NORTE
2024-07-17 00:00:00,0.61,2.2,3.5,5.6,17.0,35.0,11.15,722.1,0.0,74.0,2.2,0.0,26.92,15.5,104.0,SURESTE
2024-07-17 01:00:00,0.44,1.8,6.0,8.0,16.0,55.0,20.0,710.8,0.0,71.0,2.7,0.001,25.92,8.7,49.0,CENTRO
2024-07-17 01:00:00,0.68,1.6,4.3,6.0,11.0,55.0,,715.3,0.0,,2.6,0.0,25.59,7.7,109.0,NORTE
2024-07-17 01:00:00,0.59,2.1,2.8,4.9,16.0,34.0,10.94,721.8,0.0,77.0,2.0,0.0,26.29,16.5,104.0,SURESTE
2024-07-17 02:00:00,0.43,1.8,5.2,7.3,14.0,51.0,20.0,710.6,0.0,74.0,2.5,0.001,25.3,8.5,46.0,CENTRO
2024-07-17 02:00:00,0.68,1.7,4.2,5.8,12.0,34.0,,715.3,0.0,,2.5,0.0,25.37,7.4,91.0,NORTE
2024-07-17 02:00:00,0.61,2.0,3.4,5.4,14.0,32.0,11.02,721.6,0.0,79.0,1.9,0.0,25.81,11.6,108.0,SURESTE
2024-07-17 03:00:00,0.42,2.7,6.5,9.3,12.0,48.0,,710.5,0.0,78.0,2.5,0.001,24.65,7.1,32.0,CENTRO
2024-07-17 03:00:00,0.68,3.0,8.8,11.8,4.0,37.0,13.0,715.7,0.0,,2.7,0.0,24.99,6.4,52.0,NORTE
2024-07-17 03:00:00,0.59,2.0,3.0,4.9,15.0,31.0,11.79,721.4,0.0,81.0,1.9,0.0,25.21,10.8,110.0,SURESTE
2024-07-17 04:00:00,0.41,6.1,14.1,20.4,6.0,50.0,23.0,710.6,0.0,77.0,2.5,0.001,24.32,6.7,35.0,CENTRO
2024-07-17 04:00:00,0.69,3.1,9.2,12.2,4.0,58.0,14.0,716.0,0.0,,2.6,0.0,24.72,6.9,56.0,NORTE
2024-07-17 04:00:00,0.57,2.0,2.5,4.5,17.0,33.0,11.61,721.5,0.0,81.0,1.8,0.0,24.99,9.7,109.0,SURESTE
2024-07-17 05:00:00,0.43,3.0,13.4,16.6,8.0,53.0,23.0,710.8,0.0,78.0,2.6,0.001,24.24,5.3,9.0,CENTRO
2024-07-17 05:00:00,0.72,4.2,8.9,13.1,4.0,47.0,13.0,716.5,0.0,,2.6,0.007,24.61,8.1,67.0,NORTE
2024-07-17 05:00:00,0.58,2.0,2.9,4.8,16.0,23.0,10.46,721.8,0.0,82.0,1.8,0.0,24.9,4.2,89.0,SURESTE
2024-07-17 06:00:00,0.57,2.1,10.7,13.1,9.0,62.0,27.0,711.1,0.0,79.0,2.5,0.001,24.4,5.9,28.0,CENTRO
2024-07-17 06:00:00,0.76,6.2,8.2,14.4,5.0,51.0,14.0,717.1,0.0,,2.6,0.033,24.88,5.6,50.0,NORTE
2024-07-17 06:00:00,0.59,2.2,6.1,8.2,12.0,27.0,11.6,722.2,0.0,82.0,1.7,0.0,25.11,6.6,67.0,SURESTE
2024-07-17 07:00:00,0.52,6.0,13.4,19.7,6.0,67.0,30.0,711.6,0.04,80.0,2.5,0.01,24.34,7.0,25.0,CENTRO
2024-07-17 07:00:00,0.77,6.2,8.1,14.3,6.0,80.0,13.0,717.5,0.0,,2.6,0.039,24.92,6.0,63.0,NORTE
2024-07-17 07:00:00,0.67,5.2,12.9,18.1,4.0,34.0,13.14,722.7,0.0,84.0,1.8,0.008,24.9,8.4,56.0,SURESTE
2024-07-17 08:00:00,0.65,11.6,13.0,24.9,5.0,76.0,29.0,712.2,0.03,85.0,2.5,0.043,23.57,5.6,358.0,CENTRO
2024-07-17 08:00:00,0.76,5.5,6.9,12.3,8.0,71.0,13.0,717.7,0.0,,2.4,0.11,25.45,3.9,49.0,NORTE
2024-07-17 08:00:00,0.69,6.0,10.7,16.6,7.0,44.0,13.93,723.3,0.0,84.0,1.9,0.023,24.97,7.2,61.0,SURESTE
2024-07-17 09:00:00,0.7,11.7,12.9,24.9,5.0,67.0,27.0,712.5,0.0,84.0,2.5,0.037,23.83,5.8,4.0,CENTRO
2024-07-17 09:00:00,0.78,7.8,6.9,14.7,11.0,49.0,17.0,717.7,0.0,,2.4,0.357,27.55,3.6,49.0,NORTE
2024-07-17 09:00:00,0.7,6.5,11.0,17.5,7.0,43.0,14.13,723.6,0.0,83.0,1.9,0.032,25.01,6.6,70.0,SURESTE
2024-07-17 10:00:00,0.71,13.0,12.3,25.6,7.0,65.0,30.0,712.7,0.0,80.0,2.5,0.131,24.45,6.0,10.0,CENTRO
2024-07-17 10:00:00,0.78,7.2,7.3,14.4,19.0,59.0,19.0,717.4,0.0,,2.5,0.501,29.11,6.8,61.0,NORTE
2024-07-17 10:00:00,0.75,9.7,12.1,21.7,7.0,52.0,14.49,723.9,0.0,81.0,2.0,0.075,25.52,4.8,65.0,SURESTE
2024-07-17 11:00:00,0.79,12.4,12.6,25.3,12.0,64.0,35.0,712.7,0.0,74.0,2.5,0.379,25.67,5.4,15.0,CENTRO
2024-07-17 11:00:00,0.75,3.3,6.3,9.5,29.0,66.0,19.0,717.2,0.0,,2.5,0.315,29.03,5.6,52.0,NORTE
2024-07-17 11:00:00,0.81,11.0,12.2,23.1,15.0,54.0,16.12,723.9,0.0,74.0,2.1,0.306,27.49,5.6,48.0,SURESTE
2024-07-17 12:00:00,0.71,7.4,14.3,21.9,22.0,73.0,37.0,712.5,0.0,67.0,2.5,0.426,27.22,5.8,20.0,CENTRO
2024-07-17 12:00:00,0.76,2.7,5.5,8.2,38.0,60.0,,716.7,0.0,,2.5,0.556,30.71,4.6,42.0,NORTE
2024-07-17 12:00:00,0.82,6.3,12.4,18.6,26.0,61.0,19.97,723.8,0.0,70.0,2.3,0.261,27.94,9.3,80.0,SURESTE
2024-07-17 13:00:00,0.7,6.2,18.2,24.6,24.0,76.0,39.0,712.4,0.0,66.0,2.6,0.286,27.14,8.2,90.0,CENTRO
2024-07-17 13:00:00,0.75,2.4,5.1,7.5,44.0,64.0,,716.3,0.0,,2.7,0.467,31.29,7.6,39.0,NORTE
2024-07-17 13:00:00,0.83,5.4,12.4,17.7,30.0,66.0,25.16,723.6,0.0,69.0,2.4,0.244,28.18,9.8,102.0,SURESTE
2024-07-17 14:00:00,0.61,7.5,19.7,27.4,37.0,73.0,40.0,711.9,0.0,61.0,2.6,0.75,28.36,8.6,54.0,CENTRO
2024-07-17 14:00:00,0.77,2.4,6.9,9.3,34.0,71.0,21.0,715.9,0.0,,2.7,0.119,29.62,7.0,52.0,NORTE
2024-07-17 14:00:00,0.79,4.0,10.7,14.5,49.0,68.0,25.4,723.2,0.0,63.0,2.4,0.521,29.71,10.3,110.0,SURESTE
2024-07-17 15:00:00,0.58,3.6,16.3,20.1,51.0,85.0,39.0,711.6,0.0,58.0,2.4,0.435,28.98,9.0,57.0,CENTRO
2024-07-17 15:00:00,0.82,3.0,10.1,13.1,28.0,61.0,21.0,715.7,0.0,,2.7,0.094,29.38,7.4,68.0,NORTE
2024-07-17 15:00:00,0.77,2.9,11.6,14.4,52.0,72.0,25.5,722.9,0.0,62.0,3.0,0.164,29.54,10.7,95.0,SURESTE
2024-07-17 16:00:00,0.59,2.3,11.1,13.7,55.0,83.0,40.0,711.3,0.01,63.0,2.5,0.248,27.8,9.0,86.0,CENTRO
2024-07-17 16:00:00,0.9,2.9,9.5,12.4,35.0,69.0,19.0,715.7,0.0,,2.9,0.142,30.16,7.2,115.0,NORTE
2024-07-17 16:00:00,0.73,2.4,10.0,12.3,57.0,84.0,27.17,722.3,0.0,61.0,3.0,0.146,29.5,8.6,136.0,SURESTE
2024-07-17 17:00:00,0.62,2.2,10.6,13.0,55.0,79.0,42.0,711.1,0.0,64.0,2.6,0.19,27.73,6.9,125.0,CENTRO
2024-07-17 17:00:00,0.93,2.2,10.6,12.7,53.0,59.0,24.0,715.7,0.0,,2.9,0.095,30.19,6.4,141.0,NORTE
2024-07-17 17:00:00,0.75,2.4,8.5,10.8,56.0,65.0,24.75,722.1,0.0,58.0,2.9,0.123,29.79,9.2,111.0,SURESTE
2024-07-17 18:00:00,0.62,2.3,10.9,13.4,53.0,77.0,42.92,711.1,0.0,64.0,2.6,0.174,27.67,8.0,127.0,CENTRO
2024-07-17 18:00:00,0.95,1.9,11.7,13.6,49.0,71.0,27.0,716.1,0.0,,3.8,0.015,29.44,8.3,126.0,NORTE
2024-07-17 18:00:00,0.76,2.3,8.2,10.5,55.0,67.0,29.25,722.1,0.0,59.0,2.5,0.089,29.81,8.6,93.0,SURESTE
2024-07-17 19:00:00,0.61,2.1,11.0,13.4,55.0,60.0,41.13,711.2,0.0,59.0,2.6,0.133,27.83,7.7,128.0,CENTRO
2024-07-17 19:00:00,0.99,2.0,13.4,15.4,37.0,71.0,22.0,716.7,0.0,,3.0,0.0,29.01,7.4,122.0,NORTE
2024-07-17 19:00:00,0.79,2.4,9.4,11.8,52.0,56.0,24.13,722.2,0.0,59.0,2.4,0.077,29.75,9.9,93.0,SURESTE
2024-07-17 20:00:00,0.65,1.8,10.7,12.8,46.0,49.0,33.38,711.4,0.0,61.0,2.6,0.021,27.29,7.4,123.0,CENTRO
2024-07-17 20:00:00,1.13,15.2,36.2,51.4,7.0,53.0,37.0,717.0,0.0,,2.9,0.0,28.0,5.7,65.0,NORTE
2024-07-17 20:00:00,0.84,2.5,11.2,13.7,42.0,52.0,22.13,722.5,0.0,57.0,2.4,0.008,29.37,8.9,108.0,SURESTE
2024-07-17 21:00:00,0.58,1.8,11.3,13.3,37.0,57.0,34.19,711.8,0.0,62.0,2.5,0.001,26.95,8.7,100.0,CENTRO
2024-07-17 21:00:00,1.02,16.2,21.5,37.7,2.0,191.0,29.0,717.5,0.0,,2.8,0.0,26.78,3.6,354.0,NORTE
2024-07-17 21:00:00,0.8,2.5,11.7,14.2,37.0,46.0,20.17,723.1,0.0,57.0,2.4,0.0,28.94,11.1,86.0,SURESTE
2024-07-17 22:00:00,0.59,,11.8,13.8,32.0,52.0,31.62,712.1,0.0,62.0,2.5,0.001,26.86,7.0,65.0,CENTRO
2024-07-17 22:00:00,0.83,4.8,12.6,17.4,13.0,145.0,24.0,717.7,0.0,,2.5,0.0,26.35,8.5,131.0,NORTE
2024-07-17 22:00:00,0.75,2.5,11.2,13.6,37.0,53.0,20.16,723.2,0.0,59.0,2.9,0.0,28.56,12.0,80.0,SURESTE
2024-07-17 23:00:00,0.61,2.0,15.5,17.6,28.0,50.0,31.45,712.6,0.0,60.0,2.5,0.001,26.9,6.9,49.0,CENTRO
2024-07-17 23:00:00,0.73,1.7,5.0,6.7,27.0,79.0,11.0,718.0,0.0,,2.5,0.001,23.67,7.4,110.0,NORTE
2024-07-17 23:00:00,0.73,2.2,8.6,10.8,33.0,49.0,23.02,723.8,0.11,62.0,2.9,0.0,28.18,13.2,86.0,SURESTE
2024-07-18 00:00:00,0.52,2.2,10.1,12.6,29.0,57.0,37.4,712.8,0.0,69.0,2.5,0.001,25.91,10.5,67.0,CENTRO
2024-07-18 00:00:00,0.67,1.6,6.2,7.9,25.0,39.0,6.0,717.9,0.0,,2.6,0.002,22.8,3.5,59.0,NORTE
2024-07-18 00:00:00,0.73,2.0,6.8,8.8,26.0,56.0,20.83,724.0,0.47,85.0,2.2,0.0,24.8,9.5,98.0,SURESTE
2024-07-18 01:00:00,0.54,2.4,10.3,12.9,18.0,54.0,30.0,712.7,0.0,80.0,2.5,0.001,24.53,10.1,43.0,CENTRO
2024-07-18 01:00:00,0.68,1.6,11.7,13.4,16.0,34.0,8.0,718.4,0.0,,2.5,0.004,22.56,3.8,11.0,NORTE
2024-07-18 01:00:00,0.7,2.3,5.6,7.8,18.0,42.0,20.63,723.7,0.0,85.0,2.1,0.0,25.13,14.7,85.0,SURESTE
2024-07-18 02:00:00,0.47,6.6,21.0,27.9,8.0,59.0,30.03,712.6,0.0,83.0,2.6,0.001,23.73,8.8,28.0,CENTRO
2024-07-18 02:00:00,0.66,1.7,10.0,11.6,18.0,27.0,7.0,718.1,0.0,,2.6,0.002,22.17,4.7,329.0,NORTE
2024-07-18 02:00:00,0.81,2.8,8.7,11.3,17.0,33.0,,723.7,0.0,88.0,2.0,0.0,24.28,9.4,39.0,SURESTE
2024-07-18 03:00:00,0.64,1.9,13.7,15.8,15.0,42.0,20.65,713.0,0.01,86.0,2.6,0.001,22.79,10.9,2.0,CENTRO
2024-07-18 03:00:00,0.67,1.6,8.4,10.0,18.0,21.0,10.0,717.6,0.0,,2.8,0.002,22.36,4.3,356.0,NORTE
2024-07-18 03:00:00,0.8,4.9,11.5,16.4,14.0,34.0,12.53,724.1,0.04,89.0,2.0,0.0,23.95,13.8,45.0,SURESTE
2024-07-18 04:00:00,0.56,2.2,14.5,16.9,13.0,38.0,21.94,712.8,0.02,88.0,2.6,0.001,22.36,9.0,10.0,CENTRO
2024-07-18 04:00:00,0.69,1.7,11.8,13.5,12.0,27.0,8.0,717.6,0.0,,2.6,0.0,22.81,2.0,333.0,NORTE
2024-07-18 04:00:00,0.78,3.5,12.7,16.2,16.0,27.0,12.41,724.0,0.04,90.0,1.9,0.0,23.42,10.9,63.0,SURESTE
2024-07-18 05:00:00,0.5,2.8,19.6,22.7,8.0,50.0,23.64,712.4,0.0,88.0,2.6,0.001,22.36,5.2,24.0,CENTRO
2024-07-18 05:00:00,0.83,4.4,15.4,19.9,7.0,31.0,9.0,717.5,0.0,,2.6,0.016,23.16,1.4,4.0,NORTE
2024-07-18 05:00:00,0.76,2.0,4.8,6.9,22.0,16.0,9.88,723.6,0.0,89.0,1.8,0.0,23.51,9.3,68.0,SURESTE
2024-07-18 06:00:00,0.51,2.3,16.8,19.2,11.0,52.0,24.32,712.4,0.0,87.0,2.6,0.001,22.29,4.9,354.0,CENTRO
2024-07-18 06:00:00,0.88,6.9,14.2,21.1,11.0,41.0,13.0,717.6,0.0,,2.7,0.077,24.2,2.7,63.0,NORTE
2024-07-18 06:00:00,0.8,5.3,15.1,20.3,11.0,17.0,8.37,723.6,0.0,89.0,2.0,0.0,23.43,5.8,40.0,SURESTE
2024-07-18 07:00:00,0.6,3.5,16.0,19.7,9.0,47.0,28.22,712.4,0.0,87.0,2.5,0.025,22.32,1.9,258.0,CENTRO
2024-07-18 07:00:00,0.92,12.3,16.0,28.4,11.0,39.0,18.0,717.8,0.0,,2.7,0.165,25.07,4.5,83.0,NORTE
2024-07-18 07:00:00,0.89,5.5,16.8,22.3,9.0,24.0,10.56,723.6,0.0,89.0,2.0,0.013,23.42,2.5,66.0,SURESTE
2024-07-18 08:00:00,0.63,10.0,16.8,27.1,10.0,54.0,30.41,712.6,0.0,84.0,2.5,0.092,23.15,2.8,335.0,CENTRO
2024-07-18 08:00:00,0.97,10.7,15.6,26.3,15.0,58.0,19.0,718.0,0.0,,2.7,0.279,26.09,6.0,49.0,NORTE
2024-07-18 08:00:00,1.05,11.9,20.4,32.2,7.0,29.0,12.86,723.8,0.0,88.0,2.0,0.033,23.87,4.3,43.0,SURESTE
2024-07-18 09:00:00,0.95,18.5,21.7,40.5,8.0,52.0,32.95,712.9,0.0,80.0,2.6,0.196,23.85,5.5,349.0,CENTRO
2024-07-18 09:00:00,0.77,4.8,9.3,14.1,24.0,55.0,20.0,718.4,0.0,,2.6,0.273,26.79,7.7,44.0,NORTE
2024-07-18 09:00:00,1.0,8.4,16.4,24.7,14.0,32.0,12.47,724.0,0.0,86.0,2.0,0.105,24.45,4.6,83.0,SURESTE
2024-07-18 10:00:00,0.99,25.6,25.6,51.3,10.0,62.0,41.8,713.0,0.0,78.0,2.7,0.286,24.51,6.3,21.0,CENTRO
2024-07-18 10:00:00,0.86,3.3,6.0,9.3,27.0,47.0,26.0,718.7,0.0,,2.6,0.297,27.77,6.8,65.0,NORTE
2024-07-18 10:00:00,1.02,11.2,19.7,30.9,18.0,38.0,12.56,724.3,0.0,80.0,2.2,0.191,25.68,6.1,29.0,SURESTE
2024-07-18 11:00:00,0.94,11.5,24.0,35.8,21.0,77.0,39.26,713.3,0.0,72.0,2.7,0.336,25.52,7.8,20.0,CENTRO
2024-07-18 11:00:00,0.91,2.9,5.7,8.6,32.0,70.0,22.0,718.5,0.0,,2.6,0.279,28.22,8.1,98.0,NORTE
2024-07-18 11:00:00,0.96,8.1,19.3,27.4,26.0,45.0,15.43,724.7,0.0,74.0,2.2,0.198,26.81,6.7,7.0,SURESTE
2024-07-18 12:00:00,0.67,6.0,16.2,22.4,28.0,75.0,37.64,713.7,0.0,69.0,2.6,0.333,25.9,8.9,23.0,CENTRO
2024-07-18 12:00:00,0.78,2.6,4.7,7.3,39.0,66.0,18.0,718.0,0.0,,2.7,0.586,29.75,7.9,134.0,NORTE
2024-07-18 12:00:00,0.87,4.5,14.5,18.9,40.0,53.0,20.73,725.1,0.0,68.0,2.2,0.221,27.8,5.8,39.0,SURESTE
2024-07-18 13:00:00,0.59,5.7,15.2,21.1,33.0,65.0,37.84,713.6,0.0,65.0,2.6,0.454,27.06,7.6,44.0,CENTRO
2024-07-18 13:00:00,0.78,3.3,7.2,10.5,39.0,48.0,19.0,717.5,0.0,,3.5,0.432,30.19,8.1,132.0,NORTE
2024-07-18 13:00:00,0.91,5.4,12.6,17.8,28.0,54.0,20.83,724.9,0.0,72.0,2.5,0.217,27.57,11.2,79.0,SURESTE
2024-07-18 14:00:00,0.55,5.1,12.2,17.6,35.0,69.0,36.31,713.2,0.0,65.0,2.6,0.675,27.42,10.3,65.0,CENTRO
2024-07-18 14:00:00,0.79,3.3,7.8,11.1,40.0,63.0,19.0,717.1,0.0,,3.8,0.417,30.75,7.0,120.0,NORTE
2024-07-18 14:00:00,0.9,4.3,9.9,14.2,31.0,58.0,23.48,724.5,0.0,69.0,3.3,0.305,28.02,11.5,118.0,SURESTE
2024-07-18 15:00:00,0.56,3.3,10.1,13.7,52.0,65.0,38.24,712.7,0.0,59.0,2.6,0.731,28.48,9.5,64.0,CENTRO
2024-07-18 15:00:00,0.8,2.5,6.4,8.9,47.0,60.0,,716.6,0.0,,3.8,0.322,31.8,5.8,129.0,NORTE
2024-07-18 15:00:00,0.92,3.1,8.2,11.3,43.0,56.0,26.77,723.9,0.0,64.0,3.7,0.355,29.11,11.5,113.0,SURESTE
2024-07-18 16:00:00,0.56,2.7,9.4,12.4,58.0,63.0,40.74,712.3,0.0,57.0,2.6,0.589,29.15,8.9,56.0,CENTRO
2024-07-18 16:00:00,0.82,3.0,8.6,11.6,31.0,54.0,17.0,716.4,0.0,,3.2,0.125,30.16,10.6,90.0,NORTE
2024-07-18 16:00:00,0.88,2.6,7.2,9.9,42.0,65.0,26.03,723.5,0.0,62.0,3.3,0.18,29.54,10.6,114.0,SURESTE
2024-07-18 17:00:00,0.59,2.6,9.1,11.9,58.0,63.0,36.49,711.9,0.0,55.0,2.5,0.517,29.43,7.9,64.0,CENTRO
2024-07-18 17:00:00,0.89,2.6,9.0,11.7,21.0,46.0,14.0,716.9,0.0,,2.7,0.028,29.02,7.0,106.0,NORTE
2024-07-18 17:00:00,0.86,3.0,7.0,9.9,40.0,56.0,24.05,723.0,0.0,58.0,2.7,0.229,30.37,10.8,116.0,SURESTE
2024-07-18 18:00:00,0.56,2.4,9.5,12.1,49.0,58.0,32.47,711.6,0.0,56.0,2.5,0.176,29.27,10.7,68.0,CENTRO
2024-07-18 18:00:00,0.93,2.2,10.0,12.2,18.0,38.0,12.0,717.7,0.0,,2.6,0.003,25.5,2.0,86.0,NORTE
2024-07-18 18:00:00,0.83,2.9,6.6,9.4,33.0,52.0,27.15,722.9,0.0,61.0,2.5,0.125,29.99,12.0,121.0,SURESTE
2024-07-18 19:00:00,0.59,3.7,13.6,17.5,25.0,57.0,25.93,712.1,0.0,59.0,2.6,0.043,28.17,12.5,63.0,CENTRO
2024-07-18 19:00:00,1.1,3.3,16.5,19.8,9.0,42.0,12.0,718.0,0.0,,2.6,0.0,25.71,4.6,176.0,NORTE
2024-07-18 19:00:00,0.83,2.8,7.6,10.4,24.0,49.0,31.02,723.4,0.16,71.0,2.3,0.021,27.57,9.8,161.0,SURESTE
2024-07-18 20:00:00,0.55,2.1,9.5,11.8,25.0,55.0,14.32,712.6,0.06,71.0,2.5,0.009,25.03,9.0,102.0,CENTRO
2024-07-18 20:00:00,1.23,19.2,20.5,39.7,4.0,72.0,13.0,718.2,0.0,,2.8,0.0,25.83,0.4,222.0,NORTE
2024-07-18 20:00:00,0.96,4.0,14.0,18.0,16.0,37.0,,723.7,0.0,78.0,2.1,0.003,25.98,8.2,90.0,SURESTE
2024-07-18 21:00:00,0.74,3.3,18.1,21.6,12.0,40.0,17.53,713.0,0.0,73.0,2.6,0.001,25.28,5.5,45.0,CENTRO
2024-07-18 21:00:00,1.13,24.6,21.7,46.3,2.0,84.0,16.0,718.3,0.0,,2.8,0.0,25.42,4.5,66.0,NORTE
2024-07-18 21:00:00,1.11,7.3,19.0,26.2,9.0,31.0,,724.2,0.0,80.0,2.0,0.0,25.53,5.3,137.0,SURESTE
2024-07-18 22:00:00,0.74,5.3,21.5,27.0,6.0,47.0,18.83,713.1,0.0,75.0,2.7,0.001,25.05,4.5,19.0,CENTRO
2024-07-18 22:00:00,1.0,30.7,18.7,49.4,2.0,86.0,15.0,718.3,0.0,,2.9,0.0,24.67,1.3,10.0,NORTE
2024-07-18 22:00:00,1.13,8.9,19.1,27.9,7.0,29.0,,724.4,0.0,81.0,2.0,0.0,25.48,6.3,132.0,SURESTE
2024-07-18 23:00:00,0.68,3.1,17.4,20.7,9.0,46.0,18.46,713.2,0.0,74.0,2.7,0.001,25.0,4.2,53.0,CENTRO
2024-07-18 23:00:00,0.89,29.1,20.3,49.4,2.0,97.0,15.0,718.3,0.0,,2.8,0.0,24.22,4.1,23.0,NORTE
2024-07-18 23:00:00,0.95,3.6,14.7,18.2,11.0,38.0,,724.4,0.0,78.0,1.9,0.0,25.62,4.7,335.0,SURESTE
2024-07-19 00:00:00,0.79,6.1,19.5,25.8,6.0,47.0,18.46,713.2,0.0,76.0,2.6,0.001,24.75,5.5,52.0,CENTRO
2024-07-19 00:00:00,0.82,11.9,18.9,30.9,,88.0,13.0,718.0,0.0,,2.7,0.0,23.99,3.3,357.0,NORTE
2024-07-19 00:00:00,0.98,4.5,15.7,20.2,7.0,37.0,20.89,724.4,0.0,80.0,1.9,0.0,25.05,3.7,275.0,SURESTE
2024-07-19 01:00:00,0.58,3.9,14.0,18.2,10.0,49.0,20.74,713.2,0.0,77.0,2.5,0.001,24.34,7.9,56.0,CENTRO
2024-07-19 01:00:00,0.78,15.5,18.1,33.6,,59.0,13.0,717.6,0.0,,2.7,0.0,23.71,3.7,336.0,NORTE
2024-07-19 01:00:00,0.94,3.4,15.6,18.9,7.0,40.0,21.43,724.4,0.0,83.0,1.9,0.0,24.84,4.7,142.0,SURESTE
2024-07-19 02:00:00,0.65,11.5,23.1,34.9,4.0,58.0,20.0,712.9,0.0,79.0,2.7,0.001,23.93,6.1,30.0,CENTRO
2024-07-19 02:00:00,0.77,11.9,17.7,29.6,,64.0,,717.6,0.0,,2.7,0.0,23.6,2.1,348.0,NORTE
2024-07-19 02:00:00,0.83,2.2,10.3,12.5,13.0,35.0,20.82,724.1,0.0,81.0,1.8,0.0,24.89,5.5,76.0,SURESTE
2024-07-19 03:00:00,0.66,7.9,23.3,31.5,4.0,66.0,30.26,712.6,0.0,80.0,2.7,0.001,23.55,5.0,358.0,CENTRO
2024-07-19 03:00:00,0.74,10.7,16.9,27.6,,64.0,12.0,717.6,0.0,,2.6,0.0,23.59,2.2,354.0,NORTE
2024-07-19 03:00:00,0.86,2.5,16.3,18.7,6.0,33.0,21.99,723.7,0.0,83.0,1.8,0.0,24.21,3.7,15.0,SURESTE
2024-07-19 04:00:00,0.79,12.7,23.4,36.4,4.0,76.0,28.48,712.6,0.0,80.0,2.7,0.001,23.43,3.3,11.0,CENTRO
2024-07-19 04:00:00,0.76,10.2,16.8,27.0,,62.0,12.0,717.8,0.0,,2.8,0.0,23.62,1.7,339.0,NORTE
2024-07-19 04:00:00,0.86,2.5,15.9,18.3,5.0,43.0,19.43,723.7,0.0,85.0,1.8,0.0,24.05,2.2,83.0,SURESTE
2024-07-19 05:00:00,0.75,14.1,21.3,35.7,5.0,72.0,31.48,712.7,0.0,81.0,2.7,0.001,23.16,1.8,338.0,CENTRO
2024-07-19 05:00:00,0.87,20.5,17.5,38.1,3.0,68.0,13.0,718.3,0.0,,2.9,0.025,24.0,1.4,354.0,NORTE
2024-07-19 05:00:00,0.88,4.8,14.1,18.9,3.0,41.0,16.53,723.6,0.0,86.0,1.9,0.0,23.79,2.0,236.0,SURESTE
2024-07-19 06:00:00,1.16,14.1,22.0,36.3,5.0,59.0,26.77,712.8,0.0,82.0,2.7,0.001,23.09,2.3,6.0,CENTRO
2024-07-19 06:00:00,0.84,12.3,15.5,27.7,9.0,64.0,12.0,718.6,0.0,,2.7,0.151,26.05,2.8,4.0,NORTE
2024-07-19 06:00:00,0.85,6.3,19.2,25.6,3.0,35.0,17.0,724.0,0.0,86.0,2.0,0.0,24.01,2.7,315.0,SURESTE
2024-07-19 07:00:00,0.75,15.4,21.0,36.7,5.0,69.0,30.35,713.2,0.0,81.0,2.6,0.038,23.2,4.0,341.0,CENTRO
2024-07-19 07:00:00,0.82,9.0,11.6,20.5,16.0,55.0,13.0,718.8,0.0,,2.9,0.325,27.11,5.4,37.0,NORTE
2024-07-19 07:00:00,0.93,14.8,19.5,34.4,4.0,53.0,17.52,724.5,0.0,86.0,2.0,0.026,24.23,2.3,300.0,SURESTE
2024-07-19 08:00:00,0.69,13.9,18.3,32.5,9.0,62.0,26.13,713.6,0.0,77.0,2.6,0.166,24.12,3.3,342.0,CENTRO
2024-07-19 08:00:00,0.77,6.0,9.0,15.0,22.0,56.0,21.0,718.9,0.0,,3.0,0.395,27.95,4.9,39.0,NORTE
2024-07-19 08:00:00,1.13,24.7,22.8,47.3,6.0,41.0,18.53,724.7,0.0,82.0,2.1,0.131,25.54,2.8,299.0,SURESTE
2024-07-19 09:00:00,0.74,13.1,17.7,31.1,16.0,50.0,27.23,713.7,0.0,71.0,2.6,0.419,25.62,5.7,14.0,CENTRO
2024-07-19 09:00:00,0.75,4.5,8.2,12.7,29.0,76.0,17.0,718.8,0.0,,2.9,0.481,29.52,3.7,30.0,NORTE
2024-07-19 09:00:00,1.17,22.4,27.0,49.3,13.0,60.0,21.65,725.1,0.0,74.0,2.4,0.243,27.16,5.2,309.0,SURESTE
2024-07-19 10:00:00,1.07,11.4,19.5,31.2,23.0,59.0,26.14,713.8,0.0,67.0,2.7,0.581,26.34,7.1,28.0,CENTRO
2024-07-19 10:00:00,0.76,3.3,6.4,9.6,37.0,82.0,17.0,718.5,0.0,,3.3,0.603,31.53,4.2,73.0,NORTE
2024-07-19 10:00:00,1.03,11.3,20.3,31.6,23.0,67.0,23.71,725.3,0.0,70.0,2.5,0.333,27.75,7.3,24.0,SURESTE
2024-07-19 11:00:00,0.79,8.4,17.6,26.2,32.0,61.0,27.64,713.8,0.0,63.0,2.6,0.758,27.39,7.6,35.0,CENTRO
2024-07-19 11:00:00,0.76,2.2,4.4,6.6,48.0,85.0,19.0,718.1,0.0,,4.4,0.681,32.43,6.0,99.0,NORTE
2024-07-19 11:00:00,0.85,6.9,15.8,22.6,30.0,67.0,28.57,725.1,0.0,66.0,3.3,0.378,28.7,5.3,54.0,SURESTE
2024-07-19 12:00:00,0.7,5.8,17.0,23.1,43.0,72.0,36.67,713.6,0.0,58.0,2.6,0.819,28.55,7.7,11.0,CENTRO
2024-07-19 12:00:00,0.76,2.2,5.2,7.4,56.0,80.0,20.0,717.5,0.0,,4.8,0.709,33.1,6.9,111.0,NORTE
2024-07-19 12:00:00,0.84,3.8,11.8,15.5,46.0,72.0,30.13,725.0,0.0,59.0,4.1,0.551,30.06,8.3,83.0,SURESTE
2024-07-19 13:00:00,0.57,4.7,13.8,18.7,51.0,83.0,42.46,713.2,0.0,50.0,2.6,1.058,29.96,8.8,57.0,CENTRO
2024-07-19 13:00:00,0.77,2.9,5.9,8.8,44.0,77.0,18.0,717.0,0.0,,3.6,0.693,33.72,8.7,127.0,NORTE
2024-07-19 13:00:00,0.83,4.9,13.1,18.0,45.0,70.0,29.52,724.6,0.0,56.0,2.7,0.542,30.83,11.2,76.0,SURESTE
2024-07-19 14:00:00,0.58,3.5,12.4,16.2,59.0,75.0,35.78,712.7,0.0,47.0,2.6,1.092,30.86,10.1,75.0,CENTRO
2024-07-19 14:00:00,0.76,2.7,4.8,7.5,41.0,83.0,16.0,716.4,0.0,,3.3,0.642,33.76,9.7,110.0,NORTE
2024-07-19 14:00:00,0.86,2.9,8.8,11.7,58.0,78.0,29.66,723.9,0.0,51.0,3.6,0.564,31.64,14.1,80.0,SURESTE
2024-07-19 15:00:00,0.57,3.0,11.0,14.2,61.0,74.0,36.06,712.2,0.0,43.0,2.5,1.056,31.53,13.5,54.0,CENTRO
2024-07-19 15:00:00,0.75,3.6,6.9,10.5,36.0,62.0,17.0,716.1,0.0,,4.1,0.359,33.17,9.8,122.0,NORTE
2024-07-19 15:00:00,0.85,2.8,7.6,10.3,54.0,92.0,24.91,723.5,0.0,47.0,11.1,0.517,32.42,14.9,105.0,SURESTE
2024-07-19 16:00:00,0.54,2.8,9.6,12.6,52.0,86.0,50.0,711.7,0.0,40.0,2.6,0.938,31.94,14.5,65.0,CENTRO
2024-07-19 16:00:00,0.78,3.4,7.7,11.1,31.0,64.0,17.0,716.0,0.0,,3.7,0.154,32.14,9.9,129.0,NORTE
2024-07-19 16:00:00,0.75,3.0,5.5,8.5,37.0,98.0,28.46,723.0,0.0,43.0,9.0,0.456,32.87,13.7,133.0,SURESTE
2024-07-19 17:00:00,0.53,3.2,9.7,13.1,36.0,80.0,48.09,711.4,0.0,41.0,2.6,0.494,31.5,14.3,78.0,CENTRO
2024-07-19 17:00:00,0.79,3.0,7.7,10.7,27.0,59.0,,716.1,0.0,,3.4,0.089,31.55,9.6,130.0,NORTE
2024-07-19 17:00:00,0.8,3.3,5.2,8.5,31.0,70.0,22.92,722.6,0.0,44.0,3.9,0.277,32.62,13.7,130.0,SURESTE
2024-07-19 18:00:00,0.51,2.8,9.7,12.8,31.0,69.0,31.39,711.4,0.0,44.0,2.5,0.212,30.6,12.9,88.0,CENTRO
2024-07-19 18:00:00,0.86,2.5,8.9,11.4,21.0,66.0,19.0,716.2,0.0,,3.2,0.01,30.59,10.0,120.0,NORTE
2024-07-19 18:00:00,0.74,3.0,5.8,8.8,29.0,56.0,23.11,722.5,0.0,48.0,2.8,0.111,31.54,12.1,150.0,SURESTE
2024-07-19 19:00:00,0.53,2.7,10.4,13.3,29.0,65.0,27.86,711.4,0.0,46.0,2.6,0.106,30.16,11.2,91.0,CENTRO
2024-07-19 19:00:00,0.97,2.7,12.2,14.9,14.0,74.0,22.0,716.4,0.0,,3.0,0.0,30.17,8.6,127.0,NORTE
2024-07-19 19:00:00,0.79,3.1,8.0,11.1,27.0,53.0,18.18,722.5,0.0,51.0,2.6,0.052,31.01,11.9,152.0,SURESTE
2024-07-19 20:00:00,0.54,2.2,12.3,14.7,26.0,65.0,28.78,711.5,0.0,49.0,2.5,0.019,29.55,9.3,108.0,CENTRO
2024-07-19 20:00:00,0.98,3.6,13.1,16.7,11.0,92.0,23.0,716.7,0.0,,2.9,0.0,29.92,7.5,143.0,NORTE
2024-07-19 20:00:00,0.81,2.9,8.0,10.9,25.0,64.0,15.28,722.5,0.0,53.0,2.5,0.007,30.44,9.7,144.0,SURESTE
2024-07-19 21:00:00,0.57,2.1,13.6,15.9,21.0,63.0,31.45,711.6,0.0,53.0,2.6,0.001,28.87,8.3,122.0,CENTRO
2024-07-19 21:00:00,0.99,2.9,13.5,16.5,10.0,97.0,24.0,717.1,0.0,,2.8,0.0,29.61,6.4,141.0,NORTE
2024-07-19 21:00:00,0.77,2.8,7.4,10.2,24.0,73.0,12.91,722.8,0.0,53.0,2.4,0.0,30.14,9.8,139.0,SURESTE
2024-07-19 22:00:00,0.56,2.1,14.3,16.6,21.0,71.0,33.81,711.9,0.0,55.0,2.6,0.001,28.32,9.9,109.0,CENTRO
2024-07-19 22:00:00,1.05,16.5,16.7,33.3,5.0,99.0,28.0,717.2,0.0,,2.8,0.0,28.71,6.6,110.0,NORTE
2024-07-19 22:00:00,0.73,2.7,6.0,8.7,23.0,70.0,11.7,723.1,0.0,51.0,2.3,0.0,30.11,9.1,134.0,SURESTE
2024-07-19 23:00:00,0.55,2.1,12.9,15.2,19.0,76.0,35.78,712.3,0.0,55.0,2.6,0.001,28.05,9.0,105.0,CENTRO
2024-07-19 23:00:00,0.81,2.9,12.0,14.9,5.0,155.0,19.0,717.2,0.0,,2.8,0.0,27.4,8.0,135.0,NORTE
2024-07-19 23:00:00,0.69,2.5,4.8,7.4,23.0,70.0,12.26,723.4,0.0,49.0,2.5,0.0,30.15,10.3,140.0,SURESTE
2024-07-20 00:00:00,0.5,1.9,9.5,11.7,22.0,78.0,35.05,712.3,0.0,55.0,2.6,0.001,27.68,8.8,84.0,CENTRO
2024-07-20 00:00:00,0.81,10.4,9.9,20.3,5.0,91.0,20.0,716.9,0.0,,2.8,0.0,26.28,4.7,58.0,NORTE
2024-07-20 00:00:00,0.73,2.2,6.3,8.6,20.0,78.0,20.54,723.4,0.0,54.0,2.2,0.0,29.26,14.0,120.0,SURESTE
2024-07-20 01:00:00,0.53,1.9,9.2,11.4,16.0,75.0,35.16,712.2,0.0,61.0,2.6,0.001,26.82,6.5,76.0,CENTRO
2024-07-20 01:00:00,,,,,,,,,,,,0.0,,,,NORTE
2024-07-20 01:00:00,0.74,2.1,5.3,7.4,16.0,81.0,21.43,723.2,0.0,66.0,2.2,0.0,27.63,12.5,100.0,SURESTE
2024-07-20 02:00:00,0.54,1.8,6.7,8.8,18.0,76.0,33.85,712.0,0.0,60.0,2.6,0.001,26.51,5.3,104.0,CENTRO
2024-07-20 02:00:00,0.7,8.4,8.2,16.6,2.0,114.0,17.0,717.0,0.0,,2.7,0.0,24.27,4.9,34.0,NORTE
2024-07-20 02:00:00,0.81,2.4,10.3,12.6,10.0,73.0,20.82,723.0,0.0,69.0,2.3,0.0,26.78,6.9,20.0,SURESTE
2024-07-20 03:00:00,0.53,3.9,11.8,15.9,13.0,75.0,36.35,711.8,0.0,63.0,2.6,0.001,26.15,7.1,42.0,CENTRO
2024-07-20 03:00:00,0.69,5.0,8.8,13.8,2.0,84.0,17.0,717.0,0.0,,2.6,0.0,24.3,5.1,55.0,NORTE
2024-07-20 03:00:00,0.75,2.2,7.7,9.9,10.0,89.0,21.99,722.9,0.0,76.0,2.1,0.0,25.64,9.3,65.0,SURESTE
2024-07-20 04:00:00,0.5,6.5,13.3,20.0,5.0,87.0,33.39,712.0,0.0,76.0,2.6,0.001,24.47,5.3,54.0,CENTRO
2024-07-20 04:00:00,0.75,10.6,9.5,20.2,2.0,74.0,,717.1,0.0,,2.8,0.0,24.2,6.8,62.0,NORTE
2024-07-20 04:00:00,0.71,2.1,6.0,8.0,10.0,67.0,19.43,723.1,0.0,81.0,1.8,0.0,24.94,5.8,91.0,SURESTE
2024-07-20 05:00:00,0.6,5.7,15.5,21.5,4.0,80.0,33.62,712.0,0.0,79.0,,0.001,24.11,4.2,43.0,CENTRO
2024-07-20 05:00:00,0.76,13.6,8.9,22.5,3.0,86.0,18.0,717.4,0.0,,2.7,0.0,24.05,6.1,42.0,NORTE
2024-07-20 05:00:00,0.72,2.5,9.4,11.9,5.0,57.0,16.53,723.2,0.0,84.0,1.9,0.0,24.5,6.7,39.0,SURESTE
2024-07-20 06:00:00,0.53,7.3,13.5,21.0,4.0,83.0,35.63,712.1,0.0,80.0,,0.001,24.08,4.6,43.0,CENTRO
2024-07-20 06:00:00,0.74,8.5,7.5,16.1,6.0,95.0,19.0,717.9,0.0,,2.8,0.0,24.89,5.7,42.0,NORTE
2024-07-20 06:00:00,0.74,3.4,10.0,13.4,4.0,59.0,17.0,723.2,0.0,86.0,2.1,0.0,24.23,5.7,44.0,SURESTE
2024-07-20 07:00:00,0.59,7.6,12.4,20.2,5.0,80.0,37.15,712.4,0.0,80.0,,0.024,23.93,6.2,6.0,CENTRO
2024-07-20 07:00:00,0.77,6.9,6.4,13.4,11.0,84.0,22.0,718.4,0.0,,2.7,0.0,26.56,5.7,5.0,NORTE
2024-07-20 07:00:00,0.8,8.8,11.7,20.3,3.0,59.0,17.52,723.6,0.0,86.0,2.2,0.021,24.39,2.2,342.0,SURESTE
2024-07-20 08:00:00,0.79,12.7,11.5,24.5,7.0,75.0,36.66,713.0,0.0,79.0,2.7,0.166,24.26,5.5,7.0,CENTRO
2024-07-20 08:00:00,0.75,6.0,6.6,12.6,17.0,78.0,23.0,718.3,0.0,,2.7,0.0,29.26,4.6,348.0,NORTE
2024-07-20 08:00:00,0.85,11.5,12.1,23.5,6.0,62.0,18.53,724.3,0.0,82.0,2.2,0.091,25.51,3.1,334.0,SURESTE
2024-07-20 09:00:00,1.59,12.7,12.6,25.6,11.0,91.0,53.35,713.4,0.0,71.0,3.8,0.422,25.93,5.2,341.0,CENTRO
2024-07-20 09:00:00,0.8,4.4,7.8,12.2,31.0,78.0,24.0,718.1,0.0,,2.9,0.0,31.59,2.6,42.0,NORTE
2024-07-20 09:00:00,0.93,13.0,13.2,26.2,10.0,83.0,21.65,724.7,0.0,76.0,2.2,0.211,26.76,4.9,325.0,SURESTE
2024-07-20 10:00:00,0.85,9.5,13.3,23.1,20.0,117.0,49.61,713.4,0.0,63.0,2.9,0.706,27.6,5.2,347.0,CENTRO
2024-07-20 10:00:00,0.82,4.1,9.3,13.4,42.0,101.0,26.0,717.8,0.0,,3.2,0.0,32.95,5.3,117.0,NORTE
2024-07-20 10:00:00,1.07,17.2,20.4,37.6,16.0,90.0,23.71,724.7,0.0,66.0,2.4,0.393,29.28,5.3,316.0,SURESTE
2024-07-20 11:00:00,0.73,7.8,17.9,25.9,34.0,118.0,46.27,713.2,0.0,56.0,2.6,0.909,29.18,6.5,7.0,CENTRO
2024-07-20 11:00:00,0.81,3.7,7.8,11.5,46.0,124.0,19.0,717.6,0.0,,3.3,0.0,33.8,8.8,125.0,NORTE
2024-07-20 11:00:00,1.07,9.9,22.3,32.2,34.0,105.0,28.57,724.6,0.0,59.0,2.9,0.481,30.52,5.8,53.0,SURESTE
2024-07-20 12:00:00,0.82,8.2,25.3,33.6,46.0,103.0,50.9,712.9,0.0,49.0,2.6,1.01,30.42,9.1,46.0,CENTRO
2024-07-20 12:00:00,0.77,2.5,5.5,8.0,54.0,88.0,19.0,717.0,0.0,,9.6,0.0,33.89,10.6,121.0,NORTE
2024-07-20 12:00:00,0.95,4.2,14.0,18.1,55.0,113.0,30.13,724.3,0.0,49.0,3.0,0.543,31.6,12.4,74.0,SURESTE
2024-07-20 13:00:00,0.64,2.8,13.1,16.1,71.0,107.0,40.06,712.7,0.0,42.0,2.5,1.11,31.5,12.1,53.0,CENTRO
2024-07-20 13:00:00,0.76,2.1,5.4,7.6,58.0,99.0,23.0,716.7,0.0,,15.3,0.0,33.82,10.8,130.0,NORTE
2024-07-20 13:00:00,0.89,3.4,8.8,12.2,48.0,113.0,29.52,724.0,0.0,44.0,2.6,0.581,32.4,15.9,110.0,SURESTE
2024-07-20 14:00:00,0.54,2.9,8.0,11.2,49.0,92.0,31.44,712.2,0.0,39.0,2.6,1.146,32.02,14.7,75.0,CENTRO
2024-07-20 14:00:00,0.8,2.7,4.8,7.4,43.0,90.0,16.0,716.2,0.0,,8.3,0.0,34.02,11.0,128.0,NORTE
2024-07-20 14:00:00,0.83,3.6,6.1,9.6,36.0,96.0,29.66,723.6,0.0,43.0,2.3,0.583,32.82,16.1,116.0,SURESTE
2024-07-20 15:00:00,0.52,2.7,6.3,9.3,44.0,78.0,30.46,711.9,0.0,39.0,2.6,0.941,32.32,13.7,67.0,CENTRO
2024-07-20 15:00:00,0.77,2.6,4.7,7.3,38.0,66.0,14.0,715.9,0.0,,4.8,0.0,33.3,12.6,97.0,NORTE
2024-07-20 15:00:00,0.85,3.9,5.8,9.7,30.0,81.0,24.91,723.2,0.0,43.0,2.4,0.517,33.3,13.5,117.0,SURESTE
2024-07-20 16:00:00,0.49,2.8,5.5,8.5,35.0,67.0,25.97,711.5,0.0,39.0,2.6,0.681,32.07,15.2,74.0,CENTRO
2024-07-20 16:00:00,0.76,2.8,4.6,7.4,30.0,58.0,13.0,716.1,0.0,,3.8,0.0,32.16,14.1,98.0,NORTE
2024-07-20 16:00:00,0.82,3.5,5.5,9.0,31.0,81.0,28.46,722.8,0.0,43.0,2.2,0.467,33.44,14.4,123.0,SURESTE
2024-07-20 17:00:00,0.5,2.8,6.8,9.8,37.0,64.0,25.82,711.2,0.0,41.0,2.6,0.399,31.9,14.1,80.0,CENTRO
2024-07-20 17:00:00,0.74,2.8,6.3,9.0,27.0,56.0,12.0,715.9,0.0,,3.3,0.0,32.0,12.3,120.0,NORTE
2024-07-20 17:00:00,0.83,3.4,5.9,9.4,33.0,68.0,22.92,722.5,0.0,44.0,3.1,0.327,33.23,16.1,112.0,SURESTE
2024-07-20 18:00:00,0.5,,7.5,10.5,31.0,66.0,25.23,711.4,0.0,49.0,2.6,0.152,30.3,16.0,73.0,CENTRO
2024-07-20 18:00:00,0.8,2.2,7.5,9.7,22.0,47.0,12.0,715.9,0.0,,4.2,0.0,31.08,11.7,132.0,NORTE
2024-07-20 18:00:00,0.91,4.7,9.4,14.1,24.0,72.0,23.11,722.6,0.05,61.0,3.3,0.139,30.11,15.7,74.0,SURESTE
2024-07-20 19:00:00,0.48,2.4,6.8,9.4,26.0,63.0,22.42,711.4,0.0,50.0,2.6,0.078,29.56,10.5,109.0,CENTRO
2024-07-20 19:00:00,0.97,2.5,9.6,12.1,17.0,48.0,16.0,716.3,0.0,,3.5,0.0,30.57,9.7,145.0,NORTE
2024-07-20 19:00:00,0.85,3.3,8.8,12.0,24.0,61.0,18.18,722.4,0.0,50.0,3.8,0.042,31.16,10.4,123.0,SURESTE
2024-07-20 20:00:00,0.49,2.0,6.6,8.9,24.0,53.0,21.53,711.3,0.0,51.0,2.7,0.014,29.04,9.4,122.0,CENTRO
2024-07-20 20:00:00,0.95,2.3,6.4,8.7,17.0,60.0,14.0,716.6,0.0,,3.1,0.0,29.66,10.2,152.0,NORTE
2024-07-20 20:00:00,0.77,2.9,7.5,10.4,23.0,52.0,15.28,722.3,0.0,49.0,3.1,0.007,30.7,10.1,141.0,SURESTE
2024-07-20 21:00:00,0.5,2.0,7.9,10.1,22.0,46.0,20.83,711.5,0.0,50.0,2.7,0.001,28.79,8.8,113.0,CENTRO
2024-07-20 21:00:00,0.82,2.0,4.7,6.8,20.0,47.0,12.0,717.2,0.0,,2.8,0.0,28.62,13.0,149.0,NORTE
2024-07-20 21:00:00,0.72,2.7,5.4,8.1,24.0,45.0,12.91,722.5,0.0,48.0,2.5,0.0,30.48,13.6,137.0,SURESTE
2024-07-20 22:00:00,0.47,1.9,5.9,8.1,23.0,46.0,19.61,711.8,0.0,55.0,2.6,0.001,27.88,11.0,128.0,CENTRO
2024-07-20 22:00:00,0.79,2.1,4.4,6.4,17.0,41.0,9.0,717.5,0.0,,2.7,0.0,27.46,12.8,138.0,NORTE
2024-07-20 22:00:00,0.86,5.0,8.9,13.8,17.0,34.0,11.7,722.9,0.0,57.0,2.1,0.0,29.44,13.1,118.0,SURESTE
2024-07-20 23:00:00,0.47,1.9,6.2,8.3,23.0,45.0,16.95,712.3,0.0,56.0,2.7,0.001,27.47,8.5,114.0,CENTRO
2024-07-20 23:00:00,0.78,1.9,6.2,8.1,13.0,32.0,9.0,717.4,0.0,,2.7,0.0,26.43,8.5,132.0,NORTE
2024-07-20 23:00:00,0.7,2.6,3.7,6.3,22.0,44.0,12.26,723.3,0.0,61.0,2.1,0.0,28.59,18.5,120.0,SURESTE
2024-07-21 00:00:00,0.45,,4.8,6.9,23.0,41.0,15.39,712.5,0.0,60.0,2.6,0.001,26.81,8.7,115.0,CENTRO
2024-07-21 00:00:00,0.74,1.8,5.8,7.6,11.0,40.0,8.0,717.2,0.0,,2.7,0.0,25.78,6.4,137.0,NORTE
2024-07-21 00:00:00,0.7,2.2,3.6,5.8,19.0,26.0,7.52,723.6,0.0,67.0,1.9,0.0,27.52,18.3,105.0,SURESTE
2024-07-21 01:00:00,0.48,2.0,5.0,7.1,21.0,38.0,14.48,712.4,0.0,63.0,2.7,0.001,26.21,8.6,87.0,CENTRO
2024-07-21 01:00:00,0.74,4.8,8.0,12.9,6.0,37.0,9.0,716.6,0.0,,2.7,0.0,24.99,5.6,63.0,NORTE
2024-07-21 01:00:00,0.71,2.3,4.6,6.8,17.0,18.0,6.93,723.5,0.0,72.0,1.8,0.0,26.23,13.2,98.0,SURESTE
2024-07-21 02:00:00,0.52,1.9,9.3,11.5,14.0,43.0,15.75,712.2,0.0,68.0,2.6,0.001,25.36,6.3,38.0,CENTRO
2024-07-21 02:00:00,0.69,3.5,8.6,12.0,4.0,54.0,9.0,716.5,0.0,,2.8,0.0,24.19,6.5,65.0,NORTE
2024-07-21 02:00:00,0.74,2.5,5.4,7.8,16.0,25.0,7.2,723.2,0.0,74.0,1.9,0.0,25.53,10.2,89.0,SURESTE
2024-07-21 03:00:00,0.53,9.6,18.1,28.1,5.0,43.0,24.08,711.8,0.0,71.0,2.7,0.001,24.7,5.4,15.0,CENTRO
2024-07-21 03:00:00,0.67,2.3,6.1,8.3,7.0,39.0,,716.4,0.0,,2.6,0.0,24.26,5.4,94.0,NORTE
2024-07-21 03:00:00,0.76,2.0,6.3,8.3,13.0,32.0,5.84,722.9,0.0,77.0,1.8,0.0,25.01,7.0,81.0,SURESTE
2024-07-21 04:00:00,0.6,3.5,14.7,18.4,6.0,63.0,21.48,711.7,0.0,74.0,2.8,0.001,24.18,5.7,59.0,CENTRO
2024-07-21 04:00:00,0.67,2.3,6.9,9.3,5.0,41.0,,716.5,0.0,,2.7,0.0,24.16,4.8,45.0,NORTE
2024-07-21 04:00:00,0.75,2.2,8.6,10.8,7.0,31.0,5.15,722.7,0.0,81.0,1.8,0.0,24.42,7.1,52.0,SURESTE
2024-07-21 05:00:00,0.58,3.7,14.5,18.4,5.0,62.0,21.66,711.6,0.0,77.0,2.6,0.001,23.92,5.4,39.0,CENTRO
2024-07-21 05:00:00,0.7,6.0,8.3,14.3,5.0,31.0,11.0,716.9,0.0,,2.8,0.0,24.17,5.9,41.0,NORTE
2024-07-21 05:00:00,0.72,2.1,7.1,9.1,7.0,32.0,4.98,722.7,0.0,85.0,2.0,0.0,23.94,4.5,45.0,SURESTE
2024-07-21 06:00:00,0.61,3.4,14.5,18.1,5.0,49.0,26.47,711.6,0.0,78.0,2.6,0.001,23.8,3.1,8.0,CENTRO
2024-07-21 06:00:00,0.71,5.3,7.0,12.3,8.0,45.0,13.0,717.0,0.0,,2.7,0.0,25.2,3.5,29.0,NORTE
2024-07-21 06:00:00,0.74,2.1,7.8,9.8,7.0,29.0,6.14,722.7,0.0,85.0,2.2,0.0,23.84,3.1,55.0,SURESTE
2024-07-21 07:00:00,0.64,5.6,13.6,19.4,5.0,52.0,25.39,712.0,0.0,78.0,2.8,0.024,23.97,4.5,14.0,CENTRO
2024-07-21 07:00:00,0.74,6.1,6.8,12.8,12.0,44.0,17.0,717.0,0.0,,2.8,0.0,26.98,4.0,45.0,NORTE
2024-07-21 07:00:00,0.74,2.8,8.5,11.2,8.0,29.0,7.94,723.1,0.0,83.0,2.3,0.018,24.4,2.4,211.0,SURESTE
2024-07-21 08:00:00,0.62,6.0,9.3,15.5,10.0,55.0,29.59,712.1,0.0,73.0,2.6,0.195,24.71,5.1,2.0,CENTRO
2024-07-21 08:00:00,0.77,6.2,7.3,13.5,17.0,47.0,18.0,716.8,0.0,,2.6,0.0,28.45,4.1,13.0,NORTE
2024-07-21 08:00:00,0.76,5.2,8.8,13.9,10.0,40.0,10.37,723.2,0.0,79.0,2.2,0.08,25.5,2.4,86.0,SURESTE
2024-07-21 09:00:00,0.63,6.5,9.9,16.7,15.0,50.0,33.03,712.0,0.0,68.0,2.6,0.342,25.73,5.7,6.0,CENTRO
2024-07-21 09:00:00,0.77,5.3,7.5,12.7,26.0,53.0,20.0,716.6,0.0,,3.0,0.0,30.27,4.3,54.0,NORTE
2024-07-21 09:00:00,0.79,6.5,8.7,15.1,14.0,42.0,15.82,723.2,0.0,76.0,2.2,0.212,26.46,5.3,47.0,SURESTE
2024-07-21 10:00:00,0.58,5.5,9.1,14.9,25.0,54.0,34.01,712.0,0.0,62.0,2.6,0.728,27.19,5.1,19.0,CENTRO
2024-07-21 10:00:00,0.75,3.4,6.3,9.8,37.0,72.0,18.0,716.7,0.0,,3.4,0.0,31.86,4.9,99.0,NORTE
2024-07-21 10:00:00,0.86,7.8,11.0,18.6,22.0,43.0,18.64,723.2,0.0,67.0,2.6,0.402,28.57,5.9,356.0,SURESTE
2024-07-21 11:00:00,0.59,3.6,9.4,13.3,43.0,55.0,31.76,711.8,0.0,56.0,2.5,0.912,28.42,5.8,350.0,CENTRO
2024-07-21 11:00:00,0.75,2.3,3.8,6.1,44.0,62.0,14.0,716.5,0.0,,3.9,0.0,32.14,9.4,118.0,NORTE
2024-07-21 11:00:00,0.89,5.2,11.5,16.6,37.0,50.0,17.43,723.2,0.0,63.0,2.8,0.504,29.45,7.2,39.0,SURESTE
2024-07-21 12:00:00,0.73,5.9,15.7,21.8,48.0,56.0,37.09,711.9,0.0,53.0,2.7,1.062,29.59,9.0,53.0,CENTRO
2024-07-21 12:00:00,0.76,2.2,4.1,6.3,40.0,50.0,17.0,716.1,0.0,,4.7,0.0,31.05,11.2,122.0,NORTE
2024-07-21 12:00:00,0.86,4.2,10.4,14.5,47.0,54.0,18.16,723.2,0.0,59.0,2.8,0.539,30.14,12.5,77.0,SURESTE
2024-07-21 13:00:00,0.55,3.0,9.1,12.3,58.0,64.0,30.51,711.7,0.0,53.0,2.7,1.039,29.97,13.1,51.0,CENTRO
2024-07-21 13:00:00,0.76,2.3,3.8,6.1,35.0,46.0,13.0,715.6,0.0,,4.1,0.0,31.57,9.2,131.0,NORTE
2024-07-21 13:00:00,0.84,3.2,7.5,10.7,47.0,57.0,18.19,722.9,0.0,58.0,4.7,0.582,30.63,16.8,94.0,SURESTE
2024-07-21 14:00:00,0.51,2.2,6.5,9.0,54.0,62.0,43.36,711.3,0.0,52.0,3.2,0.704,30.07,14.3,61.0,CENTRO
2024-07-21 14:00:00,0.74,2.1,2.9,5.0,40.0,39.0,10.0,714.7,0.0,,3.4,0.0,33.36,9.0,148.0,NORTE
2024-07-21 14:00:00,0.82,3.3,7.2,10.5,43.0,72.0,,722.4,0.0,54.0,7.9,0.458,31.2,17.3,116.0,SURESTE
2024-07-21 15:00:00,0.46,2.0,5.4,7.7,49.0,69.0,44.81,710.9,0.0,51.0,3.1,0.387,29.77,8.9,130.0,CENTRO
2024-07-21 15:00:00,0.74,2.2,3.2,5.4,38.0,40.0,11.0,714.6,0.0,,3.1,0.0,33.16,10.2,134.0,NORTE
2024-07-21 15:00:00,0.78,3.2,5.8,9.0,33.0,72.0,,722.0,0.0,52.0,6.1,0.301,31.19,12.6,127.0,SURESTE
2024-07-21 16:00:00,0.44,2.1,3.8,6.1,41.0,59.0,29.63,710.3,0.0,45.0,3.0,1.0,31.41,9.9,138.0,CENTRO
2024-07-21 16:00:00,0.74,2.2,4.0,6.2,34.0,32.0,12.0,714.8,0.0,,4.5,0.0,32.35,11.3,130.0,NORTE
2024-07-21 16:00:00,0.8,3.5,4.8,8.3,30.0,45.0,,721.2,0.0,49.0,3.5,0.361,32.3,14.2,118.0,SURESTE
2024-07-21 17:00:00,0.45,2.1,3.6,6.0,37.0,47.0,19.43,710.1,0.0,45.0,3.0,0.315,31.3,10.1,112.0,CENTRO
2024-07-21 17:00:00,0.75,2.4,5.1,7.4,28.0,29.0,11.0,714.7,0.0,,5.6,0.0,32.09,11.2,124.0,NORTE
2024-07-21 17:00:00,0.78,3.3,4.8,8.1,29.0,40.0,,721.2,0.0,49.0,2.9,0.264,32.47,15.1,130.0,SURESTE
2024-07-21 18:00:00,0.46,,4.5,6.8,31.0,40.0,17.5,710.2,0.0,48.0,2.7,0.164,30.76,11.2,109.0,CENTRO
2024-07-21 18:00:00,0.8,2.1,6.5,8.6,22.0,28.0,11.0,715.2,0.0,,4.1,0.0,31.22,10.6,120.0,NORTE
2024-07-21 18:00:00,0.73,3.1,4.9,8.0,27.0,32.0,,721.3,0.0,49.0,2.6,0.094,31.81,13.7,141.0,SURESTE
2024-07-21 19:00:00,0.46,2.0,4.0,6.2,30.0,39.0,16.5,710.2,0.0,47.0,2.7,0.098,30.53,10.4,121.0,CENTRO
2024-07-21 19:00:00,0.82,2.2,6.1,8.2,20.0,26.0,,715.7,0.0,,3.4,0.0,29.95,13.3,141.0,NORTE
2024-07-21 19:00:00,0.74,3.0,5.6,8.6,25.0,26.0,,721.3,0.0,48.0,2.5,0.055,31.67,11.5,147.0,SURESTE
2024-07-21 20:00:00,0.45,1.9,5.4,7.5,27.0,37.0,15.06,710.7,0.0,48.0,2.7,0.013,29.87,10.2,120.0,CENTRO
2024-07-21 20:00:00,0.88,2.3,11.0,13.3,16.0,46.0,9.0,715.8,0.0,,3.2,0.0,28.39,8.8,170.0,NORTE
2024-07-21 20:00:00,0.75,2.7,5.6,8.3,24.0,22.0,,721.8,0.0,50.0,2.4,0.006,31.09,11.9,140.0,SURESTE
2024-07-21 21:00:00,0.48,1.9,6.5,8.6,24.0,36.0,13.33,711.1,0.0,55.0,2.7,0.001,28.2,11.2,112.0,CENTRO
2024-07-21 21:00:00,0.9,2.2,11.8,14.0,17.0,32.0,10.0,716.1,0.0,,3.2,0.0,27.44,8.2,91.0,NORTE
2024-07-21 21:00:00,0.71,2.6,4.5,7.1,24.0,21.0,,722.1,0.0,59.0,2.3,0.0,29.28,14.5,148.0,SURESTE
2024-07-21 22:00:00,0.47,1.8,5.2,7.2,26.0,36.0,12.23,711.1,0.0,61.0,2.6,0.001,26.47,11.4,122.0,CENTRO
2024-07-21 22:00:00,0.79,2.0,8.0,10.0,19.0,49.0,7.0,716.1,0.0,,2.9,0.0,26.24,7.4,112.0,NORTE
2024-07-21 22:00:00,0.83,2.5,11.1,13.6,19.0,30.0,,722.1,0.0,62.0,2.1,0.0,27.94,7.7,351.0,SURESTE
2024-07-21 23:00:00,0.45,1.9,5.6,7.7,28.0,32.0,10.8,711.2,0.0,59.0,2.7,0.001,26.39,7.9,59.0,CENTRO
2024-07-21 23:00:00,0.74,1.8,6.6,8.4,19.0,34.0,6.0,716.0,0.0,,2.8,0.0,25.78,8.0,112.0,NORTE
2024-07-21 23:00:00,0.79,2.4,10.4,12.7,19.0,50.0,,722.1,0.0,68.0,2.0,0.0,26.19,6.7,296.0,SURESTE
2024-07-22 00:00:00,0.47,1.8,6.8,8.9,25.0,32.0,10.8,711.4,0.0,62.0,2.7,0.001,25.88,6.9,68.0,CENTRO
2024-07-22 00:00:00,0.72,1.7,6.5,8.2,18.0,29.0,6.0,715.8,0.0,,2.7,0.0,25.14,6.8,102.0,NORTE
2024-07-22 00:00:00,0.78,2.1,8.3,10.3,20.0,23.0,7.52,722.3,0.0,69.0,2.0,0.0,26.08,6.9,112.0,SURESTE
2024-07-22 01:00:00,0.55,2.9,16.4,19.5,14.0,28.0,11.0,711.1,0.0,66.0,2.8,0.001,25.17,7.3,25.0,CENTRO
2024-07-22 01:00:00,0.7,1.9,8.8,10.7,12.0,35.0,,715.5,0.0,,2.8,0.0,24.48,5.8,76.0,NORTE
2024-07-22 01:00:00,0.75,2.0,5.7,7.7,21.0,24.0,6.93,722.1,0.0,75.0,2.0,0.0,25.03,11.1,87.0,SURESTE
2024-07-22 02:00:00,0.48,3.3,14.5,17.9,13.0,49.0,10.6,711.0,0.0,73.0,2.9,0.001,24.04,7.5,44.0,CENTRO
2024-07-22 02:00:00,0.66,2.5,9.5,12.0,11.0,42.0,7.0,715.3,0.0,,2.7,0.0,24.01,5.7,70.0,NORTE
2024-07-22 02:00:00,0.68,2.0,3.7,5.6,21.0,17.0,7.2,721.9,0.0,78.0,2.0,0.0,24.38,9.9,113.0,SURESTE
2024-07-22 03:00:00,0.5,3.5,14.8,18.5,11.0,50.0,13.92,710.7,0.0,76.0,3.0,0.001,23.53,6.6,55.0,CENTRO
2024-07-22 03:00:00,0.67,2.0,11.2,13.1,7.0,41.0,7.0,715.3,0.0,,2.6,0.0,23.54,7.3,51.0,NORTE
2024-07-22 03:00:00,0.68,1.9,3.0,4.9,20.0,13.0,5.84,721.7,0.0,80.0,2.0,0.0,23.96,9.0,92.0,SURESTE
2024-07-22 04:00:00,0.51,2.5,15.0,17.7,10.0,46.0,12.69,710.6,0.0,77.0,3.0,0.001,23.26,4.9,74.0,CENTRO
2024-07-22 04:00:00,0.67,1.9,7.3,9.2,13.0,45.0,8.0,715.7,0.0,,2.8,0.0,23.56,7.1,79.0,NORTE
2024-07-22 04:00:00,0.66,1.9,3.3,5.2,19.0,14.0,5.15,721.7,0.0,81.0,1.9,0.0,23.74,6.7,69.0,SURESTE
2024-07-22 05:00:00,0.55,2.0,13.3,15.4,12.0,41.0,12.68,710.6,0.0,77.0,2.9,0.001,23.3,4.8,23.0,CENTRO
2024-07-22 05:00:00,0.72,2.5,8.6,11.1,12.0,46.0,9.0,716.0,0.0,,2.7,0.0,23.59,6.3,108.0,NORTE
2024-07-22 05:00:00,0.68,2.0,7.0,8.9,14.0,15.0,4.98,721.7,0.0,83.0,2.0,0.0,23.62,5.5,46.0,SURESTE
2024-07-22 06:00:00,0.61,2.3,15.0,17.5,10.0,48.0,15.44,710.9,0.0,76.0,2.9,0.001,23.42,5.2,20.0,CENTRO
2024-07-22 06:00:00,0.78,3.8,8.8,12.6,13.0,48.0,12.0,716.4,0.0,,2.7,0.0,23.9,6.4,108.0,NORTE
2024-07-22 06:00:00,0.68,2.0,8.8,10.7,13.0,16.0,6.14,721.9,0.0,84.0,1.9,0.0,23.46,7.1,85.0,SURESTE
2024-07-22 07:00:00,0.56,6.1,17.7,24.0,7.0,55.0,18.59,711.2,0.0,78.0,2.9,0.011,23.12,6.3,59.0,CENTRO
2024-07-22 07:00:00,0.79,5.2,8.0,13.1,15.0,50.0,14.0,716.9,0.0,,2.8,0.0,24.52,6.7,85.0,NORTE
2024-07-22 07:00:00,0.75,2.9,12.2,15.0,10.0,23.0,7.94,722.1,0.0,84.0,2.5,0.011,23.44,8.3,88.0,SURESTE
2024-07-22 08:00:00,0.63,12.7,18.1,31.0,7.0,49.0,23.98,711.5,0.0,79.0,2.9,0.049,22.99,7.9,71.0,CENTRO
2024-07-22 08:00:00,0.79,4.9,6.7,11.6,21.0,58.0,16.0,717.0,0.0,,3.2,0.0,26.03,5.9,72.0,NORTE
2024-07-22 08:00:00,0.81,4.1,10.4,14.5,12.0,29.0,10.37,722.7,0.0,83.0,2.8,0.066,23.67,10.1,96.0,SURESTE
2024-07-22 09:00:00,0.7,14.9,18.7,33.9,10.0,50.0,22.98,711.9,0.0,75.0,3.2,0.185,23.74,6.8,57.0,CENTRO
2024-07-22 09:00:00,0.79,3.6,6.8,10.4,33.0,51.0,18.0,717.0,0.0,,3.3,0.0,28.05,5.4,63.0,NORTE
2024-07-22 09:00:00,0.8,5.7,8.2,13.9,19.0,46.0,15.82,723.1,0.0,78.0,2.5,0.284,25.03,10.0,91.0,SURESTE
2024-07-22 10:00:00,0.76,11.7,18.3,30.3,16.0,68.0,28.16,712.2,0.0,72.0,3.4,0.356,24.42,7.7,13.0,CENTRO
2024-07-22 10:00:00,0.8,3.2,7.7,10.9,44.0,56.0,20.0,716.8,0.0,,4.4,0.0,28.85,7.0,96.0,NORTE
2024-07-22 10:00:00,0.79,5.0,9.2,14.2,26.0,41.0,18.64,723.3,0.0,72.0,2.2,0.306,26.21,7.5,74.0,SURESTE
2024-07-22 11:00:00,0.86,9.2,17.6,27.0,30.0,74.0,34.43,712.1,0.0,65.0,3.6,0.703,26.07,8.9,22.0,CENTRO
2024-07-22 11:00:00,0.78,2.5,5.9,8.4,55.0,59.0,17.0,716.3,0.0,,5.4,0.0,30.39,7.0,135.0,NORTE
2024-07-22 11:00:00,0.81,4.2,10.9,15.0,35.0,40.0,17.43,723.3,0.0,68.0,2.1,0.236,26.99,7.5,57.0,SURESTE
2024-07-22 12:00:00,0.65,8.3,21.2,29.8,41.0,98.0,41.47,712.0,0.0,60.0,3.3,0.898,27.16,10.7,27.0,CENTRO
2024-07-22 12:00:00,0.72,2.4,3.6,6.0,41.0,51.0,10.0,715.7,0.0,,3.8,0.0,31.36,11.9,141.0,NORTE
2024-07-22 12:00:00,0.83,3.1,8.3,11.4,44.0,40.0,18.16,723.2,0.0,64.0,2.2,0.353,27.98,11.0,76.0,SURESTE
2024-07-22 13:00:00,0.56,3.1,9.7,13.1,55.0,83.0,45.0,711.5,0.0,56.0,3.2,0.828,28.31,10.9,47.0,CENTRO
2024-07-22 13:00:00,0.68,2.4,3.1,5.4,36.0,47.0,12.0,715.2,0.0,,3.3,0.0,31.89,13.8,138.0,NORTE
2024-07-22 13:00:00,0.77,3.2,4.9,8.2,33.0,47.0,18.19,722.5,0.0,58.0,2.1,0.571,29.61,16.3,115.0,SURESTE
2024-07-22 14:00:00,0.5,3.0,6.3,9.5,41.0,55.0,15.88,710.9,0.0,48.0,3.0,1.126,29.82,12.3,100.0,CENTRO
2024-07-22 14:00:00,0.69,2.5,2.9,5.4,32.0,69.0,13.0,714.8,0.0,,3.1,0.0,32.22,14.6,133.0,NORTE
2024-07-22 14:00:00,0.76,3.3,4.7,8.0,33.0,38.0,13.35,722.0,0.0,54.0,2.1,0.551,30.36,18.7,110.0,SURESTE
2024-07-22 15:00:00,0.49,3.1,5.6,8.9,35.0,37.0,17.47,710.6,0.0,47.0,2.9,0.837,30.19,14.0,83.0,CENTRO
2024-07-22 15:00:00,0.7,2.6,3.4,6.0,30.0,65.0,13.0,714.5,0.0,,3.5,0.0,32.14,14.3,133.0,NORTE
2024-07-22 15:00:00,0.71,3.4,4.4,7.8,29.0,35.0,12.22,721.7,0.0,48.0,2.1,0.469,31.33,18.4,131.0,SURESTE
2024-07-22 16:00:00,0.45,3.0,4.8,8.1,32.0,44.0,20.32,710.2,0.0,44.0,2.9,0.845,30.64,14.4,113.0,CENTRO
2024-07-22 16:00:00,0.69,2.6,3.6,6.3,29.0,70.0,,714.5,0.0,,3.7,0.0,31.96,14.2,139.0,NORTE
2024-07-22 16:00:00,0.7,3.5,4.4,7.9,28.0,54.0,14.64,721.4,0.0,46.0,2.2,0.348,31.34,18.1,132.0,SURESTE
2024-07-22 17:00:00,0.44,3.5,5.0,8.7,30.0,55.0,22.96,709.9,0.0,40.0,2.9,0.742,30.93,15.2,111.0,CENTRO
2024-07-22 17:00:00,0.72,3.0,5.1,8.1,25.0,60.0,12.0,714.5,0.0,,4.4,0.0,30.8,15.0,136.0,NORTE
2024-07-22 17:00:00,0.69,3.3,4.1,7.4,27.0,60.0,15.06,721.1,0.0,45.0,2.1,0.341,31.85,15.6,133.0,SURESTE
2024-07-22 18:00:00,0.42,3.2,5.2,8.7,29.0,65.0,24.96,709.9,0.0,39.0,2.9,0.423,30.76,15.6,110.0,CENTRO
2024-07-22 18:00:00,0.77,2.3,5.7,8.0,21.0,60.0,10.0,714.8,0.0,,4.3,0.0,29.54,13.9,143.0,NORTE
2024-07-22 18:00:00,0.69,3.9,5.3,9.2,25.0,61.0,15.49,721.0,0.0,43.0,2.1,0.209,31.75,14.4,144.0,SURESTE
2024-07-22 19:00:00,0.47,3.1,6.7,10.0,27.0,65.0,21.98,709.9,0.0,42.0,2.8,0.071,30.02,13.9,103.0,CENTRO
2024-07-22 19:00:00,0.8,2.3,7.5,9.9,19.0,35.0,9.0,714.8,0.0,,3.2,0.0,28.82,10.8,151.0,NORTE
2024-07-22 19:00:00,0.72,3.3,5.2,8.6,24.0,61.0,15.08,721.0,0.0,50.0,2.0,0.072,30.53,15.6,133.0,SURESTE
2024-07-22 20:00:00,0.46,2.2,6.5,9.0,26.0,60.0,19.21,710.1,0.0,48.0,2.9,0.013,28.89,12.1,111.0,CENTRO
2024-07-22 20:00:00,0.78,,7.1,9.4,19.0,31.0,8.0,715.2,0.0,,2.8,0.0,28.36,9.9,142.0,NORTE
2024-07-22 20:00:00,0.73,3.1,5.8,8.9,23.0,44.0,12.01,721.2,0.0,56.0,1.9,0.006,29.19,13.8,134.0,SURESTE
2024-07-22 21:00:00,0.47,2.1,5.6,8.0,24.0,56.0,16.85,710.2,0.0,55.0,2.8,0.001,27.43,10.9,121.0,CENTRO
2024-07-22 21:00:00,0.79,2.1,9.2,11.3,14.0,39.0,7.0,715.8,0.0,,2.8,0.0,27.73,9.7,131.0,NORTE
2024-07-22 21:00:00,0.67,2.7,4.2,6.9,26.0,35.0,10.36,721.0,0.0,54.0,2.0,0.0,29.03,14.6,141.0,SURESTE
2024-07-22 22:00:00,0.46,1.9,5.3,7.4,24.0,41.0,13.37,710.6,0.0,59.0,2.6,0.001,26.76,10.4,123.0,CENTRO
2024-07-22 22:00:00,0.79,2.0,8.4,10.4,14.0,34.0,7.0,716.1,0.0,,2.8,,26.75,10.1,115.0,NORTE
2024-07-22 22:00:00,0.73,2.7,7.1,9.8,21.0,31.0,7.85,721.5,0.0,58.0,2.0,0.0,28.43,11.3,112.0,SURESTE
2024-07-22 23:00:00,0.46,1.9,5.7,7.8,23.0,38.0,10.73,711.0,0.0,60.0,2.6,0.001,26.39,9.6,128.0,CENTRO
2024-07-22 23:00:00,0.74,1.9,7.7,9.6,13.0,42.0,,716.3,0.0,,2.8,0.0,25.61,8.0,126.0,NORTE
2024-07-22 23:00:00,0.75,2.3,7.2,9.5,19.0,29.0,7.51,722.0,0.0,62.0,2.0,0.0,27.58,10.4,97.0,SURESTE
2024-07-23 00:00:00,0.45,,5.1,7.2,23.0,37.0,9.69,711.2,0.0,60.0,2.6,0.001,26.06,9.0,101.0,CENTRO
2024-07-23 00:00:00,0.72,1.7,7.1,8.8,12.0,30.0,,716.1,0.0,,2.7,,25.11,5.9,107.0,NORTE
2024-07-23 00:00:00,0.72,2.1,6.9,8.9,16.0,22.0,7.77,722.2,0.0,69.0,2.0,0.0,26.21,11.1,104.0,SURESTE
2024-07-23 01:00:00,0.52,2.0,9.9,12.1,14.0,35.0,12.8,711.4,0.0,69.0,2.6,0.001,24.87,8.1,54.0,CENTRO
2024-07-23 01:00:00,0.68,1.7,6.7,8.4,12.0,35.0,6.0,716.1,0.0,,2.8,,24.4,6.4,104.0,NORTE
2024-07-23 01:00:00,0.68,2.0,4.5,6.5,18.0,29.0,7.89,722.4,0.0,73.0,2.0,0.0,25.39,14.6,94.0,SURESTE
2024-07-23 02:00:00,0.5,1.9,7.6,9.7,16.0,34.0,10.94,711.3,0.0,70.0,2.7,0.001,24.48,5.0,27.0,CENTRO
2024-07-23 02:00:00,0.69,1.7,6.5,8.2,11.0,25.0,6.0,716.1,0.0,,2.7,,23.79,7.6,103.0,NORTE
2024-07-23 02:00:00,0.67,1.9,4.1,6.0,18.0,23.0,6.99,722.1,0.0,74.0,2.1,0.0,25.12,12.3,100.0,SURESTE
2024-07-23 03:00:00,0.48,2.2,7.2,9.7,16.0,27.0,11.41,711.1,0.0,72.0,2.6,0.001,23.94,7.5,38.0,CENTRO
2024-07-23 03:00:00,0.7,1.9,7.3,9.3,9.0,26.0,8.0,716.1,0.0,,2.6,,23.5,5.7,74.0,NORTE
2024-07-23 03:00:00,0.68,1.9,3.8,5.7,16.0,27.0,6.87,722.1,0.0,79.0,1.9,0.0,24.15,10.6,87.0,SURESTE
2024-07-23 04:00:00,0.48,4.6,15.0,19.8,7.0,31.0,15.67,711.3,0.0,77.0,2.7,0.001,23.13,7.3,28.0,CENTRO
2024-07-23 04:00:00,0.69,7.6,12.1,19.7,2.0,37.0,12.0,716.4,0.0,,2.8,,23.05,7.3,45.0,NORTE
2024-07-23 04:00:00,0.66,1.9,3.3,5.2,15.0,27.0,8.24,722.1,0.0,82.0,1.9,0.0,23.53,10.2,84.0,SURESTE
2024-07-23 05:00:00,0.49,7.7,17.1,25.1,5.0,46.0,19.97,711.3,0.0,79.0,3.1,0.001,22.61,6.0,21.0,CENTRO
2024-07-23 05:00:00,0.74,9.2,11.7,20.9,4.0,66.0,15.0,716.7,0.0,,2.8,,23.23,5.0,42.0,NORTE
2024-07-23 05:00:00,0.66,1.9,3.7,5.6,14.0,17.0,7.88,722.2,0.0,83.0,1.9,0.0,23.12,9.2,84.0,SURESTE
2024-07-23 06:00:00,0.49,7.7,15.9,23.8,5.0,55.0,23.14,711.5,0.0,79.0,3.2,0.001,22.52,5.8,43.0,CENTRO
2024-07-23 06:00:00,0.75,8.9,9.0,18.0,8.0,86.0,16.0,717.1,0.0,,2.8,,24.56,6.2,56.0,NORTE
2024-07-23 06:00:00,0.66,2.0,4.9,6.9,14.0,26.0,8.36,722.5,0.0,84.0,2.1,0.0,22.93,5.8,88.0,SURESTE
2024-07-23 07:00:00,0.55,4.5,14.5,19.2,8.0,56.0,26.67,711.8,0.0,78.0,3.0,0.023,22.7,3.5,353.0,CENTRO
2024-07-23 07:00:00,0.79,8.2,8.7,16.9,12.0,71.0,16.0,717.6,0.0,,2.9,,25.1,6.8,62.0,NORTE
2024-07-23 07:00:00,0.72,5.4,9.2,14.5,9.0,30.0,8.78,723.0,0.0,84.0,2.2,0.025,23.23,3.2,294.0,SURESTE
2024-07-23 08:00:00,0.73,11.0,14.8,26.0,10.0,52.0,25.44,712.1,0.0,76.0,3.1,0.102,23.2,2.1,17.0,CENTRO
2024-07-23 08:00:00,0.82,9.1,9.1,18.2,14.0,61.0,18.0,717.8,0.0,,2.9,,26.47,7.5,93.0,NORTE
2024-07-23 08:00:00,0.81,8.4,12.2,20.5,10.0,36.0,8.59,723.4,0.0,80.0,2.0,0.084,24.21,5.6,31.0,SURESTE
2024-07-23 09:00:00,0.83,16.5,17.8,34.6,10.0,56.0,30.8,712.6,0.0,74.0,3.2,0.218,23.88,5.5,15.0,CENTRO
2024-07-23 09:00:00,0.77,4.3,6.0,10.3,29.0,63.0,13.0,717.7,0.0,,3.0,,28.29,7.2,97.0,NORTE
2024-07-23 09:00:00,0.82,7.9,12.9,20.7,13.0,33.0,11.58,723.8,0.0,78.0,1.9,0.109,24.56,7.5,65.0,SURESTE
2024-07-23 10:00:00,0.75,11.1,18.2,29.6,13.0,75.0,30.11,712.9,0.0,71.0,3.2,0.202,24.44,6.7,28.0,CENTRO
2024-07-23 10:00:00,0.77,3.3,6.4,9.8,41.0,50.0,14.0,717.5,0.0,,3.2,,29.36,8.8,110.0,NORTE
2024-07-23 10:00:00,0.79,6.4,10.8,17.1,22.0,41.0,15.06,724.3,0.0,73.0,1.9,0.256,25.79,7.9,56.0,SURESTE
2024-07-23 11:00:00,0.71,10.0,19.7,30.0,24.0,71.0,32.62,712.8,0.0,63.0,3.1,0.442,26.09,6.4,35.0,CENTRO
2024-07-23 11:00:00,0.73,2.6,6.0,8.6,49.0,56.0,16.0,717.0,0.0,,6.4,,30.31,7.9,110.0,NORTE
2024-07-23 11:00:00,0.76,4.0,8.0,12.1,31.0,50.0,14.99,724.1,0.0,66.0,2.0,0.35,26.89,11.6,82.0,SURESTE
2024-07-23 12:00:00,0.59,3.5,13.1,16.8,42.0,67.0,24.7,712.6,0.0,60.0,3.1,0.291,26.67,7.4,70.0,CENTRO
2024-07-23 12:00:00,0.74,2.2,5.4,7.5,57.0,58.0,14.0,716.6,0.0,,8.1,,31.52,5.2,108.0,NORTE
2024-07-23 12:00:00,0.8,3.5,6.7,10.2,32.0,38.0,13.27,723.9,0.0,62.0,2.0,0.32,27.83,12.8,98.0,SURESTE
2024-07-23 13:00:00,0.53,2.9,7.2,10.3,42.0,58.0,14.68,712.3,0.0,54.0,3.0,0.551,27.77,9.0,63.0,CENTRO
2024-07-23 13:00:00,0.72,2.1,5.4,7.5,65.0,56.0,15.0,716.0,0.0,,12.2,,32.83,5.8,131.0,NORTE
2024-07-23 13:00:00,0.73,3.3,5.1,8.5,29.0,37.0,13.54,723.5,0.0,57.0,2.1,0.377,28.82,12.6,127.0,SURESTE
2024-07-23 14:00:00,0.56,2.6,8.1,11.0,59.0,44.0,20.16,711.9,0.0,51.0,2.9,0.737,28.85,9.6,83.0,CENTRO
2024-07-23 14:00:00,0.73,2.0,5.8,7.8,65.0,60.0,16.0,715.8,0.0,,12.8,,32.45,6.2,118.0,NORTE
2024-07-23 14:00:00,0.7,3.1,4.4,7.5,32.0,40.0,12.72,723.1,0.0,52.0,2.1,0.57,30.42,11.9,137.0,SURESTE
2024-07-23 15:00:00,0.54,2.4,6.9,9.5,59.0,45.0,17.7,711.4,0.0,49.0,2.7,1.021,29.98,8.8,114.0,CENTRO
2024-07-23 15:00:00,0.73,2.5,7.2,9.8,51.0,52.0,15.0,715.6,0.0,,10.3,,31.92,8.9,111.0,NORTE
2024-07-23 15:00:00,0.69,2.8,4.1,6.9,35.0,30.0,10.87,722.6,0.0,49.0,2.1,0.549,31.34,10.9,141.0,SURESTE
2024-07-23 16:00:00,0.51,2.3,5.9,8.4,52.0,43.0,14.25,711.2,0.0,47.0,2.6,0.655,30.41,6.7,123.0,CENTRO
2024-07-23 16:00:00,0.72,2.6,6.2,8.8,42.0,44.0,12.0,715.5,0.0,,8.9,,32.59,7.0,122.0,NORTE
2024-07-23 16:00:00,0.67,2.6,4.3,6.9,36.0,22.0,9.11,722.3,0.0,49.0,2.0,0.396,31.46,12.1,160.0,SURESTE
2024-07-23 17:00:00,0.5,2.4,5.7,8.3,46.0,37.0,12.37,711.0,0.0,47.0,2.7,0.464,30.21,9.7,97.0,CENTRO
2024-07-23 17:00:00,0.77,3.1,9.3,12.4,27.0,34.0,8.0,715.9,0.0,,5.9,,31.58,8.6,123.0,NORTE
2024-07-23 17:00:00,0.67,2.9,4.4,7.4,34.0,22.0,6.97,722.1,0.0,49.0,2.0,0.354,31.49,13.1,157.0,SURESTE
2024-07-23 18:00:00,0.51,2.6,6.6,9.5,38.0,36.0,12.41,711.0,0.0,49.0,2.6,0.219,30.06,8.8,120.0,CENTRO
2024-07-23 18:00:00,0.81,2.5,9.0,11.5,23.0,30.0,6.0,716.2,0.0,,3.9,,30.69,8.9,123.0,NORTE
2024-07-23 18:00:00,0.68,2.8,4.1,6.8,32.0,27.0,5.81,722.1,0.0,49.0,2.1,0.202,31.48,10.7,147.0,SURESTE
2024-07-23 19:00:00,0.54,2.8,7.9,11.0,32.0,38.0,8.91,711.4,0.0,48.0,2.7,0.071,29.93,8.2,136.0,CENTRO
2024-07-23 19:00:00,0.82,2.3,8.0,10.3,19.0,28.0,7.0,717.0,0.0,,3.9,,29.55,10.8,120.0,NORTE
2024-07-23 19:00:00,0.7,2.7,6.8,9.5,30.0,16.0,5.4,722.5,0.0,50.0,2.4,0.049,30.77,8.9,164.0,SURESTE
2024-07-23 20:00:00,0.52,2.0,8.4,10.7,29.0,34.0,8.22,711.6,0.0,51.0,2.6,0.01,28.8,8.4,128.0,CENTRO
2024-07-23 20:00:00,0.79,2.3,10.9,13.2,13.0,40.0,6.0,717.7,0.0,,3.0,,27.66,12.7,137.0,NORTE
2024-07-23 20:00:00,0.78,2.9,10.2,13.0,25.0,21.0,5.69,722.9,0.0,54.0,3.6,0.004,29.89,7.9,166.0,SURESTE
2024-07-23 21:00:00,0.52,2.2,9.1,11.5,27.0,32.0,8.44,712.2,0.0,53.0,2.6,0.001,28.19,8.7,117.0,CENTRO
2024-07-23 21:00:00,0.75,1.8,5.5,7.3,17.0,32.0,5.0,718.1,0.0,,2.9,,26.93,10.3,157.0,NORTE
2024-07-23 21:00:00,0.75,2.8,8.9,11.7,22.0,18.0,6.26,723.5,0.0,58.0,2.5,0.0,29.12,9.7,133.0,SURESTE
2024-07-23 22:00:00,0.54,2.1,10.4,12.8,17.0,32.0,11.51,712.8,0.0,64.0,2.6,0.001,26.8,12.4,75.0,CENTRO
2024-07-23 22:00:00,0.74,1.8,4.6,6.4,18.0,30.0,5.0,718.3,0.0,,2.8,0.0,26.62,10.2,156.0,NORTE
2024-07-23 22:00:00,0.78,3.4,7.5,10.9,17.0,25.0,5.33,724.1,0.01,75.0,2.2,0.0,26.75,15.0,118.0,SURESTE
2024-07-23 23:00:00,0.52,2.0,7.3,9.4,17.0,40.0,8.7,713.1,0.0,73.0,2.6,0.001,25.23,10.4,106.0,CENTRO
2024-07-23 23:00:00,0.72,1.6,4.1,5.8,19.0,33.0,5.0,718.0,0.0,,2.6,0.0,26.35,8.2,137.0,NORTE
2024-07-23 23:00:00,0.72,2.4,5.1,7.6,18.0,22.0,6.35,724.4,0.06,81.0,2.1,0.0,25.46,9.4,128.0,SURESTE
2024-07-24 00:00:00,0.52,1.9,5.7,7.8,18.0,32.0,7.98,713.2,0.0,75.0,2.6,0.001,24.97,7.9,89.0,CENTRO
2024-07-24 00:00:00,0.72,2.8,7.6,10.4,12.0,26.0,6.0,717.9,0.0,,2.7,0.0,25.77,5.8,83.0,NORTE
2024-07-24 00:00:00,0.73,2.6,7.2,9.8,14.0,14.0,5.16,724.4,0.0,81.0,2.0,0.0,25.27,5.0,185.0,SURESTE
2024-07-24 01:00:00,0.48,1.8,3.9,6.0,20.0,30.0,6.64,713.1,0.0,73.0,2.6,0.001,25.04,9.0,85.0,CENTRO
2024-07-24 01:00:00,0.69,2.4,10.0,12.4,7.0,34.0,7.0,717.8,0.0,,2.5,0.0,24.69,6.2,50.0,NORTE
2024-07-24 01:00:00,0.71,2.3,6.3,8.6,14.0,14.0,5.35,724.2,0.0,81.0,2.0,0.0,25.37,8.3,126.0,SURESTE
2024-07-24 02:00:00,0.49,2.5,8.5,11.2,15.0,29.0,8.21,713.0,0.0,74.0,2.5,0.001,24.74,6.9,52.0,CENTRO
2024-07-24 02:00:00,0.68,1.7,9.5,11.2,8.0,31.0,7.0,717.9,0.0,,2.4,0.0,24.65,3.9,39.0,NORTE
2024-07-24 02:00:00,0.69,2.1,5.6,7.7,13.0,11.0,4.92,724.1,0.0,81.0,1.8,0.0,25.12,4.9,125.0,SURESTE
2024-07-24 03:00:00,0.52,2.3,14.4,16.9,9.0,39.0,13.74,713.0,0.0,76.0,2.6,0.001,24.55,5.0,31.0,CENTRO
2024-07-24 03:00:00,0.7,4.7,12.8,17.5,4.0,32.0,9.0,718.2,0.0,,2.6,0.0,24.44,4.0,8.0,NORTE
2024-07-24 03:00:00,0.68,2.0,6.3,8.3,14.0,17.0,4.86,724.2,0.0,82.0,1.9,0.0,25.06,7.1,77.0,SURESTE
2024-07-24 04:00:00,0.53,2.2,14.3,16.7,8.0,54.0,16.69,713.0,0.0,78.0,2.7,0.001,24.31,4.0,79.0,CENTRO
2024-07-24 04:00:00,0.76,3.3,11.5,14.8,4.0,58.0,10.0,718.4,0.0,,2.6,0.0,24.39,2.5,24.0,NORTE
2024-07-24 04:00:00,0.66,2.1,5.7,7.7,12.0,22.0,6.03,724.3,0.0,83.0,2.0,0.0,24.71,2.6,239.0,SURESTE
2024-07-24 05:00:00,0.53,2.0,12.6,14.8,8.0,50.0,14.09,713.2,0.0,79.0,2.6,0.001,24.12,2.4,31.0,CENTRO
2024-07-24 05:00:00,0.74,10.8,13.2,24.0,4.0,60.0,13.0,718.8,0.0,,2.6,0.0,24.59,4.2,49.0,NORTE
2024-07-24 05:00:00,0.69,2.6,7.9,10.4,9.0,23.0,6.06,724.5,0.0,84.0,2.0,0.0,24.78,2.7,197.0,SURESTE
2024-07-24 06:00:00,0.58,4.0,15.9,20.1,6.0,42.0,17.35,713.4,0.0,78.0,2.6,0.001,24.32,2.7,79.0,CENTRO
2024-07-24 06:00:00,0.73,7.2,9.1,16.2,11.0,84.0,10.0,718.9,0.0,,2.7,0.0,26.48,4.7,73.0,NORTE
2024-07-24 06:00:00,0.69,2.3,12.7,15.0,8.0,23.0,6.89,724.7,0.0,83.0,2.0,0.0,25.05,6.2,74.0,SURESTE
2024-07-24 07:00:00,0.76,13.9,19.2,33.4,5.0,44.0,19.25,713.7,0.0,79.0,2.6,0.013,24.16,6.6,9.0,CENTRO
2024-07-24 07:00:00,0.74,4.6,5.7,10.3,17.0,57.0,10.0,719.2,0.0,,2.7,0.0,26.88,7.9,47.0,NORTE
2024-07-24 07:00:00,0.74,4.1,15.4,19.4,6.0,22.0,7.16,725.0,0.0,83.0,1.9,0.013,24.88,7.0,77.0,SURESTE
2024-07-24 08:00:00,0.89,11.6,17.4,29.4,6.0,53.0,22.88,713.8,0.0,79.0,2.5,0.077,24.09,8.2,16.0,CENTRO
2024-07-24 08:00:00,0.74,3.0,3.8,6.7,25.0,52.0,11.0,719.3,0.0,,2.7,0.0,29.44,5.3,54.0,NORTE
2024-07-24 08:00:00,0.8,7.1,13.4,20.4,9.0,28.0,6.81,725.2,0.0,82.0,2.2,0.077,25.19,8.3,82.0,SURESTE
2024-07-24 09:00:00,0.74,9.2,12.7,22.2,14.0,61.0,19.19,714.1,0.0,73.0,2.5,0.364,25.47,9.5,27.0,CENTRO
2024-07-24 09:00:00,0.69,2.2,2.6,4.9,31.0,58.0,11.0,719.1,0.0,,2.8,0.0,30.43,5.6,52.0,NORTE
2024-07-24 09:00:00,0.79,7.4,12.3,19.7,14.0,27.0,7.66,725.6,0.0,77.0,2.4,0.167,26.28,6.4,67.0,SURESTE
2024-07-24 10:00:00,1.0,6.9,12.0,19.2,19.0,53.0,28.4,714.4,0.0,71.0,2.7,0.382,26.01,7.9,19.0,CENTRO
2024-07-24 10:00:00,0.72,2.1,3.5,5.6,31.0,51.0,12.0,718.9,0.0,,2.7,0.0,30.16,3.4,48.0,NORTE
2024-07-24 10:00:00,0.72,5.9,9.3,15.1,22.0,38.0,9.8,725.9,0.0,68.0,3.0,0.267,28.12,7.6,11.0,SURESTE
2024-07-24 11:00:00,0.86,8.2,12.6,21.0,21.0,108.0,29.77,714.4,0.0,71.0,2.8,0.694,26.46,6.9,179.0,CENTRO
2024-07-24 11:00:00,0.81,3.3,6.5,9.8,22.0,61.0,11.0,718.7,0.0,,2.5,0.0,27.41,6.9,328.0,NORTE
2024-07-24 11:00:00,0.77,4.8,9.9,14.7,28.0,32.0,8.44,725.9,0.0,66.0,2.7,0.263,28.7,6.3,265.0,SURESTE
2024-07-24 12:00:00,0.73,5.6,12.3,18.1,35.0,64.0,21.77,714.0,0.0,59.0,2.6,0.903,28.72,7.7,105.0,CENTRO
2024-07-24 12:00:00,0.75,2.8,3.9,6.7,25.0,31.0,7.0,718.8,0.0,,2.5,0.0,26.84,13.5,28.0,NORTE
2024-07-24 12:00:00,0.8,5.1,10.6,15.7,35.0,30.0,9.75,725.4,0.0,62.0,2.3,0.38,29.92,6.4,250.0,SURESTE
2024-07-24 13:00:00,0.67,4.8,12.5,17.5,37.0,50.0,20.37,713.6,0.0,55.0,2.4,0.6,29.26,11.5,34.0,CENTRO
2024-07-24 13:00:00,0.72,2.7,4.5,7.2,27.0,35.0,5.0,718.7,0.0,,2.6,0.0,26.83,11.6,23.0,NORTE
2024-07-24 13:00:00,0.8,3.0,9.3,12.4,42.0,27.0,10.19,725.1,0.64,65.0,2.1,0.178,28.76,8.6,97.0,SURESTE
2024-07-24 14:00:00,0.75,3.6,10.4,14.2,25.0,49.0,15.58,713.8,0.07,74.0,2.5,0.086,25.31,9.7,329.0,CENTRO
2024-07-24 14:00:00,0.93,4.3,11.0,15.3,18.0,26.0,6.0,718.8,0.0,,2.6,0.0,26.66,3.5,352.0,NORTE
2024-07-24 14:00:00,0.76,3.2,8.7,11.8,27.0,35.0,12.85,725.3,0.49,89.0,1.9,0.037,23.2,11.6,143.0,SURESTE
2024-07-24 15:00:00,0.71,3.9,14.0,18.1,17.0,41.0,12.48,714.0,0.22,86.0,2.6,0.034,22.6,7.6,122.0,CENTRO
2024-07-24 15:00:00,1.1,6.0,17.8,23.8,9.0,29.0,9.0,718.6,0.0,,2.7,0.0,25.54,3.0,37.0,NORTE
2024-07-24 15:00:00,0.8,3.3,8.7,11.9,25.0,16.0,6.58,725.4,0.18,90.0,1.9,0.028,22.73,8.2,142.0,SURESTE
2024-07-24 16:00:00,0.57,4.1,9.9,14.3,20.0,35.0,6.04,714.1,0.01,85.0,2.5,0.046,22.1,9.4,183.0,CENTRO
2024-07-24 16:00:00,1.18,7.0,17.3,24.3,10.0,49.0,9.0,718.7,0.0,,2.9,0.0,25.18,4.0,337.0,NORTE
2024-07-24 16:00:00,0.74,4.2,,12.9,20.0,12.0,5.44,725.1,0.06,88.0,1.8,0.025,23.47,10.0,234.0,SURESTE
2024-07-24 17:00:00,0.7,5.5,11.7,17.5,19.0,27.0,5.93,713.6,0.02,81.0,2.6,0.119,22.43,7.4,211.0,CENTRO
2024-07-24 17:00:00,0.99,4.0,14.3,18.2,15.0,39.0,6.0,719.0,0.0,,2.7,0.0,25.57,3.0,325.0,NORTE
2024-07-24 17:00:00,0.83,6.3,11.0,17.3,18.0,10.0,4.12,724.7,0.01,83.0,2.0,0.055,24.18,7.1,246.0,SURESTE
2024-07-24 18:00:00,0.75,6.6,17.6,24.5,15.0,32.0,8.62,713.7,0.0,81.0,2.6,0.131,23.14,3.7,303.0,CENTRO
2024-07-24 18:00:00,1.26,5.1,20.1,25.2,7.0,33.0,8.0,719.1,0.0,,2.8,0.0,25.67,0.4,7.0,NORTE
2024-07-24 18:00:00,1.06,13.6,19.4,33.0,9.0,19.0,4.42,724.8,0.01,85.0,1.9,0.071,24.29,6.2,278.0,SURESTE
2024-07-24 19:00:00,0.83,6.4,20.4,27.2,13.0,33.0,9.47,714.0,0.0,78.0,2.6,0.102,23.75,3.7,316.0,CENTRO
2024-07-24 19:00:00,1.35,15.0,23.5,38.6,3.0,53.0,11.0,719.5,0.0,,2.8,0.0,25.23,5.8,41.0,NORTE
2024-07-24 19:00:00,1.04,10.2,20.2,30.4,9.0,22.0,5.33,725.3,0.0,84.0,1.9,0.036,24.16,7.6,270.0,SURESTE
2024-07-24 20:00:00,0.9,8.0,23.4,31.6,7.0,33.0,10.01,714.1,0.0,78.0,2.6,0.024,23.92,2.3,187.0,CENTRO
2024-07-24 20:00:00,0.7,1.9,5.6,7.5,26.0,66.0,4.0,720.2,0.0,,2.7,0.0,22.94,7.7,357.0,NORTE
2024-07-24 20:00:00,0.98,7.4,23.6,31.0,8.0,22.0,5.02,725.4,0.0,82.0,1.8,0.01,24.37,5.9,254.0,SURESTE
2024-07-24 21:00:00,0.93,6.3,24.2,30.8,5.0,42.0,11.92,714.3,0.0,78.0,2.6,0.001,23.95,3.2,120.0,CENTRO
2024-07-24 21:00:00,0.69,1.6,5.5,7.1,27.0,24.0,2.0,720.5,0.0,,2.7,0.0,22.28,5.0,307.0,NORTE
2024-07-24 21:00:00,1.06,11.2,20.6,31.8,5.0,23.0,6.22,725.7,0.0,81.0,1.9,0.0,24.31,2.9,219.0,SURESTE
2024-07-24 22:00:00,0.75,8.2,17.4,25.8,11.0,44.0,10.13,714.8,0.0,78.0,2.6,0.001,23.53,6.8,24.0,CENTRO
2024-07-24 22:00:00,0.76,1.7,8.0,9.6,24.0,22.0,3.0,720.2,0.0,4.0,2.8,0.0,23.23,2.4,233.0,NORTE
2024-07-24 22:00:00,0.98,9.4,18.6,28.0,10.0,38.0,6.02,726.3,0.0,80.0,1.9,0.0,24.51,6.6,335.0,SURESTE
2024-07-24 23:00:00,0.54,1.9,8.4,10.5,29.0,32.0,4.09,715.3,0.0,75.0,2.5,0.001,22.73,5.3,283.0,CENTRO
2024-07-24 23:00:00,0.85,3.1,14.6,17.7,13.0,18.0,5.0,719.6,0.0,5.0,2.7,0.0,23.79,0.4,97.0,NORTE
2024-07-24 23:00:00,0.72,2.5,13.8,16.3,19.0,30.0,6.97,726.9,0.0,81.0,2.0,0.0,23.19,4.9,272.0,SURESTE
2024-07-25 00:00:00,0.76,2.0,16.5,18.7,17.0,30.0,7.1,715.1,0.0,76.0,2.5,0.001,22.77,3.4,145.0,CENTRO
2024-07-25 00:00:00,0.87,7.4,17.8,25.2,6.0,37.0,7.0,719.0,0.0,5.0,2.8,0.0,23.57,4.6,346.0,NORTE
2024-07-25 00:00:00,0.76,2.3,13.6,15.7,19.0,21.0,4.02,726.5,0.0,81.0,2.2,0.0,23.22,3.2,253.0,SURESTE
2024-07-25 01:00:00,0.68,2.1,15.2,17.5,15.0,36.0,8.37,714.5,0.0,76.0,2.6,0.001,22.83,2.4,49.0,CENTRO
2024-07-25 01:00:00,0.73,3.8,14.7,18.5,7.0,53.0,8.0,718.5,0.0,4.0,2.7,0.0,23.58,6.9,356.0,NORTE
2024-07-25 01:00:00,0.72,2.1,9.1,11.1,20.0,20.0,4.01,725.9,0.0,79.0,2.1,0.0,23.42,3.0,128.0,SURESTE
2024-07-25 02:00:00,0.71,2.4,18.9,21.4,10.0,35.0,10.04,714.0,0.0,78.0,2.6,0.001,22.63,3.4,226.0,CENTRO
2024-07-25 02:00:00,0.66,1.8,6.5,8.3,13.0,58.0,6.0,718.6,0.0,6.0,2.7,0.0,23.19,5.4,25.0,NORTE
2024-07-25 02:00:00,0.75,2.5,11.6,14.0,12.0,16.0,3.94,725.1,0.0,83.0,1.8,0.0,23.07,5.9,296.0,SURESTE
2024-07-25 03:00:00,0.63,2.0,12.9,15.0,15.0,34.0,9.04,713.6,0.0,76.0,2.6,0.001,22.75,2.6,266.0,CENTRO
2024-07-25 03:00:00,0.66,1.8,7.5,9.3,10.0,41.0,6.0,718.9,0.0,5.0,2.7,0.0,23.22,3.1,313.0,NORTE
2024-07-25 03:00:00,0.75,2.3,14.3,16.5,14.0,18.0,4.86,724.7,0.0,80.0,1.8,0.0,23.69,8.4,279.0,SURESTE
2024-07-25 04:00:00,0.6,2.1,17.3,19.6,10.0,33.0,17.11,713.6,0.0,76.0,2.6,0.001,22.89,4.0,2.0,CENTRO
2024-07-25 04:00:00,0.7,4.0,10.4,14.3,8.0,29.0,,719.4,0.0,5.0,2.7,0.0,23.29,1.3,156.0,NORTE
2024-07-25 04:00:00,0.76,2.2,13.4,15.5,12.0,20.0,5.41,724.8,0.0,79.0,1.8,0.0,23.74,4.8,294.0,SURESTE
2024-07-25 05:00:00,0.74,3.0,21.0,24.2,6.0,46.0,17.99,713.9,0.0,76.0,2.5,0.001,22.98,3.0,97.0,CENTRO
2024-07-25 05:00:00,0.84,9.0,14.5,23.5,4.0,34.0,8.0,719.5,0.0,6.0,2.7,0.014,23.53,4.0,166.0,NORTE
2024-07-25 05:00:00,0.74,2.6,15.8,18.4,9.0,27.0,6.02,725.2,0.0,80.0,1.8,0.0,23.72,2.9,234.0,SURESTE
2024-07-25 06:00:00,0.71,5.6,22.3,28.1,5.0,50.0,15.75,714.3,0.0,77.0,2.6,0.001,23.04,5.7,99.0,CENTRO
2024-07-25 06:00:00,0.83,10.2,14.4,24.6,7.0,49.0,8.0,719.7,0.0,8.0,2.6,0.081,24.39,2.5,70.0,NORTE
2024-07-25 06:00:00,0.77,3.0,15.6,18.5,9.0,31.0,7.39,725.7,0.0,80.0,2.0,0.0,23.8,5.7,111.0,SURESTE
2024-07-25 07:00:00,0.63,5.1,18.2,23.5,7.0,51.0,12.59,714.5,0.0,78.0,2.7,0.014,22.89,5.2,130.0,CENTRO
2024-07-25 07:00:00,0.79,10.9,13.3,24.2,10.0,48.0,,720.1,0.0,7.0,2.7,0.146,24.57,4.9,40.0,NORTE
2024-07-25 07:00:00,0.99,27.1,17.9,44.9,3.0,32.0,7.47,725.9,0.0,82.0,2.3,0.008,23.66,2.9,286.0,SURESTE
2024-07-25 08:00:00,0.7,9.5,17.1,26.8,9.0,46.0,13.21,714.6,0.0,75.0,2.6,0.098,23.4,6.2,104.0,CENTRO
2024-07-25 08:00:00,0.8,9.2,12.2,21.4,13.0,47.0,10.0,720.3,0.0,2.0,2.6,0.217,25.77,3.3,39.0,NORTE
2024-07-25 08:00:00,0.93,16.0,17.0,33.0,8.0,42.0,8.26,726.0,0.0,77.0,2.1,0.083,25.03,3.2,294.0,SURESTE
2024-07-25 09:00:00,0.92,14.3,20.2,34.7,14.0,50.0,13.29,714.8,0.0,70.0,2.7,0.212,24.24,7.0,56.0,CENTRO
2024-07-25 09:00:00,0.83,8.4,13.2,21.6,15.0,55.0,11.0,720.3,0.0,,2.7,0.203,26.48,3.3,59.0,NORTE
2024-07-25 09:00:00,0.94,13.4,19.6,33.0,12.0,34.0,7.44,726.3,0.0,73.0,2.1,0.129,25.52,5.9,5.0,SURESTE
2024-07-25 10:00:00,0.83,13.6,19.8,33.7,15.0,52.0,15.36,715.1,0.0,70.0,2.6,0.311,24.62,6.6,18.0,CENTRO
2024-07-25 10:00:00,0.85,6.9,12.9,19.8,21.0,63.0,12.0,720.2,0.0,,2.6,0.276,27.74,2.9,85.0,NORTE
2024-07-25 10:00:00,1.1,15.0,24.3,39.2,14.0,45.0,7.64,726.6,0.0,75.0,2.2,0.151,25.57,6.6,77.0,SURESTE
2024-07-25 11:00:00,0.78,20.2,26.5,46.9,14.0,63.0,22.22,715.1,0.0,66.0,2.7,0.369,25.56,5.0,47.0,CENTRO
2024-07-25 11:00:00,0.95,5.7,15.7,21.4,26.0,70.0,16.0,719.9,0.0,,2.7,0.0,28.01,2.1,99.0,NORTE
2024-07-25 11:00:00,1.12,14.6,27.6,42.2,19.0,56.0,11.61,726.6,0.0,73.0,2.1,0.2,26.22,5.8,94.0,SURESTE
2024-07-25 12:00:00,0.85,13.8,31.4,45.4,19.0,65.0,26.89,715.1,0.0,65.0,2.6,0.261,25.95,5.3,45.0,CENTRO
2024-07-25 12:00:00,0.96,4.2,14.2,18.4,39.0,83.0,14.0,719.5,0.0,,2.6,0.0,28.64,3.3,134.0,NORTE
2024-07-25 12:00:00,1.09,9.4,25.0,34.3,29.0,65.0,14.6,726.6,0.0,71.0,2.1,0.222,26.62,6.4,90.0,SURESTE
2024-07-25 13:00:00,0.93,10.9,33.1,44.3,26.0,76.0,33.53,714.9,0.0,67.0,2.6,0.337,26.02,6.0,71.0,CENTRO
2024-07-25 13:00:00,0.91,3.1,11.8,14.9,44.0,59.0,11.0,719.1,0.0,,2.6,0.0,28.29,4.8,126.0,NORTE
2024-07-25 13:00:00,1.04,5.4,20.6,26.1,45.0,70.0,19.09,726.3,0.0,68.0,2.0,0.238,27.22,6.7,93.0,SURESTE
2024-07-25 14:00:00,0.9,7.8,33.6,41.7,35.0,82.0,32.89,714.5,0.0,64.0,2.7,0.269,26.4,5.4,27.0,CENTRO
2024-07-25 14:00:00,0.88,2.7,10.2,12.9,47.0,55.0,12.0,718.7,0.0,,2.6,0.0,27.93,8.3,123.0,NORTE
2024-07-25 14:00:00,0.97,4.0,16.8,20.8,48.0,63.0,18.89,726.0,0.0,71.0,2.0,0.206,27.15,8.7,80.0,SURESTE
2024-07-25 15:00:00,0.85,4.4,25.4,30.0,48.0,84.0,26.95,714.2,0.0,65.0,2.6,0.282,26.24,6.1,69.0,CENTRO
2024-07-25 15:00:00,0.93,2.5,12.0,14.5,43.0,59.0,17.0,718.7,0.0,,2.7,0.0,26.4,6.8,143.0,NORTE
2024-07-25 15:00:00,0.93,3.8,10.8,14.6,40.0,52.0,15.28,725.6,0.0,75.0,2.0,0.218,26.73,10.5,106.0,SURESTE
2024-07-25 16:00:00,0.79,3.6,19.5,23.3,52.0,70.0,25.67,713.8,0.0,66.0,2.5,0.264,26.59,6.8,58.0,CENTRO
2024-07-25 16:00:00,1.1,2.6,18.9,21.5,38.0,41.0,21.0,718.7,0.0,,2.6,0.0,26.02,6.2,164.0,NORTE
2024-07-25 16:00:00,0.92,3.1,9.4,12.5,40.0,48.0,20.83,725.2,0.0,75.0,1.8,0.136,26.55,10.1,108.0,SURESTE
2024-07-25 17:00:00,0.8,2.9,17.5,20.6,42.0,54.0,22.04,713.7,0.0,70.0,2.5,0.122,25.63,9.1,79.0,CENTRO
2024-07-25 17:00:00,1.15,2.5,19.4,21.8,24.0,67.0,15.0,718.6,0.0,,2.6,0.0,25.5,6.8,157.0,NORTE
2024-07-25 17:00:00,0.98,3.0,11.6,14.5,34.0,41.0,19.85,725.1,0.0,79.0,1.9,0.051,25.77,9.6,109.0,SURESTE
2024-07-25 18:00:00,0.76,2.6,16.3,19.2,30.0,58.0,18.03,713.8,0.0,74.0,2.6,0.059,24.73,6.9,99.0,CENTRO
2024-07-25 18:00:00,1.33,6.0,27.3,33.3,8.0,61.0,10.0,718.5,0.0,,2.6,0.0,25.12,3.9,185.0,NORTE
2024-07-25 18:00:00,1.0,3.7,13.9,17.5,19.0,34.0,15.64,725.1,0.01,84.0,2.0,0.03,25.22,6.1,101.0,SURESTE
2024-07-25 19:00:00,0.88,3.9,19.0,23.2,19.0,49.0,13.83,713.7,0.01,78.0,2.6,0.037,24.11,4.5,94.0,CENTRO
2024-07-25 19:00:00,1.43,9.4,29.6,39.0,2.0,65.0,11.0,718.5,0.0,,2.7,0.0,25.1,4.3,145.0,NORTE
2024-07-25 19:00:00,1.08,4.4,20.7,25.1,11.0,31.0,10.4,725.0,0.01,85.0,1.9,0.015,24.85,3.4,6.0,SURESTE
2024-07-25 20:00:00,0.99,4.3,25.1,29.7,10.0,42.0,14.86,713.6,0.0,81.0,2.6,0.005,23.57,3.5,99.0,CENTRO
2024-07-25 20:00:00,1.34,12.7,28.3,41.0,2.0,61.0,12.0,718.6,0.0,,2.8,0.0,24.95,3.9,151.0,NORTE
2024-07-25 20:00:00,1.18,5.9,24.4,30.3,6.0,32.0,10.19,724.7,0.0,86.0,2.1,0.003,24.25,2.3,225.0,SURESTE
2024-07-25 21:00:00,0.92,5.7,24.8,30.8,9.0,36.0,16.52,713.5,0.01,78.0,2.6,0.001,23.52,5.0,109.0,CENTRO
2024-07-25 21:00:00,1.39,19.0,26.3,45.2,2.0,69.0,14.0,718.8,0.0,,2.8,0.0,24.89,4.8,141.0,NORTE
2024-07-25 21:00:00,1.34,13.9,25.9,39.7,3.0,29.0,10.53,724.7,0.0,87.0,1.9,0.002,24.05,2.3,213.0,SURESTE
2024-07-25 22:00:00,,,,,,,,,,,,0.0,,,,CENTRO
2024-07-25 22:00:00,1.31,20.4,22.1,42.4,,66.0,16.0,718.7,0.0,,2.8,0.0,24.33,5.2,117.0,NORTE
2024-07-25 22:00:00,1.16,9.5,22.3,31.8,5.0,29.0,10.95,724.8,0.0,87.0,1.9,0.002,23.59,2.3,225.0,SURESTE
2024-07-25 23:00:00,0.74,3.0,20.8,24.0,9.0,46.0,14.76,713.8,0.0,77.0,2.6,0.001,23.17,3.4,116.0,CENTRO
2024-07-25 23:00:00,1.05,8.3,18.5,26.8,,65.0,15.0,718.3,0.0,,2.8,0.0,23.77,3.3,69.0,NORTE
2024-07-25 23:00:00,1.1,7.7,21.2,28.9,5.0,41.0,10.38,725.1,0.0,85.0,1.9,0.002,23.57,2.2,192.0,SURESTE
2024-07-26 00:00:00,0.65,2.0,11.8,14.0,16.0,38.0,12.19,713.6,0.0,77.0,2.7,0.001,22.96,3.6,67.0,CENTRO
2024-07-26 00:00:00,0.89,15.3,17.3,32.6,,66.0,19.0,717.9,0.0,,2.8,0.0,23.21,3.6,47.0,NORTE
2024-07-26 00:00:00,1.14,11.8,20.5,32.3,3.0,36.0,10.13,724.8,0.0,85.0,1.9,0.002,23.39,2.7,269.0,SURESTE
2024-07-26 01:00:00,0.58,2.1,9.9,12.2,15.0,38.0,11.13,713.3,0.0,80.0,2.7,0.001,22.5,2.9,50.0,CENTRO
2024-07-26 01:00:00,0.78,1.9,13.2,15.2,8.0,85.0,18.0,717.8,0.0,,2.7,0.0,22.99,4.0,65.0,NORTE
2024-07-26 01:00:00,1.05,5.8,21.0,26.8,4.0,39.0,10.5,724.5,0.0,86.0,2.0,0.002,23.37,2.6,22.0,SURESTE
2024-07-26 02:00:00,0.61,2.1,9.7,12.1,13.0,37.0,11.03,713.0,0.0,81.0,2.7,0.001,22.22,2.0,229.0,CENTRO
2024-07-26 02:00:00,0.77,5.6,14.0,19.6,5.0,74.0,18.0,717.7,0.0,,2.7,0.0,23.08,2.3,48.0,NORTE
2024-07-26 02:00:00,0.91,2.5,20.7,23.2,6.0,37.0,10.32,724.1,0.0,86.0,1.9,0.002,23.32,4.7,45.0,SURESTE
2024-07-26 03:00:00,0.71,2.2,17.9,20.2,9.0,42.0,16.3,712.9,0.0,81.0,2.6,0.001,22.45,4.2,114.0,CENTRO
2024-07-26 03:00:00,0.76,4.4,13.9,18.4,3.0,82.0,15.0,717.6,0.0,,2.7,0.0,22.94,2.1,43.0,NORTE
2024-07-26 03:00:00,0.88,2.4,19.6,22.0,5.0,45.0,12.43,724.0,0.01,88.0,1.9,0.002,23.08,3.2,64.0,SURESTE
2024-07-26 04:00:00,0.78,2.2,19.0,21.4,8.0,48.0,20.44,712.8,0.0,83.0,2.6,0.001,22.32,3.9,86.0,CENTRO
2024-07-26 04:00:00,0.78,16.1,15.3,31.3,2.0,73.0,16.0,717.6,0.0,,2.7,0.0,22.93,2.4,11.0,NORTE
2024-07-26 04:00:00,0.85,2.2,15.0,17.1,8.0,41.0,12.52,724.0,0.0,89.0,2.0,0.002,22.84,4.7,87.0,SURESTE
2024-07-26 05:00:00,0.58,2.1,10.3,12.6,14.0,48.0,12.13,712.6,0.0,80.0,2.6,0.001,21.98,2.7,178.0,CENTRO
2024-07-26 05:00:00,0.78,14.9,14.4,29.3,2.0,80.0,16.0,717.7,0.0,,2.7,0.009,22.81,3.5,21.0,NORTE
2024-07-26 05:00:00,0.72,2.8,9.3,12.0,9.0,30.0,10.67,723.6,0.0,89.0,2.0,0.002,22.11,2.8,279.0,SURESTE
2024-07-26 06:00:00,0.65,2.9,13.8,16.9,10.0,45.0,14.17,712.7,0.0,81.0,2.5,0.001,21.92,1.8,220.0,CENTRO
2024-07-26 06:00:00,0.87,11.7,15.8,27.5,5.0,74.0,,718.0,0.0,,2.7,0.05,23.15,2.7,61.0,NORTE
2024-07-26 06:00:00,0.72,4.4,12.3,16.6,10.0,22.0,8.2,723.7,0.0,89.0,1.8,0.002,21.9,3.7,286.0,SURESTE
2024-07-26 07:00:00,0.74,5.5,18.0,23.8,6.0,43.0,18.01,712.8,0.0,81.0,2.6,0.016,22.32,2.5,204.0,CENTRO
2024-07-26 07:00:00,1.06,17.9,18.2,36.2,6.0,84.0,24.0,718.2,0.0,,2.8,0.13,24.44,2.0,104.0,NORTE
2024-07-26 07:00:00,0.92,9.9,19.1,29.0,5.0,22.0,6.77,724.0,0.0,87.0,1.8,0.009,22.33,3.2,193.0,SURESTE
2024-07-26 08:00:00,0.8,9.5,18.7,28.5,8.0,48.0,19.41,713.1,0.0,77.0,2.5,0.101,23.15,2.1,166.0,CENTRO
2024-07-26 08:00:00,1.26,19.8,23.7,43.5,8.0,105.0,25.0,718.1,0.0,,2.8,0.18,25.63,2.7,120.0,NORTE
2024-07-26 08:00:00,1.12,19.6,21.8,41.3,5.0,22.0,6.74,724.4,0.0,84.0,1.9,0.057,23.19,3.8,116.0,SURESTE
2024-07-26 09:00:00,0.89,15.1,23.3,38.6,9.0,46.0,21.98,713.3,0.0,72.0,2.6,0.159,23.71,4.4,93.0,CENTRO
2024-07-26 09:00:00,1.14,11.5,24.1,35.6,10.0,106.0,22.0,717.9,0.0,,2.6,0.106,25.06,5.3,103.0,NORTE
2024-07-26 09:00:00,1.2,16.4,24.8,41.1,9.0,31.0,7.13,724.6,0.0,81.0,1.9,0.084,23.7,7.9,85.0,SURESTE
2024-07-26 10:00:00,0.86,9.6,23.4,33.2,17.0,54.0,14.7,713.2,0.0,66.0,2.5,0.19,23.96,5.8,107.0,CENTRO
2024-07-26 10:00:00,1.11,11.6,21.1,32.6,16.0,111.0,20.0,717.7,0.0,,2.8,0.247,25.65,4.5,112.0,NORTE
2024-07-26 10:00:00,1.18,11.8,26.0,37.8,13.0,32.0,9.26,724.5,0.0,79.0,1.8,0.093,24.06,6.0,91.0,SURESTE
2024-07-26 11:00:00,0.89,8.6,27.1,36.0,18.0,51.0,13.1,713.1,0.0,68.0,2.7,0.19,23.76,5.3,125.0,CENTRO
2024-07-26 11:00:00,1.14,8.4,22.8,31.2,25.0,90.0,23.0,717.2,0.0,,2.7,0.278,26.66,3.6,124.0,NORTE
2024-07-26 11:00:00,1.16,9.7,22.7,32.3,16.0,39.0,11.28,724.4,0.0,80.0,1.8,0.107,23.79,6.5,81.0,SURESTE
2024-07-26 12:00:00,1.11,15.5,34.8,50.5,20.0,48.0,20.95,712.8,0.0,70.0,2.6,0.344,24.47,4.3,121.0,CENTRO
2024-07-26 12:00:00,1.28,6.7,26.0,32.7,33.0,95.0,25.0,716.7,0.0,,2.8,0.253,27.15,4.3,157.0,NORTE
2024-07-26 12:00:00,0.97,6.5,18.8,25.3,30.0,55.0,16.34,724.1,0.0,75.0,1.8,0.187,25.24,3.7,37.0,SURESTE
2024-07-26 13:00:00,1.23,15.7,43.6,59.5,26.0,59.0,33.38,712.4,0.0,66.0,2.7,0.401,25.65,4.1,79.0,CENTRO
2024-07-26 13:00:00,1.49,4.7,27.9,32.6,59.0,97.0,28.0,716.3,0.0,,2.8,0.317,27.63,5.5,132.0,NORTE
2024-07-26 13:00:00,1.17,8.7,29.3,37.9,33.0,38.0,12.08,723.6,0.0,71.0,1.8,0.208,26.11,5.2,65.0,SURESTE
2024-07-26 14:00:00,1.31,13.7,49.6,63.5,32.0,84.0,40.11,712.0,0.0,65.0,2.7,0.349,26.02,5.6,64.0,CENTRO
2024-07-26 14:00:00,1.21,3.3,21.0,24.3,71.0,116.0,22.0,715.9,0.0,,2.8,0.338,28.28,6.9,139.0,NORTE
2024-07-26 14:00:00,1.18,5.3,22.6,27.9,55.0,64.0,16.63,723.2,0.0,70.0,1.9,0.303,26.68,8.8,87.0,SURESTE
2024-07-26 15:00:00,1.19,12.8,50.5,63.5,43.0,93.0,47.98,711.6,0.0,61.0,2.7,0.497,26.95,4.8,71.0,CENTRO
2024-07-26 15:00:00,1.02,3.2,17.0,20.3,60.0,97.0,15.0,715.5,0.0,,2.6,0.27,28.16,7.9,140.0,NORTE
2024-07-26 15:00:00,1.0,3.1,12.8,15.8,57.0,65.0,25.98,722.8,0.0,68.0,2.0,0.217,27.0,10.3,99.0,SURESTE
2024-07-26 16:00:00,0.92,3.7,22.7,26.7,75.0,94.0,32.67,711.2,0.0,59.0,2.6,0.546,27.14,8.6,63.0,CENTRO
2024-07-26 16:00:00,0.97,3.1,17.4,20.6,62.0,68.0,16.0,715.5,0.0,,2.8,0.272,28.35,6.9,149.0,NORTE
2024-07-26 16:00:00,0.92,3.3,9.5,12.7,46.0,69.0,23.49,722.3,0.0,70.0,2.2,0.248,26.89,11.4,111.0,SURESTE
2024-07-26 17:00:00,0.75,4.6,18.3,23.2,52.0,67.0,22.98,710.9,0.0,59.0,2.7,0.366,26.84,10.4,62.0,CENTRO
2024-07-26 17:00:00,0.91,2.5,13.5,16.0,47.0,65.0,15.0,715.5,0.0,,3.2,0.087,27.47,6.9,162.0,NORTE
2024-07-26 17:00:00,0.92,3.2,9.3,12.4,44.0,46.0,20.9,721.9,0.0,73.0,2.1,0.167,26.7,13.9,105.0,SURESTE
2024-07-26 18:00:00,0.73,5.5,18.3,24.0,42.0,50.0,21.52,710.8,0.0,59.0,2.6,0.468,27.32,10.3,42.0,CENTRO
2024-07-26 18:00:00,0.96,2.0,13.1,15.1,38.0,59.0,13.0,715.6,0.0,,4.6,0.009,26.36,8.3,140.0,NORTE
2024-07-26 18:00:00,0.9,3.1,8.7,11.8,43.0,42.0,19.57,721.8,0.0,71.0,1.9,0.19,26.96,12.8,105.0,SURESTE
2024-07-26 19:00:00,0.76,3.0,16.1,19.3,40.0,55.0,18.9,710.8,0.0,62.0,2.7,0.109,26.43,9.0,76.0,CENTRO
2024-07-26 19:00:00,0.96,2.0,10.5,12.5,29.0,40.0,13.0,715.7,0.0,,3.1,0.0,25.27,7.8,165.0,NORTE
2024-07-26 19:00:00,0.91,2.7,10.2,12.9,38.0,25.0,12.48,721.7,0.0,73.0,2.1,0.057,26.42,11.2,107.0,SURESTE
2024-07-26 20:00:00,0.63,2.0,10.3,12.6,38.0,46.0,13.03,710.8,0.0,63.0,2.6,0.016,25.39,9.2,105.0,CENTRO
2024-07-26 20:00:00,1.03,2.3,16.4,18.7,17.0,47.0,12.0,716.0,0.0,,2.8,0.0,24.73,5.8,146.0,NORTE
2024-07-26 20:00:00,0.94,3.0,12.9,15.8,28.0,33.0,10.54,721.8,0.0,76.0,2.0,0.007,25.39,10.0,95.0,SURESTE
2024-07-26 21:00:00,0.68,2.0,13.7,15.9,35.0,34.0,12.41,710.9,0.0,69.0,2.6,0.001,24.47,8.9,78.0,CENTRO
2024-07-26 21:00:00,0.94,2.2,14.1,16.4,14.0,73.0,12.0,716.2,0.0,,2.6,0.0,24.38,6.4,127.0,NORTE
2024-07-26 21:00:00,0.87,2.6,10.5,13.0,32.0,34.0,9.46,722.0,0.0,74.0,2.1,0.0,24.88,10.5,105.0,SURESTE
2024-07-26 22:00:00,0.68,3.1,13.3,16.6,31.0,44.0,13.04,711.2,0.0,74.0,2.7,0.001,23.91,9.3,68.0,CENTRO
2024-07-26 22:00:00,0.93,2.3,13.2,15.5,10.0,63.0,11.0,716.2,0.0,,2.5,0.0,24.24,6.5,128.0,NORTE
2024-07-26 22:00:00,1.01,3.8,19.4,23.2,15.0,27.0,8.39,722.1,0.0,77.0,1.9,0.0,24.37,4.1,181.0,SURESTE
2024-07-26 23:00:00,0.63,2.0,11.5,13.8,28.0,47.0,12.77,711.4,0.0,75.0,2.5,0.001,23.64,7.9,88.0,CENTRO
2024-07-26 23:00:00,0.85,2.3,11.3,13.6,9.0,62.0,11.0,716.1,0.0,,2.5,0.0,23.89,5.2,108.0,NORTE
2024-07-26 23:00:00,0.9,2.5,13.4,15.8,21.0,39.0,11.56,722.5,0.0,79.0,2.0,0.0,24.3,6.7,123.0,SURESTE
2024-07-27 00:00:00,0.69,2.1,15.6,17.9,20.0,43.0,15.0,711.5,0.0,76.0,2.5,0.001,23.38,7.1,61.0,CENTRO
2024-07-27 00:00:00,0.84,10.5,12.7,23.2,3.0,49.0,14.0,715.9,0.0,,2.7,0.0,23.17,5.9,69.0,NORTE
2024-07-27 00:00:00,0.88,2.4,12.3,14.7,17.0,35.0,10.31,722.5,0.0,81.0,1.9,0.0,23.96,4.8,130.0,SURESTE
2024-07-27 01:00:00,0.61,2.0,9.9,12.1,24.0,48.0,11.0,711.3,0.0,76.0,2.6,0.001,23.22,5.6,57.0,CENTRO
2024-07-27 01:00:00,0.78,2.1,10.1,12.2,4.0,70.0,17.0,715.6,0.0,,2.6,0.0,22.96,3.9,57.0,NORTE
2024-07-27 01:00:00,0.9,3.2,14.4,17.5,10.0,30.0,9.04,722.1,0.0,84.0,1.9,0.0,23.6,6.6,43.0,SURESTE
2024-07-27 02:00:00,0.66,2.4,14.0,16.6,16.0,45.0,15.0,711.1,0.0,79.0,2.6,0.001,22.97,4.4,36.0,CENTRO
2024-07-27 02:00:00,0.76,3.1,10.8,13.9,4.0,64.0,19.0,715.4,0.0,,2.7,0.0,22.91,4.3,75.0,NORTE
2024-07-27 02:00:00,0.81,2.1,8.1,10.2,11.0,41.0,11.01,722.1,0.0,87.0,1.9,0.001,23.13,6.5,85.0,SURESTE
2024-07-27 03:00:00,0.67,3.0,17.9,21.1,6.0,43.0,23.0,710.9,0.0,83.0,2.6,0.001,22.56,3.1,45.0,CENTRO
2024-07-27 03:00:00,0.72,3.2,10.7,13.9,3.0,70.0,22.0,715.2,0.0,,2.7,0.0,22.64,5.2,47.0,NORTE
2024-07-27 03:00:00,0.76,2.1,7.2,9.2,11.0,35.0,11.79,721.8,0.0,89.0,2.0,0.002,22.77,3.6,61.0,SURESTE
2024-07-27 04:00:00,0.63,3.8,18.9,22.9,6.0,64.0,25.0,710.7,0.0,83.0,2.6,0.001,22.39,2.7,22.0,CENTRO
2024-07-27 04:00:00,0.71,6.7,12.0,18.7,2.0,84.0,17.0,715.5,0.0,,2.7,0.0,22.47,5.7,42.0,NORTE
2024-07-27 04:00:00,0.74,,7.2,9.2,11.0,38.0,11.13,721.7,0.0,89.0,1.9,0.002,22.81,4.5,74.0,SURESTE
2024-07-27 05:00:00,0.71,4.6,19.0,23.9,5.0,60.0,27.0,710.6,0.0,84.0,2.6,0.001,22.26,2.3,25.0,CENTRO
2024-07-27 05:00:00,0.73,8.2,11.8,19.9,3.0,70.0,16.0,715.8,0.0,,2.8,0.0,22.33,4.8,79.0,NORTE
2024-07-27 05:00:00,0.73,2.4,9.7,12.0,7.0,30.0,10.51,721.6,0.0,89.0,2.1,0.002,22.65,3.0,41.0,SURESTE
2024-07-27 06:00:00,0.76,10.3,18.7,29.3,4.0,63.0,33.0,710.7,0.0,84.0,2.6,0.001,22.2,2.4,10.0,CENTRO
2024-07-27 06:00:00,0.79,7.7,10.8,18.5,5.0,64.0,16.0,716.1,0.0,,2.8,0.0,22.9,3.2,65.0,NORTE
2024-07-27 06:00:00,0.75,5.4,14.4,19.7,3.0,46.0,16.28,721.7,0.0,89.0,2.1,0.002,22.59,2.7,35.0,SURESTE
2024-07-27 07:00:00,0.76,13.1,17.7,31.2,5.0,73.0,36.0,711.0,0.0,84.0,2.7,0.019,22.18,2.4,29.0,CENTRO
2024-07-27 07:00:00,0.82,15.5,13.7,29.2,6.0,61.0,20.0,716.0,0.0,,2.7,0.0,23.56,4.4,13.0,NORTE
2024-07-27 07:00:00,0.76,8.9,15.0,23.8,3.0,50.0,18.47,722.1,0.0,89.0,2.0,0.011,22.51,4.0,71.0,SURESTE
2024-07-27 08:00:00,0.86,23.0,18.7,42.0,5.0,67.0,40.0,711.2,0.0,82.0,2.8,0.058,22.52,2.5,55.0,CENTRO
2024-07-27 08:00:00,0.79,7.5,8.8,16.2,18.0,89.0,22.0,715.9,0.0,,2.7,0.0,25.78,6.2,354.0,NORTE
2024-07-27 08:00:00,0.82,14.2,15.3,29.4,5.0,58.0,19.04,722.1,0.0,88.0,2.2,0.061,22.77,5.2,86.0,SURESTE
2024-07-27 09:00:00,0.86,24.9,19.2,44.4,7.0,82.0,39.0,711.2,0.0,80.0,2.8,0.127,22.89,3.4,34.0,CENTRO
2024-07-27 09:00:00,0.8,5.2,9.3,14.5,31.0,79.0,19.0,715.7,0.0,,2.8,0.0,28.54,5.5,16.0,NORTE
2024-07-27 09:00:00,0.95,19.5,16.9,36.5,8.0,61.0,18.52,722.1,0.0,84.0,2.4,0.184,24.31,4.0,346.0,SURESTE
2024-07-27 10:00:00,0.94,16.7,19.5,36.5,15.0,83.0,38.0,711.1,0.0,72.0,2.7,0.55,24.48,6.0,23.0,CENTRO
2024-07-27 10:00:00,0.75,3.7,8.3,12.0,44.0,77.0,15.0,715.5,0.0,,3.1,0.0,30.95,4.2,52.0,NORTE
2024-07-27 10:00:00,1.16,26.9,26.1,52.8,12.0,70.0,20.75,722.1,0.0,75.0,2.5,0.297,25.94,6.7,304.0,SURESTE
2024-07-27 11:00:00,0.81,8.6,19.2,28.1,37.0,77.0,41.0,711.0,0.0,61.0,2.7,0.901,26.88,5.7,9.0,CENTRO
2024-07-27 11:00:00,0.77,2.8,6.7,9.5,54.0,80.0,12.0,715.4,0.0,,3.3,0.0,31.52,6.9,122.0,NORTE
2024-07-27 11:00:00,1.23,20.0,30.5,50.4,24.0,98.0,27.23,722.1,0.0,66.0,3.0,0.486,27.99,6.4,328.0,SURESTE
2024-07-27 12:00:00,0.88,5.0,18.8,24.0,62.0,81.0,45.0,710.9,0.0,54.0,2.7,0.958,28.53,6.1,26.0,CENTRO
2024-07-27 12:00:00,0.75,2.6,6.4,9.1,58.0,56.0,9.0,714.9,0.0,,3.9,0.0,31.88,9.6,120.0,NORTE
2024-07-27 12:00:00,1.08,7.2,22.6,29.8,55.0,110.0,27.93,722.1,0.0,59.0,2.8,0.568,29.27,8.4,52.0,SURESTE
2024-07-27 13:00:00,0.75,4.3,18.4,22.8,79.0,87.0,39.0,710.8,0.0,51.0,2.7,1.053,29.12,11.4,69.0,CENTRO
2024-07-27 13:00:00,0.78,2.9,6.7,9.7,56.0,48.0,12.0,714.4,0.0,,5.9,0.0,31.58,10.4,126.0,NORTE
2024-07-27 13:00:00,1.08,4.2,18.9,23.1,75.0,104.0,29.4,722.0,0.0,57.0,2.6,0.538,29.67,13.6,93.0,SURESTE
2024-07-27 14:00:00,0.7,2.9,13.8,16.9,84.0,85.0,28.0,710.4,0.0,49.0,2.8,1.003,29.29,12.7,71.0,CENTRO
2024-07-27 14:00:00,0.77,2.2,5.3,7.5,59.0,48.0,13.0,714.2,0.0,,6.8,0.0,30.95,10.2,122.0,NORTE
2024-07-27 14:00:00,0.94,3.3,12.8,16.0,67.0,97.0,29.2,721.5,0.0,59.0,2.4,0.474,29.81,15.6,118.0,SURESTE
2024-07-27 15:00:00,0.65,2.7,10.6,13.5,73.0,62.0,31.0,709.9,0.0,54.0,2.8,0.806,29.13,13.5,67.0,CENTRO
2024-07-27 15:00:00,0.78,2.0,5.6,7.7,65.0,40.0,14.0,713.9,0.0,,10.1,0.0,31.76,8.2,118.0,NORTE
2024-07-27 15:00:00,0.89,3.0,11.1,14.1,62.0,70.0,22.83,720.8,0.0,64.0,3.5,0.275,29.06,16.5,109.0,SURESTE
2024-07-27 16:00:00,0.62,2.4,9.5,12.1,76.0,64.0,55.0,709.7,0.0,54.0,2.8,0.61,29.1,11.9,59.0,CENTRO
2024-07-27 16:00:00,0.78,2.3,5.8,8.0,51.0,42.0,10.0,713.9,0.0,,5.1,0.0,31.12,9.1,135.0,NORTE
2024-07-27 16:00:00,0.9,3.0,10.2,13.2,61.0,92.0,38.13,720.6,0.0,60.0,6.3,0.222,29.27,16.2,103.0,SURESTE
2024-07-27 17:00:00,0.57,2.3,7.8,10.3,73.0,73.0,54.0,709.5,0.0,50.0,3.2,0.603,29.63,10.5,51.0,CENTRO
2024-07-27 17:00:00,0.8,1.8,6.1,7.9,42.0,35.0,8.0,714.2,0.0,,3.7,0.0,30.13,8.7,138.0,NORTE
2024-07-27 17:00:00,0.85,3.1,8.1,11.1,48.0,105.0,51.39,720.4,0.0,55.0,7.7,0.24,29.91,13.4,110.0,SURESTE
2024-07-27 18:00:00,0.56,2.1,7.5,9.8,62.0,67.0,52.0,709.5,0.0,53.0,3.1,0.253,29.05,10.0,113.0,CENTRO
2024-07-27 18:00:00,0.9,2.0,8.6,10.6,42.0,27.0,14.0,714.6,0.0,,3.2,0.0,29.55,8.5,133.0,NORTE
2024-07-27 18:00:00,0.83,3.0,6.7,9.7,38.0,52.0,24.95,720.5,0.0,55.0,4.2,0.08,29.57,12.0,112.0,SURESTE
2024-07-27 19:00:00,0.59,1.9,8.1,10.2,54.0,61.0,41.0,709.8,0.0,58.0,2.8,0.058,28.1,8.3,129.0,CENTRO
2024-07-27 19:00:00,0.87,1.8,7.1,8.9,41.0,40.0,15.0,715.1,0.0,,3.2,0.0,28.78,10.9,133.0,NORTE
2024-07-27 19:00:00,0.88,3.0,8.9,11.8,39.0,28.0,14.32,720.7,0.0,55.0,3.4,0.023,29.25,9.2,106.0,SURESTE
2024-07-27 20:00:00,0.6,1.8,8.8,10.9,51.0,52.0,37.0,710.2,0.0,57.0,2.8,0.007,27.46,8.8,112.0,CENTRO
2024-07-27 20:00:00,0.97,1.9,9.2,11.1,30.0,33.0,19.0,715.3,0.0,,2.9,0.0,28.1,9.1,139.0,NORTE
2024-07-27 20:00:00,0.88,2.4,12.6,14.9,30.0,35.0,14.89,721.2,0.01,62.0,2.9,0.005,27.95,4.4,187.0,SURESTE
2024-07-27 21:00:00,0.65,1.9,10.9,13.0,47.0,50.0,34.0,710.5,0.0,60.0,2.9,0.001,26.7,8.3,95.0,CENTRO
2024-07-27 21:00:00,0.94,2.0,11.5,13.5,23.0,59.0,15.0,715.4,0.0,,2.9,0.0,27.72,7.5,162.0,NORTE
2024-07-27 21:00:00,0.86,2.6,12.2,14.8,30.0,32.0,16.49,721.6,0.0,67.0,2.4,0.0,27.42,8.1,135.0,SURESTE
2024-07-27 22:00:00,0.62,1.8,8.7,10.7,38.0,53.0,25.0,710.7,0.0,66.0,2.7,0.001,26.3,9.9,111.0,CENTRO
2024-07-27 22:00:00,0.88,2.1,10.7,12.8,17.0,46.0,11.0,715.8,0.0,,2.8,0.0,26.78,10.6,133.0,NORTE
2024-07-27 22:00:00,0.92,2.3,16.2,18.6,26.0,36.0,14.59,721.7,0.0,68.0,2.3,0.0,26.96,5.9,184.0,SURESTE
2024-07-27 23:00:00,0.55,1.8,6.1,8.2,37.0,48.0,15.0,710.8,0.0,62.0,2.7,0.001,25.46,10.2,121.0,CENTRO
2024-07-27 23:00:00,0.74,1.8,6.3,8.1,16.0,40.0,9.0,715.8,0.0,,2.7,0.0,25.63,10.3,141.0,NORTE
2024-07-27 23:00:00,0.76,2.4,9.1,11.4,31.0,44.0,17.63,721.8,0.0,62.0,2.2,0.0,27.63,7.8,142.0,SURESTE
2024-07-28 00:00:00,0.53,1.8,6.2,8.3,34.0,36.0,13.0,711.1,0.0,63.0,2.8,0.001,25.59,9.5,80.0,CENTRO
2024-07-28 00:00:00,0.75,1.7,4.3,6.0,19.0,29.0,8.0,715.4,0.0,,2.6,0.0,25.51,5.3,151.0,NORTE
2024-07-28 00:00:00,0.81,2.4,9.5,11.8,20.0,23.0,10.69,722.1,0.0,73.0,2.0,0.0,26.35,16.0,98.0,SURESTE
2024-07-28 01:00:00,0.53,1.9,6.3,8.4,22.0,40.0,15.0,711.0,0.0,73.0,2.7,0.001,24.8,9.3,72.0,CENTRO
2024-07-28 01:00:00,0.73,1.9,8.2,10.0,13.0,29.0,7.0,715.1,0.0,,2.6,0.0,24.81,7.3,80.0,NORTE
2024-07-28 01:00:00,0.67,2.1,3.7,5.7,23.0,33.0,10.09,721.9,0.0,79.0,2.1,0.0,25.42,14.0,104.0,SURESTE
2024-07-28 02:00:00,0.52,1.8,4.3,6.3,28.0,34.0,11.0,710.7,0.0,68.0,2.7,0.001,25.04,6.3,73.0,CENTRO
2024-07-28 02:00:00,0.7,1.7,7.5,9.2,14.0,30.0,8.0,715.2,0.0,,2.6,0.0,23.71,7.2,70.0,NORTE
2024-07-28 02:00:00,0.72,2.1,6.0,8.2,17.0,18.0,7.22,721.7,0.0,82.0,2.0,0.0,24.94,7.3,17.0,SURESTE
2024-07-28 03:00:00,0.54,1.9,6.6,8.7,23.0,31.0,11.0,710.4,0.0,71.0,2.5,0.001,24.68,5.5,51.0,CENTRO
2024-07-28 03:00:00,0.67,1.8,5.9,7.7,15.0,23.0,9.0,715.4,0.0,,2.5,0.0,23.81,5.2,61.0,NORTE
2024-07-28 03:00:00,0.75,,6.8,8.8,15.0,24.0,7.57,721.4,0.0,84.0,2.0,0.0,24.72,8.5,67.0,SURESTE
2024-07-28 04:00:00,0.59,4.0,13.8,18.0,11.0,34.0,15.0,710.5,0.0,80.0,2.6,0.001,23.89,7.8,48.0,CENTRO
2024-07-28 04:00:00,0.69,1.7,6.2,7.9,13.0,32.0,9.0,715.5,0.0,,2.6,0.0,24.05,5.2,62.0,NORTE
2024-07-28 04:00:00,0.68,2.0,7.1,9.1,16.0,28.0,8.02,721.4,0.0,86.0,2.0,0.0,24.08,9.4,55.0,SURESTE
2024-07-28 05:00:00,0.53,6.0,18.5,24.8,7.0,47.0,23.0,710.7,0.0,82.0,2.6,0.001,23.43,5.3,51.0,CENTRO
2024-07-28 05:00:00,0.69,2.0,5.4,7.4,14.0,25.0,10.0,715.8,0.0,,2.7,0.0,24.14,6.7,80.0,NORTE
2024-07-28 05:00:00,0.67,2.0,4.9,6.9,17.0,25.0,8.62,721.7,0.0,87.0,2.1,0.0,23.86,7.1,66.0,SURESTE
2024-07-28 06:00:00,0.54,3.1,16.1,19.4,8.0,50.0,23.0,710.7,0.0,82.0,2.5,0.001,23.39,4.4,6.0,CENTRO
2024-07-28 06:00:00,0.72,2.3,5.8,8.1,14.0,24.0,11.0,716.2,0.0,,2.6,0.0,24.19,7.8,99.0,NORTE
2024-07-28 06:00:00,0.67,,6.3,8.3,15.0,24.0,10.06,721.7,0.0,87.0,2.0,0.0,24.0,8.0,60.0,SURESTE
2024-07-28 07:00:00,0.59,3.1,14.2,17.5,9.0,47.0,21.0,711.0,0.0,82.0,2.6,0.014,23.44,4.5,47.0,CENTRO
2024-07-28 07:00:00,0.75,2.9,4.5,7.4,17.0,32.0,13.0,716.4,0.0,,2.7,0.0,24.94,7.1,108.0,NORTE
2024-07-28 07:00:00,0.7,2.2,6.4,8.6,14.0,25.0,10.15,722.1,0.0,87.0,2.0,0.008,24.0,9.2,79.0,SURESTE
2024-07-28 08:00:00,0.55,3.1,9.7,13.0,13.0,48.0,21.0,711.4,0.0,81.0,2.6,0.071,23.6,5.8,75.0,CENTRO
2024-07-28 08:00:00,0.75,3.1,4.8,7.9,19.0,42.0,16.0,716.8,0.0,,2.5,0.0,25.74,7.2,99.0,NORTE
2024-07-28 08:00:00,0.71,2.9,6.1,9.0,15.0,20.0,11.26,722.4,0.0,86.0,2.0,0.058,24.2,9.8,87.0,SURESTE
2024-07-28 09:00:00,0.59,10.5,12.4,23.2,11.0,43.0,26.0,711.6,0.0,79.0,2.7,0.197,24.19,6.0,46.0,CENTRO
2024-07-28 09:00:00,0.78,3.1,4.8,7.9,22.0,33.0,15.0,717.0,0.0,,2.7,0.0,26.39,7.0,107.0,NORTE
2024-07-28 09:00:00,0.71,3.2,5.4,8.7,18.0,30.0,13.41,722.7,0.0,83.0,2.0,0.135,24.9,9.5,81.0,SURESTE
2024-07-28 10:00:00,0.59,6.9,11.6,18.8,15.0,51.0,31.0,711.9,0.0,76.0,2.6,0.224,24.76,8.0,63.0,CENTRO
2024-07-28 10:00:00,0.77,2.9,5.0,,28.0,42.0,17.0,717.0,0.0,,2.8,0.0,27.47,6.3,109.0,NORTE
2024-07-28 10:00:00,0.74,3.6,6.5,10.1,21.0,34.0,14.86,723.2,0.0,79.0,2.2,0.152,25.63,9.4,105.0,SURESTE
2024-07-28 11:00:00,0.6,6.7,11.2,18.2,21.0,58.0,30.0,712.1,0.0,72.0,2.7,0.322,25.37,8.6,70.0,CENTRO
2024-07-28 11:00:00,0.79,2.7,5.2,7.8,38.0,44.0,17.0,716.7,0.0,,3.2,0.0,30.0,3.2,151.0,NORTE
2024-07-28 11:00:00,0.83,3.7,7.8,11.5,28.0,40.0,16.65,723.3,0.0,75.0,2.3,0.225,26.5,9.5,104.0,SURESTE
2024-07-28 12:00:00,0.59,8.8,14.7,23.7,24.0,57.0,29.0,712.2,0.0,67.0,2.6,0.384,26.2,7.8,27.0,CENTRO
2024-07-28 12:00:00,0.81,2.0,4.7,6.6,58.0,52.0,,716.1,0.0,,3.6,0.0,32.07,4.7,156.0,NORTE
2024-07-28 12:00:00,0.9,3.3,7.6,10.9,36.0,43.0,21.01,723.3,0.0,69.0,2.2,0.264,27.66,9.8,112.0,SURESTE
2024-07-28 13:00:00,0.62,4.1,11.9,16.2,43.0,57.0,30.0,712.0,0.0,60.0,2.7,0.65,27.79,7.3,26.0,CENTRO
2024-07-28 13:00:00,0.75,2.0,3.2,5.2,50.0,55.0,10.0,715.4,0.0,,3.2,0.0,32.63,8.1,157.0,NORTE
2024-07-28 13:00:00,0.85,3.1,5.6,8.7,35.0,54.0,26.37,723.2,0.0,65.0,2.1,0.302,28.45,11.9,106.0,SURESTE
2024-07-28 14:00:00,0.6,2.0,5.6,7.9,56.0,60.0,29.0,711.5,0.0,57.0,2.6,0.719,28.76,7.5,98.0,CENTRO
2024-07-28 14:00:00,0.8,,3.7,5.7,40.0,33.0,9.0,715.2,0.0,,2.8,0.0,31.16,10.4,148.0,NORTE
2024-07-28 14:00:00,0.79,3.0,5.4,8.4,39.0,39.0,17.31,722.5,0.0,60.0,2.0,0.406,29.95,11.0,115.0,SURESTE
2024-07-28 15:00:00,0.56,2.0,4.6,6.9,49.0,44.0,21.0,710.9,0.0,52.0,2.6,0.811,30.28,8.7,118.0,CENTRO
2024-07-28 15:00:00,0.8,2.2,4.4,6.6,32.0,27.0,11.0,715.1,0.0,,2.9,0.0,30.19,8.7,136.0,NORTE
2024-07-28 15:00:00,0.81,3.2,5.8,9.0,33.0,32.0,16.52,722.0,0.0,59.0,2.0,0.265,30.22,12.1,119.0,SURESTE
2024-07-28 16:00:00,0.53,2.0,4.5,6.8,38.0,39.0,16.0,710.7,0.0,53.0,2.6,0.196,28.7,9.9,124.0,CENTRO
2024-07-28 16:00:00,0.86,2.4,6.0,8.4,27.0,28.0,15.0,715.0,0.0,,2.7,0.0,29.74,9.5,126.0,NORTE
2024-07-28 16:00:00,0.9,3.9,7.4,11.3,30.0,35.0,16.91,721.7,0.0,61.0,1.9,0.145,29.76,13.2,99.0,SURESTE
2024-07-28 17:00:00,0.56,2.0,5.1,7.3,36.0,37.0,15.0,710.5,0.0,57.0,2.6,0.189,28.55,7.7,120.0,CENTRO
2024-07-28 17:00:00,0.86,2.2,4.6,6.8,24.0,28.0,14.0,715.1,0.0,,2.6,0.0,29.16,9.9,150.0,NORTE
2024-07-28 17:00:00,0.84,3.4,6.0,9.5,30.0,44.0,23.94,721.6,0.0,61.0,2.0,0.128,29.93,12.7,107.0,SURESTE
2024-07-28 18:00:00,0.53,1.9,4.6,6.8,33.0,35.0,16.0,710.6,0.0,61.0,2.6,0.117,28.41,8.0,127.0,CENTRO
2024-07-28 18:00:00,0.88,1.9,5.3,7.3,22.0,35.0,13.0,715.1,0.0,,2.7,0.0,28.81,8.8,149.0,NORTE
2024-07-28 18:00:00,0.89,3.5,6.7,10.2,25.0,34.0,14.39,721.6,0.0,66.0,2.0,0.071,29.29,13.4,108.0,SURESTE
2024-07-28 19:00:00,0.56,1.8,4.3,6.4,32.0,31.0,16.0,710.6,0.0,64.0,2.5,0.077,27.85,8.9,133.0,CENTRO
2024-07-28 19:00:00,0.89,2.0,5.2,7.2,19.0,28.0,14.0,715.5,0.0,,2.6,0.0,28.35,9.7,148.0,NORTE
2024-07-28 19:00:00,0.83,3.3,6.7,10.1,25.0,32.0,14.03,721.6,0.0,65.0,2.0,0.035,29.16,11.0,104.0,SURESTE
2024-07-28 20:00:00,0.56,1.9,5.7,7.8,25.0,38.0,18.0,710.6,0.0,66.0,2.5,0.012,27.37,9.7,108.0,CENTRO
2024-07-28 20:00:00,0.86,2.0,5.7,7.7,17.0,38.0,13.0,715.8,0.0,,2.6,0.0,28.04,8.7,142.0,NORTE
2024-07-28 20:00:00,0.83,3.3,7.7,10.9,21.0,28.0,14.31,721.7,0.0,68.0,1.9,0.005,28.66,10.9,105.0,SURESTE
2024-07-28 21:00:00,0.57,1.8,5.9,7.9,21.0,32.0,18.0,710.8,0.0,69.0,2.5,0.001,26.9,10.0,127.0,CENTRO
2024-07-28 21:00:00,0.85,2.1,6.1,8.1,18.0,35.0,12.0,715.9,0.0,,2.6,0.0,27.53,8.1,149.0,NORTE
2024-07-28 21:00:00,0.81,3.2,7.6,10.8,20.0,25.0,12.4,721.8,0.0,70.0,2.0,0.0,28.4,12.0,108.0,SURESTE
2024-07-28 22:00:00,0.54,1.8,5.0,7.0,20.0,36.0,17.0,711.1,0.0,67.0,2.5,0.001,26.63,10.3,113.0,CENTRO
2024-07-28 22:00:00,0.8,1.9,5.4,7.4,17.0,34.0,10.0,716.2,0.0,,2.7,0.0,26.51,8.2,136.0,NORTE
2024-07-28 22:00:00,0.81,2.9,8.1,11.0,16.0,25.0,11.56,722.1,0.0,72.0,2.0,0.0,27.63,9.2,99.0,SURESTE
2024-07-28 23:00:00,0.54,1.8,5.2,7.3,22.0,36.0,15.0,711.1,0.0,64.0,2.6,0.001,26.6,6.6,72.0,CENTRO
2024-07-28 23:00:00,0.76,1.9,5.0,7.0,15.0,30.0,11.0,716.2,0.0,,2.6,0.0,25.83,6.9,133.0,NORTE
2024-07-28 23:00:00,0.74,2.4,6.7,9.0,18.0,31.0,12.45,722.1,0.0,70.0,2.1,0.0,26.91,9.9,96.0,SURESTE
2024-07-29 00:00:00,0.6,2.3,10.9,13.3,14.0,37.0,17.0,711.3,0.0,68.0,2.6,0.001,25.71,8.0,49.0,CENTRO
2024-07-29 00:00:00,0.71,,4.2,6.1,13.0,42.0,12.0,715.9,0.0,,2.6,0.0,25.35,8.0,128.0,NORTE
2024-07-29 00:00:00,0.74,2.2,7.0,9.2,16.0,27.0,10.79,722.4,0.0,74.0,2.0,0.0,25.92,14.8,91.0,SURESTE
2024-07-29 01:00:00,0.63,3.9,10.6,14.7,13.0,43.0,20.0,711.3,0.0,73.0,2.6,0.001,24.7,7.2,31.0,CENTRO
2024-07-29 01:00:00,0.68,1.7,3.6,5.4,13.0,48.0,13.0,715.7,0.0,,2.6,0.0,25.1,5.7,123.0,NORTE
2024-07-29 01:00:00,0.67,2.1,4.3,6.4,18.0,35.0,12.35,722.1,0.0,77.0,2.0,0.0,25.23,13.6,97.0,SURESTE
2024-07-29 02:00:00,0.54,8.1,15.9,24.2,6.0,48.0,25.0,711.1,0.0,76.0,2.6,0.001,24.09,6.2,352.0,CENTRO
2024-07-29 02:00:00,0.68,1.7,3.8,5.5,12.0,59.0,15.0,715.7,0.0,,2.6,0.0,24.83,6.3,106.0,NORTE
2024-07-29 02:00:00,0.65,2.0,3.7,5.7,16.0,30.0,10.39,722.1,0.0,80.0,2.1,0.0,24.74,11.7,104.0,SURESTE
2024-07-29 03:00:00,0.54,6.3,15.3,21.9,5.0,45.0,24.0,711.0,0.0,78.0,2.5,0.001,23.81,4.6,350.0,CENTRO
2024-07-29 03:00:00,0.67,1.9,4.3,6.2,11.0,49.0,14.0,715.8,0.0,,2.5,0.0,24.61,7.1,102.0,NORTE
2024-07-29 03:00:00,0.63,2.0,3.1,5.1,15.0,26.0,11.02,722.1,0.0,81.0,1.9,0.0,24.77,8.0,106.0,SURESTE
2024-07-29 04:00:00,0.58,7.0,14.2,21.4,6.0,55.0,26.0,711.0,0.0,79.0,2.5,0.001,23.9,2.4,333.0,CENTRO
2024-07-29 04:00:00,0.7,2.4,6.3,8.7,8.0,44.0,15.0,716.1,0.0,,2.5,0.0,24.32,8.2,99.0,NORTE
2024-07-29 04:00:00,0.62,2.0,3.5,5.5,16.0,29.0,11.61,722.1,0.0,80.0,2.0,0.0,25.12,5.5,131.0,SURESTE
2024-07-29 05:00:00,0.53,2.0,12.4,14.6,7.0,52.0,27.0,711.1,0.0,79.0,2.6,0.001,24.13,3.8,313.0,CENTRO
2024-07-29 05:00:00,0.74,3.3,7.3,10.6,6.0,61.0,15.0,716.6,0.0,,2.6,0.0,24.2,7.8,118.0,NORTE
2024-07-29 05:00:00,0.66,2.0,3.7,5.7,13.0,23.0,13.33,722.1,0.0,83.0,1.9,0.0,24.84,7.0,74.0,SURESTE
2024-07-29 06:00:00,0.55,4.9,13.7,18.8,5.0,58.0,26.0,711.4,0.0,80.0,2.6,0.001,24.09,5.7,17.0,CENTRO
2024-07-29 06:00:00,0.81,5.5,8.4,13.9,6.0,58.0,,717.1,0.0,,2.7,0.0,24.35,7.4,109.0,NORTE
2024-07-29 06:00:00,0.67,2.4,7.4,9.8,8.0,26.0,15.12,722.5,0.0,86.0,1.9,0.0,24.47,9.3,76.0,SURESTE
2024-07-29 07:00:00,0.6,4.5,11.4,16.1,6.0,52.0,27.0,711.8,0.0,84.0,2.6,0.005,23.47,5.9,71.0,CENTRO
2024-07-29 07:00:00,0.82,5.5,8.1,13.6,7.0,62.0,16.0,717.3,0.0,,2.6,0.0,24.49,7.6,124.0,NORTE
2024-07-29 07:00:00,0.72,2.9,8.6,11.5,7.0,41.0,17.23,723.0,0.0,88.0,1.9,0.005,24.19,9.1,89.0,SURESTE
2024-07-29 08:00:00,0.66,9.8,11.9,22.0,6.0,57.0,29.0,712.2,0.0,85.0,2.7,0.044,23.4,5.4,71.0,CENTRO
2024-07-29 08:00:00,0.83,,7.2,12.6,12.0,63.0,17.0,717.4,0.0,,2.5,0.0,25.59,6.8,125.0,NORTE
2024-07-29 08:00:00,0.82,6.4,10.3,16.6,5.0,39.0,16.83,723.4,0.0,88.0,2.0,0.025,24.25,9.3,78.0,SURESTE
2024-07-29 09:00:00,0.76,14.4,12.0,26.7,6.0,59.0,31.0,712.5,0.0,82.0,2.6,0.155,24.12,6.6,62.0,CENTRO
2024-07-29 09:00:00,0.81,4.2,6.9,11.1,20.0,48.0,16.0,717.5,0.0,,2.6,0.0,27.42,4.8,132.0,NORTE
2024-07-29 09:00:00,0.82,6.6,8.3,14.9,11.0,41.0,16.27,723.6,0.0,86.0,2.1,0.144,24.91,11.3,91.0,SURESTE
2024-07-29 10:00:00,0.76,10.4,13.1,23.7,11.0,53.0,30.9,712.5,0.0,76.0,2.7,0.253,25.01,8.1,61.0,CENTRO
2024-07-29 10:00:00,0.83,3.1,7.0,10.2,35.0,49.0,17.0,717.2,0.0,,2.5,0.0,29.93,1.7,106.0,NORTE
2024-07-29 10:00:00,0.72,4.1,5.1,9.2,18.0,40.0,15.67,723.6,0.0,78.0,2.0,0.24,26.16,12.3,97.0,SURESTE
2024-07-29 11:00:00,0.73,12.9,16.0,29.2,17.0,66.0,32.73,712.5,0.0,70.0,2.8,0.436,26.48,7.2,63.0,CENTRO
2024-07-29 11:00:00,0.83,2.1,6.1,8.2,59.0,60.0,19.0,716.9,0.0,,2.7,0.0,30.82,4.8,88.0,NORTE
2024-07-29 11:00:00,0.79,4.6,6.5,11.1,25.0,41.0,17.72,723.7,0.0,72.0,2.0,0.357,27.5,11.6,82.0,SURESTE
2024-07-29 12:00:00,0.69,6.4,14.7,21.4,35.0,64.0,30.71,712.4,0.0,63.0,2.7,0.63,27.91,8.1,44.0,CENTRO
2024-07-29 12:00:00,0.78,2.1,5.4,7.5,58.0,59.0,15.0,716.4,0.0,,2.8,0.0,32.0,5.0,132.0,NORTE
2024-07-29 12:00:00,0.83,3.0,6.3,9.3,36.0,48.0,18.0,723.6,0.0,63.0,2.0,0.323,29.27,8.5,114.0,SURESTE
2024-07-29 13:00:00,0.67,3.2,10.2,13.7,52.0,58.0,26.5,712.2,0.0,57.0,2.6,0.613,29.18,8.2,53.0,CENTRO
2024-07-29 13:00:00,0.77,,4.3,6.4,53.0,56.0,13.0,715.8,0.0,,2.7,0.0,33.07,6.9,138.0,NORTE
2024-07-29 13:00:00,0.8,2.7,6.4,9.1,36.0,38.0,20.57,723.5,0.0,62.0,2.1,0.275,29.82,9.1,110.0,SURESTE
2024-07-29 14:00:00,0.62,2.5,7.4,10.2,54.0,50.0,27.0,711.8,0.0,55.0,2.7,0.697,29.91,8.1,67.0,CENTRO
2024-07-29 14:00:00,0.73,,3.3,5.4,43.0,45.0,11.0,715.4,0.0,,2.6,0.0,33.48,10.2,148.0,NORTE
2024-07-29 14:00:00,0.75,2.7,5.1,7.8,34.0,43.0,15.88,723.0,0.0,58.0,2.1,0.413,30.97,10.9,120.0,SURESTE
2024-07-29 15:00:00,0.66,2.2,6.7,9.1,49.0,44.0,22.0,711.2,0.0,50.0,2.7,0.777,30.94,8.2,72.0,CENTRO
2024-07-29 15:00:00,0.75,2.4,3.6,6.0,35.0,39.0,13.0,715.2,0.0,,2.6,0.0,33.52,11.2,147.0,NORTE
2024-07-29 15:00:00,0.74,3.1,4.9,7.9,34.0,33.0,14.07,722.3,0.0,54.0,2.0,0.478,32.15,13.7,120.0,SURESTE
2024-07-29 16:00:00,0.57,2.3,5.1,7.6,40.0,38.0,8.0,710.8,0.0,48.0,2.7,0.908,31.71,12.8,106.0,CENTRO
2024-07-29 16:00:00,0.75,2.7,4.1,6.8,28.0,38.0,13.0,715.0,0.0,,2.5,0.0,32.56,11.7,139.0,NORTE
2024-07-29 16:00:00,0.76,3.2,4.5,7.6,32.0,29.0,12.09,721.9,0.0,52.0,2.0,0.428,32.49,16.2,115.0,SURESTE
2024-07-29 17:00:00,0.6,2.9,5.9,9.1,35.0,35.0,12.0,710.8,0.0,50.0,2.6,0.627,31.66,11.8,129.0,CENTRO
2024-07-29 17:00:00,0.74,2.8,4.1,6.9,24.0,46.0,,715.0,0.0,,2.6,0.0,31.5,14.0,146.0,NORTE
2024-07-29 17:00:00,0.73,3.6,5.3,8.9,28.0,28.0,13.84,721.8,0.0,52.0,1.9,0.223,32.47,13.7,126.0,SURESTE
2024-07-29 18:00:00,0.6,2.6,6.5,9.3,30.0,41.0,13.0,710.6,0.0,54.0,2.6,0.244,30.62,12.2,135.0,CENTRO
2024-07-29 18:00:00,0.8,2.2,6.1,8.3,19.0,50.0,14.0,715.3,0.0,,2.5,0.0,30.5,11.9,154.0,NORTE
2024-07-29 18:00:00,0.72,3.3,5.4,8.7,24.0,33.0,13.05,721.7,0.0,54.0,1.9,0.11,31.93,13.0,137.0,SURESTE
2024-07-29 19:00:00,0.59,2.7,7.1,10.0,24.0,50.0,15.0,710.5,0.0,56.0,2.7,0.114,29.86,13.7,121.0,CENTRO
2024-07-29 19:00:00,0.83,2.3,7.6,9.9,16.0,47.0,12.0,715.6,0.0,,2.6,0.0,30.06,9.6,161.0,NORTE
2024-07-29 19:00:00,0.71,3.3,5.3,8.6,22.0,37.0,14.17,721.7,0.0,57.0,1.9,0.052,30.85,15.2,134.0,SURESTE
2024-07-29 20:00:00,0.58,2.1,6.5,8.9,20.0,52.0,16.78,710.8,0.0,57.0,2.7,0.017,29.12,14.8,120.0,CENTRO
2024-07-29 20:00:00,0.84,2.5,9.4,11.9,13.0,46.0,12.0,715.8,0.0,,2.6,0.0,29.66,10.3,136.0,NORTE
2024-07-29 20:00:00,0.7,3.2,4.7,7.9,22.0,43.0,13.51,721.9,0.0,57.0,1.9,0.006,30.33,15.0,145.0,SURESTE
2024-07-29 21:00:00,0.56,2.1,6.5,8.8,18.0,56.0,16.07,711.0,0.0,55.0,2.6,0.001,28.47,14.3,111.0,CENTRO
2024-07-29 21:00:00,0.79,2.4,8.8,11.2,9.0,39.0,11.0,716.3,0.0,,2.6,0.0,27.73,11.5,129.0,NORTE
2024-07-29 21:00:00,0.64,2.9,3.7,6.6,23.0,40.0,11.7,722.1,0.0,51.0,1.9,0.0,30.55,17.5,156.0,SURESTE
2024-07-29 22:00:00,0.56,1.8,6.0,8.0,20.0,52.0,14.28,711.1,0.0,52.0,2.6,0.001,28.2,12.4,108.0,CENTRO
2024-07-29 22:00:00,0.74,1.9,5.3,7.2,11.0,45.0,9.0,716.5,0.0,,2.4,0.0,26.66,10.4,126.0,NORTE
2024-07-29 22:00:00,0.65,2.9,4.9,7.8,22.0,34.0,10.9,722.0,0.0,49.0,2.0,0.0,30.15,17.6,131.0,SURESTE
2024-07-29 23:00:00,0.54,1.9,5.9,8.0,21.0,42.0,13.47,711.4,0.0,54.0,2.5,0.001,27.64,11.5,103.0,CENTRO
2024-07-29 23:00:00,0.72,1.8,5.2,7.0,11.0,47.0,8.0,716.4,0.0,,2.5,0.0,26.22,9.1,130.0,NORTE
2024-07-29 23:00:00,0.64,2.4,3.9,6.3,20.0,32.0,11.39,722.3,0.0,60.0,1.9,0.0,28.42,18.4,117.0,SURESTE
2024-07-30 00:00:00,0.52,1.8,5.0,7.0,20.0,44.0,13.93,711.6,0.0,61.0,2.6,0.001,26.54,10.0,93.0,CENTRO
2024-07-30 00:00:00,0.7,1.7,4.5,6.1,11.0,62.0,8.0,716.1,0.0,,2.6,0.0,25.59,9.8,122.0,NORTE
2024-07-30 00:00:00,0.65,2.1,3.8,5.9,18.0,36.0,,722.5,0.0,69.0,1.9,0.0,27.06,18.4,103.0,SURESTE
2024-07-30 01:00:00,0.51,1.8,4.7,6.7,17.0,46.0,13.48,711.6,0.0,69.0,2.6,0.001,25.57,8.5,106.0,CENTRO
2024-07-30 01:00:00,0.68,1.7,4.5,6.2,,47.0,,715.9,0.0,,2.5,0.0,25.09,8.0,119.0,NORTE
2024-07-30 01:00:00,0.65,2.0,3.4,5.3,15.0,35.0,11.14,722.5,0.0,77.0,1.8,0.0,25.98,13.8,109.0,SURESTE
2024-07-30 02:00:00,0.58,3.8,9.7,13.7,11.0,47.0,14.78,711.4,0.0,76.0,2.7,0.001,24.8,7.2,44.0,CENTRO
2024-07-30 02:00:00,0.68,1.6,4.9,6.6,10.0,33.0,,715.6,0.0,,2.6,0.0,24.75,7.3,121.0,NORTE
2024-07-30 02:00:00,0.63,2.0,3.0,5.0,13.0,31.0,11.45,722.3,0.0,82.0,1.8,0.0,25.2,11.7,111.0,SURESTE
2024-07-30 03:00:00,0.51,1.9,5.6,7.8,12.0,52.0,13.48,711.1,0.0,79.0,2.7,0.001,24.19,7.2,57.0,CENTRO
2024-07-30 03:00:00,0.68,1.8,6.3,8.1,8.0,30.0,9.0,715.7,0.0,,2.6,0.0,24.44,7.0,102.0,NORTE
2024-07-30 03:00:00,0.62,,2.4,4.3,14.0,29.0,9.77,722.1,0.0,84.0,1.7,0.0,24.76,11.0,109.0,SURESTE
2024-07-30 04:00:00,0.51,1.8,5.4,7.4,12.0,40.0,12.94,710.9,0.0,81.0,2.7,0.001,23.78,4.0,48.0,CENTRO
2024-07-30 04:00:00,0.71,2.1,6.9,9.0,8.0,30.0,10.0,715.8,0.0,,2.6,0.0,24.3,6.7,111.0,NORTE
2024-07-30 04:00:00,0.61,,2.1,4.1,14.0,32.0,9.32,722.0,0.0,84.0,1.8,0.0,24.53,9.9,111.0,SURESTE
2024-07-30 05:00:00,0.54,1.8,5.7,7.8,10.0,53.0,12.73,710.9,0.0,81.0,2.6,0.001,23.66,3.5,47.0,CENTRO
2024-07-30 05:00:00,0.75,3.8,8.8,12.6,5.0,34.0,10.0,716.2,0.0,,2.6,0.003,24.26,5.9,95.0,NORTE
2024-07-30 05:00:00,0.63,,3.5,5.5,12.0,19.0,9.13,722.0,0.0,85.0,1.8,0.0,24.37,9.0,98.0,SURESTE
2024-07-30 06:00:00,0.54,2.6,8.9,11.7,7.0,38.0,14.09,711.1,0.0,82.0,2.5,0.001,23.52,3.6,53.0,CENTRO
2024-07-30 06:00:00,0.8,5.7,8.6,14.3,6.0,48.0,13.0,716.5,0.0,,2.6,0.036,24.44,5.9,106.0,NORTE
2024-07-30 06:00:00,0.66,2.3,6.5,8.8,9.0,29.0,9.78,722.1,0.0,85.0,1.8,0.0,24.3,8.8,91.0,SURESTE
2024-07-30 07:00:00,0.6,11.6,12.0,23.9,5.0,56.0,15.55,711.4,0.0,82.0,2.7,0.009,23.5,3.7,51.0,CENTRO
2024-07-30 07:00:00,0.82,6.7,9.0,15.7,6.0,50.0,14.0,716.8,0.0,,2.6,0.046,24.75,5.8,105.0,NORTE
2024-07-30 07:00:00,0.76,4.8,11.5,16.2,4.0,38.0,11.09,722.4,0.0,86.0,1.8,0.012,24.18,8.4,81.0,SURESTE
2024-07-30 08:00:00,0.72,25.5,14.0,39.8,5.0,50.0,21.66,711.8,0.0,81.0,2.8,0.062,23.76,3.7,35.0,CENTRO
2024-07-30 08:00:00,0.84,6.0,8.3,14.3,9.0,70.0,14.0,716.9,0.0,,2.6,0.113,25.66,3.4,108.0,NORTE
2024-07-30 08:00:00,0.81,9.1,11.3,20.3,6.0,42.0,11.4,723.0,0.0,86.0,2.0,0.045,24.31,7.4,49.0,SURESTE
2024-07-30 09:00:00,0.88,30.3,15.2,45.7,6.0,68.0,23.25,712.0,0.0,77.0,2.9,0.236,24.63,7.0,63.0,CENTRO
2024-07-30 09:00:00,0.85,5.7,8.4,14.1,15.0,77.0,17.0,716.9,0.0,,2.6,0.232,27.51,3.1,164.0,NORTE
2024-07-30 09:00:00,0.81,8.9,11.1,19.9,9.0,47.0,13.12,723.2,0.0,83.0,2.0,0.093,24.83,7.6,75.0,SURESTE
2024-07-30 10:00:00,0.86,30.0,16.3,46.5,8.0,80.0,25.91,712.0,0.0,73.0,2.9,0.454,25.47,7.2,43.0,CENTRO
2024-07-30 10:00:00,0.85,4.5,8.0,12.5,28.0,83.0,8.0,716.7,0.0,,2.7,0.425,29.57,2.5,128.0,NORTE
2024-07-30 10:00:00,0.85,9.5,11.3,20.7,14.0,48.0,15.49,723.2,0.0,78.0,2.0,0.258,26.18,7.5,85.0,SURESTE
2024-07-30 11:00:00,0.93,19.2,19.3,38.8,13.0,83.0,27.89,712.1,0.0,68.0,2.9,0.525,26.47,8.3,25.0,CENTRO
2024-07-30 11:00:00,0.87,2.8,8.1,11.0,55.0,82.0,15.0,716.2,0.0,,3.0,0.0,31.84,2.5,152.0,NORTE
2024-07-30 11:00:00,0.91,7.5,13.6,21.0,22.0,57.0,16.27,723.3,0.0,72.0,2.0,0.237,27.35,7.7,53.0,SURESTE
2024-07-30 12:00:00,1.0,19.4,24.2,43.8,20.0,81.0,35.07,712.0,0.0,63.0,2.9,0.748,27.58,8.9,26.0,CENTRO
2024-07-30 12:00:00,0.91,2.1,7.9,10.0,79.0,70.0,16.0,715.7,0.0,,2.7,0.0,32.29,6.1,130.0,NORTE
2024-07-30 12:00:00,0.93,5.0,14.1,19.0,39.0,76.0,20.12,723.2,0.0,66.0,2.0,0.304,28.79,6.5,52.0,SURESTE
2024-07-30 13:00:00,0.9,4.7,16.7,21.6,60.0,85.0,30.21,711.6,0.0,57.0,2.7,1.155,29.2,8.4,71.0,CENTRO
2024-07-30 13:00:00,0.79,2.0,4.4,6.3,56.0,73.0,11.0,715.2,0.0,,2.7,0.0,32.39,10.1,135.0,NORTE
2024-07-30 13:00:00,0.84,2.8,8.1,10.9,52.0,89.0,23.16,722.8,0.0,61.0,1.9,0.441,29.99,10.5,87.0,SURESTE
2024-07-30 14:00:00,0.75,2.4,10.6,13.2,77.0,79.0,23.61,711.1,0.0,55.0,2.6,1.082,29.99,9.6,60.0,CENTRO
2024-07-30 14:00:00,0.77,2.4,3.4,5.8,39.0,48.0,9.0,714.8,0.0,,2.5,0.0,32.88,13.2,146.0,NORTE
2024-07-30 14:00:00,0.79,3.1,5.9,9.0,38.0,58.0,21.51,722.2,0.0,59.0,1.9,0.452,30.84,12.8,101.0,SURESTE
2024-07-30 15:00:00,0.66,2.4,8.6,11.2,63.0,69.0,19.41,710.6,0.0,53.0,2.6,0.812,30.81,11.0,71.0,CENTRO
2024-07-30 15:00:00,0.74,2.2,2.9,5.0,36.0,41.0,8.0,714.4,0.0,,2.5,0.0,33.59,12.7,147.0,NORTE
2024-07-30 15:00:00,0.8,3.4,5.5,8.8,34.0,55.0,19.59,721.8,0.0,55.0,1.8,0.509,31.88,16.0,116.0,SURESTE
2024-07-30 16:00:00,0.6,2.3,5.7,8.3,44.0,51.0,14.32,710.3,0.0,49.0,2.7,0.91,31.67,13.1,120.0,CENTRO
2024-07-30 16:00:00,0.77,2.7,3.4,6.1,29.0,34.0,9.0,714.1,0.0,,2.7,0.0,33.23,13.9,149.0,NORTE
2024-07-30 16:00:00,0.74,3.0,4.5,7.6,32.0,42.0,18.34,721.4,0.0,51.0,1.9,0.441,32.75,15.5,125.0,SURESTE
2024-07-30 17:00:00,0.6,3.3,6.2,9.8,36.0,44.0,12.83,709.9,0.0,48.0,2.6,0.737,32.08,12.8,128.0,CENTRO
2024-07-30 17:00:00,0.76,2.5,3.9,6.4,24.0,44.0,13.0,714.1,0.0,,2.5,0.0,31.79,14.6,145.0,NORTE
2024-07-30 17:00:00,0.71,3.2,4.4,7.7,28.0,37.0,12.35,720.9,0.0,51.0,1.8,0.306,32.98,16.0,128.0,SURESTE
2024-07-30 18:00:00,0.59,2.7,5.6,8.6,31.0,42.0,12.9,709.7,0.0,51.0,2.7,0.393,31.62,15.0,104.0,CENTRO
2024-07-30 18:00:00,0.86,2.5,5.3,7.8,21.0,63.0,13.0,714.4,0.0,,2.6,0.0,30.75,13.1,152.0,NORTE
2024-07-30 18:00:00,0.71,3.4,4.6,8.1,26.0,29.0,9.74,720.7,0.0,53.0,1.9,0.179,32.3,17.0,134.0,SURESTE
2024-07-30 19:00:00,0.59,2.5,6.1,8.9,26.0,41.0,15.81,709.6,0.0,54.0,2.7,0.056,30.44,15.2,103.0,CENTRO
2024-07-30 19:00:00,0.91,2.2,5.8,8.0,19.0,48.0,,714.8,0.0,,2.6,0.0,30.04,13.0,146.0,NORTE
2024-07-30 19:00:00,0.72,3.4,4.9,8.3,23.0,26.0,11.17,720.5,0.0,56.0,1.9,0.047,31.27,19.0,133.0,SURESTE
2024-07-30 20:00:00,0.59,2.1,6.4,8.8,21.0,48.0,18.99,709.8,0.0,55.0,2.7,0.007,29.47,15.4,119.0,CENTRO
2024-07-30 20:00:00,0.84,2.4,6.2,8.6,18.0,40.0,14.0,715.2,0.0,,2.6,0.0,29.38,12.6,146.0,NORTE
2024-07-30 20:00:00,0.69,3.2,4.8,8.0,23.0,44.0,15.2,720.6,0.0,55.0,2.0,0.002,30.57,17.2,140.0,SURESTE
2024-07-30 21:00:00,0.57,2.1,6.3,8.6,20.0,52.0,18.52,710.2,0.0,54.0,2.7,0.001,28.91,15.8,120.0,CENTRO
2024-07-30 21:00:00,0.81,2.0,6.1,8.2,17.0,40.0,14.0,715.6,0.0,,2.6,0.0,28.48,12.9,140.0,NORTE
2024-07-30 21:00:00,0.69,3.2,4.9,8.1,23.0,52.0,,721.1,0.0,55.0,2.0,0.0,30.25,15.8,132.0,SURESTE
2024-07-30 22:00:00,0.57,,6.8,9.0,19.0,54.0,19.02,710.5,0.0,56.0,2.6,0.001,28.23,12.9,113.0,CENTRO
2024-07-30 22:00:00,0.77,2.1,4.9,7.0,16.0,66.0,16.0,715.8,0.0,,2.5,0.0,27.54,9.6,146.0,NORTE
2024-07-30 22:00:00,0.67,2.8,4.5,7.4,22.0,39.0,,721.4,0.0,57.0,1.9,0.0,29.56,19.2,121.0,SURESTE
2024-07-30 23:00:00,0.56,1.9,5.1,7.1,21.0,46.0,19.87,710.7,0.0,59.0,2.7,0.001,27.61,11.1,83.0,CENTRO
2024-07-30 23:00:00,0.72,1.7,2.9,4.5,17.0,57.0,17.0,715.8,0.0,,2.6,0.0,26.96,10.4,167.0,NORTE
2024-07-30 23:00:00,0.69,2.5,4.9,7.4,20.0,46.0,,721.7,0.0,63.0,1.9,0.0,28.2,19.5,97.0,SURESTE
2024-07-31 00:00:00,0.55,1.8,5.6,7.6,19.0,49.0,20.97,710.9,0.0,62.0,2.7,0.001,26.79,9.6,73.0,CENTRO
2024-07-31 00:00:00,0.72,1.7,3.3,5.0,17.0,73.0,18.0,715.6,0.0,,2.5,0.0,26.78,8.2,138.0,NORTE
2024-07-31 00:00:00,0.65,2.2,4.2,6.4,19.0,45.0,,721.8,0.0,69.0,1.9,0.0,27.35,14.8,114.0,SURESTE
2024-07-31 01:00:00,0.55,3.2,8.0,11.4,15.0,59.0,23.65,711.0,0.0,68.0,2.7,0.001,26.06,8.8,39.0,CENTRO
2024-07-31 01:00:00,0.71,1.6,3.6,5.2,16.0,68.0,20.0,715.2,0.0,,2.5,0.0,25.99,9.9,115.0,NORTE
2024-07-31 01:00:00,0.65,2.0,3.6,5.6,17.0,47.0,,721.9,0.0,75.0,1.8,0.0,26.57,12.7,116.0,SURESTE
2024-07-31 02:00:00,0.55,10.5,17.4,28.1,4.0,64.0,28.21,710.8,0.0,74.0,2.7,0.001,25.34,3.8,341.0,CENTRO
2024-07-31 02:00:00,0.71,1.6,3.2,4.8,15.0,88.0,21.0,715.1,0.0,,2.7,0.0,25.55,7.9,121.0,NORTE
2024-07-31 02:00:00,0.66,2.0,3.1,5.0,17.0,52.0,,721.8,0.0,78.0,1.8,0.0,26.27,10.2,100.0,SURESTE
2024-07-31 03:00:00,0.6,1.9,6.5,8.6,14.0,73.0,27.87,710.6,0.0,75.0,2.5,0.001,25.17,7.3,64.0,CENTRO
2024-07-31 03:00:00,0.71,1.7,4.0,5.7,14.0,89.0,22.0,715.1,0.0,,2.6,0.0,25.26,7.0,117.0,NORTE
2024-07-31 03:00:00,0.65,,2.6,4.5,19.0,61.0,,721.6,0.0,80.0,1.9,0.0,25.62,11.5,108.0,SURESTE
2024-07-31 04:00:00,0.54,1.8,4.9,6.9,16.0,72.0,33.88,710.4,0.0,78.0,2.6,0.001,24.62,6.6,43.0,CENTRO
2024-07-31 04:00:00,0.74,2.1,5.7,7.8,11.0,92.0,23.0,715.5,0.0,,2.6,0.0,24.94,7.1,106.0,NORTE
2024-07-31 04:00:00,0.63,,2.4,4.3,18.0,71.0,,721.4,0.0,82.0,1.9,0.0,25.06,10.4,111.0,SURESTE
2024-07-31 05:00:00,0.54,3.1,7.7,11.0,13.0,78.0,34.58,710.5,0.0,78.0,2.6,0.001,24.34,5.3,42.0,CENTRO
2024-07-31 05:00:00,0.76,3.0,8.0,10.9,7.0,100.0,24.0,715.8,0.0,,2.7,0.0,24.64,5.9,107.0,NORTE
2024-07-31 05:00:00,0.65,,2.8,4.7,17.0,70.0,,721.5,0.0,82.0,1.9,0.0,24.85,8.6,105.0,SURESTE
2024-07-31 06:00:00,0.59,7.8,10.5,18.6,9.0,86.0,36.49,710.8,0.0,79.0,2.8,0.001,24.12,6.5,59.0,CENTRO
2024-07-31 06:00:00,0.79,5.2,8.9,14.0,6.0,110.0,27.0,716.2,0.0,,2.7,0.0,24.69,5.8,59.0,NORTE
2024-07-31 06:00:00,0.65,,4.5,6.5,15.0,82.0,,721.8,0.0,82.0,2.0,0.0,24.79,9.5,106.0,SURESTE
2024-07-31 07:00:00,0.59,8.8,13.3,22.4,7.0,94.0,36.83,711.1,0.0,79.0,2.6,0.013,24.0,5.5,64.0,CENTRO
2024-07-31 07:00:00,0.8,6.6,8.8,15.4,7.0,125.0,28.0,716.5,0.0,,2.8,0.0,25.0,5.2,64.0,NORTE
2024-07-31 07:00:00,0.71,3.4,8.9,12.3,10.0,91.0,,722.1,0.0,82.0,1.9,0.009,24.76,7.5,89.0,SURESTE
2024-07-31 08:00:00,0.73,24.0,16.0,40.2,5.0,93.0,44.36,711.4,0.0,78.0,2.8,0.064,24.32,5.1,20.0,CENTRO
2024-07-31 08:00:00,0.81,6.9,8.1,15.0,12.0,131.0,30.0,716.7,0.0,,2.6,0.0,26.79,3.5,66.0,NORTE
2024-07-31 08:00:00,0.79,7.3,12.8,20.1,6.0,90.0,,722.5,0.0,82.0,2.1,0.033,24.77,7.4,68.0,SURESTE
2024-07-31 09:00:00,1.03,16.8,17.1,34.2,6.0,112.0,47.14,711.8,0.0,77.0,2.7,0.11,24.57,6.6,9.0,CENTRO
2024-07-31 09:00:00,0.86,6.5,8.7,15.2,19.0,122.0,29.0,716.9,0.0,,2.5,0.0,28.37,3.6,149.0,NORTE
2024-07-31 09:00:00,0.87,11.1,14.3,25.3,7.0,111.0,,723.0,0.0,81.0,2.3,0.07,25.21,6.0,67.0,SURESTE
2024-07-31 10:00:00,0.99,25.2,18.4,43.8,9.0,122.0,53.69,712.0,0.0,74.0,2.8,0.347,25.4,7.7,50.0,CENTRO
2024-07-31 10:00:00,0.91,3.9,8.8,12.7,39.0,113.0,27.0,716.7,0.0,,2.8,0.0,31.56,3.3,152.0,NORTE
2024-07-31 10:00:00,0.89,11.9,15.0,26.8,10.0,117.0,,723.2,0.0,77.0,2.4,0.136,26.18,4.8,92.0,SURESTE
2024-07-31 11:00:00,0.96,25.7,23.6,49.5,13.0,136.0,53.29,712.1,0.0,66.0,2.8,0.603,27.05,7.3,53.0,CENTRO
2024-07-31 11:00:00,0.88,2.5,8.4,11.0,65.0,115.0,27.0,716.5,0.0,,2.9,0.0,32.07,6.5,116.0,NORTE
2024-07-31 11:00:00,1.02,11.8,17.9,29.7,14.0,118.0,,723.3,0.0,72.0,2.3,0.183,27.41,6.2,112.0,SURESTE
2024-07-31 12:00:00,1.01,14.3,25.6,40.1,29.0,126.0,53.06,712.0,0.0,61.0,2.7,0.954,28.4,8.2,65.0,CENTRO
2024-07-31 12:00:00,0.88,2.2,7.3,9.5,77.0,109.0,25.0,716.1,0.0,,3.0,0.0,32.73,7.6,143.0,NORTE
2024-07-31 12:00:00,0.93,6.8,16.7,23.5,28.0,127.0,,723.3,0.0,67.0,2.3,0.253,28.64,6.5,97.0,SURESTE
2024-07-31 13:00:00,0.84,5.2,18.8,24.3,55.0,114.0,47.22,711.9,0.0,57.0,2.7,1.058,29.46,8.8,57.0,CENTRO
2024-07-31 13:00:00,0.82,2.1,4.8,6.9,61.0,95.0,21.0,715.6,0.0,,3.0,0.0,33.87,10.2,138.0,NORTE
2024-07-31 13:00:00,0.85,3.4,8.8,12.2,46.0,117.0,,723.2,0.0,62.0,2.3,0.547,30.36,10.9,112.0,SURESTE
2024-07-31 14:00:00,0.77,2.5,11.4,14.1,74.0,105.0,40.32,711.5,0.0,54.0,2.6,0.861,30.52,8.3,86.0,CENTRO
2024-07-31 14:00:00,0.77,2.4,3.4,5.8,41.0,82.0,18.0,715.4,0.0,,2.9,0.0,33.92,13.6,137.0,NORTE
2024-07-31 14:00:00,0.82,2.8,6.5,9.3,49.0,98.0,,722.6,0.0,57.0,2.1,0.581,31.78,13.5,108.0,SURESTE
2024-07-31 15:00:00,0.65,2.4,7.2,9.8,57.0,91.0,,711.0,0.0,45.0,2.6,1.118,32.03,12.2,123.0,CENTRO
2024-07-31 15:00:00,0.75,2.4,3.4,5.7,38.0,74.0,20.0,715.1,0.0,,2.8,0.0,34.3,12.9,142.0,NORTE
2024-07-31 15:00:00,0.77,3.1,5.4,8.5,39.0,83.0,,722.1,0.0,49.0,2.4,0.495,32.6,17.8,109.0,SURESTE
2024-07-31 16:00:00,0.61,2.5,5.8,8.5,43.0,69.0,26.59,710.8,0.0,43.0,2.5,0.916,32.42,13.4,112.0,CENTRO
2024-07-31 16:00:00,0.74,2.5,3.1,5.6,32.0,93.0,21.0,714.9,0.0,,2.8,0.0,33.66,15.2,150.0,NORTE
2024-07-31 16:00:00,0.73,3.1,4.7,7.9,34.0,75.0,,722.1,0.0,45.0,2.2,0.431,33.14,16.0,116.0,SURESTE
2024-07-31 17:00:00,0.62,2.7,5.7,8.7,38.0,65.0,26.56,710.6,0.0,42.0,2.6,0.683,32.55,13.9,111.0,CENTRO
2024-07-31 17:00:00,0.75,2.6,4.0,6.7,26.0,98.0,22.0,715.2,0.0,,2.7,0.0,32.21,16.2,153.0,NORTE
2024-07-31 17:00:00,0.72,3.2,4.8,8.0,32.0,63.0,,721.8,0.0,45.0,2.2,0.322,33.37,16.4,121.0,SURESTE
2024-07-31 18:00:00,0.59,2.4,5.2,7.8,36.0,70.0,29.1,710.4,0.0,46.0,2.6,0.383,31.93,14.7,102.0,CENTRO
2024-07-31 18:00:00,0.76,2.3,4.9,7.2,22.0,113.0,20.0,715.5,0.0,,2.7,0.0,30.76,14.9,150.0,NORTE
2024-07-31 18:00:00,0.73,3.2,5.0,8.2,29.0,80.0,,721.6,0.0,49.0,2.3,0.194,32.64,16.7,132.0,SURESTE
2024-07-31 19:00:00,0.6,2.5,6.4,9.2,28.0,77.0,32.42,710.7,0.0,47.0,2.7,0.075,30.87,16.0,111.0,CENTRO
2024-07-31 19:00:00,0.77,2.0,4.9,6.9,20.0,87.0,21.0,715.9,0.0,,2.8,0.0,29.77,16.1,141.0,NORTE
2024-07-31 19:00:00,0.67,,4.3,7.5,26.0,88.0,,721.7,0.0,48.0,2.3,0.06,31.33,20.3,147.0,SURESTE
2024-07-31 20:00:00,0.57,2.3,6.7,9.2,23.0,89.0,31.45,710.8,0.0,49.0,2.7,0.01,29.39,16.3,131.0,CENTRO
2024-07-31 20:00:00,0.79,2.0,5.7,7.8,18.0,82.0,23.0,716.5,0.0,,2.8,0.0,28.95,13.9,149.0,NORTE
2024-07-31 20:00:00,0.66,2.9,4.5,7.4,24.0,94.0,,721.8,0.0,49.0,2.2,0.004,30.3,17.1,147.0,SURESTE
2024-07-31 21:00:00,0.59,1.9,6.0,8.2,23.0,90.0,31.75,711.2,0.0,50.0,2.7,0.001,28.62,15.9,127.0,CENTRO
2024-07-31 21:00:00,0.78,2.2,7.0,9.2,12.0,96.0,24.0,717.3,0.0,,2.6,0.0,27.59,12.2,130.0,NORTE
2024-07-31 21:00:00,0.65,2.7,3.9,6.6,24.0,83.0,,722.1,0.0,50.0,2.1,0.0,29.85,19.8,143.0,SURESTE
2024-07-31 22:00:00,0.57,1.9,5.9,8.0,22.0,85.0,33.73,711.7,0.0,50.0,2.7,0.001,28.0,11.5,118.0,CENTRO
2024-07-31 22:00:00,0.65,2.8,3.9,6.7,23.0,95.0,,722.5,0.0,52.0,2.0,0.0,29.29,21.4,129.0,SURESTE
2024-07-31 23:00:00,0.55,,4.8,6.9,22.0,85.0,34.73,712.3,0.0,54.0,2.7,0.001,27.15,10.5,128.0,CENTRO
2024-07-31 23:00:00,0.68,2.5,4.8,7.3,20.0,103.0,,723.2,0.0,60.0,2.0,0.0,27.94,20.9,108.0,SURESTE
2024-07-31 22:00:00,,,,,22.0,65.0,,712.7,0.0,,3.2,0.0,,16.9,158.0,NORTE
2024-07-31 23:00:00,,,,,18.0,71.0,,713.3,0.0,,4.3,0.0,,12.4,130.0,NORTE
2024-07-07 00:00:00,,,,,,,,,,,,,,,,SURESTE
2024-07-07 20:00:00,,,,,,,,,,,,,,,,SURESTE
2024-07-07 21:00:00,,,,,,,,,,,,,,,,SURESTE
2024-07-07 22:00:00,,,,,,,,,,,,,,,,SURESTE
2024-07-07 23:00:00,,,,,,,,,,,,,,,,SURESTE
